phase,sim_time,phase_time,x,y,z,yaw,tilt,speed,effort_fraction,joint_limit_excess,policy_vx,policy_vy,policy_wz,nonfoot_floor_contacts
stand,0.04000000000000003,0.04000000000000003,0.02280987190687263,0.0006068101236218508,-0.006991026041203081,0.00043671038311760083,0.03693897979639707,0.963244301934998,1.0,0.00798169772879783,0,0,0,0
stand,0.08000000000000006,0.08000000000000006,0.03062113129293985,0.0010170742686023257,-0.02926156889541476,-0.0055020951626949186,0.04916890055479914,0.6563534522721426,1.0,0.008874732460637299,0,0,0,0
stand,0.12000000000000009,0.12000000000000009,-0.0082729287138748,0.007440342070620972,-0.04851217094731419,-0.013733972468911141,0.017052533006949182,1.1904420931043962,1.0,0.008770252611926104,0,0,0,0
stand,0.16000000000000011,0.16000000000000011,-0.042646636998673194,0.008144928269319738,-0.044106140029238856,-0.012651763471734209,0.07298347381075146,0.6275878966274757,1.0,0.009101149176326177,0,0,0,0
stand,0.20000000000000015,0.20000000000000015,-0.06364144425199118,-0.0023972040381166977,-0.0398107640516867,-0.005541658479205578,0.10772597310430365,0.5212834456022886,1.0,0.009724624328090981,0,0,0,0
stand,0.24000000000000019,0.24000000000000019,-0.07966740540359353,-0.004899913574071971,-0.03801132527058341,0.0031648337645527927,0.13423483001918832,0.4256311183326232,1.0,0.009791410435065201,0,0,0,0
stand,0.2800000000000002,0.2800000000000002,-0.08920542104601384,0.0026479758641874255,-0.039041702485199996,0.007942826514455974,0.14885265013780008,0.09404054028868439,1.0,0.009714597460391125,0,0,0,0
stand,0.32000000000000023,0.32000000000000023,-0.08855715932177231,0.0024281041260680505,-0.03783892147250127,0.010134320796589035,0.14450754935582405,0.08793921813912829,1.0,0.009572262185703749,0,0,0,0
stand,0.36000000000000026,0.36000000000000026,-0.0916505305547295,0.0011052431583695413,-0.036619591478203206,0.0104133362149861,0.14615820829197618,0.2550602792259306,1.0,0.009555946097797962,0,0,0,0
stand,0.4000000000000003,0.4000000000000003,-0.09706822966362821,-0.01164312968632886,-0.03884511096712494,0.007268315620822309,0.15274863711816838,0.3375943062975608,1.0,0.009418634163074759,0,0,0,0
stand,0.44000000000000034,0.44000000000000034,-0.09812271174367006,-0.014059383052812516,-0.03815782112804707,0.012442495788011758,0.15143342068444296,0.11131725042071586,1.0,0.009531963526267917,0,0,0,0
stand,0.48000000000000037,0.48000000000000037,-0.09812548740721012,-0.011377199230452535,-0.03788011093048826,0.020130959967340472,0.14779133737194952,0.2207943934514849,1.0,0.009596833885746128,0,0,0,0
stand,0.5199999999999981,0.5199999999999981,-0.10780661706650345,-0.004561744312135653,-0.040065979390095624,0.023183700960127496,0.15972883186776485,0.46647392735409604,1.0,0.009542289279852208,0,0,0,0
stand,0.5599999999999937,0.5599999999999937,-0.10844615210724547,-0.010087477608687966,-0.03880274168280875,0.022523788326819685,0.15470145854324194,0.3417349354114699,1.0,0.00966015315093085,0,0,0,0
stand,0.5999999999999893,0.5999999999999893,-0.10703122127346563,-0.015591006722930898,-0.038667429633208114,0.022373821237471312,0.14639553519164422,0.31964495700170337,1.0,0.009662587332663392,0,0,0,0
stand,0.6399999999999849,0.6399999999999849,-0.10055445324840748,-0.02047432679783343,-0.04091716484761097,0.02359711483671051,0.13255054662682217,0.36947046040306103,1.0,0.009365729691432486,0,0,0,0
stand,0.6799999999999805,0.6799999999999805,-0.10384532951137875,-0.014209627909342092,-0.04028758289212324,0.02761751376210933,0.13343749196279056,0.30920568410990523,1.0,0.00936592938024874,0,0,0,0
stand,0.7199999999999761,0.7199999999999761,-0.10471195883681432,-0.007119431385781436,-0.041412049044001704,0.03111363367370129,0.13271813013393477,0.25284990012756897,1.0,0.009628946083899989,0,0,0,0
stand,0.7599999999999717,0.7599999999999717,-0.11237380744448168,-0.008277504608028726,-0.038887679556162895,0.03235393618193813,0.14287468488272098,0.3766167435742484,1.0,0.009647190719314335,0,0,0,0
stand,0.7999999999999673,0.7999999999999673,-0.1091081390619025,-0.012922346498436644,-0.038688758764164555,0.028040635996031328,0.1364499788755249,0.37598812594547765,1.0,0.009801983860781665,0,0,0,0
stand,0.8399999999999629,0.8399999999999629,-0.11260482265438032,-0.01905129085977844,-0.039965224014533056,0.02886630945948361,0.14285768450036543,0.5232824041411703,1.0,0.009821834997839564,0,0,0,0
stand,0.8799999999999585,0.8799999999999585,-0.11620542663591757,-0.019597540776113056,-0.03860922737194795,0.028065511379113433,0.14690989152873446,0.3754241971133865,1.0,0.00939951627186147,0,0,0,0
stand,0.9199999999999541,0.9199999999999541,-0.11223926563482858,-0.018925200825819066,-0.03857511532998693,0.02974303235162098,0.13717142044310535,0.12016356230782296,1.0,0.009425738661127678,0,0,0,0
stand,0.9599999999999497,0.9599999999999497,-0.11021819470834948,-0.010148308191315316,-0.04091630752884583,0.03975147328645537,0.13091081845452385,0.39763381698511135,1.0,0.009616684237367876,0,0,0,0
stand,0.9999999999999453,0.9999999999999453,-0.11699491689622771,-0.010575674096071741,-0.039522209074219945,0.04668537237058156,0.1402957707088934,0.34380973543669185,1.0,0.00962655175170569,0,0,0,0
stand,1.039999999999941,1.039999999999941,-0.11574426101003757,-0.015570308967888424,-0.03840917549538051,0.046380330700604475,0.13772662030147922,0.2961183898104497,1.0,0.009684683563582975,0,0,0,0
stand,1.0799999999999366,1.0799999999999366,-0.11816091001525089,-0.02366442577583265,-0.03964912488760821,0.04610583411390422,0.14367177945673568,0.4825685184431481,1.0,0.009707826138659371,0,0,0,0
stand,1.1199999999999322,1.1199999999999322,-0.12131742082527927,-0.02622270569818867,-0.03927753259616905,0.04558326254573766,0.14877521975937186,0.2989551607561987,1.0,0.009436583147208145,0,0,0,0
stand,1.1599999999999278,1.1599999999999278,-0.11770512135204016,-0.02407672913540478,-0.03969689108818261,0.051858915595607555,0.14100487695520167,0.1394724492808841,1.0,0.009473343772908139,0,0,0,0
stand,1.1999999999999234,1.1999999999999234,-0.11726550087359404,-0.01885894834779698,-0.04151942497805412,0.06463812108212036,0.13922359930073358,0.15060725467749647,1.0,0.009618456405510237,0,0,0,0
stand,1.239999999999919,1.239999999999919,-0.1182888426721597,-0.02729118647130865,-0.039587739500367716,0.06995883100932684,0.1398076255242192,0.20070787012188207,1.0,0.009612030049584611,0,0,0,0
stand,1.2799999999999145,1.2799999999999145,-0.11765502985342076,-0.034332550375223966,-0.03941391608306919,0.07514632561805898,0.13854259093152413,0.18058261564036293,1.0,0.009387249926923781,0,0,0,0
stand,1.3199999999999101,1.3199999999999101,-0.12069312253478442,-0.04012228884053567,-0.04017652199034892,0.08099219547796406,0.14349727005426766,0.12535619438664278,1.0,0.009376188946547641,0,0,0,0
stand,1.3599999999999057,1.3599999999999057,-0.12187271985448851,-0.03537113254908199,-0.04020757309477919,0.08778946914729062,0.14211860353991432,0.19866668742324867,1.0,0.009331157854130334,0,0,0,0
stand,1.3999999999999013,1.3999999999999013,-0.12037156111138532,-0.03503443724318144,-0.04071304763319272,0.09146497501937477,0.1374971601063022,0.08873505304249571,1.0,0.009356434035476454,0,0,0,0
stand,1.439999999999897,1.439999999999897,-0.12024297116684692,-0.039786465805808795,-0.04038321500864678,0.09319801200722952,0.13669131886002686,0.12760362714044937,1.0,0.009388210757150666,0,0,0,0
stand,1.4799999999998925,1.4799999999998925,-0.11936222513179229,-0.043673508980292604,-0.04074225883995366,0.09513288163365204,0.13536921498369947,0.049628025055627245,1.0,0.009429819147199937,0,0,0,0
stand,1.519999999999888,1.519999999999888,-0.1192575831189307,-0.0407903392858508,-0.04065630150789516,0.0996782279421058,0.13403794677292835,0.13648749640991467,1.0,0.009417216035957559,0,0,0,0
stand,1.5599999999998837,1.5599999999998837,-0.11937070057970187,-0.03777411656460696,-0.04060270154060337,0.10214332111355252,0.13368012974714907,0.0553932895176661,1.0,0.009315534253802209,0,0,0,0
stand,1.5999999999998793,1.5999999999998793,-0.11922132185567387,-0.03618342782018801,-0.040644268417388545,0.10369917369164589,0.13370162951742445,0.029971117717363237,1.0,0.009313842939091464,0,0,0,0
stand,1.639999999999875,1.639999999999875,-0.11930394129038677,-0.03567088080521621,-0.04060940677928497,0.10451479223509111,0.13447670408009935,0.006228808977262723,1.0,0.00929937150656645,0,0,0,0
stand,1.6799999999998705,1.6799999999998705,-0.11932374268366434,-0.03539911446974703,-0.04053275701885829,0.10491796192526448,0.13506402073901438,0.007035501866187096,1.0,0.009275664194625116,0,0,0,0
stand,1.719999999999866,1.719999999999866,-0.11911265419685411,-0.03494897216148061,-0.04044539178768566,0.10558356125551563,0.1350123734351375,0.014325576317450626,1.0,0.009252829021395702,0,0,0,0
stand,1.7599999999998617,1.7599999999998617,-0.1189666581831056,-0.034229196291349004,-0.04038372381832662,0.10643215588729377,0.13476868700050182,0.018509857545458426,1.0,0.009252854269667756,0,0,0,0
stand,1.7999999999998573,1.7999999999998573,-0.11885568882100937,-0.03388602900598122,-0.04039746218638432,0.10693351023937511,0.13448739846215152,0.006099419715852241,1.0,0.009249139760970033,0,0,0,0
stand,1.8399999999998529,1.8399999999998529,-0.1187288721427736,-0.03382321085798307,-0.04043286350397824,0.10719169202836919,0.13407677730742334,0.002996357236231461,1.0,0.009240170374176668,0,0,0,0
stand,1.8799999999998485,1.8799999999998485,-0.11857711965386637,-0.034255323756910386,-0.04049845504588817,0.10735637717882639,0.133600811535375,0.014898019126169837,1.0,0.00924242535375317,0,0,0,0
stand,1.919999999999844,1.919999999999844,-0.1183858189543086,-0.034957047732495014,-0.040537491500253875,0.10739504821691012,0.13302731673389254,0.017619682547036806,1.0,0.009244802583619708,0,0,0,0
stand,1.9599999999998396,1.9599999999998396,-0.1181158085904024,-0.035377710259285676,-0.040555009998791566,0.10745816754618813,0.13225961791264715,0.010343060599828525,1.0,0.009256661768698358,0,0,0,0
stand,1.9999999999998352,1.9999999999998352,-0.11794396037147442,-0.035522682327449526,-0.040565796918680994,0.10769254394513457,0.13168692530231726,0.0038455254894438897,1.0,0.009263753010336549,0,0,0,0
stand,2.0399999999998486,2.0399999999998486,-0.11796032297272621,-0.03553670211466497,-0.04053326412623309,0.10797826396748281,0.13154559404099098,0.002227849071000688,1.0,0.009264793316585286,0,0,0,0
stand,2.079999999999862,2.079999999999862,-0.11791899712689677,-0.035392220826193345,-0.040487537643442685,0.10827210780782921,0.13136927162763604,0.005098449234946753,1.0,0.00926819614550664,0,0,0,0
stand,2.1199999999998753,2.1199999999998753,-0.11786480444648903,-0.035240920632090854,-0.04048129239530947,0.10853447747619682,0.13120150110472345,0.0031457693140342765,1.0,0.00926819432524563,0,0,0,0
stand,2.1599999999998887,2.1599999999998887,-0.11783292237607598,-0.03522424637093864,-0.04049054081296687,0.10878126365994373,0.1311124185099019,0.0014387218200412957,1.0,0.009264593528775952,0,0,0,0
stand,2.199999999999902,2.199999999999902,-0.11782057916599488,-0.03533309803706548,-0.040512236871051925,0.1090012867386921,0.13104200093425736,0.003946701879888751,1.0,0.009262247711351201,0,0,0,0
stand,2.2399999999999154,2.2399999999999154,-0.1177262875856766,-0.0357396505590318,-0.04054246382054861,0.10898551875650613,0.13088237748331602,0.01171244220932861,1.0,0.009258236015001633,0,0,0,0
stand,2.2799999999999288,2.2799999999999288,-0.11757636125668844,-0.036050179182577705,-0.04054638758946015,0.10902954693785251,0.13060155892197298,0.006521262901575176,1.0,0.009261010445727837,0,0,0,0
stand,2.319999999999942,2.319999999999942,-0.11746466240808073,-0.03616246748789627,-0.040537980489294426,0.10922114131595358,0.1303704695631865,0.0030542775948018282,1.0,0.009264122338247945,0,0,0,0
stand,2.3599999999999555,2.3599999999999555,-0.11749100484528764,-0.03616605725650379,-0.04049858645559091,0.10942357834100405,0.13040608511576857,0.0021205673767705586,1.0,0.009264146377960419,0,0,0,0
stand,2.399999999999969,2.399999999999969,-0.117461241348302,-0.0358670639798965,-0.040432091080372906,0.10973912353476195,0.13029904136149456,0.009489595997769476,1.0,0.009268551463435618,0,0,0,0
stand,2.439999999999982,2.439999999999982,-0.11744131574378545,-0.03550291664983965,-0.04041699462030853,0.11006591458047904,0.13017182621509346,0.007870984144151496,1.0,0.009268592432342099,0,0,0,0
stand,2.4799999999999955,2.4799999999999955,-0.11739123630387616,-0.0353861561196656,-0.04043057400229457,0.11029619470817077,0.13003954529036474,0.002056526328573812,1.0,0.00926342516264209,0,0,0,0
stand,2.520000000000009,2.520000000000009,-0.11739629031473967,-0.03541990373859669,-0.040452352187107875,0.11051946711121746,0.12997718246846454,0.0019627244261053367,1.0,0.009261214436334061,0,0,0,0
stand,2.5600000000000223,2.5600000000000223,-0.11733423205046291,-0.035773426170367335,-0.04049648290188334,0.11051865281845297,0.12984627785881173,0.011092085493909018,1.0,0.009257755364973827,0,0,0,0
stand,2.6000000000000356,2.6000000000000356,-0.11721245787991695,-0.03613037202250996,-0.040509070980317426,0.1104931634972132,0.1295970494386758,0.007569904032161199,1.0,0.009258840624096978,0,0,0,0
stand,2.640000000000049,2.640000000000049,-0.11708811544247083,-0.03626799463030879,-0.04050587098651869,0.11065141302048215,0.12932299824160892,0.003857276503931575,1.0,0.009265794631617714,0,0,0,0
stand,2.6800000000000623,2.6800000000000623,-0.11708730880363888,-0.0362899465579348,-0.0404804512487347,0.11081992964735657,0.1293000411793112,0.0011192851424605983,1.0,0.009265877394940796,0,0,0,0
stand,2.7200000000000757,2.7200000000000757,-0.11706599901703087,-0.0360350696616711,-0.04041485675168148,0.11110254306423918,0.12922107021059748,0.00807259313276812,1.0,0.009269778539724681,0,0,0,0
stand,2.760000000000089,2.760000000000089,-0.11708079097128946,-0.03563105744955526,-0.04039083857474459,0.11142417763406093,0.12915337058786253,0.00955459356216274,1.0,0.009269817476152407,0,0,0,0
stand,2.8000000000001024,2.8000000000001024,-0.11704758307874068,-0.03548515304089955,-0.04040451616228534,0.11165176807548352,0.12906202863583194,0.0017921011739015916,1.0,0.009265662526549206,0,0,0,0
stand,2.8400000000001158,2.8400000000001158,-0.11705372957047823,-0.03549901047772712,-0.04042328763330625,0.11186232263791375,0.12902793234245521,0.0015451597182380508,1.0,0.009262790928873737,0,0,0,0
stand,2.880000000000129,2.880000000000129,-0.11702296889802682,-0.035824405543951485,-0.04047190220767327,0.11187396647448902,0.12897210166835874,0.010274528746227918,1.0,0.00925965185915854,0,0,0,0
stand,2.9200000000001425,2.9200000000001425,-0.1169223448543896,-0.036250815301604,-0.04049195268230449,0.11179337739063745,0.12880804694673084,0.00981981723659856,1.0,0.00925802135934151,0,0,0,0
stand,2.960000000000156,2.960000000000156,-0.11679591896633645,-0.03643227197776097,-0.04048873307439174,0.11191302584608681,0.128564521362125,0.004363809179564084,1.0,0.009266770085501962,0,0,0,0
stand,3.000000000000169,3.000000000000169,-0.11677135903953814,-0.036473335349448806,-0.040469417762155756,0.11205556469724376,0.12851624241978543,0.0005105482335314313,1.0,0.009266906125925378,0,0,0,0
stand,3.0400000000001826,3.0400000000001826,-0.11676469332337731,-0.03628240290574395,-0.04040600775808897,0.11230819013857801,0.12848637633714563,0.006240122433918702,1.0,0.00926930170808345,0,0,0,0
stand,3.080000000000196,3.080000000000196,-0.11681239900509433,-0.035849907088858025,-0.04037154478819413,0.11264413596017477,0.1284687843710943,0.01137301253286947,1.0,0.009269338833766067,0,0,0,0
stand,3.1200000000002093,3.1200000000002093,-0.11680461157893207,-0.035663500787068814,-0.040384746691725884,0.11287410090618225,0.12841166041167543,0.002006758048927015,1.0,0.009267162936233867,0,0,0,0
stand,3.1600000000002226,3.1600000000002226,-0.11679917597561154,-0.03565353239470565,-0.04040322702060994,0.11306795583604366,0.1283617567886875,0.0009231357276717514,1.0,0.009263054012762808,0,0,0,0
stand,3.200000000000236,3.200000000000236,-0.11680049160379274,-0.0358884259010485,-0.04044755814515525,0.11315395821819534,0.12834100674151558,0.007553956322466732,1.0,0.009260776311317415,0,0,0,0
stand,3.2400000000002493,3.2400000000002493,-0.11673123198690542,-0.03634222273819297,-0.040476901873510475,0.11308379422597195,0.1282484012967719,0.011683749207926794,1.0,0.009257309624190167,0,0,0,0
stand,3.2800000000002627,3.2800000000002627,-0.1165898846012974,-0.03657035144521198,-0.04047634220714466,0.11315472146665649,0.1279995921089202,0.005179199271087304,1.0,0.009266695078861457,0,0,0,0
stand,3.320000000000276,3.320000000000276,-0.11654924985755577,-0.03662737498348246,-0.04046050426549919,0.11328443025674578,0.1279266821750624,0.00021496952394721116,1.0,0.009266892571276823,0,0,0,0
stand,3.3600000000002894,3.3600000000002894,-0.11655087422198,-0.03651780313705869,-0.04040272126267277,0.11345653385003013,0.12794202014639597,0.003929952141061549,1.0,0.009267534378687676,0,0,0,0
stand,3.400000000000303,3.400000000000303,-0.11661370498430042,-0.036080280200229305,-0.040356107817844884,0.11377676602942366,0.12795923477924895,0.012568704234141699,1.0,0.009269373735589745,0,0,0,0
stand,3.440000000000316,3.440000000000316,-0.11665171619276075,-0.035848826629799796,-0.0403641800679352,0.11402042551801951,0.12797955935838287,0.0030195421294894427,1.0,0.009269378280550909,0,0,0,0
stand,3.4800000000003295,3.4800000000003295,-0.11665524514308188,-0.03581456001538085,-0.04037983228684397,0.11420931836947419,0.12796066547277085,0.0005570170675046223,1.0,0.009263351046269262,0,0,0,0
stand,3.520000000000343,3.520000000000343,-0.1167049194970714,-0.035951278619464566,-0.040415518588321916,0.11438069136056409,0.12799325575948015,0.004995344930745017,1.0,0.009262016091261488,0,0,0,0
stand,3.560000000000356,3.560000000000356,-0.11664702922004734,-0.03639739994596976,-0.04046110954942938,0.11433696083727783,0.12790791552953149,0.01273369756554702,1.0,0.009258121289812963,0,0,0,0
stand,3.6000000000003696,3.6000000000003696,-0.11650846781684271,-0.03669684807737598,-0.040465654397542974,0.1143586869952459,0.12766685157130006,0.0057956523058619105,1.0,0.0092645815705552,0,0,0,0
stand,3.640000000000383,3.640000000000383,-0.11644514886882527,-0.03678342639458316,-0.04045391268947013,0.11448313724919777,0.12754756287253635,0.001394540069996595,1.0,0.00926597140296924,0,0,0,0
stand,3.6800000000003963,3.6800000000003963,-0.1164707670628778,-0.03673282575280769,-0.04040398879172013,0.11461302312076818,0.12762034136992742,0.002790818650050976,1.0,0.009266437524409223,0,0,0,0
stand,3.7200000000004096,3.7200000000004096,-0.11651379266218811,-0.03631662412772542,-0.04034545312584442,0.11491516512568356,0.12763560557270048,0.012498958706626893,1.0,0.009271595175986335,0,0,0,0
stand,3.760000000000423,3.760000000000423,-0.11656970320610206,-0.03601214014911874,-0.04034220900339828,0.11520031475294769,0.12769142267279088,0.005176105781459674,1.0,0.009271627484239965,0,0,0,0
stand,3.8000000000004364,3.8000000000004364,-0.11656599087097884,-0.03594260476434767,-0.040355565745394194,0.11539819523796255,0.1276833427096163,0.0009698362527407068,1.0,0.009264529726107189,0,0,0,0
stand,3.8400000000004497,3.8400000000004497,-0.11660827564856667,-0.03602152343764457,-0.04038583400741385,0.11559902708712338,0.1277093705681802,0.0034390420988307437,1.0,0.009262944862013019,0,0,0,0
stand,3.880000000000463,3.880000000000463,-0.1165685484467695,-0.03643865503072533,-0.04044073421522111,0.11554541332532758,0.12766170205935998,0.01235240790212385,1.0,0.009258691669778489,0,0,0,0
stand,3.9200000000004764,3.9200000000004764,-0.11645552734061375,-0.0368110748879435,-0.04045069889799271,0.11550044727764468,0.12748971594992992,0.007516898821527159,1.0,0.009262237529282277,0,0,0,0
stand,3.96000000000049,3.96000000000049,-0.11637401201087623,-0.03693423142367072,-0.0404414057680226,0.11561438992254525,0.12734813273877327,0.0023915928588834267,1.0,0.009266774640204535,0,0,0,0
stand,4.000000000000503,4.000000000000503,-0.11639674680910832,-0.03692125521612065,-0.04040348156558687,0.11573752586255356,0.1274233467203899,0.002181659003775633,1.0,0.009266854253881634,0,0,0,0
stand,4.0400000000004805,4.0400000000004805,-0.11642631879406161,-0.03654308935615572,-0.040336861092741524,0.11603162389412087,0.12743116759734682,0.011661363360495737,1.0,0.009271738414434297,0,0,0,0
stand,4.080000000000458,4.080000000000458,-0.11649091737992143,-0.03615927946039628,-0.04032367349632645,0.11636564826010724,0.1274757493207119,0.00780591114393749,1.0,0.009271776646438554,0,0,0,0
stand,4.120000000000436,4.120000000000436,-0.11648577354171917,-0.036048733596289004,-0.0403376996770698,0.11657858742811793,0.12745438387684244,0.0011067399910148466,1.0,0.009265726401408153,0,0,0,0
stand,4.160000000000414,4.160000000000414,-0.11651770410936144,-0.03609487439439665,-0.0403647441041461,0.11676549561280554,0.12746315661431631,0.002490483605257212,1.0,0.009262479363590835,0,0,0,0
stand,4.200000000000392,4.200000000000392,-0.11649769504814066,-0.036483300100347844,-0.04042340806011032,0.1167022364904306,0.12745024932797416,0.011806258700656793,1.0,0.009258886439749136,0,0,0,0
stand,4.24000000000037,4.24000000000037,-0.11639358639652916,-0.03690979988784596,-0.04043890773379646,0.11659491321463304,0.1273187461193671,0.00930818375320436,1.0,0.009260828530496602,0,0,0,0
stand,4.2800000000003475,4.2800000000003475,-0.11630227609706113,-0.037062860766581524,-0.040430454629556044,0.11668258675963725,0.12717665882810555,0.002824276799215579,1.0,0.009267411523650473,0,0,0,0
stand,4.320000000000325,4.320000000000325,-0.11631985259660564,-0.03707513523062184,-0.0403990480262357,0.11679750834374802,0.12725329027768095,0.0016583699418980123,1.0,0.009267512634622567,0,0,0,0
stand,4.360000000000303,4.360000000000303,-0.11634536274099329,-0.03673755511298717,-0.040329716666881614,0.11708404132797068,0.12726890459372983,0.010580967021086608,1.0,0.009271544777211059,0,0,0,0
stand,4.400000000000281,4.400000000000281,-0.11642203692216063,-0.03630837576059244,-0.04030981778057191,0.11742611043620221,0.1273142734649223,0.009624360562885775,1.0,0.009271582342492698,0,0,0,0
stand,4.440000000000259,4.440000000000259,-0.1164255937656074,-0.036167149856928316,-0.040324271357495105,0.11762876190501385,0.12729147270186283,0.0012862524354370426,1.0,0.009265767583010388,0,0,0,0
stand,4.480000000000237,4.480000000000237,-0.11644772318309582,-0.036188685450128225,-0.04034876958606937,0.11779758476796194,0.12727929094989823,0.0017187085158272334,1.0,0.009261955482042238,0,0,0,0
stand,4.5200000000002145,4.5200000000002145,-0.11644351992017152,-0.03654593195210618,-0.04040794776424989,0.11774489818191265,0.12728781972313816,0.01106169620232615,1.0,0.009259337539458783,0,0,0,0
stand,4.560000000000192,4.560000000000192,-0.11634949113272762,-0.03700335324574274,-0.040427429790505724,0.11761437353602865,0.1271869457572038,0.010460134222827088,1.0,0.009259938761084135,0,0,0,0
stand,4.60000000000017,4.60000000000017,-0.11625395625240016,-0.03717885330536595,-0.040419138075003504,0.11768040873748686,0.1270466184229162,0.003092495543616639,1.0,0.009267412622894615,0,0,0,0
stand,4.640000000000148,4.640000000000148,-0.11626131135179259,-0.03720474932228853,-0.04039190112475369,0.11778118761585867,0.12710667938614928,0.001181077117895169,1.0,0.009267524691787155,0,0,0,0
stand,4.680000000000126,4.680000000000126,-0.11628237959875795,-0.036904076073228764,-0.040323319682695515,0.11805654127839432,0.12712269978829138,0.009562932790479556,1.0,0.009271271100879795,0,0,0,0
stand,4.720000000000104,4.720000000000104,-0.11636740892758211,-0.036449181828295554,-0.04029834667479441,0.11839797880681933,0.12716891309556325,0.010892224918942876,1.0,0.009271307604430575,0,0,0,0
stand,4.7600000000000815,4.7600000000000815,-0.1163809982271389,-0.03628345554453481,-0.04031288720661719,0.11858810305674267,0.12715193776044664,0.0015332590010503039,1.0,0.00926589125889557,0,0,0,0
stand,4.800000000000059,4.800000000000059,-0.11639467216713928,-0.03628584133770488,-0.040335259366325225,0.11873959053546397,0.1271260642715548,0.001228921786420663,1.0,0.0092617080481915,0,0,0,0
stand,4.840000000000037,4.840000000000037,-0.11640308988642789,-0.03660740422390061,-0.04039347402153073,0.11870305882575397,0.12715132152611805,0.010114869924103749,1.0,0.009259824814550318,0,0,0,0
stand,4.880000000000015,4.880000000000015,-0.11631963227670802,-0.0370843835294197,-0.040416706602855325,0.11856668605833254,0.1270812974188379,0.011392875802613868,1.0,0.009259347640247695,0,0,0,0
stand,4.919999999999993,4.919999999999993,-0.11622173881722513,-0.03727973771488651,-0.040408320442981455,0.11861593211596842,0.12694740352233863,0.0033308660319047606,1.0,0.009267209505752834,0,0,0,0
stand,4.959999999999971,4.959999999999971,-0.11621588784067602,-0.037313793851382886,-0.04038435691989665,0.11870061384862056,0.12698441406409344,0.0007614675898652448,1.0,0.009267334564445402,0,0,0,0
stand,4.9999999999999485,4.9999999999999485,-0.11623139645791995,-0.037052595909348236,-0.04031872623834184,0.11893916578887122,0.1269997261421635,0.008437498511592157,1.0,0.009270308088397553,0,0,0,0
perturb,5.039999999999926,0.03999999999997783,-0.1163207068418163,-0.036585598337660376,-0.04028892528116948,0.11926859510868146,0.12704569119721962,0.011793412941679494,1.0,0.009270342505197383,0,0,0,0
perturb,5.079999999999904,0.07999999999995566,-0.11634475706487636,-0.036398695529480815,-0.04030320591038835,0.11945304695701556,0.12703757091807305,0.0018470875859288806,1.0,0.009266356263256963,0,0,0,0
perturb,5.119999999999882,0.1199999999999335,-0.11634743682272257,-0.03638612876066535,-0.040324950373067256,0.11958997722935112,0.12699289358263455,0.0008662795072789175,1.0,0.009261668581874808,0,0,0,0
perturb,5.15999999999986,0.15999999999991132,-0.11636911120085829,-0.036655882201245146,-0.04037916735742333,0.11958676032614142,0.12702665862164292,0.008666840848104774,1.0,0.009260268097566028,0,0,0,0
perturb,5.199999999999838,0.19999999999988916,-0.1163016776090374,-0.03714164066062891,-0.04040696372541937,0.11945621788937218,0.12698953850162797,0.01228045595425888,1.0,0.009258637827981286,0,0,0,0
perturb,5.2399999999998155,0.239999999999867,-0.11619650223006944,-0.037360274838209466,-0.04039935647768218,0.11948597795392206,0.1268519517037119,0.0039008128583613777,1.0,0.009266992370057448,0,0,0,0
perturb,5.279999999999793,0.2799999999998448,-0.11618261999032024,-0.03740297242513895,-0.04037763112934301,0.1195557852984575,0.12687396661031777,0.0006520751665661447,1.0,0.009267144444219505,0,0,0,0
perturb,5.319999999999771,0.31999999999982265,-0.11619037513572246,-0.03720167443214559,-0.040316998695881234,0.11973717605105372,0.12689788818389852,0.006669735397330823,1.0,0.0092690954534185,0,0,0,0
perturb,5.359999999999749,0.3599999999998005,-0.11627744185417967,-0.036732946002226964,-0.04028013816049675,0.12004498526703367,0.1269427126986233,0.012654692324721736,1.0,0.009269124095692836,0,0,0,0
perturb,5.399999999999727,0.3999999999997783,-0.11631957401759054,-0.03651940238094051,-0.04029272494626197,0.12023261445756132,0.1269597852403723,0.00243463021663975,1.0,0.009267201026257868,0,0,0,0
perturb,5.439999999999705,0.43999999999975614,-0.11632197970163509,-0.03649224702812532,-0.04031312548270561,0.12036386262994382,0.12691741507627607,0.0006177651551725594,1.0,0.009261628899017918,0,0,0,0
perturb,5.4799999999996825,0.479999999999734,-0.1163548916349085,-0.036685927770526615,-0.04036205818654177,0.12042531087425952,0.1269458905161584,0.006453864931449367,1.0,0.009260688107426812,0,0,0,0
perturb,5.51999999999966,0.5199999999997118,-0.11630298953516466,-0.0371675349288278,-0.040398249120800415,0.12031089541524286,0.12692964842256582,0.013094988813491092,1.0,0.009257791016311044,0,0,0,0
perturb,5.559999999999638,0.5599999999996896,-0.11617646994827255,-0.03742126924855646,-0.04039368732657397,0.12030803285601747,0.12676076353716556,0.004910131189482148,1.0,0.009266422260493764,0,0,0,0
perturb,5.599999999999616,0.5999999999996675,-0.11615330891600657,-0.03747793151781895,-0.04037455545990392,0.1203618430008459,0.12675971929852908,0.0004904991835972415,1.0,0.009266609163310496,0,0,0,0
perturb,5.639999999999594,0.6399999999996453,-0.11615031443548182,-0.0373605621730852,-0.0403194316255798,0.12045490745465322,0.1267957601363785,0.004143841877487711,1.0,0.009267319349208386,0,0,0,0
perturb,5.679999999999572,0.6799999999996231,-0.11623201309982863,-0.036893843180399614,-0.04027164855895089,0.12073099086143795,0.1268399311492422,0.01355974751566813,1.0,0.009268720116334422,0,0,0,0
perturb,5.7199999999995494,0.719999999999601,-0.11630963506255652,-0.0366373218454738,-0.04027957094296463,0.12093969013243908,0.1269133964292375,0.0036663528790484125,1.0,0.009268724811127576,0,0,0,0
perturb,5.759999999999527,0.7599999999995788,-0.11632262900953634,-0.03659152724950398,-0.04029730374931712,0.12107386981839639,0.1269004659630294,0.00036672735310301115,1.0,0.00926199575257554,0,0,0,0
perturb,5.799999999999505,0.7999999999995566,-0.11638127328561514,-0.036707614332498785,-0.04033819005134144,0.12119758733405385,0.12694456956835595,0.0043485915279136925,1.0,0.009261376930295178,0,0,0,0
perturb,5.839999999999483,0.8399999999995345,-0.11633587721737722,-0.03717184525939622,-0.040387374017126894,0.12109983310531597,0.12691704516848287,0.013471219732517293,1.0,0.009258217631515676,0,0,0,0
perturb,5.879999999999461,0.8799999999995123,-0.11620975668535684,-0.03748388255613053,-0.04038782962399691,0.12105470036175074,0.12674380503240604,0.005767149818481436,1.0,0.009264465042493886,0,0,0,0
perturb,5.919999999999439,0.9199999999994901,-0.11616671848983387,-0.037567478195947114,-0.04037251745792175,0.12110624416519393,0.12669567263691117,0.0008231003281398483,1.0,0.009265209068603793,0,0,0,0
perturb,5.959999999999416,0.959999999999468,-0.11617094348092841,-0.03750693426173146,-0.04032426861512846,0.12115794903986811,0.12675977073721606,0.002589075661592341,1.0,0.009266117333589277,0,0,0,0
perturb,5.999999999999394,0.9999999999994458,-0.11622861369446665,-0.037057156766986704,-0.04026600552523917,0.12141137600292115,0.12678983028157742,0.013559655035916806,1.0,0.009270522082193646,0,0,0,0
perturb,6.039999999999372,1.0399999999994236,-0.11636725226343242,-0.03663819085594526,-0.04024721412266499,0.12189010129187838,0.1270650589953264,0.0116698456312551,1.0,0.009272276985859581,0,0,0,0
perturb,6.07999999999935,1.0799999999994014,-0.1165226021079831,-0.035910628262587445,-0.040195343269613014,0.12251265140598899,0.1274320640126076,0.021621433221164173,1.0,0.009273388942617028,0,0,0,0
perturb,6.119999999999328,1.1199999999993793,-0.1166706611389343,-0.03490633574187322,-0.040123208202958005,0.12310940065530837,0.12777505507434225,0.02633424056445209,1.0,0.009272592062682185,0,0,0,0
perturb,6.159999999999306,1.159999999999357,-0.11680956331599072,-0.033654520242155386,-0.04005392279068425,0.1237699851507725,0.12802696859767074,0.03205601270999871,1.0,0.009266965957592525,0,0,0,0
perturb,6.199999999999283,1.199999999999335,-0.11693134432475194,-0.03242687308172554,-0.04001026506804656,0.12451799396380844,0.12821665852703915,0.02854481684209363,1.0,0.00926531206442476,0,0,0,0
perturb,6.239999999999261,1.2399999999993128,-0.11694080456192822,-0.03155740663716286,-0.0400052398724616,0.1250193802467516,0.1281312299218898,0.01508497818994217,1.0,0.00926221289905819,0,0,0,0
perturb,6.279999999999239,1.2799999999992906,-0.11688158668821123,-0.03142946257366693,-0.040045032724170586,0.12520405752554734,0.12785315830974628,0.004868323407155476,1.0,0.009248682558637217,0,0,0,0
perturb,6.319999999999217,1.3199999999992684,-0.11678900758159692,-0.03228098471835907,-0.04018051355264312,0.12500825490177375,0.12756697627672,0.02866888037123956,1.0,0.00924223398475434,0,0,0,0
perturb,6.359999999999195,1.3599999999992463,-0.1165677050879669,-0.03403200075491665,-0.04030156304721043,0.12443998095046468,0.12721200257682494,0.048006218413556935,1.0,0.009239950486127248,0,0,0,0
perturb,6.399999999999173,1.399999999999224,-0.1162617433510717,-0.035752206184038515,-0.04034598306231475,0.1238480244999777,0.1267071181012685,0.03910539654994267,1.0,0.00925390519035715,0,0,0,0
perturb,6.43999999999915,1.439999999999202,-0.11601635759062094,-0.03688162462705683,-0.040359745320453465,0.1234564041841296,0.12621084985300324,0.022726592882137204,1.0,0.009266395976952045,0,0,0,0
perturb,6.479999999999128,1.4799999999991797,-0.11586968678545627,-0.037467567562229145,-0.04036716328840951,0.12323544242633507,0.12587752312107361,0.010898187959552498,1.0,0.009273590972241945,0,0,0,0
perturb,6.519999999999106,1.5199999999991576,-0.11582588748336689,-0.03771209845724933,-0.04036859590548501,0.12318723496973759,0.12580497884543806,0.003828725113227012,1.0,0.00927670342924941,0,0,0,0
perturb,6.559999999999084,1.5599999999991354,-0.11585338912772457,-0.037811479406454226,-0.04035420103253488,0.12320357710752633,0.12597013559296005,0.0019529749477462457,1.0,0.009276718168926374,0,0,0,0
perturb,6.599999999999062,1.5999999999991132,-0.11591210214992859,-0.03779357263355264,-0.040320460313408475,0.12322596314050681,0.12624375112759142,0.002220816763404415,1.0,0.009273778152179524,0,0,0,0
perturb,6.63999999999904,1.639999999999091,-0.11601108794018555,-0.03756052627218058,-0.040279220183161914,0.12331756875682781,0.12651920339346728,0.007475240339804613,1.0,0.00927038256095689,0,0,0,0
perturb,6.679999999999017,1.679999999999069,-0.11612142021598663,-0.03736863062068096,-0.04027288681284974,0.12343565537449376,0.12677965282068035,0.00429573166701717,1.0,0.009268415096986872,0,0,0,0
perturb,6.719999999998995,1.7199999999990467,-0.11615182044636724,-0.037309158062676304,-0.04027981714383223,0.12353038949706531,0.1268720560505169,0.000413363052735382,1.0,0.00926308066210946,0,0,0,0
perturb,6.759999999998973,1.7599999999990246,-0.11617629995045324,-0.03733281038376787,-0.04029923774629323,0.12361494638641062,0.12687914764163383,0.001240779968432895,1.0,0.009260671346257257,0,0,0,0
perturb,6.799999999998951,1.7999999999990024,-0.11619211169976083,-0.03755907518927064,-0.040338640833199976,0.12358944406364133,0.12689186148711792,0.006755117949075585,1.0,0.00925747908295743,0,0,0,0
perturb,6.839999999998929,1.8399999999989802,-0.11613558309729513,-0.03778412689886535,-0.04034648038270167,0.12357825879849452,0.126798109685144,0.004770261341832375,1.0,0.009260706417307835,0,0,0,0
perturb,6.8799999999989065,1.879999999998958,-0.11609358231342698,-0.03784192197599104,-0.040335891138800636,0.12358109144947507,0.12671912589037757,0.0009250707323017189,1.0,0.009262358053617253,0,0,0,0
perturb,6.919999999998884,1.919999999998936,-0.11609736247392458,-0.03776463434526585,-0.04029650470827321,0.12358697050149187,0.12674508526536474,0.0032125187917448074,1.0,0.009264168243951834,0,0,0,0
perturb,6.959999999998862,1.9599999999989137,-0.11615800018057512,-0.03727980238697322,-0.04023653083658491,0.12380040110327684,0.1267323010963732,0.014487288884172552,1.0,0.009268743557129654,0,0,0,0
perturb,6.99999999999884,1.9999999999988916,-0.11625781512077685,-0.03687366654650679,-0.04023146291151763,0.12404677814666186,0.12677738677233352,0.007706855806698771,1.0,0.009268765382022967,0,0,0,0
perturb,7.039999999998818,2.0399999999988694,-0.11627771770332662,-0.03675440051050325,-0.04024787299926646,0.12416822471930607,0.1267461511475615,0.0010966688101156914,1.0,0.009263258922944731,0,0,0,0
perturb,7.079999999998796,2.079999999998847,-0.11629207014886338,-0.036769181672617716,-0.04027516558122627,0.12425677322089933,0.12668975963969628,0.0013886019355573488,1.0,0.009260272751593244,0,0,0,0
perturb,7.1199999999987735,2.119999999998825,-0.11628972815341529,-0.037108615312034014,-0.04033335159415988,0.12413058781265979,0.12669959266481676,0.010570452909351526,1.0,0.00925896847243935,0,0,0,0
perturb,7.159999999998751,2.159999999998803,-0.11619763075316852,-0.037537572639552805,-0.040348657309497625,0.12393242127378713,0.12663137503623087,0.009818856095007536,1.0,0.00926064461990453,0,0,0,0
perturb,7.199999999998729,2.1999999999987807,-0.11612820457169792,-0.03769263914440221,-0.0403361302010475,0.12392475551213723,0.12657392945864704,0.0021085470002441694,1.0,0.009266627288684392,0,0,0,0
perturb,7.239999999998707,2.2399999999987585,-0.11613907406701263,-0.03770120071530702,-0.040305604957810486,0.12395813872415806,0.126676236932253,0.0013874153342952253,1.0,0.009266732223061534,0,0,0,0
perturb,7.279999999998685,2.2799999999987364,-0.11616485666376336,-0.03735832971372303,-0.04023896601171308,0.12417764625513836,0.12669704342924137,0.01079639895015539,1.0,0.009269876192856241,0,0,0,0
perturb,7.319999999998663,2.319999999998714,-0.11625816881935071,-0.03691568326841709,-0.04022195079506429,0.12446722771252908,0.1267482601397791,0.01011040483107625,1.0,0.009269900063881587,0,0,0,0
perturb,7.3599999999986405,2.359999999998692,-0.11628603179392244,-0.03676776729612942,-0.04023812673583909,0.12460408088613506,0.12673849127470954,0.0012652739324102412,1.0,0.009263787826996545,0,0,0,0
perturb,7.399999999998618,2.39999999999867,-0.11630120619182373,-0.03678292763427361,-0.040267043490457836,0.12470128988475286,0.12669041280289461,0.001488562327241501,1.0,0.009259424385891802,0,0,0,0
perturb,7.439999999998596,2.4399999999986477,-0.11630379494402333,-0.03714855637038672,-0.040329101060716965,0.12456314104913446,0.12671421848106293,0.01136669922491741,1.0,0.009258290184444695,0,0,0,0
perturb,7.479999999998574,2.4799999999986255,-0.11620902875806083,-0.0376161762564198,-0.04034638908163108,0.12435000904140818,0.1266466212066125,0.010707780109155416,1.0,0.009260026624517555,0,0,0,0
perturb,7.519999999998552,2.5199999999986034,-0.11613459321858889,-0.037787295902131646,-0.0403338602471398,0.124341582057267,0.12657632026389057,0.0023228464383688394,1.0,0.009266568619377686,0,0,0,0
perturb,7.55999999999853,2.559999999998581,-0.11614205295599893,-0.03779996532257916,-0.04030376038254413,0.12437512294043093,0.12666501296734572,0.0012747078344969255,1.0,0.009266680272641244,0,0,0,0
perturb,7.5999999999985075,2.599999999998559,-0.1161673040874164,-0.037450735580008616,-0.04023501032208623,0.12460200137727324,0.1266752674078605,0.011045901265550113,1.0,0.009270057442332549,0,0,0,0
perturb,7.639999999998485,2.639999999998537,-0.11626460784457504,-0.03698504420345818,-0.040216805259549765,0.12490204558214787,0.12671866419974137,0.01079072005935181,1.0,0.009270084496842685,0,0,0,0
perturb,7.679999999998463,2.6799999999985147,-0.116295562830789,-0.036825654840645886,-0.04023332210067801,0.1250368447964969,0.1267064535873965,0.0014208045564315333,1.0,0.009263921801040647,0,0,0,0
perturb,7.719999999998441,2.7199999999984925,-0.11630856043768958,-0.03683366955542051,-0.040261789233002415,0.12512894048364542,0.12665324023675908,0.001294072204373942,1.0,0.009259337585674987,0,0,0,0
perturb,7.759999999998419,2.7599999999984703,-0.11631397525260986,-0.03719098536729541,-0.04032400580385448,0.12499684953390189,0.12668260506319817,0.0111729424179636,1.0,0.009258505981167963,0,0,0,0
perturb,7.799999999998397,2.799999999998448,-0.11622076952090771,-0.037662821209723314,-0.04034184250461171,0.12478375680114544,0.12662469893657638,0.010898753478314715,1.0,0.009260049633068496,0,0,0,0
perturb,7.8399999999983745,2.839999999998426,-0.11614718204094497,-0.03783628872289661,-0.04032886442325259,0.12477048611697555,0.12656205529611772,0.002313870137647964,1.0,0.009266532898505556,0,0,0,0
perturb,7.879999999998352,2.879999999998404,-0.11615400856652479,-0.03784976031511811,-0.04029874911581855,0.12480064251529578,0.12665381722150365,0.0012289687178974275,1.0,0.00926664564963054,0,0,0,0
perturb,7.91999999999833,2.9199999999983817,-0.11617689151771136,-0.03750115481496738,-0.040230010227153494,0.1250263461504932,0.12666214032332682,0.011035676052616263,1.0,0.009270047261937253,0,0,0,0
perturb,7.959999999998308,2.9599999999983595,-0.11627349006851105,-0.03703143911445195,-0.04021160485277569,0.12532625095132197,0.12670310847773208,0.010923343051491353,1.0,0.009270074368873315,0,0,0,0
perturb,7.999999999998286,2.9999999999983373,-0.11630585049053306,-0.03686967200869055,-0.04022815853434174,0.12545788793007048,0.12669192623884068,0.0014519202812108354,1.0,0.009263852204997461,0,0,0,0
perturb,8.039999999998335,3.039999999998386,-0.11631777222364413,-0.036876374537690056,-0.04025671007422767,0.12554644050383945,0.12663630017228855,0.0012598140480987766,1.0,0.009259186516713171,0,0,0,0
perturb,8.079999999998384,3.079999999998435,-0.11632300335541332,-0.03723390454609079,-0.040319151498589105,0.12541273423759303,0.12666625307451887,0.011188708148730853,1.0,0.00925849505629883,0,0,0,0
perturb,8.119999999998432,3.119999999998484,-0.116229258888675,-0.03770745939294353,-0.04033702753138541,0.1251960206683338,0.1266101835920501,0.010951795128300853,1.0,0.009260049084883143,0,0,0,0
perturb,8.159999999998481,3.159999999998533,-0.11615657803561422,-0.03788113442848934,-0.04032382011223669,0.12517821369081011,0.12655126138671055,0.002286300187610714,1.0,0.009266486828237766,0,0,0,0
perturb,8.19999999999853,3.1999999999985818,-0.11616258395010821,-0.03789435857458265,-0.040293686673947775,0.12520453773724965,0.12664325376795985,0.0012057967380927793,1.0,0.009266602752124336,0,0,0,0
perturb,8.23999999999858,3.2399999999986306,-0.11618410309673755,-0.037545433279526905,-0.040225065720269605,0.12542737586584404,0.12664939753688007,0.011044188098597349,1.0,0.009270015711030047,0,0,0,0
perturb,8.279999999998628,3.2799999999986795,-0.11628023009256606,-0.037074771666906814,-0.04020681176909509,0.12572474412335652,0.12668830534600126,0.01095128600777356,1.0,0.009270042793875036,0,0,0,0
perturb,8.319999999998677,3.3199999999987284,-0.11631352327345236,-0.036912584861900466,-0.04022340902659811,0.1258527917237347,0.12667740227785323,0.0014573319422178529,1.0,0.009263779093900271,0,0,0,0
perturb,8.359999999998726,3.3599999999987773,-0.11632488472050101,-0.03691917664728656,-0.04025218255295988,0.12593792135437332,0.12661998884872924,0.001256962414038801,1.0,0.009259086726471967,0,0,0,0
perturb,8.399999999998775,3.399999999998826,-0.11632968963193777,-0.03727814788322052,-0.040314701376985944,0.12580053288710571,0.12665039385977475,0.011233099729328993,1.0,0.009258485978673221,0,0,0,0
perturb,8.439999999998824,3.439999999998875,-0.11623534125618418,-0.037750996325259835,-0.04033229655666375,0.12557949427419063,0.12659551591669777,0.010918689785516328,1.0,0.009260091081378447,0,0,0,0
perturb,8.479999999998872,3.479999999998924,-0.11616400292605311,-0.03792324564482306,-0.040318822557423556,0.12555724012347938,0.12654101589698483,0.00223448024722202,1.0,0.009266458722722764,0,0,0,0
perturb,8.519999999998921,3.519999999998973,-0.11616930007665871,-0.03793513416720623,-0.04028843899587209,0.1255795277452357,0.1266339337739407,0.0012094101016957937,1.0,0.009266577329164036,0,0,0,0
perturb,8.55999999999897,3.5599999999990217,-0.11619043932378749,-0.03758335641028142,-0.04021987670758134,0.12579990899181606,0.12663912398561591,0.011121957207818733,1.0,0.00926998405705934,0,0,0,0
perturb,8.599999999999019,3.5999999999990706,-0.11628631459129668,-0.03711290001632439,-0.04020206997287297,0.12609503720041193,0.12667699589131612,0.010916894949218213,1.0,0.009270011384554326,0,0,0,0
perturb,8.639999999999068,3.6399999999991195,-0.1163201891262697,-0.036951473650511796,-0.04021873546357984,0.12622000210171053,0.1266662006953535,0.0014467240384537787,1.0,0.009263687336387851,0,0,0,0
perturb,8.679999999999117,3.6799999999991684,-0.11633152454930462,-0.036958952546378494,-0.040247896909998554,0.1263023098549314,0.1266076312791923,0.001280307341170595,1.0,0.009258975003588169,0,0,0,0
perturb,8.719999999999166,3.7199999999992173,-0.11633529875931192,-0.03732090775048817,-0.04031051077058106,0.12616019449280289,0.12663737240332792,0.011316858079047839,1.0,0.009258430010816592,0,0,0,0
perturb,8.759999999999215,3.759999999999266,-0.11623997368565601,-0.037792163051214425,-0.04032766785684454,0.12593496899555048,0.1265821980562858,0.010843825531994528,1.0,0.009260146548699385,0,0,0,0
perturb,8.799999999999264,3.799999999999315,-0.11617019521644777,-0.03796219285720074,-0.04031392946889977,0.1259086937630283,0.1265318195467259,0.0021697750693443693,1.0,0.009266428425130584,0,0,0,0
perturb,8.839999999999312,3.839999999999364,-0.11617463764731407,-0.03797186930087435,-0.04028311355200671,0.12592680235435086,0.12662520999035395,0.0012321311524026313,1.0,0.00926655065528505,0,0,0,0
perturb,8.879999999999361,3.879999999999413,-0.11619619203957914,-0.03761528542568657,-0.04021458004913849,0.12614506298595865,0.12663008005473536,0.011254885345168527,1.0,0.00926995459750365,0,0,0,0
perturb,8.91999999999941,3.9199999999994617,-0.1162920009329902,-0.03714626026983192,-0.040197449769654975,0.12643811254228332,0.1266677011545283,0.010823707314695554,1.0,0.009269982169777197,0,0,0,0
perturb,8.959999999999459,3.9599999999995106,-0.11632614491032228,-0.03698671918658164,-0.040214195451860446,0.12656047818335936,0.12665691402232018,0.0014202160731906768,1.0,0.009263592959129688,0,0,0,0
perturb,8.999999999999508,3.9999999999995595,-0.11633787868185512,-0.03699600692709896,-0.04024388168164188,0.1266405340759021,0.1265978582151699,0.0013265011920358207,1.0,0.00925886843717553,0,0,0,0
perturb,9.039999999999557,4.039999999999608,-0.11634031263547305,-0.03736234301327983,-0.04030661265578371,0.12649279671376062,0.1266265717748936,0.011436026067287323,1.0,0.009258347072876497,0,0,0,0
perturb,9.079999999999606,4.079999999999657,-0.11624369341212759,-0.037831100189944955,-0.04032316640855511,0.12626344671184073,0.1265700550206682,0.010730040958731752,1.0,0.0092602213384878,0,0,0,0
perturb,9.119999999999655,4.119999999999706,-0.1161755873539415,-0.03799814270211697,-0.04030915930970416,0.1262335345464874,0.12652364438293046,0.0020940584301563075,1.0,0.009266402320642048,0,0,0,0
perturb,9.159999999999703,4.159999999999755,-0.11617886099492142,-0.03800481510485333,-0.04027774523494904,0.12624736504182585,0.12661697348933645,0.0012648984264459946,1.0,0.009266528999459553,0,0,0,0
perturb,9.199999999999752,4.199999999999804,-0.11620131740340618,-0.03764202007925789,-0.040209259504718126,0.12646386500769097,0.1266220199898953,0.011430903159115217,1.0,0.009269929399907034,0,0,0,0
perturb,9.239999999999801,4.239999999999853,-0.11629743104756635,-0.03717580986501123,-0.04019298159222485,0.1267550752260078,0.12666067256527475,0.010674001716742449,1.0,0.00926995645692623,0,0,0,0
perturb,9.27999999999985,4.279999999999902,-0.11633168533866722,-0.037019104561742226,-0.04020981252158668,0.12687545100961617,0.12665000224923473,0.0013820833817182862,1.0,0.009263493367752751,0,0,0,0
perturb,9.319999999999899,4.3199999999999505,-0.11634405854985354,-0.03703083343425737,-0.040240121185727576,0.12695369129766995,0.12659080615032395,0.00138727113089139,1.0,0.009258764392251135,0,0,0,0
perturb,9.359999999999948,4.359999999999999,-0.11634502157769751,-0.03740236093530927,-0.04030294814342441,0.12679989064676261,0.12661820595974024,0.011574432961535321,1.0,0.009258239849886439,0,0,0,0
perturb,9.399999999999997,4.400000000000048,-0.1162468949233019,-0.03786774493595399,-0.040318777515119794,0.12656666830172358,0.12655936844157728,0.010585907210546995,1.0,0.00926030861512308,0,0,0,0
perturb,9.440000000000046,4.440000000000097,-0.11618051784612181,-0.03803129029497087,-0.04030450907746198,0.12653354209499368,0.12651656397458844,0.0020122735084131594,1.0,0.009266374897769252,0,0,0,0
perturb,9.480000000000095,4.480000000000146,-0.11618229343577972,-0.038034385040973104,-0.04027238528725937,0.12654304704196637,0.126609045610341,0.0012947030330804322,1.0,0.009266506102009865,0,0,0,0
perturb,9.520000000000143,4.520000000000195,-0.11620619169355546,-0.037664807950229605,-0.040203977897088766,0.12675803992440796,0.1266150603070726,0.011619992379195506,1.0,0.009269906453349372,0,0,0,0
perturb,9.560000000000192,4.560000000000244,-0.11630272560331925,-0.03720242213140593,-0.040188647226268234,0.1270478965978016,0.12665556265304614,0.01048735284298386,1.0,0.009269932906679983,0,0,0,0
perturb,9.600000000000241,4.600000000000293,-0.11633691190349937,-0.03704909096668222,-0.04020555675009592,0.1271666749635597,0.12664508624117365,0.0013375791943934696,1.0,0.009263409179699277,0,0,0,0
perturb,9.64000000000029,4.640000000000342,-0.11635002221895255,-0.03706355563335205,-0.040236518665541114,0.12724332197347,0.12658608521529477,0.0014538863146640853,1.0,0.009258658539169408,0,0,0,0
perturb,9.680000000000339,4.6800000000003905,-0.11634938008137596,-0.03744052275767685,-0.04029937641758684,0.1270842040649995,0.12661198837648838,0.011713395411843245,1.0,0.0092581213547168,0,0,0,0
perturb,9.720000000000388,4.720000000000439,-0.11624989527279458,-0.0379020457622843,-0.04031448434854436,0.12684763140360153,0.126550652040631,0.010428132335489556,1.0,0.009260383727368341,0,0,0,0
perturb,9.760000000000437,4.760000000000488,-0.11618533867538988,-0.03806190561671666,-0.04029997553407341,0.12681153867603348,0.12651127001634985,0.0019279810589438254,1.0,0.00926633674540022,0,0,0,0
perturb,9.800000000000486,4.800000000000537,-0.1161853856435978,-0.03806113101635907,-0.04026707246557364,0.1268166697243016,0.12660224197563852,0.0013130099730876245,1.0,0.009266474282445848,0,0,0,0
perturb,9.840000000000535,4.840000000000586,-0.11621078213009355,-0.037684654659513636,-0.040198809160795934,0.12703007530442267,0.12660932777876183,0.011805804422713005,1.0,0.009269883199619905,0,0,0,0
perturb,9.880000000000583,4.880000000000635,-0.11630804395086838,-0.03722681668231226,-0.040184443727140536,0.1273186699952248,0.12665264428249906,0.010281626759199096,1.0,0.009269909249119232,0,0,0,0
perturb,9.920000000000632,4.920000000000684,-0.11634215696017067,-0.03707698841045576,-0.04020142888606699,0.127435694595261,0.12664253331380096,0.0012918517069946463,1.0,0.009263328866566053,0,0,0,0
perturb,9.960000000000681,4.960000000000733,-0.1163559625195184,-0.03709420517089663,-0.04023302622054915,0.12751079332681092,0.12658379658757857,0.0015201095482519286,1.0,0.009258556120103217,0,0,0,0
perturb,10.00000000000073,5.000000000000782,-0.1163539172572572,-0.03747651429282945,-0.040295846301242846,0.12734740100608805,0.12660850584246397,0.011845490464291049,1.0,0.009258002748410548,0,0,0,0
walk,10.040000000000779,0.040000000000048885,-0.10357281994297518,-0.03810087585671248,-0.040068928313365386,0.13017330916409223,0.11047803128753472,0.4642884821624821,1.0,0.009472545298285546,0.5,0,0,0
walk,10.080000000000828,0.08000000000009777,-0.09352363224192396,-0.03895753373107062,-0.04025119057024088,0.13022409537012378,0.10311055328835848,0.17435891680420496,1.0,0.0095348353985061,0.5,0,0,0
walk,10.120000000000877,0.12000000000014666,-0.08679682063819019,-0.03335570775548907,-0.041489504450000825,0.13404574874969216,0.10127266887080029,0.26396563267523104,1.0,0.009617996358372403,0.5,0,0,0
walk,10.160000000000926,0.16000000000019554,-0.07729275083889849,-0.029107590166502995,-0.044269231098171984,0.1437005837549315,0.09903946234281524,0.2714624729355607,1.0,0.009755822045287984,0.5,0,0,0
walk,10.200000000000975,0.20000000000024443,-0.06535173579585356,-0.034080277798468145,-0.043930735083500407,0.16031522725731817,0.09887237924450061,0.3427525994772022,1.0,0.009752970475139278,0.5,0,0,0
walk,10.240000000001023,0.2400000000002933,-0.052182278174296215,-0.03758844824720322,-0.04496426147692229,0.18338203022916233,0.1000269287117923,0.3644711238383666,1.0,0.009782627637300246,0.5,0,0,0
walk,10.280000000001072,0.2800000000003422,-0.03654093829101547,-0.03707576368787599,-0.04782496324839105,0.1887446120949554,0.09675436038431268,0.47792578100047983,1.0,0.009765311601397555,0.5,0,0,0
walk,10.320000000001121,0.3200000000003911,-0.025805184915540753,-0.03273167691934953,-0.043619456961591106,0.18628861959532675,0.09481221370751212,0.38621056969401885,1.0,0.009494756331513664,0.5,0,0,0
walk,10.36000000000117,0.36000000000043997,-0.013852118560709429,-0.03878985597204598,-0.039391421441545144,0.18954169552854014,0.09818216024127666,0.3334506543728855,1.0,0.009518933513339165,0.5,0,0,0
walk,10.400000000001219,0.40000000000048885,-0.017795056754496046,-0.04587547371087674,-0.03727852174734265,0.19258477191990717,0.12327849256618086,0.33033250771685396,1.0,0.009482815763757051,0.5,0,0,0
walk,10.440000000001268,0.44000000000053774,-0.006519618466706092,-0.03265135125217147,-0.03960446551580758,0.19650707561629857,0.11299332344526646,0.9088545636652551,1.0,0.00966257287842731,0.5,0,0,0
walk,10.480000000001317,0.4800000000005866,0.01385253936266972,0.003294823526358021,-0.042080972497696205,0.21006587213171146,0.08898899723550203,1.2850452229407268,1.0,0.02490423014255211,0.5,0,0,0
walk,10.520000000001366,0.5200000000006355,0.02831369263238667,0.012205031725028802,-0.03957016335882302,0.20836812643784164,0.08735682060705695,0.2627631936593404,1.0,0.029777270506664788,0.5,0,0,0
walk,10.560000000001414,0.5600000000006844,0.035186140917903896,0.016397240449887752,-0.036149077922502396,0.2169044553718215,0.09551506211599356,0.32497371251868445,1.0,0.013491968652416256,0.5,0,0,0
walk,10.600000000001463,0.6000000000007333,0.05706846619765728,0.018442689611619167,-0.036025033637020476,0.2250257370420735,0.08041535661371786,0.75356682196221,1.0,0.013578091963268401,0.5,0,0,0
walk,10.640000000001512,0.6400000000007822,0.08751561076613461,0.005306496245539137,-0.037867301775815015,0.21873098720278855,0.05011571444571102,0.7043061577561269,1.0,0.009982048248310978,0.5,0,0,0
walk,10.680000000001561,0.680000000000831,0.10784322411588677,-0.004476902590659075,-0.04083381766226997,0.20591790015679015,0.047731106345766834,0.4854594425489143,1.0,0.009986769741637095,0.5,0,0,0
walk,10.72000000000161,0.7200000000008799,0.1077896498847684,-0.006119933287456629,-0.041038531886747935,0.20578842480072318,0.07533897144773137,0.24954655981831264,1.0,0.00985859424345627,0.5,0,0,0
walk,10.760000000001659,0.7600000000009288,0.11893973831413754,0.001044576002945901,-0.04024579936191848,0.2018268807920223,0.08503174077899818,0.5619726327768331,1.0,0.009693443473370157,0.5,0,0,0
walk,10.800000000001708,0.8000000000009777,0.1401010281008307,0.018309581582043183,-0.04157544826342835,0.21451879752392525,0.08177300181900525,0.8146522682924499,1.0,0.010012276770064225,0.5,0,0,0
walk,10.840000000001757,0.8400000000010266,0.16001908520212094,0.02188000762143474,-0.039579854588017306,0.21855942825005212,0.08352939668431926,0.2750027397321373,1.0,0.010179560981885303,0.5,0,0,0
walk,10.880000000001806,0.8800000000010755,0.17437428451204948,0.025932449484036193,-0.04016242553032727,0.2194355722834884,0.0950819108677979,0.4764437552015595,1.0,0.009983899027705547,0.5,0,0,0
walk,10.920000000001854,0.9200000000011244,0.20968562608182864,0.027285780310566245,-0.04666408648634253,0.21509182721909126,0.07318938822559924,1.1468965440788232,1.0,0.009651582791301051,0.5,0,0,0
walk,10.960000000001903,0.9600000000011732,0.2539136444739886,0.0180624675664665,-0.05135669099169956,0.1966222923025516,0.041747644650775274,0.9426420566276863,1.0,0.009771299298453407,0.5,0,0,0
walk,11.000000000001952,1.0000000000012221,0.27697379423689494,0.021519125376915447,-0.04364019767005727,0.1848504467605007,0.0371822620548555,0.39748082087437187,1.0,0.009765929314816605,0.5,0,0,0
walk,11.040000000002001,1.040000000001271,0.2792627997371107,0.015222657219908866,-0.039112008138499965,0.17536198718191662,0.06657111163887,0.3133681790881438,1.0,0.009413108702558319,0.5,0,0,0
walk,11.08000000000205,1.08000000000132,0.2857705744888288,0.00987186908048703,-0.03899752792708928,0.17283018417893992,0.09001245546738393,0.22859603422333336,1.0,0.009510007242401117,0.5,0,0,0
walk,11.120000000002099,1.1200000000013688,0.30235261511187567,0.036971255090166376,-0.041232491546635414,0.18942925388341553,0.08373991589474303,1.260309921305271,1.0,0.010334983395786174,0.5,0,0,0
walk,11.160000000002148,1.1600000000014177,0.3358706790318284,0.06182317372708515,-0.04260933116093715,0.19958524991298093,0.06859106864464044,0.7998643927593633,1.0,0.010412504295055585,0.5,0,0,0
walk,11.200000000002197,1.2000000000014666,0.3620512629352315,0.06598091620125388,-0.037048306185117647,0.2003711429935119,0.05799796994722847,0.5014955452675547,1.0,0.009930824008538591,0.5,0,0,0
walk,11.240000000002246,1.2400000000015154,0.37128615255051783,0.07863584685654403,-0.03395248675280602,0.21163788067570166,0.07678169778151363,0.2669538342235328,1.0,0.010631744638172288,0.5,0,0,0
walk,11.280000000002294,1.2800000000015643,0.39731039856614475,0.07262874812083757,-0.040001700672867506,0.21064241717466722,0.06009005604749126,1.1061855522508524,1.0,0.017204777958140134,0.5,0,0,0
walk,11.320000000002343,1.3200000000016132,0.435724994186857,0.04659006526583404,-0.044274734727783115,0.19384901883789085,0.034293277303698605,1.0580876363856397,1.0,0.009811492068650451,0.5,0,0,0
walk,11.360000000002392,1.360000000001662,0.4561997649376038,0.04464026773465498,-0.041433796682591166,0.19395374141181887,0.04121783396284428,0.3439883527399509,1.0,0.009842032845204268,0.5,0,0,0
walk,11.400000000002441,1.400000000001711,0.4574236369235362,0.03525086579101178,-0.0370540088847911,0.18690610461362814,0.07504728459026194,0.4626853856273378,1.0,0.009522180299173535,0.5,0,0,0
walk,11.44000000000249,1.4400000000017599,0.4712463314254786,0.038645158381122785,-0.037398352411117594,0.18672984844430607,0.08322948819946721,0.7907260157150503,1.0,0.009924263913149796,0.5,0,0,0
walk,11.480000000002539,1.4800000000018088,0.4949894420298435,0.0669660744036569,-0.039879973822400126,0.21254275626061253,0.06495354640829193,1.1501741844562128,1.0,0.01037515371930762,0.5,0,0,0
walk,11.520000000002588,1.5200000000018576,0.5227361264733779,0.08284876976785036,-0.040524184775318474,0.22125641155576056,0.0578604313899658,0.6043562446818405,1.0,0.010402969588450009,0.5,0,0,0
walk,11.560000000002637,1.5600000000019065,0.545798768984111,0.0924632627417904,-0.0372116598233938,0.23218036262005315,0.05964399876835812,0.6586642847553622,1.0,0.009818524119769486,0.5,0,0,0
walk,11.600000000002685,1.6000000000019554,0.5611257425568986,0.10140938901024761,-0.03712476262113137,0.242176020367255,0.07238474026921918,0.44168056559168284,1.0,0.012209878590967308,0.5,0,0,0
walk,11.640000000002734,1.6400000000020043,0.592228824077567,0.09108463447880533,-0.04216748606674252,0.2327805806210848,0.05332598694018755,1.0203862365140148,1.0,0.012237823512369987,0.5,0,0,0
walk,11.680000000002783,1.6800000000020532,0.6273537605407941,0.07290458910190212,-0.04532197591724544,0.20793104237087398,0.04550408168797982,0.7311565557671366,1.0,0.009868546937627776,0.5,0,0,0
walk,11.720000000002832,1.720000000002102,0.6469529650706674,0.07429644681539502,-0.041120267564672165,0.20101926661476133,0.05266954613098462,0.34074141724786566,1.0,0.009861872046957295,0.5,0,0,0
walk,11.760000000002881,1.760000000002151,0.6477595671673841,0.06713417203237067,-0.0371807791155184,0.1919450909895365,0.09042933190356148,0.32960602587804677,1.0,0.009607732807858151,0.5,0,0,0
walk,11.80000000000293,1.8000000000021998,0.6613068731438936,0.0771279038025291,-0.03838496505028754,0.19645291443348567,0.09900719371235431,0.9123626198898526,1.0,0.00999576938070317,0.5,0,0,0
walk,11.840000000002979,1.8400000000022487,0.6875289137104895,0.10927397442857552,-0.04061149878455467,0.22302129080518043,0.08673274580635686,1.3888462220042237,1.0,0.010361090032816137,0.5,0,0,0
walk,11.880000000003028,1.8800000000022976,0.7222119261406609,0.12015394488536668,-0.03906209230830764,0.21831165458474047,0.07141545920782905,0.7042069184205099,1.0,0.010425200893797225,0.5,0,0,0
walk,11.920000000003077,1.9200000000023465,0.7504096185195235,0.1328108325171612,-0.036992805903031944,0.21895712383314128,0.06860943598416717,0.9381389737452116,1.0,0.00979650174388646,0.5,0,0,0
walk,11.960000000003125,1.9600000000023954,0.7633501429513821,0.1425132474230673,-0.03778304726742388,0.22337565991402064,0.08452185243030391,0.22538839062772076,1.0,0.010051289429845608,0.5,0,0,0
walk,12.000000000003174,2.0000000000024443,0.799783347465057,0.13243098643449083,-0.04424007798693531,0.2129392428932243,0.055625564519969146,1.3376256116119152,1.0,0.01102965140033901,0.5,0,0,0
walk,12.040000000003223,2.040000000002493,0.8480332764920658,0.11391829442964498,-0.048540730844499294,0.1871912114916246,0.023905002135179706,0.9534327720419751,1.0,0.00988284457784997,0.5,0,0,0
walk,12.080000000003272,2.080000000002542,0.8675908955336555,0.11335116065541047,-0.042373513648461925,0.18181817446640947,0.0317770158133314,0.14245911328006342,1.0,0.009849316679071128,0.5,0,0,0
walk,12.120000000003321,2.120000000002591,0.8639503476148268,0.10168779796795059,-0.03741632403705866,0.17145059448281094,0.0750956927197617,0.4246211422148622,1.0,0.009397239056082148,0.5,0,0,0
walk,12.16000000000337,2.16000000000264,0.8741675204628975,0.10476028974279558,-0.03781724445933835,0.17316459525140113,0.08994150871280171,0.7066508943245375,1.0,0.00982391492697901,0.5,0,0,0
walk,12.200000000003419,2.2000000000026887,0.8975618702934067,0.13320010697245072,-0.03999557288710528,0.19616024048402544,0.074779498013753,1.2864889904060266,1.0,0.010477565635703059,0.5,0,0,0
walk,12.240000000003468,2.2400000000027376,0.9360702610891373,0.1525839364336672,-0.040920286826517355,0.20498462009238644,0.05398216942993473,0.9490214833630083,1.0,0.01051964511083104,0.5,0,0,0
walk,12.280000000003517,2.2800000000027865,0.9591245101169894,0.162172119321642,-0.03706076889914078,0.2106271949285341,0.056308821767707254,0.49623230912157634,1.0,0.009982450422096117,0.5,0,0,0
walk,12.320000000003565,2.3200000000028353,0.9716666111709208,0.17363943933786466,-0.036008761125205666,0.22255555054171758,0.0739045618675584,0.477677600420848,1.0,0.01601810519311665,0.5,0,0,0
walk,12.360000000003614,2.3600000000028842,0.9989041629440709,0.16520630770332503,-0.04073284188156679,0.21661636397957085,0.05691210632811736,0.9184321070971732,1.0,0.01658441304744826,0.5,0,0,0
walk,12.400000000003663,2.400000000002933,1.0305689738510866,0.14009476291727066,-0.044656565968790335,0.19495477983621534,0.04738616007398062,1.1288180431782868,1.0,0.009744015708767552,0.5,0,0,0
walk,12.440000000003712,2.440000000002982,1.0565730220068796,0.1395749688591097,-0.04232434255970564,0.1924604990856847,0.048492503501321366,0.6119463486267158,1.0,0.00980140860591427,0.5,0,0,0
walk,12.480000000003761,2.480000000003031,1.0618372778100893,0.13289578695829993,-0.03756269857302066,0.18524298037218934,0.07761152850339857,0.46062058497661335,1.0,0.009540408742464873,0.5,0,0,0
walk,12.52000000000381,2.5200000000030798,1.0742448393059625,0.1345389185438897,-0.03731015422987712,0.1840251701264267,0.09111073510828331,0.734786883458575,1.0,0.009940661481104469,0.5,0,0,0
walk,12.560000000003859,2.5600000000031287,1.0984374247940112,0.1634032673212462,-0.039873441703138356,0.2082259014107234,0.0744237632029851,1.2699770286806542,1.0,0.010390936425620497,0.5,0,0,0
walk,12.600000000003908,2.6000000000031775,1.1361509829134306,0.1807721804865351,-0.040628029758592824,0.21512955032722456,0.05412930228646433,0.887571750130025,1.0,0.010434542004259867,0.5,0,0,0
walk,12.640000000003957,2.6400000000032264,1.159610716730235,0.19122580758969546,-0.03738733472277199,0.2214836663251374,0.05750392131730706,0.5460522016408184,1.0,0.00993271551519186,0.5,0,0,0
walk,12.680000000004005,2.6800000000032753,1.1731265198333154,0.20156724093039882,-0.03744773646710216,0.23169894220037515,0.07450832756046084,0.4850764898570002,1.0,0.013422311079092301,0.5,0,0,0
walk,12.720000000004054,2.720000000003324,1.2056369547288728,0.19351558562641138,-0.043329179053174405,0.22487729298887715,0.052983285528520836,1.0521679672372914,1.0,0.01398633416968914,0.5,0,0,0
walk,12.760000000004103,2.760000000003373,1.243310282967302,0.17201232248125414,-0.04785148786372405,0.20319679843333527,0.03833968564036377,0.8523188270711091,1.0,0.009791889355245444,0.5,0,0,0
walk,12.800000000004152,2.800000000003422,1.2665733611143606,0.17234144783093738,-0.042584184791065224,0.19772761027496366,0.04234345088404599,0.48409615921999993,1.0,0.00978182317776444,0.5,0,0,0
walk,12.840000000004201,2.840000000003471,1.2693667732274245,0.163289236456387,-0.037493282985688534,0.1884968087074585,0.07699441061920764,0.44349906527215044,1.0,0.009573785526127941,0.5,0,0,0
walk,12.88000000000425,2.8800000000035197,1.2788705421042836,0.1647869251386298,-0.037617957156944846,0.1894078854538301,0.09439225255432826,0.6692571765861972,1.0,0.009844048442676627,0.5,0,0,0
walk,12.920000000004299,2.9200000000035686,1.3023453307120083,0.19341636721700448,-0.040169669941247335,0.21106062933288008,0.07867195513431452,1.3057786949972257,1.0,0.010416607646913673,0.5,0,0,0
walk,12.960000000004348,2.9600000000036175,1.342437035818366,0.21429183463568832,-0.04132155596830904,0.22006404369489868,0.0553204670049493,1.0139961306834766,1.0,0.01045253261326328,0.5,0,0,0
walk,13.000000000004396,3.0000000000036664,1.3663629670722401,0.22408936195693674,-0.037076111670386394,0.22415946400629827,0.05669299913098622,0.48721504835118645,1.0,0.009961278994511203,0.5,0,0,0
walk,13.040000000004445,3.0400000000037153,1.3785767284239596,0.23589413273790238,-0.03605378991446841,0.23656301013249786,0.07519331968871568,0.47775072536791763,1.0,0.015429847227773874,0.5,0,0,0
walk,13.080000000004494,3.080000000003764,1.4076367870435733,0.22747617973064968,-0.04116281079701611,0.23217828387660508,0.055964304794293616,0.9913872629402704,1.0,0.01702155545247642,0.5,0,0,0
walk,13.120000000004543,3.120000000003813,1.442564313772368,0.2025110450199907,-0.04554088772613991,0.2127090913337067,0.042448559821362294,1.0494639545061892,1.0,0.009696936137012996,0.5,0,0,0
walk,13.160000000004592,3.160000000003862,1.4689921557394727,0.20202558285690908,-0.04230712926248442,0.2101568349220279,0.04377751577546095,0.6064729437994534,1.0,0.009761810927231928,0.5,0,0,0
walk,13.200000000004641,3.200000000003911,1.4735251069205342,0.19364970280624216,-0.03740444813449724,0.20289221733951684,0.07485950587344756,0.49499471486064023,1.0,0.009569362140192718,0.5,0,0,0
walk,13.24000000000469,3.2400000000039597,1.484567498172819,0.19500505354767575,-0.037237393545145096,0.2021606763785458,0.08986581005524513,0.7269266219684888,1.0,0.009899081089777138,0.5,0,0,0
walk,13.280000000004739,3.2800000000040086,1.5081671474396592,0.22399857957604266,-0.03975237635921482,0.2260100801611006,0.07220684745996106,1.2566520480403354,1.0,0.010384877279775755,0.5,0,0,0
walk,13.320000000004788,3.3200000000040575,1.5464480988049434,0.24334603459772114,-0.040899833264673585,0.2357316302920601,0.05099187776858646,0.9488699315434151,1.0,0.01043233173991846,0.5,0,0,0
walk,13.360000000004836,3.3600000000041064,1.567829392330674,0.2538025658893564,-0.037330746425487144,0.24226314318871864,0.05692342122732131,0.4663062126026946,1.0,0.010011614822998505,0.5,0,0,0
walk,13.400000000004885,3.4000000000041553,1.5809931343452535,0.26511793599295874,-0.036924325277196635,0.25286814186777584,0.07472544312780355,0.5492781679088352,1.0,0.01574466521505773,0.5,0,0,0
walk,13.440000000004934,3.440000000004204,1.6117840360148254,0.25783488615035105,-0.04244883852025671,0.24614746563077955,0.055326455393567835,0.9721332745024727,1.0,0.01621845753763663,0.5,0,0,0
walk,13.480000000004983,3.480000000004253,1.6466019327305121,0.234617397034761,-0.04705971484295188,0.22488030535972245,0.04401116038301781,0.9359117221028623,1.0,0.009771375336766249,0.5,0,0,0
walk,13.520000000005032,3.520000000004302,1.670514935346526,0.23449206999338293,-0.042970114156344004,0.22106868516573738,0.04786280416637109,0.5321785344541702,1.0,0.009752915190536424,0.5,0,0,0
walk,13.56000000000508,3.560000000004351,1.6758739057420884,0.22652454549759163,-0.037497459644839616,0.21193568964055481,0.07883452209442833,0.42802919349599533,1.0,0.009531433742288714,0.5,0,0,0
walk,13.60000000000513,3.6000000000043997,1.6871162349020543,0.22771512768488303,-0.0372423203998735,0.21104814044711034,0.09429127401529283,0.6856347729921095,1.0,0.009867722348858384,0.5,0,0,0
walk,13.640000000005179,3.6400000000044486,1.710589451051729,0.25611860326558583,-0.039713829014429096,0.23325640780010562,0.0775722167157385,1.272510815426989,1.0,0.010419421161828762,0.5,0,0,0
walk,13.680000000005228,3.6800000000044975,1.7503077289600486,0.2775414021442685,-0.04115830744881784,0.24413098746902595,0.05397105241127782,1.0305648071769478,1.0,0.010458008089052185,0.5,0,0,0
walk,13.720000000005276,3.7200000000045463,1.772001911662812,0.28790722637251215,-0.03719125260112889,0.2491473586688431,0.05867802670753001,0.4338425821535056,1.0,0.010035901567797254,0.5,0,0,0
walk,13.760000000005325,3.760000000004595,1.7850394925764512,0.2999122550092618,-0.03644718883377184,0.26091725370278684,0.07650093838641243,0.5746578673408664,1.0,0.016046171496768145,0.5,0,0,0
walk,13.800000000005374,3.800000000004644,1.8155757195849012,0.29239153986975414,-0.041796095796886534,0.2560918518291686,0.05642524036954085,0.9844554112438165,1.0,0.01682911457951828,0.5,0,0,0
walk,13.840000000005423,3.840000000004693,1.8505334683703254,0.2681640172579622,-0.046306806020478056,0.23712383684136762,0.044555069040288005,0.9895518746743035,1.0,0.009705063712237236,0.5,0,0,0
walk,13.880000000005472,3.880000000004742,1.8758947522458893,0.2681047956831963,-0.042575262475750435,0.2343117665679516,0.046989704572043746,0.5819483000144046,1.0,0.009712122499505111,0.5,0,0,0
walk,13.92000000000552,3.9200000000047908,1.881455703525247,0.2596274925749631,-0.037304688129935294,0.22634377045321116,0.07796608761976055,0.46531520406699095,1.0,0.009533044753543163,0.5,0,0,0
walk,13.96000000000557,3.9600000000048396,1.892516547889135,0.2608776716731352,-0.03705970018827574,0.2254466623983164,0.0933280482447744,0.7042260292055518,1.0,0.009861513054165593,0.5,0,0,0
walk,14.000000000005619,4.0000000000048885,1.915479601406442,0.29020647773073,-0.039557700971735346,0.24807238508595014,0.07547367449699621,1.2691928607590324,1.0,0.010385767449078685,0.5,0,0,0
walk,14.040000000005668,4.040000000004937,1.9547203311009809,0.31217826705666923,-0.04111945186576523,0.25902297372873073,0.05203284303661833,1.0277742051856895,1.0,0.01043120043850705,0.5,0,0,0
walk,14.080000000005716,4.080000000004986,1.9756254272620297,0.32265330318969354,-0.03728028853158746,0.26441673576002395,0.05777226485694755,0.41879552498719747,1.0,0.010049372034560175,0.5,0,0,0
walk,14.120000000005765,4.120000000005035,1.9886867840760842,0.3347058145733045,-0.036582934016504025,0.27588029189673924,0.0755192615128496,0.5955377754032256,1.0,0.016290284999142705,0.5,0,0,0
walk,14.160000000005814,4.160000000005084,2.0189082848256,0.3281616239837777,-0.04199307614438068,0.2701590372843839,0.05669469644760629,0.9475666541325408,1.0,0.01692593802308762,0.5,0,0,0
walk,14.200000000005863,4.200000000005133,2.0532251499058107,0.30497083442274736,-0.04655108924103327,0.25029763513706055,0.04575984769642754,0.9780307968336968,1.0,0.009716541132070178,0.5,0,0,0
walk,14.240000000005912,4.240000000005182,2.0780602074643926,0.3051654764389107,-0.04285279788209133,0.24728506108238751,0.048500950564901064,0.5539491502765954,1.0,0.009720698774935246,0.5,0,0,0
walk,14.28000000000596,4.280000000005231,2.0842327708739967,0.29743431682633675,-0.03748290795594245,0.23887068530159838,0.07851495962071643,0.43029166386760165,1.0,0.009521623461056521,0.5,0,0,0
walk,14.32000000000601,4.32000000000528,2.0956787422435648,0.2987359796607159,-0.03718668161919643,0.23752627571201565,0.09367530748782914,0.6858077785979775,1.0,0.009853527415298026,0.5,0,0,0
walk,14.360000000006059,4.3600000000053285,2.1183864806878976,0.3276187517399844,-0.039626401343772336,0.25972207875843867,0.07687164368659818,1.2621113007186835,1.0,0.010396385098574917,0.5,0,0,0
walk,14.400000000006107,4.400000000005377,2.157411835283948,0.34981455292159724,-0.041089297124032316,0.2705355162332147,0.05340533603242728,1.0270433837760318,1.0,0.01043943715378142,0.5,0,0,0
walk,14.440000000006156,4.440000000005426,2.1785282346529504,0.3606385009339278,-0.03726262167447466,0.2756271141331031,0.05861957211562603,0.42359621427524197,1.0,0.010041474087087414,0.5,0,0,0
walk,14.480000000006205,4.480000000005475,2.1914633241152903,0.3726644277601468,-0.03667966273979308,0.287110587337222,0.07611559630929757,0.5866187870209353,1.0,0.015761467798807622,0.5,0,0,0
walk,14.520000000006254,4.520000000005524,2.2226638545644,0.36587288707427434,-0.04215653051726384,0.2819675415830751,0.05565660700799593,0.9867391506716905,1.0,0.016470185134437872,0.5,0,0,0
walk,14.560000000006303,4.560000000005573,2.258145529839111,0.3430438935759781,-0.04670717520101403,0.2627281985638797,0.04445395421013349,0.9248113500225426,1.0,0.00971163703410242,0.5,0,0,0
walk,14.600000000006352,4.600000000005622,2.282390295831651,0.3433476957516595,-0.04260871496453594,0.2596756420801733,0.048229774507629324,0.5452403745130303,1.0,0.009699454209456533,0.5,0,0,0
walk,14.6400000000064,4.640000000005671,2.288059040435604,0.33514084885608325,-0.037276583443996814,0.25167566499325816,0.07929429939629593,0.43925716803123765,1.0,0.00952469648799678,0.5,0,0,0
walk,14.68000000000645,4.68000000000572,2.2993797994141834,0.3369045019627048,-0.03711812117891687,0.2509711373867402,0.0940614082233511,0.7018409853523799,1.0,0.009860255230705984,0.5,0,0,0
walk,14.720000000006499,4.7200000000057685,2.321570633430544,0.36662988629581666,-0.03962294291259793,0.2733091113793823,0.0764683807467071,1.270500518189697,1.0,0.01038437385695025,0.5,0,0,0
walk,14.760000000006547,4.760000000005817,2.360154733935368,0.3896534846638593,-0.04116210596531249,0.2841805479053403,0.05299577078690786,1.023138546872498,1.0,0.010426313232516981,0.5,0,0,0
walk,14.800000000006596,4.800000000005866,2.3812421081053454,0.40057228979188764,-0.03720452702142591,0.2893844852571284,0.05778972079069865,0.4252771366628171,1.0,0.010028168192998663,0.5,0,0,0
walk,14.840000000006645,4.840000000005915,2.3940692017800176,0.4129335526271863,-0.03636796219705624,0.3013478755150882,0.07518772382783419,0.5849475066911661,1.0,0.016386867744033112,0.5,0,0,0
walk,14.880000000006694,4.880000000005964,2.4236778567136232,0.4068361917629939,-0.04161797750004064,0.295915311744765,0.05706676090925928,0.9343150671990976,1.0,0.017036059425573145,0.5,0,0,0
walk,14.920000000006743,4.920000000006013,2.457975801186351,0.3842031010803171,-0.04603200039090017,0.27623808790713483,0.04709357370053446,1.0330135735451043,1.0,0.009699726609388276,0.5,0,0,0
walk,14.960000000006792,4.960000000006062,2.483337555387183,0.3851159329898865,-0.04274076558248582,0.27346774355115244,0.04914727840727452,0.5695585068452476,1.0,0.009729075356097888,0.5,0,0,0
walk,15.00000000000684,5.000000000006111,2.4898353554347654,0.37798251853685527,-0.037503409826753334,0.2653223052809226,0.07843673374545089,0.4341960748403738,1.0,0.009517940091684858,0.5,0,0,0
walk,15.04000000000689,5.0400000000061596,2.5016198188239347,0.37974513428353995,-0.03720288831316076,0.26380555240569714,0.09294558896437098,0.6968586983222793,1.0,0.009868194485480942,0.5,0,0,0
walk,15.080000000006939,5.080000000006208,2.5234794142464505,0.40950874088779465,-0.03966188275000237,0.28634466121608043,0.07617754339637572,1.2623972228515883,1.0,0.010387022307395912,0.5,0,0,0
walk,15.120000000006987,5.120000000006257,2.5616618945857197,0.43205803078853733,-0.04096160254098802,0.2962823151307584,0.053220538900587144,1.0015140747974174,1.0,0.010431658460516205,0.5,0,0,0
walk,15.160000000007036,5.160000000006306,2.5826661071153647,0.44368949567868965,-0.037250638944232146,0.3015653895826114,0.05853872218352801,0.44512912197131144,1.0,0.01002332863003325,0.5,0,0,0
walk,15.200000000007085,5.200000000006355,2.5953069931652415,0.4558803071781166,-0.03680153118094266,0.31278179283738267,0.07602488914011282,0.5729190096668255,1.0,0.015886468064862855,0.5,0,0,0
walk,15.240000000007134,5.240000000006404,2.6268586251678516,0.4500413717408814,-0.04235333705067419,0.3072633967810307,0.055541340831446906,0.9879329266840473,1.0,0.016469826201453628,0.5,0,0,0
walk,15.280000000007183,5.280000000006453,2.663212937703318,0.428403028271721,-0.04695070037042963,0.2876827744021091,0.04388825635785299,0.9219150828920717,1.0,0.009722850872938033,0.5,0,0,0
walk,15.320000000007232,5.320000000006502,2.6872872404342774,0.4295402476663413,-0.042787285210522205,0.284474319880999,0.04768817465367106,0.5407470078174326,1.0,0.00970690646781822,0.5,0,0,0
walk,15.36000000000728,5.360000000006551,2.693143391793332,0.4215576575707101,-0.037380715505308665,0.2760738940049634,0.07884531891117312,0.43564945944742245,1.0,0.009526464671844426,0.5,0,0,0
walk,15.40000000000733,5.4000000000065995,2.704200924094214,0.42345151548626747,-0.037179647893692186,0.27540546461797777,0.0941729298164454,0.6908612835494555,1.0,0.009847698809386232,0.5,0,0,0
walk,15.440000000007378,5.440000000006648,2.7257337027386974,0.45345694699756406,-0.03965004209285697,0.2975320138526075,0.07692413758566029,1.271603683148433,1.0,0.010393495800232088,0.5,0,0,0
walk,15.480000000007427,5.480000000006697,2.763882721389272,0.477570396237437,-0.041177766928196205,0.30867855211616757,0.053325520554620545,1.0323573938505766,1.0,0.010434661792350152,0.5,0,0,0
walk,15.520000000007476,5.520000000006746,2.7847724088119405,0.48901714883373054,-0.03720056654395415,0.31376472414862067,0.05798823240303726,0.42192441175222517,1.0,0.010034447656672147,0.5,0,0,0
walk,15.560000000007525,5.560000000006795,2.7971064547753044,0.5017545070491571,-0.03635866235060925,0.32570459374991173,0.07565540180862836,0.579348420277533,1.0,0.01634753792112815,0.5,0,0,0
walk,15.600000000007574,5.600000000006844,2.8272599199244395,0.49630435862414285,-0.04161951014655174,0.32064332603673534,0.05683860892892185,0.9542614812721155,1.0,0.017166350802213525,0.5,0,0,0
walk,15.640000000007623,5.640000000006893,2.8628141533832614,0.4744324788864476,-0.04605703786389747,0.30124065749690043,0.04588456304827286,1.0156258223209917,1.0,0.009699581287077963,0.5,0,0,0
walk,15.680000000007672,5.680000000006942,2.8883354895886924,0.47589437892110487,-0.04259141020284908,0.2984523885055622,0.04794174157969348,0.5783149518890711,1.0,0.009726223944970785,0.5,0,0,0
walk,15.72000000000772,5.720000000006991,2.8947126512919596,0.4684064353564744,-0.037411936111200625,0.2905769418390629,0.0779465386380926,0.4489804265291173,1.0,0.009528364646007174,0.5,0,0,0
walk,15.76000000000777,5.7600000000070395,2.9060121546961635,0.4703443420482599,-0.03715612886041007,0.28936982167583813,0.09295937591835818,0.6961039651732761,1.0,0.009866486114460152,0.5,0,0,0
walk,15.800000000007818,5.800000000007088,2.926985818813256,0.5007929670907864,-0.039640854963639234,0.3120034315322954,0.07583815274446974,1.2646712871226926,1.0,0.010382450101616017,0.5,0,0,0
walk,15.840000000007867,5.840000000007137,2.9645998661554547,0.5246247127673807,-0.04102209769263491,0.32240648777817843,0.05270456159717559,1.0108389278705447,1.0,0.010427852581456376,0.5,0,0,0
walk,15.880000000007916,5.880000000007186,2.9851738915501285,0.5366800345846388,-0.03725742875837112,0.3277925665388568,0.05809588209715063,0.4372433642185494,1.0,0.010030055812718531,0.5,0,0,0
walk,15.920000000007965,5.920000000007235,2.9973594144673075,0.5492949327299126,-0.036708889316524974,0.33914638424076954,0.07580748563273364,0.5754268739268797,1.0,0.015675504812634376,0.5,0,0,0
walk,15.960000000008014,5.960000000007284,3.028628741310528,0.5443658916074511,-0.04220565365338539,0.3336262129783944,0.055904454083550034,0.9772068969640507,1.0,0.016288358622721783,0.5,0,0,0
walk,16.00000000000806,6.000000000007331,3.0651891700926623,0.5234966332418465,-0.046814842196716056,0.31397792960049514,0.04439723565616938,0.9485502125554315,1.0,0.009721198561798747,0.5,0,0,0
walk,16.040000000007968,6.040000000007238,3.0894883285983687,0.5251026017345684,-0.042820829567079374,0.310835179920629,0.04795206683476262,0.542237401085689,1.0,0.009713358186291309,0.5,0,0,0
walk,16.080000000007875,6.080000000007145,3.0957881221225025,0.5175299255754193,-0.037416239768573514,0.3025551146109203,0.07843190579868456,0.43214308264207146,1.0,0.009521962430208216,0.5,0,0,0
walk,16.12000000000778,6.120000000007051,3.107139830921284,0.5197109420960648,-0.03717412036851732,0.3014478044371192,0.09323952311292681,0.6916409995027714,1.0,0.00985927069844622,0.5,0,0,0
walk,16.160000000007688,6.160000000006958,3.127764997907576,0.5501720120033323,-0.03963051830527292,0.3237304637429099,0.07618774289083526,1.2626838380962182,1.0,0.010392754550030438,0.5,0,0,0
walk,16.200000000007595,6.200000000006865,3.1650032916458506,0.5749372352318204,-0.041044970791391175,0.334071824148574,0.05306994706054077,1.0148248668327062,1.0,0.010435590634310874,0.5,0,0,0
walk,16.2400000000075,6.240000000006772,3.1859046507975903,0.5868162513461874,-0.037240179374551645,0.3391422289582192,0.05740957431604737,0.4217625688712729,1.0,0.01002694533613134,0.5,0,0,0
walk,16.28000000000741,6.2800000000066785,3.198137313811489,0.5991395752624684,-0.03662150341169075,0.35116171992238737,0.07442387154597799,0.5686092845024777,1.0,0.015426020380431235,0.5,0,0,0
walk,16.320000000007315,6.320000000006585,3.2288706573724513,0.5941102677563057,-0.041979882297701124,0.34605546673542587,0.055173536211311804,0.9662815859442129,1.0,0.01620265176307606,0.5,0,0,0
walk,16.360000000007222,6.360000000006492,3.265030438254087,0.5736959913044812,-0.046412400398309864,0.3265358766212618,0.045514183642569525,0.9387027475246311,1.0,0.00970752384505744,0.5,0,0,0
walk,16.40000000000713,6.400000000006399,3.2894798089642787,0.5758136415547811,-0.042545030065379845,0.3235977887382479,0.048691670010625916,0.5583781145222935,1.0,0.009719327899537307,0.5,0,0,0
walk,16.440000000007036,6.440000000006306,3.2957506633731324,0.5683498436509556,-0.037324646339543445,0.3156834043738489,0.07928556696114435,0.4368429022069904,1.0,0.009535991376166843,0.5,0,0,0
walk,16.480000000006942,6.480000000006212,3.306963511375402,0.5710044600081874,-0.037205462815684806,0.31511521523605623,0.09397088382856064,0.7070451513113083,1.0,0.009867370836819569,0.5,0,0,0
walk,16.52000000000685,6.520000000006119,3.3274769809869045,0.6020089455019151,-0.039707065994082795,0.33783625721829735,0.07651200559048088,1.2764721994567116,1.0,0.010384948400259414,0.5,0,0,0
walk,16.560000000006756,6.560000000006026,3.3646507664142122,0.6267795761186883,-0.04099784643205355,0.34752092484065483,0.0530141253207495,1.0025657836040582,1.0,0.010429510055486334,0.5,0,0,0
walk,16.600000000006663,6.600000000005933,3.385595433829223,0.6392557084802093,-0.03727456959233284,0.3526110052795786,0.057352578112408695,0.44487681012312624,1.0,0.010007075978897946,0.5,0,0,0
walk,16.64000000000657,6.6400000000058395,3.3973620773843907,0.6517211638172258,-0.036730924003236985,0.3641025298430339,0.07486856548431145,0.5475233534074885,1.0,0.01510323997878159,0.5,0,0,0
walk,16.680000000006476,6.680000000005746,3.4285430336849685,0.6472762444171264,-0.04213156673638459,0.35857512710331835,0.055202381545028774,0.9818918312490699,1.0,0.01585876608366789,0.5,0,0,0
walk,16.720000000006383,6.720000000005653,3.4658614896121707,0.6274893950791832,-0.04665100746658675,0.33854243437196524,0.04392669970114108,0.9456519087220928,1.0,0.009724768194981422,0.5,0,0,0
walk,16.76000000000629,6.76000000000556,3.49045976888335,0.6299570913040602,-0.04269672375860443,0.3353265788955971,0.04691898088585382,0.5595275025518658,1.0,0.009730592245973625,0.5,0,0,0
walk,16.800000000006197,6.800000000005467,3.4966379657696103,0.6225314534549107,-0.03745888883207801,0.32730604305234234,0.07756221489817226,0.4411928554567663,1.0,0.009539506525143097,0.5,0,0,0
walk,16.840000000006103,6.840000000005373,3.507515766714144,0.6250002542763821,-0.037288018547625826,0.3266371912063091,0.0928258529483363,0.6918831439439754,1.0,0.009862713869585796,0.5,0,0,0
walk,16.88000000000601,6.88000000000528,3.527307941375927,0.6560746790079702,-0.03977869553811189,0.3492451275521514,0.07597204354072906,1.2689146221824665,1.0,0.010390077866626006,0.5,0,0,0
walk,16.920000000005917,6.920000000005187,3.5641104795115135,0.6814515187898662,-0.04106918245928597,0.35927074125645525,0.05284183202433321,1.011410686538565,1.0,0.01043414144411291,0.5,0,0,0
walk,16.960000000005824,6.960000000005094,3.5848635452124875,0.6938594655318746,-0.03723111049725664,0.3643746209076871,0.05710001897086483,0.4308758764111346,1.0,0.01001726366700965,0.5,0,0,0
walk,17.00000000000573,7.0000000000050004,3.5965236495434607,0.706416389067435,-0.03660319427531537,0.3763443518306955,0.07449562816928465,0.5533806295674732,1.0,0.015450656967377116,0.5,0,0,0
walk,17.040000000005637,7.040000000004907,3.627342517759254,0.7021596481589237,-0.04194519168345723,0.37114158703990285,0.05525296286195774,0.9713739998228702,1.0,0.01627122219505939,0.5,0,0,0
walk,17.080000000005544,7.080000000004814,3.6644538829050126,0.6825382306037147,-0.04642333245291209,0.35136272867629487,0.04466453149169772,0.9700302888536371,1.0,0.009718542606148949,0.5,0,0,0
walk,17.12000000000545,7.120000000004721,3.6892633930855068,0.6854162321826538,-0.04265988044069083,0.34841944674607733,0.04727110097767694,0.5694949852264708,1.0,0.009735536960180084,0.5,0,0,0
walk,17.160000000005358,7.1600000000046276,3.6956415403181833,0.6781187354936603,-0.03744621443147472,0.3405420301243112,0.07774892133337871,0.4472750619785619,1.0,0.009542684237456266,0.5,0,0,0
walk,17.200000000005264,7.200000000004534,3.7065795131735224,0.680826354504316,-0.037290199354915156,0.3398523981062259,0.09282771482964178,0.7007526663136241,1.0,0.009867999159907121,0.5,0,0,0
walk,17.24000000000517,7.240000000004441,3.726182574188776,0.7122033311603511,-0.03978000079747749,0.3626493817240926,0.07577353796078816,1.2736301831631767,1.0,0.01038512553260473,0.5,0,0,0
walk,17.280000000005078,7.280000000004348,3.762668218145517,0.737548629977426,-0.04096317334642747,0.3721288530841266,0.05265894321754125,0.9927614004849261,1.0,0.010431408632672081,0.5,0,0,0
walk,17.320000000004985,7.320000000004255,3.783201466936381,0.7506022932441286,-0.037261977436579746,0.37728484206779056,0.0573135778652851,0.44940868884428864,1.0,0.010006188331525025,0.5,0,0,0
walk,17.36000000000489,7.360000000004161,3.7945623995990663,0.7632084114464116,-0.03677341586643376,0.3886337666278566,0.07493879869295211,0.5402081387643446,1.0,0.015236819918064536,0.5,0,0,0
walk,17.4000000000048,7.400000000004068,3.826063440412921,0.7594188608041592,-0.04221036384970999,0.38304525235156267,0.05491758780907104,0.9910232599559565,1.0,0.015991160989517812,0.5,0,0,0
walk,17.440000000004705,7.440000000003975,3.8642021552330266,0.7405066167605243,-0.046751752677497344,0.36289954975568806,0.04329879679071739,0.9487636566597129,1.0,0.009734081166767893,0.5,0,0,0
walk,17.480000000004612,7.480000000003882,3.8886799689251164,0.7435177924876047,-0.04272757959790067,0.3595732912729308,0.04648451907145317,0.5577156378702092,1.0,0.009733640141190235,0.5,0,0,0
walk,17.52000000000452,7.5200000000037885,3.8949512139449434,0.7359937351862152,-0.037433882648987636,0.35144592160939236,0.07739974828912215,0.4493454368237091,1.0,0.009540003022580436,0.5,0,0,0
walk,17.560000000004425,7.560000000003695,3.9057482163055344,0.7386281334816652,-0.037237300957480686,0.3506944061441527,0.09269971963540682,0.6926206923841476,1.0,0.009865402519659212,0.5,0,0,0
walk,17.600000000004332,7.600000000003602,3.9247117608038335,0.7702457313670884,-0.039724931971387496,0.37321385136093277,0.07564371746124875,1.2688697064461625,1.0,0.010391905533805952,0.5,0,0,0
walk,17.64000000000424,7.640000000003509,3.96080518407825,0.7967589550293306,-0.04109571470868842,0.3834943149015143,0.052664650263231444,1.0147828273038815,1.0,0.010435908715700958,0.5,0,0,0
walk,17.680000000004146,7.680000000003416,3.9811306986485437,0.8096006893313669,-0.037226444956761064,0.38860201022200286,0.05713271723076138,0.42551462724231953,1.0,0.010027461580524918,0.5,0,0,0
walk,17.720000000004053,7.720000000003322,3.99245846621299,0.8225047789681409,-0.036539932310920856,0.40063581176516694,0.07462770707627069,0.5583850024427363,1.0,0.01584065876595416,0.5,0,0,0
walk,17.76000000000396,7.760000000003229,4.02313316070972,0.8190664564464744,-0.041838964643220705,0.39548374513095846,0.05569385175633393,0.9641471888796754,1.0,0.016643181899793913,0.5,0,0,0
walk,17.800000000003866,7.800000000003136,4.060488925682801,0.8001875388401762,-0.04626611590286578,0.37586889916464356,0.04500481425444255,0.9801854832240657,1.0,0.009715131485140275,0.5,0,0,0
walk,17.840000000003773,7.840000000003043,4.085610886031826,0.8036839165237643,-0.042612498699320565,0.3729871677317737,0.04714915714805894,0.5805937003011806,1.0,0.009733971640169732,0.5,0,0,0
walk,17.88000000000368,7.8800000000029495,4.092371819990246,0.7964562415867913,-0.037432923336758524,0.36500849087482456,0.07757714925915907,0.4511717336980008,1.0,0.009544968107364759,0.5,0,0,0
walk,17.920000000003586,7.920000000002856,4.103141421309658,0.7992266164108498,-0.03724076295313036,0.3641515368947775,0.09304010046347141,0.6963733720386672,1.0,0.009858645462873235,0.5,0,0,0
walk,17.960000000003493,7.960000000002763,4.122096089451464,0.8309140629855762,-0.03970713787427507,0.38687781900492585,0.07590720964494828,1.2694670351123778,1.0,0.010387964221996292,0.5,0,0,0
walk,18.0000000000034,8.00000000000267,4.1581576078380085,0.8573223188284468,-0.04100686402214598,0.397541965612669,0.05246708247098134,1.010916609895059,1.0,0.010435087068577584,0.5,0,0,0
walk,18.040000000003307,8.040000000002577,4.177604103296667,0.871013578464324,-0.03724581536992547,0.4030345180156397,0.05832526593441516,0.43979887895346453,1.0,0.01003495879965272,0.5,0,0,0
walk,18.080000000003214,8.080000000002483,4.188551647190203,0.8844894585114297,-0.03668377863566272,0.41415946732728404,0.07650541124181366,0.5677530909725008,1.0,0.015975304931993863,0.5,0,0,0
walk,18.12000000000312,8.12000000000239,4.220320854538457,0.8818371028735636,-0.04213620532699936,0.40869597103111577,0.05620908760480655,0.992478174061341,1.0,0.016634133211788266,0.5,0,0,0
walk,18.160000000003027,8.160000000002297,4.258969859985455,0.8634286734969728,-0.04673709179306705,0.3891386317886156,0.04357583365461734,0.9693091660163877,1.0,0.009732013072738995,0.5,0,0,0
walk,18.200000000002934,8.200000000002204,4.2836391310921815,0.8666650710311491,-0.04276320697684358,0.3858910808114158,0.046846730103357104,0.5533397258988787,1.0,0.00971325894512001,0.5,0,0,0
walk,18.24000000000284,8.24000000000211,4.290547495123684,0.8592306037970112,-0.037387327592266026,0.3776906070168956,0.07741383862278892,0.4472786109448349,1.0,0.009522129530978635,0.5,0,0,0
walk,18.280000000002747,8.280000000002017,4.301610841252721,0.8618637038473377,-0.03708200898709393,0.37626809726777777,0.09253522373505063,0.6839694291602512,1.0,0.009857519258418844,0.5,0,0,0
walk,18.320000000002654,8.320000000001924,4.319538710643431,0.8938449701605871,-0.039543602608284455,0.39846626756741493,0.07539096194900391,1.2556706402863034,1.0,0.010390252442675454,0.5,0,0,0
walk,18.36000000000256,8.36000000000183,4.354642115825958,0.9217143013807985,-0.04119877569996206,0.4103415347776344,0.052602278261594755,1.030983973900915,1.0,0.010433750103038129,0.5,0,0,0
walk,18.400000000002468,8.400000000001738,4.373748909920405,0.9348832587923358,-0.03720498043666866,0.41586815251406994,0.05813214335414401,0.4047374490258704,1.0,0.010062660794711114,0.5,0,0,0
walk,18.440000000002374,8.440000000001644,4.385057146032723,0.9487752964906827,-0.036342174101275763,0.42809942978811616,0.07552594868945156,0.6072398388583464,1.0,0.01665352516727688,0.5,0,0,0
walk,18.48000000000228,8.480000000001551,4.415209325135125,0.9465552127981398,-0.041607895721516915,0.4230851362025541,0.05748803343348507,0.9252215139224075,1.0,0.017276460769435804,0.5,0,0,0
walk,18.520000000002188,8.520000000001458,4.4519294181454105,0.9282091542056743,-0.046034874941718366,0.4040899322570243,0.047507982740238236,1.041823440417723,1.0,0.00969775806747392,0.5,0,0,0
walk,18.560000000002095,8.560000000001365,4.477007570748463,0.9321386923783188,-0.042757312265275946,0.40134818338461214,0.04963233118550598,0.5642250995870572,1.0,0.009720662032869238,0.5,0,0,0
walk,18.600000000002,8.600000000001272,4.484547324375165,0.925936941572789,-0.03750284128415404,0.3929599216902786,0.07872013496057967,0.43018705650168626,1.0,0.00951034625482442,0.5,0,0,0
walk,18.64000000000191,8.640000000001178,4.496115951883277,0.9291079112307985,-0.03718727899083023,0.3912065496368273,0.09319862492937753,0.6930630177794959,1.0,0.009857672967783726,0.5,0,0,0
walk,18.680000000001815,8.680000000001085,4.5140601404851335,0.9613221849223633,-0.03963586556528735,0.4134543105794432,0.07652384485532764,1.2639905584423465,1.0,0.010383883336018885,0.5,0,0,0
walk,18.720000000001722,8.720000000000992,4.549234181238263,0.9885614258843172,-0.0409312320365981,0.4235540066467751,0.05339276813276432,1.003648117782481,1.0,0.010429976331909091,0.5,0,0,0
walk,18.76000000000163,8.760000000000899,4.568521469656774,1.0028623567726798,-0.03722725149906614,0.4287974647122265,0.058937079242325975,0.44535174597287863,1.0,0.010030678419064968,0.5,0,0,0
walk,18.800000000001535,8.800000000000805,4.57945500877926,1.0165182120575114,-0.036803653746216095,0.4400542929537836,0.07652559151823578,0.5732212488229598,1.0,0.016155464977334912,0.5,0,0,0
walk,18.840000000001442,8.840000000000712,4.6117197255059885,1.0147128402435257,-0.04239278185503633,0.43477848566885924,0.05566349658818298,0.9995713849257784,1.0,0.016737642449932658,0.5,0,0,0
walk,18.88000000000135,8.880000000000619,4.650873264434968,0.997713504630903,-0.04704918350289887,0.4155715975859577,0.04347828738052145,0.9287351388918519,1.0,0.009717635405908675,0.5,0,0,0
walk,18.920000000001256,8.920000000000526,4.674787861975417,1.0019202473441728,-0.04284056347882901,0.41247146679908825,0.047064544928206706,0.5468767333365205,1.0,0.009697870001929348,0.5,0,0,0
walk,18.960000000001163,8.960000000000433,4.681673312347893,0.9946091863364152,-0.03738159243842363,0.404077335681777,0.07820675632939358,0.4419221160238668,1.0,0.009524845481913168,0.5,0,0,0
walk,19.00000000000107,9.00000000000034,4.692392031289065,0.9978831016058556,-0.0371620775891998,0.4032896843033181,0.09345381977870118,0.6945062325303212,1.0,0.00984626690823304,0.5,0,0,0
walk,19.040000000000976,9.040000000000246,4.709884069267016,1.0304127446660536,-0.039619608864041055,0.42550222784299935,0.07607855320627518,1.268364175837253,1.0,0.01039277375099667,0.5,0,0,0
walk,19.080000000000883,9.080000000000153,4.744627467870256,1.0592074510672709,-0.04108909632203778,0.4364553824860583,0.052666431058301724,1.0259456336656692,1.0,0.01043651780148934,0.5,0,0,0
walk,19.12000000000079,9.12000000000006,4.76397564598174,1.0729999920309414,-0.03722143351130322,0.44163274877958086,0.05733279999872562,0.4094317819847088,1.0,0.010042247000534452,0.5,0,0,0
walk,19.160000000000696,9.159999999999966,4.774796186704227,1.0866068024524826,-0.0364945943433935,0.4538975809439626,0.07453024298625235,0.5772721819654164,1.0,0.015728170728152777,0.5,0,0,0
walk,19.200000000000603,9.199999999999873,4.805458955602115,1.084781616194253,-0.04177325788557423,0.4489927568285624,0.05579089595787999,0.9522335531104452,1.0,0.01651004053698187,0.5,0,0,0
walk,19.24000000000051,9.23999999999978,4.843275343983424,1.0678768801890612,-0.046184054995614884,0.42947277368675796,0.04599298689233315,0.9751728853548891,1.0,0.009703813208251625,0.5,0,0,0
walk,19.280000000000417,9.279999999999687,4.867993236746421,1.0725735804385907,-0.04254334048612464,0.42668599880200037,0.048447096600487106,0.5702299998133452,1.0,0.009729375257717127,0.5,0,0,0
walk,19.320000000000324,9.319999999999593,4.875166615831335,1.0658693311076086,-0.03737922334217093,0.4189891834676614,0.0787315690244758,0.4430646080162082,1.0,0.009538460004288695,0.5,0,0,0
walk,19.36000000000023,9.3599999999995,4.885988579695337,1.0693301440940557,-0.037207069146637455,0.4181944622525241,0.09381865163899766,0.6969954823797572,1.0,0.009862622963036648,0.5,0,0,0
walk,19.400000000000137,9.399999999999407,4.902990989849479,1.1022663914994797,-0.03972817583512802,0.4407684235700683,0.07667371026605081,1.2741185927318206,1.0,0.010378635012362762,0.5,0,0,0
walk,19.440000000000044,9.439999999999314,4.93759795664402,1.1306399887607173,-0.04101790534356043,0.451352111512718,0.05300504376453621,1.0144539589520276,1.0,0.010423596855634059,0.5,0,0,0
walk,19.47999999999995,9.47999999999922,4.95659440758653,1.1454553159363425,-0.037177315515207095,0.45682934882426085,0.058263088543019634,0.44767021323323025,1.0,0.010019283881397455,0.5,0,0,0
walk,19.519999999999857,9.519999999999127,4.966772011858086,1.1596699866264493,-0.03651661691560955,0.46827581240029675,0.07643044190242977,0.5629112632641371,1.0,0.016076729451962264,0.5,0,0,0
walk,19.559999999999764,9.559999999999034,4.99799407526414,1.158802912624888,-0.04190743509801242,0.4629240580399707,0.05696561656066254,0.9758323944197747,1.0,0.016746000375921537,0.5,0,0,0
walk,19.59999999999967,9.599999999998941,5.037198705181935,1.142393001700996,-0.04645648938971585,0.44347816181303124,0.044377409251607894,1.0029427882899997,1.0,0.009718412831679226,0.5,0,0,0
walk,19.639999999999578,9.639999999998848,5.062327638920988,1.1473210298114538,-0.042744414766292274,0.4404640756305766,0.046582713522162436,0.5753137160570675,1.0,0.00972391722395794,0.5,0,0,0
walk,19.679999999999485,9.679999999998754,5.069857886012071,1.1404016129705892,-0.0374305250861593,0.4323270320496131,0.07687593751092534,0.45387417091630006,1.0,0.00952845743670194,0.5,0,0,0
walk,19.71999999999939,9.719999999998661,5.080563995166494,1.143436468265981,-0.037079706607892116,0.4307887771300981,0.09255834670141684,0.6794224425568701,1.0,0.009848649766129052,0.5,0,0,0
walk,19.759999999999298,9.759999999998568,5.096865699396088,1.1762746786866465,-0.03952443011982523,0.45302395693736514,0.07548890145404386,1.2550457787977907,1.0,0.010390943570572178,0.5,0,0,0
walk,19.799999999999205,9.799999999998475,5.130568344562223,1.2058797784059427,-0.04110995368167516,0.46511397496778206,0.05246686490307649,1.0359996336922985,1.0,0.010436311203402797,0.5,0,0,0
walk,19.83999999999911,9.839999999998382,5.148704925276079,1.22031062082194,-0.03722400161490476,0.4708164692267564,0.058520253822224956,0.40633793516833283,1.0,0.010071656454460908,0.5,0,0,0
walk,19.87999999999902,9.879999999998288,5.159064206962067,1.234810281095175,-0.036498868303491326,0.4826455386165168,0.07629986143958564,0.6064284212207648,1.0,0.016270339597395517,0.5,0,0,0
walk,19.919999999998925,9.919999999998195,5.190240771592315,1.2344862573889213,-0.04190028255850577,0.4777290976835959,0.05704074600207795,0.9581815124327858,1.0,0.016947244008260108,0.5,0,0,0
walk,19.959999999998832,9.959999999998102,5.228944323274847,1.2184792795385444,-0.046446611290019424,0.45884259525098675,0.04573934416893851,0.9928902841933235,1.0,0.009708853529178644,0.5,0,0,0
walk,19.99999999999874,9.999999999998009,5.253532246973861,1.2237131793227622,-0.04273041129529973,0.4558590200052206,0.04831160672404967,0.5633811853059648,1.0,0.009709289619586938,0.5,0,0,0
turn,20.039999999998646,0.03999999999990678,5.259139883729257,1.2168762638389037,-0.038868720912598895,0.4569502154000765,0.0796094603593975,0.362300280182146,1.0,0.009519376673125754,0,0,0.6,0
turn,20.079999999998552,0.07999999999981355,5.269781709282159,1.2289637188317475,-0.040883111263555136,0.48769960958320385,0.08351592640318382,0.8957815575280269,1.0,0.01036683650522134,0,0,0.6,0
turn,20.11999999999846,0.11999999999972033,5.28577501791097,1.2538961000838633,-0.04652454000373359,0.5291488892420507,0.06980838050178372,0.5028415425237065,1.0,0.010487419075490275,0,0,0.6,0
turn,20.159999999998366,0.1599999999996271,5.292441287725778,1.2464047716877085,-0.041905361293475094,0.5540579626349279,0.09270113867735723,0.3873475614985898,1.0,0.01032908691501751,0,0,0.6,0
turn,20.199999999998273,0.19999999999953388,5.299859804104505,1.240609278136793,-0.0407090610211613,0.5792559236305639,0.11341422253210495,0.41448827113665404,1.0,0.009212354884641335,0,0,0.6,0
turn,20.23999999999818,0.23999999999944066,5.3346796568254975,1.2441703454361028,-0.04657644534869835,0.5880293434942132,0.09218850362093034,0.9494552105328251,1.0,0.009599285164198204,0,0,0.6,0
turn,20.279999999998086,0.27999999999934744,5.340506010646927,1.247549195117684,-0.042195030561189895,0.6095071331094892,0.09864598390008372,0.3521763514367384,1.0,0.009639026930078072,0,0,0.6,0
turn,20.319999999997993,0.3199999999992542,5.3359683682276,1.2417645646925501,-0.038483476860997345,0.6419045153722631,0.1256446144059795,0.1631991900068504,1.0,0.00907635031472724,0,0,0.6,0
turn,20.3599999999979,0.359999999999161,5.337998508961037,1.2472681425314243,-0.039666002910399276,0.6768836715133736,0.13142961169340478,0.16146545975387872,1.0,0.00937080696430959,0,0,0.6,0
turn,20.399999999997807,0.39999999999906777,5.339449671333911,1.2461936577135566,-0.04061397972433713,0.7187879808648366,0.14024822860137948,0.2422196938643819,1.0,0.00936513101337017,0,0,0.6,0
turn,20.439999999997713,0.43999999999897454,5.350967311060777,1.2446386805739516,-0.04037393653963513,0.7509130130241629,0.1351161707742522,0.35862439887105,1.0,0.00944440444851682,0,0,0.6,0
turn,20.47999999999762,0.4799999999988813,5.363916414710682,1.2449514188366544,-0.04219404960525387,0.7794782761369599,0.1262003208148195,0.1999345230265806,1.0,0.009414975419453683,0,0,0.6,0
turn,20.519999999997527,0.5199999999987881,5.378171748674372,1.2451227776609142,-0.04524934012132097,0.7993644140055227,0.1136491593867047,0.40042150448619684,1.0,0.00923301985775513,0,0,0.6,0
turn,20.559999999997434,0.5599999999986949,5.38561482091165,1.244009084964879,-0.04228795838995843,0.8062279181330897,0.10615836489682798,0.29948931269598267,1.0,0.009298734320708074,0,0,0.6,0
turn,20.59999999999734,0.5999999999986017,5.385804662342552,1.2339488580691358,-0.038986205930294414,0.8256490781619207,0.11464746575534569,0.4048360043739921,1.0,0.009304638972753536,0,0,0.6,0
turn,20.639999999997247,0.6399999999985084,5.387525724283365,1.2355943553605326,-0.040052178813174286,0.8558978679818537,0.10687814364180961,0.27094623935462836,1.0,0.009549714062460234,0,0,0.6,0
turn,20.679999999997154,0.6799999999984152,5.385099726456123,1.2400956549248403,-0.04349486892255647,0.889733279771556,0.10117537065153476,0.3061688876760292,1.0,0.009775202645028142,0,0,0.6,0
turn,20.71999999999706,0.719999999998322,5.386589510596137,1.2259508780059616,-0.04113402365967039,0.9214321355768216,0.11317834805490241,0.3645849531408914,1.0,0.009755226220644501,0,0,0.6,0
turn,20.759999999996968,0.7599999999982288,5.391940523447287,1.2169413731890095,-0.04008951019207596,0.9537897312279409,0.1192749519876265,0.2978816327684336,1.0,0.009437682102327875,0,0,0.6,0
turn,20.799999999996874,0.7999999999981355,5.401125627084309,1.208197593912116,-0.04166415510871757,0.9751424669572644,0.12553524031536237,0.14814772200568513,1.0,0.009324960443607606,0,0,0.6,0
turn,20.83999999999678,0.8399999999980423,5.400734250590041,1.2076762975045678,-0.04005809116904745,1.0037364278179934,0.12605082064025153,0.1417791698474034,1.0,0.009347203905277103,0,0,0.6,0
turn,20.879999999996688,0.8799999999979491,5.399004344583465,1.2097866313531462,-0.040163945524923916,1.038870190839126,0.1239328650206603,0.1779671280421641,1.0,0.009350122895143828,0,0,0.6,0
turn,20.919999999996595,0.9199999999978559,5.397041598599146,1.2087821160775376,-0.04089824072502399,1.0713220766045244,0.12762907982901456,0.24144121519417863,1.0,0.009520725976625193,0,0,0.6,0
turn,20.9599999999965,0.9599999999977626,5.403443269549861,1.2013175579314574,-0.03952585438433246,1.0999299953088146,0.1340356334109119,0.2569907980652362,1.0,0.00950139752198819,0,0,0.6,0
turn,20.999999999996408,0.9999999999976694,5.4126316724240695,1.197298254723551,-0.04005010648600129,1.1286436081465612,0.135325349459484,0.30247697815593366,1.0,0.009453144168019815,0,0,0.6,0
turn,21.039999999996315,1.0399999999975762,5.4138520684982945,1.1974922478463208,-0.040255473501263996,1.1524180802815769,0.13475192142465833,0.2512935965364326,1.0,0.009291160924730356,0,0,0.6,0
turn,21.07999999999622,1.079999999997483,5.411852762195304,1.1985094118631856,-0.040097346448622895,1.1793709857630597,0.1333284311053999,0.028757922522398647,1.0,0.009199026393276754,0,0,0.6,0
turn,21.11999999999613,1.1199999999973898,5.413062712492661,1.1966722996184072,-0.039758611838470855,1.2050182701341923,0.1345290999173981,0.11023300669765776,1.0,0.009208559495339236,0,0,0.6,0
turn,21.159999999996035,1.1599999999972965,5.418909268229131,1.1930289395106923,-0.03956475487928598,1.2255096052669392,0.13647441942446575,0.21052787493696087,1.0,0.009371772552722053,0,0,0.6,0
turn,21.199999999995942,1.1999999999972033,5.424774320122045,1.190713683687343,-0.03968565574640883,1.2442550965937205,0.13711922313682515,0.13016966446117298,1.0,0.009401795160115781,0,0,0.6,0
turn,21.23999999999585,1.23999999999711,5.426565913794337,1.1903110661090621,-0.03976130057960729,1.261737777856619,0.13709724659983866,0.017210571121058373,1.0,0.009390945456730894,0,0,0.6,0
turn,21.279999999995756,1.2799999999970169,5.425936224204651,1.1920317458039258,-0.03990424139387716,1.2730484369232662,0.13476055420286986,0.06909092463759318,1.0,0.00930440569987699,0,0,0.6,0
turn,21.319999999995662,1.3199999999969236,5.423615312864485,1.1928728124609043,-0.040121721448793786,1.2801424042385372,0.13422502924574176,0.06709775634555915,1.0,0.00930814529432258,0,0,0.6,0
turn,21.35999999999557,1.3599999999968304,5.421851748567339,1.192837339011178,-0.040268805044621214,1.2853522762951495,0.13464700897833093,0.03130971702053317,1.0,0.009302109232364027,0,0,0.6,0
turn,21.399999999995476,1.3999999999967372,5.421191974299824,1.1926394857723797,-0.04032652046259941,1.2896734260236606,0.13468811521588608,0.010893789875043433,1.0,0.009301189689948091,0,0,0.6,0
turn,21.439999999995383,1.439999999996644,5.421599609530355,1.192823105101147,-0.04041350057153989,1.2935315384684702,0.13380937227048478,0.01841398437138977,1.0,0.009259780106933076,0,0,0.6,0
turn,21.47999999999529,1.4799999999965507,5.421786564054814,1.193308795036823,-0.0405192982571836,1.2964291538815793,0.13281516720991712,0.014139496473045897,1.0,0.009250207474058804,0,0,0.6,0
turn,21.519999999995196,1.5199999999964575,5.421370973227012,1.1941982268773943,-0.04062782249753464,1.2983400714519167,0.13175736918164618,0.028356010380271978,1.0,0.009254887700126576,0,0,0.6,0
turn,21.559999999995103,1.5599999999963643,5.419950265174703,1.1948874907696159,-0.040732967564265435,1.2994441325031356,0.13146263364737842,0.05297749349267975,1.0,0.009251704888613491,0,0,0.6,0
turn,21.59999999999501,1.599999999996271,5.418153932192362,1.1952885370438486,-0.040706729886295215,1.300717823416978,0.13165542990790707,0.041283473105848234,1.0,0.009227971333418747,0,0,0.6,0
turn,21.639999999994917,1.6399999999961778,5.417112302585948,1.1956093437190003,-0.04069163080873795,1.301673047018137,0.13163139510313243,0.019355296001225784,1.0,0.009229914574326148,0,0,0.6,0
turn,21.679999999994823,1.6799999999960846,5.4169256425015835,1.1958573890279145,-0.040702282313519134,1.3027627895620928,0.1314714276937832,0.00465587764070233,1.0,0.009244446949210502,0,0,0.6,0
turn,21.71999999999473,1.7199999999959914,5.416985686499116,1.196240634961366,-0.04069782332658783,1.3040705910838428,0.13111865442753173,0.011021773576064165,1.0,0.009258701220437465,0,0,0.6,0
turn,21.759999999994637,1.7599999999958982,5.416870429509422,1.1965443150657933,-0.04067428277003151,1.30521105009128,0.13104255372747958,0.007403265299168125,1.0,0.009258706897162702,0,0,0.6,0
turn,21.799999999994544,1.799999999995805,5.416674536588937,1.1967267583975696,-0.040646056019736976,1.3060796177102647,0.13121972324055373,0.006374920875695542,1.0,0.009245121923950205,0,0,0.6,0
turn,21.83999999999445,1.8399999999957117,5.416496312797736,1.1970362195307913,-0.04064396980684486,1.3069147335356595,0.13111074646545468,0.00897153916985777,1.0,0.009231446087629309,0,0,0.6,0
turn,21.879999999994357,1.8799999999956185,5.416416245238693,1.1973773096896752,-0.04066167931463817,1.307810180681834,0.13078588851380119,0.007413983916118235,1.0,0.009231071918417183,0,0,0.6,0
turn,21.919999999994264,1.9199999999955253,5.41656728228742,1.1974473657657083,-0.04067141127956758,1.3084764827898592,0.13070024095118374,0.0063907543611838,1.0,0.009229046499074831,0,0,0.6,0
turn,21.95999999999417,1.959999999995432,5.4169174305115835,1.1974705383789461,-0.04069951127323298,1.309182885585142,0.13052101803572164,0.010632695509270415,1.0,0.009225057029497072,0,0,0.6,0
turn,21.999999999994078,1.9999999999953388,5.417619674848019,1.19758569200198,-0.04078287950936266,1.3099078113824556,0.1300989101412518,0.01965402657405403,1.0,0.009231029328258719,0,0,0.6,0
turn,22.039999999993984,2.0399999999952456,5.418479720172615,1.197715177645295,-0.04082566541690461,1.3105959639375737,0.12976638847747482,0.020256141399530143,1.0,0.009235455727044543,0,0,0.6,0
turn,22.07999999999389,2.0799999999951524,5.418988430996713,1.1979094596876654,-0.040822726666492885,1.3112734342953327,0.12960963323767888,0.010156536633613088,1.0,0.009237735494473135,0,0,0.6,0
turn,22.119999999993798,2.119999999995059,5.41912607535883,1.1979721281282318,-0.04079814867159785,1.311691985622997,0.12984136666874144,0.0009365021409875997,1.0,0.009236985270996912,0,0,0.6,0
turn,22.159999999993705,2.159999999994966,5.4191118960633675,1.198038526145858,-0.040780805113677356,1.31210830548857,0.13005021479641232,0.002306829734303513,1.0,0.009226604329747432,0,0,0.6,0
turn,22.19999999999361,2.1999999999948727,5.418879847818173,1.198276705599027,-0.04076929594280636,1.3125937800418617,0.12984759259317993,0.010494351172334701,1.0,0.009226543162202535,0,0,0.6,0
turn,22.23999999999352,2.2399999999947795,5.418579432384076,1.1983835473477011,-0.04078519102546507,1.3130303946098132,0.1296365615496762,0.007006902649135384,1.0,0.00922627265624229,0,0,0.6,0
turn,22.279999999993425,2.2799999999946863,5.418593033823289,1.1984284504020692,-0.040818317398651584,1.3132987426581368,0.1292881640691423,0.004409965864688729,1.0,0.009219282901328665,0,0,0.6,0
turn,22.319999999993332,2.319999999994593,5.418762034728498,1.1983976507431962,-0.040856649151630994,1.3136305088156315,0.1289634263397488,0.005092791933112616,1.0,0.009225651427785761,0,0,0.6,0
turn,22.35999999999324,2.3599999999945,5.41917194377794,1.1983322583876215,-0.040903720086226635,1.3139980080871698,0.12872572356425355,0.011548675965375208,1.0,0.009232745135046735,0,0,0.6,0
turn,22.399999999993145,2.3999999999944066,5.419636847904407,1.1983806654256492,-0.040914911714377916,1.314402487273276,0.12847964634921227,0.01016194875703396,1.0,0.009240969418785891,0,0,0.6,0
turn,22.439999999993052,2.4399999999943134,5.419815455907896,1.1984534721451336,-0.04089661143015313,1.314746736207034,0.1284692050571742,0.0022682492413711192,1.0,0.009241071307547003,0,0,0.6,0
turn,22.47999999999296,2.47999999999422,5.419785839047987,1.198463221175293,-0.04086546708492826,1.3150088361565706,0.12872071305699162,0.0025337807358958553,1.0,0.009238568165404347,0,0,0.6,0
turn,22.519999999992866,2.519999999994127,5.419547381102741,1.1986613349020767,-0.040829399925617633,1.3154039790242296,0.12866230684059185,0.01009533587597331,1.0,0.009236913642067494,0,0,0.6,0
turn,22.559999999992773,2.5599999999940337,5.41913563660261,1.198774446254498,-0.04081791573334037,1.315787100104159,0.1286034389628198,0.010673233773807267,1.0,0.009236886733598336,0,0,0.6,0
turn,22.59999999999268,2.5999999999939405,5.418984102103372,1.1988291027704705,-0.04084629608077064,1.3160189080990154,0.1284092531976657,0.0014449561223144952,1.0,0.009224398690882802,0,0,0.6,0
turn,22.639999999992586,2.6399999999938473,5.419047553306831,1.1988380857921839,-0.040878976721146563,1.3162010779952065,0.12814396208262177,0.003175110335347802,1.0,0.009225812542360618,0,0,0.6,0
turn,22.679999999992493,2.679999999993754,5.41930075326394,1.1987585159040965,-0.04092185108654065,1.316526025396843,0.12801789036313915,0.007730253750495864,1.0,0.009232760394528253,0,0,0.6,0
turn,22.7199999999924,2.719999999993661,5.419776132974125,1.198738034076734,-0.0409498404893919,1.3168424671787826,0.12790592810842863,0.012155215770180238,1.0,0.009238710493960038,0,0,0.6,0
turn,22.759999999992306,2.7599999999935676,5.4200282034565,1.198802748073403,-0.04093210097680023,1.3171672458854935,0.12790372671447556,0.003921047682471409,1.0,0.009240807662809273,0,0,0.6,0
turn,22.799999999992213,2.7999999999934744,5.420043389299794,1.1988098991440106,-0.04090083313820735,1.3173805187299594,0.12815914604229572,0.0015367768503294255,1.0,0.009240627007436757,0,0,0.6,0
turn,22.83999999999212,2.839999999993381,5.419923764973637,1.1989811576246674,-0.040871920206368,1.3176741065623299,0.1281503077833252,0.006810181199543164,1.0,0.009236288057173235,0,0,0.6,0
turn,22.879999999992027,2.879999999993288,5.419535340646803,1.199113300270423,-0.040847649217782195,1.318034712713995,0.12809126507525131,0.010975068127168705,1.0,0.009236108544032026,0,0,0.6,0
turn,22.919999999991933,2.9199999999931947,5.41928186031132,1.1991229290097736,-0.040871794154487884,1.3183152593325351,0.1280010929667255,0.0035392150254831226,1.0,0.009226905341048152,0,0,0.6,0
turn,22.95999999999184,2.9599999999931015,5.419306745984475,1.1991341566623819,-0.04090716173970756,1.3184860404217653,0.12771530409365625,0.003137434336351378,1.0,0.009224242649940751,0,0,0.6,0
turn,22.999999999991747,2.9999999999930083,5.41948520027355,1.1990667292662753,-0.04095107880233013,1.3187499912534244,0.12751731808121045,0.005807193979710979,1.0,0.009230199543037339,0,0,0.6,0
turn,23.039999999991654,3.039999999992915,5.419964494055765,1.1989912821370743,-0.040988929300728956,1.318958623478077,0.12741265935867238,0.013283473057574767,1.0,0.00923540663925514,0,0,0.6,0
turn,23.07999999999156,3.079999999992822,5.420294846923926,1.1990643280183606,-0.040977863941753255,1.3192430607445282,0.1273063731417471,0.00644714913769909,1.0,0.009243415045844017,0,0,0.6,0
turn,23.119999999991467,3.1199999999927286,5.420357077268173,1.199091378916549,-0.040951668132078296,1.3194400323744324,0.12747687503227717,0.0006092791066507326,1.0,0.009243415199211284,0,0,0.6,0
turn,23.159999999991374,3.1599999999926354,5.420282213067552,1.1991551976294506,-0.040919716597151747,1.3196323888819956,0.12764454423513072,0.003111598594209835,1.0,0.0092357301878492,0,0,0.6,0
turn,23.19999999999128,3.199999999992542,5.419920673541984,1.1993099531709326,-0.04088708630428231,1.319936838327355,0.12758547095040995,0.011540968332535135,1.0,0.009234417315178812,0,0,0.6,0
turn,23.239999999991188,3.239999999992449,5.419573612195999,1.1993242968659585,-0.04090012688436086,1.320205768976782,0.12753737685387356,0.007416923374519306,1.0,0.009231997755877533,0,0,0.6,0
turn,23.279999999991094,3.2799999999923557,5.419545381028372,1.199341152156854,-0.040933564082336386,1.3203688300550829,0.1272677506995215,0.0029699115877402336,1.0,0.009224655585954561,0,0,0.6,0
turn,23.319999999991,3.3199999999922625,5.419663912600558,1.1992820703998797,-0.04097584045695375,1.3205575393060136,0.12704859901250717,0.004293433401317999,1.0,0.009228182411500729,0,0,0.6,0
turn,23.359999999990908,3.3599999999921693,5.420108333264024,1.1991744317486224,-0.04102200663314914,1.3206837622956957,0.1269637444201405,0.013221295576007885,1.0,0.009233712810334286,0,0,0.6,0
turn,23.399999999990815,3.399999999992076,5.420518427536626,1.199219514873383,-0.041018409039980365,1.3209026463102636,0.12684942119110226,0.008403635350835882,1.0,0.009244472330930707,0,0,0.6,0
turn,23.43999999999072,3.439999999991983,5.4206372993602505,1.1992530552489653,-0.040992513499169506,1.3211157973401573,0.126991436433249,0.0004620710551882541,1.0,0.009244558093549451,0,0,0.6,0
turn,23.47999999999063,3.4799999999918896,5.420586841641305,1.1992471135945209,-0.04095734009695241,1.3212629566622351,0.12729233839706397,0.0025774362410180044,1.0,0.009238793617983677,0,0,0.6,0
turn,23.519999999990535,3.5199999999917964,5.420247309825469,1.1994340040930946,-0.04092118750955386,1.3215441323064796,0.12721823028716958,0.01229417481078983,1.0,0.009235110096005163,0,0,0.6,0
turn,23.559999999990442,3.559999999991703,5.419840009657272,1.1994773044701723,-0.04092761477618473,1.3217934520791248,0.12716605679129825,0.009436022976550997,1.0,0.009235087383603097,0,0,0.6,0
turn,23.59999999999035,3.59999999999161,5.419765362372608,1.199500645234232,-0.04096180313811721,1.32193636779044,0.12690051137370337,0.0022306734051472294,1.0,0.009223580990720265,0,0,0.6,0
turn,23.639999999990255,3.6399999999915167,5.4198587974451335,1.1994727024102076,-0.04100267468527322,1.3220878260750617,0.12661302089802173,0.0035711384022232536,1.0,0.009227620839138763,0,0,0.6,0
turn,23.679999999990162,3.6799999999914235,5.420259436059194,1.1993377951203454,-0.041053131414612934,1.3221690932777812,0.1265413232314471,0.012563598048580133,1.0,0.009231691699842857,0,0,0.6,0
turn,23.71999999999007,3.7199999999913302,5.4207338408503745,1.1993320765381992,-0.041057695162108596,1.3223184418364502,0.12645721974716045,0.010367335774269014,1.0,0.009243810615776706,0,0,0.6,0
turn,23.759999999989976,3.759999999991237,5.420905587181464,1.1993639191405803,-0.041032354496165345,1.3225449769185798,0.12657544583541286,0.001431390260427655,1.0,0.009244222222952082,0,0,0.6,0
turn,23.799999999989883,3.799999999991144,5.420874698525771,1.199353129810377,-0.040997830675005544,1.322673163395578,0.1268879404439173,0.002434268756781788,1.0,0.009241855712642235,0,0,0.6,0
turn,23.83999999998979,3.8399999999910506,5.420570787939627,1.1995387854564583,-0.040960732618975114,1.3229337126077767,0.12683693080089176,0.011468973867514208,1.0,0.00923679679299088,0,0,0.6,0
turn,23.879999999989696,3.8799999999909573,5.420131189077007,1.1996017189126396,-0.040959644050699226,1.3231663556933524,0.12679243178672295,0.01054571300976688,1.0,0.009236785369950165,0,0,0.6,0
turn,23.919999999989603,3.919999999990864,5.420001868065001,1.1996260944421426,-0.040994796211387956,1.3232839122605595,0.1265510435326835,0.0012929760248854912,1.0,0.009222906682650925,0,0,0.6,0
turn,23.95999999998951,3.959999999990771,5.420069449048002,1.1996238759221274,-0.041036144721486784,1.3234127912814262,0.12622105127398903,0.0031161605233317406,1.0,0.009227559231814963,0,0,0.6,0
turn,23.999999999989416,3.9999999999906777,5.420389738928708,1.1994800075285625,-0.0410839573234618,1.3234723079984736,0.126147920753046,0.010777797000316577,1.0,0.009230012973687333,0,0,0.6,0
turn,24.039999999989323,4.0399999999905845,5.420883279583738,1.1994279426482772,-0.04109839301015992,1.3235817171410356,0.12609386537897166,0.01185790775069895,1.0,0.009242831231145075,0,0,0.6,0
turn,24.07999999998923,4.079999999990491,5.421099664637226,1.1994533513243297,-0.041074440778459065,1.3238166081091838,0.1261846583593887,0.0023699701647579845,1.0,0.009244650490784672,0,0,0.6,0
turn,24.119999999989137,4.119999999990398,5.421086274674045,1.1994403812028473,-0.04103994244750342,1.3239304912532341,0.12648996026216056,0.002252361451500607,1.0,0.009243944667711307,0,0,0.6,0
turn,24.159999999989044,4.159999999990305,5.420846634186574,1.1996181084796207,-0.041003771775487356,1.324137447246476,0.1264618803110802,0.009919704086721298,1.0,0.009237740996108967,0,0,0.6,0
turn,24.19999999998895,4.199999999990212,5.420400240372286,1.1997018414774774,-0.04099334445701148,1.3243625191384683,0.12642211436745426,0.01130824831903137,1.0,0.009237733903579196,0,0,0.6,0
turn,24.239999999988857,4.239999999990118,5.420217078125834,1.199728010234174,-0.04102801468245829,1.3244891341629734,0.12621896501355068,0.0012985783514009328,1.0,0.00922407477091273,0,0,0.6,0
turn,24.279999999988764,4.279999999990025,5.4202619786873125,1.1997426427165845,-0.041069327830125006,1.3246060783487725,0.12587628579173288,0.00278362716487307,1.0,0.009227303922010604,0,0,0.6,0
turn,24.31999999998867,4.319999999989932,5.420500420807062,1.1995945842357234,-0.041112644235583855,1.324682477017795,0.12580518977798957,0.009008095720791065,1.0,0.009229099096572773,0,0,0.6,0
turn,24.359999999988577,4.359999999989839,5.420994802648528,1.1995071027494508,-0.041136776201395275,1.324764221895679,0.1257697605429505,0.012922096547444832,1.0,0.009240980846568592,0,0,0.6,0
turn,24.399999999988484,4.3999999999897454,5.421253973587132,1.1995258687313106,-0.04111412726519781,1.3249877839139264,0.12582792675318535,0.0034145257063220354,1.0,0.009245171699959809,0,0,0.6,0
turn,24.43999999998839,4.439999999989652,5.421258916442405,1.1995105443990586,-0.04108042595592914,1.3250892406000447,0.12611739580828318,0.002068933173310529,1.0,0.009245047057417948,0,0,0.6,0
turn,24.479999999988298,4.479999999989559,5.421092768292966,1.1996809368097925,-0.041047255709555135,1.3252253657836188,0.1261060707083109,0.008323960136819577,1.0,0.009238179813299975,0,0,0.6,0
turn,24.519999999988205,4.519999999989466,5.420650103447366,1.1997871028842355,-0.04102668729460381,1.325437771568981,0.1260688106898078,0.01212105404665106,1.0,0.009238169917548325,0,0,0.6,0
turn,24.55999999998811,4.5599999999893726,5.420402572894591,1.1997920326730658,-0.041056311257165565,1.3255881226641566,0.12595009349151265,0.0029187476278972643,1.0,0.00922708787970089,0,0,0.6,0
turn,24.599999999988018,4.599999999989279,5.420420302198455,1.1998041335056642,-0.04109599629706911,1.3257079435026327,0.12563496703214244,0.002611999462907312,1.0,0.009227195851068546,0,0,0.6,0
turn,24.639999999987925,4.639999999989186,5.420591041418285,1.1996777529622755,-0.041138675443643934,1.3258172159716104,0.12552537164318311,0.007012486970590894,1.0,0.009229292670233489,0,0,0.6,0
turn,24.67999999998783,4.679999999989093,5.421072775776389,1.1995696973824785,-0.041171189212326986,1.3258769590444865,0.1254912983473499,0.013394877025491286,1.0,0.009238372773201149,0,0,0.6,0
turn,24.71999999998774,4.719999999989,5.421380506906425,1.199598688547123,-0.04115241852544246,1.326075997180542,0.12548755996020822,0.005108319237074547,1.0,0.009245957324017473,0,0,0.6,0
turn,24.759999999987645,4.759999999988906,5.4214119213213765,1.199590292228602,-0.04112154809356397,1.326173956985859,0.12573964782060967,0.001785703533381454,1.0,0.009245955611653896,0,0,0.6,0
turn,24.799999999987552,4.799999999988813,5.421313522078634,1.1997193751317017,-0.04109035382443771,1.3262538129962285,0.12580008659215103,0.005194943911816205,1.0,0.009237658214189499,0,0,0.6,0
turn,24.83999999998746,4.83999999998872,5.420895015950225,1.199851064378,-0.04106119019747515,1.3264485994063453,0.12575416918222904,0.012385655373432605,1.0,0.00923727682643361,0,0,0.6,0
turn,24.879999999987366,4.879999999988627,5.420574344846957,1.1998221025538975,-0.04108206544385699,1.3266138648817365,0.12573401348602112,0.006026385938721596,1.0,0.009230800571952764,0,0,0.6,0
turn,24.919999999987272,4.9199999999885335,5.42055776391189,1.1998316145836552,-0.04111968863430328,1.3267356187449648,0.12544234813222555,0.0026690019424234525,1.0,0.009227367855267867,0,0,0.6,0
turn,24.95999999998718,4.95999999998844,5.420669940423542,1.1997543091881675,-0.041164752725784494,1.3268706466530544,0.12524451105835196,0.004639705286602524,1.0,0.009230010816165332,0,0,0.6,0
turn,24.999999999987086,4.999999999988347,5.421132585433024,1.199622639509977,-0.04120513990502196,1.3269023933171418,0.12521689076757705,0.01389311052556711,1.0,0.009235450279901683,0,0,0.6,0
stop,25.039999999986993,0.03999999999990678,5.420579627624808,1.1990370474264982,-0.04079025095510218,1.312096546421806,0.1259846088264371,0.03413443720779663,1.0,0.009400000077696124,0,0,0,0
stop,25.0799999999869,0.07999999999981355,5.4197399438100895,1.1989452269201502,-0.04056081842681341,1.2978243657541273,0.1260188007097015,0.014847020430064365,1.0,0.009474777719220796,0,0,0,0
stop,25.119999999986806,0.11999999999972033,5.4190116534773685,1.1987955702985962,-0.0404156158429188,1.2870513038862654,0.12617066668738086,0.020881569366242567,1.0,0.009431173080401648,0,0,0,0
stop,25.159999999986713,0.1599999999996271,5.418501078104834,1.1986117334707407,-0.04029139541489963,1.2783688052856081,0.12637659980791363,0.009587235859500033,1.0,0.009284718996738146,0,0,0,0
stop,25.19999999998662,0.19999999999953388,5.418361582019738,1.198370485407308,-0.04018641896246292,1.2718519148817256,0.1266009503643704,0.00756932761703247,1.0,0.009321982831557865,0,0,0,0
stop,25.239999999986527,0.23999999999944066,5.418412107055014,1.1980026769541825,-0.04008525126818036,1.2669886763193619,0.12702693335668608,0.008876038015606241,1.0,0.009322307179882852,0,0,0,0
stop,25.279999999986433,0.27999999999934744,5.41846986514375,1.1976706574238558,-0.039990767919617594,1.2631746415213025,0.12747822310367782,0.007394904486215321,1.0,0.009311675824581303,0,0,0,0
stop,25.31999999998634,0.3199999999992542,5.418465535412364,1.197508343416843,-0.03991597256309097,1.2601610503801222,0.12776813584912086,0.00232399190568933,1.0,0.009295392774525917,0,0,0,0
stop,25.359999999986247,0.359999999999161,5.418373077759087,1.1975461870878463,-0.03986382414920266,1.2578207542974769,0.12784868276887323,0.00410014366662537,1.0,0.009286944891193277,0,0,0,0
stop,25.399999999986154,0.39999999999906777,5.418160245768394,1.1977895731408377,-0.039821698362633634,1.2560115605272408,0.12771820065032924,0.009317335624351209,1.0,0.009280020402191377,0,0,0,0
stop,25.43999999998606,0.43999999999897454,5.417907692573548,1.198037989171844,-0.03977775939473129,1.2545768762690288,0.1276454366279003,0.008171569996755454,1.0,0.009274746358764732,0,0,0,0
stop,25.479999999985967,0.4799999999988813,5.4176812713261855,1.1982524827544725,-0.03973755907936953,1.2533702072535744,0.12763546505392157,0.007157722547116692,1.0,0.009265975890817263,0,0,0,0
stop,25.519999999985874,0.5199999999987881,5.417498380661034,1.1984042591214654,-0.03970466693938376,1.2523848786708567,0.12768241838842745,0.004958346866692806,1.0,0.009259519120859521,0,0,0,0
stop,25.55999999998578,0.5599999999986949,5.417379481159672,1.1984766622967438,-0.03968300592574399,1.251628462044822,0.1277713934465324,0.0025354493849778044,1.0,0.009255344915253545,0,0,0,0
stop,25.599999999985688,0.5999999999986017,5.417315665489406,1.1985157506649728,-0.03967115506630682,1.2510209611511514,0.12782310250659934,0.0014032782167189845,1.0,0.009252767831180952,0,0,0,0
stop,25.639999999985594,0.6399999999985084,5.4172856430463865,1.1985291685524595,-0.03966650491511288,1.2504729147607332,0.12785077921727506,0.00032631257628692225,1.0,0.009250375205258732,0,0,0,0
stop,25.6799999999855,0.6799999999984152,5.417302693360925,1.1984983020025572,-0.03965946535256378,1.249822981801257,0.12791704386612712,0.001463194632823522,1.0,0.009248686890530539,0,0,0,0
stop,25.719999999985408,0.719999999998322,5.417398435652254,1.1984670582022028,-0.03965216699419592,1.2490534467176275,0.12797942594779266,0.002445138528985778,1.0,0.009246542024705897,0,0,0,0
stop,25.759999999985315,0.7599999999982288,5.417435469881448,1.1984449631761824,-0.039637418715946345,1.2483679899314633,0.12808451983382224,0.0007175846320535844,1.0,0.00925060992285308,0,0,0,0
stop,25.79999999998522,0.7999999999981355,5.4174014580235506,1.1984201367188079,-0.03961816188822008,1.2478211490605675,0.12825399825741074,0.0014542344753366093,1.0,0.00925234046712249,0,0,0,0
stop,25.839999999985128,0.8399999999980423,5.417354198090243,1.198477528345443,-0.039603166555813536,1.2473325369877324,0.12829754545890892,0.0025814033354031635,1.0,0.009252858856204514,0,0,0,0
stop,25.879999999985035,0.8799999999979491,5.41727041522546,1.1985799564105855,-0.0395866470878778,1.246843909052827,0.12825058814352133,0.003428997805661813,1.0,0.009252406979023022,0,0,0,0
stop,25.91999999998494,0.9199999999978559,5.417128665163991,1.1986280830358684,-0.0395761813191808,1.246347142897217,0.12825144996558593,0.003662422977664237,1.0,0.009250262719447374,0,0,0,0
stop,25.95999999998485,0.9599999999977626,5.4170259262956115,1.1986015942100594,-0.039582362384723506,1.2459332152601095,0.1282920193975751,0.0019494963786425297,1.0,0.009248596564251796,0,0,0,0
stop,25.999999999984755,0.9999999999976694,5.417011879181404,1.1985931643338563,-0.03959802692137088,1.2455983196636946,0.12823891693763112,0.0006992240529121394,1.0,0.00925110613065387,0,0,0,0
stop,26.039999999984662,1.0399999999975762,5.417121525261395,1.1985455734153654,-0.039618946518510036,1.2451027695748347,0.1282243739937019,0.003760294280642537,1.0,0.009251099920146189,0,0,0,0
stop,26.07999999998457,1.079999999997483,5.417373529241804,1.1984457573006073,-0.0396240096842486,1.2443987907121923,0.12833037627585328,0.006963591756438064,1.0,0.009247799690786476,0,0,0,0
stop,26.119999999984476,1.1199999999973898,5.417476352934892,1.1984094295068197,-0.03960463800964704,1.2438539725157445,0.1284837353414559,0.0010750494134219538,1.0,0.009255941949747314,0,0,0,0
stop,26.159999999984382,1.1599999999972965,5.4174545936837095,1.1984124013082882,-0.039581007154610846,1.243463974059986,0.12867431848950858,0.0016823951506139134,1.0,0.00925644316397825,0,0,0,0
stop,26.19999999998429,1.1999999999972033,5.417359888173598,1.1985354895888343,-0.03955239880318589,1.2430968292372615,0.1286966752776678,0.005092320307745994,1.0,0.009255319982628477,0,0,0,0
stop,26.239999999984196,1.23999999999711,5.417034710257919,1.1986830048733443,-0.0395267546412336,1.2427611691712355,0.1286651378191501,0.009766326577764465,1.0,0.00925431937928024,0,0,0,0
stop,26.279999999984103,1.2799999999970169,5.416792191586194,1.1987026344255696,-0.03953440602613969,1.2424621802557076,0.12869593019100528,0.004200885036766557,1.0,0.009249514027094216,0,0,0,0
stop,26.31999999998401,1.3199999999969236,5.416723100123876,1.198694138265018,-0.039555543522737525,1.2422354961833617,0.12863310264380057,0.0006325568184087396,1.0,0.00924986270347108,0,0,0,0
stop,26.359999999983916,1.3599999999968304,5.416798125560145,1.1986967823540924,-0.03959369228924229,1.2419736764409217,0.128486993788961,0.0034686306726929724,1.0,0.009250539314775406,0,0,0,0
stop,26.399999999983823,1.3999999999967372,5.4171298211037024,1.1985331545154305,-0.03961772541582183,1.2413995044715893,0.1285984365073662,0.011110823073615977,1.0,0.00925047648530491,0,0,0,0
stop,26.43999999998373,1.439999999996644,5.41733865545379,1.1984832336436806,-0.039601042126398166,1.2408808473404151,0.12869488421136413,0.003482984599591956,1.0,0.0092566334799015,0,0,0,0
stop,26.479999999983637,1.4799999999965507,5.417348427404943,1.1984792863778075,-0.03957491486749314,1.2405517080561888,0.12887484225341572,0.0017065874432266347,1.0,0.00925755301793666,0,0,0,0
stop,26.519999999983543,1.5199999999964575,5.4172403142503995,1.1986161786540712,-0.0395366008085098,1.2402624585219069,0.1289008673549107,0.006020126225717235,1.0,0.009257122095277282,0,0,0,0
stop,26.55999999998345,1.5599999999963643,5.41680398172168,1.198799708145527,-0.039501480829676694,1.240163477689672,0.12887398032205552,0.013239889421014579,1.0,0.009257012340630458,0,0,0,0
stop,26.599999999983357,1.599999999996271,5.416501173411616,1.1988341547266377,-0.03951249263287897,1.2400474688459606,0.12891926193424913,0.004818386015468721,1.0,0.009254524123950897,0,0,0,0
stop,26.639999999983264,1.6399999999961778,5.416424759963619,1.198831451911398,-0.03953653661131436,1.2398880778765349,0.12885342768394722,0.0005925498856763695,1.0,0.009248659671935174,0,0,0,0
stop,26.67999999998317,1.6799999999960846,5.416499115406247,1.1987929960406298,-0.039582028078328065,1.2396933540298642,0.12876398731812838,0.0034627439810488237,1.0,0.009249584601974978,0,0,0,0
stop,26.719999999983077,1.7199999999959914,5.416890842399884,1.1986032500050723,-0.03961024269908717,1.2392210043806802,0.12888369845115258,0.012801322981225657,1.0,0.009249641325975036,0,0,0,0
stop,26.759999999982984,1.7599999999958982,5.417122735634333,1.1985502840042221,-0.039592158536329254,1.2387742604622851,0.12896026883884018,0.0036891629193452997,1.0,0.0092565328608297,0,0,0,0
stop,26.79999999998289,1.799999999995805,5.417140315087148,1.1985504739792332,-0.039565928253074166,1.238489428139517,0.12911562608330815,0.0014936315712362396,1.0,0.009257316162750237,0,0,0,0
stop,26.839999999982798,1.8399999999957117,5.417024371345817,1.1986927092156858,-0.03952476225010362,1.2382462584670075,0.12912116994643594,0.006498439107446911,1.0,0.009257548871371247,0,0,0,0
stop,26.879999999982704,1.8799999999956185,5.416571064702045,1.1988825510342742,-0.03949067928585318,1.238238680450673,0.12908220825526895,0.013652358974948717,1.0,0.009257543222175106,0,0,0,0
stop,26.91999999998261,1.9199999999955253,5.416277326105008,1.1989089289286006,-0.03950354844171213,1.2381851160908521,0.12913403129123827,0.004432085871212294,1.0,0.009256130600766533,0,0,0,0
stop,26.959999999982518,1.959999999995432,5.416215325800306,1.198912909599077,-0.03952919097375254,1.2380606168985486,0.12905148433911692,0.0002642749603983642,1.0,0.00924915123525559,0,0,0,0
stop,26.999999999982425,1.9999999999953388,5.416309582677129,1.1988367627047107,-0.03957550687518892,1.2378690160994987,0.1290181001685419,0.00420879545456225,1.0,0.009249184809884105,0,0,0,0
stop,27.03999999998233,2.0399999999952456,5.416714656908727,1.1986544632083997,-0.03960262295539794,1.2374372557091882,0.1291232903148531,0.01255743729856607,1.0,0.009248774803057108,0,0,0,0
stop,27.07999999998224,2.0799999999951524,5.416928716529914,1.198601532891208,-0.03958340319691048,1.2370584535391613,0.12920210324545947,0.0030778716316437987,1.0,0.009256748477564476,0,0,0,0
stop,27.119999999982145,2.119999999995059,5.416941168112266,1.1986060622679786,-0.03955727878161077,1.2368090574173802,0.12934379662696097,0.001433990399998886,1.0,0.009257303882852362,0,0,0,0
stop,27.159999999982052,2.159999999994966,5.416809564737186,1.1987528269957008,-0.03951551693593587,1.2366045047419185,0.12932947792712354,0.0068285861618616345,1.0,0.009257506879339131,0,0,0,0
stop,27.19999999998196,2.1999999999948727,5.416360026917591,1.198946513999221,-0.03948596686505119,1.2366408063056162,0.1292698260871039,0.01338176185083613,1.0,0.009257507190371612,0,0,0,0
stop,27.239999999981865,2.2399999999947795,5.416090278565541,1.1989661858664293,-0.039500146888825104,1.2366060653630777,0.12931745710507356,0.0039415169116576,1.0,0.009256737450289758,0,0,0,0
stop,27.279999999981772,2.2799999999946863,5.41604363072233,1.1989753038993476,-0.0395265761025032,1.236502197807514,0.12922088794013697,0.0004971500038028145,1.0,0.009249894754228938,0,0,0,0
stop,27.31999999998168,2.319999999994593,5.41615731059314,1.1988782514485303,-0.0395722769633186,1.2363061284734218,0.1292194097728979,0.005010150130822439,1.0,0.009249934484177508,0,0,0,0
stop,27.359999999981586,2.3599999999945,5.416558651769337,1.1987110069500633,-0.039597367159195526,1.235892694633932,0.12930743823841886,0.011887025899045792,1.0,0.009248577392342196,0,0,0,0
stop,27.399999999981492,2.3999999999944066,5.416750604471586,1.198655964964092,-0.0395773161222409,1.2355602914020365,0.1293984027489955,0.0023839075584012196,1.0,0.009256806965738378,0,0,0,0
stop,27.4399999999814,2.4399999999943134,5.416755897383006,1.1986606497821628,-0.03955082074577318,1.235336699741628,0.1295382104069052,0.0014882655003861083,1.0,0.009257262134238236,0,0,0,0
stop,27.479999999981306,2.47999999999422,5.416606026722645,1.1988129120148727,-0.039509089840721746,1.235173928523991,0.12950719740074895,0.007105334916494744,1.0,0.009257591101998173,0,0,0,0
stop,27.519999999981213,2.519999999994127,5.416168781507788,1.1990088774232117,-0.039484332025112014,1.2352383603148096,0.12942701926714037,0.012840937714080972,1.0,0.009257587619628567,0,0,0,0
stop,27.55999999998112,2.5599999999940337,5.4159230418678295,1.1990265858328357,-0.03949953847684362,1.2352112401710158,0.12946305875190134,0.003582691088542656,1.0,0.009256879943075684,0,0,0,0
stop,27.599999999981026,2.5999999999939405,5.4158885473506215,1.1990385880957226,-0.03952628596578112,1.2351224843006678,0.1293580493722487,0.0008703210799060715,1.0,0.009250547805737055,0,0,0,0
stop,27.639999999980933,2.6399999999938473,5.416022271820988,1.1989307017073798,-0.0395714528642464,1.2349204349257006,0.1293727837806695,0.005749295441322184,1.0,0.009250595145345077,0,0,0,0
stop,27.67999999998084,2.679999999993754,5.416417349747859,1.1987765229280722,-0.039594533555623784,1.2345166354188881,0.12944769127547992,0.011273947077617322,1.0,0.009249491381735671,0,0,0,0
stop,27.719999999980747,2.719999999993661,5.416590670807619,1.1987209879328715,-0.03957370072382991,1.234214237218864,0.12954750794189324,0.0018743897479338554,1.0,0.009256780992008934,0,0,0,0
stop,27.759999999980653,2.7599999999935676,5.416590103897053,1.1987249203525623,-0.03954702988123429,1.2340093339445681,0.12968730518031063,0.0015326065085065938,1.0,0.009257216586066565,0,0,0,0
stop,27.79999999998056,2.7999999999934744,5.416427263926784,1.198883918833933,-0.03950625735359561,1.2338819224694673,0.1296404335429046,0.0074220358278884275,1.0,0.009257969049306631,0,0,0,0
stop,27.839999999980467,2.839999999993381,5.416003890754656,1.199078410635718,-0.03948500472596934,1.2339674278717137,0.12955020979263346,0.012230903193878458,1.0,0.009257963066905054,0,0,0,0
stop,27.879999999980374,2.879999999993288,5.415777566973689,1.1990954456186156,-0.03950053960759936,1.23394617458814,0.12957771463575643,0.0032998344705093934,1.0,0.009256822524961707,0,0,0,0
stop,27.91999999998028,2.9199999999931947,5.415750619281732,1.1991070134873503,-0.0395271688086504,1.2338682182189884,0.12947192184980644,0.0010945256911874428,1.0,0.009250907940794697,0,0,0,0
stop,27.959999999980187,2.9599999999931015,5.415899904080774,1.1989961294484903,-0.039572101217775664,1.2336651256415014,0.12949001370515875,0.006213441954578941,1.0,0.009250967780664516,0,0,0,0
stop,27.999999999980094,2.9999999999930083,5.416288246403277,1.1988505978861077,-0.03959374481934642,1.2332707580607214,0.129555462490706,0.010781849123047747,1.0,0.009250109154278928,0,0,0,0
stop,28.03999999998,3.039999999992915,5.416448440104378,1.1987951483564263,-0.03957257048869961,1.2329902040440213,0.1296582669308499,0.001598398119887813,1.0,0.009256763691850663,0,0,0,0
stop,28.079999999979908,3.079999999992822,5.4164442886667015,1.1987983076598294,-0.03954612817965481,1.2328007676355226,0.12979530542995443,0.0015454536543796863,1.0,0.009257210316628198,0,0,0,0
stop,28.119999999979814,3.1199999999927286,5.416273966147365,1.1989605264154368,-0.039506215216309974,1.2326998617344027,0.12973772384722723,0.007613211900864097,1.0,0.009258330596260177,0,0,0,0
stop,28.15999999997972,3.1599999999926354,5.4158621433825695,1.1991515155045624,-0.03948702822461907,1.2328012339000385,0.1296443494416653,0.011728158237027922,1.0,0.009258325264240762,0,0,0,0
stop,28.199999999979628,3.199999999992542,5.415649518085008,1.1991691046537478,-0.03950258264006443,1.2327868652364973,0.1296654256418083,0.003078253420084729,1.0,0.009256823052669467,0,0,0,0
stop,28.239999999979535,3.239999999992449,5.415626866576514,1.1991792591663604,-0.03952890996312416,1.2327180872104055,0.12956217118222388,0.0011174907162878774,1.0,0.009251105811283777,0,0,0,0
stop,28.27999999997944,3.2799999999923557,5.415785000382858,1.1990677317304566,-0.0395737394089736,1.2325188412400028,0.12958079983765938,0.0064079980654887896,1.0,0.009251162446089305,0,0,0,0
stop,28.31999999997935,3.3199999999922625,5.416168318620839,1.1989274273433277,-0.03959451395914415,1.2321344704488506,0.129639422274953,0.010445440992392044,1.0,0.009250406260264878,0,0,0,0
stop,28.359999999979255,3.3599999999921693,5.416321688725694,1.1988734545894288,-0.03957359230437548,1.2318698388408853,0.12973943918962264,0.0014896386237091151,1.0,0.009256835090004661,0,0,0,0
stop,28.399999999979162,3.399999999992076,5.416316167227823,1.1988756510900602,-0.039547519066076606,1.2316934206914603,0.12987328926949035,0.001531475490499743,1.0,0.009257266555292985,0,0,0,0
stop,28.43999999997907,3.439999999991983,5.416142157907195,1.199037655370846,-0.03950793913632896,1.2316115358016715,0.12981156734704466,0.007665056617647613,1.0,0.009258598333175992,0,0,0,0
stop,28.479999999978975,3.4799999999918896,5.415737804209906,1.1992253507521329,-0.0394897283228204,1.2317258301438516,0.12971834298315255,0.011410177496953633,1.0,0.009258593864662427,0,0,0,0
stop,28.519999999978882,3.5199999999917964,5.4155337570369015,1.199244141088265,-0.03950525994896008,1.231720109164231,0.12973489735774507,0.0029212402981782077,1.0,0.009256941244795985,0,0,0,0
stop,28.55999999997879,3.559999999991703,5.4155137504865305,1.1992534465804154,-0.03953133409234969,1.2316603648162068,0.12963399748182017,0.0011245237022001742,1.0,0.009251280468614636,0,0,0,0
stop,28.599999999978696,3.59999999999161,5.415676505424068,1.1991413888898008,-0.039576122800870785,1.2314679233849557,0.12965325964650679,0.006503746332983059,1.0,0.009251332602965933,0,0,0,0
stop,28.639999999978603,3.6399999999915167,5.416056918602302,1.1990034104017373,-0.039596556964318075,1.231093223385705,0.12970728482089902,0.01026333245573697,1.0,0.009250549063354178,0,0,0,0
stop,28.67999999997851,3.6799999999914235,5.416208059351136,1.198951683307327,-0.039576251908152955,1.2308411923901244,0.12980044360536167,0.0014606461952950496,1.0,0.009256952206862694,0,0,0,0
stop,28.719999999978416,3.7199999999913302,5.416202697836728,1.198952797179262,-0.03955057926178672,1.2306757834675774,0.12993086316733457,0.001497244489072169,1.0,0.00925734733315507,0,0,0,0
stop,28.759999999978323,3.759999999991237,5.41602776423795,1.1991127792893972,-0.03951094350098664,1.230607388016965,0.12986864689109726,0.007630420398184115,1.0,0.009258804912885584,0,0,0,0
stop,28.79999999997823,3.799999999991144,5.415628205102653,1.1992977653642152,-0.039493023753607845,1.2307325813308005,0.1297771768505882,0.011222710969248288,1.0,0.009258801424434407,0,0,0,0
stop,28.839999999978136,3.8399999999910506,5.415429319470009,1.1993179093078143,-0.03950849404603135,1.2307362291275215,0.12979101990781666,0.00281600583415609,1.0,0.009257146975236122,0,0,0,0
stop,28.879999999978043,3.8799999999909573,5.415410790140851,1.1993266398433224,-0.03953432001289795,1.2306850402206078,0.12969262740563134,0.001120347905455793,1.0,0.009251435851761178,0,0,0,0
stop,28.91999999997795,3.919999999990864,5.415575122174192,1.1992144628766037,-0.03957908345015753,1.2305012949007035,0.12971223885122904,0.006528485425756542,1.0,0.009251483167320296,0,0,0,0
stop,28.959999999977857,3.959999999990771,5.415953782000634,1.1990770501681456,-0.03959958835719027,1.2301362181550337,0.12976300466072457,0.010183689408070424,1.0,0.009250600133887277,0,0,0,0
stop,28.999999999977764,3.9999999999906777,5.41610532618101,1.1990277187590996,-0.039580051124885295,1.2298948263143896,0.12984728145658087,0.0014795493240282714,1.0,0.009257076945223123,0,0,0,0
stop,29.03999999997767,4.0399999999905845,5.4161010915404955,1.1990279981618535,-0.03955481257376984,1.2297387693372168,0.12997356468663485,0.0014517028389131699,1.0,0.009257435919697937,0,0,0,0
stop,29.079999999977577,4.079999999990491,5.415927604533464,1.1991847022781414,-0.03951498785307776,1.2296794223193477,0.12991309755332567,0.007523695480873514,1.0,0.009258955781067706,0,0,0,0
stop,29.119999999977484,4.119999999990398,5.415531272380674,1.1993673769572635,-0.03949685521529173,1.2298138838966064,0.129824355464247,0.011123621179921508,1.0,0.009258953334304666,0,0,0,0
stop,29.15999999997739,4.159999999990305,5.415335121687573,1.1993888127392636,-0.03951220836013784,1.2298272920374242,0.1298370578537011,0.0027558072905592055,1.0,0.009257416482346046,0,0,0,0
stop,29.199999999977297,4.199999999990212,5.415317229516027,1.1993971355595283,-0.03953776702461346,1.2297843338388807,0.1297413796383468,0.001109433689526028,1.0,0.009251582782236875,0,0,0,0
stop,29.239999999977204,4.239999999990118,5.415480265772918,1.199285400088434,-0.03958244366694169,1.2296112890879531,0.1297609454412116,0.006479572946126397,1.0,0.009251624994868023,0,0,0,0
stop,29.27999999997711,4.279999999990025,5.415857971747299,1.1991476550941138,-0.039603423111661304,1.22925592647904,0.12980887905079722,0.010181551862525453,1.0,0.009250582208106437,0,0,0,0
stop,29.319999999977018,4.319999999989932,5.416011957299107,1.1991007142296157,-0.03958471056109545,1.2290235472684201,0.12988298752035413,0.001542654080195391,1.0,0.009257188837015306,0,0,0,0
stop,29.359999999976925,4.359999999989839,5.416009588699026,1.199100420680845,-0.03955993193506186,1.228875390194193,0.13000435783552775,0.0013969878203790203,1.0,0.009257519039527892,0,0,0,0
stop,29.39999999997683,4.3999999999897454,5.415840394022314,1.1992529864305417,-0.03951993667479543,1.2288206928293142,0.12994678477042373,0.007340663451359663,1.0,0.009259047689537031,0,0,0,0
stop,29.439999999976738,4.439999999989652,5.4154460969625475,1.199433941529594,-0.03950112839440394,1.2289627321440226,0.12986119863399878,0.011107883409849433,1.0,0.009259046335579807,0,0,0,0
stop,29.479999999976645,4.479999999989559,5.415250253901549,1.199456491719648,-0.039516283064432216,1.2289863104281133,0.12987465758067235,0.0027488777177579024,1.0,0.009257750250173882,0,0,0,0
stop,29.51999999997655,4.519999999989466,5.4152321022146515,1.1994644454728605,-0.03954152224654445,1.2289513748865741,0.12978237530849254,0.0010899895446700623,1.0,0.009251733009197604,0,0,0,0
stop,29.55999999997646,4.5599999999893726,5.41539086068028,1.199354328308482,-0.03958602926308646,1.2287915252469466,0.12980086301771773,0.006341315606465989,1.0,0.009251770008557309,0,0,0,0
stop,29.599999999976365,4.599999999989279,5.415768363030921,1.1992153451011809,-0.03960791168888738,1.2284462214443739,0.12984661602385356,0.010257741464147976,1.0,0.009250486427465046,0,0,0,0
stop,29.639999999976272,4.639999999989186,5.415926843475459,1.1991707588279281,-0.039590091345011444,1.2282213056356117,0.12990935075153104,0.0016543220151019559,1.0,0.009257284661762033,0,0,0,0
stop,29.67999999997618,4.679999999989093,5.4159271403783205,1.1991703803599996,-0.03956583334380064,1.2280795530594584,0.1300244208772814,0.001331347789110243,1.0,0.009257593994645662,0,0,0,0
stop,29.719999999976086,4.719999999989,5.4157650226161875,1.1993175626144066,-0.03952572316035872,1.2280251379937546,0.12997118705096827,0.007072692057443754,1.0,0.009259068482751523,0,0,0,0
stop,29.759999999975992,4.759999999988906,5.415371843637827,1.199497362741281,-0.03950574282040255,1.2281731002134768,0.12988893538772714,0.011168302466946422,1.0,0.009259068362590576,0,0,0,0
stop,29.7999999999759,4.799999999988813,5.415174058552637,1.1995209551632977,-0.03952060642281014,1.2282073015199728,0.12990473654608217,0.002787391685531729,1.0,0.009258156900486352,0,0,0,0
stop,29.839999999975806,4.83999999998872,5.415154790209221,1.199528680561891,-0.0395454781374661,1.2281802266351478,0.12981638320368713,0.0010610268736121601,1.0,0.009251893987023923,0,0,0,0
stop,29.879999999975713,4.879999999988627,5.415306172610475,1.1994213124336033,-0.03958974057854096,1.2280363957312364,0.12983297485637377,0.0061108932014512,1.0,0.009251926139373323,0,0,0,0
stop,29.91999999997562,4.9199999999885335,5.415683958166238,1.1992803487840735,-0.039612963954722344,1.2277016845514042,0.12987714012971985,0.010401457741862245,1.0,0.0092503194616085,0,0,0,0
stop,29.959999999975526,4.95999999998844,5.415849008426612,1.199238193813272,-0.03959611726460735,1.2274826136270427,0.12992715596566828,0.0018205337564353482,1.0,0.009257362805862318,0,0,0,0
stop,29.999999999975433,4.999999999988347,5.415852729008752,1.199238006942817,-0.03957243172999957,1.2273460144781303,0.13003492433077973,0.0012552561048298396,1.0,0.009257659292420674,0,0,0,0
