t,tilt,effort_max,joint_speed_max
0.004,0.0,0.0,2.2026824808563106e-16
0.008,0.0,1.0021494745160453e-15,2.937650123158164e-16
0.012,0.0,1.2067034462337217e-15,5.941913627793838e-16
0.016,0.0,2.4244866966895364e-15,1.1342038419570598e-15
0.02,0.0,4.6026271924756184e-15,2.154942890797429e-15
0.024,0.0,8.711390821754545e-15,0.09374452085951328
0.028,1.2020167404189313e-06,0.20500198476634487,0.14151465858887255
0.032,1.276465162446708e-06,0.33209089118082424,0.158395217011604
0.036000000000000004,1.4523090931971896e-06,0.40313161033827594,0.15761293159742876
0.04,4.0341712003083505e-06,0.4395908439186103,0.14775006872019839
0.044000000000000004,6.378863213555757e-06,0.4559878965868083,0.13397532177975435
0.048,7.487414624723541e-06,0.46144296512469574,0.11927247017079853
0.052000000000000005,6.760382747898116e-06,0.4615420938563215,0.10525380097824873
0.056,4.3350343820152716e-06,0.4595899744329801,0.09269201464456253
0.060000000000000005,5.327972646017224e-06,0.45744299092734364,0.08186325957328767
0.064,1.34161684397008e-05,0.4560573065049892,0.07275879287029052
0.068,2.5123225200529594e-05,0.4558324806781628,0.06520758499057988
0.07200000000000001,3.9888449109697045e-05,0.4568110900139842,0.05898150786530509
0.076,5.756736119084654e-05,0.45886866273335786,0.053868412979557925
0.08,7.793685382096182e-05,0.4618605108576691,0.049680017501268325
0.084,0.0001006917728266634,0.4656430411898101,0.046251863767475816
0.08800000000000001,0.0001254807895146779,0.47007942400995495,0.04344211889350507
0.09200000000000001,0.0001519403425900744,0.47504268306083175,0.04113277580839978
0.096,0.0001797082254092923,0.4804237355107633,0.03922136182512733
0.1,0.0002084048813417377,0.4861191998403591,0.03761832622982827
0.10400000000000001,0.0002376694781671311,0.49202920799004685,0.036251870557150186
0.10800000000000001,0.00026720612090413434,0.49807106493872916,0.03506090665066056
0.112,0.0002968227975520894,0.5041683325466534,0.033993118908234025
0.116,0.00032643891463830283,0.5102489875877724,0.03300674746860168
0.12000000000000001,0.00035604556539488286,0.5162514417316209,0.0320706933722103
0.12400000000000001,0.0003856544293946328,0.5221273299930793,0.03116316302308269
0.128,0.00041529069645356736,0.5278411237549087,0.030269928963109705
0.132,0.00044498719245882995,0.5333685755823965,0.029382591464839965
0.136,0.00047477968817315994,0.5386947449543315,0.028497028680121717
0.14,0.0005047032791276001,0.543812016191225,0.027612107459700084
0.14400000000000002,0.0005347896866449026,0.5487183121006755,0.026728663029586548
0.14800000000000002,0.0005650653380965797,0.55341558432019,0.02584872362701517
0.152,0.000595550086841242,0.5579085930675107,0.024974942946260164
0.156,0.0006262564521121817,0.5622039542107934,0.02411020052572258
0.16,0.0006571892771592643,0.56630941663327,0.023257332901385562
0.164,0.0006883457153769445,0.5702333291234251,0.022418963413990755
0.168,0.0007197154723942261,0.5739842581158051,0.021597404271253888
0.17200000000000001,0.0007512812395838925,0.5775707223528038,0.0207946099314028
0.17600000000000002,0.0007830192671852836,0.5810010161193998,0.020012165678527004
0.18000000000000002,0.0008149000351108241,0.5842830981590649,0.01925129926871722
0.18400000000000002,0.0008468889809058231,0.5874245282545884,0.0185129067517319
0.188,0.0008789472605884907,0.5904324375884626,0.0177975860974311
0.192,0.000911032512280995,0.5933135223728613,0.01710567418871532
0.196,0.0009430996084533847,0.5960740529288394,0.016437284192248287
0.2,0.0009751013777370345,0.598719892493834,0.01579234138538097
0.20400000000000001,0.0010069892864966994,0.6012565216492316,0.015170616287721646
0.20800000000000002,0.0010387140721953405,0.6036890654800778,0.014571754489959829
0.21200000000000002,0.001070226320240154,0.6060223214910168,0.013995302946466703
0.21600000000000003,0.0011014769843721984,0.6082607869734802,0.013440732747251162
0.22,0.0011324178455737576,0.6104086850072487,0.01290745854195961
0.224,0.0011630019112623025,0.6124699886265491,0.012394854881342714
0.228,0.0011931837556432465,0.6144484429250613,0.011902269787799706
0.232,0.0012229198027166616,0.6163475850390172,0.011429035882263426
0.23600000000000002,0.0012521685552107527,0.6181707620567527,0.010974479389631928
0.24000000000000002,0.0012808907737615982,0.6199211469707594,0.010537927326923437
0.24400000000000002,0.0013090496083833021,0.6216017528264317,0.010118713153155606
0.24800000000000003,0.001336610688459969,0.6232154452398716,0.009716181131019535
0.252,0.0013635421741437484,0.6247649534610251,0.009329689620764999
0.256,0.001389814774280138,0.626252880153806,0.00895861349759042
0.26,0.0014154017346722234,0.6276817100542476,0.008602345856511774
0.264,0.0014402788014101905,0.6290538176540718,0.00826029914373374
0.268,0.0014644241633466075,0.6303714740419788,0.007931905831535023
0.272,0.0014878183763979006,0.6316368530203269,0.007616618733533264
0.276,0.0015104442748699422,0.6328520365990018,0.0073139110408153895
0.28,0.0015322868723129765,0.6340190199557896,0.0070232761442678565
0.28400000000000003,0.001553333253927939,0.6351397159388307,0.0067442272964679416
0.28800000000000003,0.0015735724656285681,0.6362159591762762,0.006476297155970748
0.29200000000000004,0.0015929953993615526,0.6362159591762762,0.006265890123985708
0.29600000000000004,0.001611608442737851,0.6372495098481328,0.006053206849009224
0.30000000000000004,0.0016294409497944788,0.6383443773356443,0.005836093873573327
0.304,0.0016464775602696175,0.639383774314772,0.005618178128301855
0.308,0.0016627043507377664,0.6403624516184975,0.005402503052632379
0.312,0.0016781117209750708,0.6412872667641087,0.005191110013289464
0.316,0.0016926936639595942,0.64216467351795,0.0049852823874631065
0.32,0.0017064469072493988,0.6429996677239395,0.004785782715445249
0.324,0.0017193702829450155,0.6437960798351603,0.004593023217793948
0.328,0.001731464290281461,0.6445569108941839,0.004407182671892285
0.332,0.0017427307921311372,0.6452845799109803,0.004228285733810045
0.336,0.0017531728005274743,0.6459810950238155,0.0040562566129864995
0.34,0.0017627943214710607,0.646648170697997,0.0038909553186716153
0.34400000000000003,0.001771600240634245,0.6478998494121959,0.0037044132222489815
0.34800000000000003,0.0017795810206706333,0.6484263300405632,0.0035344607977690714
0.35200000000000004,0.0017867087821803551,0.6489442685556126,0.0033777982816706434
0.35600000000000004,0.0017930119347940776,0.6494504404382092,0.0032320139793979683
0.36000000000000004,0.0017985126496428943,0.649942768591863,0.0030953327029667466
0.36400000000000005,0.0018032290015016566,0.6504199871194424,0.0029664358695805897
0.36800000000000005,0.0018071764280230321,0.6508814012172394,0.0028443328496847477
0.372,0.001810368723700371,0.6513267158104797,0.0027449630976319078
0.376,0.0018128187169056975,0.6517559133528744,0.0027362441575392534
0.38,0.0018145387308922247,0.6521691667850633,0.0027274665116593425
0.384,0.001815540898485065,0.6525667776321326,0.002718603299826509
0.388,0.001815837376501134,0.6529491320698421,0.0027090673794268726
0.392,0.0018154404916198197,0.6533154645908296,0.002699911649719525
0.396,0.0018143626801291313,0.653670671541034,0.0026906424679639307
0.4,0.0018126172769825327,0.6540591379650674,0.0026812598775136144
0.404,0.0018102177772480054,0.6544723640508706,0.002671730414915733
0.40800000000000003,0.001807177942128665,0.6549016484070449,0.0026620308791668484
0.41200000000000003,0.001803511884210671,0.6549016484070449,0.002654737326647819
0.41600000000000004,0.0017992462627353534,0.6553410974618225,0.0026467703296987094
0.42000000000000004,0.0017944221234619492,0.6557927873943309,0.0026382434487509975
0.42400000000000004,0.0017890356816560114,0.656246705228776,0.0026292099986220964
0.42800000000000005,0.0017830847365808825,0.6571556892133045,0.002617023794218734
0.43200000000000005,0.0017765618032828372,0.6576030449783423,0.0026049085201510732
0.43600000000000005,0.001769453143255629,0.6576030449783423,0.002595534279644712
0.44,0.0017618051335736538,0.658050702884091,0.002585591676947171
0.444,0.0017536685200317695,0.6585039641419129,0.0025751952092271705
0.448,0.0017450528981719023,0.6589549121379632,0.0025644013559682844
0.452,0.0017359659172725295,0.6594035110313757,0.002553250419854517
0.456,0.0017264189795089223,0.6598498780355708,0.002541777964233289
0.46,0.0017164266160377335,0.6602940997390829,0.0025300163657457513
0.464,0.0017060054869388567,0.6607362344255974,0.002517995162604498
0.468,0.001695173655443355,0.6611763217597859,0.002505741359512747
0.47200000000000003,0.0016839501063364121,0.6616143898668411,0.0024932797693450743
0.47600000000000003,0.0016723544287498824,0.6620504597833653,0.002480633354792113
0.48000000000000004,0.0016604066045238178,0.6624845481646777,0.0024678235409274205
0.48400000000000004,0.0016481268638146545,0.6629166689304077,0.0024548704846521054
0.48800000000000004,0.001635535583315785,0.6633468342734096,0.0024417932973883148
0.49200000000000005,0.0016226532123906523,0.6637750552840674,0.0024286102226939365
0.49600000000000005,0.0016095002170019995,0.6642013423391208,0.002415338773427261
0.5,0.0015960970354273716,0.6646257053445142,0.002401995833988947
0.504,0.001582464042268825,0.6650481538869236,0.0023885977333030907
0.508,0.001568621517598648,0.6654686973278876,0.0023751602939283746
0.512,0.001554589620486508,0.665887344861819,0.0023616988620311715
0.516,0.0015403883649867545,0.6663041055513698,0.0023482283222699147
0.52,0.0015260375990281756,0.666718988348691,0.002334819773015806
0.524,0.0015115569846509257,0.6671320021080208,0.002322026972252704
0.528,0.0014969659796430824,0.6675431555930383,0.002309262044395722
0.532,0.0014822838204259843,0.6679524574811604,0.002296534651126937
0.536,0.001467529506419295,0.668359916366135,0.002283854036575535
0.54,0.0014527217844680256,0.6687655407597634,0.002271229023389336
0.544,0.0014378791346659019,0.6691693390932668,0.0022586680077762225
0.548,0.0014230197566904113,0.6695713197185827,0.0022461789540483405
0.552,0.0014081615564094853,0.6699714909097543,0.00223376938926268
0.556,0.0013933221333840787,0.6707664377059416,0.0022189096586481367
0.56,0.001378518086350419,0.6707664377059416,0.002207243017253299
0.5640000000000001,0.001363768730043779,0.6711560515104067,0.002195535590570241
0.5680000000000001,0.0013490956883448024,0.6719421963779139,0.0021813521121315125
0.5720000000000001,0.00133451494571085,0.6723271267950194,0.0021677899434578763
0.5760000000000001,0.001320044311353798,0.6723271267950194,0.002157167095089129
0.5800000000000001,0.0013057039821671773,0.6727112854747342,0.0021463923239641546
0.5840000000000001,0.001291506499674564,0.6734850881695736,0.002133125385160985
0.5880000000000001,0.0012774649048349078,0.6738636114741473,0.002120410762388914
0.5920000000000001,0.001263596566518721,0.6738636114741473,0.002110515687281466
0.5960000000000001,0.0012499163572841686,0.6742412239588911,0.002100440077196129
0.6000000000000001,0.001236431319035809,0.6750015357922867,0.0020879088944844937
0.6040000000000001,0.0012231544164645397,0.6753734029743012,0.0020759055002646477
0.608,0.0012101043254845972,0.6757443401689713,0.0020643295199268353
0.612,0.0011972946689293943,0.6761141125845636,0.0020531105068400182
0.616,0.001184737646865557,0.6761141125845636,0.0020444758601475934
0.62,0.001172440941174741,0.6764825631689293,0.00203557067185677
0.624,0.0011604042477970525,0.6768543281400072,0.002026491585301851
0.628,0.0011486365244462757,0.6772235998532431,0.002017319968554859
0.632,0.001137146515575005,0.677590581658727,0.0020081120251856594
0.636,0.0011259429486722018,0.6783184621402716,0.0019966723386861613
0.64,0.0011150388257060771,0.6786749560693316,0.001985823357991994
0.644,0.0011044548118536407,0.6790307405048781,0.001975435964987859
0.648,0.0010941971455003467,0.6793855290284588,0.001965420604665779
0.652,0.0010842717285650864,0.6797391298425246,0.001955714008188459
0.656,0.0010746841236695468,0.6800914154200104,0.0019462705155351848
0.66,0.0010654395390866961,0.680442301795827,0.0019370563781104173
0.664,0.0010565428075548192,0.6807917344805468,0.0019280459972128507
0.668,0.0010479983673534117,0.6811396789024153,0.0019192194240092448
0.672,0.0010398102453353733,0.6814861139348835,0.0019105606847329747
0.676,0.0010319820435057622,0.681831027520462,0.0019020566484118367
0.68,0.0010245169287502406,0.681831027520462,0.001895809852761777
0.684,0.0010174118520476913,0.6825206436868242,0.0018870353151329193
0.6880000000000001,0.0010106607919055208,0.6828600147867989,0.0018785436875683559
0.6920000000000001,0.0010042856981132922,0.6831981692557747,0.001870277577006628
0.6960000000000001,0.000998285964882141,0.6831981692557747,0.0018642864739264954
0.7000000000000001,0.000992655169078889,0.6838747590045436,0.0018558102319851117
0.7040000000000001,0.00098738470181773,0.6842078721539182,0.0018476315252544918
0.7080000000000001,0.000982495208786145,0.6842078721539182,0.0018417577883280015
0.7120000000000001,0.000977977450784619,0.6845398470394234,0.0018356646376175986
0.7160000000000001,0.0009738141074922648,0.6848747853710332,0.0018296709406505174
0.7200000000000001,0.0009700090957593486,0.6855381984025365,0.001821406332417411
0.7240000000000001,0.000966572774195659,0.6858628424030315,0.0018136003547824242
0.7280000000000001,0.0009635217240930355,0.6858628424030315,0.0018081841250208032
0.7320000000000001,0.0009608409336289518,0.6861867024084122,0.0018024802397647115
0.7360000000000001,0.0009585091380738449,0.68651366541414,0.001796542447335658
0.74,0.0009565271157524781,0.6868386188203005,0.0017904453263710264
0.744,0.000954896164540323,0.6874830145242639,0.001782146036838313
0.748,0.0009536221713208564,0.6877986347861584,0.0017743605941347644
0.752,0.0009527169147175334,0.6881135950635721,0.0017669344526193033
0.756,0.0009521672525117674,0.6884276496080958,0.0017597632841416418
0.76,0.0009519625003748005,0.6887406348359184,0.0017527759090261636
0.764,0.0009520935650106573,0.6890524425524698,0.0017459231275730605
0.768,0.0009525523546453873,0.6893630018837242,0.001739170403501105
0.772,0.0009533313811233371,0.6896722670939941,0.001732493062858667
0.776,0.0009544234904134104,0.6896722670939941,0.0017279402746165507
0.78,0.0009558161673904827,0.6899802093777001,0.0017228794738719014
0.784,0.0009574904399254363,0.6905990254255585,0.001715323600868433
0.788,0.0009594536426074234,0.690901486969959,0.0017081034509584155
0.792,0.0009617186168500316,0.6912030574699943,0.0017011109523435717
0.796,0.0009642721900039408,0.6915035867132421,0.0016942741181604757
0.8,0.0009671029543684859,0.6918029754631981,0.0016875447157899933
0.804,0.0009702006437200771,0.6921011588384084,0.001680890210566088
0.808,0.0009735557145166126,0.6923980950972437,0.0016742884962177244
0.812,0.0009771590655850372,0.6923980950972437,0.0016697670821240683
0.8160000000000001,0.0009809973064413406,0.6926937580765624,0.001664716030711536
0.8200000000000001,0.0009850524579252157,0.6929918677885432,0.001659254125915256
0.8240000000000001,0.0009893239767405804,0.6935820239395005,0.0016514472914595946
0.8280000000000001,0.000993815424555842,0.693870746039535,0.001644050318341305
0.8320000000000001,0.000998531556244088,0.694158732910636,0.0016369295869393071
0.8360000000000001,0.0010034563660869977,0.694445803346071,0.0016299972328558982
0.8400000000000001,0.00100857615701842,0.6947318369767563,0.0016231953526245422
0.8440000000000001,0.0010138787752435256,0.6950167544892496,0.0016164857102859336
0.8480000000000001,0.0010193530972301005,0.6953005042556576,0.0016098430227660687
0.8520000000000001,0.0010249886876570885,0.6953005042556576,0.001605230194322242
0.8560000000000001,0.0010307724191303822,0.6955830533065189,0.0016001086908719658
0.8600000000000001,0.0010366889256789374,0.6958679531435111,0.0015945984405716918
0.8640000000000001,0.0010427357679010816,0.6964319776775899,0.0015868392892806208
0.8680000000000001,0.0010489132355766082,0.696707917048014,0.0015794915813214143
0.8720000000000001,0.0010552210931722937,0.6969831545972138,0.0015724257601587377
0.876,0.001061644057066012,0.6969831545972138,0.0015674780801240994
0.88,0.0010681668045541591,0.6972575172270038,0.0015621394174555867
0.884,0.001074774306014263,0.6978094078593331,0.00155456363211728
0.888,0.0010814639147484336,0.6980793168894494,0.0015473625711716513
0.892,0.001088234006995325,0.69834848991946,0.0015404227397204258
0.896,0.0010950708725685602,0.6986167740590185,0.0015336696904302573
0.9,0.0011019625139747013,0.6988840673387371,0.00152705445210925
0.904,0.0011088981181082186,0.6991503023953533,0.0015205447156606342
0.908,0.001115867705142583,0.6994154353404877,0.001514174319989608
0.912,0.0011228618953973604,0.6996794381850362,0.001508089173357933
0.916,0.00112987175571958,0.6996794381850362,0.0015038693839697778
0.92,0.001136887948495622,0.6999422936938864,0.0014991903020849869
0.924,0.0011439021177804775,0.7002073244231898,0.0014941686028277109
0.928,0.0011509103556496942,0.7004704900570177,0.001488915044809596
0.932,0.0011579085463141767,0.7007319697957451,0.0014835053174604921
0.936,0.0011648912751036219,0.7009919311823873,0.0014779903311183742
0.9400000000000001,0.0011718522064667882,0.7012504893968536,0.0014724046479102544
0.9440000000000001,0.001178784470944206,0.7015077237898907,0.0014667721102967408
0.9480000000000001,0.0011856809289966515,0.7017636894478904,0.0014611094897778545
0.9520000000000001,0.0011925343407691814,0.7020184250472367,0.001455428845667409
0.9560000000000001,0.0011993374745285922,0.7022719581912779,0.001449739055547485
0.9600000000000001,0.0012060831764481314,0.7025243090241041,0.0014440468145427356
0.9640000000000001,0.0012127644174284532,0.7027754926698924,0.0014383572932309902
0.9680000000000001,0.0012193743230126106,0.7030255208760033,0.001432674575522669
0.9720000000000001,0.0012259061955265012,0.70327440311831,0.001427001953773643
0.9760000000000001,0.0012323535290673583,0.7035221473441975,0.0014213421309116838
0.9800000000000001,0.0012387100203495075,0.7037687604718312,0.0014156973611570657
0.9840000000000001,0.0012449695775720087,0.7040142487256157,0.0014100695499459164
0.9880000000000001,0.0012511263266302788,0.704258617861613,0.001404460326264791
0.9920000000000001,0.0012571746162246041,0.7045018733190676,0.0013988710960829793
0.9960000000000001,0.0012631090218601477,0.7047440203222992,0.0013933030825674347
1.0,0.0012689243489930305,0.7049850639492682,0.0013877573568561868
1.004,0.0012746156356518731,0.7052250091777361,0.0013822348620214167
1.008,0.0012801781538958371,0.7057016240256729,0.001375144147834465
1.012,0.0012856054187660425,0.7059352698182706,0.00136852515324764
1.016,0.001290887500233248,0.706168508764169,0.0013622447263991434
1.02,0.0012960208926788175,0.7064011342149488,0.0013562135194947493
1.024,0.0013010023548753694,0.7066330059590197,0.0013503708677524138
1.028,0.001305828878957051,0.7068640297207829,0.0013446750204401713
1.032,0.0013104976767045165,0.7070941428187115,0.0013390968046695577
1.036,0.0013150061735524808,0.7073233042063779,0.0013336154952244402
1.04,0.0013193520075989837,0.707551487598252,0.0013282161057682341
1.044,0.0013235330297302692,0.7077786767478889,0.0013228875989000303
1.048,0.0013275473038447893,0.7080048622176233,0.001317621692629154
1.052,0.0013313931074368437,0.7082300391760867,0.0013124120562161062
1.056,0.0013350689316295793,0.7084542059007589,0.0013072537616700543
1.06,0.0013385734802639033,0.708677362762334,0.0013021429046419098
1.064,0.0013419056690610318,0.7088995115373034,0.0012970763385470657
1.068,0.001345064623706634,0.7091206549435175,0.0012920800184513907
1.072,0.0013480496784417993,0.7093407963268982,0.0012872834534977224
1.076,0.0013508603731805673,0.7095599394503883,0.0012825224909176064
1.08,0.001353496451634692,0.7097780883519431,0.0012777947210159525
1.084,0.0013559578580530536,0.7099952472490714,0.0012730979629481643
1.088,0.0013582447345500926,0.7102114204747109,0.0012684302263140184
1.092,0.0013603574177841727,0.7104266124341693,0.0012637896821585922
1.096,0.0013622964357994235,0.7106408275762103,0.0012591746411348258
1.1,0.0013640625043678796,0.7108540703736199,0.0012545835368500996
1.104,0.0013656565235566635,0.7108540703736199,0.0012513874302715483
1.108,0.0013670824696859379,0.711066345310123,0.001247858143450955
1.112,0.0013683483778473764,0.7114928895403088,0.0012427171831009857
1.116,0.0013694490288252111,0.7117012937082092,0.0012377656017609304
1.12,0.0013703757588760888,0.7119090576880367,0.0012329484698680615
1.124,0.0013711328559424414,0.7121160905291845,0.0012282292906294564
1.1280000000000001,0.00137172395741764,0.7123223297834542,0.001223583465360858
1.1320000000000001,0.001372152301720322,0.712527733371424,0.00121899413902428
1.1360000000000001,0.0013724208980633085,0.7127322735871832,0.001214449549098777
1.1400000000000001,0.0013725326410857464,0.7129359327673958,0.0012099413253222927
1.1440000000000001,0.0013724903875115535,0.713138700209032,0.0012054633923168341
1.1480000000000001,0.0013722970069714481,0.7133405700006693,0.00120101125557939
1.152,0.001371955414813544,0.7135415395102,0.0011965815323023074
1.156,0.0013714685932878512,0.7137416083377908,0.0011921716392874397
1.16,0.001370839604215465,0.7139407775951708,0.001187779582435689
1.164,0.0013700715962300315,0.7141390494119293,0.001183403812290585
1.168,0.0013691678080471588,0.7143364265986775,0.0011790431232406578
1.172,0.001368131568803978,0.7145329124180242,0.0011746965816623633
1.176,0.0013669662973998982,0.7147285104293115,0.001170363473625668
1.18,0.0013656754997680813,0.7149232243836373,0.0011660432660377655
1.184,0.0013642627652741528,0.7151170581530276,0.001161735577135077
1.188,0.0013627317631184001,0.7153100156827624,0.0011574401536089821
1.192,0.0013610862376666874,0.7155021009593379,0.0011531568524039354
1.196,0.0013593300036664473,0.7156933179889764,0.0011488856261225925
1.2,0.001357466941331215,0.7158836707832436,0.0011446265108847164
1.204,0.0013555009911135234,0.7158836707832436,0.001141655699250901
1.208,0.0013534380635468301,0.7162642293333215,0.0011370866764367415
1.212,0.0013512838120454756,0.7164514932219184,0.0011326261139313718
1.216,0.0013490346934482145,0.7164514932219184,0.001129511348873459
1.22,0.0013466979642191683,0.7166380697674036,0.001126123664641816
1.224,0.0013442819323062798,0.7170132853399555,0.0011212721581386196
1.228,0.001341786228656698,0.7170132853399555,0.0011178790125013537
1.232,0.0013392105903165597,0.7171967145868364,0.0011142942661320023
1.236,0.0013365644263693842,0.7173819680366801,0.0011105724797917638
1.24,0.0013338507684812347,0.7177492287899235,0.0011054951781366731
1.244,0.0013310707568314798,0.7177492287899235,0.001101935698032026
1.248,0.0013282263947896294,0.7179290192969144,0.0010982360260720122
1.252,0.0013253270127559734,0.7182913822583424,0.001093187771107525
1.256,0.0013223752199756644,0.7184687770405395,0.0010884090541288984
1.26,0.0013193724470139275,0.7186457575684607,0.0010838243889871302
1.264,0.0013163258999935624,0.7188222057482938,0.0010793835333739335
1.268,0.0013132417519541922,0.7189980404920567,0.0010750526635460536
1.272,0.0013101254661562482,0.7191732068552785,0.0010708087191492004
1.276,0.0013069820130104696,0.7193476681787079,0.0010666357625287932
1.28,0.0013038160135772124,0.7195214004901543,0.0010625226209438413
1.284,0.0013006318361910628,0.7195214004901543,0.0010596739503004877
1.288,0.0012974341643959158,0.7196943885628937,0.0010565582080849303
1.292,0.0012942273926759126,0.719868832147034,0.0010533210898899929
1.296,0.001291013263615428,0.7202141870033293,0.0010487304667430553
1.3,0.0012877932147032894,0.7203831172218897,0.0010443800209717186
1.304,0.0012845698316761955,0.7205516047234096,0.0010402004539384448
1.308,0.0012813486116970692,0.7207195529881414,0.001036146012094224
1.312,0.0012781343563141108,0.7208868956044783,0.0010321861840384046
1.316,0.001274931378910749,0.7210535875443773,0.0010283003847072116
1.32,0.0012717436422793752,0.7212195987995339,0.001024474540916562
1.324,0.0012685748493556238,0.7213849098199093,0.0010206988891191978
1.328,0.0012654285027059108,0.7215495082867356,0.0010169665477201225
1.332,0.001262307944185639,0.7217133868525247,0.001013272585473113
1.336,0.0012592163800663311,0.7218765415708405,0.001009613408870157
1.34,0.0012561568981866607,0.7220389708122239,0.0010059863555009648
1.344,0.0012531324779667358,0.7222006745195861,0.0010023894210348977
1.348,0.001250145996985756,0.722361653698936,0.0009988210737053183
1.352,0.0012472002351374431,0.7225219100722695,0.0009952801262873413
1.356,0.0012442978767737555,0.7226814458416777,0.0009917656464659285
1.36,0.0012414415113458073,0.7228402635294381,0.0009882768930124743
1.364,0.0012386336339579131,0.7229983658698367,0.0009848132695506556
1.368,0.0012358766451211886,0.7231557557361274,0.0009813742905356642
1.3719999999999999,0.0012331728498806993,0.7233124360912894,0.0009779595557833528
1.376,0.0012305244573960782,0.7234684099548847,0.0009745687311754182
1.38,0.0012279335801756589,0.7236236803807733,0.0009712015337484545
1.384,0.0012254022328749665,0.7237782504421492,0.0009678577201346724
1.388,0.0012229323315678545,0.7239321232215055,0.000964537077448396
1.392,0.0012205256931398503,0.7240853018039018,0.0009612394160478876
1.396,0.001218184034538152,0.7242377892724542,0.0009579645637510436
1.4,0.001215908971882251,0.724389588705311,0.0009547123612208762
1.404,0.0012137020199880471,0.7245407031736155,0.0009514826581662874
1.408,0.0012115645922246726,0.7246911357401346,0.0009483431011027378
1.412,0.001209497999978668,0.7248408894583221,0.0009452281581915243
1.416,0.0012075034526447402,0.7249899673716784,0.0009421364121382343
1.42,0.0012055820572326223,0.7251383725132916,0.0009390673469596992
1.424,0.0012037348188807476,0.7252861079055111,0.0009360204490751915
1.428,0.0012019626409967604,0.7252861079055111,0.0009341118965518974
1.432,0.0012002650811086765,0.7254331765596991,0.0009319035344397722
1.436,0.0011986396536444784,0.7257286644717728,0.000928354992436979
1.44,0.001197089301469835,0.7257286644717728,0.0009261129689636953
1.444,0.0011956175554239073,0.7260188727756945,0.0009225655611628122
1.448,0.0011942223045320673,0.7261619418215531,0.0009192213832041037
1.452,0.0011929077527142414,0.7261619418215531,0.0009171224719485465
1.456,0.0011916720196689192,0.726304585706602,0.0009148041781587065
1.46,0.0011905114686859325,0.7264485422645464,0.0009123258776207008
1.464,0.0011894270118663795,0.7265915865071939,0.0009097416197863118
1.468,0.001188419578819832,0.7268751970605459,0.0009059779539168933
1.472,0.00118749114700118,0.7270140903744907,0.0009025088334078294
1.476,0.0011866452128362363,0.7271526769867304,0.0008992418011835335
1.48,0.0011858799171012126,0.7271526769867304,0.0008972054367968709
1.484,0.001185192485400316,0.7272908568904544,0.0008949513803356949
1.488,0.0011845785968612693,0.7274303098552515,0.0008925390360097488
1.492,0.0011840387222776542,0.7275688809124081,0.0008900231159383493
1.496,0.0011835733800720223,0.727706631259533,0.0008874401980211757
1.5,0.0011831826674739505,0.7278436262103293,0.0008848144420621102
1.504,0.0011828663269271278,0.7279799113159778,0.000882161897675743
1.508,0.001182623839073739,0.7281155185530468,0.0008794933444976428
1.512,0.0011824544911760541,0.7282504705746855,0.0008768161269025407
1.516,0.0011823574227138697,0.7283847836285439,0.0008741353361596842
1.52,0.001182331655010591,0.7285184695845659,0.000871454573623871
1.524,0.001182376112154251,0.7286515373357918,0.0008687764453393781
1.528,0.0011824896351502873,0.7287839937576248,0.0008661028841591053
1.532,0.0011826709914434371,0.7289158443600814,0.000863435360944429
1.536,0.0011829188827988165,0.7290470937291101,0.0008607750241569721
1.54,0.00118323195078052,0.7291777458242811,0.000858122792981973
1.544,0.0011836087815097428,0.7293078041792405,0.0008554794202691355
1.548,0.00118404790960183,0.7294372720365913,0.000852845535546316
1.552,0.0011845478215582051,0.729566152438639,0.0008502216749442396
1.556,0.0011851069587021268,0.7296944482884634,0.0008476083022747187
1.56,0.001185723720590487,0.7298221623910506,0.0008450058241352288
1.564,0.0011863964671166344,0.7299492974810222,0.0008424146009138157
1.568,0.0011871235213619,0.7300758562413435,0.0008398349548929734
1.572,0.0011879031723472703,0.7302018413159722,0.000837267176339525
1.576,0.0011887336771207958,0.7303272553184116,0.0008347115280486849
1.58,0.0011896132633931792,0.7304521008375108,0.0008321682488092503
1.584,0.0011905401316892753,0.7305763804414007,0.0008308434677176203
1.588,0.0011915124580394454,0.7307000966801689,0.0008297349611959969
1.592,0.0011925283958078687,0.7308232520876844,0.0008285998993352535
1.596,0.0011935860784270304,0.7309458491828419,0.0008274402240425272
1.6,0.0011946836211713498,0.7310678904704223,0.0008262579199001779
1.604,0.001195819124015791,0.7311893784416778,0.0008250550040232336
1.608,0.0011969906733437824,0.7314307043349684,0.0008227893966260674
1.612,0.0011981970723756962,0.7314307043349684,0.0008215745012991161
1.616,0.0011994370402333891,0.731549025617553,0.0008203629688970208
1.62,0.0012007058040384335,0.7316686354033328,0.0008191437440815746
1.624,0.0012020015029938333,0.7317876247954525,0.0008179176778281158
1.6280000000000001,0.0012033226809068155,0.7319060019128995,0.0008166859883975139
1.6320000000000001,0.0012046677604941475,0.7320237926048468,0.0008154500407920905
1.6360000000000001,0.001206035037095112,0.7321410153194328,0.0008142112783461394
1.6400000000000001,0.001207422721450749,0.7322576834127354,0.000812971177253459
1.6440000000000001,0.0012088289733767244,0.7323738067498612,0.0008117312157181502
1.6480000000000001,0.0012102519246427865,0.7324893927854109,0.0008104928526506528
1.6520000000000001,0.0012116896938840912,0.7326044473169873,0.0008092575126079453
1.6560000000000001,0.0012131403972638808,0.7327189750094534,0.0008080265748614697
1.6600000000000001,0.0012146021552845675,0.7328329797562126,0.0008068013652413474
1.6640000000000001,0.0012160730985163054,0.7329464649260141,0.0008055831499090086
1.6680000000000001,0.001217551371157042,0.733059433530515,0.0008043731304957614
1.6720000000000002,0.0012190351348101386,0.733059433530515,0.0008041925060711788
1.6760000000000002,0.0012205223444338889,0.7332838319476894,0.0008029794727749329
1.6800000000000002,0.0012220112360006878,0.7333966904297529,0.0008017603623075969
1.6840000000000002,0.0012235011053867736,0.7335073288432099,0.0008005489387878458
1.6880000000000002,0.0012249901562499047,0.7335073288432099,0.0008003623187917933
1.6920000000000002,0.0012264762861363032,0.7337273125284692,0.0007991491358990378
1.6960000000000002,0.0012279577966815775,0.7338380317586131,0.0007979310775587843
1.7000000000000002,0.0012294334340133672,0.7339466049551522,0.0007967220412219665
1.7040000000000002,0.001230901443387662,0.7340547772931355,0.0007955241265259016
1.7080000000000002,0.0012323599385708028,0.7341625390544344,0.000794338918415265
1.7120000000000002,0.0012338071520140604,0.7341625390544344,0.0007941755904080801
1.7160000000000002,0.0012352415187609626,0.7343767433516778,0.0007930673006421769
1.7200000000000002,0.0012366618928168547,0.7343767433516778,0.000793008118334435
1.7240000000000002,0.0012380668110670524,0.7345901940910442,0.0007919145339813083
1.7280000000000002,0.0012394552372139323,0.7346968329861238,0.0007908118059550421
1.7320000000000002,0.0012408255305402952,0.7348014227431713,0.0007897137753955381
1.7360000000000002,0.001242176229944144,0.7349056554374186,0.0007886223456138072
1.74,0.001243505842559321,0.7350095123769161,0.0007875388589336272
1.744,0.0012448129901303502,0.7351129641170473,0.0007864643540504053
1.748,0.001246096398805667,0.7352159911327375,0.0007853996541204063
1.752,0.0012473548792188453,0.7353185806597952,0.0007843454229090049
1.756,0.0012485873122184924,0.7354207246002604,0.0007833022011428499
1.76,0.0012497926408248726,0.735522418097476,0.0007822704302598872
1.764,0.0012509698650844225,0.7356236585295285,0.0007812504681736105
1.768,0.0012521180384716859,0.7357244448007655,0.0007802426000011872
1.772,0.0012532362670683867,0.7358247768495755,0.0007792470456275399
1.776,0.0012543237076079196,0.7359246553105222,0.0007782639652932292
1.78,0.0012553795673112646,0.7360240812845019,0.0007772934639629761
1.784,0.0012564031033835206,0.7361230561833342,0.0007763355949443627
1.788,0.0012573936227920257,0.7362215816250982,0.0007753903630623693
1.792,0.0012583504817077255,0.7363196593638138,0.0007744577275660082
1.796,0.0012592730856703194,0.7364172912422613,0.000773537604887463
1.8,0.0012601608892407546,0.7365144791603501,0.0007726298713164135
1.804,0.001261013395408531,0.7366112250539122,0.0007717343656345918
1.808,0.0012618301558112901,0.7368033986097375,0.0007698681354397677
1.812,0.001262610201796135,0.7368033986097375,0.0007690185995062121
1.816,0.0012640581055704935,0.7368976107145598,0.0007681975411049747
1.82,0.0012640581055704935,0.7369928550147928,0.0007673921674881192
1.824,0.0012647272953987116,0.7370876053946334,0.0007666010355778392
1.828,0.0012653595163098258,0.7371818675315308,0.0007658230638846664
1.832,0.0012659544844730866,0.737275661511986,0.0007650573175358819
1.836,0.0012665120018570159,0.7373690017589115,0.0007647887093048947
1.84,0.0012670319433518006,0.7374618988882922,0.0007651636710549478
1.844,0.0012675142474625057,0.73755436086579,0.000765529298309677
1.848,0.0012679589088053919,0.737646393774725,0.0007658874368186406
1.852,0.0012683659731853854,0.7377380023731095,0.0007662392067489422
1.856,0.001268735533932194,0.7378291904985298,0.0007665852752516888
1.86,0.0012690677297520817,0.7379199613563656,0.0007669260286991026
1.864,0.0012693627419913414,0.7380103177207883,0.0007672616813186242
1.868,0.0012696207939341593,0.7381002620727651,0.0007675923433881621
1.872,0.0012698421485458668,0.7381897966938008,0.0007679180639514618
1.876,0.001270027107809505,0.7382789237291705,0.0007682388572976457
1.88,0.0012701760114675622,0.7383676452303575,0.0007685547192014554
1.884,0.0012702892357803303,0.7384559631834725,0.0007688656369569821
1.888,0.0012703671924745629,0.7385438795282214,0.0007691715951665116
1.892,0.0012704103278812777,0.7386313961705624,0.00076947257918111
1.896,0.0012704191214751735,0.738718514991141,0.0007697685769232585
1.9,0.0012703940852129305,0.7388915665947917,0.0007691724140641835
1.904,0.001270335186855306,0.7388915665947917,0.0007698001479067128
1.908,0.001270242303436414,0.7389764037162032,0.0007703096495281727
1.912,0.001270118129640291,0.7390621709946518,0.0007707308391477867
1.916,0.0012699632470843688,0.739147494772297,0.0007710941374866759
1.92,0.001269778038685966,0.7392323798701431,0.0007714191152598303
1.924,0.0012695629789649754,0.7393168441286636,0.0007717181638365981
1.928,0.0012693186385963097,0.7394009003866866,0.0007719990953327808
1.932,0.0012690456614406168,0.7394845581466507,0.0007722668189457059
1.936,0.0012687447458603052,0.739567824574172,0.0007725244090618945
1.94,0.0012684166317170143,0.7396507051583484,0.0007727737836123773
1.944,0.0012680620921765205,0.7397332041978381,0.0007730161342392786
1.948,0.0012676819269089412,0.7398153251595834,0.0007732521984875425
1.952,0.001267276958610458,0.7398970709369502,0.0007734824317359678
1.956,0.0012668480293455205,0.7399784440309719,0.0007737071154555611
1.96,0.0012663959981975028,0.7400594466752894,0.0007739264251399155
1.964,0.0012659217390892465,0.7401400809212154,0.0007741404727625872
1.968,0.001265426139299074,0.7402203486951718,0.0007743493330692379
1.972,0.0012649100974443123,0.7403002518372819,0.0007745530596510663
1.976,0.0012643745224226418,0.7403797921272176,0.0007747516949309339
1.98,0.0012638203318198595,0.7405377910649511,0.0007740595097746306
1.984,0.00126324811985626,0.740615250687266,0.0007737117213900284
1.988,0.0012626582837312206,0.7406925719954097,0.0007735811250277194
1.992,0.001262052629647817,0.7407696897344022,0.0007735870386581454
1.996,0.0012614326558615726,0.7408465590735617,0.0007736783630874849
2.0,0.0012607996532992942,0.7409231495474582,0.0007738227838187575
2.004,0.0012601547730288554,0.7409994407080235,0.0007739998928910368
2.008,0.0012594990709776778,0.7410754190449771,0.0007741968116836634
2.012,0.0012588335389173346,0.7410754190449771,0.0007752777844633135
2.015999999,0.0012581593150996291,0.7411510758263699,0.0007760328747102393
2.019999999,0.0012574775788680307,0.7412273667876746,0.0007765686553108281
2.023999999,0.0012567886447600787,0.7413784137221595,0.000776082241894509
2.027999999,0.0012560926831863526,0.7414523055644872,0.0007758509948333612
2.031999999,0.0012553900591104291,0.7415260021121369,0.0007757805524478037
2.035999999,0.0012546821357111073,0.741599461622351,0.0007758108569856565
2.039999999,0.0012539700985505168,0.741599461622351,0.0007767742245357964
2.043999999,0.001253255089150239,0.7416726553542464,0.0007774454145654233
2.047999999,0.0012525380884284374,0.741746492891395,0.0007779180629287283
2.051999999,0.0012518195796874557,0.7418198420204724,0.0007782623807507203
2.055999999,0.001251100040855074,0.7418927410854448,0.0007785229824013128
2.059999999,0.0012503800718000387,0.7419652288649153,0.0007787280197858928
2.063999999,0.0012496603619036348,0.7420373326285639,0.0007788952075537035
2.067999999,0.0012489416537828403,0.7421090717105384,0.0007790356662091185
2.071999999,0.0012482247172903005,0.7421804598842249,0.0007791563628736446
2.075999999,0.001247510333120044,0.7422515070236226,0.000779261658522958
2.079999999,0.0012467992824067144,0.7423222202974431,0.0007793542870670879
2.083999999,0.0012460923389569975,0.7424626652341267,0.000778556502408765
2.087999999,0.0012453903317865339,0.7425315163453077,0.0007780911029738164
2.091999999,0.001244694347989975,0.7426002413770308,0.0007778349826091538
2.095999999,0.0012440053903591138,0.7426687832581683,0.0007777099762799463
2.099999999,0.0012433243247679277,0.7427371028476653,0.0007776665185384975
2.103999999,0.0012426519194991895,0.7428051735790759,0.000777673227353102
2.107999999,0.001241988871564444,0.7428729776365554,0.0007777102677809483
2.111999999,0.0012413358230065831,0.7429405032562635,0.0007777651262759924
2.115999999,0.0012406933728728606,0.7430077428391881,0.0007778299222119101
2.119999999,0.001240062084035345,0.7430746916407862,0.0007778996990562838
2.123999999,0.0012394424881535789,0.7431413468662698,0.0007779713397686898
2.127999999,0.0012388350887723382,0.7432077070487876,0.0007780428795768148
2.131999999,0.0012382403634443083,0.7432737716235946,0.0007781130716950677
2.135999999,0.001237658764874222,0.7433395406372735,0.0007781811136590724
2.139999999,0.0012370907222478836,0.7434050145496466,0.0007782464757920673
2.143999999,0.001236536641130594,0.7434701940990648,0.0007783087941237286
2.147999999,0.0012359969043558312,0.7435350802109333,0.0007783678042778009
2.151999999,0.0012354718722000421,0.7435996739356501,0.0007784233010317686
2.155999999,0.0012349618821112136,0.7436639764065393,0.0007784751140134695
2.159999999,0.0012344672494291186,0.7437279888113447,0.000778523093478499
2.163999999,0.001233988267030906,0.7437917123729159,0.0007785671022640635
2.167999999,0.0012335252056993001,0.7438551483361268,0.0007786070115053644
2.171999999,0.0012330783138649758,0.7439182979590062,0.0007786426987375136
2.175999999,0.0012326478178024606,0.7439811625067325,0.0007786740471860751
2.179999999,0.001232233922010573,0.7440437432475537,0.0007787009458713818
2.183999999,0.0012318368088766185,0.7441060414500223,0.0007787232900834813
2.187999999,0.0012314566389751468,0.744168058381116,0.0007787409819747307
2.191999999,0.001231093551100973,0.7442297953049587,0.0007787539312866514
2.195999999,0.0012307476624869884,0.744291253481955,0.0007787620558837298
2.199999999,0.0012304190692071807,0.7443524341681882,0.000778765282321517
2.203999999,0.0012301078458626634,0.7444133386150237,0.0007787635463378432
2.207999999,0.0012298140459938581,0.7444739680688224,0.0007787567931788749
2.211999999,0.0012295377025880463,0.7445343237707572,0.0007787449778102462
2.215999999,0.001229278828050131,0.7445944069566766,0.0007787280651249822
2.219999999,0.0012290374144487335,0.7446542188570145,0.0007787060299649018
2.223999999,0.0012288134338572967,0.7447137606967257,0.0007786788571632966
2.227999999,0.0012286068388805888,0.7447730336952418,0.000778646541357338
2.231999999,0.001228417562824426,0.7448320390664411,0.0007786090870297722
2.235999999,0.0012282455199600307,0.7448907780186209,0.0007785665080633302
2.239999999,0.0012280906060638313,0.7449492517544933,0.0007785188276535426
2.243999999,0.0012279526988711429,0.7450074614711697,0.0007784660779491151
2.247999999,0.0012278316582626171,0.7450654083601528,0.0007784082997329429
2.251999999,0.0012277273269065362,0.7451230936073407,0.0007783455420250424
2.255999999,0.0012276395308144466,0.7451805183930243,0.00077827786169471
2.259999999,0.0012275680794480686,0.7452376838918928,0.0007782053230145575
2.263999999,0.0012275127664624428,0.7452945912730401,0.0007781279972407064
2.267999999,0.0012274733701808592,0.7453512416999718,0.000778045962142842
2.271999999,0.0012274496542534817,0.7454076363306178,0.0007779593014976115
2.275999999,0.0012274413676853992,0.7454637763173443,0.0007778681046300651
2.279999999,0.0012274482459524007,0.7455196628069692,0.0007777724659237037
2.283999999,0.0012274700112143648,0.7455752969407805,0.0007776724842887318
2.287999999,0.0012275063729827475,0.7456306798545537,0.0007775682627308251
2.291999999,0.0012275570286087807,0.7456858126785745,0.000777459907763833
2.295999999,0.001227621663773055,0.7457406965376621,0.000777347529002459
2.299999999,0.0012276999533379867,0.745795332551193,0.0007772312386123887
2.303999999,0.0012277915616585124,0.74584972183313,0.0007771111508814327
2.307999999,0.0012278961431647917,0.7459038654920489,0.0007769873817105685
2.311999999,0.0012280133432165598,0.7459577646311691,0.0007768600482004199
2.315999999,0.0012281427980535286,0.7460114203483872,0.0007767292681818643
2.319999999,0.0012282841362827653,0.7460648337363067,0.000776595159758733
2.323999999,0.0012284369786480607,0.7461180058822798,0.0007764578409804241
2.327999999,0.0012286009389741856,0.7461709378684342,0.0007763174293432912
2.331999999,0.001228775624748843,0.7462236307717162,0.0007761740415190517
2.335999999,0.0012289606376134602,0.7462760856639264,0.0007760277929121045
2.3399999989999998,0.0012291555737627433,0.7463283036117636,0.0007758787973769611
2.3439999990000002,0.001229360024975426,0.7463802856768588,0.0007757271668813268
2.347999999,0.0012295735785597354,0.7464320329158215,0.0007755730111818715
2.3519999990000002,0.0012297958185619414,0.74648354638028,0.0007754164376218952
2.355999999,0.0012300263257992606,0.7465348271169217,0.000775257550792345
2.3599999990000002,0.001230264678433105,0.7465858761675386,0.0007750964523800507
2.363999999,0.0012305104529014303,0.7466366945690722,0.0007749332408973833
2.3679999990000002,0.0012307632240368786,0.7466872833536554,0.000774768011527946
2.371999999,0.001231022565814773,0.7467376435486582,0.0007746008559506705
2.3759999990000003,0.001231288051738139,0.7467877761767296,0.0007744318621834956
2.379999999,0.0012315592554011036,0.7467877761767296,0.0007751106372726713
2.3839999990000003,0.0012318356118030287,0.7468879915126296,0.0007746165905615881
2.387999999,0.0012321166052185455,0.7469373142498092,0.0007742356913847536
2.3919999990000003,0.001232402390486911,0.7469864548993913,0.0007739264306143915
2.395999999,0.0012326924229853415,0.7470354016651279,0.00077366239097292
2.3999999990000003,0.0012329862011461626,0.747084146617213,0.0007734267732459777
2.403999999,0.0012332832530993043,0.7471326845590093,0.0007732089061686513
2.407999999,0.0012335831285504304,0.7471810122079535,0.0007730020211625675
2.411999999,0.0012338853930075517,0.7472291276119787,0.0007728018336839907
2.415999999,0.001234189624442673,0.7472770297382579,0.000772605638888516
2.419999999,0.0012344954109457323,0.7473247181858189,0.0007724117352956776
2.423999999,0.0012348023495491855,0.7473721929860658,0.0007722190575992666
2.427999999,0.0012351100449629268,0.7474194544650415,0.0007720269427219053
2.431999999,0.0012354181097475492,0.7474665031487248,0.0007718349809176799
2.435999999,0.0012357261635875991,0.7475133396981485,0.0007716429211104371
2.439999999,0.0012360338335527241,0.7475599648650503,0.0007714506106944932
2.443999999,0.0012363407540878883,0.7476063794616378,0.000771257957384758
2.447999999,0.001236646567002534,0.7476525843400049,0.0007710649050876657
2.451999999,0.0012369509218177863,0.7476985803781352,0.000770871418692682
2.455999999,0.0012372534757532987,0.7477443684703965,0.0007706774745347189
2.459999999,0.0012375538940721294,0.7477899495210885,0.0007704830544993023
2.463999999,0.0012378518503346671,0.747835324440061,0.0007702881424420175
2.467999999,0.0012381470261135122,0.747880494139748,0.000770092721971035
2.471999999,0.0012384391120528707,0.7479254595331493,0.0007698967752802493
2.475999999,0.0012387278071334204,0.7479702215324705,0.0007697002824471975
2.479999999,0.0012390128194610705,0.7480147810481924,0.0007695032212114686
2.483999999,0.0012392938661584278,0.7480591389884493,0.0007693055668624727
2.487999999,0.0012395706737935407,0.7481032962586059,0.0007691072923288666
2.491999999,0.0012398429781810656,0.7481472537609712,0.0007689083683818455
2.495999999,0.0012401105247207497,0.7481910123946108,0.0007687087638012408
2.499999999,0.0012403730684669215,0.7482345730552186,0.0007685084456616511
2.503999999,0.001240630374287433,0.7482779366350356,0.000768307379539503
2.507999999,0.0012408822171119953,0.7483211040227962,0.0007681055298037146
2.511999999,0.0012411283816436969,0.7483640761036955,0.0007679028598394173
2.515999999,0.0012413686628760508,0.7484068537593693,0.0007676993323147806
2.519999999,0.0012416028658049994,0.7484494378678863,0.0007674949094287045
2.523999999,0.0012418308056780616,0.748491829303741,0.0007672895530222769
2.527999999,0.0012420523080648822,0.7485340289378583,0.000767083224935733
2.531999999,0.0012422672087494824,0.7485760376375948,0.0007668758871888285
2.535999999,0.0012424753539806111,0.7486178562667347,0.0007666675021033829
2.539999999,0.0012426766002757586,0.7486594856855049,0.0007664580325050284
2.543999999,0.0012428708143153537,0.7487009267505781,0.0007662474418731987
2.547999999,0.0012430578732843278,0.7487421803150742,0.0007660356945252321
2.551999999,0.0012432376646783062,0.7487832472285678,0.0007658227557474922
2.555999999,0.0012434100861107543,0.7488241283370911,0.0007656085918790365
2.559999999,0.0012435750455674726,0.7488648244831398,0.0007653931704942352
2.563999999,0.0012437324608583313,0.7489053365056736,0.0007651764604524121
2.567999999,0.001243882260409095,0.7489456652401225,0.0007649584319817157
2.571999999,0.001244024382000924,0.7489858115183874,0.0007647390568004015
2.575999999,0.0012441587738317391,0.749025776168841,0.0007645183081751822
2.579999999,0.001244285393704036,0.7490655600163314,0.0007642961609302605
2.583999999,0.001244404209017072,0.7491051638821825,0.000764072591565459
2.587999999,0.0012445151967599448,0.7491445885841946,0.0007638475782524641
2.591999999,0.0012446183435947731,0.7491838349366453,0.0007636211008428193
2.595999999,0.001244713645137985,0.7492229037502905,0.0007633931409304309
2.599999999,0.0012448011063130864,0.7492617958323621,0.0007631636818513388
2.603999999,0.0012448807410798594,0.7493005119865723,0.0007629327086356114
2.607999999,0.0012449525720753547,0.7493390530131103,0.000762700208061951
2.611999999,0.0012450166306125362,0.7493774197086444,0.0007624661686441222
2.615999999,0.0012450729565013975,0.7494156128663221,0.0007622305805429205
2.619999999,0.0012451215978709215,0.7494536332757702,0.0007619934355990605
2.623999999,0.0012451626109026884,0.7494914817230959,0.0007617547272929259
2.627999999,0.0012451960595652738,0.7495291589908893,0.0007615144506815841
2.631999999,0.0012452220155277074,0.7495666658582238,0.0007612726023654336
2.635999999,0.0012452405580736137,0.7496040031006582,0.000761029180462529
2.639999999,0.0012452517734810643,0.7496411714902391,0.0007607841845268014
2.643999999,0.0012452557552054737,0.7496781717955051,0.0007605376154985879
2.647999999,0.0012452526035281121,0.7497150047814892,0.0007602894756440433
2.651999999,0.0012452424252051499,0.749751671209723,0.0007600397685109521
2.655999999,0.0012452253332954882,0.749788171838241,0.0007597884988559836
2.659999999,0.0012452014470781844,0.7498245074215887,0.0007595356725559209
2.663999999,0.001245170891613628,0.7498606787108262,0.0007592812965932696
2.667999999,0.001245133797394195,0.7498966864535351,0.000759025378903678
2.671999999,0.0012450903006193362,0.7499325313938277,0.0007587679284180471
2.675999999,0.0012450405423117875,0.7499325313938277,0.0007593339619719918
2.679999999,0.0012449847656162236,0.749968214272351,0.0007595975711586157
2.683999999,0.0012449233218066228,0.7500041856306634,0.0007596563633705199
2.687999999,0.0012448561982714287,0.7500399055066337,0.0007595820491386711
2.691999999,0.0012447833976594264,0.7500753967384534,0.0007594205062556723
2.695999999,0.0012447049807871112,0.7501106809901525,0.0007592010379197866
2.699999999,0.0012446210532781863,0.7501457735219649,0.0007589424027323662
2.703999999,0.0012445317514875025,0.7501806851574023,0.0007586566588880467
2.707999999,0.001244437231543933,0.7502154235975989,0.0007583516104837057
2.711999999,0.001244337663475451,0.7502499943483181,0.0007580323630593661
2.715999999,0.0012442332263137882,0.7502844013882927,0.0007577023118586555
2.719999999,0.0012441241054280475,0.7503186476452135,0.0007573637690423449
2.723999999,0.0012440104903033385,0.7503527353288552,0.0007570183612045276
2.727999999,0.0012438925734785224,0.7503866661608891,0.0007566672808156495
2.731999999,0.0012437705494832603,0.7504204415318447,0.0007563114447578214
2.735999999,0.0012436446143991727,0.7504540626076132,0.0007559515940295501
2.739999999,0.001243514965152674,0.7504875304014386,0.0007555883559586336
2.743999999,0.0012433817990749837,0.7505208458224761,0.0007552222828353616
2.747999999,0.0012432453138187763,0.7505540097085147,0.00075485387559787
2.751999999,0.0012431057072744775,0.7505870228480294,0.0007544835981549074
2.755999999,0.001242963176771634,0.7506198859950564,0.0007541118856795365
2.759999999,0.0012428179194407237,0.7506525998792314,0.0007537391494813379
2.763999999,0.0012426701318601567,0.7506851652125808,0.0007533657794474689
2.767999999,0.0012425200097920532,0.750717582694121,0.000752992145243579
2.771999999,0.0012423677481855928,0.7507498530129831,0.0007526185966956088
2.775999999,0.0012422135409119086,0.7507819768505378,0.0007522454637293351
2.779999999,0.001242057580856004,0.7508139548818514,0.0007518730560861618
2.783999999,0.001241900059293231,0.7508457877766831,0.000751501662963606
2.787999999,0.0012417411662484685,0.7508774762001738,0.0007511315526935686
2.791999999,0.0012415810902293148,0.750909020813322,0.000750762972375022
2.795999999,0.0012414200177798976,0.750940422273321,0.0007503961476973836
2.799999999,0.0012412581337495772,0.7509716812337918,0.000750031282865606
2.803999999,0.00124109562102483,0.7510027983449542,0.0007496685602946996
2.807999999,0.0012409326602606297,0.7510646096039268,0.000748494403638805
2.811999999,0.0012407694303271648,0.7510949176220614,0.000747627538253994
2.815999999,0.0012406061561865448,0.7511251686892264,0.000746959875795264
2.819999999,0.0012404431010471799,0.7511553385650158,0.00074642239320103
2.823999999,0.0012402804889592163,0.7511854104733261,0.0007459709718481901
2.827999999,0.001240118516784658,0.7512153729338421,0.0007455773635970137
2.831999999,0.0012399573624161258,0.751245218188028,0.0007452234285897189
2.835999999,0.0012397971903154582,0.7512749410737208,0.0007448974607111813
2.8399999989999998,0.0012396381549966459,0.7513045382295329,0.0007445918451159682
2.8439999990000002,0.0012394804036156696,0.7513340075372886,0.0007443015656625822
2.847999999,0.0012393240772185063,0.7513633477339161,0.0007440232545086547
2.8519999990000002,0.0012391693119004274,0.7513925581427077,0.0007437545875621366
2.855999999,0.0012390162395180785,0.7514216384880116,0.0007434939004613552
2.8599999990000002,0.0012388649875954877,0.7514505887678548,0.0007432399450884917
2.863999999,0.0012387156801262247,0.7514794091665972,0.0007429917357218966
2.8679999990000002,0.001238568436941898,0.7515080999951429,0.0007427484521881539
2.871999999,0.0012384233744248952,0.7515366616500634,0.0007425093793434381
2.8759999990000003,0.0012382806046974117,0.7515650945856721,0.0007422738696046291
2.879999999,0.0012381402363342807,0.7515933992949484,0.0007420413200516307
2.8839999990000003,0.001238002373551764,0.7516215762965083,0.0007418111588218789
2.887999999,0.001237867116651458,0.7516496261257027,0.0007415828373251683
2.8919999990000003,0.001237734561388159,0.7516775493285284,0.0007413558259641424
2.895999999,0.0012376047993241563,0.7517053464574658,0.0007411296123830538
2.8999999990000003,0.0012374779176455226,0.7517330180686181,0.0007409037006865255
2.903999999,0.0012373539988886444,0.7517330180686181,0.0007414668662232563
2.9079999990000003,0.0012372330607241296,0.7517605647197663,0.0007417443856411372
2.911999999,0.0012371150114114057,0.7517883320966394,0.0007418280445482958
2.9159999990000003,0.0012369999466446467,0.7518159064416761,0.000741785011094256
2.919999999,0.001236887961055373,0.7518433050651504,0.0007416581599476196
2.9239999990000003,0.0012367791385147673,0.7518705444077476,0.0007414748105281596
2.927999999,0.0012366735534733153,0.7518976360689498,0.0007412523861714799
2.9319999990000003,0.0012365712719423422,0.7519245882867333,0.0007410020196417673
2.935999999,0.0012364723522967716,0.7519514069323903,0.0007407308493140932
2.9399999990000003,0.0012363768459887684,0.7519780962131548,0.0007404434809143253
2.943999999,0.0012362847981721816,0.7520046591778373,0.0007401429179084053
2.9479999990000003,0.0012361962476988594,0.75203109807641,0.0007398311532278598
2.951999999,0.0012361112276541035,0.7520574146115935,0.0007395095453507409
2.9559999990000003,0.001236029765353665,0.7520836101126341,0.0007391790569061147
2.959999999,0.0012359518829697688,0.7521096856542667,0.0007388404057840915
2.9639999990000003,0.0012358775972592798,0.7521356421377063,0.0007384941605120371
2.967999999,0.001235806920010701,0.7521614803456201,0.0007381408001114238
2.9719999990000003,0.0012357398582220206,0.7521872009793887,0.00073778075139672
2.975999999,0.0012356764140991393,0.7522128046843584,0.0007374144118838673
2.979999999,0.0012356165854139115,0.752238292066965,0.0007370421636344172
2.983999999,0.0012355603654132163,0.7522636637063652,0.0007366643812284777
2.987999999,0.0012355077432673577,0.7522889201623446,0.0007362814362196499
2.991999999,0.0012354587037998633,0.7523140619807142,0.0007358936991897622
2.995999999,0.0012354132282957977,0.7523390896969925,0.0007355015403825235
2.999999999,0.0012353712936927753,0.7523640038389329,0.0007351053295178685
3.003999999,0.0012353328736592912,0.7523888049282564,0.0007347054350418558
3.007999999,0.0012352979379657944,0.7524380700125656,0.0007335076332697134
3.011999999,0.0012352665296894768,0.7524622281626477,0.0007326020215063564
3.015999999,0.0012352387845474433,0.7524863400009597,0.00073188465091495
3.019999999,0.0012352145543031174,0.7525103865609968,0.0007312891775211257
3.023999999,0.0012351937219565422,0.7525343547035361,0.0007307732419480119
3.027999999,0.0012351761905152585,0.7525582354249796,0.000730309779895864
3.031999999,0.0012351618766168059,0.7525820226304043,0.0007298814784251521
3.035999999,0.00123515070504887,0.7526057122564107,0.000729477239357795
3.039999999,0.0012351426060551048,0.7526293016507997,0.0007290899233740623
3.043999999,0.0012351375128203126,0.7526527891375047,0.0007287149111619273
3.047999999,0.0012351353599441086,0.7526761737134013,0.0007283491859410459
3.051999999,0.0012351360827234322,0.7526994548380299,0.0007279907485719226
3.055999999,0.001235139615985551,0.7527226322883488,0.000727638245031293
3.059999999,0.0012351458939996783,0.7527457060586488,0.0007272907291582109
3.063999999,0.0012351548497593738,0.7527686762917413,0.0007269475119613486
3.067999999,0.0012351664152537025,0.752791543231707,0.0007266080659456627
3.071999999,0.0012351805206597731,0.7528143071914787,0.0007262719646264913
3.075999999,0.0012351970949734553,0.752836968530594,0.0007259388444811675
3.079999999,0.0012352160653817193,0.7528595276399368,0.0007256083811355681
3.083999999,0.00123523735735407,0.7528819849312604,0.0007252802747339071
3.087999999,0.0012352608950036126,0.7529043408299846,0.000724954241012833
3.091999999,0.001235286600818944,0.7529265957702476,0.0007246300060533541
3.095999999,0.0012353143957555658,0.7529487501914949,0.0007243073034709388
3.099999999,0.0012353441993272773,0.7529708045361349,0.0007239858728280554
3.103999999,0.0012353759297874104,0.7529927592479165,0.0007236654592091658
3.107999999,0.0012354095042201496,0.7530146147708198,0.0007233458130992054
3.111999999,0.0012354448382723552,0.7530363715482925,0.0007230266908602836
3.115999999,0.0012354818470536033,0.7530580300227212,0.0007227078550804506
3.119999999,0.001235520444328714,0.7530795906350858,0.0007223890752862169
3.123999999,0.0012355605434176485,0.753101053824714,0.0007220701286170745
3.127999999,0.0012356020569271055,0.7531224200291338,0.0007217508002034997
3.131999999,0.0012356448968415164,0.7531436896839744,0.0007214308840690546
3.135999999,0.0012356889749733585,0.7531648632229004,0.0007211101834941613
3.139999999,0.0012357342026047275,0.7531859410775928,0.0007207885115676233
3.143999999,0.0012357804913866869,0.7532069236777318,0.000720465691625825
3.147999999,0.0012358277524416265,0.7532278114510028,0.0007201415576307235
3.151999999,0.0012358758975319212,0.7532486048231066,0.0007198159544971945
3.155999999,0.0012359248383418356,0.7532693042177775,0.0007194887383153099
3.159999999,0.0012359744871967464,0.7532899100568032,0.0007191597765851535
3.163999999,0.0012360247567940815,0.7533104227600497,0.0007188289483389158
3.167999999,0.0012360755605629891,0.7533308427454855,0.0007184961442295517
3.171999999,0.0012361268125747789,0.7533511704292051,0.0007181612665140119
3.175999999,0.001236178427902375,0.753371406225456,0.0007178242290760533
3.179999999,0.001236230322530581,0.7533915505466584,0.0007174849572885223
3.183999999,0.0012362824133561076,0.7533915505466584,0.0007179096972437597
3.187999999,0.001236334596545842,0.7534116038034314,0.0007180571327919176
3.191999999,0.001236386752390301,0.7534318160201838,0.0007180158669126901
3.195999999,0.0012364388535063822,0.753451888658714,0.0007178508619905281
3.199999999,0.001236490870540252,0.7534718339025844,0.0007176037636840908
3.203999999,0.0012365427579817978,0.7534916633952804,0.0007173012824685872
3.207999999,0.0012365944582081174,0.7535310058127059,0.0007161868324805033
3.211999999,0.0012366459215062478,0.7535502847747167,0.0007153312037937727
3.215999999,0.0012366970984407015,0.7535695204174404,0.0007146408705870684
3.219999999,0.001236747869653499,0.7535886997564474,0.0007140561638258523
3.223999999,0.001236798132861453,0.7536078137258522,0.0007135390200773145
3.227999999,0.001236847798184653,0.7536268560792794,0.0007130651637202459
3.231999999,0.0012368967841044029,0.7536458225748389,0.0007126191174632069
3.235999999,0.00123694501602504,0.7536647103827202,0.000712191018223095
3.239999999,0.001236992424656602,0.7536835176608823,0.0007117745848776737
3.243999999,0.0012370389449363698,0.753702243254479,0.0007113658211392384
3.247999999,0.0012370845159378643,0.7537208864846973,0.000710962187693803
3.251999999,0.00123712908006194,0.7537394470013751,0.0007105620736729677
3.255999999,0.0012371725828562387,0.7537579246806333,0.0007101644592379474
3.259999999,0.0012372149729244345,0.753776319554033,0.0007097687003327225
3.263999999,0.0012372562016560466,0.7537946317596932,0.0007093743911008776
3.267999999,0.0012372962234049759,0.7538128615086106,0.0007089812761625447
3.271999999,0.0012373349947707578,0.7538310090614921,0.0007085891945855019
3.275999999,0.0012373724752258403,0.7538490747128158,0.0007081980441852626
3.279999999,0.0012374086267558297,0.7538670587798704,0.0007078077587455466
3.283999999,0.0012374434134998333,0.7538849615952127,0.0007074182935333959
3.287999999,0.00123747680210862,0.753902783501465,0.0007070296161069764
3.291999999,0.0012375087617438963,0.753902783501465,0.0007073974078153147
3.295999999,0.001237539271254589,0.7539205248477328,0.0007074948749201548
3.299999999,0.001237568326531574,0.7539384064309382,0.000707409262302535
3.303999999,0.0012375959030972664,0.7539561649746103,0.0007072046392189101
3.307999999,0.0012376219787136747,0.7539738110223889,0.0007069220877149256
3.311999999,0.0012376465321260227,0.7539913547137482,0.0007065879488342803
3.315999999,0.001237669543869711,0.7540088032783578,0.0007062191669245865
3.319999999,0.0012376909960007947,0.7540261619080398,0.0007058266964653761
3.323999999,0.001237710872544116,0.7540434343391411,0.0007054176730063974
3.327999999,0.0012377291592238376,0.7540606232709769,0.0007049967964992429
3.331999999,0.0012377458432837264,0.7540777306730655,0.0007045672124463396
3.335999999,0.0012377609139353606,0.75409475800714,0.0007041310732908998
3.3399999989999998,0.0012377743617299894,0.7541117063843908,0.0007036898956733431
3.3439999990000002,0.0012377861789171047,0.7541285766751077,0.0007032447878930992
3.347999999,0.0012377963594442484,0.75414536958433,0.0007027965944210938
3.3519999990000002,0.0012378048988671577,0.7541620857037021,0.0007023459876213692
3.355999999,0.0012378117943496402,0.7541787255469014,0.0007018935259323978
3.3599999990000002,0.0012378170448428649,0.7541952895737973,0.0007014396905657632
3.363999999,0.001237820650995607,0.7542117782069334,0.0007009849085752678
3.3679999990000002,0.0012378226153336037,0.754228191842775,0.0007005295673148007
3.371999999,0.0012378229420801769,0.7542445308594002,0.0007000740233231417
3.3759999990000003,0.0012378216372459674,0.7542607956217697,0.0006996186078457412
3.379999999,0.0012378187085393204,0.7542769864853451,0.0006991636301107512
3.3839999990000003,0.0012378141656354722,0.7542931037985796,0.0006987093791446143
3.387999999,0.0012378080199973137,0.7543091479046387,0.0006982561249845289
3.3919999990000003,0.0012378002846961873,0.7543251191425909,0.0006978041191604206
3.395999999,0.0012377909748605635,0.7543410178482323,0.0006973535950086923
3.3999999990000003,0.0012377801068690468,0.7543568443546586,0.0006969047678150747
3.403999999,0.0012377676993372813,0.7543725989926633,0.0006964578348598905
3.407999999,0.0012377537722213156,0.7544038939766476,0.0006952662952186988
3.411999999,0.0012377383343499303,0.7544192415581272,0.0006943528298837844
3.415999999,0.0012377213887163605,0.7544345582364343,0.0006936203672431147
3.419999999,0.0012377029919492684,0.754449832755858,0.0006930068119230697
3.423999999,0.0012376831908979546,0.7544650571904622,0.0006924723867270147
3.427999999,0.001237662025682084,0.7544802260340067,0.0006919915540485156
3.431999999,0.00123763953265186,0.7544953355144242,0.0006915478601421896
3.435999999,0.0012376157459131098,0.7545103830897234,0.0006911306449376257
3.439999999,0.001237590699031903,0.7545253670836048,0.0006907329424936748
3.443999999,0.0012375644252142662,0.7545402864253695,0.0006903501415717732
3.447999999,0.0012375369581138918,0.7545551404660149,0.0006899791311612926
3.451999999,0.0012375083321016578,0.754569928849132,0.0006896177557414297
3.455999999,0.0012374785824454664,0.7545846514207473,0.0006892644683323885
3.459999999,0.0012374477453106739,0.7545993081666272,0.0006889181095181483
3.463999999,0.0012374158579399627,0.7546138991687912,0.0006885777671615791
3.467999999,0.0012373829583846275,0.7546284245754079,0.000688242687385926
3.471999999,0.0012373490853255446,0.7546428845799874,0.0006879122185333751
3.475999999,0.0012373142784324785,0.7546572794069933,0.0006875857758935495
3.479999999,0.0012372785780056005,0.754671609301905,0.0006872628198518838
3.483999999,0.0012372420246169386,0.7546858745243384,0.0006869428424943266
3.487999999,0.0012372046596491218,0.754700075343289,0.000686625359602195
3.491999999,0.0012371665244881262,0.7547142120338318,0.0006863099061123235
3.495999999,0.0012371276609722491,0.7547282848748368,0.0006859960336278433
3.499999999,0.0012370881109437083,0.7547422941473767,0.0006856833093686108
3.503999999,0.0012370479164283774,0.7547562401336234,0.0006853713158205911
3.507999999,0.0012370071193667888,0.7547701231160892,0.0006850596510018483
3.511999999,0.0012369657616143313,0.7547839433770794,0.0006847479289337883
3.515999999,0.0012369238848516763,0.7547977011983376,0.0006844357801642267
3.519999999,0.0012368815306746904,0.7547977011983376,0.0006848459733674227
3.523999999,0.001236838737093832,0.7548113968607891,0.0006849970137950051
3.527999999,0.0012367955261459553,0.7548251997054829,0.0006849714596430367
3.531999999,0.0012367519210375571,0.7548389084755538,0.0006848299750383907
3.535999999,0.0012367079474018719,0.7548525309233257,0.0006846114042773045
3.539999999,0.0012366636372495086,0.7548660745895764,0.0006843405985140017
3.543999999,0.001236619026455865,0.7548795449017336,0.0006840334939128721
3.547999999,0.001236574153504962,0.7548929457952654,0.0006837003497838465
3.551999999,0.0012365290578738618,0.7549062801254818,0.0006833478123441077
3.555999999,0.0012364837795839831,0.7549195499686362,0.0006829802299114498
3.559999999,0.001236438358213552,0.7549327568474383,0.0006826004909191287
3.563999999,0.0012363928326281882,0.7549459018965042,0.0006822105576249573
3.567999999,0.0012363472412502076,0.7549589859808294,0.0006818118059765055
3.571999999,0.0012363016213401534,0.7549720097790676,0.0006814052417714663
3.575999999,0.0012362560091762047,0.754984973841358,0.0006809916379177519
3.579999999,0.001236210440233617,0.7549978786291861,0.0006805716214720083
3.583999999,0.0012361649487355074,0.7550107245427597,0.0006801457285285291
3.587999999,0.0012361195683711274,0.75502351193977,0.0006797144386794603
3.591999999,0.0012360743313975563,0.75503624114826,0.0006792781964289253
3.595999999,0.0012360292696274428,0.7550489124754569,0.0006788374242782108
3.599999999,0.0012359844137102836,0.7550615262138476,0.000678392530485995
3.603999999,0.0012359397936711335,0.7550740826453717,0.000677943913531963
3.607999999,0.0012358954385511128,0.7550990246793106,0.0006767641761830643
3.611999999,0.001235851393924936,0.7551112579279273,0.0006758493684844596
3.615999999,0.0012358077376253957,0.7551234656679645,0.0006751056260155067
3.619999999,0.001235764493501516,0.7551356393607409,0.000674472979522708
3.623999999,0.0012357216833388473,0.7551477729351622,0.0006739130937590731
3.627999999,0.0012356793279371969,0.755159862138139,0.0006734014414840842
3.631999999,0.0012356374471103847,0.7551719040339419,0.0006729223080552211
3.635999999,0.001235596060314972,0.75518389662992,0.00067246560274842
3.639999999,0.0012355551862906996,0.7551958386025058,0.0006720248231181277
3.643999999,0.0012355148438690244,0.7552077290996347,0.0006715957555990696
3.647999999,0.0012354750512541578,0.7552195675998389,0.000671175645857355
3.651999999,0.001235435826741804,0.7552313538125786,0.0006707626692565938
3.655999999,0.0012353971881798843,0.7552430876081635,0.0006703555928456816
3.659999999,0.0012353591529683837,0.7552547689686933,0.0006699535596644751
3.663999999,0.001235321738328817,0.7552663979538189,0.0006695559512156012
3.667999999,0.0012352849607648593,0.7552779746768905,0.0006691622998035249
3.671999999,0.0012352488363317898,0.7552894992883556,0.0006687722328509596
3.675999999,0.0012352133803666986,0.7553009719642073,0.000668385437480303
3.679999999,0.001235178607488298,0.7553123928979419,0.0006680016382567367
3.683999999,0.0012351445315068545,0.7553237622949536,0.0006676205831794913
3.687999999,0.0012351111653341096,0.7553350803686204,0.0006672420350647551
3.691999999,0.0012350785210729724,0.7553463473375709,0.0006668657662365159
3.695999999,0.0012350466096577677,0.7553575634237671,0.0006664915555320153
3.699999999,0.0012350154412135994,0.75536872885116,0.0006661191865661473
3.703999999,0.0012349850247864917,0.7553798438447472,0.0006657484469173885
3.707999999,0.0012349553681633998,0.7553909086299077,0.0006653791278998
3.711999999,0.001234926478231613,0.7553909086299077,0.0006657149732910973
3.715999999,0.0012348983349064397,0.755401923431937,0.0006658009228345
3.719999999,0.0012348708769230193,0.7554130232284636,0.0006657173178846709
3.723999999,0.0012348441295013022,0.7554240481259348,0.0006655231720338554
3.727999999,0.0012348181173227658,0.7554458968554624,0.0006645461213059692
3.731999999,0.0012347928846704345,0.7554565976239787,0.0006637811953615538
3.735999999,0.0012347685088277775,0.7554672691327242,0.0006631523349981046
3.739999999,0.0012347449670070804,0.7554779061142493,0.0006626109172593771
3.743999999,0.0012347222419920143,0.755488504774881,0.000662125834505892
3.747999999,0.0012347003195306474,0.7554990624379888,0.0006616771624984496
3.751999999,0.0012346791874366116,0.7555095772529795,0.0006612521189753984
3.755999999,0.0012346588346901501,0.7555200479695616,0.0006608424839654569
3.759999999,0.0012346392506289807,0.7555304737681978,0.0006604429530755112
3.763999999,0.0012346204250383176,0.7555408541355564,0.0006600500862083738
3.767999999,0.0012346023474315638,0.7555511887744429,0.0006596616363250348
3.771999999,0.0012345850074100635,0.7555511887744429,0.0006599749503483432
3.775999999,0.00123456836831425,0.7555718458778525,0.000659335345942673
3.779999999,0.0012345523839488472,0.7555820186492449,0.0006587869756210658
3.783999999,0.0012345371361758885,0.7555921524801106,0.0006582970225228562
3.787999999,0.0012345226033492031,0.7555921524801106,0.0006585419246460894
3.791999999,0.0012345087412473016,0.7556022456140465,0.0006585624370273983
3.795999999,0.001234495471740688,0.7556124198163578,0.000658429610449452
3.799999999,0.0012344828055506514,0.7556225282948227,0.000658196484920558
3.803999999,0.0012344707542973994,0.7556425663539127,0.0006571934573103627
3.807999999,0.0012344593470482686,0.7556523824189846,0.0006564041211780422
3.811999999,0.0012344486400315984,0.7556621719302505,0.0006557518698791641
3.815999999,0.0012344385909050439,0.7556719300144173,0.0006551877582496057
3.819999999,0.0012344291650584675,0.7556816531443488,0.000654680499862405
3.823999999,0.0012344203332760254,0.7556913388202956,0.0006542100826611929
3.827999999,0.0012344120697578489,0.7557009853062899,0.0006537636938661564
3.831999999,0.0012344043510410102,0.7557105914238498,0.0006533331185773427
3.835999999,0.0012343971552801814,0.755720156396045,0.000652913079051605
3.8399999989999998,0.0012343904617081339,0.7557296797323834,0.0006525001743419139
3.8439999990000002,0.0012343842503660316,0.7557391611452229,0.0006520922031576838
3.847999999,0.001234378501833707,0.7557486004898043,0.000651687731420349
3.8519999990000002,0.0012343731972297486,0.7557579977216059,0.0006512858159604664
3.855999999,0.0012343683178518135,0.7557673528662077,0.0006508858280852803
3.8599999990000002,0.0012343638454465247,0.7557766659980899,0.000650487340646709
3.863999999,0.0012343597615799395,0.7557859372257677,0.0006500900560841051
3.8679999990000002,0.0012343560483571536,0.7557951666813727,0.0006496937602068148
3.871999999,0.0012343526877927585,0.7558043545133757,0.0006492982927740417
3.8759999990000003,0.0012343496619008371,0.7558135008814824,0.0006489035286563064
3.879999999,0.0012343469528749026,0.7558226059530624,0.0006485093657861056
3.8839999990000003,0.001234344542998002,0.7558316699006451,0.0006481157174905296
3.887999999,0.0012343424142829847,0.7558406929001567,0.0006477225075822669
3.8919999990000003,0.0012343405491920983,0.7558496751296807,0.0006473296672484763
3.895999999,0.0012343389299174733,0.7558586167685785,0.0006469371331239897
3.8999999990000003,0.001234337538650993,0.7558675179968708,0.0006465448460438259
3.903999999,0.001234336357764217,0.7558763789947978,0.0006461527503014606
3.9079999990000003,0.0012343353694486336,0.7558851999425075,0.0006457607931302894
3.911999999,0.0012343345562553583,0.7558939810198337,0.0006453689245780157
3.9159999990000003,0.0012343339004655452,0.7559027224061384,0.0006449770972183934
3.919999999,0.0012343333845401367,0.755911424280203,0.0006445852661497166
3.9239999990000003,0.0012343329910299392,0.7559200868201547,0.0006441933889949468
3.927999999,0.0012343327025756416,0.7559287102034072,0.0006438014258541579
3.9319999990000003,0.0012343325019078318,0.7559372946066293,0.0006434093393454609
3.935999999,0.001234332371847011,0.7559458402057188,0.0006430170946117352
3.9399999990000003,0.0012343322953935483,0.7559543471757907,0.0006426246593674191
3.943999999,0.0012343322557276909,0.755962815691167,0.0006422320038894835
3.9479999990000003,0.0012343322362095702,0.7559712459253762,0.0006418391010202798
3.951999999,0.0012343322204691502,0.7559796380511526,0.0006414459262047285
3.9559999990000003,0.0012343321921363933,0.7559879922404379,0.0006410524574614191
3.959999999,0.0012343321353809327,0.7559963086643862,0.0006406586753578852
3.9639999990000003,0.0012343320343723963,0.7560045874933683,0.0006402645630058589
3.967999999,0.001234331873820075,0.7560128288969786,0.0006398701060033496
3.9719999990000003,0.001234331638433245,0.7560210330440419,0.000639475292460544
3.975999999,0.0012343313134608302,0.7560292001026153,0.000639080112846096
3.979999999,0.001234330884421557,0.7560373302400015,0.0006386845599972698
3.983999999,0.0012343303372838361,0.7560454236227493,0.0006382886290500972
3.987999999,0.0012343296581059661,0.7560534804166626,0.0006378923173513961
3.991999999,0.0012343288336657398,0.756061500786806,0.0006374956243782163
3.995999999,0.0012343278508308122,0.7560694848975092,0.0006370985516729317
3.999999999,0.0012343266970983578,0.7560774329123745,0.0006367011027418032
4.003999999,0.0012343253603252203,0.7560853449942794,0.0006363032829226435
4.007999999,0.0012343238287278958,0.7560932213053813,0.0006359050993589747
4.011999999,0.0012343220908825178,0.7561010620071277,0.0006355065608666892
4.015999999,0.0012343201359946785,0.7561088672602526,0.0006351076778014219
4.019999999,0.0012343179537195224,0.7561166372247876,0.0006347084619815946
4.023999999,0.0012343155339818383,0.7561243720600608,0.0006343089265627898
4.027999999,0.0012343128672458827,0.7561320719247016,0.0006339090859304202
4.031999999,0.0012343099445153668,0.7561397369766455,0.0006335089555862866
4.035999999,0.0012343067572434959,0.756147367373135,0.0006331085520457101
4.039999999,0.0012343032972430108,0.7561549632707271,0.0006327078927369506
4.043999999,0.0012342995568660681,0.7561625248252896,0.000632306995858134
4.047999999,0.0012342955290042328,0.7561700521920096,0.0006319058802845308
4.051999999,0.0012342912069985199,0.7561775455253933,0.0006315045654393294
4.055999999,0.0012342865845494388,0.7561850049792692,0.0006311030712300937
4.059999999,0.0012342816558968813,0.7561924307067899,0.0006307014179651437
4.063999999,0.0012342764157301693,0.7561998228604325,0.000630299626130857
4.067999999,0.0012342708593679492,0.7562071815920088,0.0006298977163871253
4.071999999,0.0012342649823983928,0.7562145070526582,0.0006294957094768517
4.075999999,0.0012342587809490442,0.7562217993928526,0.000629093626115543
4.079999999,0.001234252251596871,0.7562290587624008,0.0006286914868974491
4.083999999,0.0012342453912783157,0.7562362853104491,0.0006282893122416448
4.087999999,0.0012342381975591521,0.7562434791854815,0.0006278871222510176
4.091999999,0.0012342306683646392,0.7562506405353244,0.0006274849367073506
4.095999999,0.0012342228019795265,0.7562506405353244,0.0006277485087709473
4.099999999,0.0012342145899417064,0.7562577695071482,0.0006277753969860655
4.103999999,0.001234206011644709,0.756264951725118,0.0006276414490542123
4.1079999990000005,0.001234197071308787,0.7562720867217282,0.0006274024893100544
4.111999999,0.0012341877745932874,0.7562791777771203,0.0006270943814139961
4.115999999,0.0012341781258080682,0.7562862282455227,0.0006267401802431742
4.119999999,0.0012341681289029897,0.7562932406393575,0.0006263547685364837
4.123999999,0.0012341577871980368,0.7563002168526207,0.0006259478135350054
4.127999999,0.0012341471036531808,0.756307158304664,0.0006255256522437559
4.131999999,0.0012341360813181688,0.7563140660553924,0.0006250924934371788
4.135999999,0.0012341247228827346,0.7563209408994798,0.000624651184095447
4.139999999,0.0012341130310364354,0.7563277834399122,0.0006242036981754627
4.143999999,0.0012341010083786958,0.7563345941429879,0.0006237514481831512
4.147999999,0.0012340886575987378,0.7563413733782625,0.0006232954838618531
4.151999999,0.0012340759811157362,0.7563481214470339,0.0006228366187040123
4.155999999,0.0012340629817085653,0.7563548386024695,0.0006223755106032998
4.159999999,0.001234049662335893,0.7563615250637191,0.0006219127130185926
4.163999999,0.0012340360258662982,0.756368181025815,0.0006214487075530845
4.167999999,0.0012340220755281117,0.7563748066666149,0.0006209839245345362
4.171999999,0.0012340078149094451,0.7563814021516713,0.0006205187558876086
4.175999999,0.0012339932476883096,0.7563879676376624,0.0006200535633282369
4.179999999,0.0012339783779925153,0.7563945032748176,0.0006195886833498627
4.183999999,0.001233963210399707,0.7564010092086321,0.0006191244302671268
4.187999999,0.0012339477494875373,0.7564074855810827,0.00061866109808778
4.191999999,0.0012339320007334208,0.7564139325314986,0.000618198961578441
4.195999999,0.0012339159695248722,0.7564203501971799,0.0006177382767888704
4.199999999,0.0012338996618793273,0.7564267387138381,0.0006172792815818106
4.203999999,0.0012338830840842854,0.7564330982159116,0.000616822195596361
4.207999999,0.0012338662429672786,0.7564457307089837,0.0006157099316057548
4.211999999,0.0012338491538142055,0.7564519289986904,0.0006148410046715579
4.215999999,0.0012338318479284036,0.7564581125030088,0.0006141309523854337
4.219999999,0.001233814330249819,0.7564642778417062,0.0006135257005399069
4.223999999,0.0012337966059885201,0.7564704224654213,0.0006129905738231224
4.227999999,0.0012337786806247261,0.7564765445022256,0.0006125032809038291
4.231999999,0.0012337605603587702,0.7564826426079525,0.0006120494363697882
4.235999999,0.0012337422517512081,0.7564887158377804,0.0006116197018303071
4.239999999,0.0012337237619928247,0.7564947635431686,0.0006112079608738046
4.243999999,0.0012337050990846718,0.756500785292396,0.0006108101537923311
4.247999999,0.0012336862715681654,0.7565067808108749,0.0006104235337902927
4.251999999,0.0012336672884351427,0.7565127499371135,0.0006100461921486061
4.255999999,0.001233648159307899,0.7565186925906144,0.0006096767552906357
4.259999999,0.0012336288943492518,0.7565246087486814,0.0006093141916037331
4.263999999,0.0012336095039026025,0.7565304984297543,0.0006089576883946197
4.267999999,0.0012335899988519575,0.7565363616814765,0.0006086065736630032
4.271999999,0.001233570389901977,0.7565421985721744,0.0006082602665216706
4.275999999,0.0012335506882979867,0.7565480091847718,0.0006079182459192141
4.279999999,0.0012335309050159969,0.7565537936124457,0.0006075800310719959
4.283999999,0.0012335110511227097,0.7565537936124457,0.000607882219935135
4.287999999,0.0012334911269747417,0.7565595519555237,0.0006079612470285795
4.291999999,0.0012334711133069657,0.7565653524979685,0.0006078890900187578
4.295999999,0.0012334510250566041,0.7565711155635,0.0006077186356101422
4.299999999,0.0012334308779719358,0.7565768435266284,0.0006074837310717083
4.303999999,0.0012334106868121212,0.756582538890468,0.0006072060088786566
4.307999999,0.0012333904648070442,0.7565882035712654,0.0006068993117737293
4.311999999,0.0012333702247373766,0.7565938390428367,0.00060657251526521
4.315999999,0.0012333499779443573,0.7565994464270962,0.000606231327785046
4.319999999,0.0012333297353198777,0.7566050265720284,0.0006058794388281378
4.323999999,0.0012333095067663263,0.7566105801194509,0.0006055192514277594
4.327999999,0.0012332893012865275,0.7566161075599196,0.0006051523495949981
4.331999999,0.0012332691272537348,0.7566216092747903,0.0006047797965456514
4.335999999,0.001233248992321554,0.7566270855672791,0.0006044023250716334
4.339999999,0.001233228903513907,0.756632536684915,0.0006040204590180275
4.343999999,0.0012332088671349515,0.7566379628355616,0.0006036345907290407
4.347999999,0.0012331888890391052,0.7566433641987882,0.0006032450304080352
4.351999999,0.001233168974631007,0.7566487409339107,0.0006028520375246688
4.355999999,0.0012331491289555093,0.7566540931856948,0.0006024558406376245
4.359999999,0.0012331293566076134,0.7566594210883951,0.000602056649919005
4.363999999,0.0012331096620025338,0.7566647247686288,0.0006016546649447094
4.367999999,0.0012330900491956099,0.756670004347432,0.0006012500793942258
4.371999999,0.0012330705221523855,0.7566752599417259,0.0006008430838494303
4.375999999,0.001233051084658561,0.7566804916653762,0.0006004338673456592
4.379999999,0.0012330317403199762,0.7566856996299532,0.0006000226180788393
4.383999999,0.0012330124926526356,0.7566908839452833,0.0005996095236435825
4.387999999,0.0012329933451727402,0.7566960447198456,0.0005991947708872249
4.391999999,0.001232974301306642,0.75670118206106,0.0005987785456190752
4.395999999,0.001232955364390833,0.756706296075494,0.0005983610321657608
4.399999999,0.001232936537761983,0.7567113868690156,0.0005979424128256877
4.403999999,0.0012329178247569368,0.7567164545468926,0.0005975228673871907
4.407999999,0.0012328992286226607,0.7567265209742405,0.0005964670582433782
4.411999999,0.0012328807672846223,0.7567314612168383,0.0005956432133007867
4.415999999,0.0012328624814526012,0.7567363889369427,0.0005949699231004227
4.419999999,0.0012328443614986492,0.7567413018088397,0.0005943950765086192
4.423999999,0.0012328264009461118,0.7567461980077624,0.0005938852703800253
4.427999999,0.0012328085956593605,0.7567510761542267,0.000593419048981264
4.431999999,0.0012327909432135646,0.7567559352345428,0.0005929825878803545
4.435999999,0.0012327734422644052,0.7567607745221367,0.0005925669380927095
4.439999999,0.0012327560926382135,0.7567655935093786,0.0005921662664490018
4.443999999,0.0012327388949718097,0.7567703918524283,0.0005917767316026687
4.447999999,0.001232721850622495,0.7567751693283405,0.0005913957664282238
4.451999999,0.0012327049612177808,0.756779925802603,0.000591021619415298
4.455999999,0.001232688229195797,0.7567846612049731,0.0005906530618678242
4.459999999,0.0012326716569947458,0.7567893755116956,0.0005902892008205335
4.463999999,0.0012326552472330342,0.7567940687325316,0.0005899293596230771
4.467999999,0.0012326390029794895,0.7567987409013366,0.0005895730017015365
4.471999999,0.0012326229269427548,0.7568033920692376,0.0005892196819431983
4.475999999,0.0012326070218315465,0.7568080222997069,0.0005888690158864406
4.479999999,0.0012325912905347947,0.7568126316649859,0.0005885206601222494
4.483999999,0.001232575735401064,0.7568172202435187,0.0005881742999017514
4.487999999,0.0012325603586888878,0.7568217881180795,0.0005878296414572413
4.491999999,0.0012325451624766845,0.7568263353744228,0.0005874864072755385
4.495999999,0.0012325301483024351,0.7568308621003027,0.0005871443332303793
4.499999999,0.0012325153176140382,0.7568353683847593,0.0005868031669509901
4.503999999,0.0012325006713189064,0.7568398543176063,0.0005864626669257408
4.507999999,0.0012324862101442534,0.7568443199890534,0.0005861226021292619
4.511999999,0.0012324719340965954,0.7568487654894435,0.0005857827518241508
4.515999999,0.0012324578431823657,0.7568531909090607,0.0005854429057584178
4.519999999,0.001232443936867416,0.7568575963379817,0.0005851028641706953
4.523999999,0.001232430214076986,0.7568619818659954,0.0005847624380926836
4.527999999,0.001232416673736186,0.756866347582532,0.000584421449483977
4.531999999,0.0012324033139592225,0.7568706935766198,0.000584079731467919
4.535999999,0.001232390132950228,0.7568750199368603,0.0005837371284915199
4.539999999,0.0012323771281924757,0.7568793267514117,0.0005833934964534151
4.543999999,0.0012323642972591456,0.7568836141079831,0.0005830487027882733
4.547999999,0.0012323516370926133,0.7568878820938351,0.0005827026266261654
4.551999999,0.0012323391445449663,0.7568921307957852,0.00058235515863797
4.555999999,0.0012323268161978204,0.7568963603002083,0.0005820062010962162
4.559999999,0.001232314648452403,0.7569005706930518,0.0005816556678130371
4.563999999,0.0012323026372592688,0.756904762059843,0.0005813034839679032
4.567999999,0.0012322907786588475,0.7569089344856968,0.0005809495860019043
4.571999999,0.001232279068421074,0.7569130880553302,0.0005805939213607763
4.575999999,0.0012322675021354758,0.7569172228530681,0.0005802364483069463
4.579999999,0.001232256075301266,0.7569213389628557,0.0005798771356127313
4.5839999989999995,0.001232244783417443,0.7569254364682667,0.0005795159622373313
4.587999999,0.0012322336215323027,0.7569295154525124,0.0005791529170451898
4.591999999,0.0012322225851444147,0.756933575998445,0.0005787879983600083
4.595999999,0.001232211669121449,0.7569376181885745,0.0005784212136733795
4.599999999,0.0012322008687813604,0.7569416421050691,0.0005780525791481934
4.603999999,0.0012321901790815005,0.7569456478297559,0.0005776821192147478
4.6079999990000005,0.0012321795950691172,0.7569496354441336,0.0005773098660971966
4.611999999,0.0012321691117912598,0.7569536050293759,0.000576935859368704
4.615999999,0.0012321587242046805,0.7569575566663337,0.0005765601454583974
4.619999999,0.001232148427446147,0.7569614904355397,0.0005761827771851505
4.6239999990000005,0.0012321382165621383,0.7569654064172098,0.0005758038132036489
4.627999999,0.0012321280865088444,0.756969304691246,0.0005754233175643641
4.631999999,0.0012321180324224867,0.756973185337239,0.0005750413591786938
4.635999999,0.0012321080495292208,0.7569770484344654,0.0005746580112990001
4.6399999990000005,0.001232098132874818,0.7569808940619015,0.0005742733510557314
4.643999999,0.0012320882777752055,0.7569847222982056,0.0005738874589380026
4.647999999,0.0012320784795461519,0.7569885332217282,0.000573500418284236
4.651999999,0.0012320687334131575,0.7569923269105141,0.0005731123148190365
4.6559999990000005,0.0012320590348718979,0.7569961034423006,0.0005727232361899207
4.659999999,0.0012320493792376773,0.7569998628945143,0.0005723332714609497
4.663999999,0.001232039762186099,0.757003605344275,0.0005719425107089088
4.667999999,0.0012320301793025139,0.7570073308683906,0.0005715510445508058
4.6719999990000005,0.001232020626082018,0.7570110395433615,0.0005711589637429698
4.675999999,0.0012320110985602538,0.757014731445375,0.0005707663587796549
4.679999999,0.0012320015923221628,0.757018406650307,0.0005703733195050408
4.683999999,0.0012319921033130126,0.7570220652337212,0.0005699799347300138
4.6879999990000005,0.0012319826275680621,0.7570257072708676,0.0005695862919195213
4.691999999,0.001231973161122448,0.7570293328366827,0.0005691924768166159
4.695999999,0.0012319637001914207,0.7570329420057864,0.0005687985732103434
4.699999999,0.0012319542408999959,0.7570365348524838,0.0005684046625821858
4.7039999990000005,0.0012319447796434286,0.757040111450763,0.0005680108238793987
4.707999999,0.0012319353129069833,0.7570436718742963,0.0005676171332556051
4.711999999,0.0012319258369955749,0.7570472161964336,0.0005672236638125042
4.715999999,0.0012319163486646117,0.7570507444902094,0.0005668304855687564
4.719999999,0.001231906844579281,0.7570542568283365,0.0005664376651213968
4.723999999,0.0012318973214947878,0.7570577532832129,0.0005660452655169857
4.727999999,0.0012318877762563614,0.7570612339269117,0.00056565334617269
4.731999999,0.0012318782059795046,0.7570646988311863,0.0005652619627666006
4.735999999,0.001231868607599379,0.7570681480674688,0.0005648711670962154
4.739999999,0.0012318589783214262,0.7570715817068724,0.0005644810070544516
4.743999999,0.0012318493154411258,0.7570749998201904,0.0005640915266039998
4.747999999,0.001231839616343996,0.757078402477893,0.000563702765670849
4.751999999,0.0012318298785055982,0.7570817897501306,0.0005633147602315264
4.755999999,0.001231820099491539,0.7570851617067343,0.0005629275422562586
4.759999999,0.001231810276957473,0.7570885184172135,0.0005625411397503402
4.763999999,0.0012318004086491062,0.7570918599507596,0.000562155576803978
4.767999999,0.0012317904924923286,0.7570951863762444,0.0005617708736406407
4.771999999,0.0012317805264129582,0.7570984977622206,0.0005613870467063144
4.775999999,0.0012317705086071367,0.7571017941769238,0.0005610041087262772
4.779999999,0.0012317604370906752,0.7571050756882705,0.0005606220688890561
4.783999999,0.0012317503103299815,0.7571083423638647,0.000560240932804428
4.787999999,0.0012317401266111368,0.7571115942709977,0.0005598607027223478
4.791999999,0.001231729884400428,0.7571148314766349,0.0005594813776950809
4.795999999,0.0012317195822542201,0.757118054047436,0.0005591029536506314
4.799999999,0.00123170921899923,0.7571212620497471,0.0005587254235700657
4.803999999,0.0012316987933719897,0.7571244555496046,0.0005583487776312011
4.807999999,0.001231688304199117,0.757127634612734,0.0005579730033871816
4.811999999,0.0012316777504874578,0.7571307993045515,0.0005575980858960497
4.815999999,0.0012316671313339549,0.7571339496901675,0.0005572240079118308
4.819999999,0.0012316564459256493,0.7571370858343839,0.0005568507500897192
4.823999999,0.0012316456935396848,0.7571402078016994,0.0005564782910924771
4.827999999,0.0012316348734531697,0.7571433156563107,0.0005561066077972745
4.831999999,0.0012316239853037473,0.7571464094621105,0.0005557356755237251
4.835999999,0.0012316130284586054,0.7571494892826937,0.0005553654681236008
4.839999999,0.001231602002645477,0.7571525551813544,0.000554995958200972
4.843999999,0.0012315909075920732,0.7571556072210921,0.0005546271172833949
4.847999999,0.00123157974311623,0.7571586454646088,0.0005542589159939457
4.851999999,0.0012315685092160595,0.757161669974315,0.0005538913242034143
4.855999999,0.0012315572056192184,0.7571646808123274,0.0005535243112082171
4.859999999,0.001231545832684382,0.7571676780404734,0.0005531578458876584
4.863999999,0.00123153439040963,0.7571706617202909,0.0005527918968739529
4.867999999,0.0012315228791536313,0.7571736319130321,0.0005524264326439855
4.871999999,0.0012315112990947538,0.757176588679663,0.0005520614217815145
4.875999999,0.0012314996506818175,0.7571795320808679,0.0005516968329225778
4.879999999,0.0012314879343636475,0.757182462177048,0.0005513326351163886
4.883999999,0.001231476150769383,0.7571853790283242,0.0005509687977708413
4.887999999,0.0012314643004380213,0.7571882826945406,0.0005506052908842609
4.891999999,0.0012314523839987246,0.7571911732352647,0.000550242085027841
4.895999999,0.0012314404023511384,0.7571940507097907,0.0005498791516146725
4.899999999,0.0012314283561244612,0.7571969151771348,0.0005495164628454946
4.903999999,0.0012314162463986967,0.7571997666960485,0.0005491539918825379
4.907999999,0.0012314040739834036,0.7572026053250097,0.0005487917129096304
4.911999999,0.0012313918399586433,0.757205431122231,0.0005484296011646851
4.915999999,0.00123137954531435,0.7572082441456554,0.0005480676330985252
4.919999999,0.0012313671912208115,0.7572110444529644,0.0005477057863315073
4.923999999,0.0012313547788483541,0.7572138321015752,0.0005473440397539605
4.927999999,0.001231342309457507,0.7572166071486456,0.0005469823735380796
4.931999999,0.0012313297842186774,0.7572193696510738,0.0005466207692092021
4.935999999,0.001231317204572809,0.7572221196654989,0.0005462592096475593
4.939999999,0.001231304571780564,0.7572248572483049,0.0005458976791010205
4.943999999,0.0012312918873731515,0.7572275824556207,0.000545536163211782
4.947999999,0.0012312791527916693,0.7572302953433206,0.0005451746490275118
4.951999999,0.0012312663694772682,0.7572329959670294,0.0005448131249901849
4.955999999,0.0012312535389613225,0.7572356843821196,0.0005444515809224305
4.959999999,0.001231240662955608,0.7572383606437161,0.0005440900080287122
4.963999999,0.0012312277428112779,0.7572410248066956,0.0005437283988680754
4.967999999,0.001231214780420576,0.7572436769256894,0.0005433667473453697
4.971999999,0.0012312017773151252,0.7572463170550827,0.0005430050486688134
4.975999999,0.0012311887352971333,0.757248945249019,0.0005426432993217483
4.979999999,0.0012311756558983538,0.7572515615613988,0.0005422814970133861
4.983999999,0.001231162541101485,0.7572541660458827,0.00054191964067664
4.987999999,0.0012311493924384187,0.7572567587558898,0.0005415577303659137
4.991999999,0.001231136211892002,0.7572593397446034,0.0005411957672485309
4.995999999,0.001231123001084446,0.7572619090649672,0.0005408337535659681
4.999999999,0.0012311097619085712,0.7572644667696904,0.0005404716925528475
5.003999999,0.001231096496257277,0.7572670129112478,0.0005401095883721202
5.007999999,0.0012310832059333604,0.7572695475418787,0.0005397474460820999
5.011999999,0.0012310698927396947,0.7572720707135909,0.0005393852715749176
5.015999999,0.0012310565584792298,0.757274582478161,0.0005390230715085281
5.019999999,0.0012310432051353634,0.7572770828871336,0.0005386608532593014
5.023999999,0.0012310298344210188,0.7572795719918256,0.0005382986248483512
5.027999999,0.001231016448319756,0.7572820498433239,0.0005379363948724755
5.031999999,0.001231003048634843,0.7572845164924885,0.0005375741724647176
5.035999999,0.0012309896372598155,0.757286971989953,0.0005372119672103178
5.039999999,0.0012309762159079106,0.7572894163861255,0.0005368497890996673
5.043999999,0.0012309627864728226,0.7572918497311883,0.000536487648475364
5.047999999,0.001230949350848328,0.7572942720751012,0.0005361255559556213
5.051999999,0.0012309359108380934,0.757296683467601,0.0005357635223778962
5.055999999,0.0012309224681556683,0.7572990839582026,0.0005354015587572925
5.059999999,0.0012309090246048731,0.757301473596199,0.0005350396761919221
5.063999999,0.0012308955819896076,0.7573038524306636,0.0005346778858750451
5.067999999,0.0012308821420236522,0.7573062205104504,0.0005343161990164749
5.071999999,0.001230868706420862,0.7573085778841943,0.0005339546267492184
5.075999999,0.0012308552769853673,0.7573109246003127,0.0005335931801373409
5.079999999,0.001230841855250775,0.757313260707007,0.0005332318701173483
5.083999999,0.001230828442931162,0.7573155862522614,0.0005328707074587881
5.087999999,0.001230815041650477,0.7573179012838457,0.0005325097026822688
5.091999999,0.0012308016530327398,0.7573202058493143,0.0005321488660923283
5.095999999,0.0012307882786118354,0.7573224999960092,0.0005317882077079626
5.099999999,0.0012307749198315105,0.7573247837710572,0.0005314277372180755
5.103999999,0.0012307615784061922,0.757327057221377,0.0005310674639648276
5.1079999990000005,0.0012307482555993455,0.7573293203936731,0.0005307073969474034
5.111999999,0.0012307349529451135,0.7573315733344392,0.0005303475447181518
5.115999999,0.0012307216717972868,0.7573338160899605,0.0005299879154618404
5.119999999,0.0012307084135097133,0.7573360487063137,0.0005296285169204613
5.123999999,0.0012306951794362976,0.757338271229367,0.0005292693563589109
5.127999999,0.0012306819708407895,0.75734048370478,0.0005289104405874216
5.131999999,0.0012306687889869915,0.7573426861780077,0.0005285517759770496
5.135999999,0.0012306556349583305,0.7573448786942975,0.0005281933683916059
5.139999999,0.0012306425100187077,0.7573470612986936,0.0005278352232233472
5.143999999,0.001230629415251645,0.757349234036035,0.0005274773453354365
5.147999999,0.001230616351740707,0.7573513969509588,0.0005271197391646195
5.151999999,0.0012306033204792855,0.7573535500878963,0.0005267624085980905
5.155999999,0.0012305903223705926,0.7573556934910799,0.0005264053570943958
5.159999999,0.001230577358498315,0.7573578272045406,0.000526048587597699
5.163999999,0.001230564429675521,0.7573599512721086,0.000525692102582125
5.167999999,0.0012305515367153094,0.7573620657374148,0.000525335904079845
5.171999999,0.0012305386804308109,0.7573641706438922,0.0005249799936619871
5.175999999,0.0012305258616351858,0.7573662660347744,0.0005246243724516816
5.179999999,0.001230513080961177,0.7573683519531007,0.0005242690411682543
5.183999999,0.0012305003390415496,0.7573704284417124,0.0005239140000921866
5.187999999,0.0012304876365090917,0.7573724955432564,0.0005235592491303842
5.191999999,0.0012304749739966137,0.7573745533001844,0.0005232047877808319
5.195999999,0.0012304623518662636,0.7573766017547565,0.0005228506152817423
5.199999999,0.0012304497706606585,0.7573786409490366,0.0005224967303775773
5.203999999,0.0012304372308322036,0.7573806709248982,0.0005221431316002354
5.207999999,0.0012304247328333187,0.7573826917240246,0.0005217898171741817
5.211999999,0.0012304122767555102,0.7573847033879095,0.0005214367850310528
5.215999999,0.0012303998630512148,0.7573867059578545,0.0005210840328273472
5.219999999,0.0012303874919021823,0.7573886994749757,0.0005207315580039063
5.223999999,0.0012303751635803998,0.7573906839801986,0.0005203793577823632
5.227999999,0.001230362878087155,0.7573926595142638,0.0005200274291883388
5.231999999,0.0012303506356042037,0.7573946261177245,0.0005196757690866858
5.235999999,0.0012303384363133037,0.7573965838309502,0.0005193243741851538
5.239999999,0.001230326279945026,0.7573985326941254,0.0005189732410472661
5.243999999,0.0012303141667713595,0.7574004727472504,0.0005186223661502857
5.247999999,0.0012303020965228606,0.757402404030144,0.0005182717458761683
5.251999999,0.0012302900692007929,0.7574043265824422,0.000517921376551274
5.255999999,0.0012302780846259317,0.757406240443602,0.0005175712544248409
5.259999999,0.0012302661426190412,0.7574081456528985,0.0005172213757360744
5.263999999,0.001230254242910631,0.7574100422494278,0.0005168717367169152
5.267999999,0.0012302423853214398,0.7574119302721091,0.000516522333587615
5.271999999,0.0012302305694917052,0.7574138097596824,0.0005161731626178703
5.275999999,0.0012302187950616462,0.7574156807507123,0.0005158242200878564
5.279999999,0.0012302070617617109,0.7574175432835865,0.0005154755023488714
5.283999999,0.0012301953691418377,0.7574193973965189,0.00051512700581264
5.287999999,0.0012301837167519435,0.7574212431275497,0.0005147787269871452
5.291999999,0.0012301721042321742,0.7574230805145435,0.0005144306624470283
5.295999999,0.0012301605309519065,0.7574249095951953,0.0005140828089030037
5.299999999,0.0012301489964609922,0.7574267304070267,0.0005137351631568674
5.303999999,0.001230137500128759,0.7574285429873902,0.0005133877221387791
5.307999999,0.0012301260415952656,0.7574303473734674,0.0005130404829283732
5.311999999,0.0012301146199590314,0.7574321436022702,0.000512693442740026
5.315999999,0.0012301032348600667,0.7574339317106443,0.000512346598898294
5.319999999,0.0012300918854870877,0.7574357117352656,0.0005119999489532576
5.323999999,0.0012300805712092905,0.7574374837126462,0.0005116534905763901
5.327999999,0.001230069291305588,0.757439247679136,0.0005113072215808045
5.331999999,0.001230058045145121,0.7574410036709082,0.0005109611399743637
5.335999999,0.0012300468319164874,0.75744275172398,0.0005106152439292103
5.339999999,0.0012300356509887718,0.7574444918742058,0.0005102695317791736
5.343999999,0.0012300245014602524,0.7574462241572754,0.0005099240020312266
5.347999999,0.0012300133826096944,0.7574479486087171,0.0005095786533548068
5.351999999,0.0012300022936255733,0.7574496652639005,0.0005092334846123753
5.355999999,0.0012299912337865946,0.7574513741580323,0.0005088884948141127
5.359999999,0.0012299802021909097,0.7574530753261619,0.000508543683133575
5.363999999,0.0012299691980268996,0.7574547688031795,0.0005081990488744756
5.367999999,0.0012299582203926496,0.7574564546238224,0.0005078545915645449
5.371999999,0.0012299472685667423,0.7574581328226602,0.0005075103108698721
5.375999999,0.0012299363417374667,0.7574598034341138,0.0005071662065700573
5.379999999,0.0012299254388222786,0.7574614664924475,0.0005068222786194775
5.383999999,0.0012299145591899358,0.7574631220317718,0.0005064785270879792
5.387999999,0.0012299037018480958,0.7574647700860414,0.0005061349522030782
5.391999999,0.0012298928658946498,0.75746641068906,0.0005057915543353644
5.395999999,0.0012298820506079972,0.7574680438744771,0.000505448333865338
5.399999999,0.0012298712550859682,0.7574696696757934,0.0005051052914171848
5.403999999,0.0012298604783360881,0.7574712881263566,0.0005047624276667664
5.407999999,0.0012298497196366659,0.7574728992593622,0.0005044197434127072
5.411999999,0.0012298389779951623,0.7574745031078587,0.0005040772395087162
5.415999999,0.001229828252689827,0.7574760997047462,0.0005037349169166582
5.419999999,0.0012298175427280578,0.7574776890827761,0.0005033927766652618
5.423999999,0.0012298068473880453,0.757479271274553,0.0005030508198543995
5.427999999,0.0012297961657674013,0.757480846312534,0.0005027090476533291
5.431999999,0.0012297854969637047,0.7574824142290313,0.0005023674612760717
5.435999999,0.0012297748402550607,0.7574839750562097,0.0005020260619927497
5.439999999,0.0012297641948292696,0.7574855288260952,0.0005016848510681239
5.443999999,0.001229753559874103,0.7574870755705635,0.0005013438298697519
5.447999999,0.001229742934487023,0.7574886153213493,0.0005010029997384666
5.451999999,0.0012297323179460244,0.7574901481100442,0.0005006623620679711
5.455999999,0.0012297217094387938,0.7574916739680992,0.0005003219182186656
5.459999999,0.001229711108333556,0.7574931929268243,0.0004999816696177761
5.463999999,0.0012297005137276624,0.7574947050173879,0.0004996416176255552
5.467999999,0.0012296899249892874,0.7574962102708189,0.0004993017636300144
5.471999999,0.0012296793413962973,0.7574977087180068,0.0004989621090095956
5.475999999,0.0012296687622265344,0.7574992003897026,0.0004986226550829132
5.479999999,0.0012296581866675282,0.757500685316519,0.000498283403221868
5.483999999,0.0012296476142679327,0.7575021635289315,0.0004979443546934734
5.487999999,0.0012296370442152307,0.757503635057279,0.0004976055107452329
5.491999999,0.001229626475967746,0.7575050999317673,0.0004972668726247431
5.495999999,0.0012296159088032031,0.7575065581824588,0.0004969284415223506
5.499999999,0.001229605342179884,0.7575080098392869,0.0004965902185684371
5.503999999,0.0012295947755560513,0.7575094549320496,0.0004962522048576084
5.507999999,0.0012295842082996574,0.7575108934904105,0.0004959144014406106
5.511999999,0.0012295736398689257,0.7575123255439008,0.0004955768092964093
5.515999999,0.001229563069722061,0.7575137511219193,0.0004952394293510126
5.519999999,0.0012295524974978397,0.7575151702537322,0.000494902262476854
5.523999999,0.0012295419224738423,0.757516582968473,0.0004945653095089772
5.527999999,0.0012295313443791075,0.7575179892951465,0.0004942285712068354
5.531999999,0.0012295207626717727,0.7575193892626291,0.0004938920482522667
5.535999999,0.0012295101769905523,0.7575207828996618,0.0004935557412778171
5.539999999,0.001229499586793551,0.7575221702348606,0.0004932196508615918
5.543999999,0.001229488991900053,0.7575235512967108,0.0004928837775241357
5.547999999,0.0012294783917681344,0.7575249261135721,0.0004925481216878227
5.551999999,0.0012294677862170582,0.7575262947136737,0.0004922126837564431
5.555999999,0.001229457174704872,0.7575276571251198,0.0004918774640662021
5.559999999,0.0012294465571411192,0.7575290133758884,0.0004915424628677548
5.563999999,0.0012294359331644288,0.7575303634938308,0.0004912076803774984
5.567999999,0.001229425302503722,0.757531707506673,0.0004908731167546301
5.571999999,0.0012294146649782156,0.7575330454420173,0.0004905387720828137
5.575999999,0.0012294040203168135,0.7575343773273391,0.0004902046464150532
5.579999999,0.0012293933682484106,0.7575357031899905,0.0004898707397324733
5.5839999989999995,0.0012293827087728145,0.7575370230572062,0.0004895370519958696
5.587999999,0.0012293720416189082,0.7575383369560942,0.0004892035830848904
5.591999999,0.0012293613666058737,0.7575396449136376,0.0004888703328503968
5.595999999,0.0012293506837335064,0.7575409469566979,0.0004885373011085281
5.599999999,0.0012293399929112908,0.7575422431120192,0.00048820448762000964
5.603999999,0.0012293292939583968,0.7575435334062233,0.00048787189209515894
5.6079999990000005,0.0012293185868746124,0.7575448178658116,0.0004875395142524384
5.611999999,0.001229307871569412,0.757546096517168,0.00048720735374472473
5.615999999,0.0012292971481328943,0.7575473693865553,0.00048687541020576975
5.619999999,0.0012292864164745322,0.7575486365001171,0.0004865436832270653
5.6239999990000005,0.0012292756765941103,0.7575498978838814,0.000486212172406112
5.627999999,0.0012292649285817292,0.7575511535637569,0.00048588087726173895
5.631999999,0.0012292541724371754,0.757552403565536,0.000485549797371711
5.635999999,0.0012292434083408708,0.7575536479148929,0.0004852189322282302
5.6399999990000005,0.001229232636202288,0.7575548866373889,0.0004848882813373986
5.643999999,0.0012292218562921732,0.7575561197584659,0.0004845578442117174
5.647999999,0.001229211068610322,0.7575573473034535,0.0004842276203368505
5.651999999,0.0012292002733371712,0.7575585692975659,0.00048389760918320096
5.6559999990000005,0.0012291894706531643,0.7575597857659025,0.00048356781023422467
5.659999999,0.001229178660648428,0.7575609967334515,0.00048323822295790115
5.663999999,0.0012291678435034153,0.7575622022250851,0.0004829088468243119
5.667999999,0.0012291570194889099,0.7575634022655652,0.00048257968131148793
5.6719999990000005,0.0012291461886950548,0.7575645968795403,0.0004822507258980858
5.675999999,0.0012291353514829733,0.757565786091548,0.0004819219800768716
5.679999999,0.0012291245079428218,0.7575669699260147,0.00048159344334711043
5.683999999,0.0012291136583454142,0.7575681484072556,0.0004812651151991872
5.6879999990000005,0.0012291028029615741,0.7575693215594765,0.0004809369951501665
5.691999999,0.0012290919420621343,0.757570489406773,0.00048060908274232564
5.695999999,0.0012290810759179374,0.7575716519731318,0.0004802813775184319
5.699999999,0.001229070204799835,0.7575728092824311,0.0004799538789997092
5.7039999990000005,0.0012290593290690199,0.7575739613584419,0.0004796265868019638
5.707999999,0.0012290484489060334,0.7575751082248249,0.00047929950048815085
5.711999999,0.001229037564672089,0.7575762499051361,0.0004789726196780339
5.715999999,0.0012290266767284123,0.7575773864228215,0.0004786459439939666
5.719999999,0.0012290157853459078,0.7575785178012255,0.00047831947310816484
5.723999999,0.001229004890885825,0.7575796440635858,0.0004779932066700569
5.727999999,0.0012289939936190896,0.7575807652330324,0.0004776671443799134
5.731999999,0.001228983093997311,0.7575818813325902,0.0004773412859215882
5.735999999,0.0012289721922914385,0.7575829923851811,0.0004770156310436506
5.739999999,0.0012289612889531088,0.7575840984136234,0.00047669017949467546
5.743999999,0.001228950384162957,0.7575851994406311,0.0004763649310491433
5.747999999,0.0012289394784629837,0.7575862954888167,0.00047603988549531925
5.751999999,0.001228928572124187,0.7575873865806899,0.0004757150426489088
5.755999999,0.0012289176655079163,0.7575884727386577,0.0004753904023428331
5.759999999,0.0012289067590658758,0.7575895539850258,0.00047506596445210823
5.763999999,0.0012288958530690998,0.7575906303419992,0.0004747417288220021
5.767999999,0.0012288849479693198,0.7575917018316823,0.0004744176953489742
5.771999999,0.0012288740441279387,0.7575927684760788,0.0004740938639718718
5.775999999,0.0012288631419063725,0.7575938302970939,0.00047377023459521054
5.779999999,0.0012288522417563956,0.757594887316532,0.00047344680718322465
5.783999999,0.0012288413438587581,0.7575959395560999,0.0004731235816991009
5.787999999,0.0012288304488459552,0.7575969870374056,0.0004728005581173067
5.791999999,0.0012288195568987614,0.7575980297819603,0.0004724777364604778
5.795999999,0.001228808668469006,0.757599067811176,0.00047215511669207666
5.799999999,0.0012287977838278334,0.7576001011463713,0.000471832698855682
5.803999999,0.0012287869035174516,0.7576011298087632,0.00047151048301813836
5.807999999,0.0012287760278993833,0.7576021538194767,0.0004711884691983905
5.811999999,0.0012287651571544587,0.7576031731995397,0.0004708666574226255
5.815999999,0.001228754291734575,0.7576041879698875,0.00047054504779980833
5.819999999,0.0012287434320916453,0.7576051981513542,0.00047022364041457724
5.823999999,0.0012287325784065327,0.7576062037646845,0.00046990243534290074
5.827999999,0.0012287217312215316,0.7576072048305295,0.00046958143267898943
5.831999999,0.001228710890717527,0.7576082013694456,0.0004692606325307907
5.835999999,0.0012287000572561262,0.7576091934018967,0.00046894003499697493
5.839999999,0.0012286892311989487,0.7576101809482542,0.00046861964017328876
5.843999999,0.0012286784129076271,0.7576111640287978,0.00046829944818161756
5.847999999,0.0012286676026534464,0.7576121426637142,0.00046797945913503103
5.851999999,0.0012286568007980612,0.7576131168730996,0.00046765967314708374
5.855999999,0.001228646007612778,0.7576140866769594,0.00046734009034714123
5.859999999,0.0012286352233689122,0.7576150520952082,0.0004670207108397567
5.863999999,0.0012286244483377883,0.7576160131476709,0.0004667015347444621
5.867999999,0.0012286136829714686,0.7576169698540828,0.00046638256216288026
5.871999999,0.0012286029273605717,0.7576179222340894,0.0004660637932406418
5.875999999,0.0012285921818668158,0.7576188703072474,0.0004657452280627835
5.879999999,0.001228581446761565,0.7576198140930268,0.00046542686673937354
5.883999999,0.001228570722316193,0.7576207536108079,0.000465108709386716
5.887999999,0.0012285600086213468,0.7576216888798831,0.0004647907560998453
5.891999999,0.001228549306129151,0.7576226199194589,0.0004644730069561739
5.895999999,0.0012285386149302675,0.7576235467486543,0.00046415546205666474
5.899999999,0.0012285279352961017,0.7576244693865012,0.00046383812148211636
5.903999999,0.0012285172674076977,0.7576253878519463,0.00046352098530656245
5.907999999,0.0012285066115364763,0.7576263021638512,0.00046320405360529115
5.911999999,0.0012284959677731232,0.7576272123409906,0.0004628873264484901
5.915999999,0.0012284853363890727,0.7576281184020561,0.00046257080387206276
5.919999999,0.0012284747174750208,0.7576290203656526,0.00046225448593243616
5.923999999,0.0012284641113024153,0.7576299182503035,0.0004619383726846399
5.927999999,0.001228453517961962,0.757630812074446,0.00046162246414512405
5.931999999,0.0012284429376347458,0.757631701856436,0.0004613067603498864
5.935999999,0.0012284323704114801,0.7576325876145447,0.0004609912613165973
5.939999999,0.0012284218164732592,0.7576334693669619,0.0004606759670488576
5.943999999,0.001228411276001183,0.7576343471317933,0.00046036087755481244
5.947999999,0.0012284007489052188,0.7576352209270655,0.00046004599282386155
5.951999999,0.0012283902354568513,0.7576360907707209,0.0004597313128605967
5.955999999,0.001228379735656431,0.7576369566806211,0.00045941683763733854
5.959999999,0.0012283692496850717,0.7576378186745499,0.0004591025671333321
5.963999999,0.0012283587775431275,0.7576386767702075,0.0004587885012976286
5.967999999,0.0012283483193213354,0.7576395309852141,0.0004584746400945206
5.971999999,0.0012283378750200513,0.757640381337111,0.0004581609834843186
5.975999999,0.0012283274448204,0.7576412278433604,0.0004578475314071415
5.979999999,0.0012283170286323548,0.7576420705213449,0.0004575342837921792
5.983999999,0.0012283066264562725,0.7576429093883681,0.0004572212405828319
5.987999999,0.0012282962384732835,0.7576437444616564,0.000456908401709419
5.991999999,0.0012282858645933598,0.7576445757583571,0.0004565957670861056
5.995999999,0.0012282755048168587,0.7576454032955401,0.00045628333663515495
5.999999999,0.0012282651591441374,0.7576462270901981,0.0004559711102663173
6.003999999,0.001228254827575552,0.7576470471592485,0.000455659087875814
6.007999999,0.0012282445101114584,0.7576478635195281,0.00045534726937745723
6.011999999,0.001228234206752212,0.7576486761878014,0.00045503565466008895
6.015999999,0.001228223917317383,0.7576494851807555,0.0004547242436278132
6.019999999,0.0012282136418977142,0.7576502905150008,0.0004544130361684091
6.023999999,0.0012282033804031636,0.7576510922070747,0.00045410203216759
6.027999999,0.0012281931327436852,0.7576518902734384,0.00045379123151080233
6.031999999,0.0012281828989196256,0.7576526847304782,0.0004534806340851233
6.035999999,0.0012281726788409338,0.7576534755945061,0.00045317023975398123
6.039999999,0.0012281624724175561,0.7576542628817621,0.00045286004842726407
6.043999999,0.0012281522794690375,0.7576550466084104,0.00045255005996198906
6.047999999,0.0012281421000861117,0.7576558267905436,0.00045224027424415627
6.051999999,0.0012281319340883175,0.7576566034441803,0.00045193069113585066
6.055999999,0.0012281217812951872,0.7576573765852677,0.00045162131051877804
6.059999999,0.001228111641707048,0.7576581462296786,0.00045131213227532946
6.063999999,0.0012281015151434241,0.7576589123932163,0.00045100315627319215
6.067999999,0.0012280914016046373,0.7576596750916116,0.0004506943823763142
6.071999999,0.0012280813008198007,0.7576604343405234,0.0004503858104795146
6.075999999,0.0012280712126988248,0.7576611901555411,0.00045007744045777784
6.079999999,0.001228061137151617,0.7576619425521826,0.00044976927217489984
6.083999999,0.0012280510739976764,0.7576626915458955,0.00044946130552642383
6.087999999,0.0012280410231469017,0.7576634371520568,0.00044915354037608273
6.091999999,0.0012280309844187815,0.7576641793859772,0.00044884597659875067
6.095999999,0.0012280209576327977,0.7576649182628947,0.0004485386140893294
6.099999999,0.0012280109426988347,0.7576656537979776,0.0004482314527287815
6.103999999,0.0012280009394363646,0.757666386006328,0.0004479244924080223
6.1079999990000005,0.001227990947664853,0.7576671149029797,0.00044761773301098934
6.111999999,0.0012279809672941702,0.7576678405028973,0.00044731117441744206
6.115999999,0.0012279709980533603,0.757668562820978,0.0004470048165330128
6.119999999,0.0012279610398522826,0.7576692818720517,0.00044669865925453625
6.123999999,0.0012279510925103803,0.7576699976708814,0.00044639270246555924
6.127999999,0.0012279411558470906,0.7576707102321631,0.0004460869460693534
6.131999999,0.0012279312297722585,0.7576714195705265,0.0004457813899621537
6.135999999,0.0012279213139244813,0.7576721257005345,0.00044547603406078386
6.139999999,0.0012279114083944226,0.7576728286366855,0.00044517087826256396
6.143999999,0.0012279015127302502,0.7576735283934113,0.0004448659224650287
6.147999999,0.0012278916269322028,0.7576742249850786,0.00044456116658937554
6.151999999,0.0012278817508196832,0.7576749184259893,0.00044425661055474107
6.155999999,0.0012278718841216697,0.7576756087303814,0.0004439522542594618
6.159999999,0.0012278620267479699,0.7576762959124281,0.00044364809762838676
6.163999999,0.0012278521785179682,0.7576769799862376,0.0004433441405840179
6.167999999,0.0012278423392510437,0.7576776609658558,0.000443040383035256
6.171999999,0.0012278325087665691,0.7576783388652643,0.0004427368249149526
6.175999999,0.0012278226867934886,0.7576790136983818,0.00044243346614000073
6.179999999,0.0012278128733320068,0.7576796854790645,0.0004421303066377105
6.183999999,0.001227803068111057,0.7576803542211057,0.0004418273463374459
6.187999999,0.001227793270949988,0.7576810199382364,0.0004415245851716068
6.191999999,0.0012277834816681425,0.7576816826441257,0.00044122202306672454
6.195999999,0.0012277737001752838,0.7576823423523816,0.0004409196599434137
6.199999999,0.0012277639262907448,0.7576829990765493,0.0004406174957556544
6.203999999,0.001227754159833853,0.7576836528301149,0.000440315530419075
6.207999999,0.0012277444005335018,0.757684303626502,0.00044001376387518105
6.211999999,0.0012277346484802908,0.757684951479074,0.000439712196070451
6.215999999,0.0012277249032222458,0.7576855964011351,0.0004394108269368625
6.219999999,0.0012277151648499587,0.7576862384059281,0.0004391096563929105
6.223999999,0.0012277054330923011,0.7576868775066364,0.0004388086843827015
6.227999999,0.0012276957077685675,0.7576875137163841,0.00043850791085605094
6.231999999,0.0012276859887884785,0.757688147048236,0.00043820733574852997
6.235999999,0.0012276762760617518,0.7576887775152,0.0004379069590013873
6.239999999,0.0012276665694076687,0.7576894051302225,0.0004376067805383751
6.243999999,0.0012276568685550702,0.7576900299061924,0.00043730680032485857
6.247999999,0.0012276471735945288,0.7576906518559409,0.00043700701827461424
6.251999999,0.001227637484254877,0.7576912709922414,0.0004367074343235227
6.255999999,0.0012276278004458112,0.7576918873278097,0.00043640804840876165
6.259999999,0.001227618121986588,0.7576925008753036,0.0004361088604876111
6.263999999,0.001227608448877334,0.7576931116473248,0.0004358098704717741
6.267999999,0.0012275987809372982,0.7576937196564175,0.00043551107831171597
6.271999999,0.0012275891179857243,0.7576943249150692,0.0004352124839385858
6.275999999,0.0012275794600227303,0.7576949274357125,0.0004349140872781974
6.279999999,0.0012275698069579928,0.7576955272307223,0.0004346158882726322
6.283999999,0.0012275601585203032,0.7576961243124184,0.00043431788684663496
6.287999999,0.0012275505148002124,0.7576967186930657,0.0004340200829343377
6.291999999,0.0012275408756169464,0.7576973103848725,0.0004337224764595265
6.295999999,0.0012275312408801683,0.757697899399993,0.0004334250673700504
6.299999999,0.0012275216105899825,0.7576984857505271,0.0004331278555633584
6.303999999,0.001227511984565604,0.7576990694485166,0.0004328308409772359
6.307999999,0.0012275023627166875,0.7576996505059543,0.0004325340235542183
6.311999999,0.0012274927450433308,0.7577002289347763,0.00043223740318698497
6.315999999,0.001227483131455185,0.757700804746865,0.0004319409798202871
6.319999999,0.0012274735219523463,0.7577013779540482,0.00043164475336465567
6.323999999,0.0012274639163540135,0.7577019485681021,0.0004313487237449247
6.327999999,0.0012274543146602783,0.7577025166007488,0.00043105289086900966
6.331999999,0.0012274447167807821,0.7577030820636577,0.0004307572546664115
6.335999999,0.0012274351227156146,0.7577036449684457,0.00043046181505066117
6.339999999,0.0012274255324648653,0.7577042053266768,0.0004301665719134648
6.343999999,0.0012274159459381715,0.7577047631498632,0.00042987152518658115
6.347999999,0.0012274063631356202,0.7577053184494654,0.00042957667478155787
6.351999999,0.001227396783876392,0.7577053184494654,0.0004297354558808536
6.355999999,0.001227387198120153,0.7577058712368921,0.0004297339782018518
6.359999999,0.0012273775795443723,0.7577064244276669,0.00042962350671622065
6.363999999,0.001227367936651107,0.7577069765934257,0.00042944191966373327
6.367999999,0.0012273582786663296,0.7577075268544098,0.00042921344203601474
6.371999999,0.0012273486119216772,0.7577080746143884,0.00042895362969676867
6.375999999,0.0012273389411207466,0.7577086195992072,0.00042867256789807964
6.379999999,0.0012273292692485712,0.7577091617246747,0.00042837681556000533
6.383999999,0.0012273195985666055,0.7577097010013628,0.00042807067841529607
6.387999999,0.0012273099301603962,0.7577102374808555,0.0004277570210497598
6.391999999,0.001227300265025064,0.7577107712282146,0.00042743778484491944
6.395999999,0.0012272906032511472,0.7577113023088508,0.00042711431845067065
6.399999999,0.0012272809448387256,0.7577118307828496,0.00042678758858124183
6.403999999,0.0012272712891546389,0.7577123567030208,0.0004264583145695312
6.407999999,0.001227261635656171,0.7577134010565252,0.0004256728361122624
6.411999999,0.001227251993661183,0.7577139170838124,0.0004250515390514677
6.415999999,0.001227242387866857,0.7577144290642107,0.00042453675088867924
6.419999999,0.0012272328066039832,0.7577149381265356,0.0004240915913518905
6.423999999,0.0012272232411883726,0.7577154448504185,0.000423692455197165
6.427999999,0.0012272136846544373,0.7577159495099084,0.00042332421354339297
6.431999999,0.001227204131664791,0.757716452213691,0.0004229771501447677
6.435999999,0.0012271945781484384,0.7577169529849386,0.00042264500537479255
6.439999999,0.0012271850209389483,0.757717451806045,0.0004223237270353015
6.443999999,0.0012271754578649593,0.7577179486430894,0.00042201067273453866
6.447999999,0.0012271658874788056,0.7577184434586918,0.0004217041003146848
6.451999999,0.0012271563089660757,0.7577189362183254,0.0004214028423620542
6.455999999,0.001227146721964691,0.7577194268930155,0.0004211060982549173
6.459999999,0.0012271371268363436,0.7577199154600976,0.00042081330132174124
6.463999999,0.0012271275243046294,0.7577204019030087,0.00042052403394805886
6.467999999,0.0012271179151836411,0.7577208862106316,0.00042023797338806325
6.471999999,0.00122710830092082,0.7577213683764841,0.000419954857162621
6.475999999,0.0012270986830541283,0.7577218483979108,0.00041967446114048553
6.479999999,0.0012270890630311,0.7577223262753331,0.00041939658542507804
6.483999999,0.0012270794428421762,0.7577228020116086,0.0004191210457050016
6.487999999,0.0012270698241159496,0.7577232756114808,0.00041884766762307
6.491999999,0.001227060208752499,0.7577237470811355,0.0004185762834705835
6.495999999,0.001227050598651963,0.757724216427834,0.0004183067302107252
6.499999999,0.0012270409955335798,0.7577246836596275,0.00041803884829378496
6.503999999,0.0012270314010261612,0.7577251487851228,0.0004177724811306356
6.507999999,0.0012270218168490507,0.7577256118133116,0.0004175074748608582
6.511999999,0.0012270122443597182,0.757726072753431,0.00041724367840300096
6.515999999,0.0012270026850966403,0.7577265316148606,0.0004169809436389213
6.519999999,0.0012269931401459255,0.7577269884070438,0.0004167191256421654
6.523999999,0.001226983610684199,0.757727443139432,0.0004164580829851546
6.527999999,0.0012269740976166685,0.7577278958214427,0.00041619767808420986
6.531999999,0.0012269646017580833,0.7577283464624316,0.00041593777750328963
6.535999999,0.0012269551238327315,0.7577287950716741,0.0004156782523008967
6.539999999,0.0012269456642934626,0.7577292416583534,0.0004154189783587492
6.543999999,0.0012269362235931387,0.757729686231554,0.00041515983662321256
6.547999999,0.0012269268020036596,0.7577301288002604,0.00041490071342559833
6.551999999,0.0012269173995254653,0.7577305693733573,0.0004146415007155671
6.555999999,0.0012269080163399742,0.7577310079596349,0.00041438209624978844
6.559999999,0.001226898652357139,0.7577314445677898,0.00041412240381370454
6.563999999,0.0012268893073964172,0.7577318792064337,0.0004138623333488219
6.567999999,0.001226879981186769,0.7577323118840975,0.0004136018011106674
6.571999999,0.0012268706734571448,0.7577327426092396,0.000413340729759293
6.575999999,0.0012268613837555006,0.7577331713902489,0.00041307904836582665
6.579999999,0.0012268521117202713,0.7577335982354558,0.00041281669255323594
6.5839999989999995,0.0012268428568088915,0.7577340231531335,0.0004125536044544357
6.587999999,0.0012268336185692734,0.7577344461515054,0.00041228973265227737
6.591999999,0.0012268243962778283,0.7577348672387505,0.00041202503219100355
6.595999999,0.0012268151895729303,0.7577352864230114,0.0004117594644684
6.599999999,0.0012268059976404564,0.7577357037123953,0.00041149299716122903
6.603999999,0.0012267968201187484,0.757736119114978,0.0004112256041151156
6.6079999990000005,0.0012267876561936435,0.7577365326388088,0.0004109572651805748
6.611999999,0.0012267785053224523,0.7577369442919145,0.00041068796605302584
6.615999999,0.0012267693668719683,0.7577373540822995,0.00041041769810051197
6.619999999,0.0012267602403899672,0.7577377620179518,0.0004101464581728437
6.6239999990000005,0.0012267511251527069,0.7577381681068444,0.00040987424835458685
6.627999999,0.0012267420206174278,0.7577385723569344,0.00040960107573368007
6.631999999,0.0012267329263318557,0.7577389747761639,0.0004093269522544046
6.635999999,0.0012267238417532,0.7577393753724716,0.00040905189436783127
6.6399999990000005,0.0012267147662481498,0.7577397741537801,0.0004087759227782816
6.643999999,0.0012267056995453932,0.757740171128003,0.00040849906221784117
6.647999999,0.0012266966410115895,0.7577405663030437,0.0004082213411321518
6.651999999,0.0012266875902848964,0.7577409596867976,0.0004079427914288472
6.6559999990000005,0.001226678547003461,0.7577413512871495,0.0004076634481618447
6.659999999,0.0012266695108054193,0.7577417411119765,0.00040738334927016334
6.663999999,0.001226660481238389,0.7577421291691426,0.0004071025352731292
6.667999999,0.0012266514581214998,0.7577425154665043,0.00040682104898298523
6.6719999990000005,0.0012266424410928571,0.7577429000119067,0.00040653893527495125
6.675999999,0.0012266334297905564,0.7577432828131798,0.00040625624069269296
6.679999999,0.001226624424033703,0.7577436638781452,0.00040597301327309547
6.683999999,0.0012266154236413966,0.7577440432146085,0.0004056893022168267
6.6879999990000005,0.00122660642834222,0.7577444208303623,0.0004054051576540653
6.691999999,0.0012265974378647482,0.7577447967331811,0.0004051206303702717
6.695999999,0.0012265884522996,0.7577451709308249,0.00040483577153609666
6.699999999,0.0012265794711943147,0.7577455434310361,0.0004045506324776808
6.7039999990000005,0.0012265704946395044,0.7577459142415375,0.00040426526445082073
6.707999999,0.001226561522454239,0.7577462833700331,0.00040397971846311756
6.711999999,0.0012265525544575833,0.7577466508242039,0.0004036940449430913
6.715999999,0.0012265435906496285,0.757747016611712,0.0004034082936281872
6.719999999,0.0012265346309399499,0.757747380740195,0.0004031225133390318
6.723999999,0.0012265256753286368,0.7577477432172673,0.0004028367518577157
6.727999999,0.0012265167236347426,0.7577481040505175,0.0004025510556616085
6.731999999,0.001226507775948872,0.757748463247508,0.00040226546985434777
6.735999999,0.0012264988322711126,0.7577488208157753,0.00040198003799159866
6.739999999,0.0012264898925110318,0.757749176762828,0.00040169480195498
6.743999999,0.0012264809566687152,0.7577495310961473,0.00040140980182575583
6.747999999,0.0012264720247442487,0.7577498838231822,0.00040112507581165487
6.751999999,0.00122646309682824,0.7577502349513514,0.00040084066012324027
6.755999999,0.0012264541729207767,0.7577505844880477,0.00040055658891304674
6.759999999,0.0012264452529314226,0.7577509324406287,0.0004002728942213233
6.763999999,0.0012264363371318361,0.7577512788164203,0.00039998960588632853
6.767999999,0.0012264274253410588,0.7577516236227155,0.00039970675154232696
6.771999999,0.0012264185177402293,0.7577519668667737,0.00039942435656059225
6.775999999,0.001226409614329439,0.7577523085558211,0.0003991424440595552
6.779999999,0.001226400715199306,0.7577526486970492,0.0003988610348590952
6.783999999,0.0012263918203499233,0.7577529872976154,0.00039858014750833253
6.787999999,0.0012263829298719126,0.7577533243646404,0.00039829979831255177
6.791999999,0.0012263740438558978,0.7577536599052117,0.000398020001302381
6.795999999,0.0012263651623019758,0.7577539939263792,0.0003977407683355305
6.799999999,0.0012263562853913042,0.7577543264351578,0.0003974621090725002
6.803999999,0.0012263474131239838,0.7577546574385262,0.0003971840310506721
6.807999999,0.0012263385455906469,0.7577549869434255,0.0003969065397381685
6.811999999,0.001226329682791396,0.7577553149567613,0.0003966296386051965
6.815999999,0.001226320824816867,0.7577556414854025,0.00039635332917464555
6.819999999,0.0012263119718482311,0.7577559665361815,0.00039607761109083527
6.823999999,0.001226303123885597,0.7577562901158937,0.00039580248224808934
6.827999999,0.001226294280929073,0.7577566122312958,0.00039552793878187386
6.831999999,0.0012262854430693027,0.7577569328891105,0.0003952539752658633
6.835999999,0.0012262766104874686,0.7577572520960231,0.0003949805847083803
6.839999999,0.0012262677830931481,0.7577575698586819,0.0003947077587186935
6.843999999,0.0012262589610675281,0.757757886183698,0.0003944354875167516
6.847999999,0.0012262501443201861,0.757758201077647,0.0003941637601271642
6.851999999,0.0012262413330323138,0.7577585145470686,0.00039389256443992835
6.855999999,0.0012262325272945679,0.7577588265984654,0.00039362188726187045
6.859999999,0.0012262237269259882,0.7577591372383032,0.00039335171450871257
6.863999999,0.0012262149321983122,0.7577594464730153,0.0003930820312567875
6.867999999,0.00122620614302112,0.7577597543089981,0.00039281282183262206
6.871999999,0.0012261973594850728,0.7577600607526124,0.0003925440699185989
6.875999999,0.0012261885816808346,0.7577603658101845,0.0003922757586751994
6.879999999,0.001226179809427442,0.7577606694880059,0.0003920078708155133
6.883999999,0.0012261710429966456,0.7577609717923345,0.0003917403886963685
6.887999999,0.0012261622822074816,0.7577612727293938,0.000391473294419636
6.891999999,0.001226153527241161,0.757761572305375,0.00039120656992142283
6.895999999,0.0012261447780072625,0.7577618705264335,0.00039094019707360293
6.899999999,0.0012261360345059095,0.7577621673986951,0.00039067415773536994
6.903999999,0.0012261272968277712,0.7577624629282509,0.00039040843383672974
6.907999999,0.0012261185648824245,0.7577627571211613,0.00039014300749879994
6.911999999,0.0012261098386699917,0.7577630499834539,0.0003898778610359134
6.915999999,0.0012261011182811445,0.757763341521124,0.00038961297707880833
6.919999999,0.0012260924035349078,0.7577636317401403,0.0003893483386211371
6.923999999,0.0012260836946125023,0.7577639206464365,0.0003890839290731285
6.927999999,0.0012260749914235014,0.7577642082459184,0.00038881973231894143
6.931999999,0.001226066293968027,0.7577644945444616,0.00038855573276834146
6.935999999,0.0012260576021556491,0.7577647795479119,0.00038829191539735793
6.939999999,0.0012260489159864874,0.7577650632620878,0.00038802826585713373
6.943999999,0.0012260402354606619,0.7577653456927748,0.00038776477035935066
6.947999999,0.0012260315605782926,0.7577656268457357,0.0003875014158596399
6.951999999,0.0012260228912489444,0.7577659067267022,0.0003872381900191675
6.955999999,0.0012260142274727352,0.7577661853413804,0.000386975081228499
6.959999999,0.0012260055691592263,0.7577664626954473,0.00038671207864432314
6.963999999,0.001225996916489647,0.7577667387945549,0.00038644917220180845
6.967999999,0.001225988269192445,0.7577670136443279,0.000386186352615453
6.971999999,0.0012259796272677335,0.7577672872503652,0.0003859236113994245
6.975999999,0.001225970990806185,0.75776755961824,0.00038566094086668205
6.979999999,0.0012259623597173557,0.7577678307534995,0.0003853983341076992
6.983999999,0.0012259537339107988,0.7577681006616669,0.00038513578505022046
6.987999999,0.0012259451134771868,0.7577683693482401,0.0003848732883738983
6.991999999,0.0012259364982355103,0.7577686368186926,0.00038461083955778193
6.995999999,0.0012259278882764408,0.7577689030784731,0.0003843484348427902
6.999999999,0.001225919283509527,0.7577691681330064,0.0003840860711985742
7.003999999,0.0012259106839348783,0.7577694319876943,0.00038382374634937297
7.007999999,0.00122590208946204,0.7577696946479155,0.00038356145876095797
7.011999999,0.001225893500181684,0.757769956119024,0.000383299207526464
7.015999999,0.0012258849159127894,0.7577702164063514,0.00038303699242318243
7.019999999,0.001225876336746027,0.7577704755152073,0.00038277481386533635
7.023999999,0.001225867762681504,0.757770733450878,0.00038251267289136486
7.027999999,0.0012258591936287603,0.7577709902186283,0.0003822505710905143
7.031999999,0.0012258506295879015,0.7577712458236999,0.00038198851060992944
7.035999999,0.0012258420705590321,0.7577715002713123,0.00038172649409488576
7.039999999,0.0012258335165422573,0.7577717535666648,0.00038146452471863706
7.043999999,0.0012258249674471126,0.757772005714932,0.00038120260603524827
7.047999999,0.0012258164233642712,0.7577722567212698,0.00038094074204431024
7.051999999,0.0012258078842938376,0.7577725065908119,0.0003806789370973378
7.055999999,0.001225799350054774,0.7577727553286705,0.000380417195909058
7.059999999,0.0012257908209188974,0.7577730029399363,0.0003801555234863207
7.063999999,0.0012257822967051688,0.7577732494296792,0.0003798939250955988
7.067999999,0.001225773777413691,0.7577734948029491,0.0003796324062540861
7.071999999,0.0012257652631351406,0.7577737390647736,0.000379370972693547
7.075999999,0.001225756753869622,0.7577739822201601,0.0003791096302436034
7.079999999,0.0012257482496172397,0.7577742242740945,0.0003788483849316778
7.083999999,0.001225739750287522,0.7577744652315448,0.0003785872428545411
7.087999999,0.0012257312560617244,0.7577747050974559,0.00037832621020121224
7.091999999,0.001225722766849376,0.7577749438767529,0.0003780652931786429
7.095999999,0.0012257142827411583,0.7577751815743403,0.00037780449796864503
7.099999999,0.0012257058036465995,0.7577754181951031,0.0003775438308167307
7.103999999,0.0012256973297469608,0.757775653743904,0.00037728329784485616
7.1079999990000005,0.0012256888609517712,0.7577758882255875,0.0003770229051259873
7.111999999,0.0012256803972611357,0.7577761216449771,0.00037676265863610295
7.115999999,0.0012256719387657416,0.7577763540068762,0.00037650256423784565
7.119999999,0.0012256634855562771,0.7577765853160684,0.0003762426276614522
7.123999999,0.0012256550375422703,0.7577768155773165,0.00037598285441132795
7.127999999,0.0012256465949049933,0.7577770447953618,0.0003757232498954684
7.131999999,0.0012256381575539745,0.7577772729749287,0.00037546381928329635
7.135999999,0.0012256297254893225,0.7577775001207194,0.0003752045675443946
7.139999999,0.001225621298892316,0.7577777262374176,0.00037494549941092376
7.143999999,0.0012256128776724823,0.757777951329685,0.0003746866193787619
7.147999999,0.001225604461920518,0.7577781754021645,0.00037442793170888966
7.151999999,0.0012255960517271222,0.7577783984594781,0.000374169440379531
7.155999999,0.0012255876470018225,0.7577786205062305,0.000373911149145367
7.159999999,0.0012255792479259064,0.7577788415470018,0.00037365306146442296
7.163999999,0.0012255708544994903,0.7577790615863557,0.0003733951805112302
7.167999999,0.0012255624666321012,0.7577792806288356,0.0003731375091960416
7.171999999,0.0012255540845050323,0.7577794986789652,0.00037288005014421725
7.175999999,0.0012255457082089914,0.7577797157412454,0.0003726228057156185
7.179999999,0.001225537337562917,0.7577799318201616,0.00037236577795337093
7.183999999,0.0012255289728386983,0.7577801469201765,0.00037210896867645145
7.187999999,0.001225520613945865,0.7577803610457319,0.0003718523794000079
7.191999999,0.0012255122609751289,0.7577805742012536,0.0003715960113616174
7.195999999,0.001225503913836018,0.7577807863911453,0.0003713398655488613
7.199999999,0.0012254955728004328,0.7577809976197901,0.00037108394268158966
7.203999999,0.0012254872376873092,0.7577812078915526,0.0003708282432143926
7.207999999,0.0012254789085873628,0.7577814172107795,0.0003705727674188872
7.211999999,0.001225470585681908,0.7577816255817923,0.0003703175152693184
7.215999999,0.0012254622687898778,0.7577818330088971,0.00037006248652676223
7.219999999,0.0012254539580019922,0.7577820394963809,0.0003698076807621635
7.223999999,0.0012254456534995701,0.7577822450485101,0.00036955309730424024
7.227999999,0.001225437355101543,0.7577824496695295,0.0003692987353202304
7.231999999,0.0012254290629892326,0.7577826533636671,0.0003690445937882083
7.235999999,0.0012254207770721669,0.7577828561351296,0.0003687906714966694
7.239999999,0.0012254124975316716,0.7577830579881053,0.00036853696710694036
7.243999999,0.001225404224186675,0.7577832589267626,0.0003682834790956335
7.247999999,0.0012253959572185045,0.7577834589552515,0.00036803020583554586
7.251999999,0.0012253876965366878,0.7577836580777008,0.00036777714556536826
7.255999999,0.0012253794423225568,0.7577838562982218,0.00036752429641280255
7.259999999,0.001225371194395036,0.7577840536209061,0.0003672716564198141
7.263999999,0.0012253629529354595,0.757784250049825,0.0003670192235164046
7.267999999,0.001225354717853354,0.7577844455890329,0.0003667669955840345
7.271999999,0.0012253464891488475,0.757784640242563,0.0003665149704461312
7.275999999,0.0012253382669126743,0.7577848340144311,0.00036626314585923124
7.279999999,0.0012253300511449647,0.7577850269086337,0.00036601151955913754
7.283999999,0.0012253218418458486,0.7577852189291483,0.0003657600892416743
7.287999999,0.0012253136389248488,0.7577854100799333,0.00036550885258504766
7.291999999,0.0012253054425633092,0.7577856003649304,0.0003652578073061516
7.295999999,0.001225297252670753,0.7577857897880566,0.00036500695105764753
7.299999999,0.0012252890691567006,0.7577859783532187,0.00036475628154995315
7.303999999,0.0012252808922024994,0.7577861660643002,0.000364505796507422
7.307999999,0.00122527272162706,0.7577863529251673,0.00036425549367236586
7.311999999,0.0012252645576117322,0.7577865389396674,0.0003640053708628818
7.315999999,0.001225256400066035,0.7577867241116308,0.0003637554259139978
7.319999999,0.001225248248899486,0.757786908444869,0.0003635056567258879
7.323999999,0.0012252401042934377,0.7577870919431761,0.00036325606125182567
7.327999999,0.0012252319660667943,0.7577872746103271,0.0003630066375431094
7.331999999,0.001225223834310297,0.7577874564500797,0.00036275738367513936
7.335999999,0.00122521570893346,0.7577876374661756,0.000362508297839584
7.339999999,0.0012252075900270254,0.7577878176623337,0.00036225937829434174
7.343999999,0.0012251994775005059,0.7577878176623337,0.0003623927749286773
7.347999999,0.0012251913622923969,0.7577879970422619,0.0003623911856691171
7.351999999,0.0012251832210234794,0.7577881742860045,0.0003622977896561546
7.355999999,0.0012251750616675764,0.757788352796755,0.00036214438609406563
7.359999999,0.0012251668922893396,0.7577885316021349,0.00036195141368679083
7.363999999,0.0012251587187787866,0.7577887099892263,0.00036173202097392043
7.367999999,0.0012251505453043236,0.7577890642187142,0.00036110979697403904
7.371999999,0.001225142383737164,0.7577892412182438,0.00036061542111582716
7.375999999,0.0012251342589981952,0.7577894149961816,0.0003602034005493978
7.379999999,0.0012251261626603834,0.7577895867788881,0.000359844667230052
7.383999999,0.0012251180884713922,0.7577897572523893,0.00035952063922131493
7.387999999,0.001225110031266186,0.7577899267884322,0.000359219429843059
7.391999999,0.0012251019872389374,0.7577900955781904,0.0003589334276538677
7.395999999,0.0012250939530368352,0.7577902637109977,0.0003586577514491787
7.399999999,0.0012250859260319739,0.7577904312203936,0.00035838926384252826
7.403999999,0.001225077904140126,0.7577905981107773,0.00035812594130628513
7.407999999,0.001225069885548886,0.757790764372602,0.0003578664718690009
7.411999999,0.0012250618690801825,0.7577909299908212,0.00035760999813314075
7.415999999,0.0012250538537371652,0.7577910949494108,0.00035735595304737936
7.419999999,0.001225045838885467,0.7577912592336242,0.0003571039549760464
7.423999999,0.0012250378242532145,0.7577914228309748,0.0003568537406325509
7.427999999,0.0012250298096591554,0.7577915857315143,0.0003566051221827005
7.431999999,0.0012250217951939191,0.7577917479277523,0.00035635795983557296
7.435999999,0.001225013781129397,0.7577919094144044,0.00035611214425056175
7.439999999,0.0012250057679187465,0.7577920701880745,0.00035586758544141355
7.443999999,0.0012249977560151383,0.7577922302469414,0.00035562420556424463
7.447999999,0.0012249897460530161,0.7577923895904551,0.0003553819344331481
7.451999999,0.001224981738666841,0.757792548219077,0.00035514070658146455
7.455999999,0.0012249737345817228,0.757792706134057,0.00035490045957563607
7.459999999,0.0012249657345227904,0.7577928633372512,0.00035466113279140253
7.463999999,0.0012249577392151913,0.7577930198309677,0.0003544226669090074
7.467999999,0.001224949749384092,0.7577931756178506,0.00035418500344065095
7.471999999,0.0012249417657546784,0.7577933307007814,0.00035394808464025794
7.475999999,0.0012249337889615188,0.7577934850828016,0.0003537118533915039
7.479999999,0.0012249258196391987,0.7577936387670617,0.00035347625324843473
7.483999999,0.0012249178583316836,0.7577937917567685,0.00035324122857916017
7.487999999,0.001224909905673589,0.7577939440551619,0.0003530067245896285
7.491999999,0.0012249019621182727,0.7577940956654821,0.00035277268750513757
7.495999999,0.0012248940279378263,0.757794246590957,0.00035253906466760967
7.499999999,0.0012248861036762656,0.757794396834789,0.00035230580468893237
7.503999999,0.001224878189515062,0.7577945464001444,0.00035207285760052785
7.507999999,0.0012248702856356916,0.7577946952901544,0.00035184017495469376
7.511999999,0.0012248623924009158,0.7577948435079069,0.00035160770998751115
7.515999999,0.0012248545097202992,0.7577949910564474,0.0003513754177066369
7.519999999,0.0012248466377753292,0.7577951379387808,0.00035114325502279395
7.523999999,0.0012248387766568556,0.7577952841578722,0.0003509111808305287
7.527999999,0.0012248309261838003,0.7577954297166473,0.0003506791561103819
7.531999999,0.0012248230863563683,0.7577955746179957,0.0003504471439857862
7.535999999,0.0012248152570841198,0.757795718864775,0.00035021510980481245
7.539999999,0.0012248074381859678,0.757795862459812,0.00034998302122636425
7.543999999,0.0012247996295714656,0.7577960054059055,0.0003497508481993727
7.547999999,0.0012247918309688725,0.757796147705829,0.00034951856303795876
7.551999999,0.001224784042287733,0.7577962893623333,0.00034928614042769825
7.555999999,0.0012247762630750016,0.7577964303781511,0.0003490535574628562
7.559999999,0.0012247684933308581,0.7577965707559946,0.00034882079357803755
7.563999999,0.0012247607326022424,0.7577967104985631,0.0003485878306247743
7.567999999,0.0012247529807080282,0.7577968496085418,0.00034835465281490033
7.571999999,0.0012247452373764353,0.757796988088604,0.00034812124667002974
7.575999999,0.0012247375023356761,0.7577971259414124,0.00034788760100062287
7.579999999,0.0012247297753139566,0.757797263169623,0.00034765370687323764
7.5839999989999995,0.0012247220560394755,0.757797263169623,0.00034778612482251115
7.587999999,0.001224714335356566,0.7577973997758838,0.00034778869530462136
7.591999999,0.0012247065905115035,0.7577975340166607,0.0003477028155925959
7.595999999,0.0012246988289373556,0.7577976697417544,0.0003475589744943252
7.599999999,0.0012246910582486845,0.7577978059876542,0.0003473767703980446
7.603999999,0.001224683284156513,0.7577980775290414,0.00034679922728524673
7.6079999990000005,0.001224675519352405,0.7577982140592985,0.00034633869731643367
7.611999999,0.0012246677884947127,0.7577983475555791,0.0003459533385432962
7.615999999,0.0012246600840596625,0.7577984792051826,0.0003456164226991463
7.619999999,0.0012246523999737873,0.7577986096791214,0.00034531087074027734
7.6239999990000005,0.001224644731704632,0.7577987393464667,0.0003450257647556177
7.627999999,0.001224637075535543,0.7577988684015493,0.0003447541212829358
7.631999999,0.001224629428475037,0.757798996939165,0.00034449146971015656
7.635999999,0.001224621787894189,0.7577991249987899,0.00034423494460672266
7.6399999990000005,0.0012246141517986214,0.7577992525903449,0.0003439827060780193
7.643999999,0.0012246065186472053,0.7577993797090162,0.0003437335695756038
7.647999999,0.001224598886989433,0.7577995063436029,0.0003434867693859092
7.651999999,0.0012245912560093861,0.757799632481071,0.00034324180746569916
7.6559999990000005,0.0012245836249817868,0.7577997581089061,0.0003429983568419784
7.659999999,0.001224575993362663,0.7577998832162072,0.0003427561998022093
7.663999999,0.0012245683609706792,0.7578000077940806,0.0003425151883906287
7.667999999,0.0012245607278058206,0.7578001318356611,0.0003422752190448677
7.6719999990000005,0.0012245530939587364,0.7578002553359504,0.00034203621640870827
7.675999999,0.0012245454596107419,0.7578003782915756,0.00034179812291681245
7.679999999,0.0012245378252151514,0.7578005007005296,0.00034156089217612196
7.683999999,0.0012245301911346248,0.7578006225619242,0.0003413244846697994
7.6879999990000005,0.0012245225578224972,0.7578007438757662,0.00034108886504480074
7.691999999,0.0012245149259134476,0.7578008646427677,0.0003408540003586603
7.695999999,0.0012245072960421705,0.7578009848641861,0.00034061985904743585
7.699999999,0.001224499668662042,0.7578011045416904,0.0003403864101737972
7.7039999990000005,0.0012244920444077847,0.7578012236772543,0.00034015362305798855
7.707999999,0.0012244844239141378,0.7578013422730759,0.00033992146706525445
7.711999999,0.0012244768077251866,0.7578014603315041,0.00033968991146192417
7.715999999,0.0012244691963850297,0.7578015778549925,0.00033945892541782934
7.719999999,0.0012244615904377799,0.7578016948460561,0.0003392284779475813
7.723999999,0.0012244539902462209,0.7578016948460561,0.00033935589332592105
7.727999999,0.001224446387740701,0.7578018113072426,0.0003393574171651725
7.731999999,0.0012244387611598936,0.7578019253132804,0.00033927339571806066
7.735999999,0.0012244311183918632,0.7578020408961437,0.00033913353297879476
7.739999999,0.001224423467415544,0.7578021571013512,0.00033895691045826587
7.743999999,0.0012244158141245735,0.7578022732215656,0.00033875579338707814
7.747999999,0.0012244081625992509,0.7578023888798643,0.00033853809706627086
7.751999999,0.0012244005156505297,0.7578025039009181,0.00033830895966025404
7.755999999,0.0012243928751826793,0.7578026182189189,0.00033807174531518783
7.759999999,0.0012243852424652848,0.7578027318237137,0.0003378286837430258
7.763999999,0.001224377618223903,0.7578028447312994,0.0003375812783532928
7.767999999,0.0012243700025493702,0.7578029569682018,0.00033733056655192603
7.771999999,0.001224362395351168,0.7578030685634704,0.000337077285852242
7.775999999,0.0012243547962667415,0.757803179544793,0.0003368219798549348
7.779999999,0.0012243472045708114,0.7578032899368172,0.0003365650659316023
7.783999999,0.001224339619356722,0.7578033997606298,0.00033630687831240954
7.787999999,0.001224332039808474,0.7578035090338261,0.000336047695681347
7.791999999,0.001224324464656646,0.7578036177708566,0.00033578775867680285
7.795999999,0.0012243168929038284,0.7578037259834702,0.00033552728107928996
7.799999999,0.0012243093235525864,0.7578038336811799,0.00033526645690609296
7.803999999,0.0012243017552427322,0.7578039408716889,0.00033500546485988017
7.807999999,0.0012242941872488233,0.7578041537550767,0.0003343885846491948
7.811999999,0.001224286627006895,0.7578042615147569,0.00033390168960340037
7.815999999,0.0012242790952836902,0.7578043665496389,0.0003334994427933819
7.819999999,0.0012242715821951362,0.7578044700454066,0.0003331528283331768
7.823999999,0.0012242640803960948,0.7578045726554333,0.0003328432505732133
7.827999999,0.0012242565844456433,0.7578046747248208,0.00033255876733603575
7.831999999,0.0012242490903537021,0.7578047764228943,0.00033229168503868384
7.835999999,0.001224241595127647,0.7578048778211169,0.0003320370235408505
7.839999999,0.0012242340967723395,0.7578049789385017,0.0003317915357862409
7.843999999,0.0012242265940180937,0.757805079767738,0.0003315530819107673
7.847999999,0.0012242190863206992,0.7578051802899153,0.00033132022945386294
7.851999999,0.001224211573589376,0.7578052804825609,0.0003310919980830109
7.855999999,0.0012242040563681682,0.7578053803237974,0.000330867696602242
7.859999999,0.001224196535382512,0.7578054797942834,0.00033064681879839034
7.863999999,0.001224189011720625,0.7578055788779252,0.00033042897699685697
7.867999999,0.0012241814866521324,0.7578056775619298,0.0003302138597203396
7.871999999,0.001224173961718766,0.7578057758365379,0.0003300012046646361
7.875999999,0.00122416643864368,0.7578058736946188,0.00032979078155158777
7.879999999,0.0012241589188779925,0.7578059711312317,0.0003295823813382413
7.883999999,0.0012241514043263234,0.7578060681432119,0.0003293758093337413
7.887999999,0.0012241438965305649,0.7578061647287969,0.00032917088106195635
7.891999999,0.00122413639712334,0.7578062608873087,0.0003289674196575645
7.895999999,0.001224128907737313,0.7578063566188897,0.0003287652543547708
7.899999999,0.0012241214298237956,0.7578064519242873,0.0003285642197206881
7.903999999,0.0012241139645620474,0.757806546804682,0.00032836415523905706
7.907999999,0.0012241065134034456,0.7578066412615527,0.00032816490515305145
7.911999999,0.0012240990772552198,0.7578067352965743,0.0003279663185966072
7.915999999,0.0012240916570246203,0.7578068289115358,0.00032776824968734755
7.919999999,0.00122408425361892,0.7578069221082842,0.0003275705577485182
7.923999999,0.0012240768675826166,0.7578069221082842,0.0003277162585375668
7.927999999,0.0012240694910251797,0.7578070148886796,0.0003277408845754338
7.931999999,0.0012240621029044,0.7578071051456295,0.00032768302813691917
7.935999999,0.0012240547105668062,0.757807197066288,0.00032757108358453916
7.939999999,0.0012240473217219076,0.7578072897180287,0.00032742326580337955
7.943999999,0.0012240399418118608,0.7578073824067065,0.0003272512598216805
7.947999999,0.001224032574464912,0.7578074747600828,0.00032706258572632577
7.951999999,0.0012240252221302594,0.757807566602663,0.0003268621068059037
7.955999999,0.001224017886078018,0.7578076578662544,0.00032665299135005503
7.959999999,0.0012240105672155182,0.7578077485375406,0.00032643732601968754
7.963999999,0.0012240032656337726,0.7578078386292694,0.0003262165071351751
7.967999999,0.001223995980970271,0.7578079281649296,0.000325991490274951
7.971999999,0.0012239887125903783,0.7578080171708497,0.0003257629494490157
7.975999999,0.0012239814594966194,0.7578081056723223,0.00032553137869768237
7.979999999,0.0012239742203286699,0.7578081936919016,0.00032529715684878364
7.983999999,0.0012239669939075862,0.7578082812488378,0.0003250605886840152
7.987999999,0.0012239597785101517,0.7578083683591121,0.0003248219313149546
7.991999999,0.0012239525725038169,0.7578084550357411,0.00032458141077220255
7.995999999,0.0012239453744374103,0.7578085412891923,0.0003243392325278037
7.999999999,0.0012239381824968901,0.7578086271278192,0.0003240955880891125
8.003999999,0.001223930995140301,0.7578087125582672,0.00032385065909595125
8.007999999,0.0012239238109163603,0.7578088822147786,0.00032326047556691996
8.011999999,0.0012239166367191366,0.7578089686868861,0.0003227948117515692
8.015999999,0.0012239094922331425,0.7578090525413239,0.0003224098866687856
8.019999999,0.0012239023672991815,0.7578091349449622,0.0003220776923852153
8.023999999,0.001223895254116339,0.7578092165430308,0.0003217802923731759
8.027999999,0.0012238881469699135,0.7578092976779915,0.0003215061816782982
8.031999999,0.0012238810414150563,0.7578093785191918,0.00032124796320306487
8.035999999,0.00122387393427681,0.7578094591392517,0.0003210008639978932
8.039999999,0.001223866823105859,0.7578095395586851,0.00032076178793050787
8.043999999,0.0012238597065414086,0.7578096197716412,0.00032052871058735804
8.047999999,0.0012238525835854951,0.7578096997604639,0.00032030029275222506
8.051999999,0.0012238454539658594,0.7578097795036786,0.00032007563354683155
8.055999999,0.0012238383178638174,0.7578098589801513,0.00031985411261403074
8.059999999,0.0012238311759142752,0.7578099381710601,0.0003196352892829328
8.063999999,0.0012238240288428711,0.7578100170606417,0.00031941883813611083
8.067999999,0.0012238168778288502,0.7578100956362832,0.00031920450779125486
8.071999999,0.0012238097241422043,0.7578101738882863,0.0003189920945907738
8.075999999,0.001223802569325112,0.7578102518094888,0.0003187814258139155
8.079999999,0.0012237954148290684,0.7578103293948557,0.0003185723490142476
8.083999999,0.0012237882621056026,0.7578104066410737,0.00031836472517785317
8.087999999,0.0012237811128784396,0.7578104835461991,0.00031815842448596767
8.091999999,0.0012237739685084601,0.7578105601093508,0.0003179533236720462
8.095999999,0.0012237668305380193,0.757810636330451,0.00031774930435951256
8.099999999,0.0012237597003280642,0.7578107122100187,0.00031754625212300264
8.103999999,0.0012237525791488509,0.7578107877490023,0.0003173440559479354
8.107999999,0.0012237454681799406,0.7578108629486483,0.0003171426079935292
8.111999999,0.0012237383685101983,0.7578109378103985,0.00031694180352578616
8.115999999,0.0012237312809563407,0.757811012335814,0.00031674154089699104
8.119999999,0.001223724206335103,0.757811086526517,0.00031654172170092433
8.123999999,0.0012237171452817877,0.7578111603841459,0.00031634225089537517
8.127999999,0.0012237100983409858,0.7578112339103293,0.00031614303691949254
8.131999999,0.0012237030658758471,0.7578113071066641,0.00031594399190120083
8.135999999,0.0012236960481588025,0.7578113799747004,0.00031574503181978393
8.139999999,0.0012236890452808334,0.7578114525159372,0.0003155460766333062
8.143999999,0.0012236820573329223,0.7578115247318182,0.0003153470504403747
8.147999999,0.001223675084133868,0.7578115966237272,0.0003151478815762124
8.151999999,0.0012236681256839227,0.7578116681930007,0.0003149485028001822
8.155999999,0.0012236611816204192,0.7578117394409168,0.00031474885127349934
8.159999999,0.0012236542516714122,0.7578118103687149,0.00031454886873210735
8.163999999,0.0012236473352927576,0.7578118809775899,0.0003143485014876079
8.167999999,0.0012236404323032232,0.757811951268703,0.0003141477004661596
8.171999999,0.001223633541977182,0.7578120212431833,0.00031394642125692356
8.175999999,0.0012236266639519188,0.7578120909021369,0.00031374462407429856
8.179999999,0.0012236197975017801,0.7578121602466495,0.00031354227374107873
8.183999999,0.001223612942082561,0.7578122292777927,0.0003133393396669483
8.187999999,0.001223606097240779,0.7578122979966274,0.00031313579574213866
8.191999999,0.0012235992621600026,0.7578123664042082,0.00031293162031131584
8.195999999,0.0012235924363867225,0.7578124345015947,0.0003127267960800363
8.199999999,0.0012235856191952122,0.7578125022898367,0.00031252130997519955
8.203999999,0.0012235788101319365,0.7578125697699932,0.0003123151530700412
8.207999999,0.001223572008380405,0.7578126369431311,0.00031210832037991597
8.211999999,0.0012235652135777924,0.7578127038103244,0.00031190081078831566
8.215999999,0.001223558425089054,0.7578127703726579,0.00031169262688550306
8.219999999,0.0012235516422791305,0.7578128366312354,0.0003114837747604927
8.223999999,0.0012235448647851634,0.7578129025871635,0.0003112742638315178
8.227999999,0.0012235380920628083,0.7578129682415677,0.00031106410672106927
8.231999999,0.001223531323658448,0.7578130335955912,0.0003108533190027214
8.235999999,0.0012235245591184557,0.7578130986503899,0.0003106419190231657
8.239999999,0.0012235177979891937,0.7578131634071349,0.0003104299277840737
8.243999999,0.0012235110399984967,0.7578131634071349,0.00031054510906150875
8.247999999,0.0012235042766167376,0.7578132278670194,0.0003105438901212968
8.251999999,0.0012234974870639606,0.7578132896784895,0.00031046331038708
8.255999999,0.0012234906780546593,0.7578133532643726,0.0003103306563301232
8.259999999,0.0012234838567571885,0.7578134177082805,0.0003101634778640952
8.263999999,0.0012234770282529665,0.7578134823248024,0.0003099730775752393
8.267999999,0.0012234701960808813,0.7578135467438026,0.00030976677143037943
8.271999999,0.00122346336232799,0.7578136107882991,0.0003095493304312533
8.275999999,0.001223456528627673,0.7578136743872149,0.000309323899795718
8.279999999,0.0012234496958873841,0.7578137375241227,0.00030909258501748884
8.283999999,0.0012234428645608686,0.7578138002089375,0.00030885682578229057
8.287999999,0.0012234360346481503,0.7578138624627623,0.00030861763414290167
8.291999999,0.001223429205877012,0.7578139243100095,0.00030837574662029456
8.295999999,0.0012234223778844837,0.7578139857744718,0.00030813172110508223
8.299999999,0.001223415549853848,0.7578140468775549,0.00030788599856065114
8.303999999,0.0012234087211498653,0.7578141076376527,0.00030763894241034464
8.307999999,0.001223401890865036,0.757814168070113,0.00030739086358633346
8.311999999,0.0012233950580010906,0.7578142281874936,0.00030714203634510915
8.315999999,0.0012233882216504872,0.7578142879999429,0.00030689270839787054
8.319999999,0.0012233813809964134,0.7578143475155804,0.0003066431072227238
8.323999999,0.0012233745350405376,0.7578144067408932,0.0003063934440435875
8.327999999,0.0012233676830567595,0.7578144656810673,0.0003061439163582378
8.331999999,0.0012233608243189626,0.7578145243402733,0.00030589470928500846
8.335999999,0.001223353958101014,0.7578145827219115,0.00030564599665995027
8.339999999,0.001223347083949023,0.7578146408288023,0.00030539794143178925
8.343999999,0.0012233402014998418,0.7578146986633436,0.0003051506959895814
8.347999999,0.0012233333102995613,0.7578147562276241,0.00030490440232850975
8.351999999,0.0012233264102572785,0.7578148135235251,0.0003046591921367469
8.355999999,0.0012233195011913342,0.7578148705527895,0.0003044151867818199
8.359999999,0.0012233125832830864,0.7578149273170722,0.00030417249750685707
8.363999999,0.001223305656713897,0.7578149838179774,0.0003039312252799289
8.367999999,0.0012232987215743756,0.7578150400570882,0.000303691460940647
8.371999999,0.0012232917783181615,0.7578150960359765,0.0003034532852907474
8.375999999,0.001223284827398904,0.7578151517562209,0.0003032167691708561
8.379999999,0.001223277869270263,0.7578152072194114,0.0003029819736262084
8.383999999,0.0012232709046581843,0.7578152624271478,0.0003027489500016308
8.387999999,0.0012232639341071114,0.7578153173810468,0.0003025177402135255
8.391999999,0.0012232569584337794,0.757815372082731,0.000302288376918223
8.395999999,0.0012232499783641818,0.757815426533828,0.0003020608838143604
8.399999999,0.0012232429946243287,0.7578154807359703,0.0003018352758410091
8.403999999,0.0012232360081217686,0.7578155346907849,0.00030161155956776346
8.407999999,0.0012232290196733094,0.7578156418649002,0.00030107153530924277
8.411999999,0.001223222038082852,0.7578156974984558,0.000300649459451479
8.415999999,0.0012232150836813634,0.7578157507443796,0.000300304645245864
8.419999999,0.0012232081492990117,0.7578158027126494,0.0003000110009133032
8.423999999,0.0012232012297626038,0.7578158540200284,0.0002997517533882089
8.427999999,0.0012231943216233496,0.7578159049961478,0.00029951608047692314
8.431999999,0.0012231874223400285,0.7578159558058439,0.0002992969607276009
8.435999999,0.0012231805303697808,0.7578160065214027,0.00029908980123028166
8.439999999,0.0012231736447143057,0.7578160571648898,0.0002988915614009236
8.443999999,0.0012231667651014116,0.757816107732645,0.00029870019362344274
8.447999999,0.001223159891621967,0.757816158209207,0.0002985142862791321
8.451999999,0.0012231530246391445,0.7578162085749959,0.00029833283579975086
8.455999999,0.0012231461649699642,0.7578162588103513,0.0002981551013143997
8.459999999,0.0012231393135222323,0.7578163088974902,0.0002979805117866234
8.463999999,0.0012231324713853136,0.7578163588212636,0.00029780860700906535
8.467999999,0.001223125639739366,0.7578164085693072,0.0002976389998892012
8.471999999,0.0012231188199461128,0.7578164085693072,0.0002977811986557084
8.475999999,0.001223112005470286,0.7578164581318552,0.000297815647107892
8.479999999,0.0012231051777039448,0.7578165051230008,0.00029777702832926183
8.483999999,0.0012230983446347482,0.7578165539067253,0.00029769082595216493
8.487999999,0.0012230915142505338,0.7578166036018361,0.0002975733416796439
8.491999999,0.001223084692542325,0.7578166535476244,0.00029743498812972557
8.495999999,0.0012230778839581395,0.7578167033853564,0.00029728242272480026
8.499999999,0.0012230710915844918,0.7578167529416254,0.0002971199085492293
8.503999999,0.0012230643178725478,0.7578168021450146,0.00029695018233130314
8.507999999,0.001223057564275008,0.7578168509770162,0.000296775008099138
8.511999999,0.0012230508317907299,0.7578168994448629,0.000296595530459912
8.515999999,0.0012230441207831636,0.7578169475669009,0.0002964125000092092
8.519999999,0.0012230374315249904,0.7578169953649422,0.0002962264172472542
8.523999999,0.0012230307634719087,0.7578170428604261,0.00029603762443227376
8.527999999,0.001223024116079604,0.7578170900726504,0.0002958463642197321
8.531999999,0.0012230174884406394,0.7578171370181189,0.00029565281711535507
8.535999999,0.0012230108794660016,0.7578171837104749,0.0002954571252918692
8.539999999,0.001223004287885096,0.7578172301607224,0.00029525940788020837
8.543999999,0.0012229977124272996,0.7578172763775612,0.00029505977051586234
8.547999999,0.001222991151549624,0.7578173223677581,0.00029485831148020827
8.551999999,0.0012229846037998269,0.7578173681365107,0.00029465512546760343
8.555999999,0.001222978067634853,0.7578174136877647,0.00029445030585805896
8.559999999,0.0012229715416931769,0.7578174590244915,0.0002942439461212755
8.563999999,0.0012229650244316803,0.7578175041489199,0.0002940361405187589
8.567999999,0.001222958514579557,0.7578175490627284,0.00029382698446083253
8.571999998999999,0.0012229520106844098,0.7578175937671917,0.0002936165745639264
8.575999999,0.001222945511566158,0.7578176382633063,0.00029340500854393547
8.579999999,0.0012229390162262624,0.7578176825518836,0.00029319238504233776
8.583999999,0.0012229325234845954,0.7578177266336218,0.00029297880328924247
8.587999999,0.0012229260325241408,0.7578177705091582,0.00029276436295746925
8.591999999,0.001222919542527865,0.757817814179111,0.000292549163538673
8.595999999,0.0012229130526787168,0.7578178576441116,0.00029233330421257476
8.599999999,0.0012229065626135566,0.7578179009048122,0.00029211688338921067
8.603999999,0.001222900071696878,0.7578179439619125,0.0002918999983878723
8.607999999,0.001222893579565521,0.7578180294683624,0.0002913733259665192
8.611999999,0.0012228870938455802,0.7578180744012484,0.00029095916912529773
8.615999999,0.0012228806335117539,0.7578181170093206,0.00029061811136611433
8.619999999000001,0.001222874190211947,0.7578181583841704,0.00029032491951121934
8.623999999,0.0012228677578635986,0.7578181991335979,0.00029006341677018517
8.627999999,0.0012228613321998002,0.7578182395833869,0.00028982321015098394
8.631999999,0.0012228549099522364,0.7578182798971973,0.0002895976010517666
8.635999999,0.0012228484890327927,0.7578183201474583,0.0002893822513611005
8.639999999,0.0012228420678980533,0.7578183201474583,0.00028947806136692876
8.643999999,0.001222835638286044,0.7578183603569615,0.00028947196730757835
8.647999999,0.0012228291804949052,0.7578183980634785,0.0002893970731313037
8.651999999000001,0.0012228227015151625,0.7578184377039693,0.00028927782026722453
8.655999999,0.001222816208700658,0.7578184783869196,0.0002891298680797071
8.659999999,0.001222809707771118,0.7578185194370051,0.0002889632408366632
8.663999999,0.001222803203266078,0.7578185604801282,0.00028878436756114444
8.667999999,0.0012227966986356443,0.7578186013286603,0.0002885973827429518
8.671999999,0.0012227901966944373,0.7578186418989352,0.0002884049559177814
8.675999999,0.0012227836996215732,0.7578186821623917,0.0002882088205183723
8.679999999,0.0012227772092330343,0.7578187221182916,0.0002880101114233923
8.683999999000001,0.0012227707269816584,0.7578187617788459,0.00028780958027665386
8.687999999,0.0012227642540479252,0.7578188011612828,0.0002876077328018266
8.691999999,0.0012227577910675594,0.7578188402837194,0.0002874049166542372
8.695999999,0.001222751338767096,0.7578188791631375,0.00028720137733804027
8.699999999,0.0012227448973282991,0.7578189178145082,0.0002869972941861665
8.703999999,0.0012227384668421389,0.7578189562505422,0.0002867928030908628
8.707999999,0.0012227320473087878,0.7578189944817605,0.0002865880113095515
8.711999999,0.0012227256385468205,0.7578190325166974,0.0002863830067967114
8.715999999,0.0012227192401024084,0.7578190703621891,0.00028617786425893523
8.719999999,0.0012227128516125137,0.7578191080236513,0.0002859726489907259
8.723999999,0.0012227064727140906,0.7578191455053421,0.00028576741946984284
8.727999999,0.0012227001026808813,0.7578191828105948,0.00028556222878716413
8.731999999,0.0012226937409682162,0.757819219942014,0.00028535712587868137
8.735999999,0.0012226873871222154,0.7578192569016471,0.00028515215600869034
8.739999999,0.0012226810404165828,0.7578192936911134,0.0002849473613160001
8.743999999,0.0012226747003974154,0.7578193303117077,0.0002847427810601017
8.747999999,0.0012226683663383907,0.7578193667644968,0.0002845384518245958
8.751999999,0.0012226620378763863,0.757819403050383,0.00028433440757073575
8.755999999,0.0012226557143758593,0.7578194391701547,0.00028413067980486247
8.759999999,0.001222649395473668,0.7578194751245264,0.00028392729758224894
8.763999999,0.0012226430807158574,0.75781951091417,0.00028372428755532423
8.767999999,0.0012226367698300754,0.7578195465397372,0.0002835216740316264
8.771999999,0.0012226304623623506,0.7578195820018663,0.00028331947895069586
8.775999999,0.0012226241582219298,0.7578196173012031,0.00028311772197771627
8.779999999,0.0012226178570456361,0.7578196524384047,0.0002829164205108591
8.783999999,0.0012226115587427079,0.7578196874141437,0.000282715589737719
8.787999999,0.0012226052632223813,0.7578197222291108,0.0002825152426242491
8.791999999,0.0012225989703938912,0.7578197568840135,0.00028231539001569384
8.795999999,0.00122259268016647,0.7578197913795823,0.0002821160406324599
8.799999999,0.001222586392540158,0.7578198257165578,0.0002819172011943307
8.803999999,0.0012225801076058051,0.7578198598956997,0.0002817188764285428
8.807999999,0.0012225738254542633,0.7578199277835854,0.00028122392937521897
8.811999999,0.0012225675535320604,0.7578199639778651,0.0002808377764730544
8.815999999,0.0012225613105464731,0.7578199979506102,0.0002805224864605137
8.819999999,0.0012225550887789488,0.7578200307594426,0.00028025374518431454
8.823999999,0.0012225488825086436,0.7578200629940585,0.0002800159342226407
8.827999999,0.0012225426875584124,0.7578200949711064,0.0002797989893156483
8.831999999,0.0012225365010224078,0.7578201268500697,0.00027959639493451994
8.835999999,0.0012225303207212324,0.7578201587018488,0.0002794039038592682
8.839999999,0.0012225241452927704,0.7578201905490302,0.000279218719838123
8.843999999,0.0012225179737381364,0.757820222389285,0.00027903897554046986
8.847999999,0.0012225118056941292,0.7578202542086718,0.0002788633993265099
8.851999999,0.001222505641160802,0.7578202859890557,0.0002786911023822639
8.855999999,0.0012224994804106554,0.7578202859890557,0.0002788124063512208
8.859999999,0.0012224933166325236,0.7578203177120144,0.00027883306391676547
8.863999999,0.001222487131844641,0.7578203469104073,0.00027878555184610037
8.867999999,0.001222480933312067,0.7578203779489026,0.00027869375301005535
8.871999999,0.0012224747284816425,0.7578204099739956,0.00027857295458832005
8.875999999,0.001222468523165634,0.7578204423428242,0.0002784329302992166
8.879999999,0.0012224623216325083,0.7578204747030157,0.00027827993769657857
8.883999999,0.0012224561269701718,0.7578205068811258,0.00027811799185703865
8.887999999,0.0012224499417216755,0.7578205388028605,0.00027794967765502876
8.891999999,0.0012224437675219222,0.7578205704459352,0.00027777666781502456
8.895999999,0.0012224376056425659,0.7578206018138345,0.0002776000534231201
8.899999999,0.0012224314568103595,0.7578206329215904,0.0002774205548526307
8.903999999,0.0012224253215704286,0.7578206637882547,0.00027723865624965647
8.907999999,0.0012224191999229775,0.7578206944330503,0.0002770546914822099
8.911999999,0.0012224130915957437,0.7578207248735489,0.0002768688990053253
8.915999999,0.001222406996316459,0.757820755124929,0.00027668145681586094
8.919999999,0.0012224009132679097,0.757820785199843,0.00027649250482151145
8.923999999,0.001222394841814513,0.757820815108558,0.0002763021590567405
8.927999999,0.0012223887808665529,0.757820844859236,0.000276110520751331
8.931999999,0.0012223827295159404,0.7578208744582532,0.0002759176820268878
8.935999999,0.0012223766866729185,0.7578209039105178,0.0002757237295274935
8.939999999,0.0012223706511568827,0.7578209332197577,0.00027552874664246144
8.943999999,0.001222364621968857,0.7578209623887727,0.00027533281485719207
8.947999999,0.0012223585979281928,0.757820991419649,0.0002751360145270334
8.951999999,0.001222352578035872,0.7578210203139264,0.00027493842527841217
8.955999999,0.001222346561111202,0.7578210490727474,0.0002747401262041555
8.959999999,0.0012223405463367778,0.7578210776969673,0.0002745411958666935
8.963999999,0.001222334532622694,0.7578211061872429,0.0002743417122005518
8.967999999,0.001222328519333166,0.7578211345441013,0.0002741417524825587
8.971999999,0.0012223225056507392,0.7578211627679884,0.0002739413929428379
8.975999999,0.0012223164908487726,0.7578211908593154,0.0002737407087604594
8.979999999,0.0012223104744730996,0.7578212188184776,0.0002735397737710338
8.983999999,0.0012223044558878852,0.7578212466458814,0.00027333866021531084
8.987999999,0.001222298434729773,0.7578212743419547,0.0002731374386342446
8.991999999,0.0012222924107262317,0.757821301907158,0.0002729361775769344
8.995999999,0.001222286383604724,0.7578213293419881,0.00027273494339787285
8.999999999,0.0012222803532743718,0.7578213566469797,0.000272533800168443
9.003999999,0.0012222743194626297,0.757821383822711,0.0002723328094001349
9.007999999,0.0012222682823511122,0.7578214377888696,0.00027184385088988727
9.011999999,0.0012222622491156153,0.7578214670792744,0.0002714602147367106
9.015999999,0.0012222562378321471,0.7578214942116297,0.0002711451516283263
9.019999999,0.0012222502410526134,0.7578215202218529,0.0002708751234423145
9.023999999,0.001222244253236304,0.7578215456883547,0.0002706350276798847
9.027999999,0.0012222382704774346,0.7578215709223292,0.00027041514894766424
9.031999999,0.0012222322901418439,0.757821596081013,0.0002702092129808969
9.035999999,0.0012222263100494998,0.7578216212347366,0.00027001314415061385
9.039999999,0.0012222203292012038,0.7578216464063616,0.0002698242722517249
9.043999999,0.001222214346779411,0.7578216715941857,0.0002696408260007278
9.047999999,0.001222208362693261,0.7578216967850241,0.0002694616095769308
9.051999999,0.0012222023770335673,0.7578217219614772,0.0002692857960820053
9.055999999,0.0012221963904361754,0.7578217471057866,0.00026911279562689147
9.059999999,0.0012221904035369432,0.7578217722017359,0.00026894217101933806
9.063999999,0.0012221844172442587,0.7578217972354104,0.0002687735840688808
9.067999999,0.0012221784326482076,0.7578218221953893,0.00026860676121938864
9.071999999,0.0012221724508388965,0.7578218470725984,0.0002684414716864498
9.075999999,0.0012221664729972941,0.7578218718600346,0.0002682775135070001
9.079999999,0.0012221605003043922,0.7578218965524383,0.0002681147047609354
9.083999999,0.0012221545339412053,0.7578219211459776,0.00026795287788392426
9.087999999,0.0012221485749070874,0.7578219456379568,0.000267791876320581
9.091999999,0.0012221426242922542,0.7578219700265592,0.0002676315522175962
9.095999999,0.001222136683005257,0.7578219943106393,0.0002674717652222118
9.099999999,0.0012221307519546638,0.7578220184895493,0.00026731238166821203
9.103999999,0.0012221248318673736,0.7578220425630056,0.00026715327416796097
9.107999999,0.0012221189232886104,0.7578220665309747,0.000266994321410748
9.111999999,0.0012221130268544528,0.7578220903935918,0.00026683540805346254
9.115999999,0.0012221071428376122,0.7578221141510982,0.0002666764247714701
9.119999999,0.0012221012715108038,0.7578221378037916,0.000266517268262774
9.123999999,0.0012220954132375942,0.7578221613520014,0.00026635784133292065
9.127999999,0.0012220895678364783,0.7578221847960487,0.0002661980529709589
9.131999999,0.0012220837353984877,0.7578222081362458,0.00026603781839159776
9.135999999,0.0012220779157421137,0.7578222313728789,0.000265877059106002
9.139999999,0.0012220721086858438,0.7578222545062063,0.00026571570295301326
9.143999999,0.001222066313866465,0.7578222775364549,0.000265553684103469
9.147999999,0.001222060530920758,0.7578223004638222,0.0002653909430655378
9.151999999,0.0012220547594854955,0.7578223232884753,0.0002652274266550805
9.155999999,0.0012220489990157446,0.7578223460105631,0.00026506308797901064
9.159999999,0.001222043248966562,0.7578223686302088,0.00026489788629380364
9.163999999,0.0012220375087021434,0.7578223911475201,0.0002647317869972422
9.167999999,0.001222031777859224,0.7578224135625949,0.0002645647614414148
9.171999999,0.0012220260555294267,0.7578224358755251,0.00026439678684812335
9.175999999,0.0012220203413494646,0.7578224580863994,0.00026422784619747994
9.179999999,0.0012220146345017855,0.7578224801953106,0.0002640579279344658
9.183999999,0.0012220089343505257,0.7578225022023539,0.0002638870259524906
9.187999999,0.0012220032404415154,0.7578225241076362,0.00026371513921204145
9.191999999,0.0012219975519571634,0.7578225459112731,0.00026354227166092495
9.195999999,0.0012219918683524242,0.7578225676133968,0.0002633684319835116
9.199999999,0.0012219861891730956,0.7578225892141559,0.000263193633324045
9.203999999,0.0012219805136015499,0.7578226107137163,0.00026301789308950436
9.207999999,0.0012219748413652726,0.7578226321122651,0.0002628412326536656
9.211999999,0.0012219691717374678,0.7578226534100093,0.00026266367712872224
9.215999999,0.001221963504263894,0.7578226746071771,0.00026248525506841096
9.219999999,0.0012219578385811564,0.757822695704026,0.00026230599822103947
9.223999999,0.0012219521742349972,0.7578227167008248,0.0002621259412412974
9.227999999,0.0012219465107711502,0.7578227375978699,0.0002619451214239635
9.231999999,0.0012219408478261987,0.7578227583954804,0.00026176357844151044
9.235999999,0.001221935185127576,0.7578227790939975,0.0002615813540194085
9.239999999,0.001221929522311853,0.7578227996937831,0.0002613984917377449
9.243999999,0.0012219238591973103,0.7578228201952204,0.00026121503671108613
9.247999999,0.0012219181954205083,0.7578228405987122,0.00026103103533452605
9.251999999,0.0012219125308905777,0.7578228609046807,0.00026084653503050304
9.255999999,0.001221906865244069,0.7578228811135636,0.00026066158400481996
9.259999999,0.0012219011985718261,0.757822901225821,0.0002604762309771874
9.263999999,0.0012218955306012537,0.7578229212419215,0.00026029052496442993
9.267999999,0.0012218898611506103,0.7578229411623516,0.0002601045150250262
9.271999999,0.0012218841903107376,0.7578229609876106,0.00025991825010369767
9.275999999,0.001221878517990754,0.7578229807182102,0.0002597317786898686
9.279999999,0.0012218728440089141,0.757823000354672,0.00025954514882612565
9.283999999,0.0012218671684560574,0.7578230198975291,0.0002593584076865014
9.287999999,0.0012218614913321623,0.7578230393473216,0.00025917160156793613
9.291999999,0.0012218558127280704,0.7578230587045949,0.0002589847756565937
9.295999999,0.001221850132462033,0.7578230779699014,0.0002587979738773112
9.299999999,0.00122184445080662,0.7578230971437994,0.0002586112387579614
9.303999999,0.001221838767670948,0.7578231162268484,0.0002584246113028929
9.307999999,0.0012218330832367262,0.7578231352196126,0.0002582381308586876
9.311999999,0.001221827397503937,0.7578231541226573,0.00025805183503840244
9.315999999,0.0012218217106542946,0.7578231729365472,0.0002578657595857791
9.319999999,0.0012218160226877834,0.7578231729365472,0.000257952477199148
9.323999999,0.0012218103269710915,0.7578231916618468,0.00025794306106636085
9.327999999,0.0012218046059666828,0.7578232078333507,0.0002578683512409833
9.331999999,0.0012217988660349574,0.7578232257740997,0.00025775106257458144
9.335999999,0.0012217931134455647,0.7578232446800117,0.00025760580173322646
9.339999999,0.0012217873529235027,0.7578232639447134,0.00025744197208795296
9.343999999,0.00122178158783082,0.757823283236961,0.00025726565582718895
9.347999999,0.0012217758204391932,0.7578233023947312,0.0002570808140892176
9.351999999,0.0012217700523842509,0.7578233213495827,0.0002568900521828368
9.355999999,0.0012217642846655589,0.7578233400820064,0.00025669510755041354
9.359999999,0.0012217585180100898,0.7578233585965829,0.0002564971610677418
9.363999999,0.0012217527527813438,0.7578233769085481,0.0002562970355383768
9.367999999,0.0012217469888884693,0.7578233950366934,0.0002560953223207964
9.371999999,0.0012217412262406132,0.7578234129997817,0.0002558924621381986
9.375999999,0.0012217354644743024,0.7578234308148544,0.0002556887966618228
9.379999999,0.0012217297031351841,0.7578234484965827,0.00025548460132909453
9.383999999,0.0012217239417688969,0.7578234660571643,0.00025528010646649744
9.387999999,0.0012217181796484488,0.757823483506494,0.00025507551061281506
9.391999999,0.001221712416228583,0.7578235008524421,0.00025487098907925256
9.395999999,0.0012217066508731578,0.7578235181011803,0.00025466669941314536
9.399999999,0.001221700882946019,0.7578235352574922,0.0002544627848853676
9.403999999,0.0012216951119927524,0.757823552325054,0.0002542593767103315
9.407999999,0.0012216893374680583,0.757823586204498,0.0002537865589921365
9.411999999,0.001221683565824118,0.7578236054910066,0.00025341302887753206
9.415999999,0.0012216778137823276,0.7578236227520008,0.00025310435871395885
9.419999999,0.0012216720738910205,0.7578236389746854,0.00025283851067745916
9.423999999,0.0012216663405159457,0.7578236547113395,0.0002526013561787203
9.427999999,0.0012216606097494316,0.7578236702598521,0.0002523838157102596
9.431999999,0.0012216548785925199,0.7578236857712837,0.0002521800331569848
9.435999999,0.001221649145136745,0.7578237013136548,0.0002519862102469078
9.439999999,0.0012216434079280027,0.7578237169095023,0.00025179986255697965
9.443999999,0.0012216376664209603,0.7578237325577349,0.000251619344499718
9.447999999,0.001221631920433797,0.7578237482461483,0.00025144354600083077
9.451999999,0.0012216261701482106,0.7578237639583869,0.0002512716989526699
9.455999999,0.001221620416109428,0.7578237796776697,0.00025110325368218797
9.459999999,0.0012216146593170937,0.75782379538861,0.0002509378000268736
9.463999999,0.00122160890067999,0.7578238110779827,0.0002507750171543157
9.467999999,0.0012216031416522096,0.7578238267349068,0.00025061464152883
9.471999999,0.0012215973834152258,0.7578238423507242,0.00025045644659264213
9.475999999,0.0012215916274231828,0.7578238423507242,0.00025056196068769205
9.479999999,0.0012215858684957374,0.7578238579187417,0.0002505767502977537
9.483999999,0.0012215800909098817,0.7578238710326621,0.00025053021092182444
9.487999999,0.0012215743019361213,0.7578238858806265,0.0002504439470794071
9.491999999,0.0012215685088450992,0.7578239016852394,0.00025033179061659933
9.495999999,0.0012215627173625433,0.7578239178600069,0.0002502025870298815
9.499999999,0.0012215569316692285,0.7578239340839363,0.0002500620008896102
9.503999999,0.0012215511550371463,0.7578239501994655,0.00024991366724957107
9.507999999,0.0012215453897385944,0.7578239661395382,0.0002497599259806551
9.511999999,0.0012215396375005903,0.7578239818845126,0.0002496022901824215
9.515999999,0.0012215338996866333,0.7578239974381589,0.00024944174509683925
9.519999999,0.001221528177024031,0.7578240128146488,0.00024927893882895384
9.523999999,0.0012215224698765505,0.7578240280316733,0.00024911430427541464
9.527999999,0.0012215167784261868,0.7578240431069403,0.0002489481366748626
9.531999999,0.0012215111024004915,0.757824058056517,0.0002487806435067835
9.535999999,0.0012215054413452307,0.7578240728941814,0.0002486119762174392
9.539999999,0.0012214997948061619,0.7578240876313134,0.00024844225054112336
9.543999999,0.0012214941618745802,0.7578241022770476,0.0002482715595017664
9.547999999,0.001221488541732655,0.7578241168385458,0.0002480999817285693
9.551999999,0.0012214829334716484,0.7578241313213026,0.0002479275867609205
9.555999999,0.0012214773360919137,0.7578241457294459,0.00024775443836925906
9.559999999,0.0012214717485937857,0.7578241600660123,0.0002475805968209525
9.563999999,0.0012214661698866879,0.7578241743331845,0.00024740612005970896
9.567999999,0.0012214605990618097,0.7578241885324942,0.00024723106460262635
9.571999998999999,0.001221455035210324,0.7578242026649702,0.0002470554859810983
9.575999999,0.001221449477332493,0.7578242167312872,0.0002468794390194117
9.579999999,0.0012214439246103494,0.757824230731865,0.0002467029779210664
9.583999999,0.0012214383762259105,0.7578242446669491,0.00024652615628536996
9.587999999,0.0012214328316338646,0.7578242585366735,0.00024634902707883975
9.591999999,0.0012214272901070987,0.7578242723411097,0.00024617164256789174
9.595999999,0.0012214217511002786,0.757824286080302,0.0002459940541437214
9.599999999,0.0012214162142498534,0.7578242997542897,0.00024581631233304223
9.603999999,0.0012214106791013678,0.7578243133631273,0.0002456384665026821
9.607999999,0.0012214051454730512,0.7578243403857237,0.0002452007838361338
9.611999999,0.0012213996198186554,0.7578243562210628,0.00024485776085684147
9.615999999,0.00122139411877263,0.7578243701092893,0.00024457628098232815
9.619999999000001,0.0012213886349725332,0.7578243830031512,0.00024433513355623317
9.623999999,0.0012213831632373628,0.7578243954360466,0.00024412071035655135
9.627999999,0.001221377699749512,0.7578244076959624,0.0002439242584847427
9.631999999,0.0012213722416912019,0.7578244199291547,0.00024374012675883446
9.635999999,0.0012213667870627034,0.7578244322016633,0.00024356464595931893
9.639999999,0.001221361334773257,0.7578244445355363,0.00024339541417274296
9.643999999,0.0012213558840956868,0.7578244569299243,0.0002432308402894643
9.647999999,0.0012213504346664092,0.7578244693731778,0.00024306985246636833
9.651999999000001,0.001221344986758146,0.7578244818495794,0.0002429117120197796
9.655999999,0.001221339540643624,0.7578244943429421,0.00024275589449131393
9.659999999,0.0012213340970500869,0.7578245068383844,0.00024260201369932514
9.663999999,0.0012213286567047921,0.757824519323083,0.0002424497732396096
9.667999999,0.0012213232206986226,0.7578245317864487,0.0002422989354336622
9.671999999,0.0012213177899406734,0.7578245442200171,0.0002421493016181052
9.675999999,0.0012213123654309602,0.7578245566172009,0.00024200069954737337
9.679999999,0.0012213069484422294,0.7578245689730079,0.0002418529753456991
9.683999999000001,0.0012213015398836304,0.757824581283747,0.00024170598840291379
9.687999999,0.001221296140755234,0.757824581283747,0.00024181253714072198
9.691999999,0.0012212907455119153,0.7578245935467666,0.00024183024173983763
9.695999999,0.0012212853382451525,0.7578246033923663,0.0002417875291292382
9.699999999,0.0012212799256818695,0.7578246149307921,0.00024170530638735095
9.703999999,0.001221274514276389,0.7578246274087971,0.00024159697723236326
9.707999999,0.00122126910902863,0.7578246402574229,0.00024147113256624197
9.711999999,0.0012212637133931685,0.757824653165077,0.00024133329380429845
9.715999999,0.0012212583298246522,0.7578246659786,0.00024118702446855635
9.719999999,0.0012212529598686858,0.7578246786326102,0.00024103463912448567
9.723999999,0.0012212476046163559,0.7578246911077299,0.00024087765545070567
9.727999999,0.0012212422646133124,0.7578247034073158,0.00024071708258381936
9.731999999,0.0012212369400415746,0.7578247155448392,0.00024055360504822424
9.735999999,0.0012212316304467939,0.7578247275372089,0.00024038770010986353
9.739999999,0.0012212263355564337,0.7578247394013696,0.0002402197126656829
9.743999999,0.0012212210544615763,0.7578247511526974,0.0002400499029142754
9.747999999,0.0012212157863441988,0.7578247628043748,0.00023987847686359165
9.751999999,0.0012212105301135287,0.7578247743672829,0.00023970560560292176
9.755999999,0.0012212052844969503,0.7578247858501473,0.00023953143772557702
9.759999999,0.0012212000484036504,0.7578247972598037,0.00023935610709788688
9.763999999,0.0012211948205609713,0.7578248086014991,0.0002391797377417987
9.767999999,0.00122118959960532,0.7578248198791829,0.00023900244691703055
9.771999999,0.0012211843843549074,0.7578248310957716,0.00023882434696963955
9.775999999,0.001221179173627924,0.7578248422533755,0.00023864554645680497
9.779999999,0.0012211739661516262,0.7578248533534936,0.00023846615074471627
9.783999999,0.0012211687609259923,0.7578248643971699,0.00023828626230990797
9.787999999,0.0012211635570418989,0.7578248753851188,0.00023810598093816892
9.791999999,0.0012211583534992919,0.7578248863178265,0.00023792540355652738
9.795999999,0.0012211531494799317,0.7578248971956285,0.00023774462425385612
9.799999999,0.001221147944347398,0.7578249080187657,0.00023756373410978272
9.803999999,0.0012211427374652591,0.7578249187874319,0.00023738282104747958
9.807999999,0.0012211375282879897,0.7578249401620698,0.00023695026191309287
9.811999999,0.0012211323229979526,0.7578249531557748,0.00023660962954202911
9.815999999,0.0012211271375058318,0.7578249642571657,0.0002363288474558497
9.819999999,0.0012211219644474977,0.757824974395443,0.00023608738119136548
9.823999999,0.0012211167986407433,0.757824984091204,0.00023587206534909284
9.827999999,0.001221111636176141,0.757824993625812,0.00023567443986373336
9.831999999,0.0012211064743261496,0.7578250031423936,0.00023548904957686455
9.835999999,0.0012211013112723799,0.7578250127057748,0.00023531235868549987
9.839999999,0.0012210961455600936,0.7578250223378121,0.00023514205762850438
9.843999999,0.0012210909767346534,0.7578250320379769,0.0002349766205932922
9.847999999,0.0012210858045232573,0.75782504179515,0.00023481502289164418
9.851999999,0.0012210806291077048,0.7578250515942088,0.00023465656054502248
9.855999999,0.0012210754508516421,0.7578250614195423,0.00023450073500332983
9.859999999,0.0012210702705733327,0.7578250712567934,0.00023434717963685312
9.863999999,0.0012210650890910532,0.7578250810935969,0.00023419561267187713
9.867999999,0.0012210599074049407,0.7578250909197483,0.0002340458073115291
9.871999999,0.0012210547266969956,0.7578251007271125,0.00023389757260770328
9.875999999,0.0012210495480583143,0.7578251105093785,0.00023375074131043376
9.879999999,0.0012210443725800125,0.7578251202617824,0.0002336051621981153
9.883999999,0.0012210392014441478,0.7578251299808214,0.0002334606952431095
9.887999999,0.001221034035832799,0.7578251396639991,0.00023331720858034096
9.891999999,0.001221028876746213,0.7578251493096011,0.00023317457664961302
9.895999999,0.001221023725093729,0.7578251589165057,0.0002330326791156444
9.899999999,0.0012210185817847013,0.7578251684840331,0.00023289140024527517
9.903999999,0.0012210134475466462,0.7578251780118176,0.00023275062853584682
9.907999999,0.0012210083231070919,0.7578251874997102,0.00023261025667371382
9.911999999,0.0012210032090117248,0.7578251969477137,0.0002324701814835268
9.915999999,0.0012209981056243852,0.757825206355915,0.00023233030389932866
9.919999999,0.0012209930133998466,0.7578252157244391,0.0002321905292047811
9.923999999,0.001220987932429177,0.7578252250534323,0.00023205076706311672
9.927999999,0.0012209828628943742,0.7578252343430325,0.0002319109316712092
9.931999999,0.0012209778048865097,0.7578252435933572,0.00023177094184878387
9.935999999,0.0012209727582238679,0.7578252528044952,0.00023163072119546007
9.939999999,0.0012209677228156596,0.7578252619764999,0.00023149019813742283
9.943999999,0.001220962698389234,0.7578252711093892,0.0002313493060779169
9.947999999,0.0012209576846719345,0.7578252802031493,0.0002312079833274754
9.951999999,0.00122095268130017,0.7578252892577321,0.00023106617331234043
9.955999999,0.001220947687910342,0.7578252982730628,0.00023092382446346355
9.959999999,0.0012209427038660518,0.7578253072490364,0.00023078089028056396
9.963999999,0.0012209377288036859,0.7578253161855326,0.00023063732930175883
9.967999999,0.0012209327621777594,0.757825325082414,0.00023049310508688824
9.971999999,0.001220927803351846,0.7578253339395311,0.00023034818612583497
9.976,0.0012209228518713757,0.757825342756728,0.0002302025458059429
9.98,0.0012209179070999028,0.7578253515338451,0.00023005616230782681
9.984,0.0012209129684919058,0.7578253602707227,0.0002299090184608319
9.988,0.00122090803541092,0.7578253689672066,0.0002297611016877332
9.992,0.00122090310722047,0.7578253776231479,0.00022961240382902181
9.996,0.0012208981835568756,0.7578253862384069,0.0002294629209657205
10.0,0.0012208932636927085,0.7578253948128577,0.00022931265336855036
10.004,0.0012208883470824006,0.757825403346387,0.0002291616051675253
10.008,0.0012208834333622472,0.7578254118388993,0.00022900978428097931
10.012,0.001220878521895728,0.7578254202903145,0.00022885720217417408
10.016,0.0012208736123191228,0.7578254287005691,0.00022870387368978214
10.02,0.0012208687041777692,0.7578254370696196,0.00022854981682111648
10.024,0.0012208637970169964,0.7578254453974437,0.0002283950525076212
10.028,0.001220858890382127,0.7578254536840376,0.0002282396044336079
10.032,0.0012208539840912907,0.7578254619294184,0.00022808349877481872
10.036,0.0012208490776897986,0.757825470133622,0.00022792676400958692
10.04,0.0012208441709048324,0.7578254782967051,0.00022776943068062125
10.044,0.0012208392633726302,0.7578254864187421,0.000227611531152015
10.048,0.0012208343550022432,0.7578254944998278,0.00022745309948455733
10.052,0.0012208294455208408,0.7578255025400801,0.0002272941710756238
10.056,0.0012208245346555888,0.7578255105396243,0.00022713478253936313
10.06,0.0012208196223155291,0.7578255184986077,0.00022697497147578904
10.064,0.001220814708318762,0.7578255264171939,0.00022681477625382385
10.068,0.0012208097925743256,0.7578255342955623,0.00022665423582982338
10.072,0.001220804874991257,0.7578255421339044,0.0002264933894982696
10.076,0.0012207999554785917,0.7578255499324267,0.0002263322767640307
10.08,0.0012207950339453639,0.7578255576913475,0.00022617093714084803
10.084,0.001220790110300606,0.7578255654108964,0.00022600940995064198
10.088,0.0012207851846352355,0.7578255730913124,0.000225847734176086
10.092,0.0012207802569492287,0.7578255807328431,0.0002256859483133323
10.096,0.0012207753271516162,0.757825588335748,0.00022552409020404847
10.1,0.0012207703953333177,0.7578255959002936,0.00022536219689855985
10.104,0.001220765461494308,0.75782560342675,0.00022520030453337988
10.108,0.0012207605257255083,0.757825610915391,0.00022503844819827355
10.112,0.0012207555880268948,0.7578256183664988,0.00022487666180805247
10.116,0.0012207506484893903,0.7578256257803585,0.00022471497808321218
10.12,0.0012207457072948651,0.7578256257803585,0.00022479091568383078
10.124,0.0012207407583498709,0.7578256331572584,0.00022478300844131716
10.128,0.0012207357861933135,0.757825638199467,0.00022471812911271263
10.132,0.001220730796281755,0.7578256448698819,0.0002246160706062791
10.136,0.001220725794435637,0.7578256524523689,0.00022448956148304726
10.14,0.0012207207849293778,0.7578256604054064,0.00022434679711724344
10.144,0.0012207157704913387,0.7578256684321049,0.00022419307956471644
10.148,0.0012207107533951827,0.7578256763862419,0.00022403186319646133
10.152,0.0012207057350051163,0.7578256842051724,0.0002238654214239057
10.156,0.0012207007162306203,0.7578256918701366,0.00022369527180445678
10.16,0.00122069569770834,0.75782569938412,0.0002235224471562487
10.164,0.0012206906798020807,0.7578257067598405,0.0002233476685143503
10.168,0.001220685662329948,0.7578257140133792,0.00022317145535129536
10.172,0.0012206806453828986,0.757825721160926,0.00022299419604131728
10.176,0.0012206756285971327,0.7578257282172433,0.00022281619262254997
10.18,0.0012206706115178928,0.7578257351950536,0.00022263768956282156
10.184,0.0012206655937813662,0.7578257421049291,0.00022245889187354244
10.188,0.001220660574750876,0.7578257489554221,0.00022227997690779623
10.192,0.0012206555540625942,0.7578257557533178,0.00022210110172628795
10.196,0.0012206505309888729,0.7578257625038952,0.0002219224078196718
10.2,0.0012206455051658675,0.7578257692112151,0.00022174402415287884
10.204,0.0012206404760478193,0.7578257758783603,0.00022156606904486566
10.208,0.0012206354431799147,0.75782578910081,0.00022115330525980965
10.212,0.0012206304124741767,0.7578257979508557,0.00022082706811250077
10.216,0.0012206253987563432,0.7578258050256377,0.0002205573562364821
10.22,0.0012206203952959053,0.7578258112038803,0.00022032496679231365
10.224,0.0012206153972723192,0.7578258169783758,0.00022011759012330014
10.228,0.0012206104010473958,0.7578258226157818,0.0002199273168257669
10.232,0.0012206054039834106,0.7578258282519534,0.00021974904652034334
10.236,0.001220600404443125,0.757825833948581,0.00021957947198932443
10.24,0.0012205954012440604,0.7578258397265895,0.00021941643072910104
10.244,0.001220590393749467,0.7578258455856252,0.00021925849095659768
10.248,0.0012205853818683331,0.7578258455856252,0.0002193344217027202
10.252,0.0012205803598702109,0.7578258515152391,0.00021933250660308357
10.256,0.0012205753130196146,0.7578258552593423,0.00021927826726202647
10.26,0.001220570247319556,0.7578258670156068,0.00021895908033813612
10.264,0.0012205651754132088,0.7578258670156068,0.0002189314303728763
10.268,0.00122056011203604,0.7578258760349259,0.000218863864774048
10.272,0.001220555039996616,0.7578258812860774,0.00021876817467807064
10.276,0.0012205499620236563,0.7578258871983037,0.00021865437328061053
10.28,0.0012205448823922667,0.7578258935347345,0.00021852888552197774
10.284,0.0012205398042860853,0.7578259000337118,0.00021839582147008702
10.288,0.00122053473034303,0.7578259065474392,0.0002182578136323838
10.292,0.0012205296624733634,0.7578259130039741,0.00021811655118029202
10.296,0.0012205246023144919,0.7578259193740982,0.00021797312054331163
10.3,0.001220519550958069,0.7578259256508755,0.00021782822282840386
10.304,0.0012205145093138396,0.7578259318381219,0.00021768231260260363
10.308,0.0012205094779277079,0.7578259379441992,0.00021753568645250463
10.312,0.0012205044572546218,0.7578259439787715,0.00021738853962602962
10.316,0.0012204994473856785,0.7578259499511876,0.00021724100224626938
10.32,0.001220494448411976,0.7578259558697563,0.0002170931624598563
10.324,0.0012204894602426827,0.7578259617414919,0.00021694508135829802
10.328,0.0012204844826050338,0.7578259675721056,0.00021679680246127845
10.332,0.0012204795152262597,0.7578259733661185,0.00021664835789566523
10.336,0.0012204745576516528,0.7578259791270202,0.00021649977235283947
10.34,0.0012204696095174652,0.7578259848574407,0.0002163510656578687
10.344,0.0012204646702780083,0.7578259905593113,0.00021620225443998885
10.348,0.0012204597395695193,0.7578259962340084,0.00021605335321638318
10.352,0.0012204548168462937,0.7578260018824813,0.00021590437509752376
10.356,0.0012204499016535864,0.7578260075053478,0.00021575533226035235
10.36,0.0012204449935366447,0.7578260131029855,0.00021560623623208787
10.364,0.0012204400919497392,0.7578260186755935,0.00021545709816098832
10.368,0.0012204351966200405,0.7578260242232504,0.00021530792882963373
10.372,0.0012204303070927746,0.7578260297459508,0.00021515873881784522
10.376,0.0012204254230951006,0.7578260352436396,0.00021500953851569533
10.38,0.001220420544263203,0.7578260407162325,0.00021486033817610378
10.384,0.0012204156703242307,0.7578260461636376,0.0002147111479006633
10.388,0.0012204108011872712,0.7578260515857637,0.00021456197762737925
10.392,0.0012204059364884954,0.7578260569825294,0.00021441283714305955
10.396,0.0012204010763189283,0.7578260623538723,0.00021426373610497699
10.4,0.0012203962204057068,0.7578260676997484,0.00021411468396538967
10.404,0.0012203913686579095,0.7578260730201337,0.0002139656899175147
10.408,0.0012203865212575317,0.7578260835844497,0.00021359106992239316
10.412,0.001220381684026926,0.7578260910451787,0.00021329873609097252
10.416,0.0012203768719768917,0.7578260968062529,0.0002130598991814917
10.42,0.001220372078557587,0.7578261017107409,0.00021285611040592318
10.424,0.0012203672993114799,0.7578261062316118,0.00021267552420437804
10.428,0.0012203625307816912,0.7578261106249009,0.00021251051262485073
10.432,0.001220357770602991,0.757826115021123,0.00021235614243366322
10.436,0.0012203530168649894,0.757826115021123,0.00021243121211103608
10.44,0.0012203482627445666,0.7578261194795776,0.00021243311717591783
10.444,0.0012203434925028187,0.7578261218283747,0.00021238554024263364
10.448,0.0012203387109613196,0.7578261258302326,0.00021230599991649903
10.452,0.0012203339237605107,0.7578261308010764,0.00021220570702544075
10.456,0.001220329134994307,0.7578261362160266,0.00021209182579894003
10.46,0.0012203243476649548,0.7578261417800303,0.00021196893987898227
10.464,0.0012203195643198576,0.7578261473412126,0.00021183998709267454
10.468,0.001220314786869609,0.757826152828356,0.0002117068555103103
10.472,0.0012203100166789604,0.7578261582136582,0.0002115707634729903
10.476,0.0012203052550217046,0.7578261634917584,0.0002114325020887338
10.48,0.0012203005027167572,0.7578261686681814,0.0002112925897986891
10.484,0.0012202957604920664,0.75782617375307,0.00021115137110956845
10.488,0.0012202910287116705,0.7578261787578543,0.00021100907950242926
10.492,0.0012202863076486326,0.7578261836935616,0.0002108658776329272
10.496,0.0012202815973030772,0.7578261885700355,0.00021072188300071042
10.5,0.0012202768977661097,0.7578261933956546,0.00021057718432625506
10.504,0.0012202722088558915,0.7578261981773214,0.00021043185203134255
10.508,0.0012202675301176353,0.7578262029205777,0.00021028594484014557
10.512,0.0012202628612785116,0.7578262076297672,0.0002101395141046533
10.516,0.0012202582019747031,0.7578262123082394,0.00020999260645043
10.52,0.001220253551660421,0.7578262169585203,0.0002098452654859969
10.524000000000001,0.0012202489098808514,0.757826221582478,0.00020969753287030835
10.528,0.001220244275999206,0.7578262261814626,0.0002095494489603758
10.532,0.0012202396494696702,0.7578262307564215,0.00020940105316817045
10.536,0.0012202350299283906,0.7578262353080022,0.00020925238418560046
10.54,0.001220230416738553,0.757826239836624,0.0002091034800803336
10.544,0.0012202258093543194,0.7578262443425459,0.00020895437832009811
10.548,0.0012202212074118137,0.7578262488259121,0.00020880511580310035
10.552,0.0012202166102741972,0.7578262532867933,0.00020865572869331923
10.556000000000001,0.0012202120176685656,0.7578262577252135,0.0002085062524596418
10.56,0.0012202074292310251,0.75782626214117,0.0002083567217826411
10.564,0.0012202028444157015,0.7578262665346552,0.00020820717040818444
10.568,0.0012201982631316484,0.7578262709056618,0.00020805763112178736
10.572,0.001220193685014956,0.757826275254191,0.00020790813566505864
10.576,0.0012201891098836842,0.7578262795802639,0.00020775871464732526
10.58,0.0012201845374649023,0.7578262838839193,0.000207609397466484
10.584,0.0012201799675766636,0.7578262881652159,0.00020746021224414443
10.588000000000001,0.0012201754002189966,0.7578262924242346,0.00020731118576406982
10.592,0.0012201708353009406,0.7578262966610759,0.00020716234341356787
10.596,0.001220166272640544,0.7578263008758593,0.00020701370913975517
10.6,0.001220161712237832,0.7578263050687235,0.0002068653054054855
10.604,0.0012201571540928302,0.7578263092398229,0.00020671715311342182
10.608,0.001220152598296554,0.7578263175174129,0.00020635102058681452
10.612,0.001220148050490464,0.7578263237877526,0.0002060647077874988
10.616,0.0012201435252332418,0.7578263284098873,0.00020583036961506845
10.62,0.0012201390161557311,0.7578263322027202,0.00020563016405792357
10.624,0.0012201345188905008,0.757826335625879,0.00020545263633851886
10.628,0.0012201300300709698,0.7578263389283388,0.0002052904108306545
10.632,0.0012201255473314253,0.7578263422371415,0.00020513871773324287
10.636,0.0012201210690340621,0.7578263456101231,0.0002049944525242946
10.64,0.0012201165939050244,0.7578263456101231,0.0002050698837442805
10.644,0.0012201121156657922,0.7578263504748046,0.00020485717090177742
10.648,0.0012201076255809187,0.7578263556870583,0.00020467483427433564
10.652,0.0012201031437599947,0.7578263556870583,0.00020472621277895978
10.656,0.0012200986631965315,0.7578263601571558,0.00020471528331933526
10.66,0.0012200941687853916,0.7578263621189388,0.00020466184206951
10.664,0.0012200896652581738,0.7578263653706894,0.00020458084229328996
10.668,0.0012200851574375414,0.7578263693797018,0.00020448185963325475
10.672,0.0012200806494182621,0.7578263737179778,0.00020437101688920064
10.676,0.0012200761439302209,0.7578263737179778,0.00020446767624897674
10.68,0.001220071637333583,0.7578263825465057,0.00020426745903286988
10.684,0.0012200671225305775,0.7578263825465057,0.00020430529648096207
10.688,0.001220062614080672,0.7578263904766351,0.00020406389463588581
10.692,0.0012200581035211623,0.7578263932560719,0.0002038564498874902
10.696,0.0012200536111445595,0.7578263992137937,0.00020367284439326753
10.7,0.0012200491359500834,0.7578264041530421,0.0002035043079220095
10.704,0.0012200446757539576,0.7578264083804039,0.00020334523582881732
10.708,0.001220040228645369,0.7578264122113204,0.00020319206557467515
10.712,0.0012200357928954758,0.7578264158365791,0.0002030425366917539
10.716,0.0012200313672304074,0.7578264193623888,0.0002028952190999383
10.72,0.0012200269502852755,0.7578264228452456,0.00020274921227527655
10.724,0.0012200225408771713,0.7578264263137049,0.00020260395346440965
10.728,0.0012200181379141703,0.7578264297809235,0.00020245909538931043
10.732,0.0012200137403953323,0.7578264332517248,0.0002023144282802277
10.736,0.0012200093471377003,0.7578264367265523,0.00020216983002762412
10.74,0.0012200049574133084,0.7578264402036902,0.0002020252343877623
10.744,0.0012200005702211738,0.7578264436804959,0.00020188061073142432
10.748,0.0012199961848333067,0.7578264471540822,0.00020173595097885136
10.752,0.001219991800521706,0.7578264506216718,0.0002015912612469166
10.756,0.0012199874166493635,0.7578264540807678,0.0002014465565611016
10.76,0.001219983032670265,0.7578264575292246,0.00020130185726759513
10.764,0.0012199786481293913,0.7578264609652531,0.00020115718687205492
10.768,0.001219974262571718,0.7578264643874051,0.00020101257058258713
10.772,0.0012199698757242212,0.757826467794533,0.00020086803420064816
10.776,0.0012199654873138734,0.757826471185757,0.00020072360359824095
10.78,0.0012199610971586486,0.7578264745604218,0.0002005793042071108
10.784,0.0012199567050765173,0.757826477918051,0.0002004351607216838
10.788,0.0012199523111584643,0.7578264812583282,0.00020029119689772532
10.792,0.0012199479151314523,0.7578264845810632,0.00020014743532213833
10.796,0.0012199435172684768,0.7578264878861651,0.00020000389741062756
10.8,0.0012199391174785117,0.7578264911736258,0.0001998606031936228
10.804,0.0012199347159435494,0.757826494443499,0.00019971757133175773
10.808,0.0012199303126635716,0.7578265009309367,0.00019936398289594815
10.812,0.001219925913554042,0.7578265009309367,0.00019929592725112817
10.816,0.001219921527260744,0.7578265062544449,0.00019920441204135514
10.82,0.0012199171348541327,0.7578265102824303,0.00019888542494339952
10.824,0.0012199127420676724,0.7578265152030741,0.00019863216112719575
10.828,0.0012199083644638545,0.7578265152030741,0.0001986294752642968
10.832,0.001219903991849827,0.757826518778927,0.00019858158952625559
10.836,0.0012198996073889041,0.7578265216247225,0.0001982930319872004
10.84,0.001219895218907795,0.7578265264956007,0.00019806088844002027
10.844,0.0012198908435163463,0.7578265301416365,0.00019786557756308888
10.848,0.0012198864772102423,0.7578265301416365,0.00019790131194821677
10.852,0.0012198821122536706,0.7578265331595003,0.00019788013029737938
10.856,0.0012198777329927486,0.7578265338221305,0.00019782017585975775
10.86,0.0012198733428857534,0.7578265358409895,0.00019773526494914933
10.864,0.0012198689461191063,0.7578265386866381,0.00019763423943438836
10.868,0.001219864545969167,0.7578265419287308,0.00019752274632092043
10.872,0.0012198601446201957,0.7578265453218169,0.0001974043950619146
10.876,0.0012198557440744578,0.7578265487375658,0.00019728149557233512
10.88,0.0012198513456061445,0.7578265521141163,0.0001971555287592944
10.884,0.0012198469503984508,0.7578265521141163,0.0001972353087132777
10.888,0.0012198425538097162,0.7578265586651461,0.00019703238497637923
10.892,0.001219838148012723,0.75782655976167,0.0001968517884656222
10.896,0.0012198337523024053,0.7578265643464637,0.0001966876049572168
10.9,0.0012198293671339458,0.757826568241816,0.00019653384250382122
10.904,0.0012198249913242636,0.757826568241816,0.0001965940132849281
10.908,0.0012198206183203584,0.7578265746734875,0.0001963778063559326
10.912,0.0012198162390206983,0.7578265755069087,0.0001961875617752854
10.916,0.001219811871173325,0.7578265797940108,0.00019601613374839032
10.92,0.0012198075145053125,0.7578265834058286,0.00019585674793645203
10.924,0.001219803166832383,0.7578265865192547,0.00019570506548538647
10.928,0.0012197988266073442,0.7578265893610326,0.00019555832321166997
10.932,0.0012197944924650175,0.7578265920688729,0.0001954147626501349
10.936,0.001219790163313257,0.757826594718083,0.0001952732660120366
10.94,0.0012197858381509188,0.757826597347279,0.00019513312414596624
10.944,0.001219781516340918,0.7578265999747049,0.00019499388839453106
10.948,0.001219777196973105,0.7578266026076463,0.00019485527633722357
10.952,0.0012197728795924113,0.7578266052476755,0.00019471711146612356
10.956,0.0012197685636527432,0.7578266078935663,0.00019457928482606617
10.96,0.0012197642486990181,0.7578266105428594,0.00019444173044522512
10.964,0.0012197599343671676,0.7578266131927298,0.0001943044096952604
10.968,0.0012197556203841374,0.7578266158404245,0.00019416730123850782
10.972,0.0012197513064768704,0.7578266184834692,0.00019403039461181646
10.976,0.001219746992645367,0.7578266211197536,0.00019389368614174045
10.98,0.0012197426786165646,0.7578266237475396,0.00019375717626030891
10.984,0.0012197383643904615,0.7578266263654396,0.00019362086785309639
10.988,0.0012197340500580771,0.7578266289723772,0.0001934847651127425
10.992,0.0012197297356194103,0.7578266315675389,0.00019334887285259284
10.996,0.0012197254211654823,0.7578266341503351,0.0001932131960181644
11.0,0.001219721106787316,0.7578266367203534,0.00019307773943654015
11.004,0.0012197167926669577,0.7578266392773295,0.00019294250754450998
11.008,0.0012197124789864575,0.7578266443516393,0.00019260403854733937
11.012,0.001219708171298264,0.7578266489142391,0.00019233992458802225
11.016,0.001219703883165018,0.7578266519350312,0.00019212420221354341
11.02,0.0012196996090344417,0.7578266541823176,0.00019194023166953884
11.024,0.0012196953449015982,0.7578266560875541,0.00019177732690558912
11.028,0.0012196910879448187,0.7578266578846083,0.00019162860443474867
11.032,0.0012196868358885463,0.7578266578846083,0.0001916898742781694
11.036,0.0012196825819969386,0.757826659692922,0.00019168716107422694
11.04,0.0012196783119789085,0.7578266595428853,0.0001916411896904529
11.044,0.001219674030021493,0.7578266609122325,0.00019156735140783118
11.048,0.0012196697406758937,0.7578266631868629,0.00019147549198772436
11.052,0.0012196654475831081,0.7578266658914605,0.00019137189907375722
11.056,0.001219661153473912,0.7578266687570115,0.00019126059134981415
11.06,0.0012196568603509003,0.75782667164355,0.00019114414037928044
11.064,0.0012196525700346396,0.757826674484107,0.00019102419479315058
11.068,0.0012196482837085257,0.7578266772512338,0.00019090181441083212
11.072,0.0012196440024649425,0.757826679938118,0.00019077768346760515
11.076,0.0012196397272142311,0.757826682548125,0.00019065224650905235
11.08,0.0012196354584116005,0.757826685089104,0.0001905257952271157
11.084,0.0012196311966032945,0.7578266875703417,0.0001903985237571004
11.088,0.0012196269419714463,0.7578266900009868,0.00019027056409335873
11.092,0.001219622694789221,0.7578266923893021,0.00019014200858240868
11.096,0.0012196184548746356,0.7578266947423746,0.00019001292445924135
11.1,0.0012196142223187968,0.7578266970660706,0.00018988336294506773
11.104,0.0012196099969397191,0.7578266993651156,0.00018975336523236315
11.108,0.0012196057783733518,0.7578267016432287,0.00018962296618014045
11.112,0.0012196015663466706,0.7578267039032756,0.00018949219673880635
11.116,0.0012195973605866476,0.7578267061474178,0.0001893610854343363
11.12,0.0012195931606381858,0.757826708377249,0.0001892296594124519
11.124,0.0012195889661372156,0.7578267105939157,0.0001890979448976591
11.128,0.0012195847767196614,0.7578267127982169,0.00018896596766084707
11.132,0.0012195805919304093,0.7578267149906801,0.0001888337531535641
11.136,0.0012195764114053729,0.7578267171716384,0.00018870132667220938
11.14,0.001219572234780461,0.7578267193412791,0.00018856871335020105
11.144,0.0012195680616005431,0.7578267214996893,0.0001884359381835492
11.148,0.0012195638915925508,0.7578267236468866,0.00018830302601088498
11.152,0.0012195597244834123,0.7578267257828459,0.00018817000144448956
11.156,0.0012195555599090176,0.7578267279075162,0.00018803688881764843
11.16,0.001219551397596286,0.7578267300208361,0.00018790371213303278
11.164,0.001219547237454205,0.757826732122747,0.0001877704949926854
11.168,0.001219543079209689,0.7578267342131936,0.00018763726050489808
11.172,0.0012195389226806847,0.757826736292136,0.00018750403126359543
11.176,0.0012195347677761731,0.757826738359548,0.0001873708292616191
11.18,0.0012195306144051337,0.7578267404154204,0.00018723767579718854
11.184,0.001219526462476545,0.7578267424597578,0.00018710459145379924
11.188,0.0012195223118993842,0.7578267444925855,0.00018697159604869065
11.192,0.0012195181628557408,0.7578267465139439,0.00018683870855800756
11.196,0.0012195140150725158,0.7578267485238903,0.0001867059470744743
11.2,0.0012195098688228378,0.7578267505224947,0.00018657332878907324
11.204,0.0012195057240156834,0.7578267525098407,0.0001864408699049504
11.208,0.0012195015808331457,0.7578267564511436,0.00018611180564217475
11.212,0.0012194974444644875,0.7578267603959441,0.00018585462612967114
11.216,0.0012194933280194982,0.7578267603959441,0.00018583860977431358
11.22,0.001219489221119816,0.7578267625963502,0.00018558826699256964
11.224,0.0012194851122034158,0.7578267654230332,0.00018538303549614602
11.228,0.0012194810162009418,0.7578267674148781,0.00018520738223123479
11.232,0.0012194769293798452,0.7578267690083872,0.00018505133436219214
11.236,0.0012194728492821048,0.7578267704445806,0.00018490847008369383
11.24,0.001219468774086957,0.7578267704445806,0.0001849679523144952
11.244,0.0012194646974215213,0.7578267718506132,0.00018496540928583403
11.248,0.0012194606056294582,0.7578267713250423,0.00018492091164360128
11.252,0.001219456502625442,0.7578267722453589,0.00018484936113100266
11.256,0.0012194523933256693,0.7578267740233634,0.00018476029328464243
11.26,0.0012194482810986705,0.7578267762039358,0.00018465980049020084
11.264,0.0012194441687667608,0.7578267785304574,0.000184551779307827
11.268,0.001219440058241857,0.757826780870317,0.0001844387258399943
11.272,0.0012194359510717258,0.7578267831608955,0.00018432224271340612
11.276,0.0012194318487131091,0.7578267853773363,0.00018420336257386665
11.28,0.0012194277518944132,0.7578267875143658,0.0001840827542535262
11.284,0.0012194236615261428,0.7578267895762625,0.0001839608543795514
11.288,0.0012194195780635888,0.7578267915714068,0.00018383795131958082
11.292,0.0012194155017799576,0.7578267935093715,0.00018371423877486847
11.296,0.0012194114328574123,0.7578267953994495,0.00018358985000790397
11.3,0.0012194073713870733,0.7578267972499546,0.00018346487965382633
11.304,0.0012194033172779682,0.7578267990679732,0.00018333939769533576
11.308,0.0012193992703480772,0.7578268008593377,0.000183213458388871
11.312,0.0012193952303243304,0.757826802628723,0.00018308710595727962
11.316,0.0012193911969336547,0.757826804379791,0.00018296037822746787
11.32,0.0012193871697208775,0.7578268061153498,0.00018283330899501748
11.324,0.0012193831482308203,0.7578268078375047,0.00018270592942893813
11.328,0.001219379132099347,0.757826809547799,0.00018257826900401446
11.332,0.0012193751209623157,0.757826811247332,0.00018245035610798974
11.336,0.0012193711141824345,0.7578268129368597,0.00018232221846274944
11.34,0.0012193671113955495,0.7578268146168795,0.00018219388311923205
11.344,0.0012193631121464527,0.757826817949479,0.00018187294844136234
11.348,0.0012193591212608153,0.7578268215563566,0.00018162196113279252
11.352,0.0012193551510304742,0.757826823699861,0.0001814163948445081
11.356,0.0012193511954463096,0.757826823699861,0.00018143051237425257
11.36,0.001219347245130249,0.7578268251101761,0.00018139708216294032
11.364,0.0012193432841484328,0.7578268242674973,0.00018133108020603373
11.368,0.0012193393143217813,0.7578268258905515,0.00018105261673394808
11.372,0.0012193353436627417,0.757826829459398,0.00018083040369172587
11.376,0.0012193313872859062,0.7578268317444855,0.00018064475307810456
11.38,0.0012193274408209126,0.7578268333635565,0.00018048304790435564
11.384,0.001219323501172076,0.7578268346670034,0.0001803371864805851
11.388,0.0012193195661541977,0.7578268358479063,0.00018020195098646514
11.392,0.0012193156343104747,0.7578268358479063,0.000180262561670591
11.396,0.001219311699540368,0.7578268370077753,0.00018026155625133517
11.4,0.0012193077484589734,0.7578268362737712,0.00018021879788968043
11.404,0.001219303785254611,0.7578268369454035,0.00018014901244622995
11.408,0.001219299814661979,0.7578268403313247,0.00017987154827452486
11.412,0.0012192958451490705,0.7578268403313247,0.00017983966902630004
11.416,0.001219291887369303,0.7578268442764344,0.00017977866551995592
11.42,0.0012192879256613211,0.7578268449389406,0.00017969667003439312
11.424,0.0012192839612088066,0.7578268461324472,0.00017960092311832617
11.428,0.001219279996652346,0.7578268494143123,0.0001793064721129674
11.432,0.001219276039003246,0.7578268494143123,0.000179262431059564
11.436,0.001219272097458254,0.7578268531064307,0.00017919283355143686
11.44,0.001219268155536294,0.7578268534968734,0.00017910456002970327
11.444,0.0012192642136015896,0.7578268544303424,0.00017900404807250786
11.448,0.0012192602735663404,0.7578268557570496,0.0001788954426735388
11.452,0.001219256336614311,0.7578268572783436,0.0001787814061085878
11.456,0.0012192524035650508,0.7578268588757858,0.00017866365497797116
11.46,0.0012192484748738874,0.7578268604868303,0.00017854330271913253
11.464,0.0012192445507229796,0.7578268620813096,0.00017842107792837616
11.468,0.0012192406312034297,0.757826863646596,0.00017829746354766112
11.472,0.0012192367162242239,0.757826863646596,0.00017836142104877173
11.476,0.0012192328005950325,0.7578268651791354,0.000178357861892235
11.48,0.0012192288711122272,0.7578268662319719,0.00017811983309414396
11.484,0.0012192249370637696,0.7578268662319719,0.00017810849269449662
11.488,0.0012192210104695423,0.7578268706731422,0.00017786489039793845
11.492,0.0012192170813129794,0.7578268712306949,0.00017765890648143898
11.496,0.0012192131653475467,0.7578268744264448,0.00017747906410503592
11.5,0.00121920926047897,0.7578268766568139,0.00017731601664613448
11.504,0.0012192053637023355,0.7578268782542368,0.00017716379447208064
11.508,0.0012192014724679986,0.7578268795252131,0.00017701860141500255
11.512,0.001219197585045838,0.7578268806488746,0.00017687802667364305
11.516,0.0012191936999788966,0.757826881721072,0.00017674054222615234
11.52,0.0012191898159012613,0.7578268827896991,0.00017660518246559443
11.524000000000001,0.0012191859320844405,0.7578268838763103,0.0001764713398725619
11.528,0.0012191820475267433,0.7578268849884424,0.00017633863472816803
11.532,0.0012191781617728469,0.7578268861264705,0.0001762068319263949
11.536,0.0012191742742763585,0.7578268872873846,0.0001760757879817092
11.54,0.0012191703846730062,0.7578268884668382,0.00017594541718852323
11.544,0.0012191664927806414,0.7578268896602371,0.00017581566996358947
11.548,0.0012191625984171134,0.757826890863285,0.00017568651906376304
11.552,0.001219158701491334,0.7578268920722246,0.00017555795076975938
11.556000000000001,0.0012191548021854082,0.7578268932839154,0.00017542995923014646
11.56,0.0012191509004993136,0.757826894495818,0.00017530254284918483
11.564,0.0012191469966151582,0.7578268957059398,0.00017517570204632983
11.568,0.0012191430908061187,0.7578268969127623,0.0001750494377312856
11.572,0.0012191391834364411,0.7578268981151636,0.0001749237504325093
11.576,0.0012191352746882436,0.7578268993123484,0.00017479863970195104
11.58,0.0012191313650168464,0.7578269005037793,0.00017467410378969476
11.584,0.0012191274546043747,0.7578269016891254,0.00017455013944753359
11.588000000000001,0.0012191235439972256,0.7578269028682112,0.0001744267418122658
11.592,0.0012191196335596675,0.7578269040409805,0.00017430390438624293
11.596,0.0012191157236559737,0.7578269052074641,0.00017418161905375076
11.6,0.0012191118145593541,0.757826906367754,0.00017405987608711101
11.604,0.001219107906725159,0.7578269075219842,0.00017393866430982644
11.608,0.0012191040005176757,0.7578269098129241,0.00017363482337495758
11.612,0.0012191001012189266,0.7578269098129241,0.00017357925179032038
11.616,0.0012190962166609442,0.7578269128205044,0.0001735035267956318
11.62,0.0012190923302691906,0.7578269126318743,0.00017341307356360237
11.624,0.0012190884422257882,0.7578269137976258,0.0001731307892553376
11.628,0.0012190845589967088,0.7578269137976258,0.00017308956585013066
11.632,0.00121908068941584,0.7578269166960594,0.0001730241307869526
11.636,0.001219076817454847,0.7578269165146301,0.0001729413065381513
11.64,0.0012190729436601338,0.7578269169427873,0.00017284739237748427
11.644,0.0012190690697620398,0.7578269178103436,0.00017274642006578344
11.648,0.0012190651972177106,0.7578269189075008,0.00017264095565647222
11.652,0.0012190613272110953,0.7578269201075966,0.00017253263057571833
11.656,0.0012190574605618681,0.757826921341798,0.00017242248032736613
11.66,0.0012190535978164965,0.757826922575127,0.00017231116047475414
11.664,0.001219049739521455,0.7578269237913262,0.00017219908437511532
11.668,0.0012190458860410777,0.7578269249841385,0.00017208651103761558
11.672,0.0012190420376486312,0.7578269261524618,0.0001719736011556297
11.676,0.0012190381945263108,0.7578269272976862,0.00017186045298351777
11.68,0.0012190343568563144,0.7578269284222474,0.0001717471250786352
11.684,0.0012190305247297675,0.7578269295288537,0.00017163365093277033
11.688,0.0012190266981467227,0.7578269306201015,0.00017152004836444544
11.692,0.0012190228771072323,0.7578269316982906,0.00017140632547590006
11.696,0.001219019061520273,0.7578269338228946,0.00017111206974143074
11.7,0.0012190152561218181,0.7578269367178498,0.00017088337070060526
11.704,0.0012190114729339562,0.7578269367178498,0.0001708755232091239
11.708,0.0012190077019385355,0.7578269382360086,0.00017083247917242818
11.712,0.0012190039272883986,0.7578269372559168,0.00017076488183163384
11.716,0.0012190001498942767,0.7578269372395041,0.00017068144886900016
11.72,0.0012189963717598351,0.7578269378609602,0.00017058776072010015
11.724,0.0012189925943423003,0.7578269388179361,0.00017048737829475358
11.728,0.0012189888186435306,0.7578269399315051,0.0001703825752488431
11.732,0.0012189850453010857,0.7578269411040106,0.00017027480472976006
11.736,0.0012189812748614553,0.7578269422848691,0.00017016499708349088
11.74,0.001218977507597901,0.7578269434495972,0.0001700537495094483
11.744,0.0012189737438747664,0.7578269445878315,0.00016994144711422908
11.748,0.0012189699838742417,0.7578269456966455,0.00016982833995843482
11.752,0.0012189662275052826,0.7578269467768488,0.0001697145923038719
11.756,0.0012189624750411606,0.7578269478309461,0.00016960031394078093
11.76,0.0012189587264819118,0.7578269488620358,0.00016948558015285166
11.764,0.001218954981645412,0.7578269498732263,0.0001693704444608189
11.768,0.0012189512406227765,0.7578269508673576,0.00016925494678093965
11.772,0.0012189475033229592,0.757826951846884,0.00016913911848613777
11.776,0.0012189437695638331,0.7578269528138485,0.0001690229858741302
11.78,0.001218940039345431,0.7578269537699093,0.00016890657197232603
11.784,0.001218936312394541,0.757826954716374,0.00016878989800820176
11.788,0.0012189325886201115,0.7578269556542628,0.00016867298418487889
11.792,0.00121892886793109,0.7578269565843522,0.00016855585018400043
11.796,0.0012189251500542581,0.7578269575072223,0.00016843851540513554
11.8,0.0012189214349896417,0.7578269584232995,0.0001683209991820178
11.804,0.001218917722555101,0.757826959332891,0.0001682033207984392
11.808,0.001218914012659577,0.7578269611334122,0.00016790793326202313
11.812,0.0012189103097661727,0.7578269611334122,0.00016785264697938352
11.816,0.0012189066214348863,0.7578269638467546,0.00016777723785310486
11.82,0.0012189029308153436,0.7578269635919592,0.00016750981237254292
11.824,0.0012188992426438968,0.7578269635919592,0.0001674725605326816
11.828,0.001218895565573583,0.7578269659845689,0.00016740919288454545
11.832,0.001218891883755775,0.7578269654748025,0.00016732715100967738
11.836,0.0012188881975547699,0.7578269656223554,0.0001672330863258865
11.84,0.0012188845088833163,0.7578269662318831,0.0001671312684889726
11.844,0.0012188808189255035,0.7578269670814713,0.00016702442898926915
11.848,0.0012188771288654339,0.757826968038002,0.00016691431834146557
11.852,0.0012188734392496233,0.7578269690292148,0.0001668020614247316
11.856,0.0012188697507156793,0.7578269700183746,0.00016668838386139738
11.86,0.0012188660638101313,0.7578269709883853,0.0001665737564738539
11.864,0.001218862378715168,0.7578269719326687,0.00016645848730208082
11.868,0.001218858695886241,0.7578269728500859,0.00016634278031469617
11.872,0.001218855015505546,0.7578269737421458,0.00016622677282713985
11.876,0.0012188513377552803,0.7578269746114796,0.00016611055937456812
11.88,0.0012188476628176438,0.7578269754610278,0.00016599420691043278
11.884,0.0012188439906926619,0.7578269762936277,0.00016587776456371075
11.888,0.0012188403215625367,0.7578269771118181,0.00016576126980394717
11.892,0.0012188366553362068,0.7578269779177722,0.00016564475238335365
11.896,0.0012188329921047874,0.7578269787132904,0.00016552823688111308
11.9,0.001218829331959395,0.7578269794998311,0.00016541174431437467
11.904,0.001218825674626788,0.757826980278554,0.00016529529313701643
11.908,0.001218822020289172,0.7578269810503644,0.00016517889993127426
11.912,0.0012188183687643938,0.7578269818159605,0.0001650625798007774
11.916,0.001218814720052478,0.7578269825758718,0.00016494634657619332
11.92,0.00121881107406236,0.7578269833304959,0.0001648302131564712
11.924,0.0012188074307940638,0.7578269840801253,0.00016471419141386655
11.928,0.0012188037901565223,0.7578269848249763,0.0001645982924081363
11.932,0.0012188001519675765,0.7578269855652042,0.00016448252635935912
11.936,0.0012187965163183402,0.7578269863009215,0.0001643669026714739
11.94,0.0012187928830266516,0.7578269870322079,0.00016425143005058206
11.944,0.0012187892521836243,0.7578269877591228,0.00016413611634856804
11.948,0.0012187856236981877,0.7578269884817058,0.0001640209687313976
11.952,0.0012187819973881772,0.7578269891999941,0.0001639059936034248
11.956,0.0012187783734357981,0.7578269899140155,0.0001637911966458666
11.96,0.0012187747516588853,0.7578269906237961,0.0001636765828510194
11.964,0.001218771132148551,0.7578269913293624,0.0001635621564949948
11.968,0.001218767514904816,0.7578269920307402,0.00016344792115365655
11.972,0.0012187638997455121,0.7578269927279573,0.0001633338797683755
11.976,0.0012187602868528463,0.7578269934210445,0.00016322003458893992
11.98,0.0012187566762268394,0.7578269941100347,0.00016310638724941482
11.984,0.001218753067776416,0.7578269947949626,0.0001629929387720088
11.988,0.0012187494615015955,0.7578269954758642,0.0001628796896028989
11.992,0.0012187458575845887,0.7578269961527795,0.00016276663958534652
11.996,0.0012187422559343203,0.7578269968257481,0.00016265378803471286
12.0,0.0012187386566419067,0.7578269974948114,0.00016254113375678688
