t,dt,force_n,tilt_rad,x,y,speed_m_s,effort_nm
0.004,0.004,0.0,0.0,-4.2767836703759016e-20,7.512001852942428e-20,4.321762617903042e-17,0.0
0.008,0.004,0.0,0.0,-8.422214197208686e-20,1.683638814411784e-19,6.493358919695238e-17,1.0021494745160453e-15
0.012,0.004,0.0,0.0,-1.3015167072495155e-19,2.981682992375545e-19,1.0663985617395476e-16,1.2067034462337217e-15
0.016,0.004,0.0,0.0,-1.8842560257283084e-19,4.881655042978289e-19,1.8547421283626825e-16,2.4244866966895364e-15
0.020000000000000004,0.0040000000000000036,0.0,0.0,-2.2948311447855e-19,7.913081913635469e-19,3.3429531574789234e-16,4.6026271924756184e-15
0.024000000000000007,0.0040000000000000036,0.0,1.2020167404189313e-06,5.621764921300144e-07,-2.263057284341796e-08,0.0002811242629184241,8.711390821754545e-15
0.02800000000000001,0.0040000000000000036,0.0,1.276465162446708e-06,-7.246994441850564e-07,-1.0788174775120605e-07,0.0005386144545765681,0.20500198476634487
0.032000000000000015,0.0040000000000000036,0.0,1.4523090931971896e-06,-4.414509454339562e-06,-1.9269393990745616e-07,0.0010392904704387873,0.33209089118082424
0.03600000000000002,0.0040000000000000036,0.0,4.0341712003083505e-06,-9.538768525615426e-06,-2.499088294406186e-07,0.0013481258719139745,0.40313161033827594
0.04000000000000002,0.0040000000000000036,0.0,6.378863213555757e-06,-1.535781288147688e-05,-2.715167599581185e-07,0.001477162969395632,0.4395908439186103
0.044000000000000025,0.0040000000000000036,0.0,7.487414624723541e-06,-2.1232787905720515e-05,-2.5803304132973585e-07,0.0014549552931152484,0.4559878965868083
0.04800000000000003,0.0040000000000000036,0.0,6.760382747898116e-06,-2.6660646096761357e-05,-2.140289015265554e-07,0.0013159786918441158,0.46144296512469574
0.05200000000000003,0.0040000000000000036,0.0,4.3350343820152716e-06,-3.127437358231561e-05,-1.4554059199903409e-07,0.0010934428872286723,0.4615420938563215
0.056000000000000036,0.0040000000000000036,0.0,5.327972646017224e-06,-3.482731653763088e-05,-5.865865889364391e-08,0.0008161510246155334,0.4595899744329801
0.06000000000000004,0.0040000000000000036,0.0,1.34161684397008e-05,-3.7171939318278846e-05,4.116337357429015e-08,0.0005075924151067433,0.45744299092734364
0.06400000000000004,0.0040000000000000036,0.0,2.5123225200529594e-05,-3.823310864194396e-05,1.496174632111371e-07,0.00018420904884824181,0.4560573065049892
0.06800000000000005,0.0040000000000000036,0.0,3.9888449109697045e-05,-3.793364853358234e-05,2.641951821747171e-07,0.00016623026000875166,0.4558324806781628
0.07200000000000005,0.0040000000000000036,0.0,5.756736119084654e-05,-3.6236434253584945e-05,3.8264175734254993e-07,0.0005133323133518786,0.4568110900139842
0.07600000000000005,0.0040000000000000036,0.0,7.793685382096182e-05,-3.32029325694277e-05,5.019869516807239e-07,0.0008410048410477275,0.45886866273335786
0.08000000000000006,0.0040000000000000036,0.0,0.0001006917728266634,-2.896393377102145e-05,6.19159519964144e-07,0.001132742189537804,0.4618605108576691
0.08400000000000006,0.0040000000000000036,0.0,0.0001254807895146779,-2.3690181219889127e-05,7.315195948927299e-07,0.0013800864064317379,0.4656430411898101
0.08800000000000006,0.0040000000000000036,0.0,0.0001519403425900744,-1.7568653223988503e-05,8.37132589393748e-07,0.0015802430855323551,0.47007942400995495
0.09200000000000007,0.0040000000000000036,0.0,0.0001797082254092923,-1.0793517862555216e-05,9.345475436434553e-07,0.001730821952963691,0.47504268306083175
0.09600000000000007,0.0040000000000000036,0.0,0.0002084048813417377,-3.5797365256261306e-06,1.0230709498747112e-06,0.0018266254654647057,0.4804237355107633
0.10000000000000007,0.0040000000000000036,0.0,0.0002376694781671311,3.860822097680906e-06,1.1030043267528216e-06,0.0018706179419026778,0.4861191998403591
0.10400000000000008,0.0040000000000000036,0.0,0.00026720612090413434,1.1351208615829988e-05,1.1745895274716374e-06,0.0018736003657583245,0.49202920799004685
0.10800000000000008,0.0040000000000000036,0.0,0.0002968227975520894,1.8777375717349132e-05,1.2381664520204746e-06,0.0018524579020374823,0.49807106493872916
0.11200000000000009,0.0040000000000000036,0.0,0.00032643891463830283,2.6094130169523294e-05,1.2947030880861382e-06,0.0018242552350224617,0.5041683325466534
0.11600000000000009,0.0040000000000000036,0.0,0.00035604556539488286,3.330063210732025e-05,1.3454484663755786e-06,0.0017968152874137896,0.5102489875877724
0.12000000000000009,0.0040000000000000036,0.0,0.0003856544293946328,4.040902774110822e-05,1.3916956689374799e-06,0.0017731212115439873,0.5162514417316209
0.1240000000000001,0.0040000000000000036,0.0,0.0004152835678681839,4.743216665392084e-05,1.4347345824967773e-06,0.0017510405243819028,0.5162514417316209
0.12800000000000009,0.00399999999999999,0.0,0.00044495613018177957,5.4379758746660636e-05,1.4758336777882425e-06,0.0017348157216662504,0.5221273299930793
0.1320000000000001,0.0040000000000000036,0.0,0.0004747370046760275,6.130457785222791e-05,1.5157135624351647e-06,0.0017337612480933403,0.5344453403007295
0.1360000000000001,0.0040000000000000036,0.0,0.0005046839268604597,6.825918126410331e-05,1.5548476980978593e-06,0.0017409196057340554,0.5344453403007295
0.1400000000000001,0.0040000000000000036,0.0,0.0005348182811116152,7.525915708695003e-05,1.5939246630823889e-06,0.0017557196812380516,0.5450045925540622
0.1440000000000001,0.0040000000000000036,0.0,0.000565173670794357,8.234781230971521e-05,1.6330481082482373e-06,0.001778828230859142,0.5496823332855272
0.1480000000000001,0.0040000000000000036,0.0,0.0005957576549932174,8.954147297013543e-05,1.6724908700461993e-06,0.001806004151009724,0.5542117301324062
0.1520000000000001,0.0040000000000000036,0.0,0.000626574260216287,9.68552891201663e-05,1.7123910418658544e-06,0.0018368656289552323,0.5585804327268481
0.1560000000000001,0.0040000000000000036,0.0,0.0006576228178266353,0.00010429819388790395,1.7528565157652503e-06,0.0018688211519803952,0.5585804327268481
0.16000000000000011,0.0040000000000000036,0.0,0.0006889039986314254,0.00011187260733818777,1.7940265901388306e-06,0.0019027187086213676,0.5627828148287833
0.16400000000000012,0.0040000000000000036,0.0,0.0007204174419260293,0.00011959332017174574,1.8357157733999986e-06,0.001940137832294322,0.5672330740131101
0.16800000000000012,0.0040000000000000036,0.0,0.0007521558236533302,0.0001274712082895607,1.8776990039270326e-06,0.0019798755285429163,0.5714532112747774
0.17200000000000013,0.0040000000000000036,0.0,0.0007841018045661414,0.00013551108007749444,1.9197509475240994e-06,0.002020462202601717,0.5754191842759344
0.17600000000000013,0.0040000000000000036,0.0,0.0008162273261051664,0.00014371569071112996,1.9615918756281607e-06,0.0020622449501084446,0.5826948220886562
0.18000000000000013,0.0040000000000000036,0.0,0.0008484861548357601,0.00015208519021559273,2.002871342002345e-06,0.0021023432718546317,0.5857020974552253
0.18400000000000014,0.0040000000000000036,0.0,0.0008808302311139908,0.00016060000060245046,2.0435207943193075e-06,0.0021370529047537706,0.5857020974552253
0.18800000000000014,0.0040000000000000036,0.0,0.000913224644930362,0.00016923983906809063,2.0835244098448272e-06,0.0021676368257141946,0.5886387833672793
0.19200000000000014,0.0040000000000000036,0.0,0.0009456235960053922,0.00017799588671460156,2.1226542692373967e-06,0.0021965919156374065,0.5947941350028048
0.19600000000000015,0.0040000000000000036,0.0,0.0009779672919553362,0.00018685909579679549,2.160635772353031e-06,0.0022219297369938905,0.5973505847469307
0.20000000000000015,0.0040000000000000036,0.0,0.0010102035170093504,0.00019580598750789326,2.1974201560228006e-06,0.0022412023895628493,0.5973505847469307
0.20400000000000015,0.0040000000000000036,0.0,0.0010422968958143655,0.00020481457015815297,2.2330064824277475e-06,0.0022556447162587418,0.5998418626617195
0.20800000000000016,0.0040000000000000036,0.0,0.0010741956393404554,0.00021387025757229093,2.2672609566459796e-06,0.0022667179196981103,0.6050560336179412
0.21200000000000016,0.0040000000000000036,0.0,0.0011058403932666385,0.00022295734865742146,2.300051941102944e-06,0.002273051665862507,0.6050560336179412
0.21600000000000016,0.0040000000000000036,0.0,0.001137192583263779,0.00023205480504660413,2.3313911414341325e-06,0.002274527997198175,0.6095424129873575
0.22000000000000017,0.0040000000000000036,0.0,0.0011681905592636692,0.000241143763533277,2.361210112705248e-06,0.0022711576489005923,0.6095424129873575
0.22400000000000017,0.0040000000000000036,0.0,0.0011988085252439015,0.00025020630985282064,2.3895520868809863e-06,0.002263463679491142,0.6115429055987559
0.22800000000000017,0.0040000000000000036,0.0,0.0012290034905096676,0.0002592258134156929,2.4164089252515916e-06,0.0022517032909124463,0.613688102766837
0.23200000000000018,0.0040000000000000036,0.0,0.0012587264764279803,0.0002681850313484101,2.4417719253323454e-06,0.0022352127729594923,0.6176999753640183
0.23600000000000018,0.0040000000000000036,0.0,0.0012879115610926963,0.0002770625110253575,2.4656404496484836e-06,0.002213587560256879,0.6193639872908498
0.24000000000000019,0.0040000000000000036,0.0,0.0013165187034063824,0.0002858405775311942,2.4880691522419294e-06,0.002187659221103036,0.6209916261539542
0.2440000000000002,0.0040000000000000036,0.0,0.0013445115793911367,0.0002945032803639254,2.5091130119831597e-06,0.0021578408736658626,0.6225758699979389
0.2480000000000002,0.0040000000000000036,0.0,0.0013718675723520188,0.0003030395713149183,2.5288304741123505e-06,0.002126201811052969,0.6225758699979389
0.25200000000000017,0.003999999999999976,0.0,0.0013985865669812155,0.00031144597595446203,2.54728110557562e-06,0.0020928986567673533,0.6241123972219315
0.25600000000000017,0.0040000000000000036,0.0,0.001424628119131209,0.0003197057758503315,2.5645179793340976e-06,0.002054380014624438,0.6273152793051251
0.2600000000000002,0.0040000000000000036,0.0,0.001449933852488095,0.0003277958859492334,2.5806031956899445e-06,0.0020113811273832047,0.6286401623900669
0.2640000000000002,0.0040000000000000036,0.0,0.0014744840022501164,0.0003357078856573214,2.5956106324201218e-06,0.001966316192179862,0.62993009110136
0.2680000000000002,0.0040000000000000036,0.0,0.0014982728552222924,0.00034343933557887357,2.609609256616803e-06,0.0019220179407204972,0.62993009110136
0.2720000000000002,0.0040000000000000036,0.0,0.0015213173130021892,0.0003509970166371284,2.6226586048766207e-06,0.001877917427547002,0.6311814343550075
0.2760000000000002,0.0040000000000000036,0.0,0.0015435835879448593,0.0003583648428513735,2.634827497154913e-06,0.0018282035403165244,0.6337904068297721
0.2800000000000002,0.0040000000000000036,0.0,0.001565018291407782,0.000365517929388019,2.6461946912948086e-06,0.0017744013162202606,0.6348697074756809
0.2840000000000002,0.0040000000000000036,0.0,0.0015856293375769695,0.00037246122461427047,2.6568291065105987e-06,0.0017234588873668362,0.6348697074756809
0.2880000000000002,0.0040000000000000036,0.0,0.0016054459942496293,0.00037920932501597283,2.666786279479168e-06,0.0016741580746444846,0.6359206206454391
0.2920000000000002,0.0040000000000000036,0.0,0.0016244397423592434,0.0003857470190729157,2.676132099175096e-06,0.001619069013198806,0.6381193442436537
0.2960000000000002,0.0040000000000000036,0.0,0.0016425611939261053,0.0003920484175733213,2.6849403838562135e-06,0.001560195213804522,0.639031454000507
0.3000000000000002,0.0040000000000000036,0.0,0.0016598286707320187,0.0003981240927329793,2.6932734006711506e-06,0.0015057946485306055,0.639031454000507
0.3040000000000002,0.0040000000000000036,0.0,0.0016762805397714771,0.0004039945990796276,2.701181031059173e-06,0.001454091531394911,0.6399205170222293
0.3080000000000002,0.0040000000000000036,0.0,0.0016919073248540314,0.00040965372384255556,2.7087160775056505e-06,0.001400746571833273,0.6408717236871584
0.3120000000000002,0.0040000000000000036,0.0,0.0017066994060885824,0.00041509487109340517,2.7159298976526567e-06,0.0013458855723069583,0.641782438086388
0.3160000000000002,0.0040000000000000036,0.0,0.0017206352452510626,0.000420304234036757,2.7228716845647385e-06,0.0012854070384503977,0.643465107633453
0.32000000000000023,0.0040000000000000036,0.0,0.0017336754319822124,0.00042525767291487867,2.729592208809613e-06,0.0012221119564319637,0.644164178779322
0.32400000000000023,0.0040000000000000036,0.0,0.0017458378789855199,0.00042996481373835916,2.736140937505258e-06,0.0011610086790992881,0.6448488938292444
0.32800000000000024,0.0040000000000000036,0.0,0.0017571364906857245,0.00043443237651239836,2.742561006024551e-06,0.0011014431544582412,0.6455159743583538
0.33200000000000024,0.0040000000000000036,0.0,0.0017675826459670459,0.00043866515759349747,2.748890703856034e-06,0.0010429835534688154,0.6461633707173289
0.33600000000000024,0.0040000000000000036,0.0,0.0017771862036376528,0.00044266669483269673,2.755164275258967e-06,0.0009853483945371849,0.6467899000819598
0.34000000000000025,0.0040000000000000036,0.0,0.001785971143688383,0.0004464493023394284,2.7614180845930432e-06,0.0009331506161083283,0.6467899000819598
0.34400000000000025,0.0040000000000000036,0.0,0.0017939815365374512,0.0004500378901565978,2.76768985999594e-06,0.0008840470252892642,0.6473949880878436
0.34800000000000025,0.0040000000000000036,0.0,0.0018012086587009452,0.0004534235416787768,2.773994520176704e-06,0.0008326489799189206,0.648038436357774
0.35200000000000026,0.0040000000000000036,0.0,0.0018076445250519255,0.00045659762122949357,2.780346596501904e-06,0.0007793267551498863,0.6486512206785283
0.35600000000000026,0.0040000000000000036,0.0,0.0018132866618939323,0.00045955480199508393,2.786760081408102e-06,0.0007248635002328242,0.6492295685623585
0.36000000000000026,0.0040000000000000036,0.0,0.0018181369988717303,0.0004622923378789077,2.7932475991827132e-06,0.0006698433098886336,0.6497770293866618
0.36400000000000027,0.0040000000000000036,0.0,0.0018222005733775077,0.00046480922685922054,2.7998196654110913e-06,0.0006146587427893516,0.6502970737481736
0.36800000000000027,0.0040000000000000036,0.0,0.0018254846170376261,0.00046710562671411083,2.806484304735604e-06,0.0005595714871030272,0.6507924209691766
0.3720000000000003,0.0040000000000000036,0.0,0.001827997955647173,0.00046918247630453635,2.8132469173208708e-06,0.0005047587671066546,0.6512651769188396
0.3760000000000003,0.0040000000000000036,0.0,0.0018297506199182814,0.0004710412537796739,2.8201102780760184e-06,0.00045034392571865345,0.6517170089482268
0.3800000000000003,0.0040000000000000036,0.0,0.0018307535914381758,0.0004726838226316031,2.82707460106951e-06,0.0003964160060383718,0.6521492759398485
0.3840000000000003,0.0040000000000000036,0.0,0.0018310186358918069,0.00047411233367896147,2.83413763572537e-06,0.00034304221927810907,0.6525631183489565
0.3880000000000003,0.0040000000000000036,0.0,0.0018305581910680701,0.0004753291626205855,2.841294780170265e-06,0.0002902758867536635,0.6529595198094373
0.3920000000000003,0.0040000000000000036,0.0,0.0018293849535921585,0.000476336612930821,2.846869439170891e-06,0.000238100560477271,0.6533393492731875
0.3960000000000003,0.0040000000000000036,0.0,0.0018275131220416073,0.0004771378037888604,2.8527222645499036e-06,0.00018671932776849294,0.6537023417460822
0.4000000000000003,0.0040000000000000036,0.0,0.001824956975456291,0.0004777356810560207,2.8588509817008696e-06,0.00013608180827807023,0.6540550768194366
0.4040000000000003,0.0040000000000000036,0.0,0.0018217311374691511,0.0004781332717762214,2.8652177176405254e-06,8.62090203382677e-05,0.6544433077597882
0.4080000000000003,0.0040000000000000036,0.0,0.0018178376683413015,0.0004783237551312165,2.871764953860539e-06,3.217691322321623e-05,0.6552864568688808
0.4120000000000003,0.0040000000000000036,0.0,0.0018132657217836876,0.0004782887521404817,2.8784167581913027e-06,2.2950475045838033e-05,0.6557204802701327
0.4160000000000003,0.0040000000000000036,0.0,0.0018080548115441998,0.00047804690371332497,2.88514447731166e-06,7.365077264267856e-05,0.6561619939689254
0.4200000000000003,0.0040000000000000036,0.0,0.0018022367794257633,0.00047761174871954114,2.891919048423219e-06,0.00012125214525996943,0.6566078514514743
0.4240000000000003,0.0040000000000000036,0.0,0.0017958383776238702,0.0004769934232200555,2.898712284677843e-06,0.00016649098616569168,0.6570559457338887
0.4280000000000003,0.0040000000000000036,0.0,0.0017888830141237616,0.00047619980614131756,2.90549733495396e-06,0.00020987170688301925,0.657504867366503
0.43200000000000033,0.0040000000000000036,0.0,0.0017813919312258714,0.000475237291965162,2.9122487209367494e-06,0.0002517262212724418,0.6579536747780917
0.43600000000000033,0.0040000000000000036,0.0,0.0017733850010661545,0.00047411131225227134,2.9189421860954314e-06,0.0002922690219847637,0.6584017401239063
0.44000000000000034,0.0040000000000000036,0.0,0.0017648812614584942,0.0004728266880216299,2.925554487682086e-06,0.00033163507088815233,0.6588486458537436
0.44400000000000034,0.0040000000000000036,0.0,0.001755899275669307,0.00047138786812404523,2.932063200316375e-06,0.00036990547091288265,0.6592941153359304
0.44800000000000034,0.0040000000000000036,0.0,0.0017464573730185326,0.00046979909062907956,2.9384465627382674e-06,0.00040712484287846475,0.6597379663388514
0.45200000000000035,0.0040000000000000036,0.0,0.0017365738074300663,0.00046806449206000285,2.9446833784648635e-06,0.00044331311817126317,0.6601800798483973
0.45600000000000035,0.0040000000000000036,0.0,0.0017262668608591767,0.0004661881811333525,2.9507529694529358e-06,0.0004784735803798308,0.6606203791714158
0.46000000000000035,0.0040000000000000036,0.0,0.0017155549073399965,0.00046417428818066426,2.956635176285037e-06,0.0005125983871905597,0.6610588159360409
0.46400000000000036,0.0040000000000000036,0.0,0.0017044564506441555,0.0004620269977649535,2.9623103961883903e-06,0.0005456723969958803,0.6614953607151279
0.46800000000000036,0.0040000000000000036,0.0,0.0016929901430407783,0.00045975056955639053,2.9677596498195173e-06,0.000577675851152251,0.6619299967477879
0.47200000000000036,0.0040000000000000036,0.0,0.0016811747903004192,0.00045734935089800576,2.9729646684680856e-06,0.0006085862795995761,0.6623627157364864
0.47600000000000037,0.0040000000000000036,0.0,0.001669029347524462,0.00045482778340288877,2.977907994093096e-06,0.0006383798750897957,0.6627935150342691
0.48000000000000037,0.0040000000000000036,0.0,0.001656572907690508,0.0004521904051979308,2.9825730859971455e-06,0.0006670324996177197,0.6632223957627513
0.4840000000000004,0.0040000000000000036,0.0,0.001643824685007309,0.0004494418499442722,2.9869444292500796e-06,0.0006945204323165568,0.6636493615531027
0.4880000000000004,0.0040000000000000036,0.0,0.0016308103413846555,0.0004465933429075825,2.9910139588475855e-06,0.0007175713317821948,0.6636493615531027
0.4920000000000004,0.0040000000000000036,0.0,0.0016175603664351757,0.00044366391404720106,2.9947851004844743e-06,0.0007381456612261555,0.6640744177038767
0.4960000000000004,0.0040000000000000036,0.0,0.001604072635791125,0.00044064182623898036,2.9982348206872453e-06,0.0007633606745859223,0.6649289342421076
0.5000000000000003,0.003999999999999948,0.0,0.0015903426320063288,0.0004375091362642543,3.0013336153586804e-06,0.0007901894678493009,0.6653461310617743
0.5040000000000003,0.0040000000000000036,0.0,0.0015764000951882507,0.0004342775454390732,3.004075372329833e-06,0.0008142526461757029,0.6657621566312408
0.5080000000000003,0.0040000000000000036,0.0,0.0015622713590331904,0.0004309565992633912,3.006454503869498e-06,0.0008360354504834862,0.6661767858951047
0.5120000000000003,0.0040000000000000036,0.0,0.0015479804307969075,0.0004275544104582334,3.008466356630661e-06,0.0008558604758450633,0.6665898702537637
0.5160000000000003,0.0040000000000000036,0.0,0.0015335497056138618,0.00042407813782333834,3.010107474066884e-06,0.0008739426893866147,0.667001312652526
0.5200000000000004,0.0040000000000000036,0.0,0.0015190004354834919,0.0004205343022231385,3.011375765136603e-06,0.0008904261127376895,0.6674110507290552
0.5240000000000004,0.0040000000000000036,0.0,0.0015043530356487725,0.0004169289941206543,3.0122706114693775e-06,0.0009054082378875263,0.6678190454331002
0.5280000000000004,0.0040000000000000036,0.0,0.0014896272814835074,0.0004132680090190128,3.0127929324428627e-06,0.0009189562505036484,0.6682252733538416
0.5320000000000004,0.0040000000000000036,0.0,0.0014748424336524857,0.0004095569350657018,3.0129452199066948e-06,0.0009311177900316113,0.6686297215542162
0.5360000000000004,0.0040000000000000036,0.0,0.0014600173149382997,0.0004058012089769815,3.012731549762862e-06,0.0009419280716491175,0.6690323840974599
0.5400000000000004,0.0040000000000000036,0.0,0.0014451703560309013,0.0004020061510319174,3.0121575751704553e-06,0.0009514145884653258,0.6694332597141605
0.5440000000000004,0.0040000000000000036,0.0,0.0014303196197526227,0.0003981769862792628,3.0112305043061247e-06,0.0009596002061679056,0.6698323502369778
0.5480000000000004,0.0040000000000000036,0.0,0.0014154828127578621,0.0003943188566988689,3.009959065001364e-06,0.0009665051908396333,0.6702296595514786
0.5520000000000004,0.0040000000000000036,0.0,0.001400677287592175,0.0003904368274618474,3.008353457832502e-06,0.0009721485295308221,0.670625192893618
0.5560000000000004,0.0040000000000000036,0.0,0.001385920039835116,0.00038653588937219213,3.0064252990391635e-06,0.000976548782487533,0.6710189563798469
0.5600000000000004,0.0040000000000000036,0.0,0.001371227701409235,0.00038262095886779156,3.004187554505317e-06,0.000979724625615614,0.6714109566932152
0.5640000000000004,0.0040000000000000036,0.0,0.0013566165323802008,0.0003786968764911768,3.0016544657426818e-06,0.0009816951883813215,0.6718012008740146
0.5680000000000004,0.0040000000000000036,0.0,0.0013421024114643324,0.0003747684044303053,2.9988414688817304e-06,0.000982480256893806,0.6721896961804468
0.5720000000000004,0.0040000000000000036,0.0,0.0013277008258176667,0.00037084022352424755,2.9957651075160353e-06,0.0009821003883749757,0.6725764499961716
0.5760000000000004,0.0040000000000000036,0.0,0.001313426861158538,0.00036691692999255406,2.9924429403946448e-06,0.0009805769676249933,0.6729614697692331
0.5800000000000004,0.0040000000000000036,0.0,0.0012992951920899648,0.0003630030320570294,2.9888934446189895e-06,0.0009779322257322445,0.673344762971981
0.5840000000000004,0.0040000000000000036,0.0,0.001285320072564138,0.0003591029465650705,2.985135915109176e-06,0.0009741892344167911,0.6737263370750317
0.5880000000000004,0.0040000000000000036,0.0,0.0012715153271258947,0.0003552209956843859,2.981190361289698e-06,0.0009693718848509769,0.6741061995306205
0.5920000000000004,0.0040000000000000036,0.0,0.0012578943423040335,0.0003513614037129839,2.977077401407716e-06,0.0009635048567764711,0.674484357762227
0.5960000000000004,0.0040000000000000036,0.0,0.0012444679074382372,0.00034752871076696725,2.972808995106615e-06,0.0009564053497876394,0.674484357762227
0.6000000000000004,0.0040000000000000036,0.0,0.0012312405295925371,0.00034372706483503827,2.968383761518952e-06,0.0009485412559409666,0.6748608191583899
0.6040000000000004,0.0040000000000000036,0.0,0.0012182212201032492,0.00033995805868982846,2.963831511849189e-06,0.0009402773335150025,0.6752404571971796
0.6080000000000004,0.0040000000000000036,0.0,0.0012054218859345951,0.00033622364345574064,2.9591907732488048e-06,0.0009314398817433451,0.6759918572389848
0.6120000000000004,0.0040000000000000036,0.0,0.0011928587481718606,0.00033252715994492145,2.9545031661424206e-06,0.0009217253711496085,0.6759918572389848
0.6160000000000004,0.0040000000000000036,0.0,0.0011805377203968725,0.00032887230218426694,2.9497713528072126e-06,0.0009109529884758263,0.6767305620002722
0.6200000000000004,0.0040000000000000036,0.0,0.0011684796206793096,0.0003252645082253844,2.9450436709883748e-06,0.000898894086030445,0.6770948939694889
0.6240000000000004,0.0040000000000000036,0.0,0.00115669541846418,0.0003217079854836393,2.9403360450420758e-06,0.0008858155200911867,0.6774582509768364
0.6280000000000004,0.0040000000000000036,0.0,0.0011451951100692112,0.00031820649986809323,2.935665496755485e-06,0.0008718184409766418,0.6778204231359785
0.6320000000000005,0.0040000000000000036,0.0,0.001133987902340915,0.00031476349713559795,2.9310497382207226e-06,0.0008569772145356299,0.6781812703528592
0.6360000000000005,0.0040000000000000036,0.0,0.0011230823254673394,0.00031138217739229114,2.926506829152723e-06,0.0008413497892087377,0.6785407000311715
0.6400000000000005,0.0040000000000000036,0.0,0.0011124863033602622,0.0003080655405391967,2.9220548886776096e-06,0.0008249841160632063,0.678898651814075
0.6440000000000005,0.0040000000000000036,0.0,0.0011022071954912038,0.0003048164138055549,2.917711852808576e-06,0.0008079220998082724,0.6792550871798613
0.6480000000000005,0.0040000000000000036,0.0,0.0010922518242540943,0.00030163746831916594,2.913495270285076e-06,0.0007902020118286427,0.6796099823687042
0.6520000000000005,0.0040000000000000036,0.0,0.0010826264915468219,0.00029853122902746945,2.9094221303404e-06,0.0007718599497488702,0.6799633235857725
0.6560000000000005,0.0040000000000000036,0.0,0.0010733369897597195,0.0002955000806329658,2.9055087175726266e-06,0.0007529307091284818,0.6803151037545815
0.6600000000000005,0.0040000000000000036,0.0,0.0010643886100747532,0.0002925462711776496,2.9017704896863647e-06,0.000733448295008718,0.6806653203230998
0.6640000000000005,0.0040000000000000036,0.0,0.0010557861482616614,0.000289671914272433,2.898221974731153e-06,0.0007134462144812276,0.6810139737831314
0.6680000000000005,0.0040000000000000036,0.0,0.0010475339101963413,0.0002868789905731801,2.894876685209417e-06,0.0006929576373160023,0.6813610666720573
0.6720000000000005,0.0040000000000000036,0.0,0.0010396357171260895,0.0002841693488629366,2.8917470469492253e-06,0.0006720154779785539,0.6817066029002817
0.6760000000000005,0.0040000000000000036,0.0,0.0010320949099478806,0.0002815447069524974,2.8888443409290906e-06,0.0006506524314473833,0.6820505872983421
0.6800000000000005,0.0040000000000000036,0.0,0.001024908650527389,0.0002790035850775265,2.8861757306224822e-06,0.0006304347953763202,0.6820505872983421
0.6840000000000005,0.0040000000000000036,0.0,0.0010180648948218275,0.0002765399005130808,2.8837420554956055e-06,0.0006107936716427219,0.6823930253120284
0.6880000000000005,0.0040000000000000036,0.0,0.0010115704102888392,0.000274157847542417,2.8815535763564283e-06,0.0005900919170129025,0.6827382844516724
0.6920000000000005,0.0040000000000000036,0.0,0.0010054314976633866,0.0002718614601841163,2.8796194999802658e-06,0.0005684490140260833,0.6830810869524339
0.6960000000000005,0.0040000000000000036,0.0,0.00099965269272524,0.00026965380618330703,2.8779467801163974e-06,0.0005460961785634355,0.6834216732104732
0.7000000000000005,0.0040000000000000036,0.0,0.0009942370394566459,0.0002675371641375222,2.8765403964851584e-06,0.0005232151712537041,0.6837602710105121
0.7040000000000005,0.0040000000000000036,0.0,0.0009891864272899152,0.000265513238451266,2.8754036104266367e-06,0.0004999381454695776,0.6840970367617468
0.7080000000000005,0.0040000000000000036,0.0,0.0009845081086934243,0.00026358714745371083,2.8745374829032467e-06,0.00047444557055272257,0.684765467290115
0.7120000000000005,0.0040000000000000036,0.0,0.0009802168741966568,0.00026176865315855784,2.873941131512471e-06,0.00044785239388030055,0.6850930258558492
0.7160000000000005,0.0040000000000000036,0.0,0.000976304332062287,0.0002600535363921028,2.8736137068777848e-06,0.0004222113935838271,0.6854199702550274
0.7200000000000005,0.0040000000000000036,0.0,0.0009727640136672392,0.00025843896611302416,2.8735532528369555e-06,0.00039721008568666425,0.6857460227221942
0.7240000000000005,0.0040000000000000036,0.0,0.0009695906619937386,0.000256923028974831,2.8737566634722166e-06,0.0003726427122535903,0.6860709978831471
0.7280000000000005,0.0040000000000000036,0.0,0.0009667797430514191,0.00025550440713481884,2.874219688256485e-06,0.00034837658156551586,0.6863947727757931
0.7320000000000005,0.0040000000000000036,0.0,0.0009643271117049957,0.00025418215792755297,2.874936962482852e-06,0.0003243289528945473,0.686717266559893
0.7360000000000005,0.0040000000000000036,0.0,0.0009622287841260606,0.0002529555633795466,2.875902050996726e-06,0.0003004511948185848,0.6870384268048447
0.7400000000000005,0.0040000000000000036,0.0,0.000960480783791634,0.0002518240275344353,2.877107499150214e-06,0.000276717943468259,0.6873582202334463
0.7440000000000005,0.0040000000000000036,0.0,0.0009590790376343704,0.00025078700647919395,2.8785448881425584e-06,0.0002531196876309458,0.6876766264787043
0.7480000000000006,0.0040000000000000036,0.0,0.0009580193065285902,0.000249843960736133,2.880204893569406e-06,0.000229657696678798,0.687993633875106
0.7520000000000006,0.0040000000000000036,0.0,0.0009572971406266365,0.0002489943229666787,2.882077346763108e-06,0.00020634054695997146,0.6883092366220785
0.7560000000000006,0.0040000000000000036,0.0,0.0009569078511760877,0.0002482374761809636,2.8841512986348758e-06,0.00018318173722457512,0.6886234328721957
0.7600000000000006,0.0040000000000000036,0.0,0.0009568464932025677,0.0002475727391829683,2.886415085968746e-06,0.0001601980456534092,0.6889362234422481
0.7640000000000006,0.0040000000000000036,0.0,0.0009571078567651332,0.00024699935702740127,2.888856399949131e-06,0.0001374083927349822,0.6892476109437117
0.7680000000000006,0.0040000000000000036,0.0,0.0009576864641591106,0.0002465164949758783,2.8914623567253457e-06,0.00011483305201905796,0.6895575991956016
0.7720000000000006,0.0040000000000000036,0.0,0.0009585765711856213,0.00024612323492252723,2.8942195696723044e-06,9.249310828130978e-05,0.6898661928274907
0.7760000000000006,0.0040000000000000036,0.0,0.000959772170451646,0.0002458185735858812,2.897114222954053e-06,7.041011911437525e-05,0.6901733970106448
0.7800000000000006,0.0040000000000000036,0.0,0.000961266998462142,0.0002456014219847759,2.9001321459022184e-06,4.860606472628867e-05,0.6904792172755521
0.7840000000000006,0.0040000000000000036,0.0,0.0009630545429172264,0.0002454706058649928,2.9032588880451818e-06,2.7104527200789602e-05,0.6907836593877529
0.7880000000000006,0.0040000000000000036,0.0,0.0009651280517178408,0.00024542486684392753,2.906479794084429e-06,5.961531257327192e-06,0.691086729263087
0.7920000000000006,0.0040000000000000036,0.0,0.0009674805436609856,0.00024546286410830466,2.9097800785143443e-06,1.4963110434553184e-05,0.6913884329096341
0.7960000000000006,0.0040000000000000036,0.0,0.000970104818504438,0.0002455831765456509,2.913144899441868e-06,3.543592544177008e-05,0.6916887763877702
0.8000000000000006,0.0040000000000000036,0.0,0.0009729934686889121,0.000245784305221174,2.916559431162819e-06,5.553839367472657e-05,0.6919877657825743
0.8040000000000006,0.0040000000000000036,0.0,0.0009761388913143599,0.0002460646761327008,2.920008935280025e-06,7.524429533186709e-05,0.6922854071846601
0.8080000000000006,0.0040000000000000036,0.0,0.0009795332995635737,0.00024642264319074084,2.9234788297941533e-06,9.453464428286745e-05,0.6925817066768031
0.8120000000000006,0.0040000000000000036,0.0,0.0009831641307190629,0.00024685263583872416,2.9269604223318174e-06,0.00011146434077465082,0.6925817066768031
0.8160000000000006,0.0040000000000000036,0.0,0.000987013824011736,0.00024734417255352267,2.9304542160569906e-06,0.00012708507469437558,0.6928766703245655
0.8200000000000006,0.0040000000000000036,0.0,0.0009910822504947327,0.0002479006871294155,2.9339417219713393e-06,0.0001435761905794647,0.6931740309475288
0.8240000000000006,0.0040000000000000036,0.0,0.0009953686314589912,0.00024852521431547784,2.937405187654112e-06,0.00016070012525124213,0.693469278719162
0.8280000000000006,0.0040000000000000036,0.0,0.00099986942155681,0.0002492190268256897,2.9408285400809218e-06,0.0001780433170179735,0.6937626242707191
0.8320000000000006,0.0040000000000000036,0.0,0.001004578964016411,0.000249982062083756,2.944197176072133e-06,0.0001953049117594221,0.6940542624329835
0.8360000000000006,0.0040000000000000036,0.0,0.001009494224030324,0.00025081700182762444,2.9474932957223536e-06,0.00021410144803805624,0.6946329075158532
0.8400000000000006,0.0040000000000000036,0.0,0.0010146143821270104,0.0002517299737896266,2.9506932404430592e-06,0.000233037398339587,0.6949164237497081
0.8440000000000006,0.0040000000000000036,0.0,0.0010199182541367053,0.00025270982930002735,2.9537938931531526e-06,0.00024854405244851874,0.6949164237497081
0.8480000000000006,0.0040000000000000036,0.0,0.0010253847982670229,0.00025374347320853633,2.9567979789445115e-06,0.00026194486800715526,0.6951993792524354
0.8520000000000006,0.0040000000000000036,0.0,0.0010310076396790118,0.0002548304658749905,2.9596956026280522e-06,0.00027532082797567604,0.6954851203630412
0.8560000000000006,0.0040000000000000036,0.0,0.0010367814547764325,0.00025597103484797994,2.9624769142606345e-06,0.0002886946088393374,0.6957691647742111
0.8600000000000007,0.0040000000000000036,0.0,0.0010426996307325207,0.0002571645568711666,2.9651331570073032e-06,0.00030185964201932705,0.6960516033637286
0.8640000000000007,0.0040000000000000036,0.0,0.0010487574541083319,0.000258412731774255,2.967654395521879e-06,0.00031617302975253355,0.6966120767002948
0.8680000000000007,0.0040000000000000036,0.0,0.0010549511611153578,0.0002597200117429501,2.9700279218740227e-06,0.0003304124402026384,0.6968867101310423
0.8720000000000007,0.0040000000000000036,0.0,0.0010612637183313343,0.0002610788725359872,2.9722502329308433e-06,0.00034289896000826094,0.6971608089432595
0.8760000000000007,0.0040000000000000036,0.0,0.0010676786592802184,0.00026248101848913883,2.974319216349187e-06,0.000352770677244107,0.6971608089432595
0.8800000000000007,0.0040000000000000036,0.0,0.0010741801815144915,0.00026391638291551955,2.976235398450636e-06,0.0003610675841887951,0.6974341468124821
0.8840000000000007,0.0040000000000000036,0.0,0.0010807652430521622,0.0002653876414010538,2.9779954081455135e-06,0.0003707495665404283,0.6979841751734032
0.8880000000000007,0.0040000000000000036,0.0,0.001087432142683527,0.0002669004705872607,2.9795947854325097e-06,0.00038074564955309907,0.6982532330546865
0.8920000000000007,0.0040000000000000036,0.0,0.001094167115206147,0.0002684492643637652,2.981032310325251e-06,0.00038942372566962065,0.6985215796116996
0.8960000000000007,0.0040000000000000036,0.0,0.0011009582057630329,0.00027002954843488206,2.982307540175083e-06,0.00039703936460733523,0.6987890549143272
0.9000000000000007,0.0040000000000000036,0.0,0.001107794709991357,0.0002716376106642585,2.9834207725678094e-06,0.0004037648567586528,0.6990555522437105
0.9040000000000007,0.0040000000000000036,0.0,0.001114666801622408,0.0002732702546154457,2.9843730291690183e-06,0.0004097169637346423,0.6993210010325456
0.9080000000000007,0.0040000000000000036,0.0,0.0011215641945374287,0.0002749228445363117,2.985164634302402e-06,0.0004140800732404512,0.6993210010325456
0.9120000000000007,0.0040000000000000036,0.0,0.0011284786541077973,0.0002765909914446652,2.9857966688978973e-06,0.00041850233727302365,0.69985193515124
0.9160000000000007,0.0040000000000000036,0.0,0.0011354073211224866,0.0002782791602192136,2.9862773699325092e-06,0.00042326594132564334,0.7001132909691227
0.9200000000000007,0.0040000000000000036,0.0,0.0011423402896911584,0.0002799838628946038,2.9866098246778872e-06,0.00042719286395040255,0.7003737288458207
0.9240000000000007,0.0040000000000000036,0.0,0.0011492684833735109,0.00028170209079996953,2.986797956026207e-06,0.000430391502124384,0.7006331679247835
0.9280000000000007,0.0040000000000000036,0.0,0.0011561834253115747,0.0002834311606669164,2.9868464262713855e-06,0.0004329356489606437,0.7008915547866232
0.9320000000000007,0.0040000000000000036,0.0,0.0011630770849533247,0.00028516861285411455,2.9867605604903444e-06,0.00043487622032043453,0.7011488547693625
0.9360000000000007,0.0040000000000000036,0.0,0.001169941779141346,0.0002869121441530804,2.986546280895146e-06,0.00043624903618746453,0.7014050459956793
0.9400000000000007,0.0040000000000000036,0.0,0.0011767701062487775,0.0002886595635460081,2.9862100473530086e-06,0.0004370799862523255,0.7016601152792735
0.9440000000000007,0.0040000000000000036,0.0,0.0011835549046502066,0.000290408763210158,2.9857588012215777e-06,0.00043738846251474057,0.7019140553282663
0.9480000000000007,0.0040000000000000036,0.0,0.0011902892258125906,0.00029215769966565525,2.985199911251376e-06,0.0004371896442110715,0.7021668628397651
0.9520000000000007,0.0040000000000000036,0.0,0.001196966318298735,0.00029390438168693726,2.9845411206159302e-06,0.0004364960225452586,0.7024185372044769
0.9560000000000007,0.0040000000000000036,0.0,0.0012035796184077735,0.00029564686273793946,2.98379049487692e-06,0.00043531842143831444,0.7026690796276581
0.9600000000000007,0.0040000000000000036,0.0,0.0012101227450216172,0.00029738323644420614,2.9829563706369895e-06,0.0004336666835377753,0.7029184925335322
0.9640000000000007,0.0040000000000000036,0.0,0.001216589498525711,0.00029911163411224624,2.9820473049647765e-06,0.00043155013319034623,0.703166779162299
0.9680000000000007,0.0040000000000000036,0.0,0.0012229738603232916,0.0003008302236345053,2.9810720256386203e-06,0.0004289778900921524,0.7034139432977985
0.9720000000000008,0.0040000000000000036,0.0,0.0012292699950297262,0.00030253720933481296,2.9800393823043586e-06,0.00042595908226618714,0.7036599890836955
0.9760000000000008,0.0040000000000000036,0.0,0.0012354722528566406,0.00030423083245214927,2.978958298568103e-06,0.0004225029905138182,0.7039049208995782
0.9800000000000008,0.0040000000000000036,0.0,0.0012415751721233598,0.00030590937205520017,2.977837725236117e-06,0.00041861914563222894,0.7041487432775666
0.9840000000000008,0.0040000000000000036,0.0,0.001247573483170497,0.0003075711462430299,2.976686594915248e-06,0.0004143173925577174,0.7043914608463153
0.9880000000000008,0.0040000000000000036,0.0,0.0012534621111824796,0.00030921451352916557,2.975513777824819e-06,0.0004096079309081721,0.7046330782935073
0.9920000000000008,0.0040000000000000036,0.0,0.0012592361798405831,0.0003108378743347038,2.974328039132518e-06,0.000404501338336273,0.7048736003408458
0.9960000000000008,0.0040000000000000036,0.0,0.0012648910146720036,0.0003124396725353776,2.9731379981010078e-06,0.00039900858108899887,0.705113031727477
1.0000000000000007,0.0039999999999998925,0.0,0.0012704221457883443,0.000314018397020921,2.9719520888383758e-06,0.00039314101483058545,0.7053513771990942
1.0040000000000007,0.0040000000000000036,0.0,0.0012758253111083803,0.00031557258323466436,2.9707785228355813e-06,0.00038691037794814876,0.7055886415008722
1.0080000000000007,0.0040000000000000036,0.0,0.001281096458955143,0.00031710081466827035,2.96962525357401e-06,0.0003803287789480539,0.7058248293729877
1.0120000000000007,0.0040000000000000036,0.0,0.001286233716610799,0.0003186023980739978,2.968497226579363e-06,0.0003737455697664948,0.7058248293729877
1.0160000000000007,0.0040000000000000036,0.0,0.0012912390363848147,0.0003200778761324641,2.9673948150190118e-06,0.0003671229859264119,0.7060599455478497
1.0200000000000007,0.0040000000000000036,0.0,0.0012961084873263171,0.0003215257941906589,2.966327483590224e-06,0.00036013291413608143,0.7062969951264823
1.0240000000000007,0.0040000000000000036,0.0,0.0013008382242836888,0.0003229446789380252,2.9653041551096964e-06,0.00035277880582893054,0.7065323539463659
1.0280000000000007,0.0040000000000000036,0.0,0.001305424654977222,0.0003243331301808469,2.96433263822665e-06,0.00034508026666132816,0.7067661858021895
1.0320000000000007,0.0040000000000000036,0.0,0.0013098644607132525,0.00032568983453508073,2.963419788734916e-06,0.0003370590009368901,0.7069986434732937
1.0360000000000007,0.0040000000000000036,0.0,0.0013141545931060238,0.0003270135639262931,2.9625716488868662e-06,0.00032873605332239917,0.7072298328143395
1.0400000000000007,0.0040000000000000036,0.0,0.001318292265008462,0.0003283031709948149,2.961793549528026e-06,0.0003201312860676097,0.7074598275244238
1.0440000000000007,0.0040000000000000036,0.0,0.001322274942421019,0.0003295575843570825,2.96109018361524e-06,0.00031126341466335773,0.7076886791827444
1.0480000000000007,0.0040000000000000036,0.0,0.001326100336100265,0.0003307758045420518,2.960465658602361e-06,0.00030215019414537426,0.7079164241553648
1.0520000000000007,0.0040000000000000036,0.0,0.0013297637781243693,0.0003319555470233161,2.9599244171767895e-06,0.00029213175993501563,0.7083686909044317
1.0560000000000007,0.0040000000000000036,0.0,0.0013332569416930056,0.0003330927175309393,2.9594718670527057e-06,0.0002815402621612247,0.7085903594939431
1.0600000000000007,0.0040000000000000036,0.0,0.0013365807291950333,0.0003341879913439268,2.9591094752471184e-06,0.00027108905087431953,0.70881162926893
1.0640000000000007,0.0040000000000000036,0.0,0.0013397355699190693,0.0003352416593500445,2.9588385336739937e-06,0.0002606918473492205,0.7090323097888171
1.0680000000000007,0.0040000000000000036,0.0,0.001342721623405283,0.00033625376257228717,2.9586600897661253e-06,0.000250293066312634,0.7092522712379327
1.0720000000000007,0.0040000000000000036,0.0,0.001345538922747519,0.0003372241863446968,2.958574885208132e-06,0.0002398585874575818,0.709471426032849
1.0760000000000007,0.0040000000000000036,0.0,0.0013481874737837074,0.00033815272597291404,2.958583307073749e-06,0.00022936924237911634,0.7096897158075567
1.0800000000000007,0.0040000000000000036,0.0,0.0013506673245982518,0.0003390391323429788,2.9586853519921213e-06,0.00021881623928877956,0.709907102295507
1.0840000000000007,0.0040000000000000036,0.0,0.0013529786120234414,0.00033988314348329287,2.9588806026614153e-06,0.00020819796024075266,0.7101235609919857
1.0880000000000007,0.0040000000000000036,0.0,0.0013551215940146122,0.0003406845063127257,2.9591682150048594e-06,0.0001975177245111957,0.7103390767769493
1.0920000000000007,0.0040000000000000036,0.0,0.0013570966707816875,0.0003414429915427854,2.959546914382978e-06,0.00018678222860429183,0.7105536409075808
1.0960000000000008,0.0040000000000000036,0.0,0.0013589043982964641,0.0003421584038056707,2.9600149992165303e-06,0.00017600045815724375,0.7107672489608444
1.1000000000000008,0.0040000000000000036,0.0,0.0013605454965780475,0.00034283058844941563,2.9605703506301517e-06,0.0001651829278866594,0.7109798994310439
1.1040000000000008,0.0040000000000000036,0.0,0.0013620208542958038,0.00034345943600008115,2.9612104468948383e-06,0.00015434114903546296,0.7111915927768051
1.1080000000000008,0.0040000000000000036,0.0,0.0013633315303842682,0.0003440448849836167,2.9619323817869326e-06,0.00014348725437725838,0.7114023307751673
1.1120000000000008,0.0040000000000000036,0.0,0.001364478753834571,0.00034458692358689064,2.962732885871379e-06,0.00013263373231884112,0.7116121160848229
1.1160000000000008,0.0040000000000000036,0.0,0.0013654639223215166,0.00034508559049007374,2.963608350296482e-06,0.00012179323664006138,0.7118209519513727
1.1200000000000008,0.0040000000000000036,0.0,0.001366288599421573,0.00034554097510104925,2.9645548523625086e-06,0.00011097844883961197,0.7120288420087604
1.1240000000000008,0.0040000000000000036,0.0,0.0013669545110668933,0.0003459532173527295,2.9655681825780183e-06,0.00010020197728315605,0.7122357901457007
1.1280000000000008,0.0040000000000000036,0.0,0.0013674635419545914,0.00034632250717623307,2.9666438728325356e-06,8.947628235227922e-05,0.7124418004159269
1.1320000000000008,0.0040000000000000036,0.0,0.0013678177306780666,0.00034664908373001883,2.9677772253228107e-06,7.881362029019458e-05,0.7126468769779345
1.1360000000000008,0.0040000000000000036,0.0,0.001368019265350865,0.00034693323444249684,2.968963342010054e-06,6.822600095440827e-05,0.712851024054537
1.1400000000000008,0.0040000000000000036,0.0,0.0013680704780803634,0.000347175293910119,2.9701971544843974e-06,5.77251567601635e-05,0.7130542459057047
1.1440000000000008,0.0040000000000000036,0.0,0.001367973840138781,0.00034737564268222805,2.9714734538409673e-06,4.732252255108679e-05,0.713256546810298
1.1480000000000008,0.0040000000000000036,0.0,0.0013677319564311878,0.00034753470595646704,2.972786920603831e-06,3.702923159512389e-05,0.7134579310537391
1.1520000000000008,0.0040000000000000036,0.0,0.0013673475597265978,0.0003476529522033128,2.974132154453626e-06,2.685615376583972e-05,0.7136584029196599
1.1560000000000008,0.0040000000000000036,0.0,0.0013668235051989323,0.00034773089173449276,2.9755037035680496e-06,1.68141301092321e-05,0.7138579666841632
1.1600000000000008,0.0040000000000000036,0.0,0.0013661627648510763,0.0003477690752273703,2.9768960935067455e-06,6.916311201096042e-06,0.7140566266118674
1.1640000000000008,0.0040000000000000036,0.0,0.0013653684211504566,0.000347768092215267,2.978303855491173e-06,2.8675055260393286e-06,0.7142543869531099
1.1680000000000008,0.0040000000000000036,0.0,0.0013644436619674359,0.00034772856955214774,2.9797215538742004e-06,1.2444824621987588e-05,0.7144512519419254
1.1720000000000008,0.0040000000000000036,0.0,0.001363391774196043,0.00034765116985881406,2.981143812981983e-06,2.186870886848555e-05,0.7146472257945529
1.1760000000000008,0.0040000000000000036,0.0,0.0013622161381493965,0.00034753658995672216,2.9825653428157214e-06,3.1117455237700943e-05,0.7148423127082835
1.1800000000000008,0.0040000000000000036,0.0,0.0013609202215721168,0.00034738555929469684,2.983980963807452e-06,4.018209811501779e-05,0.7150365168605469
1.1840000000000008,0.0040000000000000036,0.0,0.0013595075740648426,0.00034719883837306396,2.9853856304173234e-06,4.905475413921817e-05,0.7152298424081789
1.1880000000000008,0.0040000000000000036,0.0,0.001357981821005948,0.0003469772171690654,2.986774453564188e-06,5.772807501429705e-05,0.7154222934867912
1.1920000000000008,0.0040000000000000036,0.0,0.0013563466580128593,0.0003467215135668712,2.9881427216437316e-06,6.619514917120674e-05,0.7156138742102418
1.1960000000000008,0.0040000000000000036,0.0,0.0013546058452745136,0.00034643257179499084,2.9894859203879132e-06,7.44494729220707e-05,0.7158045886701733
1.2000000000000008,0.0040000000000000036,0.0,0.0013527632016556562,0.00034611126087346,2.9907997511374483e-06,8.248493836404405e-05,0.7159944409356086
1.2040000000000008,0.0040000000000000036,0.0,0.0013508225992948939,0.00034575847307276726,2.9920801476859622e-06,9.029582635633128e-05,0.7161834350526053
1.2080000000000009,0.0040000000000000036,0.0,0.001348787957945868,0.00034537512238616563,2.993323291614634e-06,9.78768012130003e-05,0.7163715750439512
1.2120000000000009,0.0040000000000000036,0.0,0.00134666323962231,0.0003449621430167108,2.9945256261018945e-06,0.00010522290598554738,0.7165588649089095
1.2160000000000009,0.0040000000000000036,0.0,0.0013444524431245333,0.0003445204878801083,2.9956838681052636e-06,0.00011232955791770749,0.7167453086230019
1.2200000000000009,0.0040000000000000036,0.0,0.0013421595985995875,0.0003440511271242579,2.9967950188515063e-06,0.00011919254391176686,0.7169309101378415
1.2240000000000009,0.0040000000000000036,0.0,0.0013397887625387084,0.0003435550466661869,2.9978563728668872e-06,0.00012580801594975883,0.7171156733810023
1.2280000000000009,0.0040000000000000036,0.0,0.0013373440123772913,0.00034303324674693985,2.99886552523671e-06,0.0001321724864493676,0.7172996022559267
1.2320000000000009,0.0040000000000000036,0.0,0.00133482944143188,0.0003424867405048667,2.999820377257317e-06,0.00013828282355629593,0.7174827006418778
1.2360000000000009,0.0040000000000000036,0.0,0.0013322491540869819,0.0003419165525676784,3.0007191404961177e-06,0.00014413624637362767,0.7176649723939261
1.2400000000000009,0.0040000000000000036,0.0,0.001329607260476507,0.00034132371766356804,3.0015603392929917e-06,0.00014973032013695242,0.717846421342975
1.2440000000000009,0.0040000000000000036,0.0,0.0013269078720689188,0.00034070927925167064,3.0023428115358695e-06,0.00015506295133167953,0.7180270512958156
1.2480000000000009,0.0040000000000000036,0.0,0.001324155096654354,0.0003400742881721125,3.003065707954482e-06,0.0001601323827576553,0.718206866035227
1.252000000000001,0.0040000000000000036,0.0,0.0013213530338130343,0.0003394198013158911,3.003728489885953e-06,0.0001649371885382212,0.7183858693201008
1.256000000000001,0.0040000000000000036,0.0,0.001318505770194866,0.00033874688031484404,3.00433092560226e-06,0.00016947626906508938,0.7185640648855953
1.260000000000001,0.0040000000000000036,0.0,0.0013156173752798578,0.00033805659025198584,3.004873085161629e-06,0.00017374884587771433,0.7187414564433248
1.264000000000001,0.0040000000000000036,0.0,0.0013126918968637711,0.00033734999839251154,3.0053553338932027e-06,0.00017775445646539735,0.7189180476815688
1.268000000000001,0.0040000000000000036,0.0,0.0013097333568571898,0.00033662817293581877,3.005778324576431e-06,0.00018149294898272777,0.7190938422655156
1.272000000000001,0.0040000000000000036,0.0,0.001306745746977974,0.0003358921817889107,3.0061429883850243e-06,0.0001849644768714387,0.7192688438375181
1.276000000000001,0.0040000000000000036,0.0,0.0013037330250172821,0.0003351430913616032,3.0064505246743822e-06,0.0001881694933763185,0.7194430560173777
1.280000000000001,0.0040000000000000036,0.0,0.0013006991106655616,0.0003343819653839915,3.0067023896272804e-06,0.00019110874594417942,0.7196164824026442
1.284000000000001,0.0040000000000000036,0.0,0.0012976478814923458,0.000333609863746673,3.0069002839460077e-06,0.000193783270498296,0.7197891265689377
1.288000000000001,0.0040000000000000036,0.0,0.0012945831695996483,0.00033282784136425187,3.007046139502909e-06,0.00019619438557840846,0.7199609920702772
1.292000000000001,0.0040000000000000036,0.0,0.0012915087579319924,0.00033203694706268865,3.007142105170703e-06,0.0001983436863398186,0.7201320824394302
1.296000000000001,0.0040000000000000036,0.0,0.0012884283764137314,0.0003312382224910861,3.007190531945645e-06,0.0002002330384022772,0.7203024011882692
1.300000000000001,0.0040000000000000036,0.0,0.0012853456990381956,0.00033043270105852533,3.007193957401738e-06,0.00020186457154443925,0.7204719518081378
1.304000000000001,0.0040000000000000036,0.0,0.0012822643402846873,0.0003296214068965811,3.007155089392247e-06,0.00020324067324112015,0.7206407377702263
1.308000000000001,0.0040000000000000036,0.0,0.0012791878521594524,0.00032880535384816105,3.0070767894409848e-06,0.00020436398203869008,0.7208087625259507
1.312000000000001,0.0040000000000000036,0.0,0.0012761197210071661,0.00032798554448331356,3.006962055634427e-06,0.00020523738076780166,0.720976029507335
1.316000000000001,0.0040000000000000036,0.0,0.0012730633646187291,0.0003271629691426603,3.0068140052265814e-06,0.00020586398959547686,0.721142542127399
1.320000000000001,0.0040000000000000036,0.0,0.001270022129734559,0.00032633860500909254,3.006635856968748e-06,0.00020624715891469987,0.7213083037805414
1.324000000000001,0.0040000000000000036,0.0,0.0012669992889055562,0.0003255134152083625,3.0064309133917866e-06,0.0002063904620795016,0.7214733178429273
1.328000000000001,0.0040000000000000036,0.0,0.0012639980384650082,0.0003246883479391891,3.0062025429645666e-06,0.00020629768798543065,0.7216375876728678
1.332000000000001,0.0040000000000000036,0.0,0.0012610214957886673,0.00032386433563347066,3.0059541623307952e-06,0.00020597283350361382,0.7218011166111997
1.336000000000001,0.0040000000000000036,0.0,0.0012580726970743313,0.00032304229414717,3.0056892187067392e-06,0.00020542009577539342,0.7219639079816572
1.340000000000001,0.0040000000000000036,0.0,0.0012551545953920667,0.00032222312198241105,3.005411172454065e-06,0.0002046438643745838,0.7221259650912362
1.344000000000001,0.0040000000000000036,0.0,0.001252270058308134,0.00032140769954128683,3.0051234798819447e-06,0.0002036487133464162,0.7222872912305542
1.348000000000001,0.0040000000000000036,0.0,0.001249421866594329,0.00032059688841184244,3.0048295765487708e-06,0.0002024393931339001,0.7224478896741956
1.352000000000001,0.0040000000000000036,0.0,0.0012466127117325822,0.0003197915306866609,3.0045328609595405e-06,0.0002010208223990917,0.722607763681054
1.356000000000001,0.0040000000000000036,0.0,0.0012438446590693625,0.0003189924676897839,3.004235576406912e-06,0.00019938844339050074,0.722607763681054
1.360000000000001,0.0040000000000000036,0.0,0.0012411183586029265,0.00031820036993974245,3.0039382085291015e-06,0.00019762263197997833,0.7227669164946553
1.364000000000001,0.0040000000000000036,0.0,0.0012384357221371912,0.0003174156177823025,3.0036449607460657e-06,0.00019576131292813978,0.7229273750028404
1.368000000000001,0.0040000000000000036,0.0,0.0012357986773534949,0.00031663863500535407,3.0033598515652535e-06,0.00019378412738706844,0.7230867001201428
1.372000000000001,0.0040000000000000036,0.0,0.0012332092930535201,0.00031586997748901294,3.0030865091093615e-06,0.00019166124036119447,0.7232449994690553
1.376000000000001,0.0040000000000000036,0.0,0.0012306697069039822,0.00031511028611469114,3.0028282260600754e-06,0.00018937458704048417,0.7234023739357319
1.380000000000001,0.0040000000000000036,0.0,0.0012281820598673773,0.00031436024411387714,3.002588009194253e-06,0.00018691567719985474,0.7235588938398265
1.384000000000001,0.0040000000000000036,0.0,0.0012257484530490072,0.00031362054936243014,3.0023686157865633e-06,0.00018428214110981518,0.7237146084923435
1.388000000000001,0.0040000000000000036,0.0,0.0012233709218791929,0.00031289189737386986,3.002172579403432e-06,0.0001814753547139894,0.7238695526255736
1.392000000000001,0.0040000000000000036,0.0,0.0012210514190845647,0.0003121749709670938,3.0020022274630576e-06,0.00017849896985854073,0.7240237508581618
1.396000000000001,0.0040000000000000036,0.0,0.0012187918059538957,0.0003114704339806311,3.0018596926133216e-06,0.00017535802470398774,0.7241772208529066
1.400000000000001,0.0040000000000000036,0.0,0.0012165938456372572,0.0003107789274266648,3.0017469195170544e-06,0.00017205840723572995,0.7243299755298285
1.404000000000001,0.0040000000000000036,0.0,0.0012144592000716385,0.00031010106711927066,3.0016656686506407e-06,0.0001686065305910464,0.7244820245956511
1.408000000000001,0.0040000000000000036,0.0,0.0012123904930198839,0.0003094379053431513,3.0016178404563637e-06,0.00016477751454877274,0.7247840345856169
1.412000000000001,0.0040000000000000036,0.0,0.001210392011677143,0.0003087911798453481,3.0016056718760486e-06,0.00016065691250647036,0.72493209647257
1.416000000000001,0.0040000000000000036,0.0,0.001208464441888455,0.00030816106772173793,3.001629946547057e-06,0.0001564877204572553,0.7250798943486444
1.420000000000001,0.0040000000000000036,0.0,0.0012066085013005467,0.000307547804334088,3.0016914114850575e-06,0.00015225697656750202,0.7252273017922675
1.424000000000001,0.0040000000000000036,0.0,0.0012048249056497025,0.00030695166062565127,3.0017907300930943e-06,0.00014795699743610678,0.725374232742141
1.428000000000001,0.0040000000000000036,0.0,0.0012031143425729105,0.00030637292608929635,3.0019284480859703e-06,0.0001435840458701071,0.725520629142486
1.432000000000001,0.0040000000000000036,0.0,0.0012014774527796042,0.0003058118961767503,3.002104968895452e-06,0.00013913729197228972,0.725666452259197
1.436000000000001,0.0040000000000000036,0.0,0.001199914816557146,0.0003052688631079302,3.0023205363820665e-06,0.0001346180219157447,0.7258116766274314
1.440000000000001,0.0040000000000000036,0.0,0.0011984269438288285,0.0003047441092358259,3.0025752234209337e-06,0.00013002904549217314,0.7259562858611357
1.444000000000001,0.0040000000000000036,0.0,0.0011970142674413806,0.0003042379023066691,3.0028689249741586e-06,0.00012537425792592734,0.7261002697669714
1.448000000000001,0.0040000000000000036,0.0,0.0011956771386999866,0.0003037504921122404,3.0032013548874283e-06,0.0001206583186261607,0.7262436223649598
1.452000000000001,0.0040000000000000036,0.0,0.0011944158247125358,0.0003032821081580007,3.003572045779347e-06,0.00011588641706238587,0.7263863405355419
1.456000000000001,0.0040000000000000036,0.0,0.0011932305063528947,0.0003028329580694755,3.0039803514333666e-06,0.0001110641027099239,0.726528423097275
1.460000000000001,0.0040000000000000036,0.0,0.001192121278062131,0.00030240322653438275,3.004425451217566e-06,0.00010619716163473908,0.7266698701794025
1.464000000000001,0.0040000000000000036,0.0,0.0011910881473581817,0.0003019930746339413,3.00490635634273e-06,0.00010129152677670918,0.7268106827957085
1.468000000000001,0.0040000000000000036,0.0,0.0011901310353588373,0.0003016026394579572,3.0054219173542193e-06,9.635321243554905e-05,0.7269508625554133
1.472000000000001,0.0040000000000000036,0.0,0.0011892497777638404,0.00030123203392823676,3.005970832873548e-06,9.138826606977485e-05,0.7270904114671993
1.476000000000001,0.0040000000000000036,0.0,0.001188442818067981,0.0003008805206388405,3.006552466806409e-06,8.681584267331408e-05,0.7270904114671993
1.480000000000001,0.0040000000000000036,0.0,0.001187706706638392,0.00030054620070598016,3.0071672643795657e-06,8.245274289084635e-05,0.7272293318064156
1.484000000000001,0.0040000000000000036,0.0,0.0011870425082262238,0.0003002300336502221,3.0078129008136213e-06,7.784683843734158e-05,0.7273693831943692
1.488000000000001,0.0040000000000000036,0.0,0.0011864511587397113,0.0002999329184456581,3.0084870374573423e-06,7.303784910912714e-05,0.7275084455963184
1.492000000000001,0.0040000000000000036,0.0,0.0011859330752445755,0.00029965544734034095,3.0091873580336437e-06,6.809840778655219e-05,0.7276466142359366
1.496000000000001,0.0040000000000000036,0.0,0.0011854882573364687,0.00029939797187272967,3.009911563109303e-06,6.308333716703749e-05,0.7277839776497818
1.500000000000001,0.0040000000000000036,0.0,0.001185116402111539,0.000299160676421107,3.0106573678282833e-06,5.803060858286948e-05,0.7279205971694068
1.5040000000000011,0.0040000000000000036,0.0,0.0011848169849329622,0.00029894362979372246,3.0114224981283862e-06,5.296660551990999e-05,0.7280565154788249
1.5080000000000011,0.0040000000000000036,0.0,0.0011845893145130714,0.00029874681908336707,3.012204687027719e-06,4.7910128532601324e-05,0.7281917624783564
1.5120000000000011,0.0040000000000000036,0.0,0.0011844325683672055,0.0002985701716964762,3.0130016726273057e-06,4.28750387762808e-05,0.7283263593101904
1.5160000000000011,0.0040000000000000036,0.0,0.0011843458175553362,0.00029841356977059564,3.0138111984234517e-06,3.7871956630001075e-05,0.7284603211452546
1.5200000000000011,0.0040000000000000036,0.0,0.001184328043193895,0.0002982768597242344,3.0146310159527963e-06,3.290934859402617e-05,0.7285936591012941
1.5240000000000011,0.0040000000000000036,0.0,0.0011843794067132138,0.00029816077443068587,3.0154579041748407e-06,2.7536327685914304e-05,0.7288584950202045
1.5280000000000011,0.0040000000000000036,0.0,0.0011845013953188396,0.0002980671263363311,3.016287135049328e-06,2.2040989783350975e-05,0.7289883356113791
1.5320000000000011,0.0040000000000000036,0.0,0.0011846906609069955,0.00029799433398659955,3.017117385630065e-06,1.6909124656867992e-05,0.729117943886779
1.5360000000000011,0.0040000000000000036,0.0,0.0011849444993681467,0.0002979412492555701,3.017947155439091e-06,1.2043137179172615e-05,0.7292472083350664
1.5400000000000011,0.0040000000000000036,0.0,0.0011852595148315987,0.000297906158141081,3.0187756755649673e-06,7.80572281165174e-06,0.7292472083350664
1.5440000000000011,0.0040000000000000036,0.0,0.0011856312746059082,0.00029788642680723964,3.0196035060614057e-06,3.93359174333631e-06,0.7293760534703421
1.5480000000000012,0.0040000000000000036,0.0,0.0011860596414621216,0.000297882599986967,3.02042823893384e-06,2.2644675371176458e-07,0.729506056914078
1.5520000000000012,0.0040000000000000036,0.0,0.0011865445139507512,0.00029789525380345813,3.0212474608039103e-06,4.244203178752677e-06,0.7296352187027986
1.5560000000000012,0.0040000000000000036,0.0,0.0011870853203211087,0.0002979246714771058,3.022058923403271e-06,8.440762529754187e-06,0.7297636023600167
1.5600000000000012,0.0040000000000000036,0.0,0.0011876811098638384,0.00029797090372827163,3.0228605386208655e-06,1.2639998621538118e-05,0.729891273164445
1.5640000000000012,0.0040000000000000036,0.0,0.001188330669597921,0.0002980338439957016,3.023650372624235e-06,1.6805279227759972e-05,0.7300182765324866
1.5680000000000012,0.0040000000000000036,0.0,0.0011890326068081354,0.000298113281168449,3.0244266381514805e-06,2.091276255735839e-05,0.7301446442327593
1.5720000000000012,0.0040000000000000036,0.0,0.0011897854036241886,0.0002982089337336734,3.0251876864265165e-06,2.4946391009367616e-05,0.7302703986777053
1.5760000000000012,0.0040000000000000036,0.0,0.0011905874519899519,0.00029832047161854844,3.025932000402438e-06,2.8895029985354813e-05,0.7303955558689482
1.5800000000000012,0.0040000000000000036,0.0,0.0011914380244773014,0.00029844833781554424,3.0266577013393874e-06,3.315452475214802e-05,0.7306441220414265
1.5840000000000012,0.0040000000000000036,0.0,0.0011923371716216348,0.00029859386677576964,3.0273621852353184e-06,3.7446440316307734e-05,0.7307659797823945
1.5880000000000012,0.0040000000000000036,0.0,0.0011932811090280505,0.00029875533475592604,3.0280447057811816e-06,4.1339720660711064e-05,0.7308876172395166
1.5920000000000012,0.0040000000000000036,0.0,0.0011942659418907162,0.00029893074518396514,3.0287048582087233e-06,4.457797353859296e-05,0.7308876172395166
1.5960000000000012,0.0040000000000000036,0.0,0.0011952883755228462,0.0002991182996746773,3.029342616077276e-06,4.782093419824125e-05,0.7311313821347354
1.6000000000000012,0.0040000000000000036,0.0,0.0011963491657117475,0.0002993198506602836,3.029956414369998e-06,5.124484642842084e-05,0.7312515275345393
1.6040000000000012,0.0040000000000000036,0.0,0.0011974448319527504,0.0002995336614113056,3.0305458708101114e-06,5.408306460533006e-05,0.7312515275345393
1.6080000000000012,0.0040000000000000036,0.0,0.0011985724125766703,0.00029975813058135786,3.031110966752804e-06,5.694781728438142e-05,0.731492172423783
1.6120000000000012,0.0040000000000000036,0.0,0.0011997325474554937,0.0002999950599194487,3.0316509269148013e-06,5.999312165633014e-05,0.7316107412464109
1.6160000000000012,0.0040000000000000036,0.0,0.001200922578861245,0.0003002434559143636,3.0321654800251993e-06,6.280389222547085e-05,0.7317289311270591
1.6200000000000012,0.0040000000000000036,0.0,0.0012021401401012073,0.0003005025120556974,3.032654489738609e-06,6.542221199049997e-05,0.7318466939804817
1.6240000000000012,0.0040000000000000036,0.0,0.0012033830605427795,0.0003007715457593965,3.0331179449996777e-06,6.787594517738854e-05,0.7319639975959401
1.6280000000000012,0.0040000000000000036,0.0,0.001204649302062443,0.0003010499562332811,3.0335559547757053e-06,7.018345921938717e-05,0.732080820708966
1.6320000000000012,0.0040000000000000036,0.0,0.0012059369171628506,0.0003013371963548024,3.0339687443917974e-06,7.2356784537333e-05,0.7321971495700661
1.6360000000000012,0.0040000000000000036,0.0,0.0012072440206260036,0.0003016327539262156,3.0343566521819397e-06,7.440372949149912e-05,0.7323129755703442
1.6400000000000012,0.0040000000000000036,0.0,0.0012085687717711803,0.00030193613920998663,3.0347201260067495e-06,7.632929728462933e-05,0.7324282936065525
1.6440000000000012,0.0040000000000000036,0.0,0.001209909362109466,0.00030224687667645923,3.0350597192336723e-06,7.81366368343288e-05,0.7325431009597195
1.6480000000000012,0.0040000000000000036,0.0,0.0012112640084519153,0.00030256449958349893,3.0353760861636875e-06,7.982768258468622e-05,0.7326573965284704
1.6520000000000012,0.0040000000000000036,0.0,0.0012126309479541769,0.0003028885464666658,3.0356699769864465e-06,8.140358661587368e-05,0.7327711803061886
1.6560000000000012,0.0040000000000000036,0.0,0.0012140084359996142,0.0003032185589241544,3.0359422321296815e-06,8.286501190017052e-05,0.7328844530251848
1.6600000000000013,0.0040000000000000036,0.0,0.0012153947447993247,0.00030355408028426046,3.0361937764077148e-06,8.421233252888926e-05,0.7329972159149342
1.6640000000000013,0.0040000000000000036,0.0,0.0012167881634345282,0.0003038946548784547,3.0364256127542363e-06,8.544577137660667e-05,0.7331094705380208
1.6680000000000013,0.0040000000000000036,0.0,0.0012181869981459737,0.0003042398277331384,3.0366388156459204e-06,8.656549546508616e-05,0.7332212186789315
1.6720000000000013,0.0040000000000000036,0.0,0.0012195895735064373,0.0003045891445530029,3.036834524348342e-06,8.757168250409204e-05,0.7333324622687466
1.6760000000000013,0.0040000000000000036,0.0,0.0012209942332879373,0.00030494215190873645,3.0370139360506513e-06,8.846456758070787e-05,0.7334432033341729
1.6800000000000013,0.0040000000000000036,0.0,0.0012223993421168233,0.0003052983975684115,3.037178298773054e-06,8.924447599227792e-05,0.7335534439630907
1.6840000000000013,0.0040000000000000036,0.0,0.0012238032869133868,0.00030565743092966763,3.037328904217251e-06,8.99118462382644e-05,0.7336631862812834
1.6880000000000013,0.0040000000000000036,0.0,0.0012252044785717707,0.00030601880352179936,3.0374670805670345e-06,9.046724588477069e-05,0.7337724324367506
1.6920000000000013,0.0040000000000000036,0.0,0.0012266013533362573,0.0003063820695549958,3.037594185260475e-06,9.091138214654154e-05,0.7338811845891583
1.6960000000000013,0.0040000000000000036,0.0,0.0012279923747816163,0.00030674678649960616,3.037711597729499e-06,9.124510847348934e-05,0.7339894449027677
1.7000000000000013,0.0040000000000000036,0.0,0.001229376035490919,0.0003071125156822263,3.037820712229813e-06,9.146942803356511e-05,0.7340972155417305
1.7040000000000013,0.0040000000000000036,0.0,0.001230750858254176,0.000307478822888242,3.0379229307261488e-06,9.158549475437637e-05,0.7342044986669803
1.7080000000000013,0.0040000000000000036,0.0,0.0012321153978742652,0.00030784527896253846,3.038019655899105e-06,9.159461239985995e-05,0.7343112964342167
1.7120000000000013,0.0040000000000000036,0.0,0.001233468242856878,0.00030821146040168235,3.0381122842273062e-06,9.149823206127185e-05,0.7344176109926189
1.7160000000000013,0.0040000000000000036,0.0,0.0012348081113931293,0.0003085768238374309,3.0382017117955663e-06,9.123487854045005e-05,0.7344176109926189
1.7200000000000013,0.0040000000000000036,0.0,0.001236134182565596,0.0003089407451857715,3.0382881244894126e-06,9.086984980854896e-05,0.7345234444840624
1.7240000000000013,0.0040000000000000036,0.0,0.0012374456075789023,0.0003093031484323516,3.038373384723951e-06,9.048587199472884e-05,0.7346301409274266
1.7280000000000013,0.0040000000000000036,0.0,0.001238741512410522,0.00030966392630085265,3.0384592425501576e-06,9.00672611173805e-05,0.7347360816791658
1.7320000000000013,0.0040000000000000036,0.0,0.0012400208861010574,0.0003100228649377243,3.038547261380656e-06,8.958954782830563e-05,0.7348413392571379
1.7360000000000013,0.0040000000000000036,0.0,0.0012412824222213141,0.00031037971062829374,3.038639262732423e-06,8.905355622494852e-05,0.7350500544016102
1.7400000000000013,0.0040000000000000036,0.0,0.0012425242042617178,0.00031073412167660164,3.0387375117019053e-06,8.840373870877313e-05,0.7351522712115522
1.7440000000000013,0.0040000000000000036,0.0,0.0012437447803213275,0.0003110855096129385,3.038842694125109e-06,8.761332046869772e-05,0.7352542653612428
1.7480000000000013,0.0040000000000000036,0.0,0.001244942862251986,0.00031143337476284674,3.038955567374973e-06,8.670242627871225e-05,0.7353559621984294
1.7520000000000013,0.0040000000000000036,0.0,0.0012461172839150802,0.00031177727859254975,3.0390769240509363e-06,8.568502412964355e-05,0.73545731087016
1.7560000000000013,0.0040000000000000036,0.0,0.0012472669745667389,0.00031211682614427157,3.039207563694747e-06,8.45711731877831e-05,0.7355582770979583
1.7600000000000013,0.0040000000000000036,0.0,0.001248390942283115,0.00031245165489822516,3.0393482707456853e-06,8.336845472639214e-05,0.7356588380726332
1.7640000000000013,0.0040000000000000036,0.0,0.0012494882628241535,0.00031278142771745893,3.0394997972792895e-06,8.208288058289269e-05,0.7357589788805317
1.7680000000000013,0.0040000000000000036,0.0,0.001250558072744123,0.00031310582837916685,3.039662849591697e-06,8.071946822503223e-05,0.7358586900202553
1.7720000000000014,0.0040000000000000036,0.0,0.0012515995653016349,0.0003134245587392658,3.0398380777382032e-06,7.928260357508027e-05,0.7359579656872589
1.7760000000000014,0.0040000000000000036,0.0,0.001252611987378922,0.0003137373369245495,3.040026067557333e-06,7.777626905499365e-05,0.7360568025945291
1.7800000000000014,0.0040000000000000036,0.0,0.0012535946375812881,0.00031404389616857366,3.0402273346707522e-06,7.620418627754744e-05,0.7361551991649373
1.7840000000000014,0.0040000000000000036,0.0,0.0012545468645366212,0.00031434398404876025,3.0404423201686433e-06,7.456990485731692e-05,0.7362531549798843
1.7880000000000014,0.0040000000000000036,0.0,0.0012554680665436066,0.0003146373619720355,3.0406713876799833e-06,7.287685732944052e-05,0.7363506704038763
1.7920000000000014,0.0040000000000000036,0.0,0.00125635768999931,0.0003149238048132651,3.0409148216454233e-06,7.112839284093693e-05,0.7364477463294321
1.7960000000000014,0.0040000000000000036,0.0,0.0012572152295267712,0.000315203100646731,3.041172826492975e-06,6.932779761157589e-05,0.7365443840040417
1.8000000000000014,0.0040000000000000036,0.0,0.0012580402265294642,0.00031547505053358547,3.0414455266589133e-06,6.747830720050316e-05,0.7366405849129422
1.8040000000000014,0.0040000000000000036,0.0,0.0012588322690907136,0.0003157394683424417,3.0417329673791903e-06,6.558311373266768e-05,0.7367363506997876
1.8080000000000014,0.0040000000000000036,0.0,0.0012595909914493815,0.0003159961805891239,3.0420351160325817e-06,6.364537004788612e-05,0.7368316831129912
1.8120000000000014,0.0040000000000000036,0.0,0.0012603160729659163,0.00031624502628712416,3.0423518640709527e-06,6.166819199247691e-05,0.7369265839694574
1.8160000000000014,0.0040000000000000036,0.0,0.0012610072379895772,0.0003164858568036627,3.042683029283748e-06,5.965465959208715e-05,0.7370210551300542
1.8200000000000014,0.0040000000000000036,0.0,0.0012616642549514328,0.00031671853571832377,3.0430283585878808e-06,5.7607817561060497e-05,0.7371150984830319
1.8240000000000014,0.0040000000000000036,0.0,0.0012622869358294717,0.00031694293868244407,3.0433875310515624e-06,5.553067540989875e-05,0.7372087159327984
1.8280000000000014,0.0040000000000000036,0.0,0.0012628751355448135,0.0003171589532781452,3.0437601612689463e-06,5.34262073091415e-05,0.7373019093923094
1.8320000000000014,0.0040000000000000036,0.0,0.001263428751201284,0.00031736647887629633,3.044145802955569e-06,5.129735178944368e-05,0.7373946807779039
1.8360000000000014,0.0040000000000000036,0.0,0.0012639477213443023,0.0003175654264929,3.0445439527651744e-06,4.914701132458468e-05,0.7374870320057824
1.8400000000000014,0.0040000000000000036,0.0,0.0012644320255021284,0.0003177557186435087,3.0449540543184345e-06,4.69780518205532e-05,0.7375789649896018
1.8440000000000014,0.0040000000000000036,0.0,0.0012648816831306807,0.00031793728919529566,3.045375502375694e-06,4.479330201136271e-05,0.7376704816388164
1.8480000000000014,0.0040000000000000036,0.0,0.001265296753103728,0.00031811008321643713,3.045807647109514e-06,4.2595552770127124e-05,0.7377615838575359
1.8520000000000014,0.0040000000000000036,0.0,0.0012656773328695034,0.00031827405682243235,3.0462497984877247e-06,4.038755632617756e-05,0.7378522735437173
1.8560000000000014,0.0040000000000000036,0.0,0.001266023557624797,0.00031842917701900043,3.0467012307681513e-06,3.8172025394859704e-05,0.7379425525885985
1.8600000000000014,0.0040000000000000036,0.0,0.0012663355995059138,0.0003185754215411793,3.047161186968627e-06,3.595163221408794e-05,0.7380324228762881
1.8640000000000014,0.0040000000000000036,0.0,0.0012666136669711632,0.00031871277868826466,3.0476288835003264e-06,3.372900749510695e-05,0.7381218862834674
1.8680000000000014,0.0040000000000000036,0.0,0.0012668580035852688,0.0003188412471542173,3.0481035145037783e-06,3.150673928370268e-05,0.7382109446791659
1.8720000000000014,0.0040000000000000036,0.0,0.0012670688874325384,0.0003189608358532107,3.0485842567659486e-06,2.9287371753620532e-05,0.7382995999245859
1.8760000000000014,0.0040000000000000036,0.0,0.001267246630193559,0.000319071563740005,3.049070273957121e-06,2.7073403924325916e-05,0.7383878538729755
1.8800000000000014,0.0040000000000000036,0.0,0.0012673915759727045,0.0003191734596248443,3.0495607211650204e-06,2.486728833485104e-05,0.738475708369502
1.8840000000000015,0.0040000000000000036,0.0,0.0012675041009269047,0.0003192665619826732,3.0500547493188138e-06,2.2671429688040625e-05,0.738563165251183
1.8880000000000015,0.0040000000000000036,0.0,0.0012675846117674962,0.0003193509187564474,3.0505515094926935e-06,2.0488183495581137e-05,0.7386502263468021
1.8920000000000015,0.0040000000000000036,0.0,0.001267633545149322,0.00031942658715439107,3.0510501571017793e-06,1.831985477580134e-05,0.7387368934768428
1.8960000000000015,0.0040000000000000036,0.0,0.0012676513663693947,0.0003194936334411078,3.051549855980855e-06,1.6168696895295667e-05,0.7388231684534411
1.9000000000000015,0.0040000000000000036,0.0,0.001267638568863297,0.0003195521327224807,3.0520497823514197e-06,1.4036910732062023e-05,0.7389090530803306
1.9040000000000015,0.0040000000000000036,0.0,0.0012675961930889827,0.0003196025524650984,3.052549491127795e-06,1.2118479749024119e-05,0.7389090530803306
1.9080000000000015,0.0040000000000000036,0.0,0.0012675259299799921,0.0003196458656845694,3.0530491536145374e-06,1.0315325968506196e-05,0.7389945491528053
1.9120000000000015,0.0040000000000000036,0.0,0.0012674275809594778,0.00031968168156972415,3.0535477463845613e-06,8.413211024599064e-06,0.7390807467106548
1.9160000000000015,0.0040000000000000036,0.0,0.0012673010118476446,0.0003197096444816149,3.0540442779040915e-06,6.434079399334957e-06,0.7391663352520492
1.9200000000000015,0.0040000000000000036,0.0,0.0012671458334964445,0.0003197291642289094,3.0545375340716308e-06,4.217163487782731e-06,0.7393359106646064
1.9240000000000015,0.0040000000000000036,0.0,0.0012669613385694308,0.00031973931466071137,3.0550258600530575e-06,1.9237147335768132e-06,0.7394189129770149
1.9280000000000015,0.0040000000000000036,0.0,0.0012667489960469492,0.00031974075015911516,3.055508813606333e-06,2.546271341421872e-07,0.7395017167339455
1.9320000000000015,0.0040000000000000036,0.0,0.001266510031085314,0.0003197339605111139,3.055985928775927e-06,2.257194127915268e-06,0.7395842681826754
1.9360000000000015,0.0040000000000000036,0.0,0.0012662455074947219,0.000319719325966401,3.0564567402361296e-06,4.195788535928031e-06,0.7396665303210654
1.9400000000000015,0.0040000000000000036,0.0,0.001265956384284656,0.00031969715440265003,3.056920797986116e-06,6.0618920461227026e-06,0.739748478022144
1.9440000000000015,0.0040000000000000036,0.0,0.0012656435530258236,0.00031966770637154176,3.057377676508942e-06,7.865390358248016e-06,0.7398300944907257
1.9480000000000015,0.0040000000000000036,0.0,0.0012653078633891055,0.0003196312119503377,3.0578269809319207e-06,9.61291302898334e-06,0.7399113687294793
1.9520000000000015,0.0040000000000000036,0.0,0.0012649501401017656,0.0003195878820603809,3.0582683512840644e-06,1.1308635382473609e-05,0.7399922937488923
1.9560000000000015,0.0040000000000000036,0.0,0.0012645711940351186,0.00031953791605307346,3.058701465636542e-06,1.295505176603219e-05,0.7400728653146714
1.9600000000000015,0.0040000000000000036,0.0,0.001264171829349475,0.00031948150677904265,3.0591260424294066e-06,1.4553525931404622e-05,0.740153081077748
1.9640000000000015,0.0040000000000000036,0.0,0.0012637528488876654,0.00031941884395987076,3.0595418423417427e-06,1.610466837525339e-05,0.7402329399736418
1.9680000000000015,0.0040000000000000036,0.0,0.0012633150561456895,0.0003193501164138425,3.059948669644352e-06,1.760859287557397e-05,0.7403124418097978
1.9720000000000015,0.0040000000000000036,0.0,0.0012628592579455378,0.0003192755135063931,3.060346373136376e-06,1.906509073189155e-05,0.7403915869832028
1.9760000000000015,0.0040000000000000036,0.0,0.0012623862646465494,0.0003191952260742579,3.060734846818425e-06,2.04737493844873e-05,0.7404703762877882
1.9800000000000015,0.0040000000000000036,0.0,0.0012618968906167362,0.0003191094469905486,3.0611140300908846e-06,2.1834033560486768e-05,0.7405488107834384
1.9840000000000015,0.0040000000000000036,0.0,0.0012613919544366863,0.0003190183714831217,3.061483907729373e-06,2.3145341185608394e-05,0.7406268917071035
1.9880000000000015,0.0040000000000000036,0.0,0.0012608722784831022,0.00031892219728187207,3.06184450950008e-06,2.4407042280220356e-05,0.7407046204126121
1.9920000000000015,0.0040000000000000036,0.0,0.001260338688066271,0.0003188211246460408,3.0621959095132994e-06,2.5618506340919223e-05,0.7407819983299879
1.9960000000000016,0.0040000000000000036,0.0,0.0012597920110893278,0.0003187153563062123,3.0625382252525996e-06,2.6779121886182312e-05,0.7408590269379987
2.0000000000000013,0.0039999999999997815,0.0,0.001259233077349002,0.0003186050973447541,3.0628716164062945e-06,2.7888310620705746e-05,0.7409357077456589
2.004000000000001,0.0039999999999995595,0.0,0.0012586627174765782,0.0003184905550311633,3.0631962834077396e-06,2.8945537850714878e-05,0.7410120422797936
2.0080000000000005,0.0039999999999995595,0.0,0.001258081762223702,0.0003183719386239339,3.0635124657779042e-06,2.9950320241770005e-05,0.7410880320766885
2.012,0.0039999999999995595,0.0,0.001257491041652508,0.000318249459147318,3.0638204403203384e-06,3.090223164846102e-05,0.7411636786764971
2.0159999999999996,0.0039999999999995595,0.0,0.0012568913838762966,0.0003181233291491857,3.0641205189823093e-06,3.180090750109073e-05,0.7412389836195075
2.019999999999999,0.0039999999999995595,0.0,0.0012562837911568399,0.0003179939800510078,3.064412955967306e-06,3.253727551608445e-05,0.7412389836195075
2.0239999999999987,0.0039999999999995595,0.0,0.0012556691232355865,0.0003178618513478911,3.064698049010146e-06,3.3301657680124186e-05,0.7413895267682042
2.0279999999999982,0.0039999999999995595,0.0,0.0012550474030668308,0.00031772632731970893,3.064976542259588e-06,3.412608168341684e-05,0.7414636136748837
2.031999999999998,0.0039999999999995595,0.0,0.0012544196551419365,0.0003175877621368745,3.0652488200113286e-06,3.486535000104494e-05,0.7415374276238609
2.0359999999999974,0.0039999999999995595,0.0,0.0012537868276285655,0.0003174464641287822,3.0655152960987316e-06,3.552980837274537e-05,0.7416109509864452
2.039999999999997,0.0039999999999995595,0.0,0.0012531498142818818,0.0003173027107577411,3.0657764126655484e-06,3.612643560275086e-05,0.7416841718211302
2.0439999999999965,0.0039999999999995595,0.0,0.0012525094689659292,0.0003171567585232079,3.066032637031504e-06,3.665998607918452e-05,0.7417570822567409
2.047999999999996,0.0039999999999995595,0.0,0.0012518666155993678,0.0003170088494794217,3.0662844578762226e-06,3.713375263863462e-05,0.7418296772985608
2.0519999999999956,0.0039999999999995595,0.0,0.0012512220537769644,0.0003168592154950337,3.0665323811112635e-06,3.7550074966595565e-05,0.7419019539645697
2.055999999999995,0.0039999999999995595,0.0,0.0012505765628043712,0.0003167080810100968,3.0667769258149538e-06,3.7910677763554374e-05,0.7419739106698414
2.0599999999999947,0.0039999999999995595,0.0,0.0012499309042299583,0.0003165556647951438,3.0670186203237146e-06,3.8216895198125184e-05,0.7420455467927747
2.0639999999999943,0.0039999999999995595,0.0,0.0012492858228687596,0.0003164021810490792,3.067257998610048e-06,3.846981952781718e-05,0.7421168623721494
2.067999999999994,0.0039999999999995595,0.0,0.0012486420478250116,0.0003162478400602129,3.0674955968219785e-06,3.867039921605277e-05,0.7421878578970289
2.0719999999999934,0.0039999999999995595,0.0,0.0012480002925350535,0.00031609284857970593,3.067731950071511e-06,3.8819503449467874e-05,0.742258534161865
2.075999999999993,0.0039999999999995595,0.0,0.001247361254984445,0.00031593741000663115,3.0679675893985342e-06,3.8917964335146696e-05,0.7423288921670257
2.0799999999999925,0.0039999999999995595,0.0,0.0012467256174768806,0.00031578172445052675,3.0682030389870224e-06,3.896660427458558e-05,0.7423989330507581
2.083999999999992,0.0039999999999995595,0.0,0.0012460940461317903,0.00031562598871512343,3.0684388135199175e-06,3.896625351651013e-05,0.742468658042793
2.0879999999999916,0.0039999999999995595,0.0,0.0012454671909122592,0.0003154703962322159,3.0686754157028936e-06,3.891776119087837e-05,0.7425380684327857
2.091999999999991,0.0039999999999995595,0.0,0.0012448456852044152,0.00031531513696486397,3.068913333976132e-06,3.882200203101391e-05,0.7426071655488988
2.0959999999999908,0.0039999999999995595,0.0,0.0012442301451254857,0.0003151603972926316,3.0691530403276867e-06,3.86798802373266e-05,0.7426759507432918
2.0999999999999903,0.0039999999999995595,0.0,0.0012436211694526597,0.0003150063598872722,3.069394988320452e-06,3.84923314514786e-05,0.7427444253823065
2.10399999999999,0.0039999999999995595,0.0,0.0012430193392820668,0.00031485320358442425,3.06963961120926e-06,3.826032347821922e-05,0.7428125908398368
2.1079999999999894,0.0039999999999995595,0.0,0.0012424252175066292,0.00031470110325501106,3.0698873202964423e-06,3.798485617822133e-05,0.7428804484928643
2.111999999999989,0.0039999999999995595,0.0,0.001241839348559525,0.0003145502296787834,3.0701385033212166e-06,3.7666960810311244e-05,0.7429479997184496
2.1159999999999886,0.0039999999999995595,0.0,0.001241262257977276,0.00031440074942162377,3.0703935231382906e-06,3.7307699011906314e-05,0.743015245891714
2.119999999999988,0.0039999999999995595,0.0,0.001240694452498068,0.00031425282471769247,3.0706527164004718e-06,3.690816153433063e-05,0.7430821883844883
2.1239999999999877,0.0039999999999995595,0.0,0.0012401364193544765,0.00031410661335712527,3.070916392469255e-06,3.6469466819739744e-05,0.7431488285644136
2.1279999999999872,0.0039999999999995595,0.0,0.0012395886262809412,0.00031396226857976096,3.0711848324890463e-06,3.599275946946485e-05,0.7432151677943432
2.131999999999987,0.0039999999999995595,0.0,0.0012390515212529177,0.00031381993897521275,3.0714582886160454e-06,3.5479208642943326e-05,0.7432812074319537
2.1359999999999864,0.0039999999999995595,0.0,0.0012385255323157278,0.00031367976838948917,3.071736983370061e-06,3.493000640946953e-05,0.7433469488294847
2.139999999999986,0.0039999999999995595,0.0,0.001238011067503667,0.00031354189583830374,3.0720211091976833e-06,3.434636606956736e-05,0.7434123933335836
2.1439999999999855,0.0039999999999995595,0.0,0.001237508514401327,0.00031340645542715087,3.072310828106966e-06,3.372952045960122e-05,0.7434775422851992
2.147999999999985,0.0039999999999995595,0.0,0.0012370182404233894,0.0003132735762782028,3.072606271510371e-06,3.308072024449099e-05,0.7435423970195271
2.1519999999999846,0.0039999999999995595,0.0,0.0012365405925581596,0.00031314338246404247,3.0729075402004915e-06,3.240123220723687e-05,0.7436069588659743
2.155999999999984,0.0039999999999995595,0.0,0.001236075897112493,0.00031301599294824054,3.0732147044790374e-06,3.169233754009513e-05,0.7436712291481468
2.1599999999999837,0.0039999999999995595,0.0,0.0012356244602670324,0.0003128915215327518,3.0735278044297993e-06,3.095533013994386e-05,0.7437352091838441
2.1639999999999833,0.0039999999999995595,0.0,0.0012351865672868246,0.00031277007681211404,3.073846850383404e-06,3.019151491142603e-05,0.743798900285065
2.167999999999983,0.0039999999999995595,0.0,0.0012347624830815454,0.00031265176213440143,3.0741718233429705e-06,2.9402206079573007e-05,0.7438623037580127
2.1719999999999824,0.0039999999999995595,0.0,0.0012343524521400662,0.0003125366755688857,3.074502675771058e-06,2.8588725519350287e-05,0.7439254209031079
2.175999999999982,0.0039999999999995595,0.0,0.001233956698557752,0.00031242490988034316,3.0748393323332487e-06,2.7752401096600846e-05,0.7439882530149974
2.1799999999999815,0.0039999999999995595,0.0,0.0012335754258868549,0.00031231655250994067,3.0751816908444487e-06,2.689456503074675e-05,0.7440508013825673
2.183999999999981,0.0039999999999995595,0.0,0.0012332088177100225,0.0003122116855626192,3.075529623266999e-06,2.6016552275254425e-05,0.7441130672889517
2.1879999999999806,0.0039999999999995595,0.0,0.0012328570373175774,0.0003121103858008934,3.0758829768740115e-06,2.511969892136765e-05,0.7441750520115447
2.19199999999998,0.0039999999999995595,0.0,0.0012325202282883556,0.0003120127246449716,3.0762415754470746e-06,2.420534062554634e-05,0.7442367568220095
2.1959999999999797,0.0039999999999995595,0.0,0.0012321985141739177,0.0003119187681790954,3.076605220588636e-06,2.3274811063739747e-05,0.7442981829862875
2.1999999999999793,0.0039999999999995595,0.0,0.00123189199917709,0.0003118285771639898,3.07697369318457e-06,2.232944041304276e-05,0.7443593317646049
2.203999999999979,0.0039999999999995595,0.0,0.0012316007678434527,0.00031174220705531283,3.077346754800186e-06,2.1370553863092322e-05,0.7444202044114832
2.2079999999999784,0.0039999999999995595,0.0,0.001231324885837899,0.0003116597080279774,3.0777241492504223e-06,2.039947016047808e-05,0.7444808021757414
2.211999999999978,0.0039999999999995595,0.0,0.0012310643997337693,0.0003115811250062297,3.0781056041829826e-06,1.941750018377914e-05,0.7445411263005068
2.2159999999999775,0.0039999999999995595,0.0,0.0012308193376170565,0.00031150649769933646,3.0784908327241044e-06,1.8425945557452768e-05,0.744601178023217
2.219999999999977,0.0039999999999995595,0.0,0.0012305897091535417,0.00031143586064276153,3.0788795351224457e-06,1.742609729943766e-05,0.744660958575628
2.2239999999999767,0.0039999999999995595,0.0,0.0012303755058399425,0.00031136924324467395,3.0792714004659557e-06,1.6419234511199654e-05,0.7447204691838177
2.227999999999976,0.0039999999999995595,0.0,0.0012301767015295171,0.00031130666983765314,3.0796661084153843e-06,1.5406623109078503e-05,0.7447797110681947
2.231999999999976,0.0039999999999995595,0.0,0.0012299932527810242,0.0003112481597354317,3.080063330932541e-06,1.438951460102784e-05,0.7448386854434995
2.2359999999999753,0.0039999999999995595,0.0,0.0012298250988501739,0.00031119372729452845,3.0804627339774042e-06,1.3369144916434796e-05,0.7448973935188138
2.239999999999975,0.0039999999999995595,0.0,0.0012296721624968628,0.00031114338198061093,3.0808639792929378e-06,1.2346733294017572e-05,0.7449558364975648
2.2439999999999745,0.0039999999999995595,0.0,0.0012295343498931752,0.0003110971284394294,3.081266726002286e-06,1.1323481241348744e-05,0.7450140155775348
2.247999999999974,0.0039999999999995595,0.0,0.0012294115514373861,0.000311054966572155,3.081670632424549e-06,1.0300571591097202e-05,0.7450719319508652
2.2519999999999736,0.0039999999999995595,0.0,0.0012293036419391739,0.000311016891614962,3.0820753576901637e-06,9.279167690203942e-06,0.7451295868040678
2.255999999999973,0.0039999999999995595,0.0,0.001229210480988332,0.00031098289422268376,3.0824805633273114e-06,8.260412803624966e-06,0.7451869813180326
2.2599999999999727,0.0039999999999995595,0.0,0.0012291319135972901,0.000310952960556373,3.082885914899357e-06,7.24542989733825e-06,0.7452441166680371
2.2639999999999723,0.0039999999999995595,0.0,0.0012290677702140797,0.00031092707237459976,3.083291083467097e-06,6.2353221680263006e-06,0.7453009940237599
2.267999999999972,0.0039999999999995595,0.0,0.001229017867550692,0.0003109052071283087,3.083695747077022e-06,5.231175247258275e-06,0.7453576145492908
2.2719999999999714,0.0039999999999995595,0.0,0.0012289820089622068,0.0003108873380590717,3.084099592170987e-06,4.234063696128607e-06,0.7454139794031456
2.275999999999971,0.0039999999999995595,0.0,0.0012289599847377126,0.0003108734343005529,3.0845023149311992e-06,3.2450706628836885e-06,0.7454700897382806
2.2799999999999705,0.0039999999999995595,0.0,0.00122895157275455,0.0003108634609830187,3.084903622518572e-06,2.265359698507881e-06,0.7455259467021087
2.28399999999997,0.0039999999999995595,0.0,0.0012289565386826692,0.00031085737934071476,3.0853032342375254e-06,1.296567697323431e-06,0.7455815514365164
2.2879999999999696,0.0039999999999995595,0.0,0.0012289746366422934,0.0003108551468219412,3.0857008826717822e-06,3.476985387174949e-07,0.7456369050778836
2.291999999999969,0.0039999999999995595,0.0,0.001229005609953339,0.000310856717201644,3.0860963146491016e-06,6.224800039690663e-07,0.7456920087571038
2.2959999999999687,0.0039999999999995595,0.0,0.0012290491909826944,0.0003108620406963565,3.0864892921945352e-06,1.5527500110617578e-06,0.745746863599606
2.2999999999999683,0.0039999999999995595,0.0,0.0012291051021669365,0.0003108710640813104,3.0868795933571112e-06,2.47309519110517e-06,0.7458014707253772
2.303999999999968,0.0039999999999995595,0.0,0.001229173056222883,0.0003108837308095484,3.0872670129028307e-06,3.3797344220376965e-06,0.7458558312489865
2.3079999999999674,0.0039999999999995595,0.0,0.0012292527569008073,0.0003108999811328658,3.0876513629928243e-06,4.27145732350859e-06,0.7459099462796153
2.311999999999967,0.0039999999999995595,0.0,0.0012293438990155698,0.0003109197522244086,3.088032473689595e-06,5.147379950361715e-06,0.7459638169210796
2.3159999999999665,0.0039999999999995595,0.0,0.0012294461695619156,0.0003109429783027621,3.088410193457572e-06,6.0067230030200435e-06,0.7460174442718633
2.319999999999966,0.0039999999999995595,0.0,0.0012295592477460906,0.0003109695907573571,3.088784389458099e-06,6.848764110581242e-06,0.7460708294251464
2.3239999999999656,0.0039999999999995595,0.0,0.0012296828057399658,0.0003109995182750297,3.0891549477680418e-06,7.672823379337214e-06,0.7461239734688389
2.327999999999965,0.0039999999999995595,0.0,0.001229816508893185,0.00031103268696756556,3.089521773568437e-06,8.478258053029336e-06,0.7461768774856116
2.3319999999999648,0.0039999999999995595,0.0,0.001229960016577027,0.00031106902050007297,3.089884791207302e-06,9.264460275452138e-06,0.7462295425529328
2.3359999999999643,0.0039999999999995595,0.0,0.001230112982576281,0.00031110844022001516,3.090243944159723e-06,1.0030856062668983e-05,0.7462819697431041
2.339999999999964,0.0039999999999995595,0.0,0.0012302750553000853,0.0003111508652867468,3.0905991948611216e-06,1.0776904798524396e-05,0.7463341601232949
2.3439999999999634,0.0039999999999995595,0.0,0.0012304458787140789,0.00031119621280139474,3.090950524514292e-06,1.150209896148195e-05,0.7463861147555826
2.347999999999963,0.0039999999999995595,0.0,0.0012306250925495851,0.00031124439793693044,3.0912979327372783e-06,1.2205963958398119e-05,0.7464378346969922
2.3519999999999626,0.0039999999999995595,0.0,0.0012308123328728456,0.0003112953340682803,3.0916414372401203e-06,1.2888057995795948e-05,0.746489320999535
2.355999999999962,0.0039999999999995595,0.0,0.0012310072326530788,0.0003113489329023207,3.091981073346258e-06,1.3547971961222957e-05,0.7465405747102484
2.3599999999999617,0.0039999999999995595,0.0,0.0012312094218783845,0.00031140510460761874,3.0923168934172482e-06,1.4185329296067518e-05,0.7465915968712419
2.3639999999999612,0.0039999999999995595,0.0,0.001231418528662455,0.00031146375794376265,3.0926489662277792e-06,1.4799785847052513e-05,0.7466423885197345
2.367999999999961,0.0039999999999995595,0.0,0.0012316341790872731,0.00031152480039014824,3.0929773763354284e-06,1.5391029696599487e-05,0.7466929506881014
2.3719999999999604,0.0039999999999995595,0.0,0.001231855997946274,0.00031158813827407867,3.0933022232556064e-06,1.595878096372617e-05,0.7467432844039141
2.37599999999996,0.0039999999999995595,0.0,0.0012320836093955919,0.00031165367689804717,3.0936236207427247e-06,1.650279157759811e-05,0.7467933906899885
2.3799999999999595,0.0039999999999995595,0.0,0.00123231663688278,0.000311721320666058,3.093941695887522e-06,1.7022845019735257e-05,0.7468432705644248
2.383999999999959,0.0039999999999995595,0.0,0.0012325547041554105,0.00031179097320887156,3.094256588253033e-06,1.7518756038800603e-05,0.7468929250406552
2.3879999999999586,0.0039999999999995595,0.0,0.0012327974353668041,0.00031186253750803785,3.094568448885039e-06,1.7990370335080868e-05,0.746942355127487
2.391999999999958,0.0039999999999995595,0.0,0.0012330444555406239,0.00031193591601859827,3.0948774393929875e-06,1.843756421403038e-05,0.7469915618291482
2.3959999999999577,0.0039999999999995595,0.0,0.001233295390853693,0.0003120110107903383,3.095183730880935e-06,1.8860244215045714e-05,0.7470405461453291
2.3999999999999573,0.0039999999999995595,0.0,0.0012335498696372993,0.00031208772358746795,3.0954875030816895e-06,1.925834670549473e-05,0.7470893090712303
2.403999999999957,0.0039999999999995595,0.0,0.0012338075219363225,0.000312165956006633,3.0957889430283895e-06,1.963183745735034e-05,0.7471378515976039
2.4079999999999564,0.0039999999999995595,0.0,0.001234067980597114,0.0003122456095931417,3.096088244147089e-06,1.998071119040891e-05,0.7471861747108022
2.411999999999956,0.0039999999999995595,0.0,0.0012343308811835244,0.00031232658595528536,3.0963856051971498e-06,2.030499108854731e-05,0.7472342793928095
2.4159999999999555,0.0039999999999995595,0.0,0.0012345958627011959,0.00031240878687669593,3.0966812291636564e-06,2.060472830067452e-05,0.7472821666213013
2.419999999999955,0.0039999999999995595,0.0,0.0012348625676005143,0.00031249211442659693,3.096975322172137e-06,2.0880001407571576e-05,0.747329837369673
2.4239999999999546,0.0039999999999995595,0.0,0.0012351306426772973,0.00031257647106788165,3.097268092417136e-06,2.1130915871590945e-05,0.7473772926070854
2.427999999999954,0.0039999999999995595,0.0,0.0012353997386231935,0.0003126617597629262,3.0975597491689735e-06,2.1357603464356132e-05,0.7474245332985054
2.4319999999999538,0.0039999999999995595,0.0,0.0012356695111030173,0.00031274788407705017,3.097850501651614e-06,2.156022167256905e-05,0.7474715604047465
2.4359999999999533,0.0039999999999995595,0.0,0.0012359396206618777,0.000312834748279551,3.0981405580823426e-06,2.1738953085775928e-05,0.7475183748825063
2.439999999999953,0.0039999999999995595,0.0,0.0012362097332601044,0.00031292225744222225,3.0984301246789417e-06,2.1894004761374767e-05,0.747564977684404
2.4439999999999524,0.0039999999999995595,0.0,0.0012364795201780091,0.00031301031753530134,3.0987194046685857e-06,2.2025607578455046e-05,0.7476113697590162
2.447999999999952,0.0039999999999995595,0.0,0.0012367486589073516,0.00031309883552076574,3.099008597409335e-06,2.2134015568256636e-05,0.7476575520509156
2.4519999999999516,0.0039999999999995595,0.0,0.0012370168329638026,0.0003131877194429238,3.0992978974748624e-06,2.2219505236135073e-05,0.7477035255007016
2.455999999999951,0.0039999999999995595,0.0,0.0012372837321475306,0.00031327687851623407,3.09958749379815e-06,2.2282374861474528e-05,0.7477492910450364
2.4599999999999507,0.0039999999999995595,0.0,0.0012375490531615733,0.00031336622321029837,3.0998775689049684e-06,2.2322943789376648e-05,0.7477948496166746
2.4639999999999502,0.0039999999999995595,0.0,0.0012378124993318318,0.000313455665331979,3.1001682981369114e-06,2.2341551708203772e-05,0.7478402021444931
2.46799999999995,0.0039999999999995595,0.0,0.0012380737814925795,0.0003135451181045994,3.100459848948983e-06,2.2338557915999765e-05,0.7478853495535238
2.4719999999999493,0.0039999999999995595,0.0,0.001238332617615149,0.00031363449624417105,3.100752380359623e-06,2.231434057518175e-05,0.7479302927649775
2.475999999999949,0.0039999999999995595,0.0,0.001238588733064073,0.0003137237160326247,3.1010460422150625e-06,2.226929596082932e-05,0.7479750326962719
2.4799999999999485,0.0039999999999995595,0.0,0.001238841873578229,0.00031381266845694286,3.1013409580358888e-06,2.219034823998321e-05,0.7479750326962719
2.483999999999948,0.0039999999999995595,0.0,0.0012390918641110005,0.0003139012248769484,3.101637256784642e-06,2.2090512212533906e-05,0.7480195702610566
2.4879999999999476,0.0039999999999995595,0.0,0.0012393385281213808,0.0003139893946198929,3.1019351532262207e-06,2.1998782905358722e-05,0.748109050289459
2.491999999999947,0.0039999999999995595,0.0,0.001239581602484727,0.00031407719213375325,3.1022347931390795e-06,2.1898047311284342e-05,0.7481527850717757
2.4959999999999467,0.0039999999999995595,0.0,0.001239820796851628,0.00031416450620526707,3.102536227801946e-06,2.1770555139135497e-05,0.7481963832950685
2.4999999999999463,0.0039999999999995595,0.0,0.0012400558487268263,0.0003142512400000068,3.1028395100070716e-06,2.161957122772042e-05,0.7482398267561854
2.503999999999946,0.0039999999999995595,0.0,0.0012402865159147683,0.0003143373066441916,3.10314469130699e-06,2.1447377911898752e-05,0.7482831029780017
2.5079999999999454,0.0039999999999995595,0.0,0.0012405125734491664,0.0003144226264400314,3.103451819637668e-06,2.1255638702587695e-05,0.7483262035537573
2.511999999999945,0.0039999999999995595,0.0,0.0012407338100790775,0.0003145071251159786,3.103760937442782e-06,2.104562854102845e-05,0.748369122940079
2.5159999999999445,0.0039999999999995595,0.0,0.0012409500269958782,0.00031459073273073027,3.1040720800365478e-06,2.0818379142094788e-05,0.7484118575914833
2.519999999999944,0.0039999999999995595,0.0,0.0012411610368303493,0.00031467338298886064,3.1043852743753284e-06,2.0574770433186276e-05,0.7484544053473822
2.5239999999999436,0.0039999999999995595,0.0,0.0012413666627406482,0.0003147550128146501,3.1047005380992127e-06,2.0315587853800036e-05,0.7484967650020307
2.527999999999943,0.0039999999999995595,0.0,0.001241566738306408,0.0003148355620871509,3.1050178788309492e-06,2.004155809402852e-05,0.7485389360050638
2.5319999999999427,0.0039999999999995595,0.0,0.0012417611069763439,0.00031491497347535275,3.1053372938251653e-06,1.9753371249279435e-05,0.7485809182541806
2.5359999999999423,0.0039999999999995595,0.0,0.0012419496223213975,0.0003149931923350663,3.1056587696486257e-06,1.945169445073108e-05,0.7486227119523061
2.539999999999942,0.0039999999999995595,0.0,0.0012421322197031285,0.00031507019355041975,3.1059823300341605e-06,1.9150609805851114e-05,0.7486227119523061
2.5439999999999414,0.0039999999999995595,0.0,0.00124230897349333,0.0003151459995969986,3.106308099290838e-06,1.884790108210707e-05,0.7486643175095284
2.547999999999941,0.0039999999999995595,0.0,0.001242479739732342,0.00031522055235646754,3.106636059527837e-06,1.8530595144316665e-05,0.7487062601916824
2.5519999999999405,0.0039999999999995595,0.0,0.001242644380351135,0.0003152937942687257,3.106966162806807e-06,1.81992107508348e-05,0.7487479091394253
2.55599999999994,0.0039999999999995595,0.0,0.0012428027703071144,0.000315365672483628,3.1072983432261903e-06,1.7854952951286423e-05,0.7487892913266797
2.5599999999999397,0.0039999999999995595,0.0,0.001242954797211991,0.00031543613902931887,3.107632520167842e-06,1.7499005383893824e-05,0.748830432232047
2.563999999999939,0.0039999999999995595,0.0,0.0012431003611393992,0.00031550515027630854,3.1079686015049863e-06,1.7132412724202546e-05,0.7488713497257037
2.5679999999999388,0.0039999999999995595,0.0,0.0012432393730940153,0.00031557266636977275,3.1083064861840585e-06,1.67560841306263e-05,0.748912056421382
2.5719999999999383,0.0039999999999995595,0.0,0.0012433717549112126,0.0003156386507598569,3.1086460663545504e-06,1.637081933566484e-05,0.7489525612592915
2.575999999999938,0.0039999999999995595,0.0,0.0012434974377290694,0.00031570306984468415,3.1089872291163027e-06,1.5977336024272673e-05,0.7489928706141799
2.5799999999999375,0.0039999999999995595,0.0,0.0012436163625153727,0.0003157658927124744,3.1093298577724964e-06,1.5576293226218932e-05,0.7490329890854253
2.583999999999937,0.0039999999999995595,0.0,0.0012437284788097383,0.00031582709096265714,3.1096738328624612e-06,1.5168309668088533e-05,0.7490729200547216
2.5879999999999366,0.0039999999999995595,0.0,0.0012438337452523147,0.0003158866385863568,3.11001903291845e-06,1.4753977409047957e-05,0.7491126660739886
2.591999999999936,0.0039999999999995595,0.0,0.001243932128863401,0.0003159445118895642,3.1103653350450914e-06,1.433387154327423e-05,0.7491522291319394
2.5959999999999357,0.0039999999999995595,0.0,0.0012440236048595953,0.0003160006894457566,3.110712615362648e-06,1.3908556822373738e-05,0.7491916108357102
2.5999999999999353,0.0039999999999995595,0.0,0.0012441081571846109,0.00031605515206790697,3.1110607494079543e-06,1.3478591956924143e-05,0.7492308125339282
2.603999999999935,0.0039999999999995595,0.0,0.0012441857774343815,0.00031610788279251643,3.1114096123569343e-06,1.3044532227190157e-05,0.7492698353998212
2.6079999999999344,0.0039999999999995595,0.0,0.0012442563632234663,0.0003161588021455647,3.111758999279463e-06,1.2574593264030857e-05,0.7493473487683822
2.611999999999934,0.0039999999999995595,0.0,0.001244319690192457,0.00031620775151985616,3.1121085470172486e-06,1.2087801582389427e-05,0.7493853535477683
2.6159999999999335,0.0039999999999995595,0.0,0.0012443759139773825,0.0003162548076297886,3.1124581473482103e-06,1.1618196354003e-05,0.7494232878711183
2.619999999999933,0.0039999999999995595,0.0,0.0012444251533950388,0.00031630002053672184,3.112807690918425e-06,1.1159785441777952e-05,0.749461120727975
2.6239999999999326,0.0039999999999995595,0.0,0.0012444675040183823,0.0003163434227402866,3.113157069507418e-06,1.0708644505890182e-05,0.7494988307442441
2.627999999999932,0.0039999999999995595,0.0,0.0012445030482672128,0.000316385035484152,3.1135061766407714e-06,1.026228176104955e-05,0.749536403347253
2.6319999999999317,0.0039999999999995595,0.0,0.0012445318613026866,0.00031642487310869715,3.1138549075966775e-06,9.819193076612306e-06,0.7495738287235615
2.6359999999999313,0.0039999999999995595,0.0,0.0012445540162956275,0.0003164629460403061,3.114203159196012e-06,9.378551697874302e-06,0.7496111003673664
2.639999999999931,0.0039999999999995595,0.0,0.001244569586839239,0.0003164992628323538,3.1145508296848715e-06,8.939992586642262e-06,0.7496482140591887
2.6439999999999304,0.0039999999999995595,0.0,0.0012445786491831006,0.0003165338315484002,3.114897818723472e-06,8.503462912355568e-06,0.7496851671529707
2.64799999999993,0.0039999999999995595,0.0,0.0012445812837534904,0.00031656666069002965,3.115244027656048e-06,8.06911859263717e-06,0.7497219580815517
2.6519999999999295,0.0039999999999995595,0.0,0.0012445775757818436,0.00031659775980985767,3.1155893597758664e-06,7.637252777967242e-06,0.7497585860153095
2.655999999999929,0.0039999999999995595,0.0,0.0012445676156658955,0.00031662713990696437,3.1159337209646986e-06,7.208246432861488e-06,0.7497950506274605
2.6599999999999286,0.0039999999999995595,0.0,0.0012445514995095708,0.00031665481367194447,3.11627702023144e-06,6.782534177777329e-06,0.749831351933187
2.663999999999928,0.0039999999999995595,0.0,0.0012445293292172091,0.0003166807956279042,3.116619170370007e-06,6.360580656046126e-06,0.749867490179631
2.6679999999999278,0.0039999999999995595,0.0,0.001244501212142096,0.0003167051021993714,3.1169600886967757e-06,5.942864169140189e-06,0.7499034657708171
2.6719999999999273,0.0039999999999995595,0.0,0.001244467261002909,0.00031672775173118093,3.117299697730659e-06,5.5298653310482825e-06,0.74993927921648
2.675999999999927,0.0039999999999995595,0.0,0.0012444275941573039,0.0003167487644726092,3.1176379257668827e-06,5.12205921575081e-06,0.7499749310972167
2.6799999999999264,0.0039999999999995595,0.0,0.0012443823348944236,0.00031676816253736403,3.11797470751662e-06,4.719909940975717e-06,0.7500104220407782
2.683999999999926,0.0039999999999995595,0.0,0.001244331611352061,0.00031678596984684317,3.118309984629967e-06,4.323866980051244e-06,0.7500457527059309
2.6879999999999256,0.0039999999999995595,0.0,0.0012442755563447788,0.00031680221206189266,3.118643706162596e-06,3.934362729546535e-06,0.7500809237714848
2.691999999999925,0.0039999999999995595,0.0,0.0012442143071029292,0.00031681691650677936,3.1189758289480942e-06,3.551811024627165e-06,0.7501159359288261
2.6959999999999247,0.0039999999999995595,0.0,0.001244148004833274,0.00031683011208806066,3.119306317852621e-06,3.1766064395292024e-06,0.7501507898768338
2.6999999999999242,0.0039999999999995595,0.0,0.0012440767945472938,0.00031684182921029884,3.1196351459409122e-06,2.809124339261663e-06,0.750185486318423
2.703999999999924,0.0039999999999995595,0.0,0.001244000824711022,0.00031685209969007744,3.1199622946833993e-06,2.449721850992801e-06,0.7502200259581862
2.7079999999999234,0.0039999999999995595,0.0,0.0012439202472518,0.0003168609566694003,3.1202877539541012e-06,2.098740271279937e-06,0.750254409500794
2.711999999999923,0.0039999999999995595,0.0,0.0012438352167617303,0.0003168684345292859,3.1206115219426723e-06,1.7565103273015028e-06,0.7502886376499003
2.7159999999999225,0.0039999999999995595,0.0,0.0012437458905934344,0.0003168745688042009,3.120933605089146e-06,1.4233642552512095e-06,0.7503227111074048
2.719999999999922,0.0039999999999995595,0.0,0.0012436524287772566,0.0003168793960977931,3.1212540179495363e-06,1.0996674194472481e-06,0.7503566305729499
2.7239999999999216,0.0039999999999995595,0.0,0.0012435549931348688,0.0003168829540002964,3.1215727828289264e-06,7.859205762315954e-07,0.7503903967435833
2.727999999999921,0.0039999999999995595,0.0,0.0012434537475530748,0.0003168852810078746,3.121889929633799e-06,4.83228389181777e-07,0.7504240103135323
2.7319999999999207,0.0039999999999995595,0.0,0.0012433488574539902,0.000316886416444107,3.122205495491102e-06,1.978037396756651e-07,0.7504574719740575
2.7359999999999203,0.0039999999999995595,0.0,0.0012432404898899264,0.00031688640038373837,3.1225195243269173e-06,1.3026443488781416e-07,0.7504907824133549
2.73999999999992,0.0039999999999995595,0.0,0.0012431288127450846,0.0003168852735787882,3.1228320665252515e-06,3.8688789333413764e-07,0.7505239423164987
2.7439999999999194,0.0039999999999995595,0.0,0.001243013995008451,0.0003168830773870513,3.123143178468678e-06,6.482235887462893e-07,0.7505569523654089
2.747999999999919,0.0039999999999995595,0.0,0.0012428962064213753,0.00031687985370300407,3.1234529220802343e-06,9.009944028687508e-07,0.7505898132388352
2.7519999999999185,0.0039999999999995595,0.0,0.0012427756169460882,0.00031687564489108584,3.1237613643115214e-06,1.1437622243937794e-06,0.7506225256123557
2.755999999999918,0.0039999999999995595,0.0,0.0012426523971271225,0.0003168704937213064,3.1240685766482456e-06,1.3760854419833136e-06,0.7506550901583785
2.7599999999999176,0.0039999999999995595,0.0,0.0012425267551764317,0.0003168644902682965,3.1243746334162755e-06,1.5743246103178208e-06,0.7506550901583785
2.763999999999917,0.0039999999999995595,0.0,0.0012423989138517053,0.0003168577776292672,3.1246796527224266e-06,1.7537637887516447e-06,0.7506875075461586
2.7679999999999167,0.0039999999999995595,0.0,0.0012422689284199363,0.00031685032302784615,3.12498378257105e-06,1.9415031023413577e-06,0.7507201863179901
2.7719999999999163,0.0039999999999995595,0.0,0.001242136828865384,0.0003168420545149718,3.1252871471279545e-06,2.1568332277565594e-06,0.7507848804993504
2.775999999999916,0.0039999999999995595,0.0,0.0012420026846844427,0.00031683288217650585,3.1255898208711765e-06,2.3747793239738907e-06,0.7508165305744992
2.7799999999999154,0.0039999999999995595,0.0,0.0012418667660952104,0.0003168229168462205,3.1258918443483877e-06,2.566709625968081e-06,0.7508480933197405
2.783999999999915,0.0039999999999995595,0.0,0.0012417293080195183,0.0003168122470005105,3.1261932691232567e-06,2.7376640086408693e-06,0.7508795522674189
2.7879999999999145,0.0039999999999995595,0.0,0.0012415905210653706,0.00031680094599159203,3.126494157164995e-06,2.8910538846094696e-06,0.7509108959853313
2.791999999999914,0.0039999999999995595,0.0,0.0012414505988491576,0.00031678907692721074,3.1267945793460856e-06,3.029191920906671e-06,0.7509421166634442
2.7959999999999137,0.0039999999999995595,0.0,0.0012413097343555528,0.00031677672614010774,3.12709460783705e-06,3.138587623432537e-06,0.7509421166634442
2.7999999999999132,0.0039999999999995595,0.0,0.001241168090599212,0.00031676400519144946,3.127394351951242e-06,3.2317677861882628e-06,0.7509732090636578
2.803999999999913,0.0039999999999995595,0.0,0.0012410257501534012,0.0003167509052539857,3.1276939668755768e-06,3.3273407689837834e-06,0.7510045605368216
2.8079999999999123,0.0039999999999995595,0.0,0.0012408827916913022,0.0003167373929570725,3.1279935839946234e-06,3.4368667548091278e-06,0.7510666441378637
2.811999999999912,0.0039999999999995595,0.0,0.0012407393535155535,0.0003167234314421173,3.1282932824066463e-06,3.5426400955213166e-06,0.7510970225828418
2.8159999999999115,0.0039999999999995595,0.0,0.001240595662409335,0.0003167091120763445,3.1285930983898043e-06,3.6268697559091573e-06,0.7511273189197074
2.819999999999911,0.0039999999999995595,0.0,0.0012404519169781384,0.00031669450885441045,3.1288930764988695e-06,3.6934824407838567e-06,0.7511575168085953
2.8239999999999106,0.0039999999999995595,0.0,0.0012403082958688067,0.00031667968396115377,3.1291932683319956e-06,3.7451500683377704e-06,0.751187604909036
2.82799999999991,0.0039999999999995595,0.0,0.0012401649634873545,0.0003166646915174532,3.1294937306203354e-06,3.7837001115497358e-06,0.7512175754712686
2.8319999999999097,0.0039999999999995595,0.0,0.0012400220735717578,0.0003166495800957385,3.1297945230257644e-06,3.8103933637985633e-06,0.751247423292459
2.8359999999999093,0.0039999999999995595,0.0,0.001239879772050711,0.00031663439440396364,3.1300957062134174e-06,3.826111604521938e-06,0.7512771449590876
2.839999999999909,0.0039999999999995595,0.0,0.001239738198471375,0.00031661917640847124,3.1303973402257836e-06,3.8314841979802245e-06,0.7513067383052779
2.8439999999999084,0.0039999999999995595,0.0,0.0012395974871592958,0.0003166039660787447,3.130699482890268e-06,3.826973381764593e-06,0.7513362020299138
2.847999999999908,0.0039999999999995595,0.0,0.0012394577679311523,0.0003165888018775827,3.1310021887365892e-06,3.81293168455596e-06,0.7513655354283366
2.8519999999999075,0.0039999999999995595,0.0,0.001239319166539144,0.0003165737210799921,3.1313055080942367e-06,3.789640553219116e-06,0.7513947382056165
2.855999999999907,0.0039999999999995595,0.0,0.001239181805026003,0.000316558759976871,3.1316094865149623e-06,3.7573363357559792e-06,0.7514238103472891
2.8599999999999066,0.0039999999999995595,0.0,0.0012390458017217608,0.0003165439540012048,3.131914164314643e-06,3.7162277567679603e-06,0.7514527520302376
2.863999999999906,0.0039999999999995595,0.0,0.0012389112715092904,0.0003165293378021295,3.132219576292587e-06,3.6665076772533736e-06,0.7514815635614559
2.8679999999999057,0.0039999999999995595,0.0,0.001238778325821101,0.0003165149452839491,3.132525751588982e-06,3.608361000115285e-06,0.7515102453360716
2.8719999999999053,0.0039999999999995595,0.0,0.001238647072277564,0.0003165008096216029,3.132832713685636e-06,3.541969981982929e-06,0.7515387978086222
2.875999999999905,0.0039999999999995595,0.0,0.001238517615221292,0.00031648696326036274,3.1331404805108015e-06,3.467517787940012e-06,0.7515672214734271
2.8799999999999044,0.0039999999999995595,0.0,0.0012383900553553325,0.0003164734379050521,3.133449064557258e-06,3.3851908513587207e-06,0.7515955168511862
2.883999999999904,0.0039999999999995595,0.0,0.0012382644896501043,0.00031646026450239174,3.133758472980702e-06,3.2951804175797536e-06,0.7516236844798264
2.8879999999999035,0.0039999999999995595,0.0,0.0012381410115192893,0.00031644747321896957,3.134068707753477e-06,3.197683525557755e-06,0.7516517249082578
2.891999999999903,0.0039999999999995595,0.0,0.0012380197104577815,0.0003164350934165773,3.1343797660460185e-06,3.09290359258167e-06,0.7516796386921029
2.8959999999999027,0.0039999999999995595,0.0,0.0012379006722175645,0.0003164231536261736,3.134691640404926e-06,2.9810507188927785e-06,0.751707426390788
2.899999999999902,0.0039999999999995595,0.0,0.0012377839787146452,0.0003164116815213488,3.1350043189627735e-06,2.862341798598792e-06,0.7517350885655498
2.9039999999999018,0.0039999999999995595,0.0,0.0012376697079359842,0.0003164007038919546,3.1353177857572935e-06,2.737000491981103e-06,0.7517626257780676
2.9079999999999013,0.0039999999999995595,0.0,0.001237557933936142,0.00031639024661840674,3.1356320209456168e-06,2.605257094533507e-06,0.7517900385895321
2.911999999999901,0.0039999999999995595,0.0,0.0012374487266545548,0.00031638033464702033,3.1359470010735996e-06,2.467348354736299e-06,0.75181732756
2.9159999999999004,0.0039999999999995595,0.0,0.0012373421522711516,0.0003163709919666882,3.1362626993192415e-06,2.3235172590472482e-06,0.7518444932479658
2.9199999999999,0.0039999999999995595,0.0,0.0012372382725751685,0.00031636224158710264,3.1365790857900573e-06,2.1740128399442994e-06,0.7518715362100441
2.9239999999998996,0.0039999999999995595,0.0,0.001237137145590116,0.0003163541055187205,3.1368961277150466e-06,2.0190900466049615e-06,0.7518984570007764
2.927999999999899,0.0039999999999995595,0.0,0.0012370388249426832,0.0003163466047545915,3.1372137896813852e-06,1.8590097764023207e-06,0.7519252561724863
2.9319999999998987,0.0039999999999995595,0.0,0.0012369433604880232,0.0003163397592541494,3.1375320339050226e-06,1.694039211635865e-06,0.7519519342751856
2.9359999999998982,0.0039999999999995595,0.0,0.0012368507976787799,0.00031633358792903176,3.1378508204775453e-06,1.524452755434733e-06,0.7519784918565076
2.939999999999898,0.0039999999999995595,0.0,0.0012367611781009418,0.0003163281086309779,3.1381701075759735e-06,1.3505341639612183e-06,0.7520049294616677
2.9439999999998974,0.0039999999999995595,0.0,0.0012366745390225398,0.0003163233381418188,3.138489851681147e-06,1.172581256442834e-06,0.7520312476334345
2.947999999999897,0.0039999999999995595,0.0,0.0012365909138400946,0.0003163192921655682,3.138810007794996e-06,9.909166837728593e-07,0.752057446912115
2.9519999999998965,0.0039999999999995595,0.0,0.0012365103317173041,0.00031631598532258623,3.1391305298857007e-06,8.059148907854324e-07,0.752083527835546
2.955999999999896,0.0039999999999995595,0.0,0.0012364328179420687,0.00031631343114579065,3.1394513707599217e-06,6.180806341926211e-07,0.7521094909390825
2.9599999999998956,0.0039999999999995595,0.0,0.001236358393655209,0.0003163116420788772,3.1397724824918067e-06,4.283419432472411e-07,0.7521353367556082
2.963999999999895,0.0039999999999995595,0.0,0.0012362870761180493,0.00031631062947648817,3.140093816594292e-06,2.397599062410551e-07,0.7521610658155337
2.9679999999998947,0.0039999999999995595,0.0,0.0012362188788006255,0.0003163104036062681,3.1404153242500244e-06,8.543342954315457e-08,0.7521866786468013
2.9719999999998943,0.0039999999999995595,0.0,0.0012361538110210013,0.0003163109736527335,3.140736956511074e-06,1.8916125695219406e-07,0.7522121757748915
2.975999999999894,0.0039999999999995595,0.0,0.0012360918783929735,0.00031631234772288045,3.1410586644680423e-06,3.813116518214444e-07,0.752237557722827
2.9799999999998934,0.0039999999999995595,0.0,0.0012360330828249553,0.0003163145328534592,3.1413803996121154e-06,5.815554843522775e-07,0.7522628250111892
2.983999999999893,0.0039999999999995595,0.0,0.001235977422608824,0.00031631753501981235,3.1417021138673163e-06,7.847631144363978e-07,0.7522879781581155
2.9879999999998925,0.0039999999999995595,0.0,0.0012359248921496179,0.0003163213591462093,3.1420237598681567e-06,9.897321945564269e-07,0.7523130176793159
2.991999999999892,0.0039999999999995595,0.0,0.0012358754823241322,0.0003163260091175883,3.1423452910882765e-06,1.1958988517709889e-06,0.7523379440880804
2.9959999999998916,0.0039999999999995595,0.0,0.0012358291808397465,0.00031633148779261743,3.142666662055577e-06,1.4028792009602225e-06,0.7523627578952924
2.999999999999891,0.0039999999999995595,0.0,0.0012357859715153852,0.0003163377970179921,3.142987828584074e-06,1.6103579642501105e-06,0.7523874596094342
3.0039999999998908,0.0039999999999995595,5.0,0.001229479379472978,0.0003143296242834192,3.1434037049047965e-06,0.001005878314493942,0.752412049736601
3.0079999999998903,0.0039999999999995595,5.0,0.0011994455092591229,0.0003050352097673677,3.144114104418345e-06,0.0027193411999553384,0.7524023403279845
3.01199999999989,0.0039999999999995595,5.0,0.0011482169236634592,0.00028990190484369765,3.144948884756649e-06,0.004109989890784883,0.7524180717125599
3.0159999999998894,0.0039999999999995595,5.0,0.001077486670129672,0.0002698445927143266,3.1457563627727464e-06,0.005298703213788148,0.7524460759450912
3.019999999999889,0.0039999999999995595,5.0,0.000988379290459056,0.00024541469722527936,3.146418572249853e-06,0.00636764858580693,0.75247941247627
3.0239999999998886,0.0039999999999995595,5.0,0.0008816433301930533,0.00021692011369526347,3.146852883226662e-06,0.007371551616020495,0.7525145297526568
3.027999999999888,0.0039999999999995595,5.0,0.0007577874338822265,0.00018450994192861707,3.1470079181502296e-06,0.00834577333551967,0.7525496903981426
3.0319999999998877,0.0039999999999995595,5.0,0.0006171762388228838,0.00014823403597599003,3.1468577491997382e-06,0.009312086819894776,0.7525841049192795
3.0359999999998872,0.0039999999999995595,5.0,0.00046009869274491795,0.00010808456499728506,3.146396190652408e-06,0.010282802465543353,0.7526174609979592
3.039999999999887,0.0039999999999995595,5.0,0.00028682425623495847,6.402473766239815e-05,3.1456318688801278e-06,0.011263711254047513,0.7526496723950179
3.0439999999998864,0.0039999999999995595,5.0,9.777821901113384e-05,1.6008372846991135e-05,3.144584208201333e-06,0.012256183395769322,0.7526807488026854
3.047999999999886,0.0039999999999995595,5.0,0.00010819083703977837,-3.615479167752486e-05,3.143235507341648e-06,0.013332532819990302,0.7527107315305784
3.0519999999998855,0.0039999999999995595,5.0,0.0003293160829248683,-9.285975530196771e-05,3.141513068634228e-06,0.014452273839304775,0.7527501688029469
3.055999999999885,0.0039999999999995595,5.0,0.0005661311485008708,-0.00015392540777874834,3.1395041749412225e-06,0.01553735971082466,0.7527856888858173
3.0599999999998846,0.0039999999999995595,5.0,0.0008180190842102623,-0.00021929295902847418,3.137270179501827e-06,0.016610993043955753,0.7528189490687757
3.063999999999884,0.0039999999999995595,5.0,0.0010845369409379039,-0.00028893204163013374,3.134857477545489e-06,0.017676496057703193,0.7528508848637396
3.0679999999998837,0.0039999999999995595,5.0,0.0013652119935971742,-0.00036279259468052083,3.1323015931885163e-06,0.018726984490163565,0.7528821284666684
3.0719999999998833,0.0039999999999995595,5.0,0.0016594002827168236,-0.00044071189783685184,3.1296868989888055e-06,0.0197280698435415,0.7529132753886376
3.075999999999883,0.0039999999999995595,5.0,0.0019662896543010573,-0.0005224160738806329,3.1270241170776827e-06,0.02065556692749654,0.7529448859060114
3.0799999999998824,0.0039999999999995595,5.0,0.002285036652048335,-0.0006076160613650907,3.1242960682033807e-06,0.021511724433420247,0.7529769247854079
3.083999999999882,0.0039999999999995595,5.0,0.002614817634000492,-0.0006960420640511198,3.12149091483984e-06,0.02230202812837652,0.7530090967418999
3.0879999999998815,0.0039999999999995595,5.0,0.0029548496911014147,-0.0007874562102816526,3.1186031507034925e-06,0.02303545710832731,0.7530409394911584
3.091999999999881,0.0039999999999995595,5.0,0.003304417538495794,-0.0008816689750062119,3.1156358831024547e-06,0.023725186885386728,0.7530718437632037
3.0959999999998806,0.0039999999999995595,5.0,0.003662895804779843,-0.0009785526134163626,3.1126183843243648e-06,0.024387022786054677,0.7531011697782045
3.09999999999988,0.0039999999999995595,5.0,0.004029732211787793,-0.0010780295756415545,3.1095892089029952e-06,0.025031119440125912,0.7531288899821676
3.1039999999998797,0.0039999999999995595,5.0,0.004404390715423848,-0.001180034938930859,3.1065754246525515e-06,0.025658423944800175,0.7688064976604534
3.1079999999998793,0.0039999999999995595,5.0,0.004786311068943106,-0.0012844893957864004,3.103597871819936e-06,0.026264412778654506,0.8232815490577415
3.111999999999879,0.0039999999999995595,5.0,0.005174893702824992,-0.0013912886164459436,3.100673971749793e-06,0.02684255752958136,0.878415043570451
3.1159999999998784,0.0039999999999995595,5.0,0.005569497415418781,-0.0015003008938037036,3.097819088892508e-06,0.027386062890093685,0.9340586642689194
3.119999999999878,0.0039999999999995595,5.0,0.005969485828419981,-0.0016113177730785878,3.095062236864541e-06,0.027863166289286718,0.9340586642689194
3.1239999999998775,0.0039999999999995595,5.0,0.006374347603529809,-0.0017240557577814259,3.092448612455071e-06,0.028287568702926792,0.9900664096400684
3.127999999999877,0.0039999999999995595,5.0,0.00678346735517658,-0.001838479763348155,3.0899518636166527e-06,0.0287177141882592,1.1037927431466952
3.1319999999998767,0.0039999999999995595,5.0,0.007196126104913116,-0.0019545624771603255,3.087545832508039e-06,0.029105721699650044,1.1037927431466952
3.135999999999876,0.0039999999999995595,5.0,0.007611735707554207,-0.0020719575646094704,3.085283841005221e-06,0.02942007794390562,1.1603333869585706
3.139999999999876,0.0039999999999995595,5.0,0.00802956433554203,-0.0021904637554222457,3.083162669500895e-06,0.029686561945746318,1.217188071456624
3.1439999999998753,0.0039999999999995595,5.0,0.008448995113446095,-0.0023098717642642905,3.0811903838443718e-06,0.029892133996159562,1.217188071456624
3.147999999999875,0.0039999999999995595,5.0,0.008869316952154808,-0.002429898920468658,3.079379433214177e-06,0.030030495398484847,1.3867459513862666
3.1519999999998745,0.0039999999999995595,5.0,0.009289048680044177,-0.0025502852675328746,3.077675175223612e-06,0.030101381161026966,1.4419831982518407
3.155999999999874,0.0039999999999995595,5.0,0.009707403445178725,-0.0026707430000785454,3.0760813490034666e-06,0.030101610496645954,1.4964700675601137
3.1599999999998736,0.0039999999999995595,5.0,0.010123634094105334,-0.002791003643925307,3.0745962632680286e-06,0.030035857031021997,1.5501190324490501
3.163999999999873,0.0039999999999995595,5.0,0.010537031101975765,-0.002910816157504879,3.0732144356757705e-06,0.029908417201732318,1.6028499846815543
3.1679999999998727,0.0039999999999995595,5.0,0.010946921913250788,-0.0030299461425744765,3.0719276660962216e-06,0.029723421502425084,1.6545895631037126
3.1719999999998723,0.0039999999999995595,5.0,0.011352670547287566,-0.003148175363330119,3.0707257766504912e-06,0.029484883002511664,1.7052706641011701
3.175999999999872,0.0039999999999995595,5.0,0.011753677021110054,-0.00326530124281303,3.069597152692473e-06,0.029196681475881246,1.754832031413374
3.1799999999998714,0.0039999999999995595,5.0,0.01214937647239228,-0.0033811362318204546,3.0685291635168184e-06,0.02886252979371025,1.8032178802914252
3.183999999999871,0.0039999999999995595,5.0,0.012539238008624685,-0.0034955070465008987,3.067508509919246e-06,0.02848594281580972,1.8503775391667854
3.1879999999998705,0.0039999999999995595,5.0,0.01292276335847865,-0.0036082538093356593,3.066521525981927e-06,0.028070215993338726,1.8962651048884736
3.19199999999987,0.0039999999999995595,5.0,0.013299485409135592,-0.0037192291372056914,3.065554450732057e-06,0.027618414849758223,1.9408391127730114
3.1959999999998696,0.0039999999999995595,5.0,0.013668966702455,-0.0038282972165281284,3.0645936771367586e-06,0.027133373995727357,1.9840622241975732
3.199999999999869,0.0039999999999995595,5.0,0.014030797947155046,-0.003935332897295394,3.063625981581695e-06,0.02661770354118659,2.0259009343172947
3.2039999999998687,0.0039999999999995595,0.0,0.014376111485476973,-0.004036780181812069,3.0626268117387644e-06,0.024353890745322775,2.066325301730766
3.2079999999998683,0.0039999999999995595,0.0,0.014682240125086569,-0.004124158805643901,3.0615301138019734e-06,0.021147107730694212,2.1025175790484676
3.211999999999868,0.0039999999999995595,0.0,0.01495552182752652,-0.00420149143516081,3.0602085174651865e-06,0.01880362449300263,2.1334417927960834
3.2159999999998674,0.0039999999999995595,0.0,0.015199405300440345,-0.004270942568171643,3.058560135772801e-06,0.016920060499143633,2.1595256281262025
3.219999999999867,0.0039999999999995595,0.0,0.015415614193440518,-0.004333552350763462,3.0569119338080155e-06,0.015243316575316178,2.1810092822482416
3.2239999999998665,0.0039999999999995595,0.0,0.015604875809750163,-0.004389693854765251,3.0554711514564375e-06,0.01363425084678169,2.1980573203236577
3.227999999999866,0.0039999999999995595,0.0,0.01576745263809359,-0.004439425266430502,3.054431172219002e-06,0.012028795846055044,2.2107629079495665
3.2319999999998656,0.0039999999999995595,0.0,0.015903443966049147,-0.004482694233877919,3.054088581704429e-06,0.010409260551377891,2.2191847877780573
3.235999999999865,0.0039999999999995595,0.0,0.016013294345563433,-0.004519659743312729,3.0542896129607612e-06,0.008857241833594166,2.223301952439805
3.2399999999998648,0.0039999999999995595,0.0,0.016097729056168863,-0.004550640199940629,3.0548134801121456e-06,0.0073751698241011415,2.223165917939372
3.2439999999998643,0.0039999999999995595,0.0,0.016157285450767826,-0.004575814769927297,3.055585736671563e-06,0.005931027040427292,2.2188432662816755
3.247999999999864,0.0039999999999995595,0.0,0.016192392634555422,-0.00459527534930587,3.056557015955012e-06,0.0045059767404011354,2.2104450886599207
3.2519999999998634,0.0039999999999995595,0.0,0.016203431517699075,-0.004609066381550655,3.0576929882200155e-06,0.0030901210728914853,2.1980875940638307
3.255999999999863,0.0039999999999995595,0.0,0.01619078080767956,-0.004617217286455639,3.058968251028174e-06,0.0016825627354354164,2.1818937514703394
3.2599999999998626,0.0039999999999995595,0.0,0.01615493670811999,-0.004619845998138377,3.0603584373391607e-06,0.00031101268253105787,2.1619492263159232
3.263999999999862,0.0039999999999995595,0.0,0.016096402233037405,-0.004617072753029812,3.0618421607157552e-06,0.0010342482854351323,2.1383334841693267
3.2679999999998617,0.0039999999999995595,0.0,0.016015633106896163,-0.004608970685528119,3.063402395796007e-06,0.002363185594052354,2.111182816021655
3.2719999999998612,0.0039999999999995595,0.0,0.015913072894103413,-0.004595589951989594,3.0650230502239244e-06,0.003680369915041927,2.080638002202024
3.275999999999861,0.0039999999999995595,0.0,0.015789175052322968,-0.004576973291904134,3.066687422443771e-06,0.004986908015239461,2.046844897544832
3.2799999999998604,0.0039999999999995595,0.0,0.015644416183602513,-0.004553165837437606,3.0683776965081945e-06,0.0062817407127910545,2.0099543428352398
3.28399999999986,0.0039999999999995595,0.0,0.01547930337639132,-0.004524221064769688,3.070075009054867e-06,0.007562512821410309,1.9701216622134299
3.2879999999998595,0.0039999999999995595,0.0,0.015294377600064402,-0.004490204164239568,3.071759831944155e-06,0.008826154581325392,1.9275059215609236
3.291999999999859,0.0039999999999995595,0.0,0.015090214484640875,-0.0044511936919782915,3.0734125242846947e-06,0.010069268091097925,1.8822690651757725
3.2959999999998586,0.0039999999999995595,0.0,0.014867423392832639,-0.004407282086892076,3.075013964682999e-06,0.011288381698519217,1.8345750086759858
3.299999999999858,0.0039999999999995595,0.0,0.014626645403333827,-0.0043585754489505486,3.0765462050263994e-06,0.012480114802649838,1.7845887392066322
3.3039999999998577,0.0039999999999995595,0.0,0.014368550628204042,-0.00430519284783411,3.0779931028629734e-06,0.01364128175262987,1.732475455686244
3.3079999999998573,0.0039999999999995595,0.0,0.014093447341487032,-0.004247015998390074,3.079351166931301e-06,0.014893605812916372,1.6783997693041055
3.311999999999857,0.0039999999999995595,0.0,0.013800489949697747,-0.004183183454277586,3.0806409534430944e-06,0.01634793477142728,1.622795422919096
3.3159999999998564,0.0039999999999995595,0.0,0.01348950139519819,-0.004113266004302159,3.0818540621595417e-06,0.017874632923039997,1.5657567967214234
3.319999999999856,0.0039999999999995595,0.0,0.013160994509771318,-0.004037278785760331,3.0829686187791926e-06,0.019380034716478787,1.5073260251287168
3.3239999999998555,0.0039999999999995595,0.0,0.0128158243890763,-0.003955456564327547,3.0839661868806394e-06,0.020818516810442333,1.4475979323033752
3.327999999999855,0.0039999999999995595,0.0,0.01245500284898748,-0.003868134343228192,3.084836938186844e-06,0.022169900044831884,1.3866923804913887
3.3319999999998546,0.0039999999999995595,0.0,0.01207960075210802,-0.003775684932060767,3.085580225799653e-06,0.023427238536248327,1.3247395284798988
3.335999999999854,0.0039999999999995595,0.0,0.011690697816334632,-0.003678487197227239,3.086203617299467e-06,0.02459025064591612,1.2618720936344419
3.3399999999998538,0.0039999999999995595,0.0,0.011289357937643319,-0.003576910732319239,3.08672158156236e-06,0.025661811017165352,1.1982214011615415
3.3439999999998533,0.0039999999999995595,0.0,0.010876618088772676,-0.0034713092195201123,3.0871542237690817e-06,0.026646100788274212,1.1339154700571914
3.347999999999853,0.0039999999999995595,0.0,0.010453484315770136,-0.0033620183028262034,3.0875261531159656e-06,0.02754765375695352,1.069078183717362
3.3519999999998524,0.0039999999999995595,0.0,0.010020931327645081,-0.003249355721808448,3.087865469119185e-06,0.02837088457006265,1.0038290281439386
3.355999999999852,0.0039999999999995595,0.0,0.009579903792560152,-0.0031336225011164708,3.0882028361404817e-06,0.02911987429438069,0.93828311760115
3.3599999999998515,0.0039999999999995595,0.0,0.009131318335537939,-0.0030151045584756093,3.088570625075985e-06,0.029798291569780807,0.8725513566306761
3.363999999999851,0.0039999999999995595,0.0,0.00867606571227153,-0.0028940744012562305,3.0890021144226887e-06,0.030409383427034493,0.8067406576249767
3.3679999999998507,0.0039999999999995595,0.0,0.008215012893860367,-0.002770792747615443,3.089530751523557e-06,0.030956000221431353,0.7539419270207207
3.3719999999998502,0.0039999999999995595,0.0,0.007749004938576464,-0.002645509997263753,3.0901894796759625e-06,0.03144063564309734,0.7539649482374189
3.37599999999985,0.0039999999999995595,0.0,0.007278866602263408,-0.0025184675241646235,3.0910101371688886e-06,0.031865471742221665,0.7539882255366493
3.3799999999998493,0.0039999999999995595,0.0,0.006805402536227883,-0.002389898091889378,3.092021669979635e-06,0.03223277158357247,0.7540117201633839
3.383999999999849,0.0039999999999995595,0.0,0.006329391853296731,-0.002260022618565649,3.09325064309538e-06,0.03254572395285382,0.7540355208345938
3.3879999999998485,0.0039999999999995595,0.0,0.005851584016387833,-0.002129047811447756,3.0947204712366483e-06,0.032807934522109644,0.7540596914192629
3.391999999999848,0.0039999999999995595,0.0,0.005372704528942773,-0.001997170199214897,3.0964344691069135e-06,0.03302116570762139,0.7540841433097317
3.3959999999998476,0.0039999999999995595,0.0,0.004893458448119648,-0.0018646662808604595,3.0984130007531482e-06,0.033144649428171885,0.7540841433097317
3.399999999999847,0.0039999999999995595,0.0,0.0044144688994658685,-0.001731937169862924,3.100669740631173e-06,0.03319342761828209,0.7541087044654207
3.4039999999998467,0.0039999999999995595,0.0,0.003936308836734665,-0.0015990913406822775,3.1032683112224172e-06,0.03321087194405593,0.7541306456105439
3.4079999999998463,0.0039999999999995595,0.0,0.003459722794456277,-0.0014662876834610158,3.1061758215744953e-06,0.033194034871569425,0.7541748229973825
3.411999999999846,0.0039999999999995595,0.0,0.002985659644040647,-0.001333680123030659,3.1093673704838297e-06,0.03312575583798334,0.7541996042921337
3.4159999999998454,0.0039999999999995595,0.0,0.0025147594671947777,-0.0012015033775853595,3.112741085485077e-06,0.032994062784962606,0.7542278563098516
3.419999999999845,0.0039999999999995595,0.0,0.0020468883091141754,-0.0010695183237804274,3.116245615904056e-06,0.0330138655784486,0.7542699217585884
3.4239999999998445,0.0039999999999995595,0.0,0.0015813197180486534,-0.0009370643448651954,3.119947680711706e-06,0.03313749504081385,0.7543058484082068
3.427999999999844,0.0039999999999995595,0.0,0.0011182774570056748,-0.0008041101337576253,3.123839014380567e-06,0.03325931192724024,0.7543411797295476
3.4319999999998436,0.0039999999999995595,0.0,0.0006582447615885903,-0.0006707920950611424,3.1279201732561355e-06,0.03333554741353358,0.7543750384313012
3.435999999999843,0.0039999999999995595,0.0,0.00020198606645652727,-0.000537383570404539,3.1321897137970687e-06,0.03333892097237379,0.7544077798844426
3.4399999999998427,0.0039999999999995595,0.0,0.0002503127605837758,-0.0004042138272712811,3.136649342199854e-06,0.033257945805659675,0.7544393743873844
3.4439999999998423,0.0039999999999995595,0.0,0.0006970003741946996,-0.0002716315123016169,3.1413029074184097e-06,0.03308975058924319,0.7544698552931616
3.447999999999842,0.0039999999999995595,0.0,0.001137833109752701,-0.00013997901383968193,3.1461559303425283e-06,0.032836978949545736,0.7544992389631768
3.4519999999998414,0.0039999999999995595,0.0,0.001572047824006394,-9.578144291704894e-06,3.1512147542492157e-06,0.03250540139667847,0.7545275493113641
3.455999999999841,0.0039999999999995595,0.0,0.001998992153730906,0.00011927778455439797,3.1564857772117114e-06,0.03210244506538415,0.7545548116798432
3.4599999999998405,0.0039999999999995595,0.0,0.0024180799299283826,0.00024632749930469624,3.161974735440675e-06,0.03163621851198565,0.7545810527158539
3.46399999999984,0.0039999999999995595,0.0,0.002828787582542514,0.00037134252209483214,3.167686058718457e-06,0.031114888055157934,0.7546062993901618
3.4679999999998397,0.0039999999999995595,0.0,0.0032306511028037067,0.0004941261463517168,3.173622291022521e-06,0.030546282199612224,0.754630579017271
3.471999999999839,0.0039999999999995595,0.0,0.003623261929401842,0.0006145113167469305,3.1797835762535116e-06,0.029937650734617138,0.7546539196012274
3.4759999999998388,0.0039999999999995595,0.0,0.004006262049130463,0.0007323578739041711,3.1861672120888853e-06,0.0292955285367829,0.7546763503340697
3.4799999999998383,0.0039999999999995595,0.0,0.004379338708115834,0.0008475494796098508,3.1927672775428515e-06,0.028625671192180527,0.7583804222151381
3.483999999999838,0.0039999999999995595,0.0,0.004742219047011059,0.0009599904396610541,3.1995743406897253e-06,0.027933040092169632,0.790581732308378
3.4879999999998375,0.0039999999999995595,0.0,0.00509466488370892,0.0010696025740541092,3.206575252467037e-06,0.027221821605938747,0.8212405835651926
3.491999999999837,0.0039999999999995595,0.0,0.005436467799223169,0.0011763222368642973,3.2137530307609237e-06,0.02649546946171992,0.8503826452280836
3.4959999999998366,0.0039999999999995595,0.0,0.0057674446277716325,0.0012800975541932126,3.2210868371993373e-06,0.02575676249061455,0.8780319441272137
3.499999999999836,0.0039999999999995595,0.0,0.00608743341439952,0.001380885923617834,3.228552046744212e-06,0.025007871942119286,0.9042105642908089
3.5039999999998357,0.0039999999999995595,0.0,0.00639628987239335,0.001478651799909429,3.2361204080489006e-06,0.024250434019282882,0.9289384661451252
3.5079999999998353,0.0039999999999995595,0.0,0.006693884350476885,0.0015733647776251098,3.243760290066519e-06,0.023485624322496196,0.9522334113999792
3.511999999999835,0.0039999999999995595,0.0,0.006980099302618711,0.0016649979703543367,3.251437008525483e-06,0.022714231671694743,0.9741109791297953
3.5159999999998344,0.0039999999999995595,0.0,0.007254827240350346,0.0017535266781569928,3.2591132239643306e-06,0.02193672938292366,0.9945846585155148
3.519999999999834,0.0039999999999995595,0.0,0.007517969137644448,0.0018389273285296223,3.266749400828022e-06,0.021153342560157253,1.0136660040850962
3.5239999999998335,0.0039999999999995595,0.0,0.0077694332517834,0.0019211766717022575,3.2743043161116903e-06,0.02036411036014654,1.0313648399799429
3.527999999999833,0.0039999999999995595,0.0,0.008009134319163329,0.0020002512079135763,3.281735604492977e-06,0.019568942517685393,1.0476895006976645
3.5319999999998326,0.0039999999999995595,0.0,0.008236993082207154,0.002076126822309545,3.2890003264179416e-06,0.01876766969423519,1.0626470968483432
3.535999999999832,0.0039999999999995595,0.0,0.008452936102484356,0.0021487786020712124,3.2960555449677125e-06,0.017960087443013185,1.0762437956529662
3.5399999999998317,0.0039999999999995595,0.0,0.008656890434825355,0.002218176486028486,3.302839577747988e-06,0.0171438029562956,1.0884871205551465
3.5439999999998313,0.0039999999999995595,0.0,0.008848797279688509,0.002284290260844203,3.309312195218918e-06,0.016323410926371074,1.0994218564977385
3.547999999999831,0.0039999999999995595,0.0,0.009028695323242885,0.002347147476024423,3.315430374572321e-06,0.015512105075483687,1.1090251586431297
3.5519999999998304,0.0039999999999995595,0.0,0.009196658355277693,0.002406793749469927,3.321156762988131e-06,0.01471175216739071,1.1172656991622871
3.55599999999983,0.0039999999999995595,0.0,0.009352749063104404,0.00246326265293871,3.326456658267432e-06,0.013918550351589792,1.124128743284928
3.5599999999998295,0.0039999999999995595,0.0,0.009497007577979303,0.002516568140593106,3.3312976508997785e-06,0.013127576362647414,1.129608191838128
3.563999999999829,0.0039999999999995595,0.0,0.00962945396347464,0.002566706039703866,3.3356501339577066e-06,0.012334555614714674,1.1337031169620004
3.5679999999998286,0.0039999999999995595,0.0,0.009750095268561144,0.0026136585350096755,3.3394879761528695e-06,0.01153639570159723,1.1364163548082193
3.571999999999828,0.0039999999999995595,0.0,0.009858933155909124,0.002657399066483557,3.3427891044084247e-06,0.010731204632278108,1.137753994779986
3.5759999999998278,0.0039999999999995595,0.0,0.009955970592282717,0.002697896661295679,3.3455359199950998e-06,0.009918122226248776,1.1377252236568804
3.5799999999998273,0.0039999999999995595,0.0,0.010041217180729062,0.002735119425979814,3.3477155392831147e-06,0.009097107336402814,1.1363422803470524
3.583999999999827,0.0039999999999995595,0.0,0.010114693162503078,0.0027690372131410107,3.3493198727459187e-06,0.008268737659238643,1.1336204179602911
3.5879999999998264,0.0039999999999995595,0.0,0.01017656986123227,0.002799711732490547,3.3503531893384287e-06,0.007466947662143554,1.1295651532667716
3.591999999999826,0.0039999999999995595,0.0,0.010227159504947117,0.002827289422707853,3.350821519633921e-06,0.006699828137593479,1.1241601296913146
3.5959999999998256,0.0039999999999995595,0.0,0.01026671357680994,0.002851871952120468,3.350729759657672e-06,0.0059555408274054675,1.1174439800508567
3.599999999999825,0.0039999999999995595,0.0,0.010295438526043105,0.0028735268018873074,3.350085194618313e-06,0.00522651954354438,1.10945738701229
3.6039999999998247,0.0039999999999995595,0.0,0.010313515704914147,0.0028923004896913096,3.3488982569689446e-06,0.004508177191078574,1.1002394890158431
3.6079999999998242,0.0039999999999995595,0.0,0.010321114511894398,0.0029082273675493614,3.3471826042130846e-06,0.00379790728660642,1.0898289068798868
3.611999999999824,0.0039999999999995595,0.0,0.010318400973940307,0.00292133545357032,3.344954892621309e-06,0.0030944143644118594,1.0782643671318894
3.6159999999998234,0.0039999999999995595,0.0,0.010305543260991121,0.002931650270948602,3.3422344331017276e-06,0.002397263771506446,1.0655850541608956
3.619999999999823,0.0039999999999995595,0.0,0.010282715133664506,0.0029391973444208006,3.33904281670386e-06,0.0017065781376739012,1.0518307811817318
3.6239999999998225,0.0039999999999995595,0.0,0.010250097996066446,0.0029440037897686387,3.335403547551174e-06,0.0010228322236959502,1.03704204154597
3.627999999999822,0.0039999999999995595,0.0,0.010207882007380552,0.0029460992891819325,3.33134169827251e-06,0.0003467145169169534,1.021259982624761
3.6319999999998216,0.0039999999999995595,0.0,0.01015626655895726,0.0029455166501724233,3.326883592332342e-06,0.00032097410652491055,1.0045263313176014
3.635999999999821,0.0039999999999995595,0.0,0.010095460325702538,0.00294229208220051,3.322056514283023e-06,0.0009793627508572452,0.9868832912037758
3.6399999999998207,0.0039999999999995595,0.0,0.010025681034456406,0.0029364652826107626,3.316888447458515e-06,0.001627584047820964,0.9683734251095389
3.6439999999998203,0.0039999999999995595,0.0,0.009947155047804204,0.002928079394829462,3.3114078385282983e-06,0.0022647808831129206,0.9490395325172092
3.64799999999982,0.0039999999999995595,0.0,0.009860116830989725,0.002917180882398045,3.3056433881977797e-06,0.0028901326806759072,0.9289245281921188
3.6519999999998194,0.0039999999999995595,0.0,0.009764808349397509,0.002903819349213966,3.299623867192964e-06,0.0035028665907856043,0.9080713262448992
3.655999999999819,0.0039999999999995595,0.0,0.009661478429408343,0.002888047327280315,3.2933779566189996e-06,0.0041022644605743135,0.8865227323082722
3.6599999999998185,0.0039999999999995595,0.0,0.00955038210587058,0.0028699200469716447,3.2869341113470734e-06,0.004687666413617337,0.8643213454042014
3.663999999999818,0.0039999999999995595,0.0,0.009431779971846441,0.0028494952004054796,3.2803204445755587e-06,0.005258472015457442,0.8415094702832635
3.6679999999998176,0.0039999999999995595,0.0,0.009305937542134001,0.0028268327053679473,3.2735646320333976e-06,0.005814139741324618,0.8181290404470279
3.671999999999817,0.0039999999999995595,0.0,0.009173124637575749,0.002801994474978561,3.266693833437083e-06,0.006354185266607096,0.7942215516559282
3.6759999999998167,0.0039999999999995595,0.0,0.009033614795251001,0.0027750441966259993,3.259734628796904e-06,0.006878178962124512,0.7698280054377936
3.6799999999998163,0.0039999999999995595,0.0,0.008887684707291654,0.0027460471224840786,3.252712967559792e-06,0.007385742877688409,0.7553101433003724
3.683999999999816,0.0039999999999995595,0.0,0.008735613689904963,0.0027150698730033685,3.245654128073101e-06,0.007876547426325889,0.7553174129462623
3.6879999999998154,0.0039999999999995595,0.0,0.008577683182801613,0.002682180254085987,3.238582685360936e-06,0.008350307929216845,0.7553245677228436
3.691999999999815,0.0039999999999995595,0.0,0.008414176278822006,0.002647447088131796,3.231522485058273e-06,0.00880678114215428,0.7553316176237032
3.6959999999998145,0.0039999999999995595,0.0,0.008245377282687524,0.0026109400587532483,3.224496621832909e-06,0.009245761854268468,0.7553385726027418
3.699999999999814,0.0039999999999995595,0.0,0.008071571297432741,0.0025727295686649616,3.2175274207444975e-06,0.0096670796262957,0.7553454424981028
3.7039999999998137,0.0039999999999995595,0.0,0.007893043837002723,0.0025328866100417305,3.210636420182508e-06,0.010070595717058352,0.755352236965414
3.7079999999998132,0.0039999999999995595,0.0,0.007710080462968122,0.002491482646489531,3.203844355453827e-06,0.010456200231859577,0.7553589654205544
3.711999999999813,0.0039999999999995595,0.0,0.007522966443505499,0.002448589505676102,3.1971711420817258e-06,0.010823809514354674,0.7553656369918552
3.7159999999998123,0.0039999999999995595,0.0,0.007331986432650464,0.0024042792816113315,3.190635858336121e-06,0.011173363793587807,0.7553722604814169
3.719999999999812,0.0039999999999995595,0.0,0.007137424167775371,0.0023586242455452995,3.1842567266724862e-06,0.011504825089828065,0.7553788443350542
3.7239999999998115,0.0039999999999995595,0.0,0.00693956218344357,0.002311696764456906,3.1780510938468267e-06,0.011818175376350458,0.7553853966202402
3.727999999999811,0.0039999999999995595,0.0,0.006738681539887735,0.002263569226133233,3.172035409807512e-06,0.012113414989083145,0.7553919250113421
3.7319999999998106,0.0039999999999995595,0.0,0.006535061564178208,0.002214313969884394,3.16622520526923e-06,0.012390561271981246,0.7553984367813975
3.73599999999981,0.0039999999999995595,0.0,0.006328979602854429,0.0021640032219967065,3.1606350686586863e-06,0.01264964744285097,0.7554049387996392
3.7399999999998097,0.0039999999999995595,0.0,0.006120710784302468,0.002112709035094967,3.1552786223621356e-06,0.012890721662095836,0.7554114375339961
3.7439999999998093,0.0039999999999995595,0.0,0.005910527789924346,0.002060503230659554,3.1501684989392573e-06,0.013113846285291502,0.7554179390578022
3.747999999999809,0.0039999999999995595,0.0,0.005698700632781838,0.0020074573440232394,3.145316317696529e-06,0.013319097279589699,0.7554244490599912
3.7519999999998084,0.0039999999999995595,0.0,0.005485496442857584,0.0019536425712538773,3.14073266223891e-06,0.013506563783570772,0.7554309728580807
3.755999999999808,0.0039999999999995595,0.0,0.005271179258179914,0.0018991297174105388,3.136427059235974e-06,0.013676347790229988,0.7554375154133139
3.7599999999998075,0.0039999999999995595,0.0,0.005056009821345205,0.00184398914574064,3.132407959205718e-06,0.013828563933247903,0.755444081347373
3.763999999999807,0.0039999999999995595,0.0,0.004840223310155344,0.0017882770429661955,3.128683382156788e-06,0.01397018238714793,0.7554506749601358
3.7679999999998066,0.0039999999999995595,0.0,0.004624039697262051,0.0017320422057948415,3.1252624429770265e-06,0.014099132917744799,0.7554571691551433
3.771999999999806,0.0039999999999995595,0.0,0.004407656839942937,0.0016753219330695132,3.1221513646725138e-06,0.014216241174193697,0.7554634737807897
3.7759999999998057,0.0039999999999995595,0.0,0.00419131968623271,0.0016181850504452659,3.119354212781548e-06,0.014314889459048333,0.7554697663323022
3.7799999999998053,0.0039999999999995595,0.0,0.003975294166704987,0.0015607153517832471,3.116873325570419e-06,0.01439207556380386,0.7554761517238172
3.783999999999805,0.0039999999999995595,0.0,0.003759851929417926,0.0015030020035795995,3.114709478852369e-06,0.014446875690078494,0.7554826819730488
3.7879999999998044,0.0039999999999995595,0.0,0.0035452617614607548,0.0014451342035568505,3.1128620753659306e-06,0.014479506490948967,0.7554893777287952
3.791999999999804,0.0039999999999995595,0.0,0.003331785070314053,0.0013871984077302882,3.1113292909374676e-06,0.014490762039962319,0.7554962423030951
3.7959999999998035,0.0039999999999995595,0.0,0.0031196098784461094,0.001329234954042128,3.110111390328555e-06,0.014502743309127231,0.7555032703679552
3.799999999999803,0.0039999999999995595,0.0,0.0029087692680128323,0.0012711866601879597,3.109189055139812e-06,0.01452181667273662,0.7555112582524212
3.8039999999998027,0.0039999999999995595,0.0,0.002699435311773274,0.0012130919888812515,3.1085564251715754e-06,0.014529619475031084,0.7555188406798347
3.807999999999802,0.0039999999999995595,0.0,0.0024918089706812865,0.0011550102096679464,3.1082149554040274e-06,0.014521804857160458,0.7555262092601384
3.8119999999998018,0.0039999999999995595,0.0,0.0022861035998472286,0.0010970107494956678,3.1081635459412827e-06,0.01449625789325014,0.7555334743983383
3.8159999999998013,0.0039999999999995595,0.0,0.0020825364014885653,0.0010391677059585658,3.1083986262352084e-06,0.014452040468477857,0.7555407076892227
3.819999999999801,0.0039999999999995595,0.0,0.0018813237355615616,0.0009815568628703528,3.1089144757772053e-06,0.01438885783431745,0.7555479539232924
3.8239999999998004,0.0039999999999995595,0.0,0.0016826784816709442,0.0009242540307906922,3.109703589317249e-06,0.014306775097810588,0.7555552403581615
3.8279999999998,0.0039999999999995595,0.0,0.0014868085156026364,0.0008673341006695081,3.1107570111949395e-06,0.014206063945319041,0.7555625832160252
3.8319999999997996,0.0039999999999995595,0.0,0.001293915813898156,0.0008108704888162936,3.1120646166681927e-06,0.014087118090134207,0.7555699919821838
3.835999999999799,0.0039999999999995595,0.0,0.001104195938331383,0.0007549348014754032,3.1136153396710216e-06,0.01395040553865188,0.7555774721371281
3.8399999999997987,0.0039999999999995595,0.0,0.0009178378020380793,0.000699596625792812,3.1153973551785254e-06,0.013796440934896402,0.755585026838498
3.8439999999997982,0.0039999999999995595,0.0,0.0007350237651626375,0.0006449233955736213,3.1173982257052394e-06,0.013625769077565254,0.7555926579268757
3.847999999999798,0.0039999999999995595,0.0,0.0005559304578383838,0.0005909803026376034,3.1196050207228115e-06,0.013438954793664597,0.7556003665092428
3.8519999999997974,0.0039999999999995595,0.0,0.0003807323216407019,0.0005378302368673866,3.12200441631824e-06,0.013236576515174884,0.755608153285369
3.855999999999797,0.0039999999999995595,0.0,0.00020962266158330885,0.00048553374492039145,3.124582780550578e-06,0.013019222065761294,0.7556160187216472
3.8599999999997965,0.0039999999999995595,0.0,4.331811129817842e-05,0.0004341490015102315,3.1273262486039684e-06,0.012787485798391535,0.7556239631368786
3.863999999999796,0.0039999999999995595,0.0,0.00012053556941925328,0.00038373178946770963,3.1302207908218464e-06,0.012541966577714538,0.7556319867390354
3.8679999999997956,0.0039999999999995595,0.0,0.00027855773480625943,0.000334335486173589,3.133252275408621e-06,0.012283266301842443,0.7556400896360911
3.871999999999795,0.0039999999999995595,0.0,0.0004321131295643675,0.000286011054803766,3.1364065274106664e-06,0.012011988775004265,0.7556482718342786
3.8759999999997947,0.0039999999999995595,0.0,0.0005809786095532576,0.00023880703936016712,3.139669384680629e-06,0.011728738812053831,0.7556565332312492
3.8799999999997943,0.0039999999999995595,0.0,0.0007250260177348125,0.00019276956280222333,3.1430267514866937e-06,0.011434121498140798,0.7556648736081205
3.883999999999794,0.0039999999999995595,0.0,0.0008641462723318447,0.00014794232781702223,3.146464650094059e-06,0.01112874155318347,0.7556732926224144
3.8879999999997934,0.0039999999999995595,0.0,0.000998240978121522,0.0001043666199146708,3.149969270393245e-06,0.010813202767527168,0.7556817898027085
3.891999999999793,0.0039999999999995595,0.0,0.0011272254248212595,6.207787257354892e-05,3.1535686775108104e-06,0.01048894199935306,0.7556903671273493
3.8959999999997925,0.0039999999999995595,0.0,0.0012510853017134289,2.1069632152394407e-05,3.157161023247195e-06,0.010169555500786714,0.7556989195873148
3.899999999999792,0.0039999999999995595,0.0,0.0013697517447279924,-1.8665022658269756e-05,3.1606819698315714e-06,0.00983492680011188,0.7557127676755672
3.9039999999997916,0.0039999999999995595,0.0,0.0014824734949889532,-5.666782011343041e-05,3.164146374220323e-06,0.009372720381132047,0.755728866774822
3.907999999999791,0.0039999999999995595,0.0,0.0015887340758601336,-9.261883317452613e-05,3.1675835189870302e-06,0.008852677255203546,0.7557426405685286
3.9119999999997908,0.0039999999999995595,0.0,0.0016884368238341328,-0.000126468117339879,3.1709956739545787e-06,0.008329586206144964,0.7557553650853682
3.9159999999997903,0.0039999999999995595,0.0,0.001781656160318199,-0.00015827502548605298,3.1743755034109057e-06,0.007824465496874308,0.7557675963154585
3.91999999999979,0.0039999999999995595,0.0,0.0018685157761870953,-0.00018812958604818333,3.1777130156979217e-06,0.0073420314329564265,0.7557795896228348
3.9239999999997894,0.0039999999999995595,0.0,0.0019491576767333332,-0.00021613237361559553,3.181003228122213e-06,0.006887621159373961,0.7557914777855209
3.927999999999789,0.0039999999999995595,0.0,0.002023756155219443,-0.0002424030619610098,3.1842534679099455e-06,0.006461286152363843,0.7558032853555332
3.9319999999997886,0.0039999999999995595,0.0,0.002092434866026391,-0.00026702700566468945,3.1874504057743134e-06,0.006053744404163511,0.7558151180923388
3.935999999999788,0.0039999999999995595,0.0,0.002155282537453958,-0.0002900647588707345,3.1905795822992824e-06,0.005660559228752004,0.7558268967661653
3.9399999999997877,0.0039999999999995595,0.0,0.002212376973166304,-0.00031156715797786257,3.193630104622288e-06,0.0052796432977285975,0.7558385322082554
3.9439999999997872,0.0039999999999995595,0.0,0.0022637918487670434,-0.00033157954412700244,3.1965937191556806e-06,0.0049098055974639565,0.7558499587563428
3.947999999999787,0.0039999999999995595,0.0,0.002309600230870414,-0.00035014389410735665,3.19946413651936e-06,0.004550287045326501,0.7558611257097666
3.9519999999997864,0.0039999999999995595,0.0,0.0023498760167225095,-0.00036729963649240416,3.2022366030403365e-06,0.004200471280100713,0.7558719942453226
3.955999999999786,0.0039999999999995595,0.0,0.002384694152421713,-0.0003830837071441342,3.2049076190332683e-06,0.0038597232725379304,0.7558825363653596
3.9599999999997855,0.0039999999999995595,0.0,0.0024141302498036227,-0.00039753024186478444,3.2074747444909095e-06,0.0035273188422321423,0.7558927343386158
3.963999999999785,0.0039999999999995595,0.0,0.0024382600281978367,-0.00041067017837207684,3.2099364568358446e-06,0.0032024353049603977,0.7559025800076851
3.9679999999997846,0.0039999999999995595,0.0,0.0024571588515535973,-0.0004225309388804332,3.212292039534054e-06,0.002884179440592158,0.7559120738003082
3.971999999999784,0.0039999999999995595,0.0,0.0024709015071041084,-0.00043313628588485337,3.2145414886572726e-06,0.002571634420160201,0.7559212234916074
3.9759999999997837,0.0039999999999995595,0.0,0.0024795622820624292,-0.0004425063854982508,3.21668542931833e-06,0.0022639123273975686,0.7559300428363032
3.9799999999997833,0.0039999999999995595,0.0,0.0024832153305297555,-0.0004506580726352742,3.2187250373763866e-06,0.001960203297691324,0.7559385501924001
3.983999999999783,0.0039999999999995595,0.0,0.002481935284073275,-0.00045760528753758113,3.220661964107989e-06,0.0016598159161669217,0.7559467672310108
3.9879999999997824,0.0039999999999995595,0.0,0.002475798039033426,-0.00046335964029274894,3.2224982621888116e-06,0.0013622062984872739,0.7559547177930229
3.991999999999782,0.0039999999999995595,0.0,0.002464881646969194,-0.000467931055849215,3.2242363136898053e-06,0.00106699525851642,0.7559624269228733
3.9959999999997815,0.0039999999999995595,0.0,0.0024492672369627226,-0.00047132845368589194,3.225878760347597e-06,0.0007739742568976915,0.7559699200869808
3.999999999999781,0.0039999999999995595,0.0,0.0024290399076493155,-0.00047356042142920993,3.2274284369651856e-06,0.00048310157343041773,0.7559772225695561
4.003999999999781,0.0040000000000000036,0.0,0.002404289536289735,-0.00047463584859717435,3.2288883090904737e-06,0.00019449055890617797,0.7559843590301628
4.007999999999781,0.0039999999999995595,0.0,0.0023751114653135044,-0.0004745644941162891,3.230261415483385e-06,9.160979601587783e-05,0.7559913532036071
4.01199999999978,0.0039999999999995595,0.0,0.0023416070382801034,-0.0004733574685799333,3.2315508164262376e-06,0.0003748318927109059,0.755998227721671
4.01599999999978,0.0039999999999995595,0.0,0.002303883966774736,-0.0004710276190063541,3.2327595479165533e-06,0.0006547227479297495,0.7560050040364776
4.019999999999779,0.0039999999999995595,0.0,0.0022620565211585123,-0.0004675898099442457,3.233890581849378e-06,0.0009307634087023168,0.7560117024260028
4.023999999999779,0.0039999999999995595,0.0,0.002216245545106505,-0.0004630611001274976,3.234946792334969e-06,0.0012023975488419658,0.7560183420629432
4.027999999999778,0.0039999999999995595,0.0,0.002166578301790289,-0.00045746081852105576,3.23593092802117e-06,0.0014690559063660511,0.7560249411286173
4.031999999999778,0.0039999999999995595,0.0,0.00211318816534826,-0.00045081054755942505,3.2368455901177097e-06,0.001730178860422188,0.7560315169539843
4.0359999999997775,0.0039999999999995595,0.0,0.002056214177296482,-0.0004431340246712936,3.237693216179435e-06,0.001985236065944868,0.7560380861703465
4.039999999999777,0.0039999999999995595,0.0,0.001995800490209372,-0.00043445697578935557,3.2384760697756813e-06,0.0022337425274100023,0.7560446648532344
4.043999999999777,0.0039999999999995595,0.0,0.0019320957254814555,-0.00042480689641690095,3.239196235678098e-06,0.002475270689858201,0.7560512686444343
4.047999999999776,0.0039999999999995595,0.0,0.001865252272395892,-0.00041421279690058877,3.2398556212017175e-06,0.002709458329112648,0.756057912839467
4.051999999999776,0.0039999999999995595,0.0,0.001795425556271111,-0.0004027049287883151,3.240455963393494e-06,0.0029360122379877905,0.756064612430951
4.055999999999775,0.0039999999999995595,0.0,0.001722773304333944,-0.00039031450850937215,3.240998842495159e-06,0.0031547079230355023,0.7560713821020344
4.059999999999775,0.0039999999999995595,0.0,0.001647454831903828,-0.00037707345313006967,3.2414857016662595e-06,0.0033653857330487513,0.7560782361684426
4.0639999999997745,0.0039999999999995595,0.0,0.0015696303723358677,-0.0003630141407051957,3.2419178723795193e-06,0.003567944019645187,0.7560851884719041
4.067999999999774,0.0039999999999995595,0.0,0.0014894604662884193,-0.00034816920492343034,3.2422966059072237e-06,0.0037623300655949665,0.7560922522318169
4.071999999999774,0.0039999999999995595,0.0,0.001407105422696398,-0.00033257137054772926,3.2426231099179435e-06,0.003948529595442897,0.756099439865197
4.075999999999773,0.0039999999999995595,0.0,0.0013227248582631467,-0.0003162533328278645,3.242898589522901e-06,0.004126555698596084,0.7561067627872218
4.079999999999773,0.0039999999999995595,0.0,0.0012364773171117313,-0.0002992476808655746,3.243124291751938e-06,0.004296437947879609,0.7561142312056869
4.083999999999772,0.0039999999999995595,0.0,0.00114851996803066,-0.00028158686207293925,3.2433015522719997e-06,0.004458212394355959,0.7561218539224708
4.087999999999772,0.0039999999999995595,0.0,0.0010590083725931711,-0.0002633031825623197,3.2434318428710927e-06,0.004611912975591265,0.7561296381538001
4.091999999999771,0.0039999999999995595,0.0,0.0009680963185719738,-0.00024442883665594877,3.2435168184565255e-06,0.004757564706809038,0.7561375893789597
4.095999999999771,0.0039999999999995595,0.0,0.0008759357028358791,-0.0002249959546901678,3.243558344889355e-06,0.004895180378997055,0.75614571122443
4.0999999999997705,0.0039999999999995595,0.0,0.0007826757078623306,-0.0002050361942914629,3.2435582517664967e-06,0.005024940846830487,0.7561540063235046
4.10399999999977,0.0039999999999995595,0.0,0.000688461774831234,-0.00018458018880704262,3.243518726653106e-06,0.005147068046776431,0.7561624811559886
4.10799999999977,0.0039999999999995595,0.0,0.000593437340587444,-0.0001636586626841327,3.24344256556295e-06,0.005261461443223189,0.7561711362890342
4.111999999999769,0.0039999999999995595,0.0,0.0004977455570542957,-0.00014230341641368664,3.243333084367405e-06,0.005367808452544205,0.7561799643697651
4.115999999999769,0.0039999999999995595,0.0,0.00040153070339852507,-0.00012054784456156304,3.2431940977144005e-06,0.0054656908766049445,0.7561889527285167
4.119999999999768,0.0039999999999995595,0.0,0.0003049404173955279,-9.842713047489173e-05,3.2430299234896074e-06,0.005554658163132361,0.756198085256781
4.123999999999768,0.0039999999999995595,0.0,0.0002081218435426311,-7.597117834868159e-05,3.2428364861445166e-06,0.00563779866723199,0.756207343731561
4.127999999999767,0.0039999999999995595,0.0,0.00011119611023874918,-5.3159557248596846e-05,3.2425996498809973e-06,0.00573103585781151,0.756216895740883
4.131999999999767,0.0039999999999995595,0.0,1.6161894503614042e-05,-2.994697385598446e-05,3.242332054556216e-06,0.005832095578640117,0.7562271118663961
4.1359999999997665,0.0039999999999995595,0.0,8.435170802724063e-05,-6.334666314418725e-06,3.2420411293072083e-06,0.005930597343209972,0.7562377175914515
4.139999999999766,0.0039999999999995595,0.0,0.00018156590811155241,1.7646634091346558e-05,3.2417326385665285e-06,0.00602002494085927,0.7562485257786016
4.143999999999766,0.0039999999999995595,0.0,0.0002788375635654979,4.194834561069722e-05,3.24141251260165e-06,0.006096499820062865,0.7562594110764382
4.147999999999765,0.0039999999999995595,0.0,0.00037587997328441424,6.651195151768595e-05,3.2410876680366337e-06,0.006157933840892645,0.7562702904734563
4.151999999999765,0.0039999999999995595,0.0,0.0004725124247948312,9.127434160846365e-05,3.2407662412217958e-06,0.006203444115550184,0.7562811091888091
4.155999999999764,0.0039999999999995595,0.0,0.0005685717722281259,0.00011617137546295169,3.2404574903972694e-06,0.006232948659925981,0.756291830808747
4.159999999999764,0.0039999999999995595,0.0,0.0006639042148871417,0.00014114021619205728,3.2401715220514972e-06,0.006246886727298519,0.7563024306185637
4.1639999999997634,0.0039999999999995595,0.0,0.0007583647701602708,0.00016612081316449233,3.2399189370916643e-06,0.0062460251709184,0.7563128912434385
4.167999999999763,0.0039999999999995595,0.0,0.0008518177004691137,0.0001910567951738187,3.2397104553023603e-06,0.00623132427233065,0.7563231999014488
4.171999999999763,0.0039999999999995595,0.0,0.0009441368325590902,0.0002158959551650936,3.239556553450155e-06,0.006203844804260751,0.7563333467464507
4.175999999999762,0.0039999999999995595,0.0,0.001035205616390695,0.00024059045252109874,3.239467138124761e-06,0.00616468381972926,0.7563433239228113
4.179999999999762,0.0039999999999995595,0.0,0.0011249169503367786,0.0002650968210741232,3.239451264641731e-06,0.006114930578467913,0.7563531250664232
4.183999999999761,0.0039999999999995595,0.0,0.001213172831091785,0.0002893758449916444,3.2395169072808944e-06,0.006055636699599382,0.7563627450705941
4.187999999999761,0.0039999999999995595,0.0,0.0012998838836982222,0.0003133923467282875,3.239670781443508e-06,0.005987796455783472,0.7563721799965817
4.19199999999976,0.0039999999999995595,0.0,0.0013849688155772952,0.00033711491877286845,3.2399182166030694e-06,0.005912334367982785,0.7563814270518721
4.19599999999976,0.0039999999999995595,0.0,0.0014683538293196628,0.00036051562219566587,3.2402630760633234e-06,0.005830098107087529,0.7563904845893539
4.1999999999997595,0.0039999999999995595,0.0,0.001549972019643165,0.00038356966882544685,3.240707719278664e-06,0.0057418552859942636,0.7563993521008548
4.203999999999759,0.0039999999999995595,0.0,0.0016297627757408228,0.0004062550994498891,3.241253001810408e-06,0.005648293120307922,0.7564080301918729
4.207999999999759,0.0039999999999995595,0.0,0.0017076712011646691,0.00042855246719029764,3.2418983075334577e-06,0.005550020206881517,0.7564165205328623
4.211999999999758,0.0039999999999995595,0.0,0.0017836475640245124,0.00045044453278307654,3.242641608268478e-06,0.005447569857152927,0.7564248257875487
4.215999999999758,0.0039999999999995595,0.0,0.0018576467835792682,0.0004719159766581221,3.2434795456677967e-06,0.00534140455396045,0.7564329495216271
4.219999999999757,0.0039999999999995595,0.0,0.001929627958849725,0.0004929531312713554,3.2444075310923665e-06,0.0052319211946021005,0.7564408960965511
4.223999999999757,0.0039999999999995595,0.0,0.001999553941859017,0.0005135437360129452,3.2454198592087763e-06,0.005119456851681579,0.7564486705535164
4.227999999999756,0.0039999999999995595,0.0,0.002067390957720407,0.0005336767160990272,3.246509831454182e-06,0.005004294835041503,0.7564562784925425
4.231999999999756,0.0039999999999995595,0.0,0.002133108270964535,0.0005533419861119054,3.247669886267348e-06,0.004886670878292303,0.7564637259510308
4.2359999999997555,0.0039999999999995595,0.0,0.0021966778980537695,0.0005725302782470209,3.248891732816592e-06,0.004766779305737076,0.7564710192854854
4.239999999999755,0.0039999999999995595,0.0,0.0022580743636483047,0.0005912329948300482,3.2501664859664177e-06,0.004644779062215594,0.7564781650593427
4.243999999999755,0.0039999999999995595,0.0,0.002317274499180155,0.0006094420842670108,3.2514847997800917e-06,0.0045207995111197375,0.7564851699391146
4.247999999999754,0.0039999999999995595,0.0,0.002374257280167521,0.0006271499392712821,3.2528369980088504e-06,0.004394945925497951,0.7564920406004148
4.251999999999754,0.0039999999999995595,0.0,0.0024290036997219352,0.000644349315963619,3.254213199667737e-06,0.0042673046144665215,0.7564987836448228
4.255999999999753,0.0039999999999995595,0.0,0.002481496674403196,0.000661033272256563,3.255603438374946e-06,0.004137947642384986,0.7565054055280716
4.259999999999753,0.0039999999999995595,0.0,0.002531720979354921,0.0006771951238053906,3.2569977742552247e-06,0.004006937111769055,0.7565119124996206
4.263999999999752,0.0039999999999995595,0.0,0.002579663208445547,0.0006928284157277819,3.2583863974461967e-06,0.0038743289928104617,0.7565183105533775
4.267999999999752,0.0039999999999995595,0.0,0.0026253117566695005,0.0007079269082574285,3.2597597226930545e-06,0.003740176492790064,0.7565246053890587
4.2719999999997516,0.0039999999999995595,0.0,0.0026686568201336413,0.0007224845744972826,3.2611084743279407e-06,0.0036045329676825406,0.7565308023835305
4.275999999999751,0.0039999999999995595,0.0,0.002709690411639877,0.0007364956084706415,3.2624237614242564e-06,0.003467454385938723,0.756536906571323
4.279999999999751,0.0039999999999995595,0.0,0.0027484063873594116,0.0007499544417277268,3.26369714299554e-06,0.0033290013608653322,0.7565429226334459
4.28399999999975,0.0039999999999995595,0.0,0.0027848004824033786,0.0007628557668470339,3.264920683253454e-06,0.0031892407732775807,0.7565488548935918
4.28799999999975,0.0039999999999995595,0.0,0.0028188703521055437,0.0007751945662700437,3.2660869971797642e-06,0.0030482470102536404,0.7565547073207931
4.291999999999749,0.0039999999999995595,0.0,0.0028506156165520324,0.000786966145020731,3.2671892865938477e-06,0.0029061028489537886,0.7565604835376316
4.295999999999749,0.0039999999999995595,0.0,0.002880037906373948,0.0007981661659838929,3.2682213674262477e-06,0.0027629000166819284,0.7565661868330954
4.2999999999997485,0.0039999999999995595,0.0,0.002907140907153879,0.0008087906865451866,3.269177688386859e-06,0.0026187394597269563,0.7565718201792541
4.303999999999748,0.0039999999999995595,0.0,0.0029319304015838613,0.0008188361955278641,3.2700533419314757e-06,0.0024737313541491647,0.7565773862509514
4.307999999999748,0.0039999999999995595,0.0,0.0029544143069038936,0.0008282996494937781,3.2708440680550473e-06,0.002327994891644219,0.7565828874477775
4.311999999999747,0.0039999999999995595,0.0,0.0029746027073072638,0.000837178507606995,3.2715462516994126e-06,0.002181657873014676,0.7565883259176552
4.315999999999747,0.0039999999999995595,0.0,0.0029925078796298973,0.0008454707643852609,3.272156914480774e-06,0.002034856140712969,0.7565937035814115
4.319999999999746,0.0039999999999995595,0.0,0.0030081443121304737,0.0008531749797860329,3.2726737013797353e-06,0.0018877328804510678,0.756599022157802
4.323999999999746,0.0039999999999995595,0.0,0.003021528715200368,0.0008602903061884242,3.273094863432453e-06,0.0017404378200982123,0.7566042831884999
4.327999999999745,0.0039999999999995595,0.0,0.0030326800241719954,0.0008668165119392096,3.2734192368071743e-06,0.001593126352066647,0.7566094880626261
4.331999999999745,0.0039999999999995595,0.0,0.0030416193938712097,0.0008727540012292691,3.27364621907982e-06,0.0014459586032002558,0.7566146380404645
4.3359999999997445,0.0039999999999995595,0.0,0.0030483701846738876,0.0008781038301559879,3.273775743429428e-06,0.0012990984738927812,0.7566197342760599
4.339999999999744,0.0039999999999995595,0.0,0.003052957940517141,0.000882867718906911,3.273808251212769e-06,0.0011527126657914053,0.7566247778384633
4.343999999999744,0.0039999999999995595,0.0,0.003055410358874527,0.00088704806007029,3.2737446634697336e-06,0.0010069697151048331,0.7566297697314202
4.347999999999743,0.0039999999999995595,0.0,0.0030557572529002915,0.0008906479231391694,3.273586351842282e-06,0.000862039046193466,0.7566347109113778
4.351999999999743,0.0039999999999995595,0.0,0.0030540305065891284,0.0008936710553275623,3.2733351092933722e-06,0.0007180900579005403,0.7566396023036963
4.355999999999742,0.0039999999999995595,0.0,0.0030502640227866537,0.0008961218788604411,3.272993120953782e-06,0.0005752912529451929,0.7566444448170353
4.359999999999742,0.0039999999999995595,0.0,0.0030444936653309315,0.000898005484934153,3.272562935426312e-06,0.000433809418869234,0.7566492393558705
4.363999999999741,0.0039999999999995595,0.0,0.0030367571950193914,0.0008993276245710516,3.272047436728243e-06,0.0002938088681029179,0.7566539868311843
4.367999999999741,0.0039999999999995595,0.0,0.0030270942006223114,0.0009000946966121572,3.271449816985513e-06,0.0001554507516662917,0.7566586881693586
4.3719999999997405,0.0039999999999995595,0.0,0.003015546025464986,0.0009003137331051736,3.270773550087486e-06,1.8893029820901567e-05,0.7566633443193493
4.37599999999974,0.0039999999999995595,0.0,0.0030021556896714006,0.0008999923823528899,3.270022366278032e-06,0.00011571371340444676,0.7566679562582282
4.37999999999974,0.0039999999999995595,0.0,0.002986967809259627,0.0008991388898894914,3.2692002278168117e-06,0.0002482187239823771,0.7566725249952054
4.383999999999739,0.0039999999999995595,0.0,0.002970028512202814,0.0008977620776502926,3.2683113056193204e-06,0.00037848034540975125,0.7566770515742421
4.387999999999739,0.0039999999999995595,0.0,0.0029513853523863588,0.0008958713215945489,3.2673599569180705e-06,0.0005063614946756191,0.7566815370753942
4.391999999999738,0.0039999999999995595,0.0,0.0029310872216805396,0.0008934765280318688,3.266350703768584e-06,0.0006317311184313773,0.7566859826150114
4.395999999999738,0.0039999999999995595,0.0,0.0029091842604941766,0.0008905881088909983,3.265288212459436e-06,0.0007544644154502992,0.7566903893449312
4.3999999999997375,0.0039999999999995595,0.0,0.002885727767806015,0.0008872169561558982,3.2641772737844182e-06,0.000874443027617022,0.7566947584508094
4.403999999999737,0.0039999999999995595,0.0,0.0028607701105807467,0.0008833744156785972,3.2630227838994093e-06,0.0009915551821351653,0.7566990911497098
4.407999999999737,0.0039999999999995595,0.0,0.00283436463312267,0.0008790722605617746,3.2618297258504545e-06,0.001105695787075571,0.7567033886870931
4.411999999999736,0.0039999999999995595,0.0,0.002806565566717548,0.0008743226642868139,3.260603151669586e-06,0.00121676648421629,0.7567076523333226
4.415999999999736,0.0039999999999995595,0.0,0.0027774279399862076,0.0008691381737455574,3.2593481647699276e-06,0.0013246756634605796,0.7567118833798036
4.419999999999735,0.0039999999999995595,0.0,0.0027470074900190398,0.0008635316823165072,3.2580699029603317e-06,0.001429338443163937,0.7567160831348644
4.423999999999735,0.0039999999999995595,0.0,0.00271536057451042,0.0008575164031090537,3.2567735215238648e-06,0.0015306766206246278,0.7567202529194731
4.427999999999734,0.0039999999999995595,0.0,0.0026825440854056103,0.0008511058424827005,3.2554641766838364e-06,0.0016286185968479474,0.7567243940628852
4.431999999999734,0.0039999999999995595,0.0,0.002648615363940712,0.0008443137739324045,3.254147009310101e-06,0.0017230992794925071,0.7567285078982893
4.4359999999997335,0.0039999999999995595,0.0,0.0026136321172756443,0.0008371542124162051,3.2528271287649416e-06,0.0018140599676776884,0.75673259575853
4.439999999999733,0.0039999999999995595,0.0,0.0025776523370187932,0.0008296413891874137,3.2515095969156877e-06,0.0019014482220593995,0.7567366589719564
4.443999999999733,0.0039999999999995595,0.0,0.002540734219443543,0.0008217897271808363,3.2501994123718435e-06,0.0019852177233057175,0.7567406988584493
4.447999999999732,0.0039999999999995595,0.0,0.0025029360877416394,0.0008136138169908984,3.2489014948252875e-06,0.0020653281217974293,0.7567447167256652
4.451999999999732,0.0039999999999995595,0.0,0.0024643163162386,0.0008051283934691323,3.247620669626849e-06,0.0021417448810826544,0.7567487138655261
4.455999999999731,0.0039999999999995595,0.0,0.0024249332566116722,0.0007963483129592768,3.2463616526091863e-06,0.0022144391173152746,0.7567526915509794
4.459999999999731,0.0039999999999995595,0.0,0.002384845166092718,0.00078728853118023,3.245129035123377e-06,0.002283387436603919,0.7567566510330415
4.46399999999973,0.0039999999999995595,0.0,0.0023441101380411848,0.0007779640817602362,3.2439272694769262e-06,0.0023485717719194236,0.756760593538132
4.46799999999973,0.0039999999999995595,0.0,0.002302786034048092,0.0007683900554199187,3.2427606546348015e-06,0.0024099792209338953,0.756764520265705
4.4719999999997295,0.0039999999999995595,0.0,0.002260930418641335,0.0007585815797970678,3.2416333224775855e-06,0.002467601885907571,0.7567684323861713
4.475999999999729,0.0039999999999995595,0.0,0.0022186004956339057,0.000748553799902329,3.2405492244454737e-06,0.0025214367165021204,0.7567723310391057
4.479999999999729,0.0039999999999995595,0.0,0.002175853046752112,0.0007383218591920755,3.2395121188492494e-06,0.002571485356188039,0.7567762173317297
4.483999999999728,0.0039999999999995595,0.0,0.0021327443722946758,0.0007279008812427078,3.2385255587825756e-06,0.0026177539927044304,0.7567800923376549
4.487999999999728,0.0039999999999995595,0.0,0.0020893302333699917,0.0007173059520092765,3.2375928806622634e-06,0.002660253212867226,0.756783957095869
4.491999999999727,0.0039999999999995595,0.0,0.0020456657966904795,0.0007065521026506357,3.236717193711575e-06,0.002698997861860843,0.7567878126099521
4.495999999999727,0.0039999999999995595,0.0,0.00200180558089283,0.0006956542929031866,3.235901370146456e-06,0.0027340069070182138,0.7567916598475012
4.499999999999726,0.0039999999999995595,0.0,0.0019578034050158834,0.0006846273949855878,3.2351480363613823e-06,0.0027653033059835985,0.7567954997397391
4.503999999999726,0.0039999999999995595,0.0,0.0019137123384587475,0.0006734861780175235,3.2344595650215374e-06,0.0027929138790565022,0.7567993331812968
4.507999999999726,0.0039999999999995595,0.0,0.0018695846534744103,0.0006622452929366416,3.23383806823805e-06,0.0028168691854441653,0.7568031610301413
4.511999999999725,0.0039999999999995595,0.0,0.0018254747823720223,0.0006509279100839646,3.2332863379296995e-06,0.0028328776517546742,0.7568031610301413
4.515999999999725,0.0039999999999995595,0.0,0.0017814295703463049,0.0006395657089837323,3.232807509247397e-06,0.002844261812556353,0.7568069841076345
4.519999999999724,0.0039999999999995595,0.0,0.001737474519868206,0.00062815630854453,3.2324010808667644e-06,0.002856262235102537,0.7568109406586111
4.523999999999724,0.0039999999999995595,0.0,0.0016936367102004686,0.0006166987348601993,3.232066978304656e-06,0.002868107699622948,0.7568149114265244
4.527999999999723,0.0039999999999995595,0.0,0.0016499509708726204,0.0006051975017211338,3.2318054943283493e-06,0.0028785256800742537,0.7568188680134975
4.531999999999723,0.0039999999999995595,0.0,0.0016064575388235877,0.0005936610820151538,3.231616998854775e-06,0.0028866383737403004,0.7568227964278889
4.5359999999997225,0.0039999999999995595,0.0,0.001563199708045331,0.0005821003904787185,3.2315017285126834e-06,0.002891911867005778,0.7568266936933765
4.539999999999722,0.0039999999999995595,0.0,0.0015202222322477086,0.0005705277614081264,3.2314596930257266e-06,0.002894039941204741,0.7568305634077951
4.543999999999722,0.0039999999999995595,0.0,0.0014775702998880249,0.0005589562999307153,3.2314906492195448e-06,0.0028928605043713577,0.7568344112720797
4.547999999999721,0.0039999999999995595,0.0,0.0014352888802013108,0.0005473994735535076,3.2315941010784604e-06,0.0028883023051703713,0.7568382427327525
4.551999999999721,0.0039999999999995595,0.0,0.001393422301927704,0.0005358708535887669,3.2317693057547145e-06,0.002880351746594031,0.756842062214478
4.55599999999972,0.0039999999999995595,0.0,0.0013520139783703528,0.0005243839495920206,3.2320152786107157e-06,0.0028690322831575535,0.7568458731012812
4.55999999999972,0.0039999999999995595,0.0,0.0013111062236175859,0.0005129521016541428,3.232330796764016e-06,0.0028543915881293473,0.7568496779581135
4.563999999999719,0.0039999999999995595,0.0,0.001270740127958101,0.0005015884089142583,3.232714402078883e-06,0.0028364934997895876,0.7568534787711118
4.567999999999719,0.0039999999999995595,0.0,0.001230955470390448,0.0004903056810007948,3.233164405064042e-06,0.002815412904319863,0.7568572771360179
4.5719999999997185,0.0039999999999995595,0.0,0.0011917906570014115,0.0004791164042284662,3.2336788905109226e-06,0.0027912324250943693,0.7568610743869295
4.575999999999718,0.0039999999999995595,0.0,0.0011532826751114974,0.00046803271751279203,3.234255725317049e-06,0.0027640402270910046,0.7568648716773734
4.579999999999718,0.0039999999999995595,0.0,0.0011154670602581916,0.00045706639487653816,3.2348925686564114e-06,0.00273392851472954,0.7568686700284303
4.583999999999717,0.0039999999999995595,0.0,0.001078377872038013,0.0004462288325874002,3.235586884256249e-06,0.002700992466408644,0.7568724703559083
4.587999999999717,0.0039999999999995595,0.0,0.0010420476757114303,0.0004355310396747366,3.2363359545443076e-06,0.0026653294496156504,0.7568762734849933
4.591999999999716,0.0039999999999995595,0.0,0.0010065075299151925,0.00042498363100416985,3.2371368962826836e-06,0.0026270384215786586,0.7568800801578387
4.595999999999716,0.0039999999999995595,0.0,0.0009717995689308928,0.00041460080380629474,3.2379844487698827e-06,0.002584228522256082,0.7568877067099044
4.599999999999715,0.0039999999999995595,0.0,0.0009379879531707673,0.000404403623213216,3.2388701706245136e-06,0.002537202047345103,0.756891522812224
4.603999999999715,0.0039999999999995595,0.0,0.0009050964875968367,0.0003944008778575993,3.23979323081764e-06,0.0024880301890698644,0.7568953230598139
4.6079999999997145,0.0039999999999995595,0.0,0.0008731470416450787,0.00038460065227941925,3.24075200110824e-06,0.0024368744315063045,0.7568991213232077
4.611999999999714,0.0039999999999995595,0.0,0.0008421598299895582,0.0003750105102657311,3.2417442501751995e-06,0.0023838572755588523,0.7569029253471596
4.615999999999714,0.0039999999999995595,0.0,0.0008121535609859101,0.00036563759050377477,3.2427673009771847e-06,0.0023290811393737237,0.7569067392228421
4.619999999999713,0.0039999999999995595,0.0,0.0007831455116528738,0.00035648865363805044,3.243818156514104e-06,0.0022726387529971976,0.7569105648642362
4.623999999999713,0.0039999999999995595,0.0,0.0007551515641176184,0.0003475701033067616,3.244893599040056e-06,0.0022146186633250913,0.7569144028986933
4.627999999999712,0.0039999999999995595,0.0,0.0007281862222878662,0.00033888799393734303,3.245990267865017e-06,0.0021551079876954006,0.7569182532081553
4.631999999999712,0.0039999999999995595,0.0,0.0007022626207105388,0.0003304480323449067,3.2471047202713567e-06,0.002094193663550627,0.7569221152591721
4.6359999999997115,0.0039999999999995595,0.0,0.0006773925306643638,0.0003222555768730434,3.2482334791042254e-06,0.0020319629093096263,0.7569259883035578
4.639999999999711,0.0039999999999995595,0.0,0.00065358636565538,0.00031431563595304155,3.2493730702816873e-06,0.001968503297089974,0.7569298714989737
4.643999999999711,0.0039999999999995595,0.0,0.0006308531889528008,0.000306632866937077,3.25052005272568e-06,0.001903902654681462,0.7569337639796128
4.64799999999971,0.0039999999999995595,0.0,0.0006092007224609147,0.00029921157552528126,3.251671042438576e-06,0.0018382489092759122,0.7569376648957306
4.65199999999971,0.0039999999999995595,0.0,0.0005886353576926105,0.0002920557158437658,3.2528227323536383e-06,0.001771629926849291,0.7569415734338465
4.655999999999709,0.0039999999999995595,0.0,0.0005691621682653486,0.000285168891116726,3.2539719088508305e-06,0.0017041333694150958,0.7569454888251227
4.659999999999709,0.0039999999999995595,0.0,0.0005507849237558046,0.0002785543548394017,3.2551154658205577e-06,0.0016358465761085845,0.7569494103467175
4.663999999999708,0.0039999999999995595,0.0,0.0005335061051226895,0.0002722150123599019,3.256250416782369e-06,0.0015668564664015061,0.7569533373191759
4.667999999999708,0.0039999999999995595,0.0,0.0005173269217575311,0.0002661534227948533,3.2573739054518095e-06,0.0014972494607334342,0.7569572691017876
4.6719999999997075,0.0039999999999995595,0.0,0.0005022473289153331,0.0002603718012251418,3.2584832149364204e-06,0.0014271114132155438,0.7569612050871122
4.675999999999707,0.0039999999999995595,0.0,0.0004882660469524461,0.00025487202113822144,3.259575775900254e-06,0.0013565275515391082,0.7569651446953877
4.679999999999707,0.0039999999999995595,0.0,0.0004753805806973001,0.0002496556171002497,3.260649173628945e-06,0.001285582420144572,0.7569690873692372
4.683999999999706,0.0039999999999995595,0.0,0.00046358724077684015,0.00024472378765410353,3.261701154182888e-06,0.0012143598237080555,0.7569730325688808
4.687999999999706,0.0039999999999995595,0.0,0.00045288116551551506,0.00024007739844829012,3.262729629683297e-06,0.0011429427689260048,0.7569769797679337
4.691999999999705,0.0039999999999995595,0.0,0.00044325634429956005,0.0002357169856074787,3.2637326827066452e-06,0.0010714134033576678,0.7569809284498121
4.695999999999705,0.0039999999999995595,0.0,0.0004347056402363845,0.00023164275935841632,3.264708569732801e-06,0.0009998529507083027,0.7569848781047048
4.699999999999704,0.0039999999999995595,0.0,0.00042722081645601637,0.0002278546079260044,3.2656557239250776e-06,0.0009283416424132223,0.7569888282270674
4.703999999999704,0.0039999999999995595,0.0,0.0004207925611352743,0.00022435210171379693,3.266572756873831e-06,0.0008569586457246432,0.7569927783135713
4.7079999999997035,0.0039999999999995595,0.0,0.0004154105140317606,0.00022113449778159288,3.2674584597633523e-06,0.0007857819887609664,0.7569967278614504
4.711999999999703,0.0039999999999995595,0.0,0.00041106329460289734,0.0002182007446304766,3.2683118035087867e-06,0.0007148884831272713,0.7570006763671864
4.715999999999703,0.0039999999999995595,0.0,0.0004077385299895374,0.00021554948730289952,3.2691319382056365e-06,0.0006443536448230327,0.7570046233254852
4.719999999999702,0.0039999999999995595,0.0,0.00040542288364267846,0.00021317907280240064,3.2699181917616358e-06,0.0005742516141931909,0.7570085682284984
4.723999999999702,0.0039999999999995595,0.0,0.00040410208646141755,0.00021108755583447807,3.2706700678339122e-06,0.0005046550757006043,0.7570125105652556
4.727999999999701,0.0039999999999995595,0.0,0.00040376096564915533,0.0002092727048671063,3.2713872429114064e-06,0.0004356351782704142,0.7570164498212727
4.731999999999701,0.0039999999999995595,0.0,0.0004043834762492172,0.00020773200850650236,3.2720695629246647e-06,0.0003672614569403393,0.7570203854783201
4.7359999999997004,0.0039999999999995595,0.0,0.0004059527331991081,0.00020646268218105045,3.27271703874088e-06,0.0002996017565162798,0.7570243170143217
4.7399999999997,0.0039999999999995595,0.0,0.0004084510427610762,0.0002054616751238234,3.273329841396626e-06,0.0002327221579869396,0.75702824390338
4.7439999999997,0.0039999999999995595,0.0,0.0004118432510588327,0.00020471311850813213,3.273907701504238e-06,0.00017296650207215304,0.75702824390338
4.747999999999699,0.0039999999999995595,0.0,0.0004160922749560307,0.00020419851752980978,3.274450858278304e-06,0.00011016783230157256,0.7570359930993786
4.751999999999699,0.0039999999999995595,0.0,0.00042124144732574105,0.00020396039311847787,3.274962198264881e-06,4.1778281988431404e-05,0.7570399103692933
4.755999999999698,0.0039999999999995595,0.0,0.00042726015339904114,0.00020398820259821007,3.27544169512206e-06,2.4117014663962644e-05,0.7570438333682536
4.759999999999698,0.0039999999999995595,0.0,0.00043412036855533336,0.00020427329241488364,3.2758898433965266e-06,8.793889694822577e-05,0.7570477503280784
4.763999999999697,0.0039999999999995595,0.0,0.0004417956568319562,0.00020480822015838467,3.27630744698704e-06,0.0001499573823454439,0.7570516565022788
4.767999999999697,0.0039999999999995595,0.0,0.00045026050254827585,0.00020558630004376396,3.2766955095162285e-06,0.0002103389695310236,0.7570555503585875
4.7719999999996965,0.0039999999999995595,0.0,0.0004594754160579639,0.00020658949413780952,3.2770541661676184e-06,0.00026327930746128543,0.7570555503585875
4.775999999999696,0.0039999999999995595,0.0,0.0004693854631441581,0.00020778509845122953,3.2773826672116546e-06,0.00031206722674508166,0.757059431676176
4.779999999999696,0.0039999999999995595,0.0,0.00047999044268287833,0.00020918321350000424,3.2776839596801818e-06,0.00036343597009728034,0.7570632191090854
4.783999999999695,0.0039999999999995595,0.0,0.0004912885659761549,0.000210792990139455,3.277960604611255e-06,0.0004167224837993939,0.7570669901820793
4.787999999999695,0.0039999999999995595,0.0,0.0005032839016775867,0.0002126302491296544,3.278215734658631e-06,0.00047663515019703015,0.7570745461034672
4.791999999999694,0.0039999999999995595,0.0,0.0005159864209369493,0.00021472016961135093,3.2784533018544817e-06,0.0005382127627506649,0.7570784230692531
4.795999999999694,0.0039999999999995595,0.0,0.0005293454067190627,0.00021704046936911974,3.2786730641992024e-06,0.0005946081867945297,0.7570823022298963
4.799999999999693,0.0039999999999995595,0.0,0.0005433181251849572,0.00021957411752539908,3.2788756752682986e-06,0.0006470050747456657,0.7570861631771252
4.803999999999693,0.0039999999999995595,0.0,0.0005578671963442455,0.00022230758855980968,3.279062256863884e-06,0.0006961931698216381,0.7570899991650857
4.8079999999996925,0.0039999999999995595,0.0,0.0005729588271478328,0.00022522969191720346,3.2792341811169262e-06,0.0007426982315380723,0.7570938093573023
4.811999999999692,0.0039999999999995595,0.0,0.0005885616302783812,0.00022833078828291632,3.2793929609756373e-06,0.000786869287788852,0.7570975950639212
4.815999999999692,0.0039999999999995595,0.0,0.0006046458345709571,0.00023160226527985456,3.2795401935333268e-06,0.0008289371592289323,0.7571013580354906
4.819999999999691,0.0039999999999995595,0.0,0.0006211827596145809,0.00023503618705222865,3.2796775278738026e-06,0.0008690536813031752,0.7571050997805386
4.823999999999691,0.0039999999999995595,0.0,0.0006381444696883219,0.0002386250603398006,3.2798066430861123e-06,0.0009073179790308568,0.757108821366496
4.82799999999969,0.0039999999999995595,0.0,0.0006555035449982199,0.0002423616785883287,3.2799292299474946e-06,0.0009437940703241205,0.7571125234290706
4.83199999999969,0.0039999999999995595,0.0,0.0006732329361914055,0.00024623901836696635,3.2800469738618988e-06,0.0009785226689784053,0.7571162062559375
4.835999999999689,0.0039999999999995595,0.0,0.0006913058710537317,0.00025025017089632003,3.2801615383060935e-06,0.0010115291117887752,0.7571198698835133
4.839999999999689,0.0039999999999995595,0.0,0.000709695798780762,0.0002543882972029539,3.2802745490205084e-06,0.001042828697542562,0.757123514182097
4.8439999999996886,0.0039999999999995595,0.0,0.000728376359170224,0.00025864659923377823,3.2803875793229837e-06,0.0010724302982289364,0.7571271389220862
4.847999999999688,0.0039999999999995595,0.0,0.0007473213684664416,0.000263018301811406,3.280502136661452e-06,0.0011003388163976764,0.7571307438215885
4.851999999999688,0.0039999999999995595,0.0,0.0007665048172343568,0.0002674966420092017,3.2806196510423997e-06,0.001126556870979809,0.7571343285785395
4.855999999999687,0.0039999999999995595,0.0,0.0007859008755208594,0.00027207486365445895,3.2807414651941253e-06,0.0011510859659017117,0.7571378928910284
4.859999999999687,0.0039999999999995595,0.0,0.0008054839041351597,0.00027674621541889835,3.2808688265480464e-06,0.0011739273104591384,0.7571414364691678
4.863999999999686,0.0039999999999995595,0.0,0.0008252284701168869,0.00028150395145400364,3.281002880929382e-06,0.0011950824035772696,0.7571449590411886
4.867999999999686,0.0039999999999995595,0.0,0.0008451093630960059,0.00028634133385919914,3.2811446679108367e-06,0.0012145534563072287,0.7571484603557829
4.8719999999996855,0.0039999999999995595,0.0,0.0008651016161482736,0.0002912516364899177,3.2812951176169362e-06,0.0012323437018377484,0.7571519401821553
4.875999999999685,0.0039999999999995595,0.0,0.0008851805253367489,0.00029622814975783514,3.2814550487498815e-06,0.0012484576257032426,0.7571553983087745
4.879999999999685,0.0039999999999995595,0.0,0.0009053216718853067,0.00030126418617203816,3.2816251678610085e-06,0.0012629011379218505,0.7571588345415108
4.883999999999684,0.0039999999999995595,0.0,0.000925500943914189,0.00030635308643420467,3.281806069439095e-06,0.0012756817015713397,0.7571622487015791
4.887999999999684,0.0039999999999995595,0.0,0.0009456945587383187,0.00031148822594415527,3.2819982369609047e-06,0.0012868084275946708,0.7571656406235556
4.891999999999683,0.0039999999999995595,0.0,0.0009658790847503373,0.00031666302160159173,3.28220204456944e-06,0.001296292142531191,0.7571690101536197
4.895999999999683,0.0039999999999995595,0.0,0.000986031463785394,0.0003218709388103452,3.2824177593162832e-06,0.0013041454338662566,0.7571723571480884
4.899999999999682,0.0039999999999995595,0.0,0.0010061290329801853,0.00032710549860617437,3.282645543933975e-06,0.0013103826764027512,0.7571756814722732
4.903999999999682,0.0039999999999995595,0.0,0.001026149545208696,0.00033236028484014146,3.28288546001826e-06,0.0013150200422203501,0.7571789829996519
4.9079999999996815,0.0039999999999995595,0.0,0.001046071190946176,0.00033762895135817467,3.2831374715421058e-06,0.0013180754962553113,0.7571822616113286
4.911999999999681,0.0039999999999995595,0.0,0.0010658726172341878,0.0003429052291245116,3.2834014487031203e-06,0.0013195687792012718,0.7571855171957538
4.915999999999681,0.0039999999999995595,0.0,0.0010855329476371122,0.00034818293324279895,3.283677172029495e-06,0.0013195213792030344,0.7571887496486649
4.91999999999968,0.0039999999999995595,0.0,0.001105031800809886,0.00035345596983404865,3.2839643366882893e-06,0.0013179564936681271,0.7571919588732009
4.92399999999968,0.0039999999999995595,0.0,0.0011243493077149043,0.00035871834273565014,3.2842625569586987e-06,0.0013148989824248742,0.7571951447801699
4.927999999999679,0.0039999999999995595,0.0,0.0011434661285947313,0.0003639641599902737,3.2845713709514623e-06,0.0013103753133665492,0.7571983072884199
4.931999999999679,0.0039999999999995595,0.0,0.001162363469042518,0.0003691876400978791,3.284890245465143e-06,0.0013044135016628882,0.7572014463252875
4.935999999999678,0.0039999999999995595,0.0,0.001181023094131473,0.0003743831180081613,3.2852185809399766e-06,0.0012970430435518046,0.7572045618270986
4.939999999999678,0.0039999999999995595,0.0,0.00119942734293296,0.00037954505083464103,3.2855557165458448e-06,0.0012882948456687368,0.7572076537396891
4.9439999999996775,0.0039999999999995595,0.0,0.0012175591407261167,0.0003846680232752471,3.2859009354325e-06,0.0012782011508035826,0.7572107220189357
4.947999999999677,0.0039999999999995595,0.0,0.001235402010921756,0.0003897467527275971,3.2862534699912046e-06,0.0012667954609147433,0.7572137666312662
4.951999999999677,0.0039999999999995595,0.0,0.0012529400856471466,0.0003947760940903244,3.2866125072655916e-06,0.001254112458164831,0.7572167875541476
4.955999999999676,0.0039999999999995595,0.0,0.0012701581153607901,0.0003997510442446256,3.2869771944007166e-06,0.0012401879246723506,0.7572197847765273
4.959999999999676,0.0039999999999995595,0.0,0.0012870414774710365,0.0004046667462128007,3.28734664410886e-06,0.0012250586616078473,0.7572227582992328
4.963999999999675,0.0039999999999995595,0.0,0.0013035761836690447,0.00040951849299284364,3.287719940171215e-06,0.001208762408191279,0.7572257081353084
4.967999999999675,0.0039999999999995595,0.0,0.001319748886544198,0.0004143017310702014,3.2880961430406783e-06,0.001191337761090404,0.7572286343102951
4.9719999999996745,0.0039999999999995595,0.0,0.001335546885066387,0.0004190120636095729,3.288474295324051e-06,0.0011728240946403,0.7572315368624416
4.975999999999674,0.0039999999999995595,0.0,0.0013509581287917795,0.0004236452533311785,3.288853427350572e-06,0.0011532614822589004,0.757234415842859
4.979999999999674,0.0039999999999995595,0.0,0.0013659712217827253,0.0004281972250771722,3.289232562565385e-06,0.001132690619356655,0.7572372713155996
4.983999999999673,0.0039999999999995595,0.0,0.001380575424878309,0.0004326640680749664,3.2896107230513068e-06,0.0011111527479969415,0.75724010335768
4.987999999999673,0.0039999999999995595,0.0,0.0013947606574398115,0.0004370420379050662,3.2899869347996026e-06,0.0010886895835063048,0.757242912059036
4.991999999999672,0.0039999999999995595,0.0,0.0014085174979291304,0.0004413275581816754,3.290360232916082e-06,0.00106534324318526,0.7572456975224231
4.995999999999672,0.0039999999999995595,0.0,0.001421843823795206,0.000445520073685663,3.2907296209650822e-06,0.001042582141854231,0.7572456975224231
4.999999999999671,0.0039999999999995595,0.0,0.0014347494768969674,0.0004496237489771962,3.291094142075683e-06,0.0010200467373080839,0.7572484598632595
5.003999999999671,0.0039999999999995595,0.0,0.001447223557414615,0.000453633697790702,3.291453058207827e-06,0.0009962771630582098,0.7572512588062841
5.0079999999996705,0.0039999999999995595,0.0,0.0014592481600341283,0.0004575415145236488,3.291805614643892e-06,0.0009695546967892235,0.7572567468829862
5.01199999999967,0.0039999999999995595,0.0,0.0014707952169178678,0.0004613342837014237,3.2921511112759195e-06,0.0009407926029226483,0.7572593763966393
5.01599999999967,0.0039999999999995595,0.0,0.0014818630202209518,0.00046501189604499144,3.292488743355162e-06,0.000911960079247062,0.7572619953508806
5.019999999999669,0.0039999999999995595,0.0,0.001492449349802214,0.00046857366723770087,3.292817685426114e-06,0.0008829293404655269,0.7572646019871478
5.023999999999669,0.0039999999999995595,0.0,0.0015025518021969178,0.0004720185579113605,3.2931371478868812e-06,0.0008536229901172091,0.7572671941170271
5.027999999999668,0.0039999999999995595,0.0,0.0015121680248164017,0.0004753453298754518,3.293446399989576e-06,0.0008239993570696558,0.7572697697725721
5.031999999999668,0.0039999999999995595,0.0,0.001521295880009877,0.00047855265635128645,3.293744776704007e-06,0.0007940419400338211,0.7572723274241738
5.035999999999667,0.0039999999999995595,0.0,0.0015299335589297693,0.0004816391992906751,3.2940316790061626e-06,0.0007637518664612248,0.7572748659989162
5.039999999999667,0.0039999999999995595,0.0,0.001538079660004644,0.00048460366328569753,3.2943065721174315e-06,0.0007331425362598815,0.7572773848186615
5.0439999999996665,0.0039999999999995595,0.0,0.0015457332407698657,0.0004874448329077602,3.2945689838635027e-06,0.0007022358335389924,0.7572798835159035
5.047999999999666,0.0039999999999995595,0.0,0.0015528938523146703,0.0004901615983534932,3.2948185038313633e-06,0.0006710594547659183,0.7572823619532685
5.051999999999666,0.0039999999999995595,0.0,0.0015595615594259547,0.0004927529728527819,3.295054783271884e-06,0.0006396450266235478,0.7572848201563138
5.055999999999665,0.0039999999999995595,0.0,0.0015657369527996405,0.0004952181042730471,3.2952775358213695e-06,0.0006080267795186574,0.7572872582615291
5.059999999999665,0.0039999999999995595,0.0,0.001571421153157665,0.0004975562826268174,3.29548653848998e-06,0.0005762406104061821,0.757289676478105
5.063999999999664,0.0039999999999995595,0.0,0.0015766158116849872,0.0004997669446756166,3.2956816327678137e-06,0.000544323417520524,0.7572920750609375
5.067999999999664,0.0039999999999995595,0.0,0.001581323105894018,0.0005018496764619382,3.2958627255665073e-06,0.0005123126246050065,0.7572944542922401
5.0719999999996634,0.0039999999999995595,0.0,0.0015855457336460342,0.0005038042143484739,3.2960297898259433e-06,0.00048024583708531433,0.7572968144694616
5.075999999999663,0.0039999999999995595,0.0,0.0015892869047492886,0.0005056304449679223,3.296182864802899e-06,0.0004481605901555724,0.7572991558976732
5.079999999999663,0.0039999999999995595,0.0,0.0015925503313544956,0.0005073284043647342,3.2963220559013927e-06,0.00041609416103955256,0.7573014788850134
5.083999999999662,0.0039999999999995595,0.0,0.001595340216794932,0.0005088982765258362,3.296447533968033e-06,0.00038408342625896206,0.7573037837401719
5.087999999999662,0.0039999999999995595,0.0,0.001597661243897901,0.0005103403914392529,3.296559534192697e-06,0.00035216475071004374,0.7573060707711722
5.091999999999661,0.0039999999999995595,0.0,0.001599518562241137,0.0005116552227795355,3.2966583545897412e-06,0.0003203738994555472,0.7573083402849506
5.095999999999661,0.0039999999999995595,0.0,0.0016009177749334565,0.0005128433852914139,3.296744353977818e-06,0.0002887459659975916,0.7573105925873821
5.09999999999966,0.0039999999999995595,0.0,0.0016018649247227209,0.0005139056319242182,3.2968179496134595e-06,0.0002573153127384378,0.7573128279835379
5.10399999999966,0.0039999999999995595,0.0,0.0016023664799910016,0.000514842850756601,3.296879614577325e-06,0.00022611552067467028,0.7573150467780245
5.1079999999996595,0.0039999999999995595,0.0,0.0016024293198042914,0.0005156560617421356,3.2969298748295446e-06,0.00019517934628669165,0.7573172492753184
5.111999999999659,0.0039999999999995595,0.0,0.0016020607191904773,0.0005163464133001341,3.2969693059814243e-06,0.0001645386842006138,0.7573194357800507
5.115999999999659,0.0039999999999995595,0.0,0.001601268333805818,0.0005169151787716579,3.2969985299018546e-06,0.00013422453462197363,0.7573216065972195
5.119999999999658,0.0039999999999995595,0.0,0.001600060184534748,0.0005173637527575795,3.2970182110642056e-06,0.00010426697482716953,0.7573237620323178
5.123999999999658,0.0039999999999995595,0.0,0.0015984446415961532,0.0005176936473532898,3.297029052896438e-06,7.469513418611205e-05,0.7573259023913748
5.127999999999657,0.0039999999999995595,0.0,0.0015964304091166503,0.0005179064882929676,3.2970317939694817e-06,4.5537172330595237e-05,0.757328027980931
5.131999999999657,0.0039999999999995595,0.0,0.0015940265087732945,0.0005180040110150123,3.2970272038464464e-06,1.682026020043074e-05,0.7573301391079442
5.135999999999656,0.0039999999999995595,0.0,0.0015912422638150873,0.0005179880566592046,3.297016079220361e-06,1.1429437104609511e-05,0.7573322360796392
5.139999999999656,0.0039999999999995595,0.0,0.0015880872829024165,0.0005178605680052989,3.2969992397422734e-06,3.918677199764681e-05,0.7573343192033111
5.1439999999996555,0.0039999999999995595,0.0,0.0015845714441101418,0.0005176235853620244,3.2969775240449204e-06,6.642762978402166e-05,0.7573363887860981
5.147999999999655,0.0039999999999995595,0.0,0.0015807048782552232,0.0005172792424148225,3.296951785555935e-06,9.312893576382169e-05,0.7573384451347266
5.151999999999655,0.0039999999999995595,0.0,0.0015764979529503855,0.0005168297620400736,3.2969228884728195e-06,0.00011926866409590656,0.7573404885552347
5.155999999999654,0.0039999999999995595,0.0,0.0015719612563460368,0.0005162774520930523,3.2968917037081337e-06,0.00014482584380257738,0.7573425193526897
5.159999999999654,0.0039999999999995595,0.0,0.0015671055807103056,0.0005156247011763605,3.296859104890179e-06,0.00016978056321448695,0.7573445378308906
5.163999999999653,0.0039999999999995595,0.0,0.0015619419066439115,0.0005148739743951721,3.2968259644159263e-06,0.00019411397286356788,0.7573465442920788
5.167999999999653,0.0039999999999995595,0.0,0.001556481386613518,0.0005140278091051956,3.2967931496128906e-06,0.00021780828692468052,0.7573485390366428
5.171999999999652,0.0039999999999995595,0.0,0.0015507353292492667,0.0005130888106589187,3.296761518979892e-06,0.00024084678328572235,0.7573505223628295
5.175999999999652,0.0039999999999995595,0.0,0.0015447151834558708,0.0005120596481553409,3.296731918541664e-06,0.0002632138023394935,0.7573524945664645
5.1799999999996515,0.0039999999999995595,0.0,0.0015384325225922398,0.0005109430501981112,3.2967051783426694e-06,0.0002848947445619224,0.7573544559406791
5.183999999999651,0.0039999999999995595,0.0,0.00153189902869863,0.000509741800666702,3.2966821091084278e-06,0.0003058760669495779,0.757356406775648
5.187999999999651,0.0039999999999995595,0.0,0.0015251264774841856,0.0005084587345049969,3.2966634989485863e-06,0.000326145278378356,0.7573583473583381
5.19199999999965,0.0039999999999995595,0.0,0.0015181267226267987,0.0005070967335314565,3.2966501103230416e-06,0.0003456909339332246,0.7573602779722686
5.19599999999965,0.0039999999999995595,0.0,0.0015109116809777624,0.0005056587222748115,3.296642677101169e-06,0.00036450262826299827,0.7573621988972811
5.199999999999649,0.0039999999999995595,0.0,0.0015034933175243717,0.0005041476638390681,3.29664190192742e-06,0.0003825709879999417,0.757364110409326
5.203999999999649,0.0039999999999995595,0.0,0.0014958836305598905,0.0005025665558014387,3.2966484536533896e-06,0.00039988766328461953,0.7573660127802537
5.2079999999996485,0.0039999999999995595,0.0,0.0014880946376841146,0.0005009184261466784,3.2966629649697507e-06,0.0004164453184296482,0.7573679062776235
5.211999999999648,0.0039999999999995595,0.0,0.001480138360966747,0.0004992063292411849,3.2966860303415182e-06,0.0004322376217518719,0.7573697911645212
5.215999999999648,0.0039999999999995595,0.0,0.0014720268134634114,0.0004974333418500935,3.29671820404461e-06,0.0004472592346022475,0.7573716676993854
5.219999999999647,0.0039999999999995595,0.0,0.0014637719852054942,0.000495602559200523,3.296759998487136e-06,0.00046150579961412325,0.7573735361358459
5.223999999999647,0.0039999999999995595,0.0,0.001455385829836298,0.0004937170910940201,3.2968118827066174e-06,0.0004749739281943157,0.7573753967225755
5.227999999999646,0.0039999999999995595,0.0,0.0014468802512845969,0.0004917800580711713,3.296874281119277e-06,0.0004876611872777665,0.7573772497031426
5.231999999999646,0.0039999999999995595,0.0,0.0014382670910804145,0.0004897945876312855,3.29694757244745e-06,0.0004995660853605233,0.7573790953158805
5.235999999999645,0.0039999999999995595,0.0,0.0014295581155556716,0.00048776381050997066,3.2970320889553213e-06,0.0005106880578326538,0.757380933793762
5.239999999999645,0.0039999999999995595,0.0,0.0014207650034704646,0.0004856908570173555,3.2971281158041385e-06,0.0005210274516264829,0.7573827653642802
5.2439999999996445,0.0039999999999995595,0.0,0.0014118993344026365,0.000483578853439656,3.2972358907324327e-06,0.0005305855091967541,0.75738459024934
5.247999999999644,0.0039999999999995595,0.0,0.0014029725763625947,0.00048143091850669716,3.297355603864304e-06,0.0005393643518496579,0.7573864086651527
5.251999999999644,0.0039999999999995595,0.0,0.001393996075243472,0.0004792501599279549,3.29748739774993e-06,0.0005473669624386765,0.7573882208221431
5.255999999999643,0.0039999999999995595,0.0,0.0013849810430053443,0.00047703967099960284,3.2976313676486785e-06,0.0005545971674415687,0.7573900269248591
5.259999999999643,0.0039999999999995595,0.0,0.0013759385475485505,0.0004748025272849665,3.2977875619968753e-06,0.0005610596184432647,0.7573918271718865
5.263999999999642,0.0039999999999995595,0.0,0.0013668795022747813,0.00047254178337073567,3.2979559831475825e-06,0.0005667597730359149,0.7573936217557729
5.267999999999642,0.0039999999999995595,0.0,0.0013578146556857454,0.00047026046970117906,3.298136588163486e-06,0.0005717038751638067,0.7573954108629541
5.271999999999641,0.0039999999999995595,0.0,0.0013487545822975257,0.00046796158949255137,3.298329289915091e-06,0.0005758989349256596,0.7573971946736905
5.275999999999641,0.0039999999999995595,0.0,0.001339709672989819,0.0004656481157297634,3.2985339582878006e-06,0.0005793527078671864,0.7573989733620047
5.2799999999996405,0.0039999999999995595,0.0,0.001330690126231138,0.00046332298824732355,3.2987504216235163e-06,0.0005820736737762032,0.7574007470956261
5.28399999999964,0.0039999999999995595,0.0,0.0013217059394350127,0.0004609891108964416,3.2989784682128512e-06,0.0005840710150132895,0.7574025160359432
5.28799999999964,0.0039999999999995595,0.0,0.0013127669010171764,0.0004586493488000945,3.299217848080995e-06,0.0005853545943982869,0.757404280337956
5.291999999999639,0.0039999999999995595,0.0,0.0013038825822247091,0.00045630652569775043,3.299468274781745e-06,0.000585934932680594,0.7574060401502396
5.295999999999639,0.0039999999999995595,0.0,0.0012950623301593875,0.0004539634213813358,3.2997294273583225e-06,0.0005858231856220978,0.7574077956149109
5.299999999999638,0.0039999999999995595,0.0,0.001286315260390123,0.0004516227692239087,3.3000009524154906e-06,0.0005850311207181869,0.757409546867598
5.303999999999638,0.0039999999999995595,0.0,0.0012776502504165844,0.00044928725380241174,3.300282466376872e-06,0.0005835710935885368,0.7574112940374211
5.3079999999996375,0.0039999999999995595,0.0,0.0012690759335668466,0.000446959508615729,3.3005735576766547e-06,0.0005814560240658882,0.7574130372469732
5.311999999999637,0.0039999999999995595,0.0,0.0012606006928889753,0.00044464211389917165,3.3008737891533635e-06,0.0005786993720141596,0.7574147766123104
5.315999999999637,0.0039999999999995595,0.0,0.001252232655813991,0.000442337594536386,3.30118270048414e-06,0.0005753151129052726,0.7574165122429449
5.319999999999636,0.0039999999999995595,0.0,0.001243979688892316,0.00044004841806955766,3.3014998106227336e-06,0.0005713177131861374,0.757418244241847
5.323999999999636,0.0039999999999995595,0.0,0.0012358493932148656,0.0004377769928086572,3.3018246202140006e-06,0.0005667221054696037,0.7574199727054567
5.327999999999635,0.0039999999999995595,0.0,0.0012278491002573936,0.00043552566604033847,3.3021566143973456e-06,0.0005615436635780355,0.7574216977236883
5.331999999999635,0.0039999999999995595,0.0,0.0012199858674158876,0.00043329672233698304,3.302495265130622e-06,0.0005557981774761519,0.7574234193799527
5.335999999999634,0.0039999999999995595,0.0,0.0012122664749343083,0.00043109238196627317,3.3028400338229444e-06,0.0005495018281114977,0.7574251377511857
5.339999999999634,0.0039999999999995595,0.0,0.0012046974223254522,0.00042891479940150156,3.3031903737639912e-06,0.0005426711622178528,0.757426852907875
5.3439999999996335,0.0039999999999995595,0.0,0.001197284926180324,0.00042676606193276293,3.3035457328078044e-06,0.0005353230670844922,0.7574285649141045
5.347999999999633,0.0039999999999995595,0.0,0.001190034916876295,0.00042464818837899954,3.303905555844208e-06,0.0005274747453455577,0.7574302738275963
5.351999999999633,0.0039999999999995595,0.0,0.001182953037293198,0.0004225631279007634,3.3042692870855613e-06,0.0005191436898091758,0.7574319796997572
5.355999999999632,0.0039999999999995595,0.0,0.001176044640659188,0.00042051275891345953,3.3046363726065407e-06,0.0005103476583544161,0.7574336825757455
5.359999999999632,0.0039999999999995595,0.0,0.001169314789347758,0.00041849888810067905,3.3050062626306234e-06,0.0005011046489350431,0.7574353824945295
5.363999999999631,0.0039999999999995595,0.0,0.001162768253953027,0.00041652324952714284,3.305378413811663e-06,0.000491432874708751,0.7574370794889603
5.367999999999631,0.0039999999999995595,0.0,0.0011564095127025043,0.0004145875038506505,3.3057522913559038e-06,0.0004813507393271667,0.7574387735858481
5.37199999999963,0.0039999999999995595,0.0,0.0011502427509759011,0.0004126932376323189,3.3061273710970635e-06,0.0004708768124114586,0.7574404648060483
5.37599999999963,0.0039999999999995595,0.0,0.0011442718617521441,0.0004108419627442856,3.3065031415490877e-06,0.00046002980524097273,0.7574421531645482
5.3799999999996295,0.0039999999999995595,0.0,0.0011385004455941737,0.0004090351158739598,3.3068791057139933e-06,0.0004488285466787816,0.7574438386705672
5.383999999999629,0.0039999999999995595,0.0,0.0011329318118550892,0.00040727405812378156,3.3072547828753062e-06,0.00043729195936375724,0.7574455213276586
5.387999999999629,0.0039999999999995595,0.0,0.0011275689793082634,0.0004055600747053573,3.307629710228793e-06,0.000425439036192096,0.7574472011338157
5.391999999999628,0.0039999999999995595,0.0,0.001122414677692082,0.0004038943747267646,3.308003444405351e-06,0.0004132888171059206,0.7574488780815888
5.395999999999628,0.0039999999999995595,0.0,0.001117471349725899,0.00040227809107170205,3.3083755628786595e-06,0.0004008603662211891,0.7574505521582074
5.399999999999627,0.0039999999999995595,0.0,0.0011127411525324413,0.00040071228036907486,3.3087456651979187e-06,0.0003881727493114314,0.7574522233457025
5.403999999999627,0.0039999999999995595,0.0,0.0011082259604674107,0.0003991979230515416,3.309113374139313e-06,0.00037524501166750075,0.7574538916210398
5.407999999999626,0.0039999999999995595,0.0,0.0011039273673969815,0.00039773592350145025,3.3094783366922754e-06,0.0003620961563541702,0.7574555569562575
5.411999999999626,0.0039999999999995595,0.0,0.0010998466897263633,0.0003963271102825124,3.309840224874217e-06,0.0003487451228854685,0.7574572193186065
5.415999999999626,0.0039999999999995595,0.0,0.001095984969594973,0.0003949722364555039,3.310198736474481e-06,0.0003352107663328395,0.7574588786706954
5.419999999999625,0.0039999999999995595,0.0,0.0010923429777329324,0.0003936719799762008,3.3105535956711843e-06,0.00032151183688535563,0.7574605349706455
5.423999999999625,0.0039999999999995595,0.0,0.001088921218210176,0.0003924269441736941,3.310904553371094e-06,0.0003076669598778263,0.7574621881722422
5.427999999999624,0.0039999999999995595,0.0,0.0010857199313283336,0.0003912376583071699,3.3112513875691756e-06,0.00029369461630352844,0.7574638382250964
5.431999999999624,0.0039999999999995595,0.0,0.0010827390980899848,0.0003901045781991735,3.3115939034584928e-06,0.0002796131238223431,0.7574654850748066
5.435999999999623,0.0039999999999995595,0.0,0.001079978445029567,0.0003890280869433309,3.311931933525464e-06,0.00026544061828386305,0.7574671286631257
5.439999999999623,0.0039999999999995595,0.0,0.001077437448156066,0.0003880084956844359,3.3122653373732124e-06,0.00025119503577304713,0.7574687689281296
5.4439999999996225,0.0039999999999995595,0.0,0.001075115338139632,0.00038704604446877794,3.3125940015432035e-06,0.00023689409519207647,0.757470405804392
5.447999999999622,0.0039999999999995595,0.0,0.0010730111052894501,0.00038614090316252815,3.3129178391157785e-06,0.00022255528139095284,0.7574720392231563
5.451999999999622,0.0039999999999995595,0.0,0.0010711235046028799,0.0003852931724359665,3.3132367893126198e-06,0.00020819582885396622,0.7574736691125161
5.455999999999621,0.0039999999999995595,0.0,0.0010694510615841498,0.00038450288481129373,3.3135508167896132e-06,0.00019383270595510043,0.7574752953975917
5.459999999999621,0.0039999999999995595,0.0,0.0010679920772496219,0.00038377000577172936,3.31385991103523e-06,0.00017948259978836504,0.7574769180007124
5.46399999999962,0.0039999999999995595,0.0,0.0010667446342547456,0.0003830944349295821,3.314164085570591e-06,0.00016516190158052162,0.7574785368415998
5.46799999999962,0.0039999999999995595,0.0,0.0010657066027625543,0.0003824760072509333,3.3144633770237184e-06,0.0001508866926966454,0.7574801518375487
5.471999999999619,0.0039999999999995595,0.0,0.001064875646325858,0.00038191449433455454,3.314757844166112e-06,0.00013667273124392406,0.7574817629036137
5.475999999999619,0.0039999999999995595,0.0,0.001064249228265769,0.00038140960574266906,3.3150475668598528e-06,0.00012253543927573743,0.757483369952791
5.4799999999996185,0.0039999999999995595,0.0,0.001063824617568891,0.00038096099038113264,3.3153326448685765e-06,0.00010848989061249278,0.7574849728962051
5.483999999999618,0.0039999999999995595,0.0,0.0010635988959302588,0.00038056823792660384,3.315613196713233e-06,9.45507992800928e-05,0.7574865716432938
5.487999999999618,0.0039999999999995595,0.0,0.0010635689638136931,0.00038023088029824625,3.315889358393638e-06,8.07325085926332e-05,0.7574881661019884
5.491999999999617,0.0039999999999995595,0.0,0.0010637315473638316,0.00037994839317152964,3.3161612820756617e-06,6.70489809033799e-05,0.7574897561789007
5.495999999999617,0.0039999999999995595,0.0,0.0010640832049784187,0.00037972019753164155,3.3164291346890445e-06,5.351378815280854e-05,0.7574913417795031
5.499999999999616,0.0039999999999995595,0.0,0.0010646203340186466,0.00037954566126406083,3.316693096578695e-06,4.014010358065572e-05,0.7574929228083084
5.503999999999616,0.0039999999999995595,0.0,0.001065339177926247,0.00037942410077982145,3.3169533600219453e-06,2.694069648226123e-05,0.7574944991690501
5.507999999999615,0.0039999999999995595,0.0,0.00106623583307682,0.00037935478267299704,3.317210127811904e-06,1.392794559100191e-05,0.7574960707648593
5.511999999999615,0.0039999999999995595,0.0,0.0010673062556391054,0.00037933692540794827,3.3174636118077317e-06,1.115307892696343e-06,0.7574976374984383
5.5159999999996145,0.0039999999999995595,0.0,0.0010685462688132035,0.00037936970103388226,3.31771403147176e-06,1.1490920343159678e-05,0.7574991992722333
5.519999999999614,0.0039999999999995595,0.0,0.0010699515698837025,0.0003794522369242746,3.3179616123739035e-06,2.3874011882516173e-05,0.7575007559886053
5.523999999999614,0.0039999999999995595,0.0,0.0010715177371512443,0.0003795836175387265,3.3182065847510387e-06,3.602547200080763e-05,0.7575023075499931
5.527999999999613,0.0039999999999995595,0.0,0.0010732402370139742,0.0003797628862048409,3.318449182028046e-06,4.793508672415217e-05,0.7575038538590794
5.531999999999613,0.0039999999999995595,0.0,0.001075114431571418,0.00037998904691772026,3.3186896394283563e-06,5.959313177115755e-05,0.7575053948189511
5.535999999999612,0.0039999999999995595,0.0,0.0010771355851600089,0.0003802610661547074,3.31892819261673e-06,7.099034349868918e-05,0.7575069303332537
5.539999999999612,0.0039999999999995595,0.0,0.0010792988717518142,0.00038057787470301027,3.3191650762732717e-06,8.21179176509274e-05,0.7575084603063448
5.5439999999996115,0.0039999999999995595,0.0,0.0010815993821437267,0.0003809383694978846,3.3194005228434232e-06,9.296751080291176e-05,0.7575099846434424
5.547999999999611,0.0039999999999995595,0.0,0.001084032130803799,0.00038134141546906507,3.319634761178479e-06,0.0001035312419319117,0.7575115032507674
5.551999999999611,0.0039999999999995595,0.0,0.0010865920633701376,0.00038178584739317705,3.319868015415788e-06,0.00011380169362952794,0.7575130160356873
5.55599999999961,0.0039999999999995595,0.0,0.0010892740628251297,0.00038227047174987895,3.320100503794066e-06,0.00012377191282718638,0.757514522906847
5.55999999999961,0.0039999999999995595,0.0,0.001092072957389382,0.00038279406857952476,3.3203324375479245e-06,0.00013343541100215782,0.7575160237743034
5.563999999999609,0.0039999999999995595,0.0,0.0010949835270371404,0.0003833553933401793,3.3205640198727574e-06,0.000142786163858552,0.757517518549648
5.567999999999609,0.0039999999999995595,0.0,0.0010980005101499891,0.0003839531787618385,3.3207954449894616e-06,0.0001518186104796289,0.7575190071461309
5.571999999999608,0.0039999999999995595,0.0,0.001101118610586915,0.000384586136695764,3.3210268972480147e-06,0.0001605276519645488,0.7575204894787742
5.575999999999608,0.0039999999999995595,0.0,0.001104332504337814,0.0003852529599568689,3.321258550292291e-06,0.00016890864955425205,0.7575219654644846
5.5799999999996075,0.0039999999999995595,0.0,0.001107636846150984,0.00038595232415714075,3.3214905663424336e-06,0.000176957422257077,0.7575234350221589
5.583999999999607,0.0039999999999995595,0.0,0.0011110262760187363,0.0003866828895281319,3.321723095527759e-06,0.00018467024398644312,0.7575248980727842
5.587999999999607,0.0039999999999995595,0.0,0.0011144954256092025,0.00038744330273059034,3.3219562753339775e-06,0.0001920438402200798,0.7575263545395335
5.591999999999606,0.0039999999999995595,0.0,0.0011180389248315052,0.0003882321986493517,3.322190230088411e-06,0.00019907538419167722,0.7575278043478546
5.595999999999606,0.0039999999999995595,0.0,0.0011216514078276456,0.00038904820217166756,3.3224250706170244e-06,0.00020576249263223932,0.7575292474255572
5.599999999999605,0.0039999999999995595,0.0,0.0011253275191842904,0.0003898899299471821,3.3226608938401016e-06,0.00021210322106497297,0.7575306837028905
5.603999999999605,0.0039999999999995595,0.0,0.0011290619200575928,0.00039075599212783514,3.32289778256857e-06,0.00021809605867529442,0.7575321131126168
5.607999999999604,0.0039999999999995595,0.0,0.001132849294011677,0.0003916449940860097,3.323135805353824e-06,0.00022373992276278093,0.7575335355900805
5.611999999999604,0.0039999999999995595,0.0,0.0011366843527692207,0.0003925555381093074,3.3233750163886054e-06,0.00022903415279270585,0.7575349510732724
5.6159999999996035,0.0039999999999995595,0.0,0.0011405618417770385,0.00039348622507037056,3.3236154555499777e-06,0.0002339785040558146,0.7575363595028858
5.619999999999603,0.0039999999999995595,0.0,0.0011444765458818165,0.0003944356560702555,3.323857148480867e-06,0.00023857314095889344,0.7575377608223712
5.623999999999603,0.0039999999999995595,0.0,0.0011484232948245862,0.00039540243405388164,3.3241001066899615e-06,0.00024281862994757875,0.7575391549779832
5.627999999999602,0.0039999999999995595,0.0,0.0011523969679828351,0.00039638516539616277,3.3243443278203477e-06,0.0002467159320874929,0.7575405419188213
5.631999999999602,0.0039999999999995595,0.0,0.00115639250001457,0.0003973824614574826,3.3245897959797823e-06,0.0002502663953128799,0.7575419215968698
5.635999999999601,0.0039999999999995595,0.0,0.0011604048852831403,0.00039839294010721545,3.3248364820605488e-06,0.0002534717463542325,0.7575432939670288
5.639999999999601,0.0039999999999995595,0.0,0.0011644291832916011,0.00039941522721407863,3.3250843442074597e-06,0.00025633408236717427,0.757544658987142
5.6439999999996004,0.0039999999999995595,0.0,0.0011684605224495297,0.0004004479581021432,3.3253333283599995e-06,0.0002588558622716864,0.7575460166180179
5.6479999999996,0.0039999999999995595,0.0,0.0011724941054404776,0.0004014897789713922,3.3255833687194467e-06,0.00026103989781660065,0.7575473668234493
5.6519999999996,0.0039999999999995595,0.0,0.001176525212858522,0.00040253934828178643,3.3258343883958877e-06,0.00026288934438908505,0.7575487095702276
5.655999999999599,0.0039999999999995595,0.0,0.0011805492077989108,0.00040359533809983787,3.3260863000759095e-06,0.0002644076915770087,0.7575500448281487
5.659999999999599,0.0039999999999995595,0.0,0.0011845615394230897,0.0004046564354067674,3.3263390066930687e-06,0.00026559875350550997,0.7575513725700187
5.663999999999598,0.0039999999999995595,0.0,0.0011885577471221576,0.00040572134336738487,3.32659240218298e-06,0.0002664666589611838,0.7575526927716548
5.667999999999598,0.0039999999999995595,0.0,0.001192533464159933,0.0004067887825588706,3.3268463722864468e-06,0.0002670158413145992,0.7575540054118816
5.671999999999597,0.0039999999999995595,0.0,0.0011964844207279198,0.0004078574921587195,3.3271007953436467e-06,0.00026725102826305886,0.757555310472521
5.675999999999597,0.0039999999999995595,0.0,0.001200406448011244,0.0004089262310911573,3.3273555430933624e-06,0.00026717723140379235,0.7575566079383816
5.6799999999995965,0.0039999999999995595,0.0,0.001204295480306096,0.00040999377913139654,3.327610481566328e-06,0.00026679973565292575,0.757557897797245
5.683999999999596,0.0039999999999995595,0.0,0.0012081475591060682,0.0004110589379671667,3.327865471924916e-06,0.00026612408852756745,0.7575591800398433
5.687999999999596,0.0039999999999995595,0.0,0.00121195883482194,0.0004121205322170084,3.328120371390668e-06,0.00026515608930321495,0.7575604546598393
5.691999999999595,0.0039999999999995595,0.0,0.001215725570310635,0.00041317741040488096,3.3283750340364153e-06,0.0002639017780635647,0.757561721653799
5.695999999999595,0.0039999999999995595,0.0,0.0012194441426373079,0.00041422844589068895,3.3286293117788446e-06,0.0002623674246533194,0.7575629810211647
5.699999999999594,0.0039999999999995595,0.0,0.0012231110458455505,0.00041527253775638673,3.3288830551944958e-06,0.0002605595175519728,0.7575642327642201
5.703999999999594,0.0039999999999995595,0.0,0.001226722892556151,0.00041630861164739284,3.3291361144660303e-06,0.0002584847526827129,0.7575654768880579
5.707999999999593,0.0039999999999995595,0.0,0.0012302764162370828,0.00041733562056908756,3.3293883401869168e-06,0.00025615002216915217,0.7575667134005413
5.711999999999593,0.0039999999999995595,0.0,0.0012337684729745268,0.00041835254563822507,3.329639584253196e-06,0.0002535624030520366,0.7575679423122639
5.7159999999995925,0.0039999999999995595,0.0,0.0012371960428577847,0.00041935839678915377,3.329889700664972e-06,0.00025072914598467096,0.7575691636365081
5.719999999999592,0.0039999999999995595,0.0,0.0012405562315351162,0.0004203522134347826,3.330138546341951e-06,0.00024765766391546826,0.7575703773891983
5.723999999999592,0.0039999999999995595,0.0,0.0012438462712353433,0.000421333065082294,3.3303859819635184e-06,0.00024435552077390526,0.7575715835888562
5.727999999999591,0.0039999999999995595,0.0,0.001247063521989068,0.000422300051903656,3.3306318726116954e-06,0.00024083042017342536,0.7575727822565514
5.731999999999591,0.0039999999999995595,0.0,0.0012502054727906102,0.000423252305261023,3.3308760885669304e-06,0.00023709019413994495,0.7575739734158488
5.73599999999959,0.0039999999999995595,0.0,0.001253269741915327,0.0004241889881871853,3.331118505963837e-06,0.00023314279188291068,0.7575751570927587
5.73999999999959,0.0039999999999995595,0.0,0.0012562540774773703,0.00042510929582126745,3.3313590074268136e-06,0.00022899626862194077,0.7575763333156807
5.743999999999589,0.0039999999999995595,0.0,0.0012591563584093152,0.00042601245579991834,3.3315974826755066e-06,0.0002246587744731422,0.7575775021153489
5.747999999999589,0.0039999999999995595,0.0,0.001261974593930471,0.0004268977286043007,3.331833829058463e-06,0.00022013854342044827,0.7575786635247752
5.7519999999995886,0.0039999999999995595,0.0,0.0012647069245204452,0.00042776440786320856,3.332067952085317e-06,0.00021544388236750497,0.7575798175791904
5.755999999999588,0.0039999999999995595,0.0,0.0012673516210535175,0.00042861182061270997,3.332299765846103e-06,0.0002105831602947693,0.7575809643159845
5.759999999999588,0.0039999999999995595,0.0,0.0012699070850128952,0.0004294393275127481,3.332529193431781e-06,0.0002055647975271527,0.7575821037746483
5.763999999999587,0.0039999999999995595,0.0,0.0012723718482917927,0.0004302463230211653,3.3327561673328175e-06,0.00020039725511919446,0.7575832359967103
5.767999999999587,0.0039999999999995595,0.0,0.0012747445723314884,0.0004310322355256725,3.332980629677896e-06,0.00019508902437524853,0.7575843610256746
5.771999999999586,0.0039999999999995595,0.0,0.0012770240477397903,0.0004317965274343224,3.333202532511136e-06,0.00018964861651108442,0.7575854789069585
5.775999999999586,0.0039999999999995595,0.0,0.0012792091933461244,0.00043253869522507033,3.3334218379915055e-06,0.00018408455246346107,0.7575865896878309
5.7799999999995855,0.0039999999999995595,0.0,0.0012812990553965511,0.0004332582694550622,3.3336385185232803e-06,0.00017840535286366073,0.7575876934173442
5.783999999999585,0.0039999999999995595,0.0,0.0012832928066299615,0.00043395481473031583,3.3338525568921694e-06,0.00017261952817781393,0.7575887901462744
5.787999999999585,0.0039999999999995595,0.0,0.001285189744806809,0.0004346279296364967,3.334063946251651e-06,0.00016673556902633007,0.7575898799270535
5.791999999999584,0.0039999999999995595,0.0,0.001286989291646047,0.0004352772466315245,3.3342726901285176e-06,0.00016076193668905026,0.7575909628137057
5.795999999999584,0.0039999999999995595,0.0,0.0012886909914773472,0.0004359024319007748,3.3344788023738087e-06,0.00015470705380346846,0.7575920388617814
5.799999999999583,0.0039999999999995595,0.0,0.0012902945093532067,0.0004365031851756757,3.33468230700943e-06,0.0001485792952647023,0.7575931081282921
5.803999999999583,0.0039999999999995595,0.0,0.0012917996297419894,0.0004370792395165258,3.3348832381146823e-06,0.00014238697933508063,0.7575941706716449
5.807999999999582,0.0039999999999995595,0.0,0.0012932062546795024,0.00043763036106038905,3.3350816395753684e-06,0.00013613835896806914,0.7575952265515777
5.811999999999582,0.0039999999999995595,0.0,0.0012945144018103787,0.00043815634873494347,3.335277564881628e-06,0.00012984161335401794,0.7575962758290933
5.8159999999995815,0.0039999999999995595,0.0,0.0012957242025743898,0.0004386570339391887,3.335471076770999e-06,0.00012350483969275687,0.7575973185663942
5.819999999999581,0.0039999999999995595,0.0,0.0012968358999343827,0.0004391322801919398,3.3356622469466154e-06,0.00011713604520189196,0.7575983548268148
5.823999999999581,0.0039999999999995595,0.0,0.0012978498464149483,0.0004395819827490629,3.335851155659171e-06,0.00011074313936289693,0.757599384674762
5.82799999999958,0.0039999999999995595,0.0,0.0012987665017621002,0.00044000606819041144,3.336037891304964e-06,0.00010433392640937798,0.7576004081756444
5.83199999999958,0.0039999999999995595,0.0,0.001299586430648651,0.00044040449397746205,3.33622255002501e-06,9.791609806780612e-05,0.7576014253958133
5.835999999999579,0.0039999999999995595,0.0,0.001300310299993208,0.00044077724798264906,3.3364052351797014e-06,9.149722654637481e-05,0.7576024364024933
5.839999999999579,0.0039999999999995595,0.0,0.001300938877083694,0.00044112434799141654,3.33658605683644e-06,8.508475778253225e-05,0.7576034412637223
5.843999999999578,0.0039999999999995595,0.0,0.0013014730261938672,0.000441445841178035,3.336765131307217e-06,7.868600495316174e-05,0.7576044400482863
5.847999999999578,0.0039999999999995595,0.0,0.0013019137067614155,0.0004417418035562182,3.3369425805597753e-06,7.230814224441563e-05,0.7576054328256563
5.8519999999995775,0.0039999999999995595,0.0,0.0013022619699629414,0.00044201233940561227,3.3371185316458857e-06,6.595819889166522e-05,0.7576064196659275
5.855999999999577,0.0039999999999995595,0.0,0.0013025189564104362,0.0004422575806752161,3.3372931161039943e-06,5.96430534886847e-05,0.7576074006397547
5.859999999999577,0.0039999999999995595,0.0,0.0013026858931708318,0.00044247768636482114,3.3374664694075487e-06,5.336942857012083e-05,0.7576083758182928
5.863999999999576,0.0039999999999995595,0.0,0.0013027640908697894,0.0004426728418855532,3.337638730306898e-06,4.7143885474713754e-05,0.757609345273135
5.867999999999576,0.0039999999999995595,0.0,0.001302754940872574,0.0004428432584006035,3.337810040246859e-06,4.09728194924106e-05,0.757610309076251
5.871999999999575,0.0039999999999995595,0.0,0.0013026599121088612,0.00044298917214725573,3.337980542731341e-06,3.486245532001634e-05,0.757611267299929
5.875999999999575,0.0039999999999995595,0.0,0.001302480548471798,0.00044311084374130217,3.3381503827403533e-06,2.8818842860695962e-05,0.7576122200167162
5.8799999999995745,0.0039999999999995595,0.0,0.0013022184650795731,0.00044320855746494855,3.338319706065293e-06,2.2847853497536738e-05,0.757613167299358
5.883999999999574,0.0039999999999995595,0.0,0.0013018753460344126,0.0004432826205393216,3.3384886587364575e-06,1.6955177313897068e-05,0.7576141092207436
5.887999999999574,0.0039999999999995595,0.0,0.00130145294060333,0.0004433333623826642,3.3386573864140802e-06,1.1146323627406022e-05,0.7576150458538456
5.891999999999573,0.0039999999999995595,0.0,0.0013009530606265453,0.00044336113385532756,3.3388260337734703e-06,5.426646951581218e-06,0.7576159772716642
5.895999999999573,0.0039999999999995595,0.0,0.0013003775769296526,0.0004433663064926593,3.338994743963392e-06,2.0348594705968376e-07,0.7576169035471708
5.899999999999572,0.0039999999999995595,0.0,0.0012997284165236062,0.00044334927172687337,3.3391636580435115e-06,5.725557400528389e-06,0.757617824753255
5.903999999999572,0.0039999999999995595,0.0,0.0012990075592207865,0.00044331044009898344,3.3393329143092917e-06,1.1147954080778449e-05,0.7576187409626658
5.907999999999571,0.0039999999999995595,0.0,0.0012982170344281098,0.00044325024046189086,3.339502648050444e-06,1.646198701727411e-05,0.7576196522479605
5.911999999999571,0.0039999999999995595,0.0,0.0012973589182824449,0.00044316911917569816,3.3396729907814726e-06,2.1663294685647573e-05,0.7576205586814548
5.9159999999995705,0.0039999999999995595,0.0,0.001296435329839193,0.00044306753929629675,3.339844069891944e-06,2.6747748445525845e-05,0.7576214603351661
5.91999999999957,0.0039999999999995595,0.0,0.001295448428702916,0.0004429459797582898,3.3400160081469554e-06,3.171142938145392e-05,0.7576223572807618
5.92399999999957,0.0039999999999995595,0.0,0.0012944004110997233,0.00044280493455329585,3.3401889232698088e-06,3.6550625781242404e-05,0.7576232495895125
5.927999999999569,0.0039999999999995595,0.0,0.001293293507210186,0.0004426449119046566,3.340362927587394e-06,4.126183305455061e-05,0.7576241373322413
5.931999999999569,0.0039999999999995595,0.0,0.0012921299777884842,0.0004424664334395646,3.340538127644645e-06,4.5841754003902064e-05,0.7576250205792735
5.935999999999568,0.0039999999999995595,0.0,0.0012909121110905408,0.000442270033359612,3.3407146238417435e-06,5.028729903056968e-05,0.7576258994003907
5.939999999999568,0.0039999999999995595,0.0,0.001289642219763965,0.00044205625761075074,3.340892510150539e-06,5.459558616004794e-05,0.7576267738647838
5.943999999999567,0.0039999999999995595,0.0,0.0012883226377813238,0.0004418256630536306,3.341071873922526e-06,5.8763940856907384e-05,0.7576276440410067
5.947999999999567,0.0039999999999995595,0.0,0.0012869557173266564,0.00044157881663527116,3.3412527955765885e-06,6.278989561202749e-05,0.7576285099969312
5.9519999999995665,0.0039999999999995595,0.0,0.0012855438257174362,0.0004413162945630061,3.341435348412166e-06,6.667118930581255e-05,0.7576293717997055
5.955999999999566,0.0039999999999995595,0.0,0.0012840893427045572,0.0004410386814816117,3.3416195984573127e-06,7.04057663455834e-05,0.7576302295157095
5.959999999999566,0.0039999999999995595,0.0,0.001282594657024944,0.0004407465696545215,3.3418056043418938e-06,7.399177558257501e-05,0.757631083210513
5.963999999999565,0.0039999999999995595,0.0,0.0012810621639311474,0.0004404405581500117,3.341993417241615e-06,7.742756900853356e-05,0.7576319329488391
5.967999999999565,0.0039999999999995595,0.0,0.001279494262141626,0.00044012125203320135,3.3421830807438486e-06,8.07117002452458e-05,0.7576327787945194
5.971999999999564,0.0039999999999995595,0.0,0.0012778933508128555,0.0004397892615647224,3.342374630865895e-06,8.384292282026495e-05,0.7576336208104603
5.975999999999564,0.0039999999999995595,0.0,0.0012762618270534397,0.0004394452014068586,3.342568096090375e-06,8.682018824616433e-05,0.7576344590586054
5.979999999999563,0.0039999999999995595,0.0,0.0012746020831995958,0.0004390896898379582,3.3427634973612736e-06,8.964264389821812e-05,0.7576352935998976
5.983999999999563,0.0039999999999995595,0.0,0.0012729165036742738,0.00043872334797588207,3.3429608481929087e-06,9.230963070665201e-05,0.7576361244942481
5.987999999999563,0.0039999999999995595,0.0,0.0012712074629097916,0.0004383467990112385,3.3431601547590784e-06,9.482068065839797e-05,0.757636951800501
5.991999999999562,0.0039999999999995595,0.0,0.001269477322506785,0.0004379606674511281,3.3433614160509696e-06,9.717551412311766e-05,0.7576377755764021
5.995999999999562,0.0039999999999995595,0.0,0.0012677284287604617,0.0004375655783740935,3.343564624002024e-06,9.937403700604444e-05,0.7576385958785712
5.999999999999561,0.0039999999999995595,0.0,0.0012659631100314372,0.00043716215669695023,3.3437697636854383e-06,0.00010141633773209361,0.7576394127624696
6.003999999999561,0.0039999999999995595,0.0,0.0012641836746624452,0.0004367510264541446,3.343976813548991e-06,0.00010330268407254273,0.7576402262823734
6.00799999999956,0.0039999999999995595,0.0,0.0012623924084794091,0.0004363328100902663,3.3441857456685906e-06,0.00010503351981445584,0.7576410364913493
6.01199999999956,0.0039999999999995595,0.0,0.0012605915724019725,0.00043590812776630913,3.344396525982856e-06,0.0001066094612845212,0.7576418434412289
6.0159999999995595,0.0039999999999995595,0.0,0.001258783400518345,0.00043547759668025173,3.3446091146221368e-06,0.00010803129373167906,0.7576426471825852
6.019999999999559,0.0039999999999995595,0.0,0.0012569700977471136,0.00043504183040250533,3.3448234661455913e-06,0.00010929996757366341,0.7576434477647104
6.023999999999559,0.0039999999999995595,0.0,0.001255153837967829,0.00043460143822674754,3.3450395299290095e-06,0.00011041659451669214,0.7576442452355986
6.027999999999558,0.0039999999999995595,0.0,0.0012533367615637661,0.0004341570245366331,3.345257250477886e-06,0.00011138244355382331,0.7576450396419245
6.031999999999558,0.0039999999999995595,0.0,0.0012515209743243236,0.00043370918818884526,3.3454765677745932e-06,0.00011219893684935188,0.757645831029028
6.035999999999557,0.0039999999999995595,0.0,0.00124970854452468,0.0004332585219129328,3.3456974176240594e-06,0.00011286764551204594,0.7576466194408965
6.039999999999557,0.0039999999999995595,0.0,0.0012479015023477678,0.0004328056117283405,3.3459197320522103e-06,0.00011339028527129908,0.7576474049201558
6.043999999999556,0.0039999999999995595,0.0,0.0012461018371307377,0.0004323510363790164,3.346143439700947e-06,0.00011376871205657706,0.7576481875080532
6.047999999999556,0.0039999999999995595,0.0,0.001244311496431316,0.00043189536678596077,3.3463684661980363e-06,0.00011400491748829655,0.7576489672444494
6.0519999999995555,0.0039999999999995595,0.0,0.001242532384165054,0.0004314391655180406,3.3465947345227943e-06,0.00011410102428973617,0.7576497441678086
6.055999999999555,0.0039999999999995595,0.0,0.0012407663590593605,0.00043098298628138285,3.346822165397091e-06,0.0001140592816222084,0.757650518315192
6.059999999999555,0.0039999999999995595,0.0,0.001239015233699002,0.00043052737342761874,3.3470506777407293e-06,0.00011388206035361695,0.757651289722253
6.063999999999554,0.0039999999999995595,0.0,0.001237280772735897,0.0004300728614812349,3.3472801890247483e-06,0.00011357184826534982,0.757652058423231
6.067999999999554,0.0039999999999995595,0.0,0.0012355646918751132,0.0004296199746862498,3.3475106156313337e-06,0.00011313124520615997,0.7576528244509507
6.071999999999553,0.0039999999999995595,0.0,0.0012338686566576793,0.0004291692265724253,3.3477418732897627e-06,0.00011256295819461366,0.7576535878368209
6.075999999999553,0.0039999999999995595,0.0,0.0012321942814014033,0.0004287211195411759,3.3479738774060426e-06,0.00011186979648352018,0.7576543486108351
6.079999999999552,0.0039999999999995595,0.0,0.0012305431282137564,0.00042827614447133616,3.3482065434642296e-06,0.00011105466658579006,0.7576551068015757
6.083999999999552,0.0039999999999995595,0.0,0.0012289167059899074,0.0004278347803448921,3.3484397873765464e-06,0.00011012056727492954,0.7576558624362159
6.0879999999995515,0.0039999999999995595,0.0,0.0012273164695794157,0.00042739749389278825,3.3486735257992156e-06,0.00010907058455985561,0.7576566155405278
6.091999999999551,0.0039999999999995595,0.0,0.0012257438192163981,0.0004269647392608746,3.3489076765298074e-06,0.00010790788664482113,0.7576573661388871
6.095999999999551,0.0039999999999995595,0.0,0.0012242000994019135,0.0004265369576960448,3.3491421587549614e-06,0.00010663571887853535,0.7576581142542851
6.09999999999955,0.0039999999999995595,0.0,0.0012226865985983165,0.00042611457725258705,3.3493768934000236e-06,0.00010525739869988437,0.7576588599083373
6.10399999999955,0.0039999999999995595,0.0,0.001221204548745149,0.0004256980125187431,3.3496118034071855e-06,0.00010377631058501306,0.7576596031212959
6.107999999999549,0.0039999999999995595,0.0,0.001219755124506302,0.0004252876643634645,3.349846814002425e-06,0.00010219590099954989,0.757660343912063
6.111999999999549,0.0039999999999995595,0.0,0.0012183394429775335,0.0004248839197033054,3.35008185293221e-06,0.00010051967336827365,0.7576610822982063
6.1159999999995485,0.0039999999999995595,0.0,0.001216958563586673,0.0004244871512893926,3.350316850722104e-06,9.875118305908774e-05,0.7576618182959758
6.119999999999548,0.0039999999999995595,0.0,0.001215613487459388,0.0004240977175143737,3.350551740891247e-06,9.689403239568674e-05,0.7576625519203201
6.123999999999548,0.0039999999999995595,0.0,0.0012143051574368762,0.00042371596223923677,3.350786460136314e-06,9.495186569601001e-05,0.7576632831849074
6.127999999999547,0.0039999999999995595,0.0,0.0012130344582031952,0.0004233422146398628,3.35102094852391e-06,9.292836434840553e-05,0.757664012102144
6.131999999999547,0.0039999999999995595,0.0,0.001211802215791647,0.00042297678907316367,3.351255149606361e-06,9.082724192484038e-05,0.7576647386831988
6.135999999999546,0.0039999999999995595,0.0,0.0012106091977512477,0.0004226199849626226,3.3514890105768584e-06,8.865223934177665e-05,0.7576654629380236
6.139999999999546,0.0039999999999995595,0.0,0.0012094561134286487,0.0004222720867030482,3.3517224824047607e-06,8.640712007078182e-05,0.7576661848753818
6.143999999999545,0.0039999999999995595,0.0,0.001208343614183679,0.0004219333635843224,3.3519555198583395e-06,8.409566540157028e-05,0.757666904502866
6.147999999999545,0.0039999999999995595,0.0,0.0012072722929873324,0.0004216040697339251,3.352188081595574e-06,8.172166976488158e-05,0.7576676218269321
6.1519999999995445,0.0039999999999995595,0.0,0.0012062426857004428,0.0004212844440779739,3.3524201303347955e-06,7.928893611988224e-05,0.7576683368529268
6.155999999999544,0.0039999999999995595,0.0,0.0012052552705436074,0.00042097471032050674,3.3526516326938347e-06,7.680127141045253e-05,0.7576690495851081
6.159999999999544,0.0039999999999995595,0.0,0.0012043104688827537,0.00042067507694074514,3.352882559303897e-06,7.426248208856453e-05,0.7576697600266831
6.163999999999543,0.0039999999999995595,0.0,0.0012034086457700832,0.00042038573720801887,3.3531128847381772e-06,7.167636971946976e-05,0.7576704681798367
6.167999999999543,0.0039999999999995595,0.0,0.0012025501102392805,0.00042010686921404824,3.353342587549363e-06,6.904672666181331e-05,0.7576711740457598
6.171999999999542,0.0039999999999995595,0.0,0.0012017351162778673,0.00041983863592225297,3.353571650164537e-06,6.637733183411546e-05,0.7576718776246847
6.175999999999542,0.0039999999999995595,0.0,0.0012009638630009099,0.0004195811852337394,3.3538000588186256e-06,6.367194656698217e-05,0.7576725789159166
6.179999999999541,0.0039999999999995595,0.0,0.0012002364955023715,0.00041933465006961407,3.3540278034844606e-06,6.093431054538089e-05,0.757673277917867
6.183999999999541,0.0039999999999995595,0.0,0.001199553105831676,0.00041909914846925044,3.354254877809615e-06,5.8168137845466835e-05,0.7576739746280873
6.1879999999995405,0.0039999999999995595,0.0,0.0011989137333547042,0.00041887478370413074,3.3544812789367302e-06,5.5377113065826194e-05,0.7576746690433049
6.19199999999954,0.0039999999999995595,0.0,0.0011983183659788526,0.00041866164440686226,3.354707007410279e-06,5.256488756028166e-05,0.7576753611594561
6.19599999999954,0.0039999999999995595,0.0,0.0011977669410397308,0.0004184598047149747,3.354932067002075e-06,4.97350757712645e-05,0.757676050971725
6.199999999999539,0.0039999999999995595,0.0,0.0011972593456620775,0.00041826932442906573,3.3551564645683673e-06,4.689125166970324e-05,0.7576767384745745
6.203999999999539,0.0039999999999995595,0.0,0.0011967954184480128,0.00041809024918488565,3.3553802098743694e-06,4.403694530098e-05,0.757677423661787
6.207999999999538,0.0039999999999995595,0.0,0.0011963749500826842,0.00041792261063892667,3.355603315437292e-06,4.117563943906817e-05,0.757678106526499
6.211999999999538,0.0039999999999995595,0.0,0.0011959976846171244,0.0004177664266670624,3.3558257963326066e-06,3.831076635741274e-05,0.7576787870612376
6.2159999999995375,0.0039999999999995595,0.0,0.0011956633201289416,0.00041762170157580355,3.3560476699628267e-06,3.544570470886273e-05,0.7576794652579573
6.219999999999537,0.0039999999999995595,0.0,0.0011953715103373576,0.00041748842632569684,3.3562689558983755e-06,3.2583776528800696e-05,0.7576801411080772
6.223999999999537,0.0039999999999995595,0.0,0.0011951218654080652,0.0004173665787664197,3.3564896756605365e-06,2.97282443531644e-05,0.757680814602517
6.227999999999536,0.0039999999999995595,0.0,0.0011949139535247697,0.0004172561238830951,3.356709852517514e-06,2.688230846525323e-05,0.757681485731735
6.231999999999536,0.0039999999999995595,0.0,0.0011947473014614952,0.000417157014053347,3.356929511249504e-06,2.404910427654698e-05,0.7576821544857629
6.235999999999535,0.0039999999999995595,0.0,0.0011946213964766155,0.00041706918931462696,3.3571486779794626e-06,2.1231699848852705e-05,0.7576828208542447
6.239999999999535,0.0039999999999995595,0.0,0.0011945356872047422,0.00041699257764132695,3.3573673798979983e-06,1.8433093594996433e-05,0.7576834848264705
6.243999999999534,0.0039999999999995595,0.0,0.0011944895850313825,0.0004169270952311885,3.3575856450405807e-06,1.5656212215282508e-05,0.7576841463914147
6.247999999999534,0.0039999999999995595,0.0,0.0011944824654844068,0.00041687264680052806,3.3578035021331994e-06,1.290390904131538e-05,0.7576848055377695
6.2519999999995335,0.0039999999999995595,0.0,0.0011945136693618968,0.00041682912588778085,3.358020980327805e-06,1.0178963306482457e-05,0.7576854622539829
6.255999999999533,0.0039999999999995595,0.0,0.0011945825043383855,0.0004167964151648783,3.3582381090260153e-06,7.484082319361518e-06,0.7576861165282905
6.259999999999533,0.0039999999999995595,0.0,0.0011946882461184656,0.0004167743867559593,3.358454917677284e-06,4.821917074937792e-06,0.7576867683487527
6.263999999999532,0.0039999999999995595,0.0,0.0011948301398797692,0.00041676290256293064,3.3586714355433424e-06,2.195201373519887e-06,0.7576874177032865
6.267999999999532,0.0039999999999995595,0.0,0.0011950074016319745,0.00041676181459738047,3.358887691521202e-06,3.9859790871857534e-07,0.7576880645797008
6.271999999999531,0.0039999999999995595,0.0,0.0011952192196761414,0.00041677096531835087,3.3591037140277677e-06,2.9448241314351536e-06,0.7576887089657257
6.275999999999531,0.0039999999999995595,0.0,0.0011954647560698506,0.0004167901879754905,3.359319530748183e-06,5.451728773383348e-06,0.7576893508490494
6.27999999999953,0.0039999999999995595,0.0,0.0011957431478180614,0.00041681930695709046,3.359535168493659e-06,7.914295461699153e-06,0.7576899902173484
6.28399999999953,0.0039999999999995595,0.0,0.0011960535086240926,0.0004168581381425129,3.3597506529987295e-06,1.033031502662439e-05,0.757690627058314
6.2879999999995295,0.0039999999999995595,0.0,0.0011963949297135454,0.00041690648925854604,3.3599660088116163e-06,1.2697749103993197e-05,0.7576912613596889
6.291999999999529,0.0039999999999995595,0.0,0.0011967664821435796,0.00041696416023919607,3.3601812591646364e-06,1.5014664776603994e-05,0.7576918931092917
6.295999999999529,0.0039999999999995595,0.0,0.0011971672174399543,0.0004170309435884445,3.3603964258540588e-06,1.7279224608813636e-05,0.7576925222950475
6.299999999999528,0.0039999999999995595,0.0,0.0011975961693453964,0.0004171066247455008,3.3606115290785812e-06,1.9489684421253497e-05,0.7576931489050153
6.303999999999528,0.0039999999999995595,0.0,0.001198052355285436,0.0004171909824520846,3.3608265873786594e-06,2.1644392794778137e-05,0.7576937729274146
6.307999999999527,0.0039999999999995595,0.0,0.0011985347777364163,0.00041728378912128054,3.3610416175631577e-06,2.3741791038462223e-05,0.7576943943506509
6.311999999999527,0.0039999999999995595,0.0,0.001199042425587398,0.00041738481120751265,3.3612566345585123e-06,2.5780413254298414e-05,0.7576950131633432
6.315999999999526,0.0039999999999995595,0.0,0.0011995742753098222,0.00041749380957718557,3.361471651401601e-06,2.775888638271642e-05,0.7576956293543454
6.319999999999526,0.0039999999999995595,0.0,0.0012001292929521535,0.0004176105398795595,3.3616866791424044e-06,2.967593018101036e-05,0.7576962429127717
6.323999999999526,0.0039999999999995595,0.0,0.0012007064350141252,0.00041773475291741896,3.3619017268617083e-06,3.153035711525669e-05,0.7576968538280173
6.327999999999525,0.0039999999999995595,0.0,0.0012013046499593212,0.0004178661950171151,3.362116801590744e-06,3.3321072157541445e-05,0.7576974620897815
6.331999999999525,0.0039999999999995595,0.0,0.0012019228793471043,0.0004180046083975651,3.3623319083106075e-06,3.5047072487640705e-05,0.7576980676880886
6.335999999999524,0.0039999999999995595,0.0,0.001202560059877007,0.00041814973153779007,3.3625470499717e-06,3.670744709242602e-05,0.7576986706133048
6.339999999999524,0.0039999999999995595,0.0,0.0012032151237579105,0.00041830129954259775,3.362762227481137e-06,3.830137627186048e-05,0.7576992708561605
6.343999999999523,0.0039999999999995595,0.0,0.0012038870007276584,0.0004184590445060188,3.362977439721264e-06,3.982813104934968e-05,0.757699868407764
6.347999999999523,0.0039999999999995595,0.0,0.001204574618951242,0.00041862269587210864,3.3631926835629102e-06,4.1287072483667736e-05,0.7577004632596231
6.3519999999995225,0.0039999999999995595,0.0,0.0012052769064595159,0.0004187919807927444,3.3634079539008447e-06,4.2677650893928496e-05,0.7577010554036566
6.355999999999522,0.0039999999999995595,0.0,0.0012059927925735605,0.00041896662448205624,3.3636232437652773e-06,4.399940499113827e-05,0.7577016448322124
6.359999999999522,0.0039999999999995595,0.0,0.0012067212084863536,0.00041914635056712813,3.3638385443569815e-06,4.525196092338954e-05,0.757702231538078
6.363999999999521,0.0039999999999995595,0.0,0.0012074610892118085,0.0004193308814346457,3.364053845092699e-06,4.643503123847953e-05,0.7577028155144983
6.367999999999521,0.0039999999999995595,0.0,0.001208211374322253,0.0004195199385731349,3.3642691336967505e-06,4.754841375936572e-05,0.757703396755183
6.37199999999952,0.0039999999999995595,0.0,0.001208971009132396,0.0004197132429104816,3.364484396281195e-06,4.859199038313712e-05,0.7577039752543204
6.37599999999952,0.0039999999999995595,0.0,0.0012097389460524908,0.00041991051514642287,3.3646996174765546e-06,4.9565725803852875e-05,0.7577045510065873
6.379999999999519,0.0039999999999995595,0.0,0.0012105141452844856,0.000420111476079704,3.364914780536528e-06,5.046966615791738e-05,0.7577051240071578
6.383999999999519,0.0039999999999995595,0.0,0.0012112955765139688,0.0004203158469296145,3.365129867394934e-06,5.130393760086218e-05,0.7577056942517121
6.3879999999995185,0.0039999999999995595,0.0,0.0012120822191204275,0.0004205233496516256,3.365344858825159e-06,5.206874481376475e-05,0.7577062617364444
6.391999999999518,0.0039999999999995595,0.0,0.0012128730639334056,0.0004207337072468612,3.3655597345546345e-06,5.276436944413591e-05,0.7577068264580694
6.395999999999518,0.0039999999999995595,0.0,0.0012136671137834402,0.0004209466440651486,3.3657744733594546e-06,5.33911684846225e-05,0.7577073884138275
6.399999999999517,0.0039999999999995595,0.0,0.0012144633847732823,0.0004211618861014149,3.365989053229698e-06,5.394957259310576e-05,0.7577079476014924
6.403999999999517,0.0039999999999995595,0.0,0.001215260906621982,0.0004213791612851788,3.3662034514832225e-06,5.4440084350950284e-05,0.7577085040193726
6.407999999999516,0.0039999999999995595,0.0,0.0012160587243688558,0.0004215981997629368,3.366417644894818e-06,5.4863276473515956e-05,0.7577090576663144
6.411999999999516,0.0039999999999995595,0.0,0.0012168558986031222,0.0004218187341732305,3.366631609824046e-06,5.52197899652134e-05,0.7577096085417094
6.415999999999515,0.0039999999999995595,0.0,0.0012176515063234536,0.00042204049991419467,3.3668453223920458e-06,5.5510332227759404e-05,0.7577101566454918
6.419999999999515,0.0039999999999995595,0.0,0.0012184446421516393,0.00042226323540341034,3.3670587585999666e-06,5.573567512491666e-05,0.7577107019781399
6.4239999999995145,0.0039999999999995595,0.0,0.001219234418624396,0.0004224866823298883,3.3672718944154877e-06,5.589665300256988e-05,0.7577112445406795
6.427999999999514,0.0039999999999995595,0.0,0.0012200199672969946,0.00042271058589802527,3.367484705940574e-06,5.5994160672773e-05,0.7577117843346819
6.431999999999514,0.0039999999999995595,0.0,0.0012208004391095352,0.0004229346950633816,3.367697169555119e-06,5.60291513580123e-05,0.7577123213622636
6.435999999999513,0.0039999999999995595,0.0,0.001221575005201196,0.0004231587627601504,3.3679092620295076e-06,5.6002634607085425e-05,0.7577128556260841
6.439999999999513,0.0039999999999995595,0.0,0.0012223428574443718,0.0004233825461201899,3.3681209606456015e-06,5.591567417563417e-05,0.7577133871293449
6.443999999999512,0.0039999999999995595,0.0,0.0012231032093358843,0.00042360580668350913,3.368332243335362e-06,5.5769385883908324e-05,0.7577139158757855
6.447999999999512,0.0039999999999995595,0.0,0.001223855295974257,0.00042382831060011226,3.3685430887630548e-06,5.556493544920204e-05,0.7577144418696812
6.4519999999995115,0.0039999999999995595,0.0,0.0012245983751220666,0.0004240498288231046,3.368753476437056e-06,5.530353629483759e-05,0.7577149651158396
6.455999999999511,0.0039999999999995595,0.0,0.00122533172735596,0.0004242701372929876,3.3689633868673395e-06,5.498644734369673e-05,0.7577154856195956
6.459999999999511,0.0039999999999995595,0.0,0.0012260546568481482,0.0004244890171130825,3.3691728016251986e-06,5.4614970795269276e-05,0.7577160033868053
6.46399999999951,0.0039999999999995595,0.0,0.0012267664912388007,0.0004247062547160209,3.369381703420321e-06,5.4190449888605944e-05,0.7577165184238437
6.46799999999951,0.0039999999999995595,0.0,0.0012274665825030007,0.0004249216420212621,3.3695900762175133e-06,5.3714266657010845e-05,0.7577170307375947
6.471999999999509,0.0039999999999995595,0.0,0.0012281543071816254,0.0004251349765836145,3.36979790526744e-06,5.3187839676190284e-05,0.7577175403354484
6.475999999999509,0.0039999999999995595,0.0,0.001228829066611661,0.0004253460617327247,3.3700051773021133e-06,5.261262180505466e-05,0.7577180472252936
6.479999999999508,0.0039999999999995595,0.0,0.00122949028706614,0.0004255547067035412,3.370211880508919e-06,5.199009792945251e-05,0.7577185514155085
6.483999999999508,0.0039999999999995595,0.0,0.0012301374203460167,0.00042576072675774005,3.3704180045349157e-06,5.132178270134816e-05,0.757719052914954
6.4879999999995075,0.0039999999999995595,0.0,0.0012307699436501275,0.0004259639432961291,3.370623540616388e-06,5.060921828468508e-05,0.7577195517329666
6.491999999999507,0.0039999999999995595,0.0,0.0012313873600787104,0.0004261641839620609,3.370828481573569e-06,4.985397210995693e-05,0.7577200478793499
6.495999999999507,0.0039999999999995595,0.0,0.0012319891983268057,0.00042636128273587317,3.3710328218874626e-06,4.9057634631790656e-05,0.7577205413643663
6.499999999999506,0.0039999999999995595,0.0,0.0012325750133721962,0.00042655508002040253,3.3712365576937695e-06,4.822181710038933e-05,0.7577210321987254
6.503999999999506,0.0039999999999995595,0.0,0.0012331443859941683,0.00042674542271763056,3.3714396868223718e-06,4.7348149348198056e-05,0.7577215203935781
6.507999999999505,0.0039999999999995595,0.0,0.001233696923107094,0.0004269321642965068,3.37164220873503e-06,4.6438277587655646e-05,0.757722005960504
6.511999999999505,0.0039999999999995595,0.0,0.001234232257917056,0.00042711516485203474,3.3718441246188e-06,4.5493862231780704e-05,0.7577224889115037
6.515999999999504,0.0039999999999995595,0.0,0.0012347500494528432,0.00042729429115569156,3.3720454373730253e-06,4.451657573306401e-05,0.7577229692589855
6.519999999999504,0.0039999999999995595,0.0,0.0012352499830912266,0.0004274694166972721,3.3722461514737585e-06,4.350810044411472e-05,0.7577234470157608
6.5239999999995035,0.0039999999999995595,0.0,0.0012357317699176647,0.00042764042171824503,3.3724462730941296e-06,4.24701265030917e-05,0.7577239221950263
6.527999999999503,0.0039999999999995595,0.0,0.0012361951470813229,0.00042780719323673986,3.3726458099834355e-06,4.140434974794921e-05,0.7577243948103572
6.531999999999503,0.0039999999999995595,0.0,0.00123663987734637,0.0004279696250642589,3.37284477150129e-06,4.031246965440917e-05,0.7577248648756948
6.535999999999502,0.0039999999999995595,0.0,0.0012370657491879895,0.0004281276178142545,3.3730431685135222e-06,3.919618731102704e-05,0.7577253324053357
6.539999999999502,0.0039999999999995595,0.0,0.0012374725764449956,0.00042828107890268026,3.373241013320894e-06,3.8057203420494586e-05,0.7577257974139208
6.543999999999501,0.0039999999999995595,0.0,0.0012378601979786536,0.00042842992254066157,3.3734383196989597e-06,3.6897216338529125e-05,0.7577262599164225
6.547999999999501,0.0039999999999995595,0.0,0.0012382284778756879,0.00042857406971942433,3.373635102767967e-06,3.57179201470743e-05,0.7577267199281335
6.5519999999995004,0.0039999999999995595,0.0,0.0012385773046705779,0.00042871344818762324,3.3738313789138426e-06,3.452100276529681e-05,0.7577271774646529
6.5559999999995,0.0039999999999995595,0.0,0.0012389065914710068,0.00042884799242123525,3.3740271657319326e-06,3.33081440997151e-05,0.7577276325418778
6.5599999999995,0.0039999999999995595,0.0,0.001239216275372069,0.0004289776435861716,3.374222481968034e-06,3.208101423539021e-05,0.7577280851759889
6.563999999999499,0.0039999999999995595,0.0,0.0012395063172353413,0.0004291023494937706,3.374417347415697e-06,3.0841271666766616e-05,0.7577285353834374
6.567999999999499,0.0039999999999995595,0.0,0.0012397767013843594,0.0004292220645493509,3.3746117828052793e-06,2.9590561574241796e-05,0.7577289831809335
6.571999999999498,0.0039999999999995595,0.0,0.001240027754667261,0.0004293369447356483,3.374805764569131e-06,2.842802361131188e-05,0.7577289831809335
6.575999999999498,0.0039999999999995595,0.0,0.0012402602781694937,0.0004294474229680492,3.3749992292738876e-06,2.7311466110860168e-05,0.7577294285854337
6.579999999999497,0.0039999999999995595,0.0,0.0012404736332576381,0.0004295530429974333,3.375192328615956e-06,2.6025541766397507e-05,0.7577303211301096
6.583999999999497,0.0039999999999995595,0.0,0.0012406667722754195,0.0004296530875926527,3.3753852334290557e-06,2.464228091077565e-05,0.7577307609847719
6.5879999999994965,0.0039999999999995595,0.0,0.0012408400399201798,0.0004297477046829561,3.375577935104261e-06,2.3292597905683948e-05,0.7577311967984797
6.591999999999496,0.0039999999999995595,0.0,0.0012409937221172385,0.0004298369965268882,3.3757704271117845e-06,2.1966272672911796e-05,0.7577316296084514
6.595999999999496,0.0039999999999995595,0.0,0.0012411280707953962,0.00042992103597203876,3.375962708171726e-06,2.0656771276957242e-05,0.7577320599374523
6.599999999999495,0.0039999999999995595,0.0,0.0012412433199580685,0.0004299998775632953,3.376154782990212e-06,1.9360076075685737e-05,0.7577324880357011
6.603999999999495,0.0039999999999995595,0.0,0.0012413396974455407,0.000430073565106956,3.376346661694184e-06,1.8073881468383522e-05,0.7577329140134812
6.607999999999494,0.0039999999999995595,0.0,0.0012414174317695059,0.0004301421368033065,3.376538358960944e-06,1.6797042443134434e-05,0.7577333379126308
6.611999999999494,0.0039999999999995595,0.0,0.0012414767577812692,0.0004302056287146564,3.376729892893774e-06,1.5529197241459856e-05,0.7577337597441958
6.615999999999493,0.0039999999999995595,0.0,0.0012415179196558152,0.0004302640770957224,3.3769212840210364e-06,1.4270509539376728e-05,0.7577341795075977
6.619999999999493,0.0039999999999995595,0.0,0.0012415411728034188,0.00043031751994720475,3.37711255451968e-06,1.30214924347617e-05,0.7577345971998767
6.6239999999994925,0.0039999999999995595,0.0,0.001241546785603904,0.0004303659980390482,3.3773037274324873e-06,1.1782888285355418e-05,0.7577350128197532
6.627999999999492,0.0039999999999995595,0.0,0.0012415350394438386,0.00043040955557136645,3.377494826135899e-06,1.055558660848734e-05,0.7577354263690629
6.631999999999492,0.0039999999999995595,0.0,0.001241506229560717,0.00043044824058733613,3.377685873993232e-06,9.340567896124103e-06,0.7577358378529532
6.635999999999491,0.0039999999999995595,0.0,0.0012414606646373874,0.00043048210521572496,3.377876894001558e-06,8.138865084452292e-06,0.7577362472795485
6.639999999999491,0.0039999999999995595,0.0,0.0012413986669350743,0.00043051120579578104,3.3780679084989087e-06,6.9515371253035946e-06,0.7577366546594456
6.64399999999949,0.0039999999999995595,0.0,0.0012413205718917375,0.00043053560292029795,3.378258939069984e-06,5.779651062281504e-06,0.7577370600051958
6.64799999999949,0.0039999999999995595,0.0,0.0012412267277220742,0.0004305553614211974,3.3784500064292886e-06,4.6242706824552625e-06,0.7577374633308512
6.651999999999489,0.0039999999999995595,0.0,0.0012411174947505664,0.0004305705503142221,3.378641130290329e-06,3.4864523344389474e-06,0.757737864651593
6.655999999999489,0.0039999999999995595,0.0,0.0012409932453717847,0.00043058124271410286,3.378832329343168e-06,2.3672576825473664e-06,0.7577382639834358
6.6599999999994886,0.0039999999999995595,0.0,0.0012408543629381654,0.00043058751572802497,3.379023621191759e-06,1.2678679681432318e-06,0.7577386613430009
6.663999999999488,0.0039999999999995595,0.0,0.0012407012415428355,0.0004305894503328623,3.3792150223204663e-06,1.9367941469917246e-07,0.7577390567473482
6.667999999999488,0.0039999999999995595,0.0,0.0012405342853555033,0.0004305871312400263,3.379406548214436e-06,8.715629370631341e-07,0.757739450213842
6.671999999999487,0.0039999999999995595,0.0,0.0012403539079583316,0.0004305806467507304,3.3795982130781273e-06,1.906425315704689e-06,0.7577398417600546
6.675999999999487,0.0039999999999995595,0.0,0.0012401605317710492,0.00043057008860373277,3.379790030001823e-06,2.9186357721214176e-06,0.7577402314037044
6.679999999999486,0.0039999999999995595,0.0,0.0012399545872069922,0.0004305555518171147,3.3799820109126153e-06,3.906986632732281e-06,0.7577406191625897
6.683999999999486,0.0039999999999995595,0.0,0.0012397365125446,0.0004305371345253398,3.3801741666186974e-06,4.870641404262859e-06,0.7577410050545497
6.6879999999994855,0.0039999999999995595,0.0,0.0012395067526340545,0.0004305149378126013,3.3803665067327366e-06,5.8088522585410345e-06,0.7577413890974332
6.691999999999485,0.0039999999999995595,0.0,0.0012392657588562084,0.00043048906554329377,3.3805590397309785e-06,6.7209264265836746e-06,0.7577417713090703
6.695999999999485,0.0039999999999995595,0.0,0.0012390139879158992,0.00043045962419033625,3.380751772905437e-06,7.606218697166016e-06,0.7577421517072488
6.699999999999484,0.0039999999999995595,0.0,0.001238751901798071,0.0004304267226619877,3.3809447124242704e-06,8.464129197297977e-06,0.7577425303096972
6.703999999999484,0.0039999999999995595,0.0,0.0012384799666470979,0.00043039047212771643,3.381137863251699e-06,9.294102598600613e-06,0.7577429071340656
6.707999999999483,0.0039999999999995595,0.0,0.0012381986524504765,0.0004303509858436339,3.381331229328966e-06,1.009562775082431e-05,0.7577432821979081
6.711999999999483,0.0039999999999995595,0.0,0.0012379084321826883,0.0004303083789779658,3.381524813459557e-06,1.0868237426018323e-05,0.7577436555186711
6.715999999999482,0.0039999999999995595,0.0,0.0012376097812155768,0.0004302627684369696,3.381718617284629e-06,1.1611508062971717e-05,0.7577440271136738
6.719999999999482,0.0039999999999995595,0.0,0.0012373031770852726,0.00043021427269170174,3.381912641404302e-06,1.2325059467296326e-05,0.7577443970001022
6.7239999999994815,0.0039999999999995595,0.0,0.0012369890983596487,0.0004301630116059554,3.3821068853509313e-06,1.3008554457539905e-05,0.7577447651949869
6.727999999999481,0.0039999999999995595,0.0,0.0012366680243103476,0.0004301091062657093,3.3823013476455028e-06,1.3661698442822531e-05,0.7577451317151932
6.731999999999481,0.0039999999999995595,0.0,0.0012363404343131259,0.00043005267881036224,3.382496025843341e-06,1.4284238943824835e-05,0.7577454965774093
6.73599999999948,0.0039999999999995595,0.0,0.0012360068074250738,0.0004299938522660104,3.3826909165254487e-06,1.4875965055278263e-05,0.757745859798131
6.73999999999948,0.0039999999999995595,0.0,0.0012356676213303502,0.0004299327503810056,3.382886015294756e-06,1.5436706854393088e-05,0.757746221393654
6.743999999999479,0.0039999999999995595,0.0,0.0012353233525404972,0.00042986949746398736,3.3830813169393056e-06,1.5966334764923623e-05,0.7577465813800579
6.747999999999479,0.0039999999999995595,0.0,0.001234974475064886,0.00042980421822458445,3.383276815388174e-06,1.646475887442871e-05,0.7577469397731982
6.751999999999478,0.0039999999999995595,0.0,0.0012346214606056853,0.0004297370376169386,3.3834725038267797e-06,1.693192821637938e-05,0.7577472965886941
6.755999999999478,0.0039999999999995595,0.0,0.001234264777491915,0.0004296680806861987,3.3836683747088863e-06,1.7367830016518242e-05,0.7577476518419202
6.7599999999994775,0.0039999999999995595,0.0,0.0012339048905094872,0.0004295974724181028,3.383864419756494e-06,1.7772488911180182e-05,0.7577480055479963
6.763999999999477,0.0039999999999995595,0.0,0.0012335422601890153,0.0004295253375917698,3.3840606301373037e-06,1.8145966137234678e-05,0.7577483577217797
6.767999999999477,0.0039999999999995595,0.0,0.0012331773427206886,0.00042945180063577926,3.384256996349318e-06,1.8488358703723933e-05,0.7577487083778564
6.771999999999476,0.0039999999999995595,0.0,0.00123281058905664,0.0004293769854876388,3.3844535084366792e-06,1.879979853687557e-05,0.757749057530535
6.775999999999476,0.0039999999999995595,0.0,0.0012324424446404966,0.0004293010154567023,3.3846501559539646e-06,1.908045161446192e-05,0.7577494051938417
6.779999999999475,0.0039999999999995595,0.0,0.0012320733490445823,0.000429224013090601,3.384846928053844e-06,1.9330517081599706e-05,0.7577497513815107
6.783999999999475,0.0039999999999995595,0.0,0.0012317037356047848,0.0004291461000452453,3.385043813581858e-06,1.955022635463265e-05,0.757750096106984
6.7879999999994745,0.0039999999999995595,0.0,0.0012313340308728192,0.00042906739695844625,3.385240801068228e-06,1.9739842212496933e-05,0.7577504393834024
6.791999999999474,0.0039999999999995595,0.0,0.0012309646542463437,0.00042898802332719065,3.385437878826882e-06,1.989965787989911e-05,0.7577507812236046
6.795999999999474,0.0039999999999995595,0.0,0.001230596017687168,0.00042890809738861945,3.38563503499253e-06,2.0029996099578866e-05,0.7577511216401255
6.799999999999473,0.0039999999999995595,0.0,0.001230228525437577,0.0004288277360047255,3.3858322576131738e-06,2.0131208199399772e-05,0.757751460645189
6.803999999999473,0.0039999999999995595,0.0,0.0012298625734640462,0.0004287470545508145,3.3860295346605536e-06,2.0203673148863822e-05,0.7577517982507102
6.807999999999472,0.0039999999999995595,0.0,0.0012294985493502642,0.00042866616680774694,3.386226854110959e-06,2.0247796613213983e-05,0.7577521344682929
6.811999999999472,0.0039999999999995595,0.0,0.0012291368319178966,0.000428585184857986,3.386424204016613e-06,2.0264009998730418e-05,0.7577524693092293
6.815999999999471,0.0039999999999995595,0.0,0.0012287777907553355,0.00042850421898546953,3.386621572499288e-06,2.025276949602444e-05,0.7577528027844976
6.819999999999471,0.0039999999999995595,0.0,0.0012284217862870005,0.0004284233775793373,3.3868189478402848e-06,2.0214555114034167e-05,0.7577531349047649
6.8239999999994705,0.0039999999999995595,0.0,0.0012280691693899574,0.00042834276704151316,3.3870163185161324e-06,2.014986971531966e-05,0.757753465680387
6.82799999999947,0.0039999999999995595,0.0,0.0012277202810091904,0.0004282624916981684,3.3872136732502575e-06,2.005923804450572e-05,0.757753795121407
6.83199999999947,0.0039999999999995595,0.0,0.00122737545204301,0.00042818265371507745,3.3874110011104213e-06,1.9943205754677363e-05,0.7577541232375586
6.835999999999469,0.0039999999999995595,0.0,0.0012270350030468423,0.000428103353016885,3.3876082914792102e-06,1.9802338426167865e-05,0.7577544500382685
6.839999999999469,0.0039999999999995595,0.0,0.0012266992442076785,0.0004280246872102875,3.3878055340732878e-06,1.9637220590166422e-05,0.7577547755326581
6.843999999999468,0.0039999999999995595,0.0,0.0012263684751371673,0.00042794675151113627,3.388002719000197e-06,1.9448454745933534e-05,0.7577550997295447
6.847999999999468,0.0039999999999995595,0.0,0.0012260429843925522,0.0004278696386754765,3.388199836792401e-06,1.923666037673338e-05,0.7577554226374458
6.851999999999467,0.0039999999999995595,0.0,0.0012257230498119913,0.0004277934389345198,3.388396878452863e-06,1.900247296551957e-05,0.7577557442645796
6.855999999999467,0.0039999999999995595,0.0,0.0012254089380350495,0.0004277182399335629,3.3885938354881834e-06,1.8746543008880085e-05,0.7577560646188718
6.8599999999994665,0.0039999999999995595,0.0,0.0012251009043850818,0.00042764412667483824,3.3887906999019367e-06,1.8469535033404464e-05,0.757756383707955
6.863999999999466,0.0039999999999995595,0.0,0.0012247991930236218,0.0004275711814643089,3.3889874642018568e-06,1.8172126610468557e-05,0.757756701539176
6.867999999999466,0.0039999999999995595,0.0,0.00122450403656132,0.00042749948386238865,3.3891841214011035e-06,1.7855007374726678e-05,0.7577570181195976
6.871999999999465,0.0039999999999995595,0.0,0.0012242156563035543,0.0004274291106385931,3.389380665051705e-06,1.7518878041758086e-05,0.7577573334560047
6.875999999999465,0.0039999999999995595,0.0,0.0012239342616805003,0.000427360135730095,3.389577089318745e-06,1.7164449434491363e-05,0.7577576475549082
6.879999999999464,0.0039999999999995595,0.0,0.0012236600508564782,0.0004272926302041769,3.389773388979316e-06,1.6792441507052087e-05,0.757757960422541
6.883999999999464,0.0039999999999995595,0.0,0.0012233932102517831,0.0004272266622245742,3.3899695592999216e-06,1.6403582376027206e-05,0.7577582720648809
6.887999999999463,0.0039999999999995595,0.0,0.0012231339144276698,0.00042716229702166874,3.390165596074984e-06,1.5998607358378334e-05,0.7577585824876409
6.891999999999463,0.0039999999999995595,0.0,0.001222882326516715,0.0004270995968665109,3.3903614956934692e-06,1.5578258016497513e-05,0.7577588916962787
6.895999999999463,0.0039999999999995595,0.0,0.0012226385979281125,0.00042703862104865236,3.3905572550879515e-06,1.5143281207506171e-05,0.7577591996960025
6.899999999999462,0.0039999999999995595,0.0,0.0012224028685076228,0.0004269794258577432,3.3907528717141555e-06,1.4694428144535967e-05,0.7577595064917744
6.903999999999462,0.0039999999999995595,0.0,0.0012221752664261366,0.00042692206456887335,3.390948343576328e-06,1.423245346394113e-05,0.7577598120883193
6.907999999999461,0.0039999999999995595,0.0,0.0012219559081599616,0.0004268665874316018,3.391143669221719e-06,1.3758114306506563e-05,0.7577601164901279
6.911999999999461,0.0039999999999995595,0.0,0.0012217448990173632,0.00042681304166264204,3.3913388476410477e-06,1.3272169407078581e-05,0.7577604197014658
6.91599999999946,0.0039999999999995595,0.0,0.001221542332576068,0.00042676147144213956,3.3915338782976253e-06,1.2775378199347281e-05,0.7577607217263693
6.91999999999946,0.0039999999999995595,0.0,0.0012213482913030114,0.000426711917913523,3.391728761134376e-06,1.2268499928905992e-05,0.7577610225686698
6.9239999999994595,0.0039999999999995595,0.0,0.0012211628462666516,0.0004266644191868362,3.3919234965440164e-06,1.1752292786753904e-05,0.7577613222319846
6.927999999999459,0.0039999999999995595,0.0,0.0012209860574866468,0.0004266190103455204,3.392118085297819e-06,1.1227513052992845e-05,0.7577616207197291
6.931999999999459,0.0039999999999995595,0.0,0.0012208179739212242,0.00042657572345656907,3.3923125285219343e-06,1.0694914260288227e-05,0.7577619180351226
6.935999999999458,0.0039999999999995595,0.0,0.0012206586336375963,0.0004265345875839986,3.3925068277228554e-06,1.0155246372395643e-05,0.757762214181194
6.939999999999458,0.0039999999999995595,0.0,0.0012205080639836716,0.0004264956288055717,3.3927009847333687e-06,9.60925498020779e-06,0.7577625091607914
6.943999999999457,0.0039999999999995595,0.0,0.0012203662815790934,0.0004264588702326846,3.392895001676671e-06,9.057680522186583e-06,0.7577628029765846
6.947999999999457,0.0039999999999995595,0.0,0.0012202332928533343,0.0004264243320333624,3.393088880909239e-06,8.501257519736669e-06,0.7577630956310737
6.951999999999456,0.0039999999999995595,0.0,0.0012201090937663305,0.0004263920314582815,3.3932826250613846e-06,7.94071384010069e-06,0.7577633871265987
6.955999999999456,0.0039999999999995595,0.0,0.0012199936701670767,0.0004263619828697317,3.393476236940609e-06,7.376769983176171e-06,0.7577636774653412
6.9599999999994555,0.0039999999999995595,0.0,0.0012198869981535376,0.00042633419777344736,3.393669719512492e-06,6.810138398503079e-06,0.7577639666493364
6.963999999999455,0.0039999999999995595,0.0,0.0012197890438877164,0.00042630868485321724,3.393863075875289e-06,6.241522838617974e-06,0.757764254680477
6.967999999999455,0.0039999999999995595,0.0,0.0012196997641398767,0.00042628545000818554,3.394056309254325e-06,5.671617759397724e-06,0.7577645415605206
6.971999999999454,0.0039999999999995595,0.0,0.001219619106378883,0.0004262644963927637,3.3942494229133852e-06,5.101107785714489e-06,0.7577648272910963
6.975999999999454,0.0039999999999995595,0.0,0.00121954700895459,0.00042624582445906006,3.3944424201653546e-06,4.530667286320212e-06,0.7577651118737149
6.979999999999453,0.0039999999999995595,0.0,0.001219483401372289,0.00042622943200172815,3.3946353043544734e-06,3.960960136669732e-06,0.7577653953097717
6.983999999999453,0.0039999999999995595,0.0,0.0012194282044771096,0.00042621531420515216,3.3948280787357422e-06,3.3926398629092995e-06,0.7577656776005558
6.987999999999452,0.0039999999999995595,0.0,0.0012193813308214332,0.00042620346369286936,3.395020746595827e-06,2.826350663199582e-06,0.7577659587472574
6.991999999999452,0.0039999999999995595,0.0,0.0012193426845779655,0.00042619387057913624,3.3952133111318058e-06,2.262730758035641e-06,0.7577662387509713
6.9959999999994515,0.0039999999999995595,0.0,0.0012193121622730506,0.00042618652252254493,3.3954057753879496e-06,1.7024233180000355e-06,0.75776651761271
6.999999999999451,0.0039999999999995595,0.0,0.0012192896525192295,0.000426181404781583,3.395598142323609e-06,1.1461202764430177e-06,0.7577667953334056
7.003999999999451,0.0039999999999995595,0.0,0.0012192750368411212,0.0004261785002720459,3.395790414732631e-06,5.948502612557617e-07,0.7577670719139167
7.00799999999945,0.0039999999999995595,0.0,0.001219268189318267,0.0004261777896262072,3.395982595224921e-06,6.63553561324261e-08,0.7577673473550379
7.01199999999945,0.0039999999999995595,0.0,0.0012192689773212195,0.00042617925125364506,3.3961746861881303e-06,4.983216408603037e-07,0.7577676216575051
7.015999999999449,0.0039999999999995595,0.0,0.0012192772616107846,0.0004261828614036191,3.396366689811436e-06,1.032709849223911e-06,0.7577678948220017
7.019999999999449,0.0039999999999995595,0.0,0.0012192928966198433,0.0004261885942289075,3.396558608065956e-06,1.5613262917380822e-06,0.7577681668491648
7.0239999999994485,0.0039999999999995595,0.0,0.0012193157307355835,0.00042619642185100156,3.396750442656604e-06,2.0830343443676537e-06,0.7577684377395928
7.027999999999448,0.0039999999999995595,0.0,0.0012193456064910318,0.0004262063144265596,3.3969421950136634e-06,2.597228673604795e-06,0.7577687074938504
7.031999999999448,0.0039999999999995595,0.0,0.0012193823609389846,0.00042621824021501825,3.3971338663149335e-06,3.103400980648138e-06,0.757768976112476
7.035999999999447,0.0039999999999995595,0.0,0.0012194258261171997,0.0004262321656472711,3.3973254574181666e-06,3.6010824122127415e-06,0.7577692435959869
7.039999999999447,0.0039999999999995595,0.0,0.001219475828876426,0.0004262480553953046,3.397516968893205e-06,4.089829771076566e-06,0.7577695099448866
7.043999999999446,0.0039999999999995595,0.0,0.001219532191527986,0.0004262658724427001,3.397708401102371e-06,4.569221140116391e-06,0.7577697751596627
7.047999999999446,0.0039999999999995595,0.0,0.001219594732036163,0.00042628557815591696,3.397899754012489e-06,5.0388542547509875e-06,0.7577700392408085
7.051999999999445,0.0039999999999995595,0.0,0.0012196632642106136,0.00042630713235623704,3.398091027280936e-06,5.498345848079357e-06,0.7577703021888149
7.055999999999445,0.0039999999999995595,0.0,0.0012197375980808028,0.00042633049339229435,3.398282220296797e-06,5.947331384983045e-06,0.7577705640041803
7.0599999999994445,0.0039999999999995595,0.0,0.0012198175402703083,0.0004263556182130872,3.398473332110082e-06,6.385464958863445e-06,0.7577708246874162
7.063999999999444,0.0039999999999995595,0.0,0.0012199028940979087,0.0004263824624413817,3.3986643614836537e-06,6.812419260103815e-06,0.7577710842390507
7.067999999999444,0.0039999999999995595,0.0,0.0012199934598605537,0.0004264109804474192,3.398855306885375e-06,7.227885573020964e-06,0.7577713426596351
7.071999999999443,0.0039999999999995595,0.0,0.0012200890352980888,0.00042644112542283033,3.399046166506216e-06,7.631573774487624e-06,0.7577715999497482
7.075999999999443,0.0039999999999995595,0.0,0.001220189415693662,0.00042647284945466617,3.3992369382573718e-06,8.023212328086058e-06,0.7577718561099996
7.079999999999442,0.0039999999999995595,0.0,0.0012202943943378155,0.0004265061035994731,3.3994276197312558e-06,8.402548270082014e-06,0.7577721111410368
7.083999999999442,0.0039999999999995595,0.0,0.001220403762446296,0.00042654083795730136,3.3996182083138706e-06,8.769347172359466e-06,0.7577723650435482
7.087999999999441,0.0039999999999995595,0.0,0.0012205173098963392,0.0004265770017455785,3.399808701149602e-06,9.123393095045361e-06,0.7577726178182637
7.091999999999441,0.0039999999999995595,0.0,0.001220634825325597,0.0004266145433727639,3.3999990950995508e-06,9.464488519299874e-06,0.7577728694659636
7.0959999999994405,0.0039999999999995595,0.0,0.0012207560959578766,0.00042665341051170003,3.400189386838226e-06,9.79245426131892e-06,0.7577731199874823
7.09999999999944,0.0039999999999995595,0.0,0.0012208809087017828,0.00042669355017258085,3.4003795728744117e-06,1.0107129367129834e-05,0.7577733693837092
7.10399999999944,0.0039999999999995595,0.0,0.001221009049793537,0.0004267349087754539,3.4005696494745104e-06,1.040837098828684e-05,0.7577736176555938
7.107999999999439,0.0039999999999995595,0.0,0.0012211403050760834,0.00042677743222218717,3.4007596127807667e-06,1.0696054242543671e-05,0.7577738648041467
7.111999999999439,0.0039999999999995595,0.0,0.0012212744605503856,0.0004268210659678288,3.4009494587686853e-06,1.0970072053344914e-05,0.7577741108304458
7.115999999999438,0.0039999999999995595,0.0,0.0012214113024715074,0.0004268657550912764,3.401139183299666e-06,1.1230334973346754e-05,0.757774355735637
7.119999999999438,0.0039999999999995595,0.0,0.0012215506175351336,0.0004269114443651965,3.401328782125382e-06,1.1476770989979132e-05,0.7577745995209392
7.1239999999994374,0.0039999999999995595,0.0,0.0012216921932453318,0.0004269580783251211,3.401518250875017e-06,1.1709325315131991e-05,0.7577748421876449
7.127999999999437,0.0039999999999995595,0.0,0.0012218358180090736,0.0004270056013376508,3.401707585209243e-06,1.1927960156922607e-05,0.7577750837371218
7.131999999999437,0.0039999999999995595,0.0,0.0012219812813211528,0.00042705395766771547,3.4018967807004405e-06,1.2132654479186126e-05,0.757775324170819
7.135999999999436,0.0039999999999995595,0.0,0.0012221283744027979,0.00042710309154481255,3.4020858329202092e-06,1.2323403741081766e-05,0.7577755634902662
7.139999999999436,0.0039999999999995595,0.0,0.0012222768897494482,0.0004271529472281732,3.4022747374048434e-06,1.2500219625869585e-05,0.7577758016970758
7.143999999999435,0.0039999999999995595,0.0,0.0012224266219499683,0.00042720346907080116,3.4024634897429987e-06,1.2663129754111363e-05,0.7577760387929455
7.147999999999435,0.0039999999999995595,0.0,0.0012225773676875968,0.00042725460158232075,3.4026520855681497e-06,1.2812177382268579e-05,0.7577762747796605
7.151999999999434,0.0039999999999995595,0.0,0.0012227289256497207,0.0004273062894905859,3.402840520568163e-06,1.2947421089746839e-05,0.7577765096590919
7.155999999999434,0.0039999999999995595,0.0,0.0012228810971636566,0.0004273584778020049,3.4030287905419976e-06,1.3068934454260635e-05,0.7577767434332033
7.1599999999994335,0.0039999999999995595,0.0,0.0012230336861961762,0.00042741111186051954,3.403216891370942e-06,1.3176805711424247e-05,0.7577769761040468
7.163999999999433,0.0039999999999995595,0.0,0.0012231864994434569,0.000427464137405207,3.4034048190874097e-06,1.3271137408868088e-05,0.7577772076737668
7.167999999999433,0.0039999999999995595,0.0,0.0012233393466929028,0.0004275175006264576,3.40359256984047e-06,1.33520460454374e-05,0.7577774381446026
7.171999999999432,0.0039999999999995595,0.0,0.0012234920409121602,0.00042757114822067577,3.403780139974232e-06,1.3419661700338648e-05,0.7577776675188846
7.175999999999432,0.0039999999999995595,0.0,0.0012236443982470424,0.0004276250274434825,3.4039675259900153e-06,1.3474127656333854e-05,0.7577778957990385
7.179999999999431,0.0039999999999995595,0.0,0.0012237962385634987,0.0004276790861613689,3.4041547246425626e-06,1.3515600008743552e-05,0.7577781229875848
7.183999999999431,0.0039999999999995595,0.0,0.0012239473851725486,0.00042773327290178143,3.404341732787324e-06,1.3544247271675042e-05,0.7577783490871407
7.18799999999943,0.0039999999999995595,0.0,0.00122409766528076,0.0004277875369015832,3.404528547585464e-06,1.356024996981126e-05,0.7577785741004142
7.19199999999943,0.0039999999999995595,0.0,0.0012242469098960604,0.00042784182815389825,3.404715166440615e-06,1.3563800234220977e-05,0.7577787980302126
7.1959999999994295,0.0039999999999995595,0.0,0.0012243949541867942,0.0004278960974532823,3.404901586983211e-06,1.3555101378713326e-05,0.7577790208794397
7.199999999999429,0.0039999999999995595,0.0,0.0012245416374776865,0.00042795029643920594,3.405087807102371e-06,1.353436747858008e-05,0.7577792426510938
7.203999999999429,0.0039999999999995595,0.0,0.00122468680342696,0.000428004377637824,3.4052738249633265e-06,1.350182293986112e-05,0.757779463348267
7.207999999999428,0.0039999999999995595,0.0,0.0012248302998406197,0.0004280582945020201,3.405459638982148e-06,1.3457702067483202e-05,0.757779682974148
7.211999999999428,0.0039999999999995595,0.0,0.0012249719793930793,0.00042811200144970507,3.405645247890227e-06,1.3402248627052704e-05,0.7577799015320196
7.215999999999427,0.0039999999999995595,0.0,0.0012251116991691049,0.0004281654539003474,3.4058306506839855e-06,1.3335715402030657e-05,0.7577801190252572
7.219999999999427,0.0039999999999995595,0.0,0.0012252493207496773,0.0004282186083097374,3.406015846685477e-06,1.3258363751602753e-05,0.7577803354573319
7.223999999999426,0.0039999999999995595,0.0,0.0012253847107507516,0.0004282714222029568,3.406200835479002e-06,1.3170463159927189e-05,0.7577805508318055
7.227999999999426,0.0039999999999995595,0.0,0.001225517740636892,0.00042832385420556293,3.4063856169486846e-06,1.3072290792128364e-05,0.7577807651523297
7.2319999999994256,0.0039999999999995595,0.0,0.0012256482864444413,0.0004283758640729704,3.40657019128045e-06,1.2964131039887544e-05,0.757780978422651
7.235999999999425,0.0039999999999995595,0.0,0.0012257762296823235,0.000428427412718032,3.406754558946333e-06,1.284627507399558e-05,0.7577811906466032
7.239999999999425,0.0039999999999995595,0.0,0.0012259014564210365,0.0004284784622368123,3.4069387207130563e-06,1.2719020389871542e-05,0.7577814018281085
7.243999999999424,0.0039999999999995595,0.0,0.0012260238579216852,0.0004285289759325597,3.407122677629496e-06,1.2582670359008047e-05,0.7577816119711772
7.247999999999424,0.0039999999999995595,0.0,0.001226143330811969,0.00042857891833787486,3.407306431065368e-06,1.2437533777549818e-05,0.7577818210799038
7.251999999999423,0.0039999999999995595,0.0,0.0012262597765378554,0.00042862825523508227,3.407489982639651e-06,1.2283924417059951e-05,0.7577820291584674
7.255999999999423,0.0039999999999995595,0.0,0.0012263731018114876,0.00042867695367481616,3.4076733342137213e-06,1.2122160579473696e-05,0.7577822362111319
7.2599999999994225,0.0039999999999995595,0.0,0.0012264832185158267,0.00042872498199281417,3.407856487958633e-06,1.1952564648981299e-05,0.7577824422422373
7.263999999999422,0.0039999999999995595,0.0,0.001226590043881019,0.0004287723098249575,3.408039446282933e-06,1.1775462654172165e-05,0.7577826472562104
7.267999999999422,0.0039999999999995595,0.0,0.0012266935002082872,0.00042881890812053897,3.4082222118219337e-06,1.159118382640211e-05,0.7577828512575507
7.271999999999421,0.0039999999999995595,0.0,0.001226793515046612,0.00042886474915378804,3.408404787449459e-06,1.1400060164362246e-05,0.7577830542508366
7.275999999999421,0.0039999999999995595,0.0,0.0012268900211885104,0.0004289098065336719,3.4085871762430094e-06,1.1202426004908885e-05,0.7577832562407185
7.27999999999942,0.0039999999999995595,0.0,0.001226982956485027,0.00042895405521198337,3.4087693814709097e-06,1.0998617595074533e-05,0.7577834572319209
7.28399999999942,0.0039999999999995595,0.0,0.0012270722642038652,0.00042899747148973807,3.40895140660313e-06,1.0788972671718882e-05,0.7577836572292374
7.287999999999419,0.0039999999999995595,0.0,0.0012271578925733162,0.000429040033021903,3.4091332553166727e-06,1.0573830045106885e-05,0.7577838562375295
7.291999999999419,0.0039999999999995595,0.0,0.0012272397950503094,0.0004290817188204743,3.4093149314344616e-06,1.0353529187516472e-05,0.7577840542617253
7.2959999999994185,0.0039999999999995595,0.0,0.001227317930226727,0.00042912250925593526,3.409496438904339e-06,1.012840983079798e-05,0.7577842513068168
7.299999999999418,0.0039999999999995595,0.0,0.0012273922617359718,0.00042916238605711615,3.409677781844948e-06,9.898811567977026e-06,0.7577844473778577
7.303999999999418,0.0039999999999995595,0.0,0.0012274627581597955,0.00042920133230948363,3.409858964445922e-06,9.6650734625955e-06,0.7577846424799605
7.307999999999417,0.0039999999999995595,0.0,0.0012275293931162659,0.00042923933245188356,3.4100399910180633e-06,9.427533663942469e-06,0.7577848366182957
7.311999999999417,0.0039999999999995595,0.0,0.0012275921450766159,0.00042927637227177957,3.4102208659638597e-06,9.18652903352511e-06,0.7577850297980875
7.315999999999416,0.0039999999999995595,0.0,0.001227650997544118,0.00042931243889900373,3.4104015937353188e-06,8.942394774653629e-06,0.7577852220246128
7.319999999999416,0.0039999999999995595,0.0,0.0012277059386905534,0.00042934752079806375,3.4105821788492877e-06,8.69546407398964e-06,0.7577854133031996
7.323999999999415,0.0039999999999995595,0.0,0.0012277569614451422,0.00042938160775902594,3.410762625851197e-06,8.446067748068364e-06,0.7577856036392201
7.327999999999415,0.0039999999999995595,0.0,0.001227804063402832,0.00042941469088702584,3.410942939275484e-06,8.194533902760993e-06,0.7577857930380945
7.3319999999994145,0.0039999999999995595,0.0,0.00122784724673283,0.00042944676259042613,3.411123123684653e-06,7.941187597084482e-06,0.7577859815052831
7.335999999999414,0.0039999999999995595,0.0,0.001227886518087379,0.00042947781656767247,3.411303183635649e-06,7.686350521181046e-06,0.7577861690462878
7.339999999999414,0.0039999999999995595,0.0,0.0012279218886011797,0.0004295078477928668,3.411483123660935e-06,7.430340677772539e-06,0.7577863556666454
7.343999999999413,0.0039999999999995595,0.0,0.0012279533737102038,0.00042953685250011727,3.411662948207715e-06,7.173472079553754e-06,0.7577865413719297
7.347999999999413,0.0039999999999995595,0.0,0.0012279809930611525,0.0004295648281666833,3.4118426617189757e-06,6.916054451223881e-06,0.7577867261677446
7.351999999999412,0.0039999999999995595,0.0,0.001228004770511537,0.0004295917734949722,3.4120222685198915e-06,6.658392944561802e-06,0.7577869100597229
7.355999999999412,0.0039999999999995595,0.0,0.0012280247340395456,0.0004296176883934147,3.4122017728389673e-06,6.400787863493351e-06,0.7577870930535254
7.3599999999994115,0.0039999999999995595,0.0,0.001228040915382893,0.0004296425739562754,3.4123811788455602e-06,6.143534399625786e-06,0.7577872751548367
7.363999999999411,0.0039999999999995595,0.0,0.00122805335031071,0.00042966643244242013,3.412560490584185e-06,5.886922375982531e-06,0.7577874563693612
7.367999999999411,0.0039999999999995595,0.0,0.001228062078172352,0.00042968926725309555,3.4127397119090935e-06,5.63123600312229e-06,0.7577876367028253
7.37199999999941,0.0039999999999995595,0.0,0.001228067142169624,0.0004297110829087591,3.4129188466618368e-06,5.376753648585951e-06,0.7577878161609644
7.37599999999941,0.0039999999999995595,0.0,0.0012280685887251102,0.00042973188502501175,3.413097898535539e-06,5.123747615949022e-06,0.7577879947495314
7.379999999999409,0.0039999999999995595,0.0,0.0012280664679355053,0.00042975168028766173,3.413276871004714e-06,4.872483931443055e-06,0.7577881724742918
7.383999999999409,0.0039999999999995595,0.0,0.0012280608330306295,0.00042977047642696396,3.4134557673892105e-06,4.623222146608667e-06,0.7577883493410154
7.387999999999408,0.0039999999999995595,0.0,0.0012280517405558002,0.0004297882821910946,3.4136345908283518e-06,4.376215153167293e-06,0.7577885253554779
7.391999999999408,0.0039999999999995595,0.0,0.0012280392500118873,0.00042980510731888393,3.413813344292869e-06,4.1317090055058186e-06,0.7577887005234583
7.3959999999994075,0.0039999999999995595,0.0,0.0012280234238570833,0.0004298209625118709,3.4139920306053786e-06,3.889942761932232e-06,0.7577888748507341
7.399999999999407,0.0039999999999995595,0.0,0.0012280043274183565,0.00042983585940570604,3.41417065236832e-06,3.6511483328315124e-06,0.7577890483430803
7.403999999999407,0.0039999999999995595,0.0,0.0012279820286221611,0.0004298498105409602,3.414349212019696e-06,3.4155503492623563e-06,0.7577892210062669
7.407999999999406,0.0039999999999995595,0.0,0.0012279565980868408,0.0004298628293333696,3.41452771180546e-06,3.183366040253586e-06,0.7577893928460544
7.411999999999406,0.0039999999999995595,0.0,0.001227928108672622,0.0004298749300435774,3.414706153741173e-06,2.95480513595656e-06,0.7577895638681941
7.415999999999405,0.0039999999999995595,0.0,0.0012278966358453495,0.0004298861277464043,3.414884539655563e-06,2.7300697847512606e-06,0.7577897340784244
7.419999999999405,0.0039999999999995595,0.0,0.001227862257045709,0.00042989643829968884,3.4150628711588884e-06,2.5093544983044367e-06,0.7577899034824678
7.423999999999404,0.0039999999999995595,0.0,0.0012278250517817602,0.00042990587831275316,3.4152411497260034e-06,2.29284613283894e-06,0.7577900720860281
7.427999999999404,0.0039999999999995595,0.0,0.0012277851016310806,0.0004299144651145232,3.415419376578015e-06,2.0807239153520526e-06,0.7577902398947874
7.4319999999994035,0.0039999999999995595,0.0,0.0012277424899716457,0.00042992221672135945,3.415597552782869e-06,1.8731595465017553e-06,0.757790406914407
7.435999999999403,0.0039999999999995595,0.0,0.0012276973016222316,0.000429929151804629,3.415775679202453e-06,1.6703174198861554e-06,0.7577905731505229
7.439999999999403,0.0039999999999995595,0.0,0.0012276496233870839,0.00042993528965806164,3.4159537565010293e-06,1.4723550487421244e-06,0.7577907386087408
7.443999999999402,0.0039999999999995595,0.0,0.00122759954297281,0.0004299406501649473,3.4161317851412163e-06,1.2794238900024585e-06,0.7577909032946393
7.447999999999402,0.0039999999999995595,0.0,0.0012275471499851687,0.00042994525376519196,3.4163097654268783e-06,1.0916709598899136e-06,0.7577910672137639
7.451999999999401,0.0039999999999995595,0.0,0.0012274925346649284,0.00042994912142228954,3.4164876975245865e-06,9.092422509264436e-07,0.7577912303716261
7.455999999999401,0.0039999999999995595,0.0,0.0012274357887037239,0.0004299522745902406,3.4166655813613415e-06,7.32290694238759e-07,0.7577913927736997
7.4599999999994,0.0039999999999995595,0.0,0.0012273770044319103,0.0004299547351804613,3.416843416760154e-06,5.609976285400485e-07,0.7577915544254216
7.4639999999994,0.0039999999999995595,0.0,0.0012273162752725762,0.0004299565255287238,3.4170212033746524e-06,3.9564472694111857e-07,0.7577917153321869
7.4679999999994,0.0039999999999995595,0.0,0.0012272536951100721,0.0004299576683621543,3.417198940693125e-06,2.3696169634316114e-07,0.7577918754993491
7.471999999999399,0.0039999999999995595,0.0,0.0012271893584725148,0.0004299581867663431,3.4173766280676585e-06,8.993224874945711e-08,0.7577920349322184
7.475999999999399,0.0039999999999995595,0.0,0.0012271233603523923,0.00042995810415258584,3.41755426471348e-06,8.342232377215681e-08,0.757792193636057
7.479999999999398,0.0039999999999995595,0.0,0.0012270557960270521,0.00042995744422530223,3.4177318497082857e-06,2.1792943838303157e-07,0.7577923516160802
7.483999999999398,0.0039999999999995595,0.0,0.001226986761150514,0.00042995623094966575,3.417909382031872e-06,3.529198813996533e-07,0.7577925088774534
7.487999999999397,0.0039999999999995595,0.0,0.0012269163512118244,0.0004299544885194731,3.4180868605654637e-06,4.828596661850948e-07,0.7577926654252913
7.491999999999397,0.0039999999999995595,0.0,0.0012268446618980938,0.0004299522413252942,3.418264284075782e-06,6.070289704936487e-07,0.757792821264657
7.4959999999993965,0.0039999999999995595,0.0,0.0012267717886430907,0.0004299495139229206,3.418441651307525e-06,7.252032803438452e-07,0.757792976400554
7.499999999999396,0.0039999999999995595,0.0,0.001226697826718632,0.0004299463310021675,3.418618960872032e-06,8.372797210922371e-07,0.7577931308379352
7.503999999999396,0.0039999999999995595,0.0,0.0012266228711449057,0.00042994271735604094,3.418796211341167e-06,9.432011805666481e-07,0.7577932845816966
7.507999999999395,0.0039999999999995595,0.0,0.0012265470163291372,0.0004299386978503025,3.4189734011815096e-06,1.0429338213813592e-06,0.7577934376366737
7.511999999999395,0.0039999999999995595,0.0,0.0012264703562471753,0.00042993429739346335,3.419150528812456e-06,1.1364587152179612e-06,0.7577935900076446
7.515999999999394,0.0039999999999995595,0.0,0.001226392984081901,0.0004299295409072316,3.419327592575696e-06,1.2237681879565892e-06,0.7577937416993259
7.519999999999394,0.0039999999999995595,0.0,0.0012263149925856903,0.0004299244532974429,3.4195045909045414e-06,1.3048640024147546e-06,0.7577938927163698
7.523999999999393,0.0039999999999995595,0.0,0.0012262364733564687,0.00042991905942550473,3.419681522114904e-06,1.3797563473990961e-06,0.7577940430633687
7.527999999999393,0.0039999999999995595,0.0,0.0012261575171999529,0.0004299133840803655,3.4198583845398275e-06,1.4484632184026769e-06,0.7577941927448524
7.5319999999993925,0.0039999999999995595,0.0,0.0012260782138581023,0.0004299074519510417,3.420035176515997e-06,1.5110099886145675e-06,0.7577943417652844
7.535999999999392,0.0039999999999995595,0.0,0.0012259986520996207,0.0004299012875997261,3.420211896379566e-06,1.5674290862717926e-06,0.7577944901290626
7.539999999999392,0.0039999999999995595,0.0,0.0012259189193576108,0.00042989491543549195,3.42038854245187e-06,1.61775973389128e-06,0.7577946378405205
7.543999999999391,0.0039999999999995595,0.0,0.0012258391019104309,0.00042988835968861837,3.42056511309069e-06,1.662047718560968e-06,0.7577947849039257
7.547999999999391,0.0039999999999995595,0.0,0.0012257592846096875,0.00042988164438555545,3.4207416066623557e-06,1.7003451809102405e-06,0.7577949313234779
7.55199999999939,0.0039999999999995595,0.0,0.0012256795507892195,0.0004298747933245457,3.4209180215727723e-06,1.7327104164207156e-06,0.7577950771033093
7.55599999999939,0.0039999999999995595,0.0,0.001225599982536335,0.000429867830051919,3.421094356278166e-06,1.7592076815581863e-06,0.7577952222474835
7.559999999999389,0.0039999999999995595,0.0,0.0012255206602383624,0.0004298607778390816,3.4212706093077167e-06,1.7799070038338207e-06,0.7577953667599983
7.563999999999389,0.0039999999999995595,0.0,0.0012254416625819642,0.0004298536596602093,3.421446779163441e-06,1.7948839896249418e-06,0.7577955106447812
7.5679999999993885,0.0039999999999995595,0.0,0.001225363066733612,0.00042984649817066087,3.421622864464375e-06,1.8042196383724377e-06,0.7577956539056939
7.571999999999388,0.0039999999999995595,0.0,0.0012252849478858198,0.00042983931568611804,3.421798863869606e-06,1.8080001514920714e-06,0.7577957965465265
7.575999999999388,0.0039999999999995595,0.0,0.0012252073796187035,0.0004298321341624811,3.4219747760818704e-06,1.806316738237604e-06,0.7577959385710034
7.579999999999387,0.0039999999999995595,0.0,0.0012251304334460536,0.0004298249751765095,3.422150599897555e-06,1.7992654278506408e-06,0.7577960799827778
7.583999999999387,0.0039999999999995595,0.0,0.0012250541791768458,0.0004298178599072324,3.4223263341487414e-06,1.786946873150113e-06,0.757796220785438
7.587999999999386,0.0039999999999995595,0.0,0.0012249786845518042,0.00042981080911812854,3.4225019777767e-06,1.7694661601004867e-06,0.757796360982502
7.591999999999386,0.0039999999999995595,0.0,0.0012249040152423547,0.0004298038431400897,3.422677529807265e-06,1.7469326079507921e-06,0.7577965005774189
7.5959999999993855,0.0039999999999995595,0.0,0.001224830234940208,0.00042979698185517526,3.42285298931182e-06,1.7194595765786852e-06,0.7577966395735731
7.599999999999385,0.0039999999999995595,0.0,0.0012247574052656615,0.0004297902446811519,3.4230283554430238e-06,1.6871642725928944e-06,0.7577967779742807
7.603999999999385,0.0039999999999995595,0.0,0.0012246855855852052,0.00042978365055683533,3.423203627439063e-06,1.6501675525410164e-06,0.7577969157827911
7.607999999999384,0.0039999999999995595,0.0,0.0012246148331916957,0.0004297772179282375,3.42337880460422e-06,1.6085937288947013e-06,0.7577970530022881
7.611999999999384,0.0039999999999995595,0.0,0.001224545203121934,0.00042977096473550904,3.4235538863236156e-06,1.5625703804898281e-06,0.7577971896358905
7.615999999999383,0.0039999999999995595,0.0,0.0012244767484275295,0.00042976490840069187,3.4237288720712897e-06,1.512228162829368e-06,0.7577973256866508
7.619999999999383,0.0039999999999995595,0.0,0.0012244095195391193,0.0004297590658162767,3.423903761376464e-06,1.4577006252800025e-06,0.7577974611575583
7.623999999999382,0.0039999999999995595,0.0,0.0012243435648092152,0.00042975345333456423,3.424078553848212e-06,1.3991240340491684e-06,0.7577975960515385
7.627999999999382,0.0039999999999995595,0.0,0.001224278903215301,0.0004297480770847471,3.4242532176420455e-06,1.3414830841814264e-06,0.7577975960515385
7.6319999999993815,0.0039999999999995595,0.0,0.0012242155012261416,0.0004297429256518984,3.424427699842273e-06,1.2841403748128537e-06,0.7577977303714546
7.635999999999381,0.0039999999999995595,0.0,0.0012241534088279923,0.00042973801719477705,3.4246020706861825e-06,1.2221772195797748e-06,0.7577978623167103
7.639999999999381,0.0039999999999995595,0.0,0.0012240926753782687,0.00042973337040701855,3.424776381015485e-06,1.155605609033291e-06,0.757797995828021
7.64399999999938,0.0039999999999995595,0.0,0.001224033316589304,0.0004297289904684026,3.4249506350095583e-06,1.0909412650429802e-06,0.757797995828021
7.64799999999938,0.0039999999999995595,0.0,0.0012239752918432414,0.0004297248609865792,3.4251248043441794e-06,1.0268878505796533e-06,0.7577981299257507
7.651999999999379,0.0039999999999995595,0.0,0.0012239187209770281,0.00042972103412740727,3.425299035052488e-06,9.424172943088658e-07,0.7577985284955722
7.655999999999379,0.0039999999999995595,0.0,0.0012238638293459558,0.0004297176059574932,3.4254734866146057e-06,8.43271395163566e-07,0.7577986657891405
7.659999999999378,0.0039999999999995595,0.0,0.0012238106169945437,0.0004297145706213546,3.425648057188995e-06,7.453297608716628e-07,0.7577987981394052
7.663999999999378,0.0039999999999995595,0.0,0.0012237590889501364,0.0004297119263516184,3.4258226677826365e-06,6.476836831856751e-07,0.7577989276429711
7.6679999999993775,0.0039999999999995595,0.0,0.0012237092534093967,0.0004297096740763171,3.4259972589382303e-06,5.497515149284777e-07,0.7577990554943377
7.671999999999377,0.0039999999999995595,0.0,0.0012236611200149967,0.00042970781647040337,3.4261717874028465e-06,4.5118989608886815e-07,0.7577991823575709
7.675999999999377,0.0039999999999995595,0.0,0.0012236146991299135,0.0004297063573066076,3.4263462230320566e-06,3.5185850018599603e-07,0.75779930858766
7.679999999999376,0.0039999999999995595,0.0,0.0012235699649984495,0.00042970528222209704,3.42652051332156e-06,2.611512564291166e-07,0.75779930858766
7.683999999999376,0.0039999999999995595,0.0,0.0012235268357770248,0.000429704549472412,3.426694591141973e-06,1.7592650206962574e-07,0.7577994343619763
7.687999999999375,0.0039999999999995595,0.0,0.001223485310455709,0.00042970416049760494,3.4268684899161975e-06,9.829166013335003e-08,0.7577994343619763
7.691999999999375,0.0039999999999995595,0.0,0.0012234454087988746,0.00042970413092513715,3.427042270189125e-06,4.619075835687292e-08,0.757799806845307
7.6959999999993745,0.0039999999999995595,0.0,0.0012234073525731431,0.00042970458347227694,3.4272161173968937e-06,1.367170447758379e-07,0.757799806845307
7.699999999999374,0.0039999999999995595,0.0,0.0012233710563724044,0.0004297054711293446,3.4273899438932984e-06,2.478790612851606e-07,0.7578000620560793
7.703999999999374,0.0039999999999995595,0.0,0.001223336617550539,0.0004297068497263603,3.4275638245277816e-06,3.681870559828128e-07,0.7578001885748102
7.707999999999373,0.0039999999999995595,0.0,0.001223304005225821,0.0004297087029582929,3.427737702616198e-06,4.854778850526763e-07,0.7578003125428904
7.711999999999373,0.0039999999999995595,0.0,0.0012232731965824556,0.00042971102025641736,3.427911535635453e-06,6.00651752765931e-07,0.7578004349710082
7.715999999999372,0.0039999999999995595,0.0,0.0012232441733323314,0.000429713794826531,3.428085292550703e-06,7.144299428537453e-07,0.7578005564287409
7.719999999999372,0.0039999999999995595,0.0,0.0012232169203544197,0.000429717022326724,3.428258951441296e-06,8.273075693749841e-07,0.7578006772267126
7.723999999999371,0.0039999999999995595,0.0,0.0012231914237893174,0.0004297206999729457,3.4284324974154134e-06,9.396038628247032e-07,0.7578007975253854
7.727999999999371,0.0039999999999995595,0.0,0.0012231676704042229,0.0004297248259308374,3.4286059209182773e-06,1.051511738059523e-06,0.7578009173997582
7.7319999999993705,0.0039999999999995595,0.0,0.0012231456466855123,0.00042972939889937155,3.428779216315624e-06,1.163135201293918e-06,0.7578010368775827
7.73599999999937,0.0039999999999995595,0.0,0.0012231253389296736,0.0004297344178233439,3.428952380671057e-06,1.2745158314268152e-06,0.7578011559617143
7.73999999999937,0.0039999999999995595,0.0,0.0012231067322450034,0.0004297398816927798,3.4291254128018863e-06,1.3856511497204287e-06,0.7578012746429776
7.743999999999369,0.0039999999999995595,0.0,0.001223089810914805,0.0004297457894013416,3.4292983126387325e-06,1.4965073088124577e-06,0.7578013929073933
7.747999999999369,0.0039999999999995595,0.0,0.0012230745580344509,0.0004297521396451672,3.4294710806458563e-06,1.6070278983392844e-06,0.7578015107400815
7.751999999999368,0.0039999999999995595,0.0,0.0012230609551484343,0.0004297589308497744,3.4296437174605257e-06,1.7171401215847248e-06,0.7578016281272315
7.755999999999368,0.0039999999999995595,0.0,0.0012230489455774042,0.00042976613651563966,3.4298161908726072e-06,1.8144498037523214e-06,0.7578016281272315
7.759999999999367,0.0039999999999995595,0.0,0.0012230384213450618,0.00042977369645406705,3.4299884458221214e-06,1.9047455116615374e-06,0.7578017450569678
7.763999999999367,0.0039999999999995595,0.0,0.0012230294463056314,0.00042978166387005665,3.430160586567691e-06,2.015171158641406e-06,0.7578019753961802
7.7679999999993665,0.0039999999999995595,0.0,0.0012230221292441185,0.0004297901232940841,3.4303327187266784e-06,2.1364705307818447e-06,0.7578020942511777
7.771999999999366,0.0039999999999995595,0.0,0.0012230164133635894,0.00042979905087514597,3.4305048054804354e-06,2.2522577223188835e-06,0.7578022108086993
7.775999999999366,0.0039999999999995595,0.0,0.001223012250301941,0.0004298084288259947,3.430676817540758e-06,2.3638911343346663e-06,0.7578023258820186
7.779999999999365,0.0039999999999995595,0.0,0.0012230095973186068,0.0004298182432926881,3.430848731969937e-06,2.472249376287214e-06,0.7578024399452566
7.783999999999365,0.0039999999999995595,0.0,0.001223008414844181,0.0004298284829374924,3.4310205310284653e-06,2.577891919037542e-06,0.7578025532702248
7.787999999999364,0.0039999999999995595,0.0,0.0012230086653915982,0.00042983913799674554,3.4311922012948444e-06,2.6811660625579416e-06,0.7578026660088406
7.791999999999364,0.0039999999999995595,0.0,0.0012230103122857,0.0004298501996548153,3.4313637329170144e-06,2.78227812954183e-06,0.7578027782426644
7.795999999999363,0.0039999999999995595,0.0,0.001223013319300545,0.00042986165962844445,3.4315351187204767e-06,2.8813408613170967e-06,0.7578028900125856
7.799999999999363,0.0039999999999995595,0.0,0.00122301765020593,0.00042987350989120537,3.431706353875057e-06,2.9784049938889754e-06,0.7578030013365197
7.803999999999363,0.0039999999999995595,0.0,0.0012230232683139001,0.0004298857424913822,3.4318774351388233e-06,3.0734803247750856e-06,0.7578031122198593
7.807999999999362,0.0039999999999995595,0.0,0.0012230301367514805,0.00042989834943231057,3.4320483605520914e-06,3.1665498089394886e-06,0.7578032226615902
7.811999999999362,0.0039999999999995595,0.0,0.0012230382179164057,0.00042991132259460126,3.4322191290758147e-06,3.2575790261849525e-06,0.7578033326577761
7.815999999999361,0.0039999999999995595,0.0,0.00122304747365907,0.0004299246536866283,3.4323897404049737e-06,3.346522577028333e-06,0.7578034422035194
7.819999999999361,0.0039999999999995595,0.0,0.0012230578653736927,0.000429938334214185,3.4325601945841226e-06,3.433328433230286e-06,0.7578035512939766
7.82399999999936,0.0039999999999995595,0.0,0.0012230693536356041,0.00042995235546328483,3.4327304919848142e-06,3.5179409261176866e-06,0.7578036599248653
7.82799999999936,0.0039999999999995595,0.0,0.0012230818987462777,0.0004299667084920741,3.432900633194934e-06,3.6003028299249893e-06,0.757803768092652
7.8319999999993595,0.0039999999999995595,0.0,0.0012230954602798327,0.0004299813841291622,3.43307061891635e-06,3.6803568308234175e-06,0.7578038757945947
7.835999999999359,0.0039999999999995595,0.0,0.0012231099972649562,0.0004299963729765214,3.4332404498880248e-06,3.7580465797237676e-06,0.757803983028682
7.839999999999359,0.0039999999999995595,0.0,0.0012231254684575738,0.00043001166541572746,3.433410126853647e-06,3.833317465211098e-06,0.7578040897935512
7.843999999999358,0.0039999999999995595,0.0,0.0012231418319781162,0.00043002725161665967,3.4335796505171917e-06,3.906117184370085e-06,0.7578041960883855
7.847999999999358,0.0039999999999995595,0.0,0.0012231590456749392,0.0004300431215480634,3.4337490215746827e-06,3.976396177661471e-06,0.7578043019128156
7.851999999999357,0.0039999999999995595,0.0,0.001223177067215407,0.0004300592649895218,3.4339182407079564e-06,4.044107957416091e-06,0.7578044072668342
7.855999999999357,0.0039999999999995595,0.0,0.0012231958539046647,0.00043007567154452624,3.434087308558002e-06,4.1092093662398694e-06,0.7578045121507169
7.859999999999356,0.0039999999999995595,0.0,0.0012232153627767005,0.0004300923306543797,3.4342562258046273e-06,4.171660770407694e-06,0.7578046165649611
7.863999999999356,0.0039999999999995595,0.0,0.0012232355507761522,0.0004301092316127459,3.4344249930671807e-06,4.231426210322359e-06,0.7578047205102342
7.8679999999993555,0.0039999999999995595,0.0,0.0012232563746677988,0.00043012636358067617,3.434593610996649e-06,4.288473511984579e-06,0.7578048239873301
7.871999999999355,0.0039999999999995595,0.0,0.0012232777913090843,0.00043014371560199364,3.434762080241814e-06,4.342774366615264e-06,0.7578049269971401
7.875999999999355,0.0039999999999995595,0.0,0.0012232997575595684,0.0004301612766189031,3.434930401477616e-06,4.394304381899961e-06,0.7578050295406258
7.879999999999354,0.0039999999999995595,0.0,0.001223322230099619,0.00043017903548774365,3.435098575428894e-06,4.443043111089563e-06,0.7578051316188031
7.883999999999354,0.0039999999999995595,0.0,0.0012233451659751334,0.0004301969809947869,3.4352666028126605e-06,4.488974058655707e-06,0.7578052332327258
7.887999999999353,0.0039999999999995595,0.0,0.0012233685224161718,0.0004302151018720073,3.435434484405736e-06,4.532084669672939e-06,0.7578053343834771
7.891999999999353,0.0039999999999995595,0.0,0.0012233922565648469,0.00043023338681276533,3.4356022210161484e-06,4.572366302945354e-06,0.7578054350721648
7.895999999999352,0.0039999999999995595,0.0,0.001223416326110706,0.0004302518244873272,3.4357698134823872e-06,4.609814187014566e-06,0.7578055352999149
7.899999999999352,0.0039999999999995595,0.0,0.0012234406890185635,0.00043027040355818504,3.435937262711852e-06,4.644427366932504e-06,0.7578056350678715
7.9039999999993515,0.0039999999999995595,0.0,0.0012234653034378375,0.0004302891126951155,3.4361045696533825e-06,4.676208635115057e-06,0.7578057343771938
7.907999999999351,0.0039999999999995595,0.0,0.0012234901281563365,0.00043030794058995136,3.4362717353046507e-06,4.705164459183813e-06,0.7578058332290563
7.911999999999351,0.0039999999999995595,0.0,0.0012235151222373109,0.0004303268759710239,3.4364387607237497e-06,4.7313048952931865e-06,0.7578059316246513
7.91599999999935,0.0039999999999995595,0.0,0.0012235402452917053,0.00043034590761724433,3.4366056469729454e-06,4.754643497004624e-06,0.7578060295651889
7.91999999999935,0.0039999999999995595,0.0,0.0012235654574781507,0.0004303650243718007,3.436772395178865e-06,4.775197217765779e-06,0.7578061270518978
7.923999999999349,0.0039999999999995595,0.0,0.001223590719502944,0.00043038421515545516,3.436939006531058e-06,4.792986309514415e-06,0.7578062240860284
7.927999999999349,0.0039999999999995595,0.0,0.0012236159927107486,0.000430403468979417,3.4371054822369586e-06,4.808034215272091e-06,0.7578063206688529
7.9319999999993485,0.0039999999999995595,0.0,0.001223641238993805,0.0004304227749577745,3.4372718235727955e-06,4.820367458521463e-06,0.7578064168016654
7.935999999999348,0.0039999999999995595,0.0,0.0012236664210640601,0.0004304421223194952,3.4374380318422183e-06,4.830015534415398e-06,0.7578065124857879
7.939999999999348,0.0039999999999995595,0.0,0.0012236915023623432,0.0004304615004199613,3.4376041083946454e-06,4.837010793134841e-06,0.757806607722566
7.943999999999347,0.0039999999999995595,0.0,0.0012237164468768132,0.0004304808987520566,3.4377700546058335e-06,4.84138832743155e-06,0.7578067025133748
7.947999999999347,0.0039999999999995595,0.0,0.0012237412195964872,0.00043050030695679,3.4379358718811768e-06,4.843185856591568e-06,0.7578067968596169
7.951999999999346,0.0039999999999995595,0.0,0.001223765786148207,0.0004305197148334572,3.4381015617135653e-06,4.842443611341358e-06,0.7578068907627227
7.955999999999346,0.0039999999999995595,0.0,0.0012237901130686816,0.00043053911234934756,3.4382671255855147e-06,4.839204219432987e-06,0.7578069842241526
7.959999999999345,0.0039999999999995595,0.0,0.0012238141678043348,0.00043055848964898937,3.438432565037431e-06,4.833512590676514e-06,0.7578070772453976
7.963999999999345,0.0039999999999995595,0.0,0.0012238379186204308,0.00043057783706294193,3.4385978816409704e-06,4.825415804150647e-06,0.7578071698279772
7.9679999999993445,0.0039999999999995595,0.0,0.0012238613346916337,0.00043059714511614264,3.4387630769783153e-06,4.814962997434153e-06,0.7578072619734414
7.971999999999344,0.0039999999999995595,0.0,0.0012238843860111258,0.0004306164045358041,3.4389281527668666e-06,4.802205253427276e-06,0.7578073536833706
7.975999999999344,0.0039999999999995595,0.0,0.0012239070437532894,0.0004306356062588768,3.4390931106418007e-06,4.787195492139352e-06,0.7578074449593734
7.979999999999343,0.0039999999999995595,0.0,0.0012239292799106672,0.00043065474143907684,3.4392579522526955e-06,4.769988364276446e-06,0.757807535803088
7.983999999999343,0.0039999999999995595,0.0,0.0012239510674752101,0.00043067380145348985,3.4394226793585074e-06,4.750640142429487e-06,0.7578076262161839
7.987999999999342,0.0039999999999995595,0.0,0.0012239723803473834,0.0004306927779087492,3.4395872937010524e-06,4.729208618027382e-06,0.7578077162003534
7.991999999999342,0.0039999999999995595,0.0,0.001223993193517398,0.00043071166264680957,3.4397517970138664e-06,4.705752998718588e-06,0.7578078057573201
7.995999999999341,0.0039999999999995595,0.0,0.0012240134829743122,0.00043073044775030536,3.439916191065987e-06,4.680333805291612e-06,0.7578078948888312
7.999999999999341,0.0039999999999995595,0.0,0.0012240332258872514,0.0004307491255475167,3.4400804776883673e-06,4.653012775634962e-06,0.7578079835966611
8.003999999999342,0.004000000000001336,0.0,0.001224052400061006,0.00043076768861693694,3.440244658675133e-06,4.623852762714415e-06,0.7578080718826078
