t,dt,force_n,tilt_rad,x,y,speed_m_s,effort_nm
0.004,0.004,0.0,0.0,-4.2767836703759016e-20,7.512001852942428e-20,4.321762617903042e-17,0.0
0.008,0.004,0.0,0.0,-8.422214197208686e-20,1.683638814411784e-19,6.493358919695238e-17,1.0021494745160453e-15
0.012,0.004,0.0,0.0,-1.3015167072495155e-19,2.981682992375545e-19,1.0663985617395476e-16,1.2067034462337217e-15
0.016,0.004,0.0,0.0,-1.8842560257283084e-19,4.881655042978289e-19,1.8547421283626825e-16,2.4244866966895364e-15
0.020000000000000004,0.0040000000000000036,0.0,0.0,-2.2948311447855e-19,7.913081913635469e-19,3.3429531574789234e-16,4.6026271924756184e-15
0.024000000000000007,0.0040000000000000036,0.0,1.2020167404189313e-06,5.621764921300144e-07,-2.263057284341796e-08,0.0002811242629184241,8.711390821754545e-15
0.02800000000000001,0.0040000000000000036,0.0,1.276465162446708e-06,-7.246994441850564e-07,-1.0788174775120605e-07,0.0005386144545765681,0.20500198476634487
0.032000000000000015,0.0040000000000000036,0.0,1.4523090931971896e-06,-4.414509454339562e-06,-1.9269393990745616e-07,0.0010392904704387873,0.33209089118082424
0.03600000000000002,0.0040000000000000036,0.0,4.0341712003083505e-06,-9.538768525615426e-06,-2.499088294406186e-07,0.0013481258719139745,0.40313161033827594
0.04000000000000002,0.0040000000000000036,0.0,6.378863213555757e-06,-1.535781288147688e-05,-2.715167599581185e-07,0.001477162969395632,0.4395908439186103
0.044000000000000025,0.0040000000000000036,0.0,7.487414624723541e-06,-2.1232787905720515e-05,-2.5803304132973585e-07,0.0014549552931152484,0.4559878965868083
0.04800000000000003,0.0040000000000000036,0.0,6.760382747898116e-06,-2.6660646096761357e-05,-2.140289015265554e-07,0.0013159786918441158,0.46144296512469574
0.05200000000000003,0.0040000000000000036,0.0,4.3350343820152716e-06,-3.127437358231561e-05,-1.4554059199903409e-07,0.0010934428872286723,0.4615420938563215
0.056000000000000036,0.0040000000000000036,0.0,5.327972646017224e-06,-3.482731653763088e-05,-5.865865889364391e-08,0.0008161510246155334,0.4595899744329801
0.06000000000000004,0.0040000000000000036,0.0,1.34161684397008e-05,-3.7171939318278846e-05,4.116337357429015e-08,0.0005075924151067433,0.45744299092734364
0.06400000000000004,0.0040000000000000036,0.0,2.5123225200529594e-05,-3.823310864194396e-05,1.496174632111371e-07,0.00018420904884824181,0.4560573065049892
0.06800000000000005,0.0040000000000000036,0.0,3.9888449109697045e-05,-3.793364853358234e-05,2.641951821747171e-07,0.00016623026000875166,0.4558324806781628
0.07200000000000005,0.0040000000000000036,0.0,5.756736119084654e-05,-3.6236434253584945e-05,3.8264175734254993e-07,0.0005133323133518786,0.4568110900139842
0.07600000000000005,0.0040000000000000036,0.0,7.793685382096182e-05,-3.32029325694277e-05,5.019869516807239e-07,0.0008410048410477275,0.45886866273335786
0.08000000000000006,0.0040000000000000036,0.0,0.0001006917728266634,-2.896393377102145e-05,6.19159519964144e-07,0.001132742189537804,0.4618605108576691
0.08400000000000006,0.0040000000000000036,0.0,0.0001254807895146779,-2.3690181219889127e-05,7.315195948927299e-07,0.0013800864064317379,0.4656430411898101
0.08800000000000006,0.0040000000000000036,0.0,0.0001519403425900744,-1.7568653223988503e-05,8.37132589393748e-07,0.0015802430855323551,0.47007942400995495
0.09200000000000007,0.0040000000000000036,0.0,0.0001797082254092923,-1.0793517862555216e-05,9.345475436434553e-07,0.001730821952963691,0.47504268306083175
0.09600000000000007,0.0040000000000000036,0.0,0.0002084048813417377,-3.5797365256261306e-06,1.0230709498747112e-06,0.0018266254654647057,0.4804237355107633
0.10000000000000007,0.0040000000000000036,0.0,0.0002376694781671311,3.860822097680906e-06,1.1030043267528216e-06,0.0018706179419026778,0.4861191998403591
0.10400000000000008,0.0040000000000000036,0.0,0.00026720612090413434,1.1351208615829988e-05,1.1745895274716374e-06,0.0018736003657583245,0.49202920799004685
0.10800000000000008,0.0040000000000000036,0.0,0.0002968227975520894,1.8777375717349132e-05,1.2381664520204746e-06,0.0018524579020374823,0.49807106493872916
0.11200000000000009,0.0040000000000000036,0.0,0.00032643891463830283,2.6094130169523294e-05,1.2947030880861382e-06,0.0018242552350224617,0.5041683325466534
0.11600000000000009,0.0040000000000000036,0.0,0.00035604556539488286,3.330063210732025e-05,1.3454484663755786e-06,0.0017968152874137896,0.5102489875877724
0.12000000000000009,0.0040000000000000036,0.0,0.0003856544293946328,4.040902774110822e-05,1.3916956689374799e-06,0.0017731212115439873,0.5162514417316209
0.1240000000000001,0.0040000000000000036,0.0,0.00041529069645356736,4.7440482737714894e-05,1.434653038591254e-06,0.0017551983108276548,0.5221273299930793
0.12800000000000009,0.00399999999999999,0.0,0.00044498719245882995,5.4421813863295435e-05,1.475376576714551e-06,0.0017442679485286448,0.5278411237549087
0.1320000000000001,0.0040000000000000036,0.0,0.00047477968817315994,6.138273877942853e-05,1.5147412295732988e-06,0.0017409008516051955,0.5333685755823965
0.1360000000000001,0.0040000000000000036,0.0,0.0005047032791276001,6.835370000006342e-05,1.5534362197532065e-06,0.0017451569861794034,0.5386947449543315
0.1400000000000001,0.0040000000000000036,0.0,0.0005347896866449026,7.536419388437751e-05,1.5919746592273733e-06,0.0017567073726839713,0.543812016191225
0.1440000000000001,0.0040000000000000036,0.0,0.0005650653380965797,8.24415301721703e-05,1.6307110800707318e-06,0.0017749373017333738,0.5487183121006755
0.1480000000000001,0.0040000000000000036,0.0,0.000595550086841242,8.960995139425589e-05,1.6698627712417272e-06,0.0017990322513749375,0.55341558432019
0.1520000000000001,0.0040000000000000036,0.0,0.0006262564521121817,9.689004891401438e-05,1.7095322960289683e-06,0.0018280484718591894,0.5579085930675107
0.1560000000000001,0.0040000000000000036,0.0,0.0006571892771592643,0.00010429842060700586,1.74972954533165e-06,0.0018609703016243969,0.5622039542107934
0.16000000000000011,0.0040000000000000036,0.0,0.0006883457153769445,0.00011184752302755745,1.7903923314339941e-06,0.001896756132449697,0.56630941663327
0.16400000000000012,0.0040000000000000036,0.0,0.0007197154723942261,0.0001195456778967927,1.8314049603685253e-06,0.0019343747160967925,0.5702333291234251
0.16800000000000012,0.0040000000000000036,0.0,0.0007512812395838925,0.0001273971988011682,1.8726145107498243e-06,0.0019728332743741005,0.5739842581158051
0.17200000000000013,0.0040000000000000036,0.0,0.0007830192671852836,0.00013540260919361134,1.913844741721976e-06,0.0020111986686799977,0.5775707223528038
0.17600000000000013,0.0040000000000000036,0.0,0.0008149000351108241,0.0001435589272656582,1.9549076822949066e-06,0.002048612710880872,0.5810010161193998
0.18000000000000013,0.0040000000000000036,0.0,0.0008468889809058231,0.00015185999713055904,1.995613038138772e-06,0.002084302552533661,0.5842830981590649
0.18400000000000014,0.0040000000000000036,0.0,0.0008789472605884907,0.0001602968491260747,2.035775603759609e-06,0.0021175869686454775,0.5874245282545884
0.18800000000000014,0.0040000000000000036,0.0,0.000911032512280995,0.00016885807499082003,2.0752208965849114e-06,0.002147879249847258,0.5904324375884626
0.19200000000000014,0.0040000000000000036,0.0,0.0009430996084533847,0.00017753020624909264,2.113789240718308e-06,0.0021746873284784504,0.5933135223728613
0.19600000000000015,0.0040000000000000036,0.0,0.0009751013777370345,0.0001862980864011261,2.1513385275063014e-06,0.0021976116863108523,0.5960740529288394
0.20000000000000015,0.0040000000000000036,0.0,0.0010069892864966994,0.00019514522949340714,2.187745870318698e-06,0.0022163415221457573,0.598719892493834
0.20400000000000015,0.0040000000000000036,0.0,0.0010387140721953405,0.00020405415936531024,2.2229083562283484e-06,0.002230649594873363,0.6012565216492316
0.20800000000000016,0.0040000000000000036,0.0,0.001070226320240154,0.00021300672535791153,2.2567430779256493e-06,0.002240386100811371,0.6036890654800778
0.21200000000000016,0.0040000000000000036,0.0,0.0011014769843721984,0.00022198439154997183,2.2891866085918115e-06,0.002245471892688394,0.6060223214910168
0.21600000000000016,0.0040000000000000036,0.0,0.0011324178455737576,0.0002309684976745967,2.3201940612453505e-06,0.0022458913010996585,0.6082607869734802
0.22000000000000017,0.0040000000000000036,0.0,0.0011630019112623025,0.00023994049078660467,2.3497378530843447e-06,0.002241684777343522,0.6104086850072487
0.22400000000000017,0.0040000000000000036,0.0,0.0011931837556432465,0.0002488821275127621,2.377806275101353e-06,0.0022329415389777986,0.6124699886265491
0.22800000000000017,0.0040000000000000036,0.0,0.0012229198027166616,0.00025777564734136467,2.4044019495515828e-06,0.0022197923659658405,0.6144484429250613
0.23200000000000018,0.0040000000000000036,0.0,0.0012521685552107527,0.00026660391790958284,2.4295402409057735e-06,0.0022024026656057944,0.6163475850390172
0.23600000000000018,0.0040000000000000036,0.0,0.0012808907737615982,0.0002753505536410771,2.453247671373297e-06,0.0021809658983428988,0.6181707620567527
0.24000000000000019,0.0040000000000000036,0.0,0.0013090496083833021,0.0002840000093858703,2.475560379800372e-06,0.002155697433696596,0.6199211469707594
0.2440000000000002,0.0040000000000000036,0.0,0.001336610688459969,0.0002925376509315794,2.4965226519306464e-06,0.002126828885689173,0.6216017528264317
0.2480000000000002,0.0040000000000000036,0.0,0.0013635421741437484,0.00030094980440100084,2.5161855411045426e-06,0.0020946029600057772,0.6232154452398716
0.25200000000000017,0.003999999999999976,0.0,0.001389814774280138,0.0003092237866357911,2.5346055913218678e-06,0.0020592688304524147,0.6247649534610251
0.25600000000000017,0.0040000000000000036,0.0,0.0014154017346722234,0.00031734791869879954,2.5518436687587483e-06,0.002021078049833788,0.626252880153806
0.2600000000000002,0.0040000000000000036,0.0,0.0014402788014101905,0.000325311524616676,2.5679639035871898e-06,0.001980280989934788,0.6276817100542476
0.2640000000000002,0.0040000000000000036,0.0,0.0014644241633466075,0.0003331049174371692,2.583032740208739e-06,0.0019371237966688778,0.6290538176540718
0.2680000000000002,0.0040000000000000036,0.0,0.0014878183763979006,0.0003407193745987065,2.5971180916469855e-06,0.0018918458394544917,0.6303714740419788
0.2720000000000002,0.0040000000000000036,0.0,0.0015104442748699422,0.0003481471045094079,2.6102885924733016e-06,0.0018446776283330298,0.6316368530203269
0.2760000000000002,0.0040000000000000036,0.0,0.0015322868723129765,0.0003553812061139282,2.6226129430467974e-06,0.0017958391680930172,0.6328520365990018
0.2800000000000002,0.0040000000000000036,0.0,0.001553333253927939,0.0003624156230942969,2.6341593378473268e-06,0.0017455387155761264,0.6340190199557896
0.2840000000000002,0.0040000000000000036,0.0,0.0015735724656285681,0.0003692450942093258,2.644994969865473e-06,0.0016939719042552241,0.6351397159388307
0.2880000000000002,0.0040000000000000036,0.0,0.0015929953993615526,0.00037586510113005883,2.6551856037043765e-06,0.0016413211990270963,0.6362159591762762
0.2920000000000002,0.0040000000000000036,0.0,0.0016115946786939628,0.0003822718149792315,2.664795210051534e-06,0.0015877556437476994,0.6372495098481328
0.2960000000000002,0.0040000000000000036,0.0,0.001629364546049842,0.0003884620426337375,2.6738856546102434e-06,0.0015334308643444598,0.6382420571663736
0.3000000000000002,0.0040000000000000036,0.0,0.0016463007522322841,0.00039443317370297423,2.6825164354241307e-06,0.0014784892911935742,0.6391952226025088
0.3040000000000002,0.0040000000000000036,0.0,0.0016624004504302828,0.00040018312895473776,2.6907444627108356e-06,0.001423060565797847,0.6401105628948863
0.3080000000000002,0.0040000000000000036,0.0,0.001677662095523985,0.0004057103108256984,2.6986238763543394e-06,0.001367262098542391,0.6409895728631841
0.3120000000000002,0.0040000000000000036,0.0,0.001692085348930227,0.0004110135565267094,2.706205896523924e-06,0.0013111997463424961,0.6418336880525952
0.3160000000000002,0.0040000000000000036,0.0,0.001705670989896246,0.00041609209413538006,2.7135387035912674e-06,0.001254968581301849,0.6426442872267623
0.32000000000000023,0.0040000000000000036,0.0,0.0017184208336215347,0.00042094550196013973,2.7206673440078983e-06,0.0011986537239375907,0.6434226947251276
0.32400000000000023,0.0040000000000000036,0.0,0.0017303376562443544,0.0004255736713619669,2.7276336594896924e-06,0.0011423312170982826,0.6441701826981913
0.32800000000000024,0.0040000000000000036,0.0,0.0017414251267371512,0.00042997677313229933,2.7344762370196752e-06,0.0010860689193093955,0.6448879732314966
0.33200000000000024,0.0040000000000000036,0.0,0.0017517026585637363,0.0004341645490219483,2.7412350314272763e-06,0.0010345883091611638,0.6448879732314966
0.33600000000000024,0.0040000000000000036,0.0,0.0017612111911550342,0.0004381597957848536,2.7479497016192088e-06,0.0009858074228762512,0.6455772403678163
0.34000000000000025,0.0040000000000000036,0.0,0.0017699401176031104,0.00044195299405164635,2.7546406015140538e-06,0.0009346107668996607,0.6463073864409046
0.34400000000000025,0.0040000000000000036,0.0,0.001777880123044399,0.00044553524906491094,2.7613275770259477e-06,0.000881431785655098,0.6470004578244237
0.34800000000000025,0.0040000000000000036,0.0,0.0017850275546254571,0.00044890105839026883,2.7680297950446194e-06,0.000827070737702157,0.6476529393812457
0.35200000000000026,0.0040000000000000036,0.0,0.0017913832380207259,0.0004520475383195704,2.7747649206346343e-06,0.0007721201326183957,0.6482694320618636
0.35600000000000026,0.0040000000000000036,0.0,0.0017969511545287806,0.0004549735723384828,2.7815483751096046e-06,0.0007169776489103467,0.6488542655268195
0.36000000000000026,0.0040000000000000036,0.0,0.0018017375100247528,0.0004576792172132366,2.788392959859966e-06,0.0006619078118490712,0.6494107880763331
0.36400000000000027,0.0040000000000000036,0.0,0.001805750121311599,0.0004601653164670777,2.7953087316567946e-06,0.0006070888139872821,0.6499415639245485
0.36800000000000027,0.0040000000000000036,0.0,0.0018089980157094986,0.00046243325208787547,2.802303009358903e-06,0.0005526434129104107,0.6504485999816235
0.3720000000000003,0.0040000000000000036,0.0,0.0018114911686962101,0.00046448478523986855,2.8093804421735386e-06,0.0004986587920532035,0.6509335127038657
0.3760000000000003,0.0040000000000000036,0.0,0.0018132403302936724,0.0004663219539504937,2.8165431053388136e-06,0.0004451992786148897,0.6513976433805321
0.3800000000000003,0.0040000000000000036,0.0,0.0018142569089975688,0.0004679470073135535,2.8237906086245104e-06,0.00039231450466863446,0.6518421369523165
0.3840000000000003,0.0040000000000000036,0.0,0.0018145528924482322,0.0004693623631847018,2.831120211528442e-06,0.0003400446694474522,0.6522679958790352
0.3880000000000003,0.0040000000000000036,0.0,0.001814140792395396,0.000470570581070457,2.8385269435632447e-06,0.0002884239587503712,0.6526761170392105
0.3920000000000003,0.0040000000000000036,0.0,0.0018130336055531403,0.00047157434490518855,2.846003729100481e-06,0.00023748279873163458,0.653067317099864
0.3960000000000003,0.0040000000000000036,0.0,0.0018112447288284516,0.00047237640339783363,2.8533163316568888e-06,0.00018724300704576775,0.6534423500494666
0.4000000000000003,0.0040000000000000036,0.0,0.001808788381880489,0.0004729798528260818,2.860404305370755e-06,0.00013778644488586823,0.6538018344116966
0.4040000000000003,0.0040000000000000036,0.0,0.0018056790265016476,0.00047338777184766496,2.8673661770619265e-06,8.910409012542377e-05,0.6541632530001504
0.4080000000000003,0.0040000000000000036,0.0,0.0018019186703343594,0.00047359351449591627,2.874254971291721e-06,3.634292931636497e-05,0.65497667685475
0.4120000000000003,0.0040000000000000036,0.0,0.0017974965290191386,0.0004735790338197335,2.881075865446089e-06,1.7512448553034736e-05,0.6554035093631263
0.4160000000000003,0.0040000000000000036,0.0,0.0017924513127829276,0.00047336264092118295,2.8878521959811515e-06,6.697688399097741e-05,0.655840664411693
0.4200000000000003,0.0040000000000000036,0.0,0.0017868141673404198,0.00047295761967423226,2.8945922079524386e-06,0.00011342112902752389,0.6562840721558388
0.4240000000000003,0.0040000000000000036,0.0,0.0017806112187453923,0.00047237390038922845,2.901294463063102e-06,0.00015755295368152512,0.6567310016111448
0.4280000000000003,0.0040000000000000036,0.0,0.0017738652932888465,0.0004716191879950976,2.9079512482922786e-06,0.000199868917810291,0.6571796220963596
0.43200000000000033,0.0040000000000000036,0.0,0.0017665970787184126,0.00047069972286896617,2.9145507306462355e-06,0.00024069639179712216,0.6576287079550984
0.43600000000000033,0.0040000000000000036,0.0,0.0017588259083386822,0.00046962079441117586,2.9210783325549493e-06,0.00028024722227524976,0.6580774398994382
0.44000000000000034,0.0040000000000000036,0.0,0.001750570289591077,0.0004683870881811216,2.9275176275868016e-06,0.0003186549298826853,0.6585252714478402
0.44400000000000034,0.0040000000000000036,0.0,0.0017418482589900224,0.0004670029208878129,2.933850944663676e-06,0.0003559999395335635,0.6589718391802057
0.44800000000000034,0.0040000000000000036,0.0,0.0017326776202065723,0.00046547239966565553,2.9400597965966473e-06,0.000392326662862609,0.6594169024661828
0.45200000000000035,0.0040000000000000036,0.0,0.0017230761012449055,0.0004637995300603249,2.9461252043525597e-06,0.0004276550936832873,0.6598603030058711
0.45600000000000035,0.0040000000000000036,0.0,0.001713061456905237,0.0004619882890968692,2.95202795916862e-06,0.0004619887185208279,0.6603019376813744
0.46000000000000035,0.0040000000000000036,0.0,0.0017026515333657306,0.0004600426744107044,2.9577488473400345e-06,0.0004953199527485293,0.6607417403468211
0.46400000000000036,0.0040000000000000036,0.0,0.0016918643056437355,0.0004579667368182494,2.963268851573325e-06,0.000527633912548991,0.661179669618102
0.46800000000000036,0.0040000000000000036,0.0,0.0016807257995175872,0.00045577194403466934,2.9685787577785755e-06,0.0005552398215930986,0.661179669618102
0.47200000000000036,0.0040000000000000036,0.0,0.0016692693155395723,0.00045347879023960357,2.973684533356476e-06,0.0005802662490921214,0.6616157006881673
0.47600000000000037,0.0040000000000000036,0.0,0.0016574970628366074,0.00045108090598416266,2.978559999863706e-06,0.0006069040068816601,0.6620556781751268
0.48000000000000037,0.0040000000000000036,0.0,0.0016454125872641533,0.000448572794930916,2.9831805298494564e-06,0.0006346577172106952,0.662492457053957
0.4840000000000004,0.0040000000000000036,0.0,0.0016330249820905504,0.00044595256437983177,2.987525300870896e-06,0.0006626833643120449,0.6629263382656201
0.4880000000000004,0.0040000000000000036,0.0,0.0016203475170854344,0.0004432210316218459,2.9915765914087863e-06,0.0006903715384171672,0.6633576475717925
0.4920000000000004,0.0040000000000000036,0.0,0.0016073961973055407,0.00044038079617844607,2.9953191924506555e-06,0.0007173240647241367,0.6637866085436468
0.4960000000000004,0.0040000000000000036,0.0,0.0015941887644331397,0.0004374356037291039,2.9987400368554048e-06,0.0007432849871607434,0.6642133708184612
0.5000000000000003,0.003999999999999948,0.0,0.0015807440436676023,0.0004343899360087198,3.001827977287067e-06,0.0007680898374651628,0.6646380351005058
0.5040000000000003,0.0040000000000000036,0.0,0.0015670815181414884,0.0004312487480840298,3.0045736531880113e-06,0.0007916328542768946,0.6650606701987544
0.5080000000000003,0.0040000000000000036,0.0,0.0015532210473024532,0.000428017298667774,3.0069694096839245e-06,0.000813846324802233,0.6654813241611183
0.5120000000000003,0.0040000000000000036,0.0,0.0015391826767085014,0.00042470103882844354,3.0090092471739396e-06,0.0008346876155760057,0.665900031494296
0.5160000000000003,0.0040000000000000036,0.0,0.0015249865061328625,0.00042130553741157864,3.010688788938091e-06,0.0008541310093550212,0.6663168178494725
0.5200000000000004,0.0040000000000000036,0.0,0.0015106525945454852,0.0004178364296714149,3.012005259163443e-06,0.0008721625328456673,0.6667317030714457
0.5240000000000004,0.0040000000000000036,0.0,0.0014962008896154913,0.0004142993807238315,3.0129574663075884e-06,0.0008887766424395591,0.6671447031874201
0.5280000000000004,0.0040000000000000036,0.0,0.0014816511733718762,0.0004107000586112011,3.0135457879826613e-06,0.0009039740638961006,0.6675558317060797
0.5320000000000004,0.0040000000000000036,0.0,0.0014670230179771062,0.00040704411374108644,3.0137721548708518e-06,0.0009177603497709924,0.6679651004666055
0.5360000000000004,0.0040000000000000036,0.0,0.0014523357508075632,0.0004033371626792282,3.0136400315230664e-06,0.0009301448851724162,0.6683725201934166
0.5400000000000004,0.0040000000000000036,0.0,0.0014376084232289488,0.0003995847750280913,3.0131543927235723e-06,0.0009411401759531373,0.6687781008583047
0.5440000000000004,0.0040000000000000036,0.0,0.001422859785608576,0.00039579246258340177,3.012321694320624e-06,0.000950761317522007,0.6691818519165014
0.5480000000000004,0.0040000000000000036,0.0,0.0014081099689557204,0.00039196908575580934,3.011145690396975e-06,0.0009573179690295924,0.6691818519165014
0.5520000000000004,0.0040000000000000036,0.0,0.0013933759638169228,0.00038812380503120845,3.009630765654049e-06,0.0009636619452593043,0.6699839013188124
0.5560000000000004,0.0040000000000000036,0.0,0.0013786667859078223,0.0003842492179404412,3.0078023035988127e-06,0.0009706669467982716,0.6703874840002569
0.5600000000000004,0.0040000000000000036,0.0,0.0013640002629663065,0.0003803508217888144,3.0056707615168472e-06,0.0009761455166080698,0.6707829122182736
0.5640000000000004,0.0040000000000000036,0.0,0.0013493962094518947,0.00037643558594484337,3.0032483687362936e-06,0.000979917913918261,0.6711768176525702
0.5680000000000004,0.0040000000000000036,0.0,0.001334873318434838,0.000372509908350676,3.0005486823945442e-06,0.000982133527282636,0.6715692135357082
0.5720000000000004,0.0040000000000000036,0.0,0.0013204491111048963,0.0003685795921769367,2.9975864786106216e-06,0.000982929763816551,0.6719600228702681
0.5760000000000004,0.0040000000000000036,0.0,0.0013061401717581764,0.0003646500043247983,2.994377676447507e-06,0.0009824066537783924,0.6723491932938692
0.5800000000000004,0.0040000000000000036,0.0,0.001291962328711099,0.00036072619657851173,2.990939247070855e-06,0.0009806371571730891,0.6727366919335709
0.5840000000000004,0.0040000000000000036,0.0,0.0012779307686086952,0.00035681298305749166,2.987289108701371e-06,0.000977677105369025,0.6731224993039309
0.5880000000000004,0.0040000000000000036,0.0,0.0012640601064260975,0.0003529149879161873,2.983446014703074e-06,0.0009735718113742168,0.6735066049441402
0.5920000000000004,0.0040000000000000036,0.0,0.0012503627620781698,0.0003490375168174013,2.9794205280759655e-06,0.0009679391163397341,0.6735066049441402
0.5960000000000004,0.0040000000000000036,0.0,0.001236847229001636,0.00034518534552439997,2.9752196270750146e-06,0.0009616894039888176,0.6742696973300875
0.6000000000000004,0.0040000000000000036,0.0,0.0012235302163667245,0.00034135915110682693,2.9708942698815026e-06,0.0009549337311033895,0.6746536381148879
0.6040000000000004,0.0040000000000000036,0.0,0.0012104245184153726,0.0003375630891895385,2.9664642315779783e-06,0.0009470773610323502,0.6750299040135356
0.6080000000000004,0.0040000000000000036,0.0,0.0011975464487658132,0.0003338021401527129,2.961958028028103e-06,0.0009379332545797849,0.6757781072951525
0.6120000000000004,0.0040000000000000036,0.0,0.0011849183934635576,0.0003300821892240375,2.957418510302958e-06,0.0009272805595836801,0.676145162197136
0.6160000000000004,0.0040000000000000036,0.0,0.0011725539014576156,0.00032640888693564503,2.9528569353621166e-06,0.0009152879235673196,0.6765117356678872
0.6200000000000004,0.0040000000000000036,0.0,0.001160464733554089,0.00032278690386654024,2.9482872443266867e-06,0.0009021765830776954,0.676877452250127
0.6240000000000004,0.0040000000000000036,0.0,0.0011486613420889488,0.0003192202463955205,2.9437253377319883e-06,0.0008880974561991395,0.6772420597857378
0.6280000000000004,0.0040000000000000036,0.0,0.0011371531775012799,0.0003157124578624982,2.939188473700344e-06,0.000873156668049788,0.6776053899247706
0.6320000000000005,0.0040000000000000036,0.0,0.0011259488834259562,0.0003122667466674224,2.934694770587334e-06,0.0008574318211023072,0.6779673311471133
0.6360000000000005,0.0040000000000000036,0.0,0.0011150564226402742,0.00030888606783057104,2.930262797020383e-06,0.0008409823571827977,0.6783278103940088
0.6400000000000005,0.0040000000000000036,0.0,0.0011044831568652966,0.00030557317492354473,2.925911234048332e-06,0.000823856154462965,0.6786867805959974
0.6440000000000005,0.0040000000000000036,0.0,0.0010942358984234273,0.0003023306531329432,2.9216585968969758e-06,0.0008060937291152517,0.6790442122234829
0.6480000000000005,0.0040000000000000036,0.0,0.0010843209439867338,0.00029916094029673384,2.917523005483374e-06,0.0007877309149851243,0.6794000875729306
0.6520000000000005,0.0040000000000000036,0.0,0.0010747440962179406,0.0002960663402567009,2.9135219952331886e-06,0.0007688005769136975,0.6797543969086477
0.6560000000000005,0.0040000000000000036,0.0,0.0010655106784977207,0.00029304903128472034,2.9096723610284843e-06,0.000749333710398351,0.680107135860543
0.6600000000000005,0.0040000000000000036,0.0,0.0010566255450121926,0.0002901110713358391,2.905990028851456e-06,0.0007293601509477407,0.6804583036705345
0.6640000000000005,0.0040000000000000036,0.0,0.0010480930876145876,0.00028725440124587076,2.902489950214605e-06,0.0007089090342756951,0.6808079020115826
0.6680000000000005,0.0040000000000000036,0.0,0.0010399172407837094,0.00028448084659029595,2.899186016119872e-06,0.0006880090963746618,0.6811559341926571
0.6720000000000005,0.0040000000000000036,0.0,0.0010321014863189089,0.00028179211866867726,2.896090987454526e-06,0.0006666888695468286,0.6815024046236028
0.6760000000000005,0.0040000000000000036,0.0,0.0010246431655172872,0.0002791867940008986,2.893213019808348e-06,0.000646487360560995,0.6815024046236028
0.6800000000000005,0.0040000000000000036,0.0,0.0010175303944084592,0.00027665890684115864,2.8905532115369864e-06,0.0006268501672346311,0.6818473184548933
0.6840000000000005,0.0040000000000000036,0.0,0.0010107700146971287,0.000274212597824189,2.888123731315117e-06,0.0006061648368051918,0.682195076106637
0.6880000000000005,0.0040000000000000036,0.0,0.0010043684346520217,0.0002718518706537324,2.885935623040745e-06,0.0005845428420938398,0.6825403593971889
0.6920000000000005,0.0040000000000000036,0.0,0.0009983303624375123,0.00026957980651210736,2.883997559253235e-06,0.0005622051288741298,0.6828834102972915
0.6960000000000005,0.0040000000000000036,0.0,0.0009926590619063656,0.0002673987309057312,2.8823161399097207e-06,0.0005393258137151004,0.6832244582977154
0.7000000000000005,0.0040000000000000036,0.0,0.000987356673527917,0.0002653104185844785,2.8808961647062377e-06,0.0005160317115471296,0.6835636609793956
0.7040000000000005,0.0040000000000000036,0.0,0.0009824244490235301,0.0002633162411726489,2.8797408277831376e-06,0.0004924163181128401,0.6839011262155079
0.7080000000000005,0.0040000000000000036,0.0,0.0009778629109018237,0.0002614172658288408,2.878851857820866e-06,0.0004685509471880033,0.6842369284549182
0.7120000000000005,0.0040000000000000036,0.0,0.0009736719601667012,0.00025961432035577134,2.8782296236988185e-06,0.000444492271390954,0.6845711197728069
0.7160000000000005,0.0040000000000000036,0.0,0.000969850950682172,0.0002579080362408648,2.8778732186718145e-06,0.0004202872695278676,0.684903737282825
0.7200000000000005,0.0040000000000000036,0.0,0.0009663987404402608,0.0002562988773164262,2.877780530816461e-06,0.00039597644796267214,0.6852348080872651
0.7240000000000005,0.0040000000000000036,0.0,0.000963313729206158,0.00025478715907617343,2.8779483046388546e-06,0.0003715959331418874,0.6855643525801106
0.7280000000000005,0.0040000000000000036,0.0,0.0009605938851894889,0.00025337306192838916,2.878372197064318e-06,0.00034717882935435696,0.6858923866523877
0.7320000000000005,0.0040000000000000036,0.0,0.0009582367671756092,0.0002520566405174878,2.8790468299785452e-06,0.0003227560991007058,0.6862189231663086
0.7360000000000005,0.0040000000000000036,0.0,0.000956239541573085,0.00025083783049811967,2.8799658410177674e-06,0.00029835713354321134,0.6865439729419378
0.7400000000000005,0.0040000000000000036,0.0,0.0009545989973600846,0.0002497164536603047,2.8811219337339952e-06,0.00027401012178726163,0.6868675454184487
0.7440000000000005,0.0040000000000000036,0.0,0.0009533177754460741,0.00024869652010300994,2.8825024657186574e-06,0.0002475931694416984,0.6875102918432104
0.7480000000000006,0.0040000000000000036,0.0,0.0009524054503885714,0.00024778721506465767,2.8840876422472005e-06,0.00022041530574438625,0.6878254230246515
0.7520000000000006,0.0040000000000000036,0.0,0.0009518480599633804,0.00024698191211850005,2.885871644178881e-06,0.00019475149032223632,0.688140015647067
0.7560000000000006,0.0040000000000000036,0.0,0.0009516344585251509,0.0002462759138440652,2.887846983326035e-06,0.00017016708891088903,0.688453784692115
0.7600000000000006,0.0040000000000000036,0.0,0.0009517553361960946,0.00024566580536773127,2.890004708550271e-06,0.0001463738106915387,0.6887665400082489
0.7640000000000006,0.0040000000000000036,0.0,0.0009522025507535055,0.00024514901529783007,2.8923346174018616e-06,0.00012318275871495165,0.6890781554316036
0.7680000000000006,0.0040000000000000036,0.0,0.0009529686734355851,0.0002447235176358305,2.8948254552525873e-06,0.00010047253599786128,0.6893885479375581
0.7720000000000006,0.0040000000000000036,0.0,0.0009540466813459593,0.0002443876294173786,2.897465095455016e-06,7.816762151600569e-05,0.6896976635772402
0.7760000000000006,0.0040000000000000036,0.0,0.0009554297492943778,0.00024413987333248347,2.90024069965558e-06,5.6223798918465245e-05,0.690005467996703
0.7800000000000006,0.0040000000000000036,0.0,0.0009571111099153759,0.00024397888446698102,2.9031388600702603e-06,3.461879978612248e-05,0.6903119400477566
0.7840000000000006,0.0040000000000000036,0.0,0.0009590839606333098,0.00024390334703993223,2.90614572646442e-06,1.3352105667284893e-05,0.6906170674827619
0.7880000000000006,0.0040000000000000036,0.0,0.0009613414023782787,0.00024391195158199853,2.9092471204339696e-06,7.661383812779085e-06,0.6909208440532699
0.7920000000000006,0.0040000000000000036,0.0,0.0009638764002551739,0.00024400336609543493,2.912428639537015e-06,2.8249453497665225e-05,0.6912232675540255
0.7960000000000006,0.0040000000000000036,0.0,0.0009666817600992499,0.00024417621682887997,2.9156757531874487e-06,4.8514764088499696e-05,0.6915243385034828
0.8000000000000006,0.0040000000000000036,0.0,0.0009697501152707967,0.00024442907571209924,2.918973891650736e-06,6.842167782679426e-05,0.6918240592529242
0.8040000000000006,0.0040000000000000036,0.0,0.0009730739211423589,0.00024476045244715066,2.9223085294704466e-06,8.79524714741687e-05,0.6921224333842749
0.8080000000000006,0.0040000000000000036,0.0,0.0009766454550637722,0.0002451687898925702,2.925665263881499e-06,0.00010708978200753291,0.6924194653024894
0.8120000000000006,0.0040000000000000036,0.0,0.0009804568199393324,0.00024565246180753027,2.9290298887268265e-06,0.00012581609367049224,0.6927151599591781
0.8160000000000006,0.0040000000000000036,0.0,0.0009844999508134796,0.0002462097723121287,2.932388464299006e-06,0.00014411393858805284,0.6930095226648658
0.8200000000000006,0.0040000000000000036,0.0,0.00098876662374594,0.00024683895661438383,2.935727383155383e-06,0.00016196613514624325,0.6933025589611952
0.8240000000000006,0.0040000000000000036,0.0,0.0009932484655948907,0.0002475381826853744,2.9390334318656117e-06,0.00017935598871337527,0.6935942745337486
0.8280000000000006,0.0040000000000000036,0.0,0.0009979369657037497,0.0002483055536523482,2.9422938489049343e-06,0.00019626745073210883,0.6938846751524672
0.8320000000000006,0.0040000000000000036,0.0,0.0010028234876789388,0.00024913911073961144,2.945496378466607e-06,0.00021268524268313482,0.6941737666308604
0.8360000000000006,0.0040000000000000036,0.0,0.0010078992823768628,0.00025003683662810987,2.9486293201519125e-06,0.00022859495175674513,0.694461554798072
0.8400000000000006,0.0040000000000000036,0.0,0.0010131555012040082,0.0002509966591331123,2.9516815746984874e-06,0.0002439831037375386,0.6947480454797608
0.8440000000000006,0.0040000000000000036,0.0,0.0010185832089807487,0.00025201645511959244,2.9546426852630255e-06,0.00025883721728896963,0.6950332444850689
0.8480000000000006,0.0040000000000000036,0.0,0.0010241733982583234,0.00025309405458953205,2.957502874507844e-06,0.00027314584281459505,0.6953171575978041
0.8520000000000006,0.0040000000000000036,0.0,0.0010299170021590624,0.0002542272448863039,2.960253077356044e-06,0.0002868985883363721,0.695599790570564
0.8560000000000006,0.0040000000000000036,0.0,0.0010358049087315305,0.0002554137749698144,2.9628849693487815e-06,0.0003000861343441379,0.6958811491209235
0.8600000000000007,0.0040000000000000036,0.0,0.0010418279739315868,0.0002566513597229035,2.9653909905947422e-06,0.00031270023920386647,0.6961612389290814
0.8640000000000007,0.0040000000000000036,0.0,0.0010479770348205497,0.0002579376842552229,2.967764365419684e-06,0.0003247337364806457,0.6964400656365394
0.8680000000000007,0.0040000000000000036,0.0,0.001054242923138167,0.00025927040817571445,2.9699991175599117e-06,0.000336180525348841,0.6967176348455179
0.8720000000000007,0.0040000000000000036,0.0,0.0010606164774172703,0.0002606471698091441,2.972090081078436e-06,0.00034703555513481733,0.696993952118908
0.8760000000000007,0.0040000000000000036,0.0,0.0010670885558549312,0.0002620655903359904,2.974032907056003e-06,0.0003572948049224118,0.6972690229805979
0.8800000000000007,0.0040000000000000036,0.0,0.001073650048540706,0.0002635232778385048,2.9758240660692723e-06,0.00036695525907982636,0.6975428529160722
0.8840000000000007,0.0040000000000000036,0.0,0.0010802918887432528,0.0002650178312389066,2.977460846521497e-06,0.0003760148794682638,0.69781544737321
0.8880000000000007,0.0040000000000000036,0.0,0.0010870050644084634,0.0002665468441185473,2.978941349097768e-06,0.0003844725750381588,0.6980868117632147
0.8920000000000007,0.0040000000000000036,0.0,0.0010937806294496805,0.0002681079084094767,2.980264477395885e-06,0.0003923281694383976,0.6983569514616381
0.8960000000000007,0.0040000000000000036,0.0,0.0011006097138309566,0.0002696986179521685,2.9814299247173696e-06,0.0003995823672064449,0.6986258718094691
0.9000000000000007,0.0040000000000000036,0.0,0.0011074835338049241,0.00027131657191523025,2.9824381574297695e-06,0.00040623671903993125,0.6988935781142573
0.9040000000000007,0.0040000000000000036,0.0,0.001114393401911618,0.00027295937807473675,2.983290394938821e-06,0.0004122935865862798,0.699160075651258
0.9080000000000007,0.0040000000000000036,0.0,0.0011213307356751187,0.0002746246559524217,2.9839885864138425e-06,0.00041775610713580227,0.6994253696645791
0.9120000000000007,0.0040000000000000036,0.0,0.0011282870670419505,0.000276310039813316,2.9845353845292757e-06,0.00042262815854218923,0.6996894653683274
0.9160000000000007,0.0040000000000000036,0.0,0.0011352540503038753,0.00027801318152455203,2.9849341164354762e-06,0.00042691432463931215,0.69995236794774
0.9200000000000007,0.0040000000000000036,0.0,0.0011422234706378418,0.00027973175327799756,2.985188752079636e-06,0.0004306198613775824,0.7002140825602979
0.9240000000000007,0.0040000000000000036,0.0,0.0011491872511414359,0.00028146345018011934,2.98530387016834e-06,0.0004337506638557574,0.7004746143368122
0.9280000000000007,0.0040000000000000036,0.0,0.001156137460572343,0.0002832059927130693,2.9852846218992894e-06,0.00043631323438042595,0.7007339683824921
0.9320000000000007,0.0040000000000000036,0.0,0.0011630663199833455,0.00028495712907137004,2.9851366928653387e-06,0.0004383146516429245,0.7009921497779773
0.9360000000000007,0.0040000000000000036,0.0,0.001169966209189278,0.0002867146373788819,2.984866263140245e-06,0.0004397625410836718,0.7012491635803411
0.9400000000000007,0.0040000000000000036,0.0,0.001176829672827824,0.00028847632779085747,2.9844799659132176e-06,0.0004406650464610716,0.7015050148240669
0.9440000000000007,0.0040000000000000036,0.0,0.0011836494263512908,0.00029024004448593673,2.9839848448951573e-06,0.00044103080263614686,0.7017597085219891
0.9480000000000007,0.0040000000000000036,0.0,0.0011904183610597391,0.0002920036675528788,2.9833883107302473e-06,0.0004408689095503695,0.7020132496662025
0.9520000000000007,0.0040000000000000036,0.0,0.0011971295495526596,0.0002937651147766867,2.9826980965372274e-06,0.0004401889073577684,0.7022656432289369
0.9560000000000007,0.0040000000000000036,0.0,0.0012037762503328165,0.0002955223433285941,2.9819222129550414e-06,0.00043900075266012736,0.7025168941634075
0.9600000000000007,0.0040000000000000036,0.0,0.0012103519119116574,0.00029727335136411844,2.981068902841058e-06,0.00043731479577794816,0.7027670074046205
0.9640000000000007,0.0040000000000000036,0.0,0.0012168501775711028,0.0002990161795331106,2.980146595871279e-06,0.0004351417589843532,0.7030159878701596
0.9680000000000007,0.0040000000000000036,0.0,0.0012232648885294039,0.00030074891240540913,2.9791638632746683e-06,0.0004324927156208475,0.7032638404609287
0.9720000000000008,0.0040000000000000036,0.0,0.001229590087957821,0.0003024696798153803,2.9781293728257243e-06,0.00042937907001417265,0.7035105700618669
0.9760000000000008,0.0040000000000000036,0.0,0.0012358200237011267,0.000304176658128288,2.9770518444614327e-06,0.00042581253810584636,0.7037561815426314
0.9800000000000008,0.0040000000000000036,0.0,0.0012419491517534692,0.00030586807143109833,2.9759400065725555e-06,0.00042180512871369945,0.7040006797582474
0.9840000000000008,0.0040000000000000036,0.0,0.0012479721384554023,0.0003075421926500019,2.9748025532391925e-06,0.00041736912534347535,0.7042440695497197
0.9880000000000008,0.0040000000000000036,0.0,0.0012538838630862259,0.00030919734459661084,2.973648102576399e-06,0.00041251706846959354,0.7044863557446165
0.9920000000000008,0.0040000000000000036,0.0,0.001259680976374488,0.0003108321819546231,2.97248190902904e-06,0.0004074022433989776,0.7044863557446165
0.9960000000000008,0.0040000000000000036,0.0,0.0012653636056776504,0.0003124461220009884,2.9713041347330187e-06,0.00040210366127452603,0.704727543157615
1.0000000000000007,0.0039999999999998925,0.0,0.001270927637563739,0.0003140380313396189,2.9701259166753526e-06,0.00039651930013824305,0.7049707101804317
1.0040000000000007,0.0040000000000000036,0.0,0.0012763689812309326,0.00031560671599303343,2.968957859541276e-06,0.0003906270581908081,0.7052121431324936
1.0080000000000007,0.0040000000000000036,0.0,0.001281681571679231,0.00031715024655343304,2.9678123707130365e-06,0.0003840929757184863,0.705690469909302
1.0120000000000007,0.0040000000000000036,0.0,0.0012868558072503193,0.00031866552786485695,2.9667052383670148e-06,0.00037694529786607,0.7059245871829293
1.0160000000000007,0.0040000000000000036,0.0,0.001291888202923255,0.00032015131562873714,2.965641248214031e-06,0.0003694904419074316,0.7061581566685432
1.0200000000000007,0.0040000000000000036,0.0,0.0012967754913967024,0.00032160642065438876,2.964625438396025e-06,0.0003617413787404222,0.7063910177829563
1.0240000000000007,0.0040000000000000036,0.0,0.0013015146093096257,0.0003230296996826806,2.963662936392879e-06,0.00035370933910938295,0.7066230614368056
1.0280000000000007,0.0040000000000000036,0.0,0.0013061026934738902,0.0003244200530812185,2.962758826013508e-06,0.0003454052474380037,0.7068542143428818
1.0320000000000007,0.0040000000000000036,0.0,0.0013105370818672485,0.00032577642578408047,2.9619180399874315e-06,0.0003368403779115436,0.707084427949339
1.0360000000000007,0.0040000000000000036,0.0,0.0013148153164979017,0.0003270978095181953,2.9611452739411283e-06,0.0003280265950744069,0.7073136707055271
1.0400000000000007,0.0040000000000000036,0.0,0.001318935146769557,0.00032838324531035164,2.960444918188315e-06,0.00031897638444457953,0.7075419226958782
1.0440000000000007,0.0040000000000000036,0.0,0.0013228945316784144,0.0003296318257986829,2.959821004079247e-06,0.0003097027866896417,0.7077691719384807
1.0480000000000007,0.0040000000000000036,0.0,0.0013266916416394055,0.0003308426971576687,2.959277162622263e-06,0.0003002192958320775,0.7079954118440717
1.0520000000000007,0.0040000000000000036,0.0,0.0013303248597152505,0.0003320150605916099,2.958816593139633e-06,0.0002905397519008903,0.7082206394785263
1.0560000000000007,0.0040000000000000036,0.0,0.0013337927814416394,0.0003331481734201386,2.958442040286172e-06,0.00028067824189087384,0.7084448543786802
1.0600000000000007,0.0040000000000000036,0.0,0.0013370942145304603,0.0003342413498064456,2.9581557781945455e-06,0.0002706490141060579,0.7086680577475005
1.0640000000000007,0.0040000000000000036,0.0,0.0013402281773835158,0.0003352939611849701,2.957959600543176e-06,0.0002604664065836805,0.7088902519083745
1.0680000000000007,0.0040000000000000036,0.0,0.001343193897598101,0.00033630543644148453,2.9578548156978008e-06,0.00025014478830564775,0.70911143993582
1.0720000000000007,0.0040000000000000036,0.0,0.001345990809806191,0.00033727526189097917,2.9578422463139926e-06,0.00023969851122001873,0.709331625406017
1.0760000000000007,0.0040000000000000036,0.0,0.0013486213249164069,0.00033820460389841027,2.957922687230191e-06,0.0002299532654935698,0.709331625406017
1.0800000000000007,0.0040000000000000036,0.0,0.001351092068794223,0.00033909696281118825,2.958096890544043e-06,0.00022056943226750662,0.7095508122285098
1.0840000000000007,0.0040000000000000036,0.0,0.001353400289745208,0.0003399502901972384,2.958363865009994e-06,0.00021066717767823193,0.7097718123034173
1.0880000000000007,0.0040000000000000036,0.0,0.0013555434903890808,0.0003407626429338495,2.958722405181004e-06,0.0002003198452001068,0.7099912373874462
1.0920000000000007,0.0040000000000000036,0.0,0.0013575201791454494,0.0003415326563949967,2.959170900413375e-06,0.00018966494224777195,0.7102092378473037
1.0960000000000008,0.0040000000000000036,0.0,0.0013593296891386529,0.00034225942650050985,2.959707345835086e-06,0.00017880772495256693,0.7104259550268444
1.1000000000000008,0.0040000000000000036,0.0,0.0013609690386357542,0.00034294049933686067,2.9603279095301738e-06,0.00016688502029521454,0.7108559042883572
1.1040000000000008,0.0040000000000000036,0.0,0.0013624320314997384,0.0003435712949387055,2.9610264419789687e-06,0.00015448775033557346,0.711066504215123
1.1080000000000008,0.0040000000000000036,0.0,0.0013637235346455623,0.00034415419215545897,2.9618011938214358e-06,0.00014263141270208187,0.7112766783244584
1.1120000000000008,0.0040000000000000036,0.0,0.0013648473861167896,0.00034469084320466265,2.9626497383029515e-06,0.00013115243704668437,0.711486262832247
1.1160000000000008,0.0040000000000000036,0.0,0.0013658067668632682,0.00034518241932130427,2.9635690990679805e-06,0.00011994290306502123,0.711695145457233
1.1200000000000008,0.0040000000000000036,0.0,0.001366604453553042,0.00034562977811063264,2.964555839234016e-06,0.0001089327882229815,0.7119032501626068
1.1240000000000008,0.0040000000000000036,0.0,0.001367242991069361,0.0003460335773773937,2.96560612845301e-06,9.807783903690227e-05,0.7121105261858067
1.1280000000000008,0.0040000000000000036,0.0,0.001367724809491187,0.0003463943524426536,2.966715798202698e-06,8.735130086874905e-05,0.7123169402590751
1.1320000000000008,0.0040000000000000036,0.0,0.0013680523025592021,0.00034671256859163964,2.9678803896898388e-06,7.673828703478432e-05,0.7125224711508544
1.1360000000000008,0.0040000000000000036,0.0,0.00136822788052633,0.00034698865659944816,2.9690951977575743e-06,6.623194864985805e-05,0.7127271058676058
1.1400000000000008,0.0040000000000000036,0.0,0.001368254005048345,0.0003472230367450347,2.97035531187629e-06,5.5830870979336436e-05,0.7129308370286837
1.1440000000000008,0.0040000000000000036,0.0,0.0013681332119865526,0.0003474161349892682,2.971655655250798e-06,4.553730581883184e-05,0.7131336610619643
1.1480000000000008,0.0040000000000000036,0.0,0.0013678681251855682,0.0003475683938099485,2.972991021991061e-06,3.535598042276511e-05,0.7133355769692787
1.1520000000000008,0.0040000000000000036,0.0,0.0013674614656378806,0.00034768027938227773,2.9743561126999756e-06,2.5293335360470832e-05,0.7135365854849842
1.1560000000000008,0.0040000000000000036,0.0,0.0013669160551533126,0.0003477522862475012,2.9757455686702337e-06,1.535727730493251e-05,0.7137366885043916
1.1600000000000008,0.0040000000000000036,0.0,0.0013662348186715555,0.0003477849402430229,2.977154004387011e-06,5.56049313193177e-06,0.7139358886966178
1.1640000000000008,0.0040000000000000036,0.0,0.001365420783261156,0.0003477788002177517,2.9785760387900097e-06,4.128231289965045e-06,0.7141341892430506
1.1680000000000008,0.0040000000000000036,0.0,0.001364477076715152,0.00034773445888819116,2.980006324707527e-06,1.362915842153648e-05,0.7143315936610728
1.1720000000000008,0.0040000000000000036,0.0,0.0013634069245911555,0.00034765254307756127,2.9814395771533924e-06,2.2979897057953613e-05,0.7145281056855144
1.1760000000000008,0.0040000000000000036,0.0,0.00136221364640898,0.0003475337135041464,2.982870599970413e-06,3.216430774361098e-05,0.714723729189086
1.1800000000000008,0.0040000000000000036,0.0,0.0013609006518836727,0.00034737866423400734,2.9842943109215903e-06,4.117335484455815e-05,0.7149184681290846
1.1840000000000008,0.0040000000000000036,0.0,0.0013594714361173659,0.00034718812187893355,2.9857057654845123e-06,4.999876612939798e-05,0.7151123265117533
1.1880000000000008,0.0040000000000000036,0.0,0.0013579295745444317,0.00034696284459750817,2.9871001789498083e-06,5.86326519296514e-05,0.7153053083684903
1.1920000000000008,0.0040000000000000036,0.0,0.0013562787180208674,0.0003467036209417148,2.988472947077994e-06,6.706745940331827e-05,0.7154974177399825
1.1960000000000008,0.0040000000000000036,0.0,0.001354522587469325,0.0003464112685810713,2.989819665324665e-06,7.529597777928141e-05,0.7156886586656463
1.2000000000000008,0.0040000000000000036,0.0,0.001352664968224332,0.00034608663292915674,2.9911361464013887e-06,8.33113527921165e-05,0.7158790351765891
1.2040000000000008,0.0040000000000000036,0.0,0.0013507097044702322,0.0003457305856924911,2.9924184363925946e-06,9.110710132466525e-05,0.7160685512909248
1.2080000000000009,0.0040000000000000036,0.0,0.0013486606939223321,0.00034534402335826344,2.9936628292876875e-06,9.867712401966288e-05,0.7162572110106428
1.2120000000000009,0.0040000000000000036,0.0,0.0013465236421645837,0.00034492945358701246,2.9948672185118635e-06,0.00010522178477368995,0.7162572110106428
1.2160000000000009,0.0040000000000000036,0.0,0.0013443059467861283,0.00034449134807720795,2.996031939327512e-06,0.00011119671187350337,0.71644501831951
1.2200000000000009,0.0040000000000000036,0.0,0.0013420081411693071,0.0003440283841175478,2.997152923809608e-06,0.0001175073018358007,0.7166343841551733
1.2240000000000009,0.0040000000000000036,0.0,0.0013396310308565046,0.00034353941409721454,2.9982264286581316e-06,0.00012404987765901045,0.7168224084099046
1.2280000000000009,0.0040000000000000036,0.0,0.001337174970375373,0.00034302251595776654,2.9992484796799047e-06,0.00013141521876050934,0.717194930327411
1.2320000000000009,0.0040000000000000036,0.0,0.0013346401006703108,0.00034247469064624056,3.00021422786647e-06,0.00013891306534201804,0.7173772516526036
1.2360000000000009,0.0040000000000000036,0.0,0.0013320340348393336,0.000341899229101365,3.001122670809324e-06,0.00014564260306446878,0.7175591423572195
1.2400000000000009,0.0040000000000000036,0.0,0.0013293632465435621,0.0003412986862582365,3.0019728724973948e-06,0.0001517697772278449,0.7177404833368486
1.2440000000000009,0.0040000000000000036,0.0,0.0013266334376644637,0.0003406751246901739,3.0027640509765427e-06,0.00015740561828765943,0.7179211923906496
1.2480000000000009,0.0040000000000000036,0.0,0.0013238497828611077,0.00034003027733443055,3.0034956288139376e-06,0.00016262449144212844,0.7181012136025567
1.252000000000001,0.0040000000000000036,0.0,0.0013210170940096435,0.000339365656028706,3.0041672619444147e-06,0.00016747631402720466,0.7182805095568202
1.256000000000001,0.0040000000000000036,0.0,0.0013181399285938495,0.0003386826238079317,3.0047788557084796e-06,0.00017199472368021227,0.7184590557376609
1.260000000000001,0.0040000000000000036,0.0,0.0013152226618609617,0.0003379824429930655,3.0053305731266247e-06,0.0001762025334273817,0.7186368365563882
1.264000000000001,0.0040000000000000036,0.0,0.0013122695342915683,0.00033726630712293203,3.0058228380085895e-06,0.00018011537202447896,0.7188138425632724
1.268000000000001,0.0040000000000000036,0.0,0.0013092846826203107,0.0003365353621079681,3.0062563343886726e-06,0.00018374411230644058,0.7189900685074008
1.272000000000001,0.0040000000000000036,0.0,0.0013062721597930167,0.0003357907201944089,3.0066320032574416e-06,0.0001870964911942097,0.71916551199578
1.276000000000001,0.0040000000000000036,0.0,0.0013032359470289921,0.0003350334691300092,3.006951037005421e-06,0.0001901781912391325,0.7193401725717221
1.280000000000001,0.0040000000000000036,0.0,0.0013001799623165162,0.00033426467812291494,3.007214871996669e-06,0.00019299356381238946,0.7195140510843431
1.284000000000001,0.0040000000000000036,0.0,0.0012971080636682449,0.000333485401652292,3.007425179349861e-06,0.00019554611397449643,0.7196871492588945
1.288000000000001,0.0040000000000000036,0.0,0.001294024051948748,0.00033269668183456765,3.007583854252719e-06,0.00019783882688766507,0.7198594694049616
1.292000000000001,0.0040000000000000036,0.0,0.0012909316709520066,0.0003318995498133454,3.007693003862728e-06,0.00019987438883147467,0.7200310142188863
1.296000000000001,0.0040000000000000036,0.0,0.001287834607189033,0.00033109502648460726,3.0077549341016736e-06,0.00020165533801847892,0.720201786650378
1.300000000000001,0.0040000000000000036,0.0,0.0012847364883495549,0.000330284122765119,3.0077721353296466e-06,0.00020318416852532772,0.7203717898127028
1.304000000000001,0.0040000000000000036,0.0,0.0012816408821535975,0.00032946783954340865,3.0077472671032826e-06,0.0002044634027461135,0.7205410269223936
1.308000000000001,0.0040000000000000036,0.0,0.0012785512940423878,0.00032864716740735534,3.0076831422843943e-06,0.00020549564256037333,0.7207095012589089
1.312000000000001,0.0040000000000000036,0.0,0.0012754711653487356,0.00032782308621255,3.0075827104267665e-06,0.0002062836059200306,0.7208772161377357
1.316000000000001,0.0040000000000000036,0.0,0.0012724038706524493,0.00032699656453591376,3.0074490407933974e-06,0.00020683015327878265,0.7210441748925474
1.320000000000001,0.0040000000000000036,0.0,0.001269352715887822,0.0003261685590460611,3.0072853048719925e-06,0.00020713830678335124,0.721210380863431
1.324000000000001,0.0040000000000000036,0.0,0.0012663209356445113,0.00032534001381335045,3.0070947587772724e-06,0.00020721126414820405,0.7213758373891871
1.328000000000001,0.0040000000000000036,0.0,0.0012633116910612987,0.0003245118595768787,3.006880725550564e-06,0.00020705240849202872,0.7215405478023413
1.332000000000001,0.0040000000000000036,0.0,0.0012603280670966212,0.000323685012981908,3.006646577387534e-06,0.00020666531499070773,0.7217045154259712
1.336000000000001,0.0040000000000000036,0.0,0.0012573730709388498,0.0003228603757986137,3.0063957180280987e-06,0.00020605375493556636,0.7218677435717268
1.340000000000001,0.0040000000000000036,0.0,0.0012544496288390905,0.00032203883413127,3.00613156524056e-06,0.00020522169760257893,0.7220302355386394
1.344000000000001,0.0040000000000000036,0.0,0.001251560584896633,0.0003212212576256925,3.005857533757824e-06,0.00020417331023399486,0.7221919946124483
1.348000000000001,0.0040000000000000036,0.0,0.0012487086983691477,0.0003204084986817745,3.0055770184314425e-06,0.00020291295636436728,0.7223530240652599
1.352000000000001,0.0040000000000000036,0.0,0.0012458966418084807,0.00031960139167716843,3.0052933778990207e-06,0.00020144519267554852,0.7225133271554169
1.356000000000001,0.0040000000000000036,0.0,0.0012431269995073829,0.0003188007522075098,3.005009918809786e-06,0.00019977476454089587,0.722672907127501
1.360000000000001,0.0040000000000000036,0.0,0.0012404022653747235,0.00031800737634798086,3.0047298805695612e-06,0.00019790660040516905,0.7228317672124124
1.364000000000001,0.0040000000000000036,0.0,0.0012377248414939064,0.0003172220399404729,3.0044564208338477e-06,0.00019584580513083114,0.7229899106274924
1.368000000000001,0.0040000000000000036,0.0,0.0012350970367534673,0.0003164454979101046,3.0041926016476525e-06,0.00019359765243625194,0.7231473405766684
1.372000000000001,0.0040000000000000036,0.0,0.001232521065288124,0.0003156784836143604,3.0039413764015947e-06,0.0001911675765482432,0.7233040602506088
1.376000000000001,0.0040000000000000036,0.0,0.0012299990450958995,0.0003149217082276461,3.0037055775627026e-06,0.00018856116318180394,0.7234600728268697
1.380000000000001,0.0040000000000000036,0.0,0.0012275329975647295,0.00031417586016362184,3.0034879053096695e-06,0.00018578413995909773,0.7236153814700418
1.384000000000001,0.0040000000000000036,0.0,0.0012251239861198952,0.0003134413373099403,3.003290199757935e-06,0.0001829760298839475,0.7236153814700418
1.388000000000001,0.0040000000000000036,0.0,0.0012227713385813738,0.000312718010414111,3.0031130028493704e-06,0.000180135809993598,0.7237699893318817
1.392000000000001,0.0040000000000000036,0.0,0.0012204768987639089,0.00031200650397439226,3.0029592322539737e-06,0.00017713811947552664,0.7239258622922009
1.396000000000001,0.0040000000000000036,0.0,0.0012182424787469703,0.000311307455374313,3.00283161685374e-06,0.0001739808764845026,0.7240806341645657
1.400000000000001,0.0040000000000000036,0.0,0.001216069821267636,0.00031062149847421955,3.002732495090505e-06,0.00017066602864397202,0.7242344099157817
1.404000000000001,0.0040000000000000036,0.0,0.0012139605785460423,0.0003099492499872925,3.0026638662141427e-06,0.00016719847586477274,0.7243872876944617
1.408000000000001,0.0040000000000000036,0.0,0.0012119173832695804,0.0003092917797782831,3.0026277502466847e-06,0.00016334571374590005,0.7246906020149005
1.412000000000001,0.0040000000000000036,0.0,0.001209944540511408,0.00030865085788500175,3.0026264100290813e-06,0.00015919910493137262,0.7248392020825822
1.416000000000001,0.0040000000000000036,0.0,0.0012080415892364864,0.00030802612229842533,3.0026605124583337e-06,0.00015526623452785383,0.7248392020825822
1.420000000000001,0.0040000000000000036,0.0,0.001206206306238841,0.00030741648121521554,3.002730381559368e-06,0.00015145156900389132,0.7249874987120775
1.424000000000001,0.0040000000000000036,0.0,0.0012044400433786954,0.0003068225649426302,3.002836777208404e-06,0.00014747337040489324,0.7251372580442601
1.428000000000001,0.0040000000000000036,0.0,0.0012027441629439677,0.0003062450410962254,3.002980398416577e-06,0.0001433342477496192,0.7252861342101755
1.432000000000001,0.0040000000000000036,0.0,0.001201119828871142,0.000305684487199061,3.003161713518976e-06,0.0001390566313986433,0.7254341716485075
1.436000000000001,0.0040000000000000036,0.0,0.001199569267988699,0.00030514206994238527,3.003380757803946e-06,0.00013432372140225542,0.7257279367427337
1.440000000000001,0.0040000000000000036,0.0,0.001198096374574545,0.00030461981604668265,3.0036370824780023e-06,0.00012931096431827787,0.7258718762426142
1.444000000000001,0.0040000000000000036,0.0,0.001196700564911396,0.00030411734769294726,3.003930646362997e-06,0.00012437909955306404,0.7260155272370155
1.448000000000001,0.0040000000000000036,0.0,0.001195380252337988,0.00030363377064884247,3.0042616691383878e-06,0.0001198368632320316,0.7260155272370155
1.452000000000001,0.0040000000000000036,0.0,0.0011941321403537454,0.00030316730276064253,3.0046307872662745e-06,0.00011551555117852323,0.7261587768814047
1.456000000000001,0.0040000000000000036,0.0,0.0011929571978598974,0.0003027186227864793,3.0050371297482748e-06,0.00011101610841368417,0.7263033623148615
1.460000000000001,0.0040000000000000036,0.0,0.0011918564116068947,0.0003022884475344901,3.005479747009579e-06,0.00010634968450322231,0.7264470431967766
1.464000000000001,0.0040000000000000036,0.0,0.001190830443141311,0.0003018773163079599,3.005957553705865e-06,0.0001015593015334345,0.7265898794195317
1.468000000000001,0.0040000000000000036,0.0,0.0011898796692490494,0.00030148561784239464,3.006469337197048e-06,9.667967517248701e-05,0.7267319363556072
1.472000000000001,0.0040000000000000036,0.0,0.001189004245664732,0.00030111363092346336,3.0070137698393225e-06,9.17361133445261e-05,0.7268732597304657
1.476000000000001,0.0040000000000000036,0.0,0.0011882041536482612,0.00030076155394218165,3.007589417270668e-06,8.674726145241635e-05,0.7270138817651957
1.480000000000001,0.0040000000000000036,0.0,0.0011874792319830215,0.0003004295245549148,3.0081947442672565e-06,8.172735083742123e-05,0.72715382536707
1.484000000000001,0.0040000000000000036,0.0,0.0011868291979260908,0.00030011763259683687,3.0088281201234485e-06,7.668771076199434e-05,0.7272931070146972
1.488000000000001,0.0040000000000000036,0.0,0.00118625366245807,0.0002998259286098594,3.0094878246276345e-06,7.163774843020098e-05,0.7274317387779593
1.492000000000001,0.0040000000000000036,0.0,0.0011857521403487257,0.0002995544295489323,3.0101720549244954e-06,6.658557918169346e-05,0.7275697297226049
1.496000000000001,0.0040000000000000036,0.0,0.0011853253838161198,0.0002993040165593569,3.0108779954187428e-06,6.109145059936307e-05,0.727843815888168
1.500000000000001,0.0040000000000000036,0.0,0.001184975664994567,0.0002990766566709614,3.0116013464805477e-06,5.542287478815419e-05,0.7279781931700563
1.5040000000000011,0.0040000000000000036,0.0,0.001184699070039056,0.00029887020447451633,3.0123418489785692e-06,5.047089155027446e-05,0.7279781931700563
1.5080000000000011,0.0040000000000000036,0.0,0.0011844906809956376,0.0002986817733632212,3.013100463083924e-06,4.5949865006939e-05,0.7281123308360751
1.5120000000000011,0.0040000000000000036,0.0,0.00118435157308067,0.00029851259846316706,3.0138738717682096e-06,4.086614602924748e-05,0.7283825049086814
1.5160000000000011,0.0040000000000000036,0.0,0.0011842845580706544,0.0002983652042492748,3.0146571676863324e-06,3.550166791387079e-05,0.728514750356453
1.5200000000000011,0.0040000000000000036,0.0,0.0011842870848127328,0.00029823846611346384,3.0154488177841415e-06,3.0395699936113734e-05,0.7286466700527161
1.5240000000000011,0.0040000000000000036,0.0,0.0011843570440753773,0.0002981315656840879,3.0162471373960762e-06,2.5479361973003127e-05,0.7287781793332115
1.5280000000000011,0.0040000000000000036,0.0,0.0011844926109887887,0.00029804388674872486,3.01705032346014e-06,2.0707326484890006e-05,0.7289092210307264
1.5320000000000011,0.0040000000000000036,0.0,0.0011846921386851725,0.0002979749447812096,3.017856488335309e-06,1.605022940230198e-05,0.7290397569305251
1.5360000000000011,0.0040000000000000036,0.0,0.0011849540854555539,0.0002979243392442453,3.0186636912037043e-06,1.1489564093334504e-05,0.7291697618256822
1.5400000000000011,0.0040000000000000036,0.0,0.001185276966682931,0.00029789172131637414,3.019469965983783e-06,7.014409826396125e-06,0.729299219406346
1.5440000000000011,0.0040000000000000036,0.0,0.0011856593217486645,0.0002978767720633438,3.020273345466726e-06,2.62144238720411e-06,0.7294281194308926
1.5480000000000012,0.0040000000000000036,0.0,0.001186098592068078,0.00029787832963123,3.0210726707312892e-06,1.2950192270923925e-06,0.7294281194308926
1.5520000000000012,0.0040000000000000036,0.0,0.0011865909453949843,0.00029789413399857015,3.0218681306458627e-06,4.900826770889669e-06,0.7295564557867117
1.5560000000000012,0.0040000000000000036,0.0,0.0011871378137029208,0.0002979259309267113,3.022656535835888e-06,9.18725779335059e-06,0.7298143319155708
1.5600000000000012,0.0040000000000000036,0.0,0.0011877406960671534,0.00029797566455810307,3.0234342055854535e-06,1.3393965068323472e-05,0.7298143319155708
1.5640000000000012,0.0040000000000000036,0.0,0.0011883947816785337,0.00029804041446678084,3.0242014713463168e-06,1.7155699450608866e-05,0.7299403741319573
1.5680000000000012,0.0040000000000000036,0.0,0.001189099256940634,0.000298120351201107,3.024956430075155e-06,2.0977800683997005e-05,0.7300676291972362
1.5720000000000012,0.0040000000000000036,0.0,0.001189854520629255,0.0002982166222005925,3.025696636724226e-06,2.5284660768006287e-05,0.7303198764868726
1.5760000000000012,0.0040000000000000036,0.0,0.0011906615617387432,0.00029833112574371523,3.0264188583726923e-06,2.9736037774438404e-05,0.7304433769162203
1.5800000000000012,0.0040000000000000036,0.0,0.0011915169536661383,0.00029846236562690277,3.0271220778229176e-06,3.3839957038489066e-05,0.7305665916821251
1.5840000000000012,0.0040000000000000036,0.0,0.0011924178126536925,0.00029860920454823217,3.027805333517402e-06,3.7677212188759644e-05,0.7306894356696922
1.5880000000000012,0.0040000000000000036,0.0,0.0011933616156616267,0.00029877074353762406,3.0284677238989563e-06,4.1301405762077905e-05,0.730811851350143
1.5920000000000012,0.0040000000000000036,0.0,0.0011943460787300077,0.0002989462411960286,3.0291084180558895e-06,4.474793034399153e-05,0.7309338002070821
1.5960000000000012,0.0040000000000000036,0.0,0.0011953690753827547,0.00029913505966491224,3.0297266676183983e-06,4.803999859188975e-05,0.7310552567713597
1.6000000000000012,0.0040000000000000036,0.0,0.0011964285824927453,0.00029933662852555136,3.0303218176681085e-06,5.119268760724666e-05,0.731176204496192
1.6040000000000012,0.0040000000000000036,0.0,0.0011975226439474207,0.0002995504207168581,3.030893315594438e-06,5.421564983264882e-05,0.7312966329187176
1.6080000000000012,0.0040000000000000036,0.0,0.0011986493476846831,0.0002997759365071766,3.031440717736828e-06,5.711492982284829e-05,0.7314165357144421
1.6120000000000012,0.0040000000000000036,0.0,0.0011998061342471703,0.0003000120370001847,3.0319637475135186e-06,5.95662235939398e-05,0.7314165357144421
1.6160000000000012,0.0040000000000000036,0.0,0.0012009898945868041,0.0003002567990895969,3.032462474500964e-06,6.176558530817288e-05,0.731535909367896
1.6200000000000012,0.0040000000000000036,0.0,0.0012022002372523877,0.00030051071870297396,3.0329368829703423e-06,6.409140878615966e-05,0.7316562615328861
1.6240000000000012,0.0040000000000000036,0.0,0.0012034373306648812,0.0003007748759717474,3.033387044365694e-06,6.682766268397625e-05,0.7318945097020767
1.6280000000000012,0.0040000000000000036,0.0,0.0012047012547958778,0.0003010507286879195,3.0338131034411545e-06,6.966000669328404e-05,0.7320110605334446
1.6320000000000012,0.0040000000000000036,0.0,0.0012059889016992956,0.0003013369829426689,3.0342151136408446e-06,7.218893293142907e-05,0.7321273052793248
1.6360000000000012,0.0040000000000000036,0.0,0.0012072971268809586,0.0003016320898946492,3.034593095881099e-06,7.421243290030355e-05,0.7321273052793248
1.6400000000000012,0.0040000000000000036,0.0,0.001208622801326174,0.0003019340624169826,3.0349470345926856e-06,7.593343783164485e-05,0.7322431754861615
1.6440000000000012,0.0040000000000000036,0.0,0.0012099654374345043,0.00030224354008377273,3.0352780293260516e-06,7.796133476190007e-05,0.7324762500081548
1.6480000000000012,0.0040000000000000036,0.0,0.0012113247955892943,0.00030256175973638304,3.0355874697228333e-06,8.006687742224328e-05,0.7325902411361457
1.6520000000000012,0.0040000000000000036,0.0,0.0012126977373518007,0.0003028871442946673,3.0358754825914452e-06,8.168395791567817e-05,0.7325902411361457
1.6560000000000012,0.0040000000000000036,0.0,0.0012140813789044184,0.0003032178311877626,3.0361419635308316e-06,8.300376330749464e-05,0.7327039158092913
1.6600000000000013,0.0040000000000000036,0.0,0.0012154745540964734,0.00030355375816888886,3.036388120520429e-06,8.431767420613757e-05,0.7328186514352397
1.6640000000000013,0.0040000000000000036,0.0,0.0012168765137113178,0.00030389534968806777,3.0366155891083643e-06,8.583386754627351e-05,0.7330460166352706
1.6680000000000013,0.0040000000000000036,0.0,0.0012182862420351632,0.00030424328461977295,3.0368265203913685e-06,8.733778703822715e-05,0.7331573116023046
1.6720000000000013,0.0040000000000000036,0.0,0.0012197008038191074,0.0003045960693185839,3.037021137611569e-06,8.84016670701183e-05,0.7331573116023046
1.6760000000000013,0.0040000000000000036,0.0,0.0012211177450129388,0.000304952080094829,3.037199252609456e-06,8.91936643658326e-05,0.7332683408231302
1.6800000000000013,0.0040000000000000036,0.0,0.001222535789864811,0.00030531112752586054,3.037362385744934e-06,8.994801718369513e-05,0.7333804365729405
1.6840000000000013,0.0040000000000000036,0.0,0.0012239537883536856,0.00030567309190004325,3.037512054592876e-06,9.066404795523496e-05,0.7334918512388928
1.6880000000000013,0.0040000000000000036,0.0,0.0012253704296147094,0.0003060377347659269,3.0376497240183263e-06,9.131340092722466e-05,0.7336026245723781
1.6920000000000013,0.0040000000000000036,0.0,0.001226784279240887,0.00030640472388782265,3.037776821614809e-06,9.18752073028499e-05,0.7337128026795721
1.6960000000000013,0.0040000000000000036,0.0,0.001228193834569077,0.00030677366855997153,3.0378947518052428e-06,9.233669701417993e-05,0.733822417795954
1.7000000000000013,0.0040000000000000036,0.0,0.0012295975817318248,0.00030714436284178106,3.0380054216288314e-06,9.279989262703895e-05,0.734040043409868
1.7040000000000013,0.0040000000000000036,0.0,0.0012309936450939534,0.000307516750275398,3.0381114184057515e-06,9.315371716866841e-05,0.7341467063720054
1.7080000000000013,0.0040000000000000036,0.0,0.0012323797391187111,0.00030788985168871857,3.0382134965825526e-06,9.327720010716934e-05,0.7342531679105353
1.7120000000000013,0.0040000000000000036,0.0,0.0012337539047271749,0.00030826288398368655,3.0383125859488527e-06,9.321464730722126e-05,0.7343593397811478
1.7160000000000013,0.0040000000000000036,0.0,0.0012351144130025356,0.00030863519675758476,3.0384097355706866e-06,9.299614104520228e-05,0.7344651620284632
1.7200000000000013,0.0040000000000000036,0.0,0.0012364597022273616,0.00030900623069922124,3.038506071464486e-06,9.264242496027058e-05,0.7345705942824293
1.7240000000000013,0.0040000000000000036,0.0,0.0012377883363315608,0.0003093754902556785,3.0386027639891947e-06,9.216810517055365e-05,0.7346756096628028
1.7280000000000013,0.0040000000000000036,0.0,0.001239099154463444,0.0003097424639621912,3.0387005756747205e-06,9.155288215659565e-05,0.7346756096628028
1.7320000000000013,0.0040000000000000036,0.0,0.00124039159426208,0.00031010666916092826,3.038799657921196e-06,9.085092602638243e-05,0.7347801905417861
1.7360000000000013,0.0040000000000000036,0.0,0.0012416647860720457,0.000310467957950815,3.0389016465332077e-06,9.01128008225311e-05,0.7348856521983108
1.7400000000000013,0.0040000000000000036,0.0,0.0012429178653451092,0.0003108261702085229,3.039008079801976e-06,8.932946765923318e-05,0.7349903858626329
1.7440000000000013,0.0040000000000000036,0.0,0.00124414988797135,0.000311181075716289,3.0391203178165285e-06,8.848492815159397e-05,0.7350944567443709
1.7480000000000013,0.0040000000000000036,0.0,0.0012453598649345143,0.00031153239719153075,3.0392395712791487e-06,8.756903924327341e-05,0.7351979272715851
1.7520000000000013,0.0040000000000000036,0.0,0.0012465467962961135,0.00031187983211144034,3.0393669264718073e-06,8.657656372008967e-05,0.7353008408890432
1.7560000000000013,0.0040000000000000036,0.0,0.0012477096926010339,0.0003122230669336516,3.03950336256501e-06,8.550540564866817e-05,0.7354032280023332
1.7600000000000013,0.0040000000000000036,0.0,0.0012488475890430235,0.0003125617858102386,3.039649763234982e-06,8.435538809456845e-05,0.7355051100143757
1.7640000000000013,0.0040000000000000036,0.0,0.001249959553065929,0.0003128956758736829,3.0398069245369446e-06,8.312749901112224e-05,0.7356065021139374
1.7680000000000013,0.0040000000000000036,0.0,0.0012510446902393789,0.00031322443045764503,3.0399755602021186e-06,8.182343804245512e-05,0.735707415230475
1.7720000000000014,0.0040000000000000036,0.0,0.001252102146561249,0.00031354775108485144,3.040156305243755e-06,8.044534616340096e-05,0.7358078573945764
1.7760000000000014,0.0040000000000000036,0.0,0.0012531311111092845,0.00031386534872062137,3.0403497183329454e-06,7.899564459169668e-05,0.735907834674257
1.7800000000000014,0.0040000000000000036,0.0,0.0012541303819038722,0.00031417677581951117,3.040556360204459e-06,7.739257687507066e-05,0.7361064126635338
1.7840000000000014,0.0040000000000000036,0.0,0.0012550980527656066,0.000314481326037891,3.0407768170833195e-06,7.566329352846042e-05,0.736203761833691
1.7880000000000014,0.0040000000000000036,0.0,0.001256034111609187,0.00031477903873222045,3.041011253183967e-06,7.399041654627691e-05,0.736203761833691
1.7920000000000014,0.0040000000000000036,0.0,0.001256938838308235,0.0003150700281705318,3.0412597976514854e-06,7.223662638389623e-05,0.7363990889411461
1.7960000000000014,0.0040000000000000036,0.0,0.0012578103098034945,0.0003153534701324694,3.0415225958914597e-06,7.03427252577168e-05,0.7364954262370901
1.8000000000000014,0.0040000000000000036,0.0,0.0012586482141145573,0.0003156292581441509,3.041799726667152e-06,6.842089084605548e-05,0.7365914937645027
1.8040000000000014,0.0040000000000000036,0.0,0.001259452736095598,0.0003158975124419808,3.0420913278375267e-06,6.65892728355884e-05,0.7365914937645027
1.8080000000000014,0.0040000000000000036,0.0,0.0012602243281890798,0.00031615843421361144,3.042397514492757e-06,6.466481446183332e-05,0.7367838481825788
1.8120000000000014,0.0040000000000000036,0.0,0.0012609615255410125,0.0003164112915201182,3.0427179841653926e-06,6.271230414104615e-05,0.7367838481825788
1.8160000000000014,0.0040000000000000036,0.0,0.0012616655323993515,0.00031665669906572036,3.0430530269752367e-06,6.0830512952400606e-05,0.7368785985459037
1.8200000000000014,0.0040000000000000036,0.0,0.001262335833588346,0.0003168943598185645,3.043402359015595e-06,5.887122423225574e-05,0.7369742415771224
1.8240000000000014,0.0040000000000000036,0.0,0.0012629719099811968,0.0003171239602985604,3.043765644058815e-06,5.683781072845898e-05,0.7370692883348491
1.8280000000000014,0.0040000000000000036,0.0,0.00126357336480697,0.000317345249263815,3.0441424883311947e-06,5.47455070559054e-05,0.7371637770007081
1.8320000000000014,0.0040000000000000036,0.0,0.001264139911554274,0.00031755803015268944,3.0445324429215324e-06,5.260701886164719e-05,0.7372577499410868
1.8360000000000014,0.0040000000000000036,0.0,0.001264671352912586,0.0003177621476221981,3.044935006688867e-06,5.0431909863480984e-05,0.7373512368488376
1.8400000000000014,0.0040000000000000036,0.0,0.0012651675648979615,0.0003179574774785632,3.045349630037091e-06,4.8227464386877745e-05,0.7374442587565196
1.8440000000000014,0.0040000000000000036,0.0,0.0012656279045470606,0.000318143566481758,3.045775379641715e-06,4.582276517799372e-05,0.7376289635037684
1.8480000000000014,0.0040000000000000036,0.0,0.0012660510202856772,0.0003183195276930379,3.046210765508857e-06,4.33199074741701e-05,0.7377194926379692
1.8520000000000014,0.0040000000000000036,0.0,0.001266438241167953,0.00031848609807811105,3.046655737045618e-06,4.1076030783447254e-05,0.7377194926379692
1.8560000000000014,0.0040000000000000036,0.0,0.0012667908602949777,0.00031864396482783966,3.047110317996298e-06,3.8792864581955905e-05,0.7379011198488472
1.8600000000000014,0.0040000000000000036,0.0,0.0012671074033684111,0.00031879206932682654,3.04757271030274e-06,3.6372307655920674e-05,0.7379906954878563
1.8640000000000014,0.0040000000000000036,0.0,0.0012673885319887243,0.0003189306887315702,3.048042351482612e-06,3.4014500473413136e-05,0.7380800184223787
1.8680000000000014,0.0040000000000000036,0.0,0.0012676353461040252,0.0003190603798122889,3.048518990731703e-06,3.18834595445629e-05,0.7380800184223787
1.8720000000000014,0.0040000000000000036,0.0,0.0012678489966889063,0.00031918172666975603,3.049002525402067e-06,2.9673078828411577e-05,0.7382588672389035
1.8760000000000014,0.0040000000000000036,0.0,0.0012680278908067198,0.0003192934845202805,3.0494908952851844e-06,2.729409510936136e-05,0.7383469646462483
1.8800000000000014,0.0040000000000000036,0.0,0.0012681727316211737,0.00031939591057174874,3.0499834228950934e-06,2.4974237561108102e-05,0.7384347707341741
1.8840000000000015,0.0040000000000000036,0.0,0.001268284133231881,0.0003194891927911904,3.0504793781487926e-06,2.2698060866483713e-05,0.7385222533985191
1.8880000000000015,0.0040000000000000036,0.0,0.0012683626583525182,0.00031957347518505366,3.050977996582447e-06,2.0455845544969842e-05,0.738609390891025
1.8920000000000015,0.0040000000000000036,0.0,0.0012684088439514918,0.0003196488750047798,3.0514784926871176e-06,1.8241766912978012e-05,0.738696168751591
1.8960000000000015,0.0040000000000000036,0.0,0.0012684232190786258,0.0003197154944234951,3.051980070200949e-06,1.6052642109973043e-05,0.7387825776040318
1.9000000000000015,0.0040000000000000036,0.0,0.001268406847767601,0.0003197738168093074,3.0524823044029287e-06,1.4081230068209043e-05,0.7387825776040318
1.9040000000000015,0.0040000000000000036,0.0,0.0012683608580804017,0.00031982439789659975,3.0529849986266827e-06,1.2011361685439825e-05,0.7389553625274017
1.9080000000000015,0.0040000000000000036,0.0,0.001268283807329991,0.0003198659011981112,3.0534861087187207e-06,9.762946063293094e-06,0.739040404482441
1.9120000000000015,0.0040000000000000036,0.0,0.0012681765838631774,0.0003198986270199253,3.053984954261915e-06,7.585192795465425e-06,0.7391251381866015
1.9160000000000015,0.0040000000000000036,0.0,0.001268040492902521,0.00031992319646695534,3.054481178739059e-06,5.655131338920277e-06,0.7391251381866015
1.9200000000000015,0.0040000000000000036,0.0,0.0012678768099147314,0.00031994025851432237,3.0549746473549636e-06,3.6521378598599036e-06,0.7392946742252315
1.9240000000000015,0.0040000000000000036,0.0,0.0012676843774549408,0.0003199485834076184,3.0554635942731856e-06,1.496497882769258e-06,0.7393781480761926
1.9280000000000015,0.0040000000000000036,0.0,0.001267464234521134,0.0003199485400731865,3.0559474571755987e-06,5.926640579652e-07,0.7394613315577722
1.9320000000000015,0.0040000000000000036,0.0,0.0012672173181287412,0.00031994042495155805,3.0564256807249044e-06,2.5840889932124153e-06,0.7395441991321896
1.9360000000000015,0.0040000000000000036,0.0,0.0012669445022439783,0.0003199244877692921,3.056897730306067e-06,4.523759383362612e-06,0.739626733465817
1.9400000000000015,0.0040000000000000036,0.0,0.0012666466227970953,0.0003199009488670469,3.057363100822823e-06,6.410440946530994e-06,0.7397089230510897
1.9440000000000015,0.0040000000000000036,0.0,0.001266324495256648,0.00031987001080468076,3.0578213224280047e-06,8.247485334014787e-06,0.7397907604729235
1.9480000000000015,0.0040000000000000036,0.0,0.0012659789256387135,0.0003198318660938741,3.0582719645585635e-06,1.0036897403542604e-05,0.7398722411662121
1.9520000000000015,0.0040000000000000036,0.0,0.0012656107176645388,0.00031978670231380186,3.0587146387682563e-06,1.1779614082967016e-05,0.7399533625365876
1.9560000000000015,0.0040000000000000036,0.0,0.0012652206773789932,0.00031973470545996503,3.0591490008225943e-06,1.3475848435237975e-05,0.7400341233443285
1.9600000000000015,0.0040000000000000036,0.0,0.001264809615753427,0.00031967606210077626,3.059574752282937e-06,1.5125343824746524e-05,0.7401145232759931
1.9640000000000015,0.0040000000000000036,0.0,0.0012643783500599951,0.00031961096072974127,3.0599916415596317e-06,1.6727550293126728e-05,0.7401945626484185
1.9680000000000015,0.0040000000000000036,0.0,0.0012639277048935593,0.00031953959257478485,3.0603994646327494e-06,1.8281744997361853e-05,0.740274242205209
1.9720000000000015,0.0040000000000000036,0.0,0.001263458511522486,0.0003194621520409773,3.060798065402345e-06,1.978711402874327e-05,0.740353562977387
1.9760000000000015,0.0040000000000000036,0.0,0.0012629716082011586,0.000319378836905487,3.0611873357425518e-06,2.124280789914816e-05,0.7404325261883011
1.9800000000000015,0.0040000000000000036,0.0,0.0012624678394239028,0.00031928984834488224,3.0615672152807667e-06,2.2647979164424674e-05,0.7405111331889183
1.9840000000000015,0.0040000000000000036,0.0,0.0012619480548210148,0.0003191953908489497,3.0619376908602475e-06,2.4001807920951802e-05,0.7405893854138971
1.9880000000000015,0.0040000000000000036,0.0,0.0012614131085756227,0.00031909567205771984,3.0622987957490773e-06,2.530351906475193e-05,0.7406672843518357
1.9920000000000015,0.0040000000000000036,0.0,0.001260863858658137,0.0003189909025466535,3.0626506086126622e-06,2.6552393932001137e-05,0.7407448315251454
1.9960000000000016,0.0040000000000000036,0.0,0.0012603011653489157,0.00031888129557710454,3.0629932522347037e-06,2.7747778074764378e-05,0.7408220284764726
2.0000000000000013,0.0039999999999997815,0.0,0.001259725890632978,0.0003187670668238385,3.0633268920812827e-06,2.888908637009127e-05,0.7408988767595442
2.004000000000001,0.0039999999999995595,0.0,0.0012591388969702916,0.00031864843408785604,3.0636517345882365e-06,2.9975806251826905e-05,0.7409753779330106
2.0080000000000005,0.0039999999999995595,0.0,0.0012585410463215375,0.00031852561700032795,3.063968025328505e-06,3.100749961784225e-05,0.7410515335563136
2.012,0.0039999999999995595,0.0,0.0012579331990769434,0.00031839883672183376,3.0642760470327553e-06,3.1983803775174635e-05,0.7411273451869229
2.0159999999999996,0.0039999999999995595,0.0,0.0012573162132408968,0.0003182683156399592,3.064576117375845e-06,3.290443168067176e-05,0.7412028143784916
2.019999999999999,0.0039999999999995595,0.0,0.0012566911223299301,0.00031813449932999453,3.0648684979556586e-06,3.365807107806352e-05,0.7412028143784916
2.0239999999999987,0.0039999999999995595,0.0,0.0012560588122803174,0.0003179978409605115,3.0651534940396216e-06,3.4439318390648305e-05,0.7413536858713122
2.0279999999999982,0.0039999999999995595,0.0,0.001255419318700521,0.0003178577155186275,3.065431846855364e-06,3.528089871592108e-05,0.7414279342827969
2.031999999999998,0.0039999999999995595,0.0,0.0012547736967913306,0.0003177144886192756,3.06570394560185e-06,3.603456528115865e-05,0.7415019091235052
2.0359999999999974,0.0039999999999995595,0.0,0.0012541229226471352,0.00031756847857563475,3.0659702081424636e-06,3.671100287569727e-05,0.7415755927315735
2.039999999999997,0.0039999999999995595,0.0,0.001253467916036612,0.00031741997172894383,3.066231079931958e-06,3.731744886180507e-05,0.7416489731423089
2.0439999999999965,0.0039999999999995595,0.0,0.0012528095552676469,0.0003172692325949541,3.066487030977768e-06,3.7858861176372505e-05,0.7417220424690536
2.047999999999996,0.0039999999999995595,0.0,0.0012521486870361767,0.00031711651054947275,3.0667385520785296e-06,3.833869784183627e-05,0.741794795707323
2.0519999999999956,0.0039999999999995595,0.0,0.0012514861326615554,0.00031696204420742456,3.066986150730868e-06,3.8759436226778013e-05,0.7418672298694495
2.055999999999995,0.0039999999999995595,0.0,0.0012508226921163017,0.00031680606426765624,3.0672303471310636e-06,3.9122918293606394e-05,0.7419393433677633
2.0599999999999947,0.0039999999999995595,0.0,0.001250159146553222,0.0003166487953391372,3.0674716703620848e-06,3.9430579698011714e-05,0.7420111355799293
2.0639999999999943,0.0039999999999995595,0.0,0.0012494962596802618,0.00031649045709230335,3.0677106547799303e-06,3.9683601489826126e-05,0.7420826065453593
2.067999999999994,0.0039999999999995595,0.0,0.0012488347785126284,0.00031633126496434413,3.067947836579065e-06,3.988301031699402e-05,0.74215375675466
2.0719999999999934,0.0039999999999995595,0.0,0.0012481754338560236,0.00031617143057048694,3.068183750650591e-06,4.0029744415363735e-05,0.7422245870044244
2.075999999999993,0.0039999999999995595,0.0,0.0012475189401643465,0.00031601116192222595,3.0684189276484544e-06,4.012469689324624e-05,0.742295098297544
2.0799999999999925,0.0039999999999995595,0.0,0.00124686599574934,0.00031585066351938717,3.068653891237621e-06,4.0168743974233604e-05,0.7423652917750282
2.083999999999992,0.0039999999999995595,0.0,0.001246217282096575,0.00031569013636034325,3.068889155459517e-06,4.016276327672531e-05,0.7424351686695139
2.0879999999999916,0.0039999999999995595,0.0,0.0012455734640675119,0.0003155297778996882,3.0691252223251685e-06,4.010764550583788e-05,0.7425047302736474
2.091999999999991,0.0039999999999995595,0.0,0.0012449351892076068,0.0003153697819727601,3.069362579573491e-06,4.000430178681283e-05,0.7425739779186282
2.0959999999999908,0.0039999999999995595,0.0,0.0012443030874959484,0.000315210338699831,3.0696016985673742e-06,3.98536681167555e-05,0.7426429129596769
2.0999999999999903,0.0039999999999995595,0.0,0.0012436777712705523,0.0003150516343784499,3.0698430323109226e-06,3.9656707908744666e-05,0.7427115367662084
2.10399999999999,0.0039999999999995595,0.0,0.0012430598344371226,0.00031489385136956557,3.070087013639e-06,3.941441326792007e-05,0.7427798507151981
2.1079999999999894,0.0039999999999995595,0.0,0.0012424498522995012,0.0003147371679811905,3.0703340535724704e-06,3.912780542081493e-05,0.7428478561867153
2.111999999999989,0.0039999999999995595,0.0,0.0012418483814779098,0.00031458175835211513,3.0705845397593386e-06,3.879793457576798e-05,0.7429155545609145
2.1159999999999886,0.0039999999999995595,0.0,0.0012412559592895039,0.0003144277923373915,3.0708388350922633e-06,3.842587939587932e-05,0.7429829472160219
2.119999999999988,0.0039999999999995595,0.0,0.0012406731036636001,0.0003142754353967654,3.0710972765033917e-06,3.8012746200544336e-05,0.7430500355269847
2.1239999999999877,0.0039999999999995595,0.0,0.001240100312698425,0.0003141248484868983,3.0713601739396977e-06,3.7559667974165554e-05,0.7431168208645751
2.1279999999999872,0.0039999999999995595,0.0,0.00123953806484379,0.00031397618795798207,3.0716278093622666e-06,3.7067803237146416e-05,0.7431833045947962
2.131999999999987,0.0039999999999995595,0.0,0.0012389868181886705,0.0003138296054552041,3.0719004359893592e-06,3.6538334807047776e-05,0.7432494880784886
2.1359999999999864,0.0039999999999995595,0.0,0.0012384470104648262,0.0003136852478254303,3.0721782776778833e-06,3.597246847486029e-05,0.7433153726710809
2.139999999999986,0.0039999999999995595,0.0,0.001237919059051521,0.0003135432570293844,3.0724615284626532e-06,3.537143161485993e-05,0.7433809597224242
2.1439999999999855,0.0039999999999995595,0.0,0.0012374033605329897,0.0003134037700595707,3.0727503522058124e-06,3.473647173431548e-05,0.743446250576693
2.147999999999985,0.0039999999999995595,0.0,0.0012369002907949575,0.0003132669188641359,3.073044882428452e-06,3.4068854978637895e-05,0.7435112465723258
2.1519999999999846,0.0039999999999995595,0.0,0.0012364102050334772,0.0003131328302768468,3.0733452222871812e-06,3.3369864590702775e-05,0.7435759490419882
2.155999999999984,0.0039999999999995595,0.0,0.0012359334374065617,0.00031300162595332306,3.0736514447148644e-06,3.264079934077647e-05,0.7436403593125572
2.1599999999999837,0.0039999999999995595,0.0,0.0012354703009569159,0.0003128734223136559,3.073963592640578e-06,3.188297192171104e-05,0.7437044787051155
2.1639999999999833,0.0039999999999995595,0.0,0.0012350210880764224,0.0003127483304915081,3.0742816794056624e-06,3.109770732379144e-05,0.7437683085349508
2.167999999999983,0.0039999999999995595,0.0,0.0012345860699851691,0.0003126264562897762,3.0746056892512854e-06,3.02863411906254e-05,0.7438318501115612
2.1719999999999824,0.0039999999999995595,0.0,0.0012341654970218748,0.0003125079001428731,3.0749355780486016e-06,2.9450218161070773e-05,0.7438951047386602
2.175999999999982,0.0039999999999995595,0.0,0.0012337593496739606,0.0003123926376950937,3.0752713856641262e-06,2.8650415638154714e-05,0.7438951047386602
2.1799999999999815,0.0039999999999995595,0.0,0.0012333671809524333,0.00031228045582642154,3.075613322299319e-06,2.7868466949614407e-05,0.7439580737141858
2.183999999999981,0.0039999999999995595,0.0,0.0012329893428481525,0.00031217153201238367,3.0759612314716105e-06,2.7041622038736317e-05,0.7440215539031942
2.1879999999999806,0.0039999999999995595,0.0,0.0012326261718898928,0.00031206603992806227,3.076314927255687e-06,2.6173477135912616e-05,0.7440845877542271
2.19199999999998,0.0039999999999995595,0.0,0.0012322779437631776,0.00031196412228556733,3.076674200340044e-06,2.5271504680410675e-05,0.7441472171275476
2.1959999999999797,0.0039999999999995595,0.0,0.001231944881208177,0.0003118658957082897,3.077038821404903e-06,2.4341775102138793e-05,0.7442094812960947
2.1999999999999793,0.0039999999999995595,0.0,0.0012316271637432467,0.0003117714570593507,3.077408544703155e-06,2.338889228638796e-05,0.7442714076803256
2.203999999999979,0.0039999999999995595,0.0,0.0012313249352482833,0.0003116808880585012,3.0777831106824933e-06,2.241641437446922e-05,0.7443330155375858
2.2079999999999784,0.0039999999999995595,0.0,0.0012310385945699441,0.000311594421330672,3.07816207655935e-06,2.13457024827249e-05,0.7444553261032243
2.211999999999978,0.0039999999999995595,0.0,0.0012307689146745177,0.0003115124985050421,3.078544699799926e-06,2.0220100785717218e-05,0.7445152754026497
2.2159999999999775,0.0039999999999995595,0.0,0.0012305156381892891,0.00031143497674686175,3.0789307871000645e-06,1.912632605692419e-05,0.7445751086051609
2.219999999999977,0.0039999999999995595,0.0,0.0012302785786086519,0.0003113617659395519,3.0793201193062568e-06,1.8052518717167366e-05,0.7446347778788402
2.2239999999999767,0.0039999999999995595,0.0,0.0012300575932242437,0.0003112928106441517,3.079712454588762e-06,1.6990911900736998e-05,0.7446942505161349
2.227999999999976,0.0039999999999995595,0.0,0.0012298525645897047,0.00031122807776336257,3.080107531620068e-06,1.5936536924683277e-05,0.7447535043715419
2.231999999999976,0.0039999999999995595,0.0,0.0012296633871962442,0.00031116754811082257,3.080505072667902e-06,1.4886337494646397e-05,0.7448125246267039
2.2359999999999753,0.0039999999999995595,0.0,0.0012294899591886936,0.00031111121064947614,3.080904786374582e-06,1.3838564483168677e-05,0.7448713015194454
2.239999999999975,0.0039999999999995595,0.0,0.0012293321764208773,0.00031105905855241544,3.0813063702335503e-06,1.279236274848112e-05,0.7449298287618242
2.2439999999999745,0.0039999999999995595,0.0,0.0012291899282221841,0.0003110110865078642,3.081709512942502e-06,1.1747489078691967e-05,0.7449881024448644
2.247999999999974,0.0039999999999995595,0.0,0.0012290630946974876,0.00031096728887412465,3.0821138965435873e-06,1.0704119492790306e-05,0.745046120283909
2.2519999999999736,0.0039999999999995595,0.0,0.0012289515452914752,0.00031092765841628245,3.082519198562605e-06,9.662717372010599e-06,0.7451038811006533
2.255999999999973,0.0039999999999995595,0.0,0.0012288551373539104,0.00031089218544244255,3.0829250939769424e-06,8.623943006885138e-06,0.7451613844687069
2.2599999999999727,0.0039999999999995595,0.0,0.0012287737157000353,0.0003108608572157754,3.083331257197842e-06,7.588591447993325e-06,0.7452186304716258
2.2639999999999723,0.0039999999999995595,0.0,0.001228707111811458,0.0003108336575584111,3.0837373639980453e-06,6.557549974625668e-06,0.7452756195380232
2.267999999999972,0.0039999999999995595,0.0,0.0012286551442136074,0.00031081056659016206,3.084143093354924e-06,5.5317698496795164e-06,0.7453323523293506
2.2719999999999714,0.0039999999999995595,0.0,0.0012286176179517837,0.0003107915605632814,3.0845481293278672e-06,4.5122503543944074e-06,0.7453888296635919
2.275999999999971,0.0039999999999995595,0.0,0.001228594325334289,0.0003107766117667836,3.0849521628138365e-06,3.5000392284426445e-06,0.745445052463399
2.2799999999999705,0.0039999999999995595,0.0,0.0012285847752181087,0.00031076549573300365,3.0853550376865215e-06,2.5926055931989077e-06,0.745445052463399
2.28399999999997,0.0039999999999995595,0.0,0.0012285881249015948,0.00031075772893134133,3.0857568842851965e-06,1.7428570189742495e-06,0.7455010217208502
2.2879999999999696,0.0039999999999995595,0.0,0.0012286045021451246,0.00031075350931588074,3.0861573766617175e-06,8.450446598885266e-07,0.7455574440614412
2.291999999999969,0.0039999999999995595,0.0,0.0012286340049227722,0.0003107530184809921,3.0865561782053283e-06,1.4238043605067152e-07,0.7456134701340118
2.2959999999999687,0.0039999999999995595,0.0,0.0012286766031029868,0.0003107563590036235,3.0869529767792033e-06,1.0680449514744357e-06,0.7456691371442629
2.2999999999999683,0.0039999999999995595,0.0,0.0012287321662062176,0.00031076357271846486,3.0873474855400265e-06,2.035083233748352e-06,0.7457244799408275
2.303999999999968,0.0039999999999995595,0.0,0.001228800494426196,0.0003107746603246878,3.0877394436836015e-06,3.001703873999495e-06,0.7457795228211516
2.3079999999999674,0.0039999999999995595,0.0,0.0012288813394456422,0.00031078959494480084,3.0881286162830307e-06,3.960617245576424e-06,0.745834282818208
2.311999999999967,0.0039999999999995595,0.0,0.0012289746667246357,0.0003108085224336314,3.0885146993813984e-06,5.003083914283616e-06,0.7459429987059851
2.3159999999999665,0.0039999999999995595,0.0,0.0012290806702478982,0.00031083180133889896,3.0888972170489506e-06,6.064817738433706e-06,0.745996286006725
2.319999999999966,0.0039999999999995595,0.0,0.0012291985656409522,0.00031085906850774323,3.0892760304259867e-06,7.0426729897657835e-06,0.7460494698216307
2.3239999999999656,0.0039999999999995595,0.0,0.001229327708723072,0.00031089005370141406,3.089651026688935e-06,7.957569002399787e-06,0.746102507658493
2.327999999999965,0.0039999999999995595,0.0,0.0012294675489959667,0.0003109245486723346,3.0900221156872126e-06,8.823462757947884e-06,0.7461553704888837
2.3319999999999648,0.0039999999999995595,0.0,0.0012296175977714997,0.00031096238644727725,3.090389228125503e-06,9.649642912292423e-06,0.746208038670134
2.3359999999999643,0.0039999999999995595,0.0,0.0012297774076850134,0.00031100342744646653,3.0907523145754087e-06,1.0442268570198783e-05,0.7462604990624192
2.339999999999964,0.0039999999999995595,0.0,0.001229946557993159,0.00031104755017770483,3.0911113447501836e-06,1.1205399783891212e-05,0.7463127430093021
2.3439999999999634,0.0039999999999995595,0.0,0.001230124645203015,0.00031109464499130146,3.091466306801524e-06,1.1941687257315728e-05,0.7463647649332344
2.347999999999963,0.0039999999999995595,0.0,0.0012303112773149165,0.0003111446098831314,3.09181720670155e-06,1.26528340480897e-05,0.7464165613642665
2.3519999999999626,0.0039999999999995595,0.0,0.0012305060688796326,0.00031119734766942855,3.0921640674525875e-06,1.3339904956797184e-05,0.746468130271358
2.355999999999962,0.0039999999999995595,0.0,0.0012307084611406457,0.00031125260741480425,3.0925069323575574e-06,1.3925176679219386e-05,0.746468130271358
2.3599999999999617,0.0039999999999995595,0.0,0.0012309177228380203,0.0003113099451188718,3.0928459281247116e-06,1.4453371089347922e-05,0.7465194706036586
2.3639999999999612,0.0039999999999995595,0.0,0.0012311338129544311,0.00031136948946641746,3.093181204057344e-06,1.5014390078053546e-05,0.746571228878139
2.367999999999961,0.0039999999999995595,0.0,0.001231356668477775,0.00031143135454227535,3.0935128820572637e-06,1.559879722269309e-05,0.7466226256474209
2.3719999999999604,0.0039999999999995595,0.0,0.0012315861154500259,0.0003114955825566492,3.093841076283756e-06,1.618975010923974e-05,0.7466736943235179
2.37599999999996,0.0039999999999995595,0.0,0.0012318218960253849,0.0003115621616418462,3.09416589948364e-06,1.6775091432556785e-05,0.7467244663766087
2.3799999999999595,0.0039999999999995595,0.0,0.0012320636974874196,0.00031163104443208175,3.094487468236616e-06,1.7346890960091247e-05,0.746774963765696
2.383999999999959,0.0039999999999995595,0.0,0.0012323111717772006,0.0003117021607495035,3.0948059060134382e-06,1.7900051649404268e-05,0.7468252018976215
2.3879999999999586,0.0039999999999995595,0.0,0.0012325639490555747,0.00031177542573667056,3.0951213447740112e-06,1.84312882960612e-05,0.746875191640424
2.391999999999958,0.0039999999999995595,0.0,0.001232821645486226,0.00031185074503260025,3.095433925637042e-06,1.89384706348002e-05,0.7469249407202933
2.3959999999999577,0.0039999999999995595,0.0,0.0012330838690282355,0.00031192801809214844,3.095743799113577e-06,1.9420211551518857e-05,0.7469744547033437
2.3999999999999573,0.0039999999999995595,0.0,0.0012333502232403611,0.00031200714034677174,3.096051125033296e-06,1.9875610095223685e-05,0.7470237376802011
2.403999999999957,0.0039999999999995595,0.0,0.0012336203095495476,0.0003120880046416322,3.0963560721666237e-06,2.0304090803189882e-05,0.7470727927382019
2.4079999999999564,0.0039999999999995595,0.0,0.0012338938267807285,0.000312170611858363,3.0966588669918248e-06,2.076014715958206e-05,0.7471702282640527
2.411999999999956,0.0039999999999995595,0.0,0.0012341705122272055,0.0003122550763319207,3.096959764854735e-06,2.120231885763901e-05,0.7472179999132809
2.4159999999999555,0.0039999999999995595,0.0,0.0012344496688179488,0.00031234108692215117,3.0972588362957485e-06,2.1571912114900736e-05,0.7472656835246262
2.419999999999955,0.0039999999999995595,0.0,0.0012347307118601816,0.00031242840323461075,3.0975561999422215e-06,2.1884898199061225e-05,0.7473132394907759
2.4239999999999546,0.0039999999999995595,0.0,0.0012350131344030177,0.00031251683244256837,3.097852009209545e-06,2.2152034254322527e-05,0.7473606407139465
2.427999999999954,0.0039999999999995595,0.0,0.0012352964832491244,0.00031260621393813993,3.0981464422742457e-06,2.2380623403820122e-05,0.7474078688291715
2.4319999999999538,0.0039999999999995595,0.0,0.0012355803437122234,0.000312696409153893,3.0984396942050456e-06,2.2575677083137058e-05,0.7474549115292872
2.4359999999999533,0.0039999999999995595,0.0,0.001235864329154705,0.00031278729479859295,3.0987319707032116e-06,2.274068260273626e-05,0.7475017606881572
2.439999999999953,0.0039999999999995595,0.0,0.00123614807431029,0.0003128787583481823,3.0990234831658957e-06,2.287811028745581e-05,0.7475484110536365
2.4439999999999524,0.0039999999999995595,0.0,0.0012364312305003437,0.00031297069502804595,3.0993144446865736e-06,2.298974897573182e-05,0.7475948593426354
2.447999999999952,0.0039999999999995595,0.0,0.0012367134625614503,0.00031306300578335934,3.0996050668230715e-06,2.3076928478958245e-05,0.7476411036174713
2.4519999999999516,0.0039999999999995595,0.0,0.0012369944467636236,0.00031315559590622255,3.0998955571145227e-06,2.314066761701189e-05,0.7476871428576545
2.455999999999951,0.0039999999999995595,0.0,0.00123727386944847,0.00031324837410147833,3.1001861170422258e-06,2.318177325795328e-05,0.7477329766667111
2.4599999999999507,0.0039999999999995595,0.0,0.001237551426117093,0.0003133412518475899,3.1004769405122804e-06,2.3200907079854698e-05,0.7477786050719206
2.4639999999999502,0.0039999999999995595,0.0,0.0012378268206980217,0.00031343414295784014,3.1007682126944483e-06,2.3198631032017642e-05,0.747824028387742
2.46799999999995,0.0039999999999995595,0.0,0.0012380997654432857,0.00031352696327924804,3.101060109061166e-06,2.317543870737891e-05,0.7478692471227976
2.4719999999999493,0.0039999999999995595,0.0,0.0012383699803758998,0.00031361963048763726,3.101352794796181e-06,2.3131777345582197e-05,0.7479142619165705
2.475999999999949,0.0039999999999995595,0.0,0.0012386371931858242,0.0003137120639510918,3.1016464242650916e-06,2.3068063564579585e-05,0.7479590734963419
2.4799999999999485,0.0039999999999995595,0.0,0.0012389011393945397,0.0003138041846430551,3.1019411407472233e-06,2.2984694844164786e-05,0.7480036826479023
2.483999999999948,0.0039999999999995595,0.0,0.0012391615620711376,0.00031389591509225085,3.1022370761969063e-06,2.2882058089923333e-05,0.7480480901956277
2.4879999999999476,0.0039999999999995595,0.0,0.0012394182121755583,0.00031398717936047775,3.102534351094092e-06,2.2760536147943434e-05,0.7480922969889221
2.491999999999947,0.0039999999999995595,0.0,0.0012396708482743082,0.0003140779030418703,3.102833074457232e-06,2.2620512840516913e-05,0.7481363038929856
2.4959999999999467,0.0039999999999995595,0.0,0.0012399192370622536,0.0003141680132788953,3.1031333438119776e-06,2.2462376901028832e-05,0.7481801117825261
2.4999999999999463,0.0039999999999995595,0.0,0.0012401631528989666,0.0003142574387914806,3.103435245237291e-06,2.2286525062743318e-05,0.7482237215374743
2.503999999999946,0.0039999999999995595,0.0,0.001240402378419662,0.0003143461099164067,3.1037388533650405e-06,2.209336446514099e-05,0.748267134040064
2.5079999999999454,0.0039999999999995595,0.0,0.0012406367046085302,0.00031443395865463243,3.1040442315368443e-06,2.1883314508065638e-05,0.7483103501728398
2.511999999999945,0.0039999999999995595,0.0,0.0012408659306036769,0.0003145209187245725,3.1043514318734705e-06,2.165680822542497e-05,0.7483533708173051
2.5159999999999445,0.0039999999999995595,0.0,0.0012410898641286175,0.0003146069256196504,3.1046604955012348e-06,2.141429325578797e-05,0.7483961968530052
2.519999999999944,0.0039999999999995595,0.0,0.0012413083214763076,0.00031469191666862027,3.1049714525907256e-06,2.1156232447710072e-05,0.7484388291569036
2.5239999999999436,0.0039999999999995595,0.0,0.0012415211275828785,0.0003147758310973715,3.105284322598798e-06,2.0883104154359592e-05,0.7484812686029712
2.527999999999943,0.0039999999999995595,0.0,0.0012417281163698344,0.00031485861009105005,3.105599114494426e-06,2.0595402243402024e-05,0.7485235160619104
2.5319999999999427,0.0039999999999995595,0.0,0.001241929130639297,0.0003149401968554737,3.1059158269074258e-06,2.029363586046412e-05,0.7485655724009789
2.5359999999999423,0.0039999999999995595,0.0,0.0012421240221485307,0.0003150205366769541,3.1062344485963028e-06,1.997832897811845e-05,0.7486074384838824
2.539999999999942,0.0039999999999995595,0.0,0.0012423126517742205,0.0003150995769797301,3.1065549584238607e-06,1.9650019753048172e-05,0.7486491151707027
2.5439999999999414,0.0039999999999995595,0.0,0.0012424948896771007,0.00031517726738035146,3.106877325844246e-06,1.9309259722779048e-05,0.7486906033178753
2.547999999999941,0.0039999999999995595,0.0,0.0012426706151989597,0.00031525355973843473,3.1072015112282823e-06,1.8956612867777218e-05,0.748731903778169
2.5519999999999405,0.0039999999999995595,0.0,0.0012428397168496507,0.00031532840820332783,3.107527466216761e-06,1.8592654560280615e-05,0.748773017400691
2.55599999999994,0.0039999999999995595,0.0,0.0012430020924733603,0.0003154017692562981,3.1078551341340417e-06,1.821797042401847e-05,0.7488139450308976
2.5599999999999397,0.0039999999999995595,0.0,0.001243157649326084,0.000315473601747947,3.1081844503643947e-06,1.7833155124293558e-05,0.7488546875106123
2.563999999999939,0.0039999999999995595,0.0,0.0012433063038858401,0.0003155438669306384,3.108515342831614e-06,1.743881111024091e-05,0.7488952456780416
2.5679999999999388,0.0039999999999995595,0.0,0.0012434479819315837,0.00031561252848579213,3.108847732457059e-06,1.7035547323312034e-05,0.7489356203677987
2.5719999999999383,0.0039999999999995595,0.0,0.0012435826184442305,0.00031567955254596745,3.1091815336656993e-06,1.6623977892434204e-05,0.7489758124109237
2.575999999999938,0.0039999999999995595,0.0,0.0012437101575977552,0.0003157449077117128,3.1095166549573574e-06,1.6204720824940087e-05,0.7490158226349032
2.5799999999999375,0.0039999999999995595,0.0,0.0012438305529295609,0.0003158085650632145,3.109852999418563e-06,1.577839671061875e-05,0.7490556518636896
2.583999999999937,0.0039999999999995595,0.0,0.00124394376670827,0.00031587049816682197,3.1101904652987213e-06,1.534562744605012e-05,0.7490953009177199
2.5879999999999366,0.0039999999999995595,0.0,0.0012440497703735418,0.00031593068307656533,3.1105289465263622e-06,1.490703499230274e-05,0.7491347706139289
2.591999999999936,0.0039999999999995595,0.0,0.0012441485443517764,0.00031598909833080934,3.1108683334086595e-06,1.4463240168865564e-05,0.7491740617657668
2.5959999999999357,0.0039999999999995595,0.0,0.0012442400776050083,0.0003160457249442244,3.1112085131886214e-06,1.4014861495422085e-05,0.749213175183208
2.5999999999999353,0.0039999999999995595,0.0,0.001244324367894545,0.00031610054639527276,3.1115493706157234e-06,1.356251408322023e-05,0.7492521116727641
2.603999999999935,0.0039999999999995595,0.0,0.00124440142142073,0.00031615354860940937,3.111890788616982e-06,1.3106808579570505e-05,0.7492908720374902
2.6079999999999344,0.0039999999999995595,0.0,0.0012444712528204476,0.00031620471993823885,3.1122326488832083e-06,1.2648350171109843e-05,0.749329457076995
2.611999999999934,0.0039999999999995595,0.0,0.0012445338848977349,0.00031625405113485413,3.112574832511904e-06,1.2187737645857403e-05,0.7493678675874444
2.6159999999999335,0.0039999999999995595,0.0,0.0012445893484444041,0.00031630153532559197,3.112917220609159e-06,1.1725562513129298e-05,0.7494061043615677
2.619999999999933,0.0039999999999995595,0.0,0.0012446376823290097,0.00031634716797844097,3.1132596948602615e-06,1.1262408183706406e-05,0.749444168188659
2.6239999999999326,0.0039999999999995595,0.0,0.0012446789328728965,0.00031639094686834144,3.113602138126012e-06,1.0798849209207993e-05,0.749482059854582
2.627999999999932,0.0039999999999995595,0.0,0.0012447131540297867,0.0003164328720396058,3.113944435064568e-06,1.0335450579120278e-05,0.7495197801417722
2.6319999999999317,0.0039999999999995595,0.0,0.0012447404070307993,0.00031647294576568055,3.1142864726399254e-06,9.872767073910199e-06,0.7495573298292337
2.6359999999999313,0.0039999999999995595,0.0,0.0012447607602976989,0.00031651117250647276,3.1146281406487423e-06,9.41134267261545e-06,0.7495947096925472
2.639999999999931,0.0039999999999995595,0.0,0.0012447742890891553,0.00031654755886343657,3.114969332282099e-06,8.951710010940247e-06,0.7496319205038657
2.6439999999999304,0.0039999999999995595,0.0,0.0012447810754151409,0.0003165821135326277,3.1153099445782907e-06,8.494389892068394e-06,0.7496689630319165
2.64799999999993,0.0039999999999995595,0.0,0.0012447812076842694,0.0003166148472559034,3.115649878857948e-06,8.039890842165688e-06,0.7497058380420019
2.6519999999999295,0.0039999999999995595,0.0,0.0012447747807083779,0.00031664577277044686,3.115989041181417e-06,7.588708713246746e-06,0.7497425462960001
2.655999999999929,0.0039999999999995595,0.0,0.0012447618951724013,0.0003166749047567767,3.116327342736182e-06,7.141326328403268e-06,0.7497790885523661
2.6599999999999286,0.0039999999999995595,0.0,0.0012447426577289812,0.0003167022597853971,3.1166647002424335e-06,6.6982131703805226e-06,0.7498154655661347
2.663999999999928,0.0039999999999995595,0.0,0.0012447171805582858,0.0003167278562622254,3.117001036244192e-06,6.259825109895604e-06,0.7498516780889187
2.6679999999999278,0.0039999999999995595,0.0,0.0012446855812849116,0.00031675171437293265,3.1173362793530147e-06,5.826604177047568e-06,0.7498877268689157
2.6719999999999273,0.0039999999999995595,0.0,0.0012446479825382812,0.00031677385602631397,3.117670364632212e-06,5.398978376787844e-06,0.7499236126509086
2.675999999999927,0.0039999999999995595,0.0,0.001244604511959246,0.00031679430479680576,3.118003233702959e-06,4.977361553297067e-06,0.7499593361762703
2.6799999999999264,0.0039999999999995595,0.0,0.001244555301760898,0.0003168130858662484,3.118334834938548e-06,4.562153312552694e-06,0.7499948981829687
2.683999999999926,0.0039999999999995595,0.0,0.0012445004886463226,0.000316830225964992,3.1186651236459987e-06,4.153739024762421e-06,0.7500302994055709
2.6879999999999256,0.0039999999999995595,0.0,0.0012444402134588544,0.00031684575331243365,3.1189940621886727e-06,3.752489935380352e-06,0.7500655405752498
2.691999999999925,0.0039999999999995595,0.0,0.001244374621100031,0.0003168596975570657,3.119321619961344e-06,3.3587634512746416e-06,0.7501006224197915
2.6959999999999247,0.0039999999999995595,0.0,0.0012443038600907256,0.0003168720897161149,3.119647773506156e-06,2.9729037257238216e-06,0.7501355456636023
2.6999999999999242,0.0039999999999995595,0.0,0.0012442280823998994,0.0003168829621148408,3.1199725064400897e-06,2.59524279172417e-06,0.7501703110277175
2.703999999999924,0.0039999999999995595,0.0,0.001244147443362563,0.00031689234832556185,3.120295809501097e-06,2.2261028074652903e-06,0.75020491922981
2.7079999999999234,0.0039999999999995595,0.0,0.0012440621012407588,0.00031690028310647235,3.120617680392921e-06,1.8658007500896076e-06,0.7502393709842026
2.711999999999923,0.0039999999999995595,0.0,0.001243972217052095,0.0003169068023403096,3.1209381236481335e-06,1.5146592145552423e-06,0.7502736670018753
2.7159999999999225,0.0039999999999995595,0.0,0.0012438779544874175,0.00031691194297293207,3.1212571505324033e-06,1.1730348682103974e-06,0.7503078079904804
2.719999999999922,0.0039999999999995595,0.0,0.0012437794792928105,0.00031691574295186244,3.1215747788590363e-06,8.414105054725204e-07,0.7503417946543526
2.7239999999999216,0.0039999999999995595,0.0,0.0012436769595439061,0.00031691824116484815,3.12189103274089e-06,5.20812890583346e-07,0.7503756276945233
2.727999999999921,0.0039999999999995595,0.0,0.001243570565027446,0.0003169194773784978,3.122205942424005e-06,2.167198354077202e-07,0.7504093078087332
2.7319999999999207,0.0039999999999995595,0.0,0.0012434604670688227,0.0003169194921770389,3.12251954392763e-06,1.2776469766438098e-07,0.7504428356914461
2.7359999999999203,0.0039999999999995595,0.0,0.001243346838716543,0.00031691832690125825,3.1228318788469637e-06,4.0080643952655835e-07,0.7504762120338666
2.73999999999992,0.0039999999999995595,0.0,0.0012432298537657092,0.00031691602358766696,3.123142993997998e-06,6.793314158797775e-07,0.7505094375239524
2.7439999999999194,0.0039999999999995595,0.0,0.0012431096872097234,0.00031691262490794584,3.123452941044201e-06,9.490650620426039e-07,0.75054251284643
2.747999999999919,0.0039999999999995595,0.0,0.001242986562316574,0.0003169082276548786,3.123761777589481e-06,1.1818574558061177e-06,0.75054251284643
2.7519999999999185,0.0039999999999995595,0.0,0.0012428607297548782,0.000316902990651352,3.124069611266652e-06,1.3942366537241103e-06,0.7505754386828124
2.755999999999918,0.0039999999999995595,0.0,0.0012427322389990394,0.000316896873790193,3.1243765718509224e-06,1.6168305602632087e-06,0.7506086300937901
2.7599999999999176,0.0039999999999995595,0.0,0.0012426011504269503,0.00031688984432954784,3.1246827639084057e-06,1.845620743990164e-06,0.7506415898926914
2.763999999999917,0.0039999999999995595,0.0,0.0012424675680313196,0.0003168818980128286,3.124988280878198e-06,2.073929165138824e-06,0.7506743390000805
2.7679999999999167,0.0039999999999995595,0.0,0.0012423316277378374,0.0003168730518838484,3.1252932076054303e-06,2.2969708419431663e-06,0.7507068972829577
2.7719999999999163,0.0039999999999995595,0.0,0.0012421934862529764,0.00031686333677078554,3.1255976226696565e-06,2.5116780280785343e-06,0.7507392787505244
2.775999999999916,0.0039999999999995595,0.0,0.0012420533126759326,0.00031685279209529605,3.125901600751822e-06,2.7161472510028445e-06,0.7507714933496195
2.7799999999999154,0.0039999999999995595,0.0,0.0012419112832340055,0.0003168414625125643,3.1262052143842572e-06,2.9092262751396488e-06,0.7508035481647677
2.783999999999915,0.0039999999999995595,0.0,0.0012417675778919222,0.00031682939576250466,3.126508535393563e-06,3.0902433161391803e-06,0.7508354482658758
2.7879999999999145,0.0039999999999995595,0.0,0.0012416223781211019,0.00031681664129617137,3.126811635772565e-06,3.25883398877967e-06,0.750867197320199
2.791999999999914,0.0039999999999995595,0.0,0.001241475865293146,0.0003168032493951531,3.1271145881500083e-06,3.4148312494825962e-06,0.7508987980286206
2.7959999999999137,0.0039999999999995595,0.0,0.0012413282197874477,0.0003167892706044171,3.127417465939312e-06,3.558195373464046e-06,0.750930252431255
2.7999999999999132,0.0039999999999995595,0.0,0.0012411796203662397,0.00031677475536487837,3.127720343189167e-06,3.6889692910312105e-06,0.7509615621184549
2.803999999999913,0.0039999999999995595,0.0,0.0012410302434594598,0.0003167597537736995,3.1280232942457043e-06,3.8072499815888553e-06,0.7509927283750639
2.8079999999999123,0.0039999999999995595,0.0,0.0012408802586910536,0.00031674428894563287,3.128326393396051e-06,3.926383018492642e-06,0.7510546347645372
2.811999999999912,0.0039999999999995595,0.0,0.001240729872005899,0.0003167283635229915,3.128629675799381e-06,4.03344794094161e-06,0.751084988694141
2.8159999999999115,0.0039999999999995595,0.0,0.0012405793438595117,0.00031671208926047035,3.128933152498084e-06,4.114429221860467e-06,0.7511152852577713
2.819999999999911,0.0039999999999995595,0.0,0.0012404288945572414,0.0003166955531128155,3.129236852286828e-06,4.174922510770328e-06,0.7511455002783785
2.8239999999999106,0.0039999999999995595,0.0,0.0012402787171200173,0.00031667882531695007,3.1295408176242557e-06,4.218700527196635e-06,0.7511756170217678
2.82799999999991,0.0039999999999995595,0.0,0.001240128985056205,0.0003166619648295849,3.1298451003589173e-06,4.248310077512609e-06,0.7512056240357522
2.8319999999999097,0.0039999999999995595,0.0,0.0012399798579900466,0.0003166450229782253,3.130149757824377e-06,4.265475284132112e-06,0.7512355135810032
2.8359999999999093,0.0039999999999995595,0.0,0.001239831485503098,0.00031662804590678543,3.1304548494606592e-06,4.271369578892643e-06,0.7512652805087264
2.839999999999909,0.0039999999999995595,0.0,0.0012396840097245287,0.0003166110762087022,3.1307604340170453e-06,4.266799023267186e-06,0.7512949214670532
2.8439999999999084,0.0039999999999995595,0.0,0.0012395375665796638,0.0003165941540126403,3.131066567474251e-06,4.2523258141515196e-06,0.7513244343447623
2.847999999999908,0.0039999999999995595,0.0,0.00123939228703933,0.0003165773176993726,3.1313733013832682e-06,4.22835151048246e-06,0.7513538178840098
2.8519999999999075,0.0039999999999995595,0.0,0.0012392482980116567,0.0003165606043700007,3.13168068177014e-06,4.195173159709126e-06,0.7513830714121488
2.855999999999907,0.0039999999999995595,0.0,0.0012391057225176352,0.00031654405014634675,3.1319887484412107e-06,4.153021194132581e-06,0.7514121946567917
2.8599999999999066,0.0039999999999995595,0.0,0.0012389646797771304,0.00031652769035785756,3.1322975345992006e-06,4.102085073257752e-06,0.7514411876186838
2.863999999999906,0.0039999999999995595,0.0,0.0012388252858326087,0.00031651155965160767,3.1326070667083244e-06,4.042530668985843e-06,0.7514700504845266
2.8679999999999057,0.0039999999999995595,0.0,0.0012386876530976968,0.0003164956920500915,3.1329173645536364e-06,3.974512077666242e-06,0.7514987835673089
2.8719999999999053,0.0039999999999995595,0.0,0.0012385518908914264,0.00031648012097351176,3.1332284413842947e-06,3.898179653486324e-06,0.7515273872655115
2.875999999999905,0.0039999999999995595,0.0,0.0012384181046280762,0.00031646487923794094,3.1335403042292667e-06,3.813685469036747e-06,0.7515558620352395
2.8799999999999044,0.0039999999999995595,0.0,0.0012382863964410019,0.00031644999903716734,3.133852954231307e-06,3.7211870007233927e-06,0.7515842083711854
2.883999999999904,0.0039999999999995595,0.0,0.001238156864999859,0.0003164355119136456,3.1341663870755144e-06,3.620849584090118e-06,0.751612426793632
2.8879999999999035,0.0039999999999995595,0.0,0.0012380296050586823,0.00031642144872235967,3.1344805933234243e-06,3.51284799945374e-06,0.7516405178395703
2.891999999999903,0.0039999999999995595,0.0,0.0012379047077211932,0.0003164078395903196,3.134795558868576e-06,3.3973674366887686e-06,0.7516684820566237
2.8959999999999027,0.0039999999999995595,0.0,0.0012377822601681366,0.00031639471387368267,3.135111265314337e-06,3.274604005091074e-06,0.7516963199988947
2.899999999999902,0.0039999999999995595,0.0,0.0012376623457433097,0.00031638210011396837,3.1354276903745685e-06,3.144764911838893e-06,0.7517240322241174
2.9039999999999018,0.0039999999999995595,0.0,0.0012375450436808535,0.00031637002599448885,3.1357448082120935e-06,3.0080683866762808e-06,0.7517516192917137
2.9079999999999013,0.0039999999999995595,0.0,0.001237430429191334,0.0003163585182978255,3.136062589789249e-06,2.8647434299464888e-06,0.7517790817614387
2.911999999999901,0.0039999999999995595,0.0,0.0012373185733684986,0.0003163476028650486,3.1363810031257403e-06,2.7150294207620538e-06,0.7518064201924763
2.9159999999999004,0.0039999999999995595,0.0,0.00123720954282686,0.00031633730455717053,3.1367000137021216e-06,2.559175645993355e-06,0.7518336351428051
2.9199999999999,0.0039999999999995595,0.0,0.0012371034003263771,0.0003163276472192449,3.1370195846648955e-06,2.3974407873055345e-06,0.7518607271687627
2.9239999999998996,0.0039999999999995595,0.0,0.0012370001440076997,0.00031631862644001483,3.1373397159358585e-06,2.24371220825605e-06,0.7518607271687627
2.927999999999899,0.0039999999999995595,0.0,0.0012368996669731352,0.0003163101938224982,3.1376605043833984e-06,2.0941462528193054e-06,0.7518876968247508
2.9319999999998987,0.0039999999999995595,0.0,0.0012368020542797525,0.0003163023897421352,3.1379819387878975e-06,1.934326740110995e-06,0.7519148823774822
2.9359999999998982,0.0039999999999995595,0.0,0.0012367073887476464,0.00031629525449495546,3.1383039847118166e-06,1.7648935024065722e-06,0.7519418790278599
2.939999999999898,0.0039999999999995595,0.0,0.0012366157405427282,0.00031628882197903195,3.1386265987130175e-06,1.5874067966169059e-06,0.7519687036882499
2.9439999999998974,0.0039999999999995595,0.0,0.0012365271684271898,0.00031628312066810154,3.1389497306722116e-06,1.4031533359007028e-06,0.751995372425661
2.947999999999897,0.0039999999999995595,0.0,0.0012364417218190447,0.00031627817486551375,3.1392733262713387e-06,1.2131441898543066e-06,0.7520218965797796
2.9519999999998965,0.0039999999999995595,0.0,0.001236359442493701,0.0003162740055901435,3.1395973288203294e-06,1.018216756593278e-06,0.75204828420687
2.955999999999896,0.0039999999999995595,0.0,0.0012362804339085744,0.00031627066824558295,3.1399216377129784e-06,8.006605381476371e-07,0.7521006712285557
2.9599999999998956,0.0039999999999995595,0.0,0.001236204894809465,0.0003162682672684755,3.1402460494574813e-06,5.702237763030543e-07,0.7521263508998338
2.963999999999895,0.0039999999999995595,0.0,0.0012361327780512487,0.0003162667747895826,3.140570489327885e-06,3.4809855746875847e-07,0.7521519782410482
2.9679999999998947,0.0039999999999995595,0.0,0.0012360640507303674,0.00031626617350231104,3.140894892893348e-06,1.4194333761651083e-07,0.7521775340579813
2.9719999999998943,0.0039999999999995595,0.0,0.0012359986887106303,0.0003162664529722742,3.1412192046642876e-06,1.3151940081029035e-07,0.7522030050534029
2.975999999999894,0.0039999999999995595,0.0,0.0012359366728535149,0.0003162676071726278,3.1415433762630077e-06,3.320173716401978e-07,0.7522283821211742
2.9799999999998934,0.0039999999999995595,0.0,0.0012358779859656943,0.0003162696328330552,3.141867364872963e-06,5.458099708181004e-07,0.752253659105346
2.983999999999893,0.0039999999999995595,0.0,0.0012358226119914598,0.0003162725283289973,3.1421911317521533e-06,7.615430898615922e-07,0.7522788319112944
2.9879999999998925,0.0039999999999995595,0.0,0.0012357705340369284,0.0003162762929299248,3.142514640960306e-06,9.778936045566115e-07,0.7523038978763124
2.991999999999892,0.0039999999999995595,0.0,0.0012357217341906197,0.0003162809262866876,3.14283785820829e-06,1.19451331523941e-06,0.7523288553278547
2.9959999999998916,0.0039999999999995595,0.0,0.0012356761925353958,0.00031628642807853913,3.143160750215279e-06,1.41123031522589e-06,0.7523537032755754
2.999999999999891,0.0039999999999995595,0.0,0.001235633887238442,0.00031629279776735145,3.1434832841342767e-06,1.6279025101845462e-06,0.7523784411977833
3.0039999999998908,0.0039999999999995595,5.0,0.001235612975434287,0.00031630014418477457,3.4157723555715988e-06,0.00013607741318759025,0.7524030688939691
3.0079999999998903,0.0039999999999995595,5.0,0.001235719789962352,0.0003163088912932728,4.99643752936297e-06,0.0004882819582116754,0.75341374763227
3.01199999999989,0.0039999999999995595,5.0,0.0012361455281951757,0.00031631910478603593,8.240288797203573e-06,0.0009229869966702346,0.7541644427495389
3.0159999999998894,0.0039999999999995595,5.0,0.001237188410428404,0.00031633119707476047,1.3443620772797542e-05,0.001430888299287623,0.7547358626960575
3.019999999999889,0.0039999999999995595,5.0,0.001239208852486401,0.0003163461184130628,2.0919291117194367e-05,0.0020194890020123657,0.7551755119620863
3.0239999999998886,0.0039999999999995595,5.0,0.001242590678054338,0.0003163643868034268,3.097637392781568e-05,0.002680897306066998,0.7555119554737841
3.027999999999888,0.0039999999999995595,5.0,0.001247723451374783,0.00031638683830262647,4.38288414259593e-05,0.0033898400356065497,0.7557703514222687
3.0319999999998877,0.0039999999999995595,5.0,0.001254989906915601,0.00031641471082331535,5.960487695292353e-05,0.004126105394053377,0.7559694847527604
3.0359999999998872,0.0039999999999995595,5.0,0.001264756068872014,0.00031644961797693563,7.836482833429412e-05,0.0048737410057088796,0.7561226330070279
3.039999999999887,0.0039999999999995595,5.0,0.00127736276582968,0.000316493509452353,0.000100115799607584,0.00562025180209454,0.7562392166261306
3.0439999999998864,0.0039999999999995595,5.0,0.0012931177576129523,0.0003165486224316572,0.00012482344907780308,0.006355934212265231,0.7563259535351552
3.047999999999886,0.0039999999999995595,5.0,0.0013122881979008454,0.0003166174065381748,0.0001524218061444837,0.007073490942741208,0.7563876669294448
3.0519999999998855,0.0039999999999995595,5.0,0.001335087119517951,0.00031670187341622825,0.00018283316392453194,0.007771755646963296,0.7564302154303476
3.055999999999885,0.0039999999999995595,5.0,0.0013616629892366134,0.00031680461040012694,0.0002159813930203758,0.008450656285982941,0.7564640696612231
3.0599999999998846,0.0039999999999995595,5.0,0.00139210841409312,0.00031692867078658476,0.0002517702936579498,0.009103825058770353,0.7564919034458039
3.063999999999884,0.0039999999999995595,5.0,0.0014264654562797217,0.0003170770444190964,0.00029008037335174385,0.009725925156584637,0.7565108993789016
3.0679999999998837,0.0039999999999995595,5.0,0.0014647274365812,0.0003172525720608316,0.000330775738577769,0.010313232033851172,0.7565189477395798
3.0719999999998833,0.0039999999999995595,5.0,0.0015068416281043971,0.00031745786106760567,0.00037370939168490425,0.010863256707462394,0.7565145106485378
3.075999999999883,0.0039999999999995595,5.0,0.0015527127663009432,0.0003176952059328689,0.00041872725375083873,0.01137444526113725,0.7564965202824762
3.0799999999998824,0.0039999999999995595,5.0,0.0016022072122271898,0.0003179665155349207,0.0004656711764282229,0.011845940849469078,0.7564643015022938
3.083999999999882,0.0039999999999995595,5.0,0.001655157591258881,0.00031827323982757473,0.0005143811162429664,0.012277375846730448,0.7564175111972727
3.0879999999998815,0.0039999999999995595,5.0,0.0017113685702777838,0.000318616098301627,0.0005646956657886713,0.012668365759222392,0.7563561009963125
3.091999999999881,0.0039999999999995595,5.0,0.0017706229556395552,0.00031899477283179516,0.0006164520888474092,0.013018656613690373,0.7562803053597753
3.0959999999998806,0.0039999999999995595,5.0,0.0018326859672859912,0.0003194079734944169,0.000669487946013432,0.013328420435505082,0.7561905675895314
3.09999999999988,0.0039999999999995595,5.0,0.0018973089258505031,0.0003198535483903655,0.000723642461725148,0.013598142288415327,0.756087491780584
3.1039999999998797,0.0039999999999995595,5.0,0.0019642325519737204,0.0003203285907190688,0.0007787574869394279,0.013828525976118318,0.7559718096810059
3.1079999999998793,0.0039999999999995595,5.0,0.0020331898975994443,0.0003208295422384096,0.0008346781547877144,0.014020422823420106,0.7851714928564663
3.111999999999879,0.0039999999999995595,5.0,0.0021039089374909298,0.0003213522927846017,0.0008912533079755476,0.014174779076149191,0.8158532975429369
3.1159999999998784,0.0039999999999995595,5.0,0.0021761148537649162,0.00032189227573674393,0.0009483357609444214,0.014292598146944792,0.8473286498703105
3.119999999999878,0.0039999999999995595,5.0,0.0022495320481879045,0.00032244455935320743,0.0010057824465806947,0.014374914543097162,0.879527319775674
3.1239999999998775,0.0039999999999995595,5.0,0.002323885915072747,0.0003230039338721286,0.0010634544862206778,0.014422776844403046,0.91237465151231
3.127999999999877,0.0039999999999995595,5.0,0.002398904405198931,0.0003235649942071585,0.0011212172125911074,0.014437237564638774,0.9457919318997082
3.1319999999998767,0.0039999999999995595,5.0,0.0024743194080982947,0.0003241222180106751,0.0011789401678781208,0.01441934813135577,0.9796967826152443
3.135999999999876,0.0039999999999995595,5.0,0.0025498679758853837,0.00032467003883509854,0.0012364970931011215,0.01437015756238798,1.0140035717893852
3.139999999999876,0.0039999999999995595,5.0,0.0026252934087434635,0.00032520291410616454,0.0012937659201626272,0.01429071370790815,1.0486238408305908
3.1439999999998753,0.0039999999999995595,5.0,0.0027003462184383414,0.0003257153876325022,0.0013506287741551581,0.014182066169647371,1.0834667429326679
3.147999999999875,0.0039999999999995595,5.0,0.002774784983827562,0.000326202146412895,0.001406971990557886,0.014045270209381813,1.118439490129088
3.1519999999998745,0.0039999999999995595,5.0,0.0028483771086765613,0.00032665807156319413,0.0014626861496949042,0.013881391121996298,1.1534478060765183
3.155999999999874,0.0039999999999995595,5.0,0.0029208843958233865,0.0003270775110796068,0.001517736927923755,0.013726910181330376,1.1534478060765183
3.1599999999998736,0.0039999999999995595,5.0,0.002992086683978931,0.0003274535659313653,0.0015722030174219273,0.013570387074986291,1.1883963819919734
3.163999999999873,0.0039999999999995595,5.0,0.0030618543379328585,0.00032778226719755064,0.0016259234875043323,0.013373922120417646,1.2235466162424373
3.1679999999998727,0.0039999999999995595,5.0,0.0031300583383526014,0.0003280601685680567,0.0016787471029870527,0.01314113642332286,1.2584916781352553
3.1719999999998723,0.0039999999999995595,5.0,0.0031965595209232345,0.00032828443021292835,0.0017305441852118613,0.01287716940047699,1.2931360852030818
3.175999999999872,0.0039999999999995595,5.0,0.003261213202074515,0.0003284526700840683,0.0017812027957383634,0.012586217347271987,1.3273869035611578
3.1799999999998714,0.0039999999999995595,5.0,0.0033238735109982352,0.0003285628506518614,0.0018306253105084104,0.01227167823459108,1.361150561686412
3.183999999999871,0.0039999999999995595,5.0,0.0033843926692583813,0.0003286134702708065,0.0018787293415982937,0.011938102658661786,1.394333598857381
3.1879999999998705,0.0039999999999995595,5.0,0.0034426130678386433,0.0003286042874407548,0.0019254552474295456,0.011590418750149566,1.4268434196854793
3.19199999999987,0.0039999999999995595,5.0,0.0034983869057605985,0.00032853528818659446,0.001970750967203649,0.011230205445759983,1.458587390682692
3.1959999999998696,0.0039999999999995595,5.0,0.003551574571223621,0.0003284062237993567,0.0020145738696196237,0.010859881685221956,1.4894751087995173
3.199999999999869,0.0039999999999995595,5.0,0.003602053458326007,0.00032821682262362166,0.002056884417479166,0.010479574699448506,1.5194213868810558
3.2039999999998687,0.0039999999999995595,0.0,0.0036477410836178214,0.00032796845840465765,0.0020971275067465495,0.009831845251668345,1.5483448342887802
3.2079999999998683,0.0039999999999995595,0.0,0.003683023594027254,0.0003276630839847047,0.0021335034607164443,0.008836990342732961,1.6016114493430846
3.211999999999868,0.0039999999999995595,0.0,0.003708455674101539,0.00032729411542085836,0.002165700981577523,0.007789957267538686,1.6243265963677755
3.2159999999998674,0.0039999999999995595,0.0,0.0037243489277686095,0.0003268517072551114,0.002193804407728061,0.006777106398607676,1.644492016455736
3.219999999999867,0.0039999999999995595,0.0,0.003730956622950929,0.00032632680525286357,0.0022179556388172714,0.005797197589919739,1.6620489327379706
3.2239999999998665,0.0039999999999995595,0.0,0.003728580722029651,0.00032571185475215893,0.0022382519463911782,0.004839724743069875,1.6769326684171941
3.227999999999866,0.0039999999999995595,0.0,0.0037175638361107996,0.00032500094221585534,0.002254762367463291,0.0038989666801817666,1.689087420602804
3.2319999999998656,0.0039999999999995595,0.0,0.0036982796315768703,0.00032418988648184454,0.0022675419411474712,0.0029727751732939217,1.6984677999753588
3.235999999999865,0.0039999999999995595,0.0,0.003671125264202598,0.0003232762962269458,0.002276641390636978,0.0020622598888758448,1.7050392956507718
3.2399999999998648,0.0039999999999995595,0.0,0.003636549667517127,0.0003222601729742033,0.00228207622915275,0.0011575256845311125,1.708778819964752
3.2439999999998643,0.0039999999999995595,0.0,0.003595228483224849,0.000321146016267812,0.002283626306860419,0.0003175436981357718,1.7096752920033238
3.247999999999864,0.0039999999999995595,0.0,0.0035478365783366906,0.0003199395670529282,0.0022810714753105426,0.0009481151676958435,1.7077321810359893
3.2519999999998634,0.0039999999999995595,0.0,0.003494990138008207,0.00031864595718691024,0.0022742582873039076,0.0019942770777667046,1.7029684649595116
3.255999999999863,0.0039999999999995595,0.0,0.0034371849858740354,0.00031727277243853046,0.0022631443265622208,0.0030610469933793406,1.695411283586622
3.2599999999998626,0.0039999999999995595,0.0,0.003374819739634346,0.00031583007673616876,0.0022477755655260917,0.004115846058649936,1.6850891283406675
3.263999999999862,0.0039999999999995595,0.0,0.003308222651228066,0.00031432972867562176,0.0022282550038070195,0.0051434324388341425,1.6720344440656905
3.2679999999998617,0.0039999999999995595,0.0,0.0032376767833355784,0.0003127856270869085,0.0022047254113203235,0.006133887419917232,1.656283657074294
3.2719999999998612,0.0039999999999995595,0.0,0.003163442743292359,0.0003112130806952534,0.0021773611561451433,0.007079131212253058,1.6378783065398566
3.275999999999861,0.0039999999999995595,0.0,0.0030857772083716746,0.0003096278261423196,0.002146362242493593,0.007973345260247606,1.6168666178430806
3.2799999999998604,0.0039999999999995595,0.0,0.0030049377613158576,0.00030804577907270414,0.0021119417972782282,0.008813944225041061,1.5932911397695342
3.28399999999986,0.0039999999999995595,0.0,0.0029211944839057057,0.00030648268956646053,0.002074319729329586,0.00959930066269637,1.5671907824382283
3.2879999999998595,0.0039999999999995595,0.0,0.00283483984980633,0.0003049538268902127,0.002033719629815514,0.010328727864709224,1.5386431014254454
3.291999999999859,0.0039999999999995595,0.0,0.002746192048303438,0.00030347373109720156,0.0019903653853398473,0.011002313201226197,1.507736605196886
3.2959999999998586,0.0039999999999995595,0.0,0.002655597038522697,0.00030205598621071766,0.0019444789584309426,0.011620644582606799,1.4745704118310186
3.299999999999858,0.0039999999999995595,0.0,0.0025634283179223633,0.0003007132016742772,0.0018962803348596877,0.012183950564399984,1.4392537828045908
3.3039999999998577,0.0039999999999995595,0.0,0.0024700888777059635,0.0002994564983763284,0.001845982069845482,0.012695261408570583,1.4020016582943564
3.3079999999998573,0.0039999999999995595,0.0,0.002376011133144948,0.0002982952889995935,0.001793791543408869,0.013154673901245922,1.362753568291345
3.311999999999857,0.0039999999999995595,0.0,0.002281655300578573,0.0002972373988600655,0.0017399137725931538,0.013563163225567262,1.3217355266946007
3.3159999999998564,0.0039999999999995595,0.0,0.002187512089663086,0.00029628906968521906,0.0016845498297244728,0.013921720264124816,1.2790904314673763
3.319999999999856,0.0039999999999995595,0.0,0.002094102403086317,0.00029545488188303704,0.001627896902210637,0.014231311113669688,1.234967993740656
3.3239999999998555,0.0039999999999995595,0.0,0.0020019766908746326,0.0002947377108249784,0.0015701484574303492,0.014492854662658584,1.1895239266595397
3.327999999999855,0.0039999999999995595,0.0,0.0019117137674062262,0.0002941387153477885,0.001511494452700343,0.014707214286898055,1.1429191076395275
3.3319999999998546,0.0039999999999995595,0.0,0.0018239187525989375,0.000293657356984917,0.0014521215455756962,0.01487520005621097,1.0953187229211634
3.335999999999854,0.0039999999999995595,0.0,0.001739219612267649,0.000293291448528103,0.0013922132716697698,0.014997578622279583,1.0468914024157845
3.3399999999998538,0.0039999999999995595,0.0,0.0016582615701966293,0.00029303723043686334,0.0013319501666502784,0.01507508852853246,0.9978083520710512
3.3439999999998533,0.0039999999999995595,0.0,0.0015816978732286766,0.0002928894486055341,0.001271509667228125,0.015108533833388407,0.9482424903185132
3.347999999999853,0.0039999999999995595,0.0,0.001510175926623168,0.00029284143318819073,0.0012110657066611197,0.015098796538694016,0.8983672876515292
3.3519999999998524,0.0039999999999995595,0.0,0.0014443183341685836,0.00029288520965478745,0.0011507872392958508,0.015047338222442542,0.8483555797790949
3.355999999999852,0.0039999999999995595,0.0,0.001384701357612134,0.0002930117961307923,0.0010908357953332583,0.014955952895402294,0.7983533180173079
3.3599999999998515,0.0039999999999995595,0.0,0.001331827682366506,0.0002932113983792266,0.0010313673684082963,0.014825797697230771,0.7560447590393446
3.363999999999851,0.0039999999999995595,0.0,0.0012860957374098158,0.00029347361926064384,0.0009725345334275865,0.014657759254902421,0.7557544770442397
3.3679999999998507,0.0039999999999995595,0.0,0.0012477669709609978,0.00029378766701570975,0.0009144857878259495,0.01445288892553238,0.7554701472606229
3.3719999999998502,0.0039999999999995595,0.0,0.0012169366775617839,0.0002941425646664925,0.0008573649080321372,0.01421239916298149,0.7551927101368563
3.37599999999985,0.0039999999999995595,0.0,0.0011935138937739325,0.00029452735710700634,0.0008013103234697123,0.013937659027440012,0.7549230668435222
3.3799999999998493,0.0039999999999995595,0.0,0.0011772130056023225,0.00029492840800844167,0.0007463743247480868,0.013670270317470428,0.7549230668435222
3.383999999999849,0.0039999999999995595,0.0,0.001167562663855385,0.0002953322806990358,0.0006925597220423231,0.013357386527187674,0.7544181352892966
3.3879999999998485,0.0039999999999995595,0.0,0.0011639600523773823,0.000295739932303117,0.0006402602965967902,0.012973067407940983,0.7541769665200956
3.391999999999848,0.0039999999999995595,0.0,0.0011656808508935612,0.00029614070841735594,0.0005895678290414835,0.012565952341539302,0.7539459382391397
3.3959999999998476,0.0039999999999995595,0.0,0.0011719208454672825,0.0002965256825419095,0.00054056423712202,0.012140211870668756,0.7537261371638269
3.399999999999847,0.0039999999999995595,0.0,0.001181836571515802,0.00029688801689703117,0.0004933036649479363,0.011701693236489218,0.7535278513505596
3.4039999999998467,0.0039999999999995595,0.0,0.0011945827239512948,0.00029722134693819575,0.0004478322945409459,0.011251919519691194,0.7533536760641173
3.4079999999998463,0.0039999999999995595,0.0,0.001209350415847922,0.00029752028445550647,0.0004041975462339217,0.010789874951305336,0.7532030269902836
3.411999999999846,0.0039999999999995595,0.0,0.001225396054342975,0.0002977808274395322,0.000362450897029939,0.010314860540185385,0.7530724045728444
3.4159999999998454,0.0039999999999995595,0.0,0.001242056942015409,0.0002980003151591331,0.0003226435455149934,0.00982717743123612,0.7529593373679834
3.419999999999845,0.0039999999999995595,0.0,0.001258757713611639,0.00029817738827250264,0.0002848232653662162,0.009327847753002466,0.7528620327960707
3.4239999999998445,0.0039999999999995595,0.0,0.001275010435668604,0.00029831194142788156,0.0002490321853820294,0.008818397394859463,0.7527791514533
3.427999999999844,0.0039999999999995595,0.0,0.0012904107460190986,0.00029840506200371977,0.00021530528627259168,0.008300688315408145,0.7527096591505156
3.4319999999998436,0.0039999999999995595,0.0,0.0013046318210653233,0.000298458952409857,0.00018366944709248683,0.007776790286083167,0.7526527282543123
3.435999999999843,0.0039999999999995595,0.0,0.0013174174043865707,0.0002984768356885391,0.00015414290881137944,0.00724888388088297,0.7616660961216375
3.4399999999998427,0.0039999999999995595,0.0,0.001328567277379112,0.00029846267697163515,0.00012672076925857368,0.006726328795013124,0.7833144432861746
3.4439999999998423,0.0039999999999995595,0.0,0.0013378928824352176,0.0002984201860121309,0.0001013022485095776,0.006233017286488371,0.8028331309209307
3.447999999999842,0.0039999999999995595,0.0,0.001345247765932549,0.000298354073836571,7.775664261510558e-05,0.005774348004985254,0.8201947475501696
3.4519999999998414,0.0039999999999995595,0.0,0.0013505369828900188,0.00029827040769863874,5.5944655873736545e-05,0.005348570581893141,0.8353896122060006
3.455999999999841,0.0039999999999995595,0.0,0.0013537376266621408,0.00029817582151969946,3.57639858632136e-05,0.004946223886749234,0.848411591688442
3.4599999999998405,0.0039999999999995595,0.0,0.0013548895131363103,0.0002980772696729278,1.7140781894864737e-05,0.004560900232426731,0.8592670162579173
3.46399999999984,0.0039999999999995595,0.0,0.0013540840194047306,0.0002979818318135568,1.979059983498603e-08,0.004188469413596067,0.867974398568427
3.4679999999998397,0.0039999999999995595,0.0,0.0013514539279138,0.000297896530452288,-1.564285079750853e-05,0.0038264615564072915,0.8745630898265311
3.471999999999839,0.0039999999999995595,0.0,0.0013471643911531462,0.00029782816378139,-2.9884803712747017e-05,0.003473598064916134,0.8790721720883486
3.4759999999998388,0.0039999999999995595,0.0,0.001341404971359392,0.0002977831551318851,-4.274119232911547e-05,0.003129438088996984,0.8815495253821694
3.4799999999998383,0.0039999999999995595,0.0,0.0013343826344553872,0.00029776742004574596,-5.424712395401348e-05,0.0027941144288875894,0.8820510221590858
3.483999999999838,0.0039999999999995595,0.0,0.001326315548954027,0.0002977862517862379,-6.443935852290659e-05,0.0024681383144663695,0.8806398129154914
3.4879999999998375,0.0039999999999995595,0.0,0.0013174275456411598,0.000297844225977263,-7.33573505053182e-05,0.002152257195741047,0.877385675951336
3.491999999999837,0.0039999999999995595,0.0,0.0013079431165077498,0.00029794512489015294,-8.104383208650663e-05,0.0018473538332068706,0.8723644114420259
3.4959999999998366,0.0039999999999995595,0.0,0.0012980828619034977,0.0002980918816731432,-8.754506441559934e-05,0.0015543791511844608,0.8656572656290188
3.499999999999836,0.0039999999999995595,0.0,0.0012880602224871445,0.0002982865745313776,-9.290884448915909e-05,0.0012733149410870718,0.8573503752679134
3.5039999999998357,0.0039999999999995595,0.0,0.001278086357894439,0.0002985307402709281,-9.716280900700329e-05,0.0009982273334771413,0.8475352545587078
3.5079999999998353,0.0039999999999995595,0.0,0.001268354433643177,0.0002988250743640679,-0.00010033654557752761,0.0007325496205989955,0.8363086219961109
3.511999999999835,0.0039999999999995595,0.0,0.0012590325369694962,0.00029916923208313023,-0.00010247190794126545,0.00047979477104485814,0.8237690144921381
3.5159999999998344,0.0039999999999995595,0.0,0.0012502729287746988,0.00029956164881141274,-0.00010359108836026277,0.00024092425162500387,0.8100135228555817
3.519999999999834,0.0039999999999995595,0.0,0.0012421974846623094,0.000299999863304919,-0.00010372728926965808,0.00011493112987571667,0.795142962260166
3.5239999999998335,0.0039999999999995595,0.0,0.0012348948399724291,0.00030048073130922514,-0.00010293665155363071,0.0002800723874717401,0.7792616954153028
3.527999999999833,0.0039999999999995595,0.0,0.0012284249503270739,0.00030100050996618354,-0.0001012917978649128,0.00047893273141168307,0.7624735953979915
3.5319999999998326,0.0039999999999995595,0.0,0.0012228228274434462,0.0003015549481396385,-9.887668855755911e-05,0.0006624578002526933,0.75363466761771
3.535999999999832,0.0039999999999995595,0.0,0.001218101660981453,0.00030213938132719447,-9.57825418025921e-05,0.0008246323992285694,0.753736396586592
3.5399999999998317,0.0039999999999995595,0.0,0.0012142555076260593,0.00030274883002547374,-9.210461490563372e-05,0.0009635715158859136,0.7538329012846151
3.5439999999998313,0.0039999999999995595,0.0,0.0012112617007701582,0.00030337810026278953,-8.79396809303062e-05,0.001078658752080835,0.7539232095686467
3.547999999999831,0.0039999999999995595,0.0,0.0012090830900485688,0.0003040218847793512,-8.338406520378898e-05,0.0011699458169504154,0.7540065487188837
3.5519999999998304,0.0039999999999995595,0.0,0.0012076701921490288,0.00030467486314347814,-7.853213140883759e-05,0.001237920017407823,0.7540823089615987
3.55599999999983,0.0039999999999995595,0.0,0.0012069632962145346,0.0003053317989883001,-7.347512770134334e-05,0.0012833754124063636,0.7541500138042265
3.5599999999998295,0.0039999999999995595,0.0,0.0012068945463485207,0.00030598763254567916,-6.830032037878567e-05,0.0013073270048661234,0.7542092961556127
3.563999999999829,0.0039999999999995595,0.0,0.001207389998816778,0.0003066375667344506,-6.309035666208491e-05,0.001310948452155235,0.7542598792530226
3.5679999999998286,0.0039999999999995595,0.0,0.0012083716401276917,0.00030727714521394656,-5.792280963695937e-05,0.0012955250228344165,0.754301561530077
3.571999999999828,0.0039999999999995595,0.0,0.001209759324251209,0.0003079022533309861,-5.286290446053692e-05,0.0012658685490840658,0.75433420468621
3.5759999999998278,0.0039999999999995595,0.0,0.0012114717418350884,0.00030850902093150376,-4.795987144213683e-05,0.0012233998136056573,0.7543489837573739
3.5799999999998273,0.0039999999999995595,0.0,0.00121342775725869,0.0003090939574224594,-4.324312021370845e-05,0.0011750603504394712,0.754368017382867
3.583999999999827,0.0039999999999995595,0.0,0.0012155483183555402,0.00030965428273179823,-3.873733065857274e-05,0.0011205839904585076,0.7543796606839936
3.5879999999998264,0.0039999999999995595,0.0,0.0012177582100543754,0.00031018801618061444,-3.44537715669889e-05,0.0010648397112830062,0.7543840695916753
3.591999999999826,0.0039999999999995595,0.0,0.0012199876916599405,0.000310693956570202,-3.0394062304051465e-05,0.0010081601874964957,0.7543821355985688
3.5959999999998256,0.0039999999999995595,0.0,0.0012221748880777204,0.0003111714713074674,-2.6566396232360754e-05,0.0009491187744228663,0.7543729572442192
3.599999999999825,0.0039999999999995595,0.0,0.0012242674786286103,0.00031162049132869044,-2.2982891999157847e-05,0.0008869001516038945,0.7543558396953146
3.6039999999998247,0.0039999999999995595,0.0,0.0012262236783965323,0.0003120414902490295,-1.965760322208104e-05,0.000821147276517265,0.7543302783925705
3.6079999999998242,0.0039999999999995595,0.0,0.0012280126590080089,0.0003124354507038444,-1.6605041862261993e-05,0.0007518430117181157,0.7542959351491009
3.611999999999824,0.0039999999999995595,0.0,0.001229614526278085,0.00031280382037438334,-1.3839099651366053e-05,0.0006792196777120467,0.754252613918618
3.6159999999998234,0.0039999999999995595,0.0,0.001231019948492745,0.0003131484598244524,-1.1372276063700171e-05,0.000603691458444115,0.7542002391116261
3.619999999999823,0.0039999999999995595,0.0,0.0012322295097929035,0.0003134715840131383,-9.215141003680067e-06,0.0005258065604825279,0.7541388372625281
3.6239999999998225,0.0039999999999995595,0.0,0.0012332528461641717,0.0003137756991666959,-7.37597622683286e-06,0.0004462191807753559,0.7540685219351411
3.627999999999822,0.0039999999999995595,0.0,0.0012341076132891737,0.0003140635365629419,-5.860552146306409e-06,0.0003656886243575675,0.753989481411754
3.6319999999998216,0.0039999999999995595,0.0,0.0012348183236658894,0.00031433798468127845,-4.672006665915364e-06,0.0002851359862988504,0.7539019686362787
3.635999999999821,0.0039999999999995595,0.0,0.0012354150898800798,0.00031460202108449145,-3.8108005249254676e-06,0.0002058854450622705,0.7538062929209319
3.6399999999998207,0.0039999999999995595,0.0,0.001235932304036959,0.0003148586453141407,-3.274729762490251e-06,0.00013078020588500416,0.7537028130032668
3.6439999999998203,0.0039999999999995595,0.0,0.001236407283399679,0.000315110813993488,-3.058980663346547e-06,7.165901054100614e-05,0.7535919311223886
3.64799999999982,0.0039999999999995595,0.0,0.0012368789111197435,0.00031536137923732194,-3.156216216549943e-06,7.596832162449444e-05,0.7534740878562235
3.6519999999998194,0.0039999999999995595,0.0,0.0012373863014777495,0.000315613031365457,-3.5566859376175614e-06,0.00013393758668756842,0.7533497575218935
3.655999999999819,0.0039999999999995595,0.0,0.0012379675157928106,0.0003158682468060699,-4.248353053616067e-06,0.00020064050610022713,0.7532194439889528
3.6599999999998185,0.0039999999999995595,0.0,0.0012386583590376166,0.00031612924195678914,-5.2170346762188074e-06,0.00026662359881879995,0.753083676792222
3.663999999999818,0.0039999999999995595,0.0,0.001239491281599517,0.00031639793364653297,-6.446551803508574e-06,0.00032955836931939156,0.7529430074595777
3.6679999999998176,0.0039999999999995595,0.0,0.001240494411482031,0.00031667590671044705,-7.918886885450575e-06,0.0003884171369194655,0.752798005992107
3.671999999999817,0.0039999999999995595,0.0,0.0012416907375261046,0.00031696438905507097,-9.614347331042914e-06,0.0004425553293359689,0.7526492574512903
3.6759999999998167,0.0039999999999995595,0.0,0.0012430974616597643,0.00031726423445243104,-1.1511733781970897e-05,0.0004914923984296515,0.7524973586214805
3.6799999999998163,0.0039999999999995595,0.0,0.0012447255318417372,0.00031757591316150215,-1.3588512269935705e-05,0.0005348426729628211,0.7523429147268561
3.683999999999816,0.0039999999999995595,0.0,0.001246579363692391,0.000317899510335137,-1.582098954884204e-05,0.0005722892127518326,0.7521865361908876
3.6879999999998154,0.0039999999999995595,0.0,0.001248656751344583,0.00031823473203202184,-1.8184490975539563e-05,0.0006035726476990847,0.7520288354336204
3.691999999999815,0.0039999999999995595,0.0,0.0012509489636315276,0.00031858091851859154,-2.0653540326918686e-05,0.000628485991648968,0.7518704237080339
3.6959999999998145,0.0039999999999995595,0.0,0.0012534410138214315,0.0003189370644174769,-2.3202040906587534e-05,0.000646872059552561,0.7517119079816368
3.699999999999814,0.0039999999999995595,0.0,0.0012561120897399212,0.00031930184513937973,-2.58034572272668e-05,0.0006586220660918631,0.7515538878733616
3.7039999999998137,0.0039999999999995595,0.0,0.00125893612244215,0.00031967364892678256,-2.8430996469051005e-05,0.0006636747436088851,0.7513969526588851
3.7079999999998132,0.0039999999999995595,0.0,0.001261882471408581,0.00032005061374303453,-3.1057788822339206e-05,0.0006620156455866781,0.7512416783597351
3.711999999999813,0.0039999999999995595,0.0,0.001264916701399406,0.0003204306681613844,-3.3657065735649596e-05,0.0006536764592394665,0.7510886249330163
3.7159999999998123,0.0039999999999995595,0.0,0.0012680014247195284,0.0003208115753474001,-3.620233501338646e-05,0.0006387342387361256,0.7509383335793393
3.719999999999812,0.0039999999999995595,0.0,0.0012710971832569223,0.0003211909791865286,-3.866755165242667e-05,0.0006173105318222243,0.7507913241866221
3.7239999999998115,0.0039999999999995595,0.0,0.0012741633447634411,0.00032156645158738827,-4.102728327431731e-05,0.0005895704328117391,0.7506480929268902
3.727999999999811,0.0039999999999995595,0.0,0.001277158992451739,0.0003219355399912361,-4.32568690058166e-05,0.0005557216779696017,0.7505091100221267
3.7319999999998106,0.0039999999999995595,0.0,0.001280043784980693,0.0003222958141388606,-4.5332570685239915e-05,0.0005160140454327247,0.7503748176936712
3.73599999999981,0.0039999999999995595,0.0,0.0012827787719049768,0.0003226449111872106,-4.7231715326051426e-05,0.00047073962467542886,0.7502456283077302
3.7399999999998097,0.0039999999999995595,0.0,0.0012853271476137248,0.00032298057832800544,-4.893282785011871e-05,0.0004202352300842917,0.7501219227273404
3.7439999999998093,0.0039999999999995595,0.0,0.0012876549339159377,0.00032330071213764226,-5.0415753209255936e-05,0.00036489010461856754,0.7500040488787095
3.747999999999809,0.0039999999999995595,0.0,0.0012897315815550807,0.00032360339397943333,-5.166176713959303e-05,0.00030516771554223735,0.7498923205373278
3.7519999999998084,0.0039999999999995595,0.0,0.0012915304847112207,0.0003238869208830144,-5.2653674935497525e-05,0.0002416708173553561,0.7497870163367288
3.755999999999808,0.0039999999999995595,0.0,0.0012930294038897346,0.00032414983143856093,-5.337589778218125e-05,0.0001753727105332816,0.7496883790002963
3.7599999999998075,0.0039999999999995595,0.0,0.0012942107966174626,0.0003243909263621982,-5.3814546343916366e-05,0.00010876422930669447,0.7495966147942227
3.763999999999807,0.0039999999999995595,0.0,0.0012950620537742028,0.0003246092835105134,-5.395748146176345e-05,5.572250760871798e-05,0.7495118931975785
3.7679999999998066,0.0039999999999995595,0.0,0.0012955756441179497,0.0003248042672433222,-5.379436196724512e-05,7.648190953637279e-05,0.7495662943135813
3.771999999999806,0.0039999999999995595,0.0,0.0012957491677116932,0.00032497553215196233,-5.3316679760314425e-05,0.00014521917198050526,0.7496487597106218
3.7759999999998057,0.0039999999999995595,0.0,0.0012955853221275112,0.00032512302128275726,-5.251778242909288e-05,0.00022266530145165878,0.7497238762796131
3.7799999999998053,0.0039999999999995595,0.0,0.001295091785075129,0.00032524695908968957,-5.139288380180148e-05,0.00030297513761195485,0.7497916267499009
3.783999999999805,0.0039999999999995595,0.0,0.0012942810166533334,0.00032534783944483756,-4.9939062915469706e-05,0.000384582233745851,0.7498520282404045
3.7879999999998044,0.0039999999999995595,0.0,0.0012931699879379203,0.00032542640911832654,-4.815525196170657e-05,0.00046666759733896555,0.7499051314302501
3.791999999999804,0.0039999999999995595,0.0,0.001291779839110386,0.0003254836472102751,-4.604221382543842e-05,0.0005486253318010616,0.7499510195975528
3.7959999999998035,0.0039999999999995595,0.0,0.0012901354752798996,0.00032552074107488363,-4.3602509869450385e-05,0.0006299339444890861,0.7499898075363323
3.799999999999803,0.0039999999999995595,0.0,0.0012882651046194368,0.0003255390593210256,-4.084045863746934e-05,0.0007101160305957914,0.7500216403611275
3.8039999999998027,0.0039999999999995595,0.0,0.001286199727749283,0.00032554012250447497,-3.776208615211906e-05,0.0007887236917045412,0.7500466922083577
3.807999999999802,0.0039999999999995595,0.0,0.0012839725846122902,0.00032552557214454004,-3.4375068474607564e-05,0.0008653329911066336,0.7500651648429665
3.8119999999998018,0.0039999999999995595,0.0,0.001281618569399896,0.00032549713870284267,-3.068866717310932e-05,0.000939542003088869,0.7500772861783445
3.8159999999998013,0.0039999999999995595,0.0,0.001279173621003247,0.0003254566091550459,-2.671365831860879e-05,0.0010109704083979163,0.7500833087170291
3.819999999999801,0.0039999999999995595,0.0,0.0012766740999808422,0.0003254057947682573,-2.2462255593897758e-05,0.0010792597789681302,0.7500835079192505
3.8239999999998004,0.0039999999999995595,0.0,0.0012741561635473294,0.0003253464996686267,-1.7948028065868248e-05,0.0011440741643205037,0.7500781805060304
3.8279999999998,0.0039999999999995595,0.0,0.001271655148088299,0.00032528049074634536,-1.3185813135866469e-05,0.0012051007938699086,0.7500676427032947
3.8319999999997996,0.0039999999999995595,0.0,0.0012692049717664346,0.00032520946939988124,-8.191625150001491e-06,0.0012620508027290293,0.7500522284333198
3.835999999999799,0.0039999999999995595,0.0,0.0012668375686398462,0.00032513504556896266,-2.9825601224133436e-06,0.0013146599338128453,0.7500322874597845
3.8399999999997987,0.0039999999999995595,0.0,0.0012645823656539038,0.0003250587144477331,2.4233029981905454e-06,0.001362689191472098,0.7500081834928076
3.8439999999997982,0.0039999999999995595,0.0,0.0012624658125645397,0.0003249818362067078,8.007004104646518e-06,0.0014059254331407539,0.7499802922605244
3.847999999999798,0.0039999999999995595,0.0,0.0012605109756694656,0.00032490561898585975,1.3748806344757237e-05,0.001444181890686709,0.7499489995540399
3.8519999999997974,0.0039999999999995595,0.0,0.0012587372027291397,0.00032483110535252275,1.962830276807443e-05,0.0014772986153556206,0.7499146992529544
3.855999999999797,0.0039999999999995595,0.0,0.001257159866966833,0.0003247591623479157,2.5624524796015655e-05,0.0015051428405060765,0.749877791339068
3.8599999999997965,0.0039999999999995595,0.0,0.001255790193866921,0.0003246904751761833,3.171605209336835e-05,0.0015276092561898277,0.7498386799062957
3.863999999999796,0.0039999999999995595,0.0,0.0012546351748232239,0.0003246255445210376,3.788112340179336e-05,0.0015446201888159297,0.7497977711752803
3.8679999999997956,0.0039999999999995595,0.0,0.0012536975676865321,0.0003245646874085083,4.4097747874239515e-05,0.0015561256785656427,0.7497554715215814
3.871999999999795,0.0039999999999995595,0.0,0.0012529759816185112,0.00032450804147108036,5.034381642617187e-05,0.0015621034469052394,0.7497121855267035
3.8759999999997947,0.0039999999999995595,0.0,0.0012524650438033038,0.0003244555724096549,5.659721259499753e-05,0.0015625587463717258,0.7496683140614742
3.8799999999997943,0.0039999999999995595,0.0,0.001252155640605078,0.0003244070843963589,6.283592237671142e-05,0.0015575240853336057,0.7497119023008081
3.883999999999794,0.0039999999999995595,0.0,0.001252035225492348,0.00032436223311406643,6.903814248895927e-05,0.0015470588212307464,0.7497671339463373
3.8879999999997934,0.0039999999999995595,0.0,0.001252088185411482,0.0003243205410884736,7.518238649505329e-05,0.0015312486169953366,0.7498217178514708
3.891999999999793,0.0039999999999995595,0.0,0.0012522962529447072,0.00032428141493627473,8.124758821462184e-05,0.0015102047572256765,0.7498752864136662
3.8959999999997925,0.0039999999999995595,0.0,0.0012526389557023843,0.00032424416412891934,8.721320184544472e-05,0.0014840633225357755,0.7499274850325521
3.899999999999792,0.0039999999999995595,0.0,0.001253094089330416,0.00032420802085600446,9.305929822803407e-05,0.0014529842230509556,0.7499779735895045
3.9039999999997916,0.0039999999999995595,0.0,0.0012536382033567313,0.0003241721605655499,9.876665670022734e-05,0.0014171500942445814,0.750026427821652
3.907999999999791,0.0039999999999995595,0.0,0.0012542470897119705,0.0003241357227603236,0.00010431685201406052,0.001376765061235274,0.7500725405844588
3.9119999999997908,0.0039999999999995595,0.0,0.0012548962624533903,0.0003240978316396531,0.00010969233582045657,0.0013320533800004258,0.7501160229979874
3.9159999999997903,0.0039999999999995595,0.0,0.0012555614205048465,0.0003240576161944,0.00011487651226936415,0.0012832579667307314,0.7501566054729398
3.91999999999979,0.0039999999999995595,0.0,0.001256218884013725,0.000324014229388321,0.00011985380732173367,0.0012306388289776659,0.7501940386135978
3.9239999999997894,0.0039999999999995595,0.0,0.001256845998558447,0.0003239668660911449,0.00012460973142566146,0.0011744714146995064,0.7502280939958076
3.927999999999789,0.0039999999999995595,0.0,0.0012574215011141561,0.0003239147794664123,0.0001291309352685857,0.0011150448976262,0.7502585648191376
3.9319999999997886,0.0039999999999995595,0.0,0.0012579258424204,0.0003238572955594518,0.00013340525838188136,0.0010526604201941839,0.750285266433308
3.935999999999788,0.0039999999999995595,0.0,0.00125834146366752,0.00032379382587670113,0.0001374217704395051,0.0009876293184749578,0.7503080367398729
3.9399999999997877,0.0039999999999995595,0.0,0.0012586530249475883,0.0003237238777957786,0.00014117080515829562,0.0009202713582009729,0.7503267364709721
3.9439999999997872,0.0039999999999995595,0.0,0.0012588475835658898,0.00032364706269517055,0.00014464398677267623,0.0008509130191254103,0.7503412493477051
3.947999999999787,0.0039999999999995595,0.0,0.001258914723229449,0.0003235631017419371,0.00014783424911863735,0.0007798858789552364,0.7503514821213396
3.9519999999997864,0.0039999999999995595,0.0,0.0012588466338083835,0.00032347182932445035,0.0001507358474205926,0.0007075251761032811,0.7503573645011251
3.955999999999786,0.0039999999999995595,0.0,0.0012586381426192854,0.00032337319416385373,0.000153344362928717,0.0006341686874681837,0.7503588489729593
3.9599999999997855,0.0039999999999995595,0.0,0.0012582867008807594,0.000323267258181779,0.00015565670060264808,0.0005601561820967164,0.7503559105135313
3.963999999999785,0.0039999999999995595,0.0,0.001257792325405025,0.00032315419324212036,0.00015767108007979936,0.00048583000370649494,0.7503485462048647
3.9679999999997846,0.0039999999999995595,0.0,0.0012571575002023755,0.0003230342759207113,0.0001593870202022863,0.0004115380859360829,0.7503367747544106
3.971999999999784,0.0039999999999995595,0.0,0.001256387040693696,0.00032290788048801864,0.0001608053174060226,0.00033764287150411814,0.7503206359259783
3.9759999999997837,0.0039999999999995595,0.0,0.001255487924369756,0.00032277547031616126,0.00016192801829874022,0.0002645469174474715,0.7503001898869075
3.9799999999997833,0.0039999999999995595,0.0,0.0012544690906355765,0.000322637587942364,0.000162758386770436,0.00019277662283927348,0.7502755164769145
3.983999999999783,0.0039999999999995595,0.0,0.0012533412170233655,0.0003224948440362785,0.00016330086599164218,0.00012334446733178452,0.7502467144040676
3.9879999999997824,0.0039999999999995595,0.0,0.0012521164719797922,0.0003223479055284629,0.00016356103566132207,6.0456109943748216e-05,0.7502139003733239
3.991999999999782,0.0039999999999995595,0.0,0.0012508082533560776,0.000322197483161776,0.00016354556486869402,4.309452048207296e-05,0.7501772081530325
3.9959999999997815,0.0039999999999995595,0.0,0.0012494309133814527,0.0003220443187267517,0.00016326216093230802,9.520005689520251e-05,0.7501367875847751
3.999999999999781,0.0039999999999995595,0.0,0.001247999478015375,0.00032188917223640565,0.00016271951457594273,0.00015622278395910436,0.7500928035418596
4.003999999999781,0.0040000000000000036,0.0,0.0012465293634279912,0.0003217328092858299,0.00016192724179539327,0.00021662782974612868,0.7500454348417672
4.007999999999781,0.0039999999999995595,0.0,0.0012450360959373966,0.0003215759888276596,0.00016089582276334518,0.0002749595383034303,0.7499948731178233
4.01199999999978,0.0039999999999995595,0.0,0.0012435350391221726,0.0003214194515766123,0.00015963653811236608,0.000330689913617801,0.7499413216553565
4.01599999999978,0.0039999999999995595,0.0,0.001242041133756873,0.0003212639092352303,0.00015816140292866302,0.00038351499159422795,0.7498849941976199
4.019999999999779,0.0039999999999995595,0.0,0.0012405686536866474,0.0003211100347092346,0.00015648309878264768,0.00043321563251837094,0.7498770173236327
4.023999999999779,0.0039999999999995595,0.0,0.0012391309827477451,0.0003209584534551252,0.000154614904116116,0.000479617581129697,0.7499479634835822
4.027999999999778,0.0039999999999995595,0.0,0.0012377404156048326,0.0003208097360752792,0.00015257062330130067,0.000522577157574685,0.7500209410734228
4.031999999999778,0.0039999999999995595,0.0,0.001236407986219492,0.0003206643922474877,0.00015036451468304558,0.0005619753060839341,0.750095705071205
4.0359999999997775,0.0039999999999995595,0.0,0.0012351433255043988,0.000320522866047035,0.00014801121791284204,0.0005977148243424775,0.7501720064132933
4.039999999999777,0.0039999999999995595,0.0,0.0012339545511791008,0.0003203855326907121,0.00014552568088155283,0.0006297189346174826,0.7502495932863819
4.043999999999777,0.0039999999999995595,0.0,0.001232848190220445,0.00032025269670404914,0.00014292308655744143,0.0006579304561252386,0.7503282124071953
4.047999999999776,0.0039999999999995595,0.0,0.001231829134589081,0.0003201245914859623,0.00014021878003462584,0.0006823112498911316,0.750407610283986
4.051999999999776,0.0039999999999995595,0.0,0.0012309006303610603,0.0003200013802194878,0.00013742819609792936,0.0007028417780796856,0.7504875344540199
4.055999999999775,0.0039999999999995595,0.0,0.0012300642980992093,0.00031988315805371055,0.00013456678760883638,0.0007195206971791928,0.750567734691456
4.059999999999775,0.0039999999999995595,0.0,0.0012293201852169359,0.0003197699554606915,0.00013164995501622613,0.0007323644415544901,0.7506479641801316
4.0639999999997745,0.0039999999999995595,0.0,0.001228666845075479,0.0003196617426525688,0.00012869297729339486,0.0007414067730466841,0.7507279806460323
4.067999999999774,0.0039999999999995595,0.0,0.0012281014428221495,0.0003195584349282252,0.0001257109445987841,0.0007466982829715145,0.7508075474444579
4.071999999999774,0.0039999999999995595,0.0,0.0012276198827069298,0.0003194598988062567,0.00012271869295262604,0.0007483058388174116,0.7508864345972065
4.075999999999773,0.0039999999999995595,0.0,0.0012272169548508995,0.00031936595879152973,0.00011973074121393315,0.0007463119718679465,0.750964419775421
4.079999999999773,0.0039999999999995595,0.0,0.0012268864960215935,0.0003192764046164627,0.00011676123063229069,0.0007408142045209146,0.7510412892241052
4.083999999999772,0.0039999999999995595,0.0,0.0012266215620898913,0.00031919099879533475,0.00011382386723675154,0.0007319243178939071,0.7511168386247222
4.087999999999772,0.0039999999999995595,0.0,0.0012264146069355009,0.0003191094843303381,0.0001109318673095427,0.0007197675616944237,0.7511908738926975
4.091999999999771,0.0039999999999995595,0.0,0.0012262576644803608,0.00031903159241162356,0.00010809790617457366,0.0007044818097187048,0.7512632119070978
4.095999999999771,0.0039999999999995595,0.0,0.0012261425295704688,0.0003189570499600722,0.00010533407051219895,0.0006862166648611796,0.7513336811701969
4.0999999999997705,0.0039999999999995595,0.0,0.0012260609344755947,0.00031888558687071715,0.00010265181438940314,0.0006651325188080902,0.7514021223951274
4.10399999999977,0.0039999999999995595,0.0,0.0012260047174784466,0.00031881694282636096,0.0001000619191717558,0.0006413995719488951,0.7514683890202487
4.10799999999977,0.0039999999999995595,0.0,0.0012259659810890666,0.00031875087356464604,9.757445745843142e-05,0.0006151968196814261,0.7515323476493482
4.111999999999769,0.0039999999999995595,0.0,0.0012259372363999609,0.00031868715649731555,9.519876115573674e-05,0.0005867110118591609,0.7515938784172357
4.115999999999769,0.0039999999999995595,0.0,0.0012259115319678995,0.0003186255955972128,9.294339377796214e-05,0.0005561355922653072,0.7516528752807112
4.119999999999768,0.0039999999999995595,0.0,0.0012258825662002822,0.00031856602548640395,9.081612703702468e-05,0.000523669625736119,0.7517092462353335
4.123999999999768,0.0039999999999995595,0.0,0.0012258447804476482,0.0003185083146771723,8.882392175560594e-05,0.0004895167204409168,0.7517629134587781
4.127999999999767,0.0039999999999995595,0.0,0.0012257934331938328,0.0003184523679362232,8.697291311175486e-05,0.0004538839537750307,0.7518138133819723
4.131999999999767,0.0039999999999995595,0.0,0.0012257246543826922,0.0003183981277608099,8.526840019698021e-05,0.0004169808110255917,0.7518618966895048
4.1359999999997665,0.0039999999999995595,0.0,0.001225635479637401,0.00031834557497333277,8.37148398451718e-05,0.00037901814791467195,0.7519071282511492
4.139999999999766,0.0039999999999995595,0.0,0.0012255238653780514,0.0003182947284579122,8.231584466606032e-05,0.00034020719244814697,0.7519494869865999
4.143999999999766,0.0039999999999995595,0.0,0.0012253886850019204,0.000318245644078212,8.107418519508918e-05,0.00030075861050982036,0.7519889656657835
4.147999999999765,0.0039999999999995595,0.0,0.001225229706531085,0.00031819841283012924,7.999179605135195e-05,0.00026088168263245124,0.752025570647332
4.151999999999765,0.0039999999999995595,0.0,0.0012250475544549365,0.0003181531582956714,7.90697859766069e-05,0.00022078369850253641,0.7520593215580013
4.155999999999764,0.0039999999999995595,0.0,0.001224843656018342,0.0003181100334751807,7.830845161212431e-05,0.0001806698513145672,0.7520902509159901
4.159999999999764,0.0039999999999995595,0.0,0.001224620173628516,0.00031806921708399963,7.770729485512151e-05,0.00014074452502660582,0.7521184037012666
4.1639999999997634,0.0039999999999995595,0.0,0.0012243799262117864,0.0003180309094065192,7.726504362361939e-05,0.00010121755920453485,0.7521438368761356
4.167999999999763,0.0039999999999995595,0.0,0.0012241263005263365,0.0003179953278053658,7.697967584775003e-05,6.233646410880226e-05,0.7521666188594001
4.171999999999763,0.0039999999999995595,0.0,0.0012238631553362165,0.00031796270198617825,7.684844649544025e-05,2.4718688699588585e-05,0.7521868289575494
4.175999999999762,0.0039999999999995595,0.0,0.0012235947189982127,0.00031793326911910483,7.686791743281823e-05,1.5752869018432374e-05,0.7522045567564957
4.179999999999762,0.0039999999999995595,0.0,0.0012233254852874525,0.0003179072689168738,7.703398991280416e-05,5.07817638582771e-05,0.7522199014774568
4.183999999999761,0.0039999999999995595,0.0,0.0012230601070451685,0.000317884938766155,7.734193947979226e-05,8.570146961129031e-05,0.7522329713006178
4.187999999999761,0.0039999999999995595,0.0,0.001222803290881603,0.00031786650900407964,7.778645307418862e-05,0.00011939418972343976,0.7522438826602778
4.19199999999976,0.0039999999999995595,0.0,0.0012225596950131328,0.0003178521984254061,7.83616681167912e-05,0.00015163352486121496,0.7522527595152056
4.19599999999976,0.0039999999999995595,0.0,0.001222333831974486,0.000317842210098069,7.906121335049478e-05,0.00018227139198422014,0.7522597325979756
4.1999999999997595,0.0039999999999995595,0.0,0.0012221299775157077,0.00031783672755593764,7.987825121499393e-05,0.00021118519680077567,0.752264938647058
4.203999999999759,0.0039999999999995595,0.0,0.0012219520878304375,0.000317835911427775,8.080552152847115e-05,0.00023826810631690897,0.7522685196254777
4.207999999999759,0.0039999999999995595,0.0,0.0012218037258237605,0.0003178398965507984,8.183538624993613e-05,0.0002634264445632407,0.7522706219298291
4.211999999999758,0.0039999999999995595,0.0,0.0012216879985901333,0.00031784878960620895,8.295987509541969e-05,0.0002865788601106354,0.7522713955934623
4.215999999999758,0.0039999999999995595,0.0,0.0012216075056396142,0.0003178626673027002,8.417073178196757e-05,0.0003076560339337132,0.7522709934876024
4.219999999999757,0.0039999999999995595,0.0,0.0012215642989508726,0.00031788157512260357,8.545946067376287e-05,0.0003266005614643733,0.7522695705241683
4.223999999999757,0.0039999999999995595,0.0,0.0012215598559203232,0.0003179055266341147,8.681737360695218e-05,0.0003433668796170172,0.7522672828639935
4.227999999999756,0.0039999999999995595,0.0,0.001221595064171939,0.00031793450336222237,8.823563667132703e-05,0.00035792118706631207,0.7522642871341003
4.231999999999756,0.0039999999999995595,0.0,0.0012216702189009863,0.0003179684552006946,8.970531673057934e-05,0.00037024133551507573,0.7522607396576007
4.2359999999997555,0.0039999999999995595,0.0,0.0012217850316782308,0.00031800730133795885,9.121742746572916e-05,0.0003803166816030912,0.7522567956997148
4.239999999999755,0.0039999999999995595,0.0,0.0012219386506204769,0.0003180509316610615,9.276297473172135e-05,0.0003881478951574562,0.7522526087332834
4.243999999999755,0.0039999999999995595,0.0,0.0012221296907233502,0.0003180992085942969,9.433300102218923e-05,0.00039374672202144995,0.7522483297270242
4.247999999999754,0.0039999999999995595,0.0,0.0012223562733172124,0.00031815196932257747,9.591862884375367e-05,0.00039713570139427454,0.7522441064596322
4.251999999999754,0.0039999999999995595,0.0,0.0012226160742293752,0.00031820902834436555,9.75111028087189e-05,0.0003983478387393572,0.7522400828626815
4.255999999999753,0.0039999999999995595,0.0,0.0012229063776832353,0.0003182701802949421,9.91018302635084e-05,0.00039742623594547126,0.7522363983950767
4.259999999999753,0.0039999999999995595,0.0,0.0012232241365940082,0.00031833520297807895,0.00010068242027960346,0.0003944236810859248,0.7522331874516316
4.263999999999752,0.0039999999999995595,0.0,0.0012235660363783595,0.00031840386054274555,0.00010224472084387056,0.0003894022004778655,0.752230578808123
4.267999999999752,0.0039999999999995595,0.0,0.0012239285615798737,0.0003184759067413303,0.00010378085409705282,0.00038243257671603955,0.752228695104958
4.2719999999997516,0.0039999999999995595,0.0,0.0012243080631683585,0.00031855108820691956,0.0001052832494809741,0.00037359383644823834,0.7522276523713347
4.275999999999751,0.0039999999999995595,0.0,0.0012247008262880096,0.0003186291476894319,0.00010674467466828095,0.00036297271276878587,0.7522275595915576
4.279999999999751,0.0039999999999995595,0.0,0.0012251031357933993,0.00031870982719367947,0.00010815826416261752,0.00035066308806544656,0.7522285183148928
4.28399999999975,0.0039999999999995595,0.0,0.0012255113398293238,0.00031879287096671203,0.00010951754547096001,0.00033676542416614626,0.7522306223100893
4.28799999999975,0.0039999999999995595,0.0,0.0012259219086422624,0.0003188780282868978,0.000110816462765071,0.0003213861891079411,0.7522339572654471
4.291999999999749,0.0039999999999995595,0.0,0.001226331489179153,0.0003189650560130148,0.00011204939796419399,0.0003046372928552234,0.752238600535037
4.295999999999749,0.0039999999999995595,0.0,0.0012267369537745899,0.0003190537208579935,0.00011321118918625734,0.00028663554955604226,0.7522446209314172
4.2999999999997485,0.0039999999999995595,0.0,0.0012271354428680186,0.00031914380135874307,0.00011429714653046535,0.00026750219386731123,0.752252078564931
4.303999999999748,0.0039999999999995595,0.0,0.0012275244002507401,0.0003192350895205751,0.00011530306516944188,0.0002473624952536354,0.7522610247294429
4.307999999999748,0.0039999999999995595,0.0,0.001227901601609485,0.0003193273921218651,0.00011622523574369917,0.00022634554798252332,0.7522715018340802
4.311999999999747,0.0039999999999995595,0.0,0.001228265175323866,0.00031942053167179996,0.0001170604520671042,0.0002045843800275372,0.7522835433803737
4.315999999999747,0.0039999999999995595,0.0,0.0012286136159214492,0.00031951434702097095,0.0001178060161643948,0.00018221666611632694,0.7522971739839039
4.319999999999746,0.0039999999999995595,0.0,0.0012289457898666681,0.0003196086936312975,0.00011845974067698491,0.0001593866569547644,0.7523124094394106
4.323999999999746,0.0039999999999995595,0.0,0.0012292609347099974,0.00031970344351801426,0.00011901994868587758,0.0001362497564160132,0.7523292568280672
4.327999999999745,0.0039999999999995595,0.0,0.0012295586505386986,0.00031979848488219217,0.00011948547101162544,0.00011298347604946231,0.7523477146654849
4.331999999999745,0.0039999999999995595,0.0,0.0012298388856449845,0.00031989372145740995,0.00011985564106460831,8.981589313575618e-05,0.7523677730887999
4.3359999999997445,0.0039999999999995595,0.0,0.001230101916151121,0.0003199890715986522,0.00012013028732759733,6.711125533155772e-05,0.7523894140810791
4.339999999999744,0.0039999999999995595,0.0,0.001230348320318176,0.00032008446714521123,0.00012030972356363218,4.5691242847466474e-05,0.7524126117311005
4.343999999999744,0.0039999999999995595,0.0,0.0012305789486196487,0.0003201798520923245,0.00012039473685009082,2.840007870326853e-05,0.7524373325264553
4.347999999999743,0.0039999999999995595,0.0,0.0012307948896633787,0.00032027518110840157,0.00012038657354848408,2.5041142950463403e-05,0.7524635356778154
4.351999999999743,0.0039999999999995595,0.0,0.001230997433395228,0.00032037041793601674,0.00012028692332603513,3.866986209327676e-05,0.752491173472067
4.355999999999742,0.0039999999999995595,0.0,0.0012311880324737026,0.00032046553371540426,0.00012009790135219931,5.778563269927853e-05,0.7525201916519773
4.359999999999742,0.0039999999999995595,0.0,0.0012313682617118612,0.0003205605052689311,0.0001198220287975329,7.790968021519622e-05,0.7525505298199677
4.363999999999741,0.0039999999999995595,0.0,0.0012315397777378381,0.00032065531338403236,0.00011946221176814256,9.790318151877446e-05,0.7525821218634735
4.367999999999741,0.0039999999999995595,0.0,0.0012317042781404945,0.0003207499411304467,0.0001190217188121438,0.0001173482148448172,0.7526148963993748
4.3719999999997405,0.0039999999999995595,0.0,0.0012318634627950268,0.0003208443722452976,0.00011850415713811243,0.00013602945694476013,0.7526487772349164
4.37599999999974,0.0039999999999995595,0.0,0.0012320189962787857,0.0003209385896167149,0.0001179134476880663,0.00015380732111408535,0.7526836838425198
4.37999999999974,0.0039999999999995595,0.0,0.0012321724725444393,0.00032103257389338964,0.00011725379920910673,0.00017057804226191956,0.7527195318458799
4.383999999999739,0.0039999999999995595,0.0,0.0012323253832896251,0.00032112630224372536,0.00011652968146944295,0.0001862586199799699,0.7527562335147384
4.387999999999739,0.0039999999999995595,0.0,0.0012324790893915103,0.0003212197472842611,0.00011574579776511429,0.00020078034656291062,0.7527936982657428
4.391999999999738,0.0039999999999995595,0.0,0.001232634796488587,0.00032131287619278573,0.00011490705686368142,0.0002140857386699566,0.7528318331668122
4.395999999999738,0.0039999999999995595,0.0,0.0012327935344413623,0.0003214056500172338,0.0001140185445310366,0.00022612696238803702,0.7528705434424819
4.3999999999997375,0.0039999999999995595,0.0,0.0012329561418451737,0.00032149802318704525,0.00011308549478586783,0.00023686496319122718,0.7529097329777289
4.403999999999737,0.0039999999999995595,0.0,0.0012331232545161692,0.0003215899432293521,0.00011211326102535692,0.0002462689446882033,0.7529493048178545
4.407999999999737,0.0039999999999995595,0.0,0.0012332952990323969,0.00032168135068813287,0.00011110728716320411,0.0002543160234983555,0.7529891616620544
4.411999999999736,0.0039999999999995595,0.0,0.0012334724908794137,0.00032177217924047826,0.0001100730789184279,0.0002609909714995729,0.753029206348378
4.415999999999736,0.0039999999999995595,0.0,0.0012336548361187702,0.0003218623560003966,0.00010901617539039223,0.0002662859975066316,0.753069342327898
4.419999999999735,0.0039999999999995595,0.0,0.001233842138736617,0.00032195180199719495,0.00010794212105144803,0.0002702005418914571,0.7531094741259681
4.423999999999735,0.0039999999999995595,0.0,0.0012340340106072743,0.0003220404328124698,0.00010685643828468923,0.0002727410687571517,0.7531495077885797
4.427999999999734,0.0039999999999995595,0.0,0.0012342298851465874,0.00032212815935718655,0.00010576460058913768,0.0002739208471754795,0.7531893513119325
4.431999999999734,0.0039999999999995595,0.0,0.0012344290347380165,0.0003222148887682201,0.00010467200656963693,0.0002737597165053694,0.7532289150534612
4.4359999999997335,0.0039999999999995595,0.0,0.001234630590214904,0.0003223005254021118,0.00010358395482282533,0.00027228383337177665,0.7532681121226804
4.439999999999733,0.0039999999999995595,0.0,0.0012348335623024852,0.00032238497190268566,0.00010250561982424756,0.0002695253993368194,0.7533068587503515
4.443999999999733,0.0039999999999995595,0.0,0.001235036865103147,0.00032246813031855615,0.00010144202891495032,0.0002655223692800684,0.7533450746346229
4.447999999999732,0.0039999999999995595,0.0,0.0012352393402706968,0.0003225499032464342,0.0001003980404788499,0.0002603181413132181,0.7533826832629154
4.451999999999732,0.0039999999999995595,0.0,0.0012354397822293974,0.00032263019497649195,9.937832339445435e-05,0.0002539612294312731,0.7534196122085005
4.455999999999731,0.0039999999999995595,0.0,0.001235636962907305,0.00032270891261686413,9.838733783681553e-05,0.0002465049208261781,0.7534557934008526
4.459999999999731,0.0039999999999995595,0.0,0.0012358296560737237,0.00032278596717557164,9.742931749734164e-05,0.000238006919872482,0.753491163369012
4.46399999999973,0.0039999999999995595,0.0,0.0012360166610124986,0.00032286127457977203,9.650825328081486e-05,0.0002285289815436725,0.7535256634573483
4.46799999999973,0.0039999999999995595,0.0,0.0012361968248154234,0.00032293475661415916,9.562787853028144e-05,0.00021813653740958137,0.7535592400132628
4.4719999999997295,0.0039999999999995595,0.0,0.0012363690626718262,0.0003230063417625488,9.479165582162865e-05,0.0002068983183076029,0.7535918445465236
4.475999999999729,0.0039999999999995595,0.0,0.0012365323761604548,0.0003230759659391345,9.40027653613184e-05,0.00019488597887363986,0.753623433860072
4.479999999999729,0.0039999999999995595,0.0,0.0012366858697298502,0.00032314357309850026,9.326409501158587e-05,0.00018217373142669267,0.7536539701522798
4.483999999999728,0.0039999999999995595,0.0,0.0012368287637582074,0.00032320911571619235,9.257823195882118e-05,0.00016883800041193994,0.7536834210907876
4.487999999999728,0.0039999999999995595,0.0,0.0012369604055469782,0.00032327255513443673,9.194745603211102e-05,0.000154957115720269,0.753711759858181
4.491999999999727,0.0039999999999995595,0.0,0.0012370802772673464,0.0003233338617703525,9.137373467069787e-05,0.0001406110770746257,0.7537389651698925
4.495999999999727,0.0039999999999995595,0.0,0.001237188001135098,0.00032339301518674585,9.085871953049857e-05,0.0001258814510721964,0.7537650212648557
4.499999999999726,0.0039999999999995595,0.0,0.0012372833416394787,0.0003234500040281683,9.0403744712027e-05,0.00011085152760672773,0.7537899178695467
4.503999999999726,0.0039999999999995595,0.0,0.0012373662051888786,0.00032350482582738587,9.00098265842547e-05,9.560702139674423e-05,0.7538136501361514
4.507999999999726,0.0039999999999995595,0.0,0.001237436636547749,0.00032355748668968376,8.967766517161247e-05,8.023803298732068e-05,0.7538362185557327
4.511999999999725,0.0039999999999995595,0.0,0.001237494813680982,0.00032360800086445827,8.940764706416208e-05,6.484430370125314e-05,0.753857628847338
4.515999999999725,0.0039999999999995595,0.0,0.0012375410397492898,0.00032365639021533706,8.919984980449439e-05,4.9550658260607154e-05,0.7538778918241081
4.519999999999724,0.0039999999999995595,0.0,0.0012375757328823875,0.00032370268360154753,8.905404769854277e-05,3.456255560637454e-05,0.7538970232375038
4.523999999999724,0.0039999999999995595,0.0,0.0012375995749325315,0.00032374700047067584,8.897023895749699e-05,2.0255348527877886e-05,0.7538970232375038
4.527999999999723,0.0039999999999995595,0.0,0.0012376135343737237,0.00032378957063860527,8.894871597771585e-05,1.062490762545478e-05,0.7539150436008817
4.531999999999723,0.0039999999999995595,0.0,0.001237618071555161,0.0003238303303254737,8.898782925707058e-05,1.6807664949058055e-05,0.7539323063669461
4.5359999999997225,0.0039999999999995595,0.0,0.0012376137288580176,0.00032386922841457617,8.908586831879559e-05,2.967508438463431e-05,0.7539483891978578
4.539999999999722,0.0039999999999995595,0.0,0.001237601153968158,0.0003239062533193388,8.9240954873625e-05,4.31914394687754e-05,0.7539633907134936
4.543999999999722,0.0039999999999995595,0.0,0.0012375810718435252,0.0003239414225250681,8.945104254773395e-05,5.6497199917805595e-05,0.7539773865294664
4.547999999999721,0.0039999999999995595,0.0,0.0012375542543518858,0.000323974771872932,8.971392120597341e-05,6.936688558196804e-05,0.7539904362630857
4.551999999999721,0.0039999999999995595,0.0,0.0012375214950197115,0.0003240063481316106,9.002722212846479e-05,8.169818596577596e-05,0.7540025919260867
4.55599999999972,0.0039999999999995595,0.0,0.0012374835887095242,0.00032403620411577006,9.038842433688004e-05,9.342629121663736e-05,0.7540139027642975
4.55999999999972,0.0039999999999995595,0.0,0.0012374413132632336,0.00032406439546907247,9.079486225030502e-05,0.00010450195267267631,0.7540244178845309
4.563999999999719,0.0039999999999995595,0.0,0.0012373954141869277,0.0003240909785067453,9.124373469561669e-05,0.000114884307331913,0.7540341875671465
4.567999999999719,0.0039999999999995595,0.0,0.0012373465916592356,0.00032411600873738825,9.173211520609278e-05,0.0001245381747993464,0.7540432638210122
4.5719999999997185,0.0039999999999995595,0.0,0.0012372954883383145,0.00032413953983043684,9.225696349170559e-05,0.0001334329662779626,0.7540517005117673
4.575999999999718,0.0039999999999995595,0.0,0.0012372426804805323,0.00032416162288717267,9.281513793932969e-05,0.00014154224376333057,0.7540595532557438
4.579999999999718,0.0039999999999995595,0.0,0.001237188669770069,0.00032418230592916005,9.340340899083501e-05,0.00014884355840366585,0.7540668791898069
4.583999999999717,0.0039999999999995595,0.0,0.0012371338778348114,0.0003242016335517973,9.401847324548357e-05,0.00015531840950600893,0.7540737366794564
4.587999999999717,0.0039999999999995595,0.0,0.001237078641655371,0.0003242196467106868,9.46569681363292e-05,0.0001609522511666642,0.7540801849999417
4.591999999999716,0.0039999999999995595,0.0,0.0012370232118428786,0.00032423638262009635,9.53154870359513e-05,0.0001657345109708705,0.7540862840093646
4.595999999999716,0.0039999999999995595,0.0,0.0012369677519921598,0.000324251874749211,9.599059465419132e-05,0.00016965860301312822,0.7540920938239235
4.599999999999715,0.0039999999999995595,0.0,0.001236912340098564,0.00032426615290523494,9.667884259774684e-05,0.00017272192606583835,0.7540976745005762
4.603999999999715,0.0039999999999995595,0.0,0.0012368569715906926,0.0003242792433939577,9.737678496965172e-05,0.0001749258427059703,0.754103085729837
4.6079999999997145,0.0039999999999995595,0.0,0.001236801489294671,0.00032429108504612914,9.807972901359121e-05,0.0001756425957827874,0.7541136350142567
4.611999999999714,0.0039999999999995595,0.0,0.0012367456190384338,0.00032430153470052234,9.878114031977819e-05,0.00017513756062274564,0.7541183556671922
4.615999999999714,0.0039999999999995595,0.0,0.001236689312740405,0.0003243107676384067,9.947893685655253e-05,0.00017409132729399952,0.7541232483800546
4.619999999999713,0.0039999999999995595,0.0,0.001236632372560194,0.00032431889119100503,0.00010017073799727324,0.00017243612090030736,0.7541283477809535
4.623999999999713,0.0039999999999995595,0.0,0.0012365744972809047,0.00032432596981907795,0.0001008539700383813,0.00017012924610392412,0.754133689354477
4.627999999999712,0.0039999999999995595,0.0,0.0012365153167612963,0.0003243320412836899,0.00010152595047673768,0.00016714801404599274,0.7541393091671315
4.631999999999712,0.0039999999999995595,0.0,0.0012364544178657608,0.00032433712707013285,0.00010218395552145651,0.00016348575186560406,0.7541452434054194
4.6359999999997115,0.0039999999999995595,0.0,0.001236391364024319,0.00032434123912154105,0.00010282527430960805,0.00015914864391958756,0.7541515278404938
4.639999999999711,0.0039999999999995595,0.0,0.001236325711743213,0.00032434438421133794,0.00010344725252148788,0.00015415321555201013,0.7541581972909491
4.643999999999711,0.0039999999999995595,0.0,0.0012362570246042138,0.0003243465668077941,0.00010404732749465439,0.00014852431536481987,0.7541652851243882
4.64799999999971,0.0039999999999995595,0.0,0.0012361848840338255,0.0003243477909745221,0.00010462305647507827,0.00014229348577150046,0.7541728228177027
4.65199999999971,0.0039999999999995595,0.0,0.001236108899805757,0.0003243480616508049,0.0001051721392862303,0.00013549763682708425,0.754180839583093
4.655999999999709,0.0039999999999995595,0.0,0.0012360287186606127,0.0003243473855274069,0.00010569243641963558,0.0001281779578233865,0.7541893620594102
4.659999999999709,0.0039999999999995595,0.0,0.0012359440311327447,0.000324345771651953,0.0001061819833345324,0.00012037901611431605,0.7541984140645579
4.663999999999708,0.0039999999999995595,0.0,0.001235854577572525,0.00032434323184657785,0.00010663900158667383,0.00011214800440670324,0.7542080164030278
4.667999999999708,0.0039999999999995595,0.0,0.0012357601535442056,0.0003243397809886124,0.00010706190727537433,0.00010353410710726247,0.7542181867222867
4.6719999999997075,0.0039999999999995595,0.0,0.0012356606126232017,0.00032433543718551764,0.0001074493171962114,9.458796447767868e-05,0.7542289394120378
4.675999999999707,0.0039999999999995595,0.0,0.0012355558690181447,0.00032433022186358377,0.00010780005300756973,8.536122091715398e-05,0.7542402855410026
4.679999999999707,0.0039999999999995595,0.0,0.0012354458991194368,0.00032432415978312225,0.00010811314365800105,7.5906153346816e-05,0.7542522328265648
4.683999999999706,0.0039999999999995595,0.0,0.0012353307408955153,0.0003243172789891398,0.00010838782627356092,6.627539053880332e-05,0.7542647856333322
4.687999999999706,0.0039999999999995595,0.0,0.001235210493292685,0.00032430961070454916,0.00010862354566794095,5.652176758958346e-05,0.7542779449972589
4.691999999999705,0.0039999999999995595,0.0,0.0012350853139304879,0.0003243011891721437,0.00010881995260969878,4.669844909597731e-05,0.754291708672504
4.695999999999705,0.0039999999999995595,0.0,0.0012349554162598307,0.00032429205145129906,0.00010897690095999646,3.685974981444257e-05,0.7543060711986157
4.699999999999704,0.0039999999999995595,0.0,0.0012348210651940026,0.0003242822371754391,0.00010909444377733741,2.706430977160917e-05,0.7543210239859741
4.703999999999704,0.0039999999999995595,0.0,0.0012346825728293837,0.00032427178827646033,0.00010917282847464554,1.7389509288526467e-05,0.7543365554176593
4.7079999999997035,0.0039999999999995595,0.0,0.001234540293176047,0.0003242607486824956,0.00010921249110445118,8.04806559079695e-06,0.754352650966141
4.711999999999703,0.0039999999999995595,0.0,0.0012343946158967305,0.00032424916399552905,0.00010921404984164302,3.528456143926768e-06,0.7543692933233118
4.715999999999703,0.0039999999999995595,0.0,0.0012342459603119184,0.00032423708115540423,0.0001091782977287913,1.162056931048732e-05,0.7543864625425056
4.719999999999702,0.0039999999999995595,0.0,0.0012340947688608604,0.00032422454809672064,0.00010910619474572406,2.0475527150654003e-05,0.7544041361912284
4.723999999999702,0.0039999999999995595,0.0,0.0012339415006472321,0.00032421161340490714,0.00010899885926342768,2.9142450354982026e-05,0.7544222895133723
4.727999999999701,0.0039999999999995595,0.0,0.0012337866243490796,0.00032419832597751954,0.00010885755893999644,3.7513374329391436e-05,0.7544408955997587
4.731999999999701,0.0039999999999995595,0.0,0.0012336306121119916,0.0003241847346963911,0.00010868370111696776,4.553694722842202e-05,0.7544599255658544
4.7359999999997004,0.0039999999999995595,0.0,0.0012334739328059342,0.0003241708881158193,0.00010847882277269061,5.317528437702355e-05,0.7544793487355572
4.7399999999997,0.0039999999999995595,0.0,0.0012333170463553966,0.00032415683417140803,0.00010824458008989382,6.039651960453532e-05,0.7544991328299621
4.7439999999997,0.0039999999999995595,0.0,0.0012331603981534493,0.00032414261991359114,0.00010798273769445558,6.717282689742029e-05,0.7545192441600238
4.747999999999699,0.0039999999999995595,0.0,0.0012330044137399854,0.0003241282912692161,0.00010769515762169282,7.347976338621399e-05,0.7545396478221029
4.751999999999699,0.0039999999999995595,0.0,0.0012328494944650195,0.00032411389283382625,0.00010738378806715296,7.929602092879825e-05,0.754560307895299
4.755999999999698,0.0039999999999995595,0.0,0.0012326960139580874,0.00032409946769662687,0.00010705065197817791,8.460332323654528e-05,0.7545811876396173
4.759999999999698,0.0039999999999995595,0.0,0.0012325443063972252,0.0003240850534770613,0.00010669702700662735,8.979039271901632e-05,0.7545811876396173
4.763999999999697,0.0039999999999995595,0.0,0.001232394639454103,0.00032407068183317687,0.00010632305767631456,9.468552481376374e-05,0.7546022496939497
4.767999999999697,0.0039999999999995595,0.0,0.0012322472481256556,0.00032405639024561244,0.00010593166367695082,9.885496861788725e-05,0.7546234270794693
4.7719999999996965,0.0039999999999995595,0.0,0.0012321023382243644,0.00032404221038261814,0.00010552567681958152,0.00010232883248323674,0.7546447223400724
4.775999999999696,0.0039999999999995595,0.0,0.0012319600894208792,0.00032402817037342665,0.00010510776155737727,0.00010514657853557533,0.7546661085005366
4.779999999999696,0.0039999999999995595,0.0,0.001231820654864395,0.00032401429667859935,0.00010468044742250819,0.0001073399422787369,0.7546875410676155
4.783999999999695,0.0039999999999995595,0.0,0.0012316841601724235,0.0003240006150850813,0.00010424615499163231,0.00010893476120813138,0.754708978335998
4.787999999999695,0.0039999999999995595,0.0,0.0012315507034122894,0.0003239871510464967,0.00010380721365597357,0.00010995289268937341,0.754730381429831
4.791999999999694,0.0039999999999995595,0.0,0.001231420354993332,0.00032397392969150853,0.00010336587305978997,0.00011041368568488665,0.754751713308096
4.795999999999694,0.0039999999999995595,0.0,0.0012312931586420082,0.00032396097570825907,0.00010292430974773066,0.0001103350920451888,0.7547729382404433
4.799999999999693,0.0039999999999995595,0.0,0.0012311691329196578,0.00032394831321391483,0.0001024846302138015,0.00010973449891630232,0.7547940216376596
4.803999999999693,0.0039999999999995595,0.0,0.0012310482734636575,0.0003239359656582421,0.00010204887127747223,0.00010862934463221923,0.7548149300627681
4.8079999999996925,0.0039999999999995595,0.0,0.0012309305978023136,0.0003239239778294456,0.0001016196530102201,0.00010671013396471993,0.7548560945680529
4.811999999999692,0.0039999999999995595,0.0,0.0012308161705315696,0.00032391242117907814,0.00010120052008975343,0.00010412067554140248,0.75487630683057
4.815999999999692,0.0039999999999995595,0.0,0.0012307049047828268,0.00032390129143141706,0.00010079263354467029,0.00010123274084800215,0.7548962256568625
4.819999999999691,0.0039999999999995595,0.0,0.0012305967146236504,0.00032389059557681423,0.00010039726214994979,9.802305466182092e-05,0.7549158114937363
4.823999999999691,0.0039999999999995595,0.0,0.0012304915140678866,0.0003238803468135713,0.00010001572804153893,9.448119649660523e-05,0.7549350340027977
4.82799999999969,0.0039999999999995595,0.0,0.0012303892178898582,0.0003238705616170153,9.964936363597109e-05,9.060691732022517e-05,0.7549538688962959
4.83199999999969,0.0039999999999995595,0.0,0.0012302897437925118,0.0003238612580999683,9.929947753872308e-05,8.640800769418302e-05,0.7549722960571714
4.835999999999689,0.0039999999999995595,0.0,0.0012301930146667486,0.00032385245513988435,9.89673276311159e-05,8.189859564863318e-05,0.7549902984587904
4.839999999999689,0.0039999999999995595,0.0,0.0012300989616639323,0.00032384417194724794,9.86540999187784e-05,7.709778022826914e-05,0.7550078615718149
4.8439999999996886,0.0039999999999995595,0.0,0.0012300075260058855,0.0003238364278763499,9.836089202968897e-05,7.202852809704608e-05,0.7550249730596479
4.847999999999688,0.0039999999999995595,0.0,0.0012299186612467101,0.000323829242359106,9.808870048775711e-05,6.671677662070723e-05,0.7550416226383515
4.851999999999688,0.0039999999999995595,0.0,0.0012298323347227416,0.00032382263489204023,9.783841107320958e-05,6.119069964088901e-05,0.755057802024798
4.855999999999687,0.0039999999999995595,0.0,0.0012297485288221375,0.0003238166250369396,9.761079172541148e-05,5.548010174402003e-05,0.755073504927225
4.859999999999687,0.0039999999999995595,0.0,0.0012296672412613829,0.00032381123241408203,9.74064875568088e-05,4.961591441379952e-05,0.7550887270513441
4.863999999999686,0.0039999999999995595,0.0,0.0012295884857226075,0.0003238064766778569,9.72260176346625e-05,4.3629773354631255e-05,0.7551034661068667
4.867999999999686,0.0039999999999995595,0.0,0.0012295122911361986,0.0003238023774709906,9.706977325649027e-05,3.755366084056379e-05,0.7551177218063894
4.8719999999996855,0.0039999999999995595,0.0,0.0012294387012335667,0.00032379895435718733,9.693801749833649e-05,3.1419600830694684e-05,0.7551314958527794
4.875999999999685,0.0039999999999995595,0.0,0.0012293677734671108,0.00032379622673396694,9.683088585760535e-05,2.5259397696159875e-05,0.7551447919136305
4.879999999999685,0.0039999999999995595,0.0,0.0012292995774777602,0.0003237942137284573,9.67483878446969e-05,1.9104413936647005e-05,0.7551576155826815
4.883999999999684,0.0039999999999995595,0.0,0.0012292341937421862,0.00032379293407938106,9.669040940317474e-05,1.2985394953518986e-05,0.7551699743288292
4.887999999999684,0.0039999999999995595,0.0,0.001229171711315918,0.00032379240600860433,9.6656716057885e-05,6.932446695012917e-06,0.7551818774336826
4.891999999999683,0.0039999999999995595,0.0,0.0012291122256656965,0.00032379264708557945,9.664695670598038e-05,9.805957335068627e-07,0.7551933359187473
4.895999999999683,0.0039999999999995595,0.0,0.0012290558367718518,0.0003237936740879239,9.666066797756527e-05,4.865746216476933e-06,0.7552043624633505
4.899999999999682,0.0039999999999995595,0.0,0.0012290026465975267,0.00032379550286118524,9.669727910134639e-05,1.055251432297523e-05,0.7552149713143832
4.903999999999682,0.0039999999999995595,0.0,0.0012289527566473667,0.00032379814818064726,9.675611721802608e-05,1.606588816874571e-05,0.7552251781888777
4.9079999999996815,0.0039999999999995595,0.0,0.0012289062654351503,0.00032380162361783464,9.683641308960973e-05,2.1381676041576412e-05,0.7552350001703931
4.911999999999681,0.0039999999999995595,0.0,0.0012288632665832407,0.0003238059414141203,9.693730715616836e-05,2.647762502768977e-05,0.7552444556001076
4.915999999999681,0.0039999999999995595,0.0,0.001228823846289282,0.0003238111123635926,9.705785589506985e-05,3.133314747134311e-05,0.7552535639634649
4.91999999999968,0.0039999999999995595,0.0,0.0012287880149266508,0.00032381711138916385,9.719748867530675e-05,3.615351973460681e-05,0.7552535639634649
4.92399999999968,0.0039999999999995595,0.0,0.0012287556689028363,0.0003238238585970416,9.735619500302026e-05,4.082409882671784e-05,0.7552623457731911
4.927999999999679,0.0039999999999995595,0.0,0.0012287269195401006,0.00032383139083763386,9.753239194441352e-05,4.510132056144782e-05,0.7552710703059325
4.931999999999679,0.0039999999999995595,0.0,0.0012287018697369426,0.0003238397462036401,9.772452629691614e-05,4.899481855475731e-05,0.7552794537977288
4.935999999999678,0.0039999999999995595,0.0,0.0012286805932718522,0.00032384895317789263,9.793109403190334e-05,5.251575625450639e-05,0.7552875318117962
4.939999999999678,0.0039999999999995595,0.0,0.0012286631357920712,0.00032385903135404026,9.815062551679125e-05,5.567185784524786e-05,0.7552953441781735
4.9439999999996775,0.0039999999999995595,0.0,0.0012286495167976993,0.0003238699930529887,9.838167443776157e-05,5.846837219020547e-05,0.7553029248194127
4.947999999999677,0.0039999999999995595,0.0,0.0012286397315368338,0.0003238818446924316,9.862281060566319e-05,6.0908982729333315e-05,0.7553103036554389
4.951999999999677,0.0039999999999995595,0.0,0.0012286337528116208,0.0003238945878486511,9.88726158320776e-05,6.299652436030627e-05,0.7553175082347221
4.955999999999676,0.0039999999999995595,0.0,0.0012286315323336437,0.00032390822007094565,9.912968219535466e-05,6.473354135939642e-05,0.7553245646914536
4.959999999999676,0.0039999999999995595,0.0,0.0012286330018092429,0.00032392273551039226,9.939261215318223e-05,6.612271812528367e-05,0.755331498255859
4.963999999999675,0.0039999999999995595,0.0,0.001228638074567917,0.00032393812541228935,9.966002006706581e-05,6.716720811040225e-05,0.7553383335020768
4.967999999999675,0.0039999999999995595,0.0,0.001228646646739698,0.0003239543785096899,9.993053479041094e-05,6.787088109984009e-05,0.755345094446959
4.9719999999996745,0.0039999999999995595,0.0,0.0012286585989753527,0.0003239714813457096,0.00010020280303967862,6.82385047677688e-05,0.755351804565286
4.975999999999674,0.0039999999999995595,0.0,0.0012286737978056486,0.0003239894185447022,0.00010047549332235694,6.82758733663935e-05,0.7553584867587492
4.979999999999674,0.0039999999999995595,0.0,0.0012286920971817208,0.00032400817304662003,0.0001007473002379274,6.798989355794285e-05,0.7553651633000786
4.983999999999673,0.0039999999999995595,0.0,0.0012287133404674591,0.0003240277263145496,0.00010101694900265428,6.738863587546915e-05,0.7553718557647008
4.987999999999673,0.0039999999999995595,0.0,0.0012287373624319485,0.0003240480585222288,0.00010128320007619965,6.648135832288427e-05,0.7553785849572097
4.991999999999672,0.0039999999999995595,0.0,0.0012287639904286407,0.0003240691487260388,0.00010154485379014231,6.527850781105118e-05,0.755385370837019
4.995999999999672,0.0039999999999995595,0.0,0.0012287930470200271,0.00032409097502434666,0.00010180075489648875,6.379170416129304e-05,0.7553922324458595
4.999999999999671,0.0039999999999995595,0.0,0.001228824351517713,0.0003241135147058998,0.00010204979696868164,6.20337108517892e-05,0.7553991878388115
5.003999999999671,0.0039999999999995595,0.0,0.0012288577216124639,0.0003241367443882243,0.00010229092659999695,6.001839653779943e-05,0.7554062540199465
5.0079999999996705,0.0039999999999995595,0.0,0.001228893020356162,0.00032416067570709015,0.00010252285145992005,5.7615403218363195e-05,0.7554207811597907
5.01199999999967,0.0039999999999995595,0.0,0.0012289301540800636,0.0003241853649119895,0.00010274386990473274,5.489187028710897e-05,0.755428059175
5.01599999999967,0.0039999999999995595,0.0,0.001228968851785169,0.00032421073571352175,0.00010295340486196762,5.2025297280037715e-05,0.7554355365427265
5.019999999999669,0.0039999999999995595,0.0,0.001229008875472111,0.0003242367261715733,0.00010315085789991871,4.901341447827275e-05,0.7554432253888878
5.023999999999669,0.0039999999999995595,0.0,0.0012290500145382157,0.0003242632848957319,0.00010333563597967668,4.586051723468393e-05,0.7554511329361983
5.027999999999668,0.0039999999999995595,0.0,0.001229092081529706,0.0003242903683087165,0.00010350717215304296,4.257618262440714e-05,0.7554592636424985
5.031999999999668,0.0039999999999995595,0.0,0.0012291349095199626,0.0003243179386673029,0.00010366494144423477,3.917435796669477e-05,0.7554676203173681
5.035999999999667,0.0039999999999995595,0.0,0.0012291783497587892,0.00032434596262409163,0.00010380847288722157,3.5672814070034554e-05,0.7554762046591552
5.039999999999667,0.0039999999999995595,0.0,0.0012292222703153004,0.00032437441017604704,0.0001039373584817517,3.2093020785881194e-05,0.7554850174753162
5.0439999999996665,0.0039999999999995595,0.0,0.001229266554449859,0.00032440325389004415,0.00010405125966937746,2.8460619687907442e-05,0.7554940587395873
5.047999999999666,0.0039999999999995595,0.0,0.001229311099708644,0.00032443246832714436,0.00010414991180343654,2.4806912554257704e-05,0.7555033275735523
5.051999999999666,0.0039999999999995595,0.0,0.0012293558166570119,0.0003244620296098034,0.00010423312698788612,2.1172350561897927e-05,0.7555128222009229
5.055999999999665,0.0039999999999995595,0.0,0.0012294006283354655,0.0003244919150922386,0.00010430079558251592,1.7614427209570197e-05,0.7555225398998694
5.059999999999665,0.0039999999999995595,0.0,0.0012294454688126263,0.00032452210310567146,0.00010435288661108774,1.42261107213425e-05,0.7555324769656294
5.063999999999664,0.0039999999999995595,0.0,0.0012294902826414655,0.0003245525727583716,0.00010438944726194657,1.1180218120014341e-05,0.7555426286883061
5.067999999999664,0.0039999999999995595,0.0,0.001229535023412655,0.00032458330377630146,0.00010441060163317581,8.825720682905178e-06,0.7555529893469068
5.0719999999996634,0.0039999999999995595,0.0,0.0012295796529402678,0.00032461427637435676,0.00010441654884555616,7.763249782067222e-06,0.7555635522187603
5.075999999999663,0.0039999999999995595,0.0,0.001229624140176778,0.0003246454711511763,0.00010440756062409931,8.412696604203176e-06,0.7555743096026183
5.079999999999663,0.0039999999999995595,0.0,0.001229668460128299,0.0003246768690026208,0.00010438397843085365,1.0371321722019284e-05,0.7555852528535053
5.083999999999662,0.0039999999999995595,0.0,0.0012297125926797744,0.0003247084510505019,0.00010434621021821503,1.2975175502682733e-05,0.7555963724274296
5.087999999999662,0.0039999999999995595,0.0,0.0012297565216912731,0.0003247401985841926,0.0001042947268611851,1.582671021678406e-05,0.7556076579342316
5.091999999999661,0.0039999999999995595,0.0,0.0012298002338236526,0.00032477209301346593,0.00010423005831855236,1.8734598540032462e-05,0.7556190981970651
5.095999999999661,0.0039999999999995595,0.0,0.0012298437175450269,0.0003248041158313924,0.00010415278956644204,2.1602189286001977e-05,0.7556306813172036
5.09999999999966,0.0039999999999995595,0.0,0.001229886962227721,0.0003248362485864528,0.00010406355634300253,2.4374804162614476e-05,0.7556423947430696
5.10399999999966,0.0039999999999995595,0.0,0.001229929957155153,0.00032486847286322283,0.00010396304073857741,2.701789486648523e-05,0.7556542253425163
5.1079999999996595,0.0039999999999995595,0.0,0.00122997269116077,0.0003249007702710945,0.00010385196666278715,2.9507613823039883e-05,0.755666159477545
5.111999999999659,0.0039999999999995595,0.0,0.0012300151511839311,0.00032493312244057234,0.00010373109521783519,3.1826437348253e-05,0.7556781830807285
5.115999999999659,0.0039999999999995595,0.0,0.001230057322270205,0.0003249655110266908,0.00010360122000513913,3.3960982184486994e-05,0.7556902817327129
5.119999999999658,0.0039999999999995595,0.0,0.0012300991868496268,0.00032499791771909564,0.00010346316239064985,3.590084292773619e-05,0.7557024407402116
5.123999999999658,0.0039999999999995595,0.0,0.001230140724466347,0.000325030324258295,0.00010331776675347915,3.763793540017708e-05,0.7557146452139908
5.127999999999657,0.0039999999999995595,0.0,0.0012301819110570804,0.000325062712457577,0.00010316589574086552,3.9166104741831295e-05,0.7557268801463676
5.131999999999657,0.0039999999999995595,0.0,0.0012302227194028767,0.0003250950642300211,0.0001030084255516813,4.048087817886477e-05,0.7557391304877905
5.135999999999656,0.0039999999999995595,0.0,0.0012302631139857315,0.0003251273468341187,0.00010284592180173383,4.173458903599519e-05,0.7557391304877905
5.139999999999656,0.0039999999999995595,0.0,0.001230303063623422,0.0003251595143987555,0.00010267847443855568,4.286905398182334e-05,0.7557513812220985
5.1439999999996555,0.0039999999999995595,0.0,0.0012303425621329423,0.0003251915787832278,0.00010250725990014952,4.371782166658452e-05,0.7557636457231739
5.147999999999655,0.0039999999999995595,0.0,0.0012303815957519285,0.0003252235474043712,0.00010233341237751313,4.429434334602667e-05,0.7557758750326937
5.151999999999655,0.0039999999999995595,0.0,0.0012304201344776233,0.0003252554169597973,0.00010215798219074057,4.461737913598198e-05,0.755788064222254
5.155999999999654,0.0039999999999995595,0.0,0.001230458136580756,0.0003252871770924594,0.0001019819498818038,4.470273343769311e-05,0.7558001992650091
5.159999999999654,0.0039999999999995595,0.0,0.0012304955533891646,0.00032531881355664106,0.00010180623777928173,4.4563875294163166e-05,0.7558122662059935
5.163999999999653,0.0039999999999995595,0.0,0.001230532331995335,0.00032535031017087636,0.00010163171804391152,4.421265626033173e-05,0.7558242517419792
5.167999999999653,0.0039999999999995595,0.0,0.0012305684167905262,0.0003253816499430251,0.00010145921802806761,4.365987042659042e-05,0.7558361431119237
5.171999999999652,0.0039999999999995595,0.0,0.0012306037512692294,0.0003254128157076603,0.00010128952363369872,4.291568246854053e-05,0.755847928051712
5.175999999999652,0.0039999999999995595,0.0,0.0012306382782093968,0.00032544379048885284,0.00010112338119069429,4.1989951236200825e-05,0.7558595948189079
5.1799999999996515,0.0039999999999995595,0.0,0.0012306719409351616,0.00032547455771216,0.00010096149825546461,4.089247134102599e-05,0.7558711322458147
5.183999999999651,0.0039999999999995595,0.0,0.001230704683767429,0.00032550510133535387,0.00010080454363751595,3.96331511587123e-05,0.7558825297965934
5.187999999999651,0.0039999999999995595,0.0,0.0012307364524743753,0.0003255354059357757,0.000100653146891118,3.822214268630934e-05,0.7558937776186948
5.19199999999965,0.0039999999999995595,0.0,0.0012307671950826922,0.00032556545677418634,0.00010050789745672851,3.666993576151486e-05,0.7559048665860372
5.19599999999965,0.0039999999999995595,0.0,0.0012307968620572794,0.00032559523984498646,0.00010036934359481058,3.49874283173121e-05,0.7559157883341767
5.199999999999649,0.0039999999999995595,0.0,0.0012308254071123322,0.0003256247419173305,0.00010023799122329594,3.318598313098451e-05,0.7559265352884831
5.203999999999649,0.0039999999999995595,0.0,0.0012308527873007367,0.0003256539505689122,0.00010011430274489865,3.1277482695195635e-05,0.7559371006863265
5.2079999999996485,0.0039999999999995595,0.0,0.001230878956428859,0.0003256828526495634,9.999879089471208e-05,2.9228183013664314e-05,0.7559576639192117
5.211999999999648,0.0039999999999995595,0.0,0.0012309038569388404,0.0003257114313447476,9.98920901921e-05,2.706353373613702e-05,0.7559675822135734
5.215999999999648,0.0039999999999995595,0.0,0.0012309274574299472,0.0003257396733548155,9.979443362552263e-05,2.4852327949279365e-05,0.7559773211408408
5.219999999999647,0.0039999999999995595,0.0,0.001230949733534809,0.00032576756851114254,9.970603674894842e-05,2.2603247797796978e-05,0.7559868656211824
5.223999999999647,0.0039999999999995595,0.0,0.0012309706669263857,0.00032579510867053387,9.962708824917746e-05,2.032869571935784e-05,0.7559962072150276
5.227999999999646,0.0039999999999995595,0.0,0.0012309902444153284,0.0003258222871259707,9.955774290311225e-05,1.8045227554467285e-05,0.75600534171046
5.231999999999646,0.0039999999999995595,0.0,0.001231008457769022,0.00032584909830206697,9.94981164654738e-05,1.577486695295465e-05,0.7560142676582231
5.235999999999645,0.0039999999999995595,0.0,0.001231025302989605,0.00032587553760030763,9.944828211802926e-05,1.3548056778076908e-05,0.7560229854905288
5.239999999999645,0.0039999999999995595,0.0,0.001231040780403798,0.00032590160131740654,9.940826818420158e-05,1.1409879479987933e-05,0.756031496995335
5.2439999999996445,0.0039999999999995595,0.0,0.0012310548943920577,0.00032592728659479444,9.937805687186581e-05,9.432893701612357e-06,0.7560398050040052
5.247999999999644,0.0039999999999995595,0.0,0.0012310676527570827,0.00032595259137747776,9.935758385345521e-05,7.741623074149144e-06,0.7560479132047193
5.251999999999644,0.0039999999999995595,0.0,0.0012310790668138883,0.00032597751437203035,9.934673853028725e-05,6.543733445719308e-06,0.7560558260281736
5.255999999999643,0.0039999999999995595,0.0,0.0012310891503977428,0.0003260020549998275,9.93453648572899e-05,6.099274597379341e-06,0.7560635485733761
5.259999999999643,0.0039999999999995595,0.0,0.0012310979199543824,0.0003260262133449581,9.935326262779475e-05,6.513897097921571e-06,0.7560710865544823
5.263999999999642,0.0039999999999995595,0.0,0.0012311053937284525,0.0003260499900978077,9.937018913660875e-05,7.594894162805051e-06,0.7560784462576103
5.267999999999642,0.0039999999999995595,0.0,0.0012311115915832756,0.0003260733864959554,9.939586115422718e-05,9.053659818174883e-06,0.7560856345014592
5.271999999999641,0.0039999999999995595,0.0,0.001231116534369747,0.00032609640426411806,9.942995715663555e-05,1.0684989050311862e-05,0.7560926585984121
5.275999999999641,0.0039999999999995595,0.0,0.0012311202434756256,0.0003261190455547499,9.947211976412193e-05,1.2371603320420999e-05,0.7560995263145216
5.2799999999996405,0.0039999999999995595,0.0,0.00123112274073556,0.00032614131289066326,9.952195834974692e-05,1.4047367564674208e-05,0.756106245827726
5.28399999999964,0.0039999999999995595,0.0,0.001231124047349141,0.00032616320911076156,9.957905178403784e-05,1.5672752825217108e-05,0.756112825684193
5.28799999999964,0.0039999999999995595,0.0,0.001231124184422195,0.0003261847373197274,9.964295128635151e-05,1.722235018886146e-05,0.7561192747529681
5.291999999999639,0.0039999999999995595,0.0,0.0012311231720651878,0.0003262059008422573,9.971318335750622e-05,1.8678724847725834e-05,0.7561256021792319
5.295999999999639,0.0039999999999995595,0.0,0.0012311210292130564,0.0003262267031822418,9.978925277075607e-05,2.0029300289184754e-05,0.7561318173365348
5.299999999999638,0.0039999999999995595,0.0,0.001231117773535198,0.0003262471479871169,9.987064560060235e-05,2.1264703771948608e-05,0.7561379297783901
5.303999999999638,0.0039999999999995595,0.0,0.0012311134214356217,0.00032626723901746195,9.995683227048411e-05,2.2377843765425662e-05,0.756143949189579
5.3079999999996375,0.0039999999999995595,0.0,0.0012311079875119925,0.00032628698012180263,0.00010004727060221018,2.3363370195604192e-05,0.7561498853375189
5.311999999999637,0.0039999999999995595,0.0,0.0012311014849164554,0.000326306375216486,0.00010014140885126245,2.421734349192203e-05,0.7561557480240122
5.315999999999637,0.0039999999999995595,0.0,0.001231093935546266,0.00032632544158982013,0.0001002388937022278,2.5038921710294747e-05,0.7561557480240122
5.319999999999636,0.0039999999999995595,0.0,0.0012310853653547218,0.0003263442105201639,0.00010033967512637286,2.578800292575467e-05,0.7561615470376564
5.323999999999636,0.0039999999999995595,0.0,0.001231075757636614,0.0003263626646890113,0.00010044300496022482,2.635494753973582e-05,0.7561674329261624
5.327999999999635,0.0039999999999995595,0.0,0.0012310650992007925,0.00032638079036749473,0.00010054816205516113,2.6748573943200494e-05,0.7561732501492996
5.331999999999635,0.0039999999999995595,0.0,0.0012310533854205398,0.00032639858160359584,0.00010065447840935177,2.6981145979732376e-05,0.7561790081244185
5.335999999999634,0.0039999999999995595,0.0,0.001231040617889074,0.00032641603784216424,0.00010076133009691372,2.70628143478507e-05,0.7561847221070233
5.339999999999634,0.0039999999999995595,0.0,0.001231026800902573,0.00032643316171174306,0.00010086812985424785,2.7002083112741858e-05,0.7561904056623604
5.3439999999996335,0.0039999999999995595,0.0,0.0012310119403780983,0.00032644995758986914,0.00010097432193244435,2.6806340068467046e-05,0.7561960707509152
5.347999999999633,0.0039999999999995595,0.0,0.0012309960424107106,0.00032646643074455377,0.00010107937867587534,2.6482256766499503e-05,0.756201728101098
5.351999999999633,0.0039999999999995595,0.0,0.001230979113273533,0.0003264825868407155,0.00010118279838593632,2.603608385357369e-05,0.7562073874689298
5.355999999999632,0.0039999999999995595,0.0,0.0012309611588766655,0.00032649843166894917,0.0001012841041334394,2.5473867617213918e-05,0.7562130578021585
5.359999999999632,0.0039999999999995595,0.0,0.001230942185308367,0.0003265139710073161,0.00010138284326283911,2.4801607417314724e-05,0.7562187473427409
5.363999999999631,0.0039999999999995595,0.0,0.001230922198835119,0.0003265292105614325,0.00010147858739104088,2.402536856264457e-05,0.756224463690667
5.367999999999631,0.0039999999999995595,0.0,0.0012309012061722789,0.0003265441559496464,0.00010157093274855432,2.315136162649965e-05,0.7562302138433057
5.37199999999963,0.0039999999999995595,0.0,0.0012308792146645672,0.0003265588127133323,0.00010165950074526113,2.2185996941978086e-05,0.7562360042190355
5.37599999999963,0.0039999999999995595,0.0,0.0012308562329175746,0.0003265731863403659,0.00010174393866927344,2.113592130478575e-05,0.756241840670758
5.3799999999996295,0.0039999999999995595,0.0,0.0012308322705273423,0.0003265872822946969,0.00010182392044809832,2.000804328591017e-05,0.7562477284930292
5.383999999999629,0.0039999999999995595,0.0,0.00123080733898256,0.0003266011060478497,0.00010189914741697847,1.88095530817209e-05,0.7562536724253596
5.387999999999629,0.0039999999999995595,0.0,0.0012307814512138148,0.00032661466310991716,0.00010196934905200567,1.754794410724577e-05,0.7562596766534637
5.391999999999628,0.0039999999999995595,0.0,0.0012307546221350825,0.0003266279590586378,0.00010203428363541518,1.6231045510575767e-05,0.7562657448097496
5.395999999999628,0.0039999999999995595,0.0,0.001230726868914674,0.0003266409995657691,0.00010209373882827277,1.4867079901859257e-05,0.7562718799739596
5.399999999999627,0.0039999999999995595,0.0,0.0012306982107951907,0.00032665379042031226,0.00010214753213212032,1.3464770984424256e-05,0.7562780846746177
5.403999999999627,0.0039999999999995595,0.0,0.001230668669274327,0.0003266663375483876,0.0001021955112261704,1.20335473172329e-05,0.7562843608917441
5.407999999999626,0.0039999999999995595,0.0,0.0012306382633238816,0.0003266786400419773,0.00010223754778517002,1.057987803269873e-05,0.7562971330806766
5.411999999999626,0.0039999999999995595,0.0,0.0012306070168776433,0.00032669069149681226,0.00010227351667399999,9.113903052125736e-06,0.7563035450748335
5.415999999999626,0.0039999999999995595,0.0,0.0012305749813871414,0.0003267025137147364,0.00010230336244435388,7.660252072601647e-06,0.7563100406980612
5.419999999999625,0.0039999999999995595,0.0,0.0012305422013605609,0.0003267141224966406,0.00010232705593069302,6.241792658917206e-06,0.7563166210843147
5.423999999999625,0.0039999999999995595,0.0,0.0012305087178808825,0.00032672552979504886,0.00010234459589181538,4.899669113338009e-06,0.7563232847108271
5.427999999999624,0.0039999999999995595,0.0,0.0012304745701395316,0.0003267367451752456,0.0001023560099269241,3.7199987787395415e-06,0.7563300286407321
5.431999999999624,0.0039999999999995595,0.0,0.0012304397970604754,0.00032674777679706353,0.00010236135480046367,2.8959978206562634e-06,0.7563368491847922
5.435999999999623,0.0039999999999995595,0.0,0.0012304044381124819,0.00032675863206604096,0.00010236071628612621,2.7382295492039133e-06,0.7563437422375119
5.439999999999623,0.0039999999999995595,0.0,0.0012303685332191545,0.00032676931805759624,0.00010235420862020232,3.3068711309195103e-06,0.7563507034360809
5.4439999999996225,0.0039999999999995595,0.0,0.0012303321235713224,0.00032677984178609756,0.00010234197363746181,4.288031322201659e-06,0.7563577282271573
5.447999999999622,0.0039999999999995595,0.0,0.001230295251176197,0.0003267902103684853,0.00010232417964977165,5.4289877539467905e-06,0.7563648118891761
5.451999999999622,0.0039999999999995595,0.0,0.0012302579590381451,0.00032680043111664453,0.000102301020116449,6.61503089289508e-06,0.756371949536156
5.455999999999621,0.0039999999999995595,0.0,0.001230220291068747,0.00032681051158202476,0.00010227271214677151,7.794752530168871e-06,0.7563791361165275
5.459999999999621,0.0039999999999995595,0.0,0.0012301822915455826,0.0003268204595686293,0.0001022394948682515,8.941734931493597e-06,0.7563863664135242
5.46399999999962,0.0039999999999995595,0.0,0.0012301440051124151,0.00032683028312542286,0.00010220162768859517,1.0040292997451124e-05,0.7563936350498398
5.46799999999962,0.0039999999999995595,0.0,0.0012301054766891062,0.00032683999052572735,0.00010215938847535256,1.1079964175658884e-05,0.7564009364972786
5.471999999999619,0.0039999999999995595,0.0,0.0012300667511107252,0.00032684959023879777,0.00010211307167340979,1.2053171714641937e-05,0.7564082650911325
5.475999999999619,0.0039999999999995595,0.0,0.0012300278726763176,0.0003268590908971225,0.00010206298637779493,1.295413964805653e-05,0.7564156150486022
5.4799999999996185,0.0039999999999995595,0.0,0.0012299888853294087,0.00032686850126188347,0.00010200945437738047,1.3778347354733278e-05,0.7564229804904608
5.483999999999618,0.0039999999999995595,0.0,0.0012299498324774625,0.0003268778301882233,0.00010195280818311599,1.4522235758919891e-05,0.7564303554651672
5.487999999999618,0.0039999999999995595,0.0,0.0012299107565404853,0.00032688708659144397,0.00010189338905305255,1.5183038602242942e-05,0.756437733974721
5.491999999999617,0.0039999999999995595,0.0,0.0012298716987703404,0.0003268962794148656,0.0001018315450253078,1.5758679338521167e-05,0.7564451100016456
5.495999999999617,0.0039999999999995595,0.0,0.0012298326997019365,0.00032690541759982267,0.00010176762896914438,1.6247703855241396e-05,0.7564524775365876
5.499999999999616,0.0039999999999995595,0.0,0.0012297937982503283,0.00032691451005807865,0.0001017019966636459,1.664923330826297e-05,0.7564598306061046
5.503999999999616,0.0039999999999995595,0.0,0.0012297550323423962,0.0003269235656467992,0.0001016350049126505,1.696292856460874e-05,0.7564671633002887
5.507999999999615,0.0039999999999995595,0.0,0.0012297164383749562,0.0003269325931461219,0.0001015670097040356,1.718896128021657e-05,0.7564744697999293
5.511999999999615,0.0039999999999995595,0.0,0.0012296780515756171,0.0003269416012392858,0.00010149836442096401,1.7327988780224916e-05,0.7564817444029767
5.5159999999996145,0.0039999999999995595,0.0,0.0012296399055510996,0.0003269505984952312,0.00010142941811203635,1.7381131128800972e-05,0.7564889815501054
5.519999999999614,0.0039999999999995595,0.0,0.0012296020325577967,0.00032695959335352477,0.00010136051382699628,1.7349949235287618e-05,0.7564961758491933
5.523999999999614,0.0039999999999995595,0.0,0.0012295644636820845,0.0003269685941114523,0.00010129198702402556,1.723642362562529e-05,0.7565033220985905
5.527999999999613,0.0039999999999995595,0.0,0.0012295272283885865,0.000326977608913081,0.00010122416405405881,1.7042933472892575e-05,0.7565104153090398
5.531999999999613,0.0039999999999995595,0.0,0.001229490354790746,0.0003269866457400945,0.00010115736072749636,1.677223582718518e-05,0.7565174507241555
5.535999999999612,0.0039999999999995595,0.0,0.0012294538700117533,0.00032699571240418876,0.00010109188096772815,1.642744518899147e-05,0.7565244238393702
5.539999999999612,0.0039999999999995595,0.0,0.0012294177996424835,0.0003270048165408097,0.0001010280155556148,1.6012013645861746e-05,0.7565313304192742
5.5439999999996115,0.0039999999999995595,0.0,0.0012293821682830314,0.00032701396560403295,0.00010096604096884227,1.5529711923483713e-05,0.7565381665132945
5.547999999999611,0.0039999999999995595,0.0,0.0012293469991812407,0.0003270231668623728,0.00010090621831894062,1.4984612136220437e-05,0.7565449284696619
5.551999999999611,0.0039999999999995595,0.0,0.001229312314774298,0.0003270324273953287,0.00010084879238892687,1.4381072990346533e-05,0.7565516129476257
5.55599999999961,0.0039999999999995595,0.0,0.0012292781184448877,0.00032704174659305255,0.0001007939330777593,1.3751526962237974e-05,0.7565516129476257
5.55999999999961,0.0039999999999995595,0.0,0.0012292443820546707,0.00032705111207533395,0.00010074169196947367,1.3094431193601443e-05,0.7565582169279023
5.563999999999609,0.0039999999999995595,0.0,0.0012292111338213525,0.00032706053631698285,0.00010069230459700126,1.2381871007219162e-05,0.7565647865543615
5.567999999999609,0.0039999999999995595,0.0,0.0012291784016038418,0.0003270700315071569,0.00010064599042674144,1.1620356932701268e-05,0.7565712584020532
5.571999999999608,0.0039999999999995595,0.0,0.0012291462098310477,0.0003270796077852212,0.00010060293372723752,1.0819154436349608e-05,0.7565776377905077
5.575999999999608,0.0039999999999995595,0.0,0.0012291145802239335,0.0003270892737813643,0.00010056328756686335,9.986862743526169e-06,0.7565839259900653
5.5799999999996075,0.0039999999999995595,0.0,0.001229083532788689,0.0003270990371033198,0.00010052717739726049,9.13171793452249e-06,0.7565901232057712
5.583999999999607,0.0039999999999995595,0.0,0.001229053085545422,0.00032710890462259363,0.00010049470368665952,8.262037727213287e-06,0.7565962292876041
5.587999999999607,0.0039999999999995595,0.0,0.0012290232554311579,0.00032711888262988156,0.00010046594386103624,7.386762990490001e-06,0.7566022440066751
5.591999999999606,0.0039999999999995595,0.0,0.0012289940580286149,0.00032712897691942767,0.00010044095376085737,6.516237260606117e-06,0.7566081672156371
5.595999999999606,0.0039999999999995595,0.0,0.0012289655076562981,0.00032713919283774854,0.00010041976876414711,5.663484359395633e-06,0.7566139989492983
5.599999999999605,0.0039999999999995595,0.0,0.0012289376175489552,0.0003271495353157648,0.00010040240468589624,4.846468697645322e-06,0.756619739485426
5.603999999999605,0.0039999999999995595,0.0,0.00122891039985738,0.0003271600088939204,0.00010038885853404144,4.092171904268984e-06,0.7566253893781686
5.607999999999604,0.0039999999999995595,0.0,0.0012288838876921687,0.0003271706280261129,0.00010037907740256604,3.457483665318959e-06,0.7566364209101922
5.611999999999604,0.0039999999999995595,0.0,0.0012288581482260124,0.0003271814219280815,0.00010037295546238241,2.99415377016268e-06,0.756641737354322
5.6159999999996035,0.0039999999999995595,0.0,0.001228833170665735,0.0003271923835055684,0.00010037047056116211,2.7652542645870545e-06,0.7566469839564779
5.619999999999603,0.0039999999999995595,0.0,0.0012288089481008822,0.0003272035080703711,0.00010037157610329322,2.8208366322258356e-06,0.7566521564415037
5.623999999999603,0.0039999999999995595,0.0,0.0012287854757874854,0.0003272147925969933,0.00010037620315578579,3.13258947208305e-06,0.7566572532598992
5.627999999999602,0.0039999999999995595,0.0,0.0012287627506061864,0.000327226235236576,0.00010038426232432258,3.6188900216969907e-06,0.7566622746285273
5.631999999999602,0.0039999999999995595,0.0,0.0012287407700685116,0.00032723783499121286,0.00010039564546890148,4.202339888541766e-06,0.756667221924202
5.635999999999601,0.0039999999999995595,0.0,0.0012287195323169452,0.00032724959148854667,0.00010041022730706684,4.830391568548958e-06,0.7566720972996194
5.639999999999601,0.0039999999999995595,0.0,0.0012286990354924933,0.00032726150481947325,0.0001004278669376867,5.470617170857035e-06,0.7566769034386356
5.6439999999996004,0.0039999999999995595,0.0,0.0012286792776443369,0.00032727357541604266,0.00010044840930828652,6.102852219918353e-06,0.7566816433983731
5.6479999999996,0.0039999999999995595,0.0,0.0012286602563683928,0.00032728580395545247,0.00010047168664096023,6.713988792469292e-06,0.756686320505111
5.6519999999996,0.0039999999999995595,0.0,0.0012286419688976543,0.00032729819128152204,0.00010049751982710466,7.295062000897176e-06,0.7566909382832971
5.655999999999599,0.0039999999999995595,0.0,0.0012286244116503637,0.0003273107383383811,0.00010052571979700611,7.839664114105942e-06,0.7566955004048334
5.659999999999599,0.0039999999999995595,0.0,0.001228607580410702,0.0003273234461131801,0.00010055608886795518,8.343066058733597e-06,0.7567000106507116
5.663999999999598,0.0039999999999995595,0.0,0.0012285914702384023,0.00032733631558588713,0.00010058842207199517,8.801714503229507e-06,0.7567044728801753
5.667999999999598,0.0039999999999995595,0.0,0.001228576075016897,0.00032734934768499435,0.00010062250846322255,9.21293310342742e-06,0.7567088910044761
5.671999999999597,0.0039999999999995595,0.0,0.0012285613879051145,0.00032736254324840686,0.0001006581324037106,9.57473820649391e-06,0.7567132689634902
5.675999999999597,0.0039999999999995595,0.0,0.0012285474008856291,0.0003273759029890502,0.00010069507482575594,9.885720674014742e-06,0.7567176107041976
5.6799999999995965,0.0039999999999995595,0.0,0.0012285341051261167,0.00032738942746489007,0.00010073311446814232,1.0144967309257789e-05,0.7567219201604471
5.683999999999596,0.0039999999999995595,0.0,0.001228521490708245,0.00032740311705312385,0.00010077202908332748,1.0352006492255178e-05,0.7567262012337119
5.687999999999596,0.0039999999999995595,0.0,0.0012285095466276718,0.00032741697192834507,0.00010081159661256452,1.0506769174477075e-05,0.7567304577746922
5.691999999999595,0.0039999999999995595,0.0,0.0012284982610651649,0.0003274309920444965,0.0001008515963255188,1.06095598390097e-05,0.7567346935657144
5.695999999999595,0.0039999999999995595,0.0,0.001228487621115509,0.00032744517712042303,0.00010089180992107512,1.066103414839534e-05,0.7567389123039219
5.699999999999594,0.0039999999999995595,0.0,0.001228477613058644,0.00032745952662882805,0.00010093202258601467,1.0662181389268982e-05,0.7567431175852899
5.703999999999594,0.0039999999999995595,0.0,0.0012284682222693276,0.0003274740397884313,0.00010097202400838815,1.0614310544524492e-05,0.7567473128894979
5.707999999999593,0.0039999999999995595,0.0,0.0012284594334882985,0.00032748871555910407,0.00010101160934236765,1.0519039411304985e-05,0.7567515015657088
5.711999999999593,0.0039999999999995595,0.0,0.0012284512305511994,0.00032750355263975957,0.00010105058012171198,1.0378286630120873e-05,0.756755686819296
5.7159999999995925,0.0039999999999995595,0.0,0.0012284435967501296,0.00032751854946876736,0.00010108874511894168,1.0194266822851107e-05,0.756759871699561
5.719999999999592,0.0039999999999995595,0.0,0.001228436514743327,0.0003275337042266432,0.00010112592114800957,9.969489378463338e-06,0.7567640590884779
5.723999999999592,0.0039999999999995595,0.0,0.001228429966826361,0.0003275490148407895,0.00010116193380782417,9.70676169023068e-06,0.7567682516904961
5.727999999999591,0.0039999999999995595,0.0,0.0012284239348418222,0.00032756447899203454,0.00010119661816498982,9.409198197435649e-06,0.7567724520234322
5.731999999999591,0.0039999999999995595,0.0,0.0012284184000890088,0.000327580094122741,0.0001012298193737536,9.08023682414241e-06,0.7567766624104628
5.73599999999959,0.0039999999999995595,0.0,0.0012284133243444758,0.0003275958450171785,0.00010126143266122262,8.738459784506602e-06,0.7567766624104628
5.73999999999959,0.0039999999999995595,0.0,0.0012284086422699066,0.00032761169871496035,0.00010129143158976458,8.383850437774633e-06,0.7567808849732438
5.743999999999589,0.0039999999999995595,0.0,0.0012284043584791468,0.0003276276660627214,0.00010131966295991602,8.003385401566004e-06,0.7567851863492379
5.747999999999589,0.0039999999999995595,0.0,0.0012284004777664815,0.0003276437578531366,0.00010134598432434982,7.603046048604128e-06,0.7567894957416494
5.7519999999995886,0.0039999999999995595,0.0,0.0012283969977858551,0.000327659980481139,0.00010137027613629315,7.190440114736343e-06,0.7567938128921429
5.755999999999588,0.0039999999999995595,0.0,0.0012283939104064665,0.0003276763368587672,0.00010139243902976698,6.773252628014298e-06,0.7567981403636382
5.759999999999588,0.0039999999999995595,0.0,0.0012283912039722214,0.0003276928274579349,0.0001014123914107922,6.359525545545788e-06,0.7568024806428595
5.763999999999587,0.0039999999999995595,0.0,0.001228388863934386,0.00032770945103690187,0.00010143006769156581,5.957941949403648e-06,0.756806835864801
5.767999999999587,0.0039999999999995595,0.0,0.0012283868742976902,0.00032772620512011086,0.00010144541699259553,5.578052031807605e-06,0.7568112077531363
5.771999999999586,0.0039999999999995595,0.0,0.0012283852176203593,0.0003277430863192785,0.00010145840217327476,5.230378267123276e-06,0.7568155976188615
5.775999999999586,0.0039999999999995595,0.0,0.00122838387600834,0.00032776009055533045,0.0001014689990892462,4.926277433840291e-06,0.7568200063836148
5.7799999999995855,0.0039999999999995595,0.0,0.0012283828309345832,0.0003277772132181945,0.00010147719600274546,4.677386705819254e-06,0.7568244346119256
5.783999999999585,0.0039999999999995595,0.0,0.001228382063600609,0.0003277944492869816,0.00010148299309203947,4.494502794456945e-06,0.7568288825446702
5.787999999999585,0.0039999999999995595,0.0,0.0012283815552980755,0.0003278117934242268,0.00010148640202074137,4.385935107509602e-06,0.7568333501303014
5.791999999999584,0.0039999999999995595,0.0,0.0012283812872280555,0.0003278292400524875,0.00010148744553814946,4.355752440495378e-06,0.7568378370527036
5.795999999999584,0.0039999999999995595,0.0,0.0012283812409529821,0.0003278467834183453,0.00010148615709013609,4.402669433079361e-06,0.7568423427556121
5.799999999999583,0.0039999999999995595,0.0,0.0012283813980351577,0.0003278644176469194,0.00010148258042575614,4.520188105350744e-06,0.7568468664640003
5.803999999999583,0.0039999999999995595,0.0,0.001228381740579073,0.0003278821367888377,0.00010147676918925742,4.697960531786764e-06,0.7568514072029986
5.807999999999582,0.0039999999999995595,0.0,0.0012283822659635258,0.0003278999461766025,0.00010146882035744205,4.921541631923616e-06,0.756860534974773
5.811999999999582,0.0039999999999995595,0.0,0.0012283829890107451,0.0003279178646960713,0.00010145888427564091,5.175019463448301e-06,0.7568650779575468
5.8159999999995815,0.0039999999999995595,0.0,0.0012283838671510207,0.00032793586909849137,0.00010144700753956859,5.450001034658993e-06,0.7568696367044049
5.819999999999581,0.0039999999999995595,0.0,0.001228384867395051,0.00032795394192559196,0.00010143325379448432,5.738619323810667e-06,0.7568742097165002
5.823999999999581,0.0039999999999995595,0.0,0.0012283859628091024,0.00032797206962193815,0.00010141770126429981,6.0333350726684586e-06,0.7568787947120689
5.82799999999958,0.0039999999999995595,0.0,0.0012283871310689194,0.00032799024132708566,0.00010140044064347566,6.327338606233e-06,0.7568833890645918
5.83199999999958,0.0039999999999995595,0.0,0.0012283883530136324,0.0003280084480963769,0.0001013815732706422,6.614698931823033e-06,0.75688799002635
5.835999999999579,0.0039999999999995595,0.0,0.0012283896121938504,0.0003280266823914578,0.00010136120952220083,6.890371506603225e-06,0.7568925948359311
5.839999999999579,0.0039999999999995595,0.0,0.0012283908936063302,0.0003280449377403614,0.00010133946737965322,7.150138198493138e-06,0.7568972007651734
5.843999999999578,0.0039999999999995595,0.0,0.0012283921843266338,0.0003280632085043308,0.00010131647113512057,7.3905221652264065e-06,0.7569018051362262
5.847999999999578,0.0039999999999995595,0.0,0.001228393472063038,0.0003280814897121265,0.00010129235020802518,7.608699853360784e-06,0.7569064053252509
5.8519999999995775,0.0039999999999995595,0.0,0.0012283947459699504,0.0003280997769374308,0.00010126723805289451,7.802420171219077e-06,0.7569109987613309
5.855999999999577,0.0039999999999995595,0.0,0.0012283959959248636,0.0003281180662042838,0.00010124127114282716,7.969934458758271e-06,0.7569155829247622
5.859999999999577,0.0039999999999995595,0.0,0.0012283972122572088,0.00032813635391127776,0.00010121458801706326,8.109937671791212e-06,0.7569201553465226
5.863999999999576,0.0039999999999995595,0.0,0.0012283983860194914,0.00032815463676883665,0.00010118732838443167,8.221519649591244e-06,0.7569247136095074
5.867999999999576,0.0039999999999995595,0.0,0.0012283995088969047,0.00032817291174611426,0.0001011596322764297,8.30412508906306e-06,0.7569292553515057
5.871999999999575,0.0039999999999995595,0.0,0.0012284005725746669,0.00032819117602537643,0.00010113163924562129,8.35752066525156e-06,0.756933778269651
5.875999999999575,0.0039999999999995595,0.0,0.0012284015693706733,0.0003282094269625561,0.00010110348760640152,8.38176801206664e-06,0.7569382801259915
5.8799999999995745,0.0039999999999995595,0.0,0.0012284024916028344,0.0003282276620531162,0.00010107531371612926,8.377201404709863e-06,0.7569427587538207
5.883999999999574,0.0039999999999995595,0.0,0.0012284033318602089,0.0003282458789026456,0.00010104725129564378,8.344409343830296e-06,0.7569472120644631
5.887999999999574,0.0039999999999995595,0.0,0.0012284040830029988,0.0003282640752017644,0.00010101943078850101,8.284219327965009e-06,0.7569516380542466
5.891999999999573,0.0039999999999995595,0.0,0.0012284047378010251,0.0003282822487049883,0.0001009919787589389,8.19768539041702e-06,0.7569560348114491
5.895999999999573,0.0039999999999995595,0.0,0.0012284052893856206,0.00032830039721324175,0.0001009650173286812,8.086078041696366e-06,0.7569604005230471
5.899999999999572,0.0039999999999995595,0.0,0.0012284057306169668,0.00032831851855973614,0.00010093866365299889,7.950876468021016e-06,0.7569647334811387
5.903999999999572,0.0039999999999995595,0.0,0.0012284060546263653,0.00032833661059891733,0.00010091302943663371,7.793762823488353e-06,0.7569690320889305
5.907999999999571,0.0039999999999995595,0.0,0.0012284062547258507,0.00032835467119821565,0.00010088822049000989,7.616618700915517e-06,0.7569732948662189
5.911999999999571,0.0039999999999995595,0.0,0.0012284063241370469,0.00032837269823230607,0.0001008643363263003,7.421523704521003e-06,0.7569775204542978
5.9159999999995705,0.0039999999999995595,0.0,0.0012284062560815382,0.00032839068957961256,0.00010084146979985778,7.210756146680276e-06,0.7569817076202598
5.91999999999957,0.0039999999999995595,0.0,0.0012284060439616221,0.000328408643120771,0.00010081970678652737,6.9867957870392225e-06,0.7569858552606464
5.92399999999957,0.0039999999999995595,0.0,0.0012284056812699212,0.00032842655673879373,0.00010079912590599443,6.752328357096949e-06,0.7569899624044368
5.927999999999569,0.0039999999999995595,0.0,0.0012284051616797548,0.0003284444283206748,0.00010077979828644348,6.510251151142191e-06,0.7569940282153564
5.931999999999569,0.0039999999999995595,0.0,0.0012284044786836147,0.00032846225576020274,0.00010076178737150482,6.263678504767091e-06,0.756998051993503
5.935999999999568,0.0039999999999995595,0.0,0.0012284036262258113,0.00032848003696173546,0.0001007451487693653,6.015944828510636e-06,0.757002033176285
5.939999999999568,0.0039999999999995595,0.0,0.001228402598069811,0.00032849776984473887,0.00010072993014385645,5.770601663264753e-06,0.7570059713386821
5.943999999999567,0.0039999999999995595,0.0,0.001228401388340504,0.0003285154523488852,0.00010071617114689073,5.531403143026933e-06,0.757009866192834
5.947999999999567,0.0039999999999995595,0.0,0.0012283999913434368,0.0003285330824395346,0.00010070390339185941,5.302272088536091e-06,0.7570137175869712
5.9519999999995665,0.0039999999999995595,0.0,0.0012283984013840476,0.0003285506581134394,0.00010069315046701091,5.087236752236783e-06,0.7570175255037086
5.955999999999566,0.0039999999999995595,0.0,0.0012283966129484143,0.000328568177404534,0.00010068392798799307,4.890327138830005e-06,0.7570212900577147
5.959999999999566,0.0039999999999995595,0.0,0.0012283946209743892,0.0003285856383896775,0.0001006762436884093,4.715421644977083e-06,0.757025011492785
5.963999999999565,0.0039999999999995595,0.0,0.0012283924201285511,0.0003286030391942587,0.00010067009754701887,4.566041603573163e-06,0.7570286901783485
5.967999999999565,0.0039999999999995595,0.0,0.0012283900058003793,0.00032862037799756604,0.00010066548195042896,4.44510453633663e-06,0.7570323266054274
5.971999999999564,0.0039999999999995595,0.0,0.001228387373108065,0.0003286376530378495,0.00010066238188955085,4.354665357821967e-06,0.7570359213820856
5.975999999999564,0.0039999999999995595,0.0,0.0012283845178023083,0.0003286548626170273,0.00010066077518811558,4.295691962011377e-06,0.7570394752283959
5.979999999999563,0.0039999999999995595,0.0,0.0012283814355432694,0.00032867200510499207,0.00010066063276166292,4.2679281450310854e-06,0.7570429889709697
5.983999999999563,0.0039999999999995595,0.0,0.0012283781222620844,0.0003286890789434892,0.00010066191890488475,4.269884189817187e-06,0.757046463537067
5.987999999999563,0.0039999999999995595,0.0,0.0012283745675630117,0.000328706079757468,0.00010066461522231868,4.299607636230615e-06,0.757046463537067
5.991999999999562,0.0039999999999995595,0.0,0.0012283707503850023,0.0003287229985615582,0.00010066872828113198,4.3553540985830526e-06,0.7570498999483393
5.995999999999562,0.0039999999999995595,0.0,0.0012283666792215237,0.00032873983955662836,0.000100674153266807,4.429059976468145e-06,0.757056742986505
5.999999999999561,0.0039999999999995595,0.0,0.0012283623747676193,0.0003287566118596373,0.00010068074994540174,4.515009119173033e-06,0.7570600570622973
6.003999999999561,0.0039999999999995595,0.0,0.001228357832049786,0.0003287733136927055,0.00010068846960668803,4.611759296806081e-06,0.7570633421645548
6.00799999999956,0.0039999999999995595,0.0,0.0012283530467269929,0.0003287899433744634,0.00010069725555245443,4.715513129906458e-06,0.757066598431904
6.01199999999956,0.0039999999999995595,0.0,0.0012283480147291495,0.0003288064992902985,0.00010070704434133538,4.822611411953093e-06,0.7570698264159036
6.0159999999995595,0.0039999999999995595,0.0,0.0012283427323474866,0.00032882297989774887,0.00010071776685605318,4.92967015263988e-06,0.7570730269713654
6.019999999999559,0.0039999999999995595,0.0,0.0012283371963249412,0.0003288393837446296,0.00010072934923563748,5.033655014539509e-06,0.7570762011735561
6.023999999999559,0.0039999999999995595,0.0,0.0012283314034946206,0.000328855709488922,0.00010074171370362805,5.1319118820903425e-06,0.7570793502562262
6.027999999999558,0.0039999999999995595,0.0,0.0012283253511413377,0.00032887195591564867,0.00010075477931535066,5.222169324721903e-06,0.7570824755652072
6.031999999999558,0.0039999999999995595,0.0,0.0012283190370920023,0.0003288881219491069,0.00010076846264118713,5.302524622012137e-06,0.7570855785233853
6.035999999999557,0.0039999999999995595,0.0,0.0012283124593540854,0.00032890420666040947,0.00010078267839830365,5.371421421819261e-06,0.7570886606038876
6.039999999999557,0.0039999999999995595,0.0,0.0012283056162060058,0.000328920209270909,0.00010079734003969056,5.427624163210298e-06,0.7570917233091315
6.043999999999556,0.0039999999999995595,0.0,0.0012282985065586824,0.0003289361291523118,0.00010081236030741738,5.470192370674547e-06,0.7570947681540761
6.047999999999556,0.0039999999999995595,0.0,0.0012282911295939988,0.00032895196582426997,0.00010082765175448598,5.49845642164399e-06,0.7570977966524851
6.0519999999995555,0.0039999999999995595,0.0,0.0012282834847648096,0.00032896771895013456,0.00010084312723859235,5.511995630546745e-06,0.7571008103053803
6.055999999999555,0.0039999999999995595,0.0,0.0012282755718853353,0.00032898338833145004,0.00010085870039009641,5.510618928854523e-06,0.7571038105911201
6.059999999999555,0.0039999999999995595,0.0,0.001228267391311953,0.0003289989739016296,0.00010087428605532485,5.494348095158856e-06,0.7571067989567166
6.063999999999554,0.0039999999999995595,0.0,0.0012282589434912641,0.00032901447571915827,0.00010088980071637163,5.4634034662158525e-06,0.7571097768101264
6.067999999999554,0.0039999999999995595,0.0,0.0012282502295024417,0.000329029893960589,0.00010090516288736481,5.418191776725402e-06,0.7571127455133465
6.071999999999553,0.0039999999999995595,0.0,0.0012282412504245166,0.00032904522891351236,0.00010092029348746959,5.35929608037232e-06,0.7571157063761921
6.075999999999553,0.0039999999999995595,0.0,0.0012282320078787305,0.0003290604809696587,0.00010093511619043995,5.287467405878937e-06,0.7571186606506897
6.079999999999552,0.0039999999999995595,0.0,0.0012282225037573821,0.00032907565061821747,0.00010094955775041442,5.203617991451218e-06,0.7571216095260234
6.083999999999552,0.0039999999999995595,0.0,0.0012282127403142342,0.0003290907384394552,0.00010096354830343636,5.10881581227683e-06,0.7571245541240115
6.0879999999995515,0.0039999999999995595,0.0,0.0012282027141985188,0.00032910574327312317,0.00010097704184426264,5.010321289589554e-06,0.7571245541240115
6.091999999999551,0.0039999999999995595,0.0,0.0012281924175394472,0.000329120662286184,0.00010099000923219787,4.9013021877507486e-06,0.7571304745400212
6.095999999999551,0.0039999999999995595,0.0,0.0012281818728387384,0.0003291355024409399,0.0001010023241062581,4.779226756492201e-06,0.7571334072575024
6.09999999999955,0.0039999999999995595,0.0,0.0012281710836154658,0.00032915026499888254,0.00010101393707457404,4.652731475143505e-06,0.7571363397504512
6.10399999999955,0.0039999999999995595,0.0,0.0012281600535694736,0.00032916495108892274,0.0001010248020691597,4.523362049657156e-06,0.7571392730610361
6.107999999999549,0.0039999999999995595,0.0,0.0012281487866717903,0.0003291795617447791,0.00010103487678000801,4.392847248868013e-06,0.7571422079083724
6.111999999999549,0.0039999999999995595,0.0,0.0012281372868030527,0.000329194097945106,0.00010104412299777949,4.2630756749128605e-06,0.7571451448142369
6.1159999999995485,0.0039999999999995595,0.0,0.0012281255582055075,0.0003292085606490353,0.00010105250687994892,4.136066976654332e-06,0.757148084170023
6.119999999999548,0.0039999999999995595,0.0,0.0012281136054830375,0.0003292229508246388,0.00010105999915210514,4.013934824156291e-06,0.7571510262708688
6.123999999999548,0.0039999999999995595,0.0,0.0012281014332395802,0.00032923726947016674,0.00010106657525329873,3.898838625404358e-06,0.7571539713319251
6.127999999999547,0.0039999999999995595,0.0,0.0012280890466215512,0.00032925151762892797,0.00010107221543267632,3.7929212796826424e-06,0.7571569194952952
6.131999999999547,0.0039999999999995595,0.0,0.0012280764509562665,0.0003292656963989725,0.00010107690480302769,3.6982315833053485e-06,0.7571598708324223
6.135999999999546,0.0039999999999995595,0.0,0.0012280636519327694,0.0003292798069387454,0.00010108063335587377,3.6166326533846635e-06,0.7571628253445575
6.139999999999546,0.0039999999999995595,0.0,0.0012280506554210489,0.00032929385046972566,0.00010108339594182214,3.5497014676360836e-06,0.7571657829626925
6.143999999999545,0.0039999999999995595,0.0,0.0012280374676528693,0.0003293078282768661,0.00010108519221962712,3.4986290893570466e-06,0.757168743547653
6.147999999999545,0.0039999999999995595,0.0,0.0012280240952218015,0.0003293217417074796,0.00010108602657642232,3.4641346424196897e-06,0.7571717068906654
6.1519999999995445,0.0039999999999995595,0.0,0.0012280105447216177,0.00032933559216905255,0.00010108590802174495,3.446407194630382e-06,0.757174672714517
6.155999999999544,0.0039999999999995595,0.0,0.0012279968231983483,0.0003293493811263484,0.00010108485005753352,3.4450868844446022e-06,0.7571776406753038
6.159999999999544,0.0039999999999995595,0.0,0.0012279829307366708,0.00032936310729909105,0.00010108286055017965,3.4586920800533716e-06,0.7571776406753038
6.163999999999543,0.0039999999999995595,0.0,0.001227968854582782,0.0003293767646733425,0.00010107993926438917,3.4865865412746237e-06,0.7571806103647457
6.167999999999543,0.0039999999999995595,0.0,0.0012279546051277917,0.00032939035664151926,0.0001010761224345627,3.5277141505611813e-06,0.7571836105760505
6.171999999999542,0.0039999999999995595,0.0,0.0012279401938481772,0.0003294038870320922,0.00010107144685483179,3.579870739141047e-06,0.757186608639784
6.175999999999542,0.0039999999999995595,0.0,0.0012279256391828067,0.0003294173623359812,0.00010106596550732856,3.639287392907412e-06,0.7571925953884173
6.179999999999541,0.0039999999999995595,0.0,0.0012279109725912174,0.0003294307937136489,0.00010105975267392108,3.7037114677121616e-06,0.757195555921025
6.183999999999541,0.0039999999999995595,0.0,0.0012278962000369013,0.0003294441816665412,0.00010105283603986072,3.7724678368116775e-06,0.7571985153674988
6.1879999999995405,0.0039999999999995595,0.0,0.0012278813276644445,0.0003294575269283934,0.0001010452489228342,3.843695409639797e-06,0.7572014734644418
6.19199999999954,0.0039999999999995595,0.0,0.0012278663621612183,0.00032947083032685995,0.00010103702938393379,3.91557451889265e-06,0.7572044294864095
6.19599999999954,0.0039999999999995595,0.0,0.0012278513099436388,0.00032948409273698823,0.00010102821946579753,3.9864002649858335e-06,0.7572073824889306
6.199999999999539,0.0039999999999995595,0.0,0.0012278361779709433,0.0003294973150779006,0.00010101886453042276,4.054624401379881e-06,0.7572103314364562
6.203999999999539,0.0039999999999995595,0.0,0.0012278209729314293,0.0003295104983265329,0.00010100901267540431,4.118876113990366e-06,0.7572132752673087
6.207999999999538,0.0039999999999995595,0.0,0.001227805701965829,0.0003295236435350841,0.00010099871421249024,4.1779691220621486e-06,0.7572162129249598
6.211999999999538,0.0039999999999995595,0.0,0.0012277903720343682,0.00032953675184598695,0.00010098802119606151,4.230900421287811e-06,0.7572191433719537
6.2159999999995375,0.0039999999999995595,0.0,0.0012277749905497408,0.0003295498245020497,0.00010097698699224468,4.276844155220358e-06,0.757222065595385
6.219999999999537,0.0039999999999995595,0.0,0.0012277595650154306,0.0003295628628513766,0.00010096566588155918,4.315143015936765e-06,0.757224978608649
6.223999999999537,0.0039999999999995595,0.0,0.0012277441029352938,0.0003295758683475691,0.00010095411268966168,4.3452986098591846e-06,0.757227881451891
6.227999999999536,0.0039999999999995595,0.0,0.0012277286119039897,0.00032958884254607145,0.00010094238244240638,4.366961638458963e-06,0.7572307731922936
6.231999999999536,0.0039999999999995595,0.0,0.0012277130997878493,0.0003296017870975696,0.00010093053004210209,4.379922460334321e-06,0.757233652924686
6.235999999999535,0.0039999999999995595,0.0,0.0012276975743631677,0.0003296147037392653,0.0001009186099629082,4.3841022119899636e-06,0.7572365197726159
6.239999999999535,0.0039999999999995595,0.0,0.0012276820435874983,0.0003296275942847445,0.00010090667596397343,4.379544593294901e-06,0.7572393728898604
6.243999999999534,0.0039999999999995595,0.0,0.0012276665151474964,0.00032964046061301417,0.00010089478081926854,4.366408336190294e-06,0.7572422114622925
6.247999999999534,0.0039999999999995595,0.0,0.0012276509969110748,0.00032965330465714436,0.00010088297606346492,4.344960263795532e-06,0.7572450347099852
6.2519999999995335,0.0039999999999995595,0.0,0.0012276354966561085,0.00032966612839286687,0.00010087131175342855,4.315568898292673e-06,0.757247841889459
6.255999999999533,0.0039999999999995595,0.0,0.0012276200220704282,0.00032967893382738664,0.00010085983624527885,4.278698400631013e-06,0.7572506322959797
6.259999999999533,0.0039999999999995595,0.0,0.0012276045808422497,0.00032969172298859354,0.00010084859598703084,4.234902787817044e-06,0.7572534052658244
6.263999999999532,0.0039999999999995595,0.0,0.001227589180207978,0.0003297044979148085,0.00010083763532665128,4.1848202629603195e-06,0.7572561601784626
6.267999999999532,0.0039999999999995595,0.0,0.0012275738275852575,0.0003297172606451509,0.00010082699633594365,4.129167391446325e-06,0.7572588964585987
6.271999999999531,0.0039999999999995595,0.0,0.0012275585300303327,0.0003297300132105949,0.00010081671865024053,4.068732983373618e-06,0.7572616135780398
6.275999999999531,0.0039999999999995595,0.0,0.0012275432945093505,0.0003297427576257348,0.000100806839324091,4.004371404337715e-06,0.7572643110573619
6.27999999999953,0.0039999999999995595,0.0,0.001227528127807907,0.0003297554958812855,0.00010079739270317578,3.936994990126909e-06,0.7572669884673549
6.28399999999953,0.0039999999999995595,0.0,0.001227513036350143,0.00032976822993730594,0.00010078841031237103,3.867565280153223e-06,0.7572696454302223
6.2879999999995295,0.0039999999999995595,0.0,0.0012274980264700562,0.00032978096171714305,0.00010077992076034207,3.7970826034330284e-06,0.7572722816205456
6.291999999999529,0.0039999999999995595,0.0,0.0012274831041401506,0.00032979369310206776,0.00010077194966044069,3.7265738123142042e-06,0.757274896765974
6.295999999999529,0.0039999999999995595,0.0,0.0012274682752427537,0.00032980642592657155,0.00010076451956786799,3.6570776360469793e-06,0.7572774906476737
6.299999999999528,0.0039999999999995595,0.0,0.00122745354529866,0.00032981916197428475,0.0001007576499332598,3.5896274705796473e-06,0.7572800631004983
6.303999999999528,0.0039999999999995595,0.0,0.0012274389194671044,0.0003298319029744922,0.00010075135707235013,3.5252315679298647e-06,0.7572826140129183
6.307999999999527,0.0039999999999995595,0.0,0.001227424402907542,0.0003298446505992005,0.00010074565415157062,3.4648506747656315e-06,0.7572851433266892
6.311999999999527,0.0039999999999995595,0.0,0.0012274100001464755,0.0003298574064607082,0.00010074055118931872,3.409373737045354e-06,0.7572876510362663
6.315999999999526,0.0039999999999995595,0.0,0.001227395715801044,0.00032987017210964615,0.00010073605507240732,3.359592562284106e-06,0.7572901371879807
6.319999999999526,0.0039999999999995595,0.0,0.0012273815539458391,0.0003298829490334385,0.00010073216958758391,3.316176796448131e-06,0.7572926018789788
6.323999999999526,0.0039999999999995595,0.0,0.0012273675184746944,0.0003298957386551423,0.00010072889546741555,3.279651021022374e-06,0.7572950452559359
6.327999999999525,0.0039999999999995595,0.0,0.0012273536131006692,0.0003299085423326344,0.00010072623045008578,3.2503758967574406e-06,0.7572974675135565
6.331999999999525,0.0039999999999995595,0.0,0.0012273398409942049,0.0003299213613580939,0.00010072416935256823,3.228535217034441e-06,0.7572998688928698
6.335999999999524,0.0039999999999995595,0.0,0.0012273262053258418,0.00032993419695775543,0.00010072270415652469,3.2141304348271755e-06,0.7573022496793317
6.339999999999524,0.0039999999999995595,0.0,0.0012273127087234588,0.00032994705029189253,0.0001007218241062738,3.2069834765608147e-06,0.7573046102007529
6.343999999999523,0.0039999999999995595,0.0,0.0012272993538150036,0.0003299599224550051,0.00010072151581805406,3.2067478522428766e-06,0.7573069508250558
6.347999999999523,0.0039999999999995595,0.0,0.001227286142776181,0.0003299728144761769,0.00010072176339973912,3.212927167266582e-06,0.7573092719578873
6.3519999999995225,0.0039999999999995595,0.0,0.001227273077601815,0.0003299857273195782,0.0001007225485805398,3.2248994179933915e-06,0.757311574040091
6.355999999999522,0.0039999999999995595,0.0,0.0012272601600153716,0.00032999866188508875,0.00010072385084945988,3.24194499626657e-06,0.7573138575450588
6.359999999999522,0.0039999999999995595,0.0,0.0012272473912880145,0.0003300116190090284,0.00010072564760186639,3.2632762117597855e-06,0.7573161229759788
6.363999999999521,0.0039999999999995595,0.0,0.0012272347727813715,0.00033002459946496394,0.00010072791429335473,3.288066318693069e-06,0.7573183708629929
6.367999999999521,0.0039999999999995595,0.0,0.0012272223053142735,0.00033003760396458975,0.00010073062459978645,3.3154764460661005e-06,0.7573206017602767
6.37199999999952,0.0039999999999995595,0.0,0.0012272099897055295,0.0003300506331586588,0.00010073375058277001,3.3446793412679265e-06,0.7573228162430673
6.37599999999952,0.0039999999999995595,0.0,0.0012271978262311156,0.0003300636876379606,0.00010073726285961248,3.374879335594833e-06,0.7573250149046429
6.379999999999519,0.0039999999999995595,0.0,0.0012271858152574319,0.0003300767679343323,0.00010074113077689336,3.405328372720196e-06,0.757327198353277
6.383999999999519,0.0039999999999995595,0.0,0.001227173956698486,0.00033008987452169344,0.00010074532258650671,3.435338257329003e-06,0.7573293672091805
6.3879999999995185,0.0039999999999995595,0.0,0.0012271622378927872,0.00033010300144511713,0.00010074981928908775,3.463517273082183e-06,0.7573293672091805
6.391999999999518,0.0039999999999995595,0.0,0.0012271506260936055,0.00033011613307367343,0.00010075462093891025,3.48985476691862e-06,0.7573315221014517
6.395999999999518,0.0039999999999995595,0.0,0.0012271391314368973,0.00033012927584981925,0.00010075968055565769,3.5148329297903822e-06,0.7573336901767032
6.399999999999517,0.0039999999999995595,0.0,0.0012271277641494403,0.00033014243644911324,0.00010076495289718645,3.537959406558992e-06,0.7573358422825852
6.403999999999517,0.0039999999999995595,0.0,0.0012271165313822324,0.00033015561973710343,0.00010077039573910269,3.558680064767476e-06,0.7573379791082467
6.407999999999516,0.0039999999999995595,0.0,0.0012271054506006371,0.00033016883580837026,0.00010077595563690263,3.577031682459119e-06,0.7573422116317434
6.411999999999516,0.0039999999999995595,0.0,0.0012270945561895668,0.00033018210315545433,0.00010078156135761653,3.5924458839457146e-06,0.7573442832877035
6.415999999999515,0.0039999999999995595,0.0,0.0012270838358491726,0.00033019541566554894,0.00010078719077776786,3.6043155397054015e-06,0.7573463474976795
6.419999999999515,0.0039999999999995595,0.0,0.0012270732799029409,0.00033020876873725714,0.00010079281912356354,3.6127223621986e-06,0.7573484047597596
6.4239999999995145,0.0039999999999995595,0.0,0.0012270628801216066,0.0003302221587713892,0.00010079841986173896,3.61775165689937e-06,0.7573504553947897
6.427999999999514,0.0039999999999995595,0.0,0.0012270526297232253,0.0003302355828604699,0.00010080396541561983,3.6195221687133108e-06,0.7573524996633538
6.431999999999514,0.0039999999999995595,0.0,0.0012270425227398868,0.0003302490385974947,0.00010080942774430724,3.6182001347055854e-06,0.7573545378197496
6.435999999999513,0.0039999999999995595,0.0,0.0012270325537463139,0.000330262523955773,0.00010081477881503343,3.6140038917481756e-06,0.7573565701327128
6.439999999999513,0.0039999999999995595,0.0,0.001227022717950373,0.00033027603721089653,0.00010081999099034302,3.6072027355983824e-06,0.7573585968894088
6.443999999999512,0.0039999999999995595,0.0,0.0012270130111026235,0.00033028957688751844,0.00010082503734729409,3.598112450852598e-06,0.7573606183916481
6.447999999999512,0.0039999999999995595,0.0,0.0012270034291344135,0.0003303031417207132,0.00010082989194136471,3.58708879248956e-06,0.7573626349490742
6.4519999999995115,0.0039999999999995595,0.0,0.0012269939683388577,0.00033031673062594195,0.00010083453002538346,3.5745198277023833e-06,0.7573646468717027
6.455999999999511,0.0039999999999995595,0.0,0.0012269846253708556,0.0003303303426741675,0.00010083892823100475,3.560817505924142e-06,0.75736665446293
6.459999999999511,0.0039999999999995595,0.0,0.001226975397066139,0.00033034397707018835,0.00010084306471873929,3.5464088033995394e-06,0.7573686580134729
6.46399999999951,0.0039999999999995595,0.0,0.0012269662803507974,0.0003303576331331215,0.00010084691930130502,3.531726601933441e-06,0.7573706577963348
6.46799999999951,0.0039999999999995595,0.0,0.0012269572724222552,0.0003303713102784781,0.0001008504735438207,3.517200440907627e-06,0.7573726540627685
6.471999999999509,0.0039999999999995595,0.0,0.0012269483707492853,0.00033038500800154836,0.00010085371084373661,3.503247306487481e-06,0.7573746470391184
6.475999999999509,0.0039999999999995595,0.0,0.0012269395727100712,0.0003303987258619804,0.00010085661649290491,3.4902626367435427e-06,0.7573766369244229
6.479999999999508,0.0039999999999995595,0.0,0.0012269308756826948,0.0003304124634695039,0.00010085917772331496,3.4786117087369535e-06,0.7573786238886614
6.483999999999508,0.0039999999999995595,0.0,0.0012269222774070924,0.00033042622047079986,0.00010086138373832098,3.468621685913039e-06,0.7573806080715432
6.4879999999995075,0.0039999999999995595,0.0,0.0012269137755326234,0.000330439996537505,0.00010086322573028391,3.4605745186263208e-06,0.7573825895817452
6.491999999999507,0.0039999999999995595,0.0,0.001226905367618069,0.00033045379135537557,0.00010086469688579742,3.454700986282776e-06,0.7573845684965433
6.495999999999507,0.0039999999999995595,0.0,0.0012268970396393586,0.0003304675979532546,0.00010086579285370182,3.4478572772409923e-06,0.7573845684965433
6.499999999999506,0.0039999999999995595,0.0,0.0012268887599262875,0.000330481399729378,0.00010086651315745378,3.4415189878308812e-06,0.7573865448617624
6.503999999999506,0.0039999999999995595,0.0,0.0012268805377099717,0.0003304952035177269,0.0001008668568937763,3.4395171153371257e-06,0.7573885391042997
6.507999999999505,0.0039999999999995595,0.0,0.0012268723824027518,0.00033050901620275283,0.00010086682421534966,3.441664691691388e-06,0.7573905291890771
6.511999999999505,0.0039999999999995595,0.0,0.0012268642998879912,0.0003305228424834368,0.000100866417507945,3.447406600462005e-06,0.7573925146167076
6.515999999999504,0.0039999999999995595,0.0,0.001226856293424889,0.0003305366853785833,0.00010086564118830571,3.456256412793186e-06,0.7573944953679405
6.519999999999504,0.0039999999999995595,0.0,0.001226848364100861,0.0003305505467528895,0.00010086450150933746,3.4677929445365533e-06,0.7573964715660407
6.5239999999995035,0.0039999999999995595,0.0,0.0012268405118269089,0.0003305644276609389,0.00010086300640655625,3.4816280502089594e-06,0.7573984433702542
6.527999999999503,0.0039999999999995595,0.0,0.0012268327354280756,0.0003305783285612776,0.00010086116537226438,3.4973868698012164e-06,0.7574004109106978
6.531999999999503,0.0039999999999995595,0.0,0.0012268250330958912,0.00033059224945323617,0.00010085898934687622,3.514699098467692e-06,0.7574023742598471
6.535999999999502,0.0039999999999995595,0.0,0.0012268174022073606,0.00033060618996963323,0.00010085649062027761,3.533196926608821e-06,0.757404333425483
6.539999999999502,0.0039999999999995595,0.0,0.0012268098398679201,0.0003306201494444398,0.00010085368273871259,3.552516569974842e-06,0.7574062883538201
6.543999999999501,0.0039999999999995595,0.0,0.0012268023426399391,0.00033063412696604223,0.0001008505804138683,3.572301559453116e-06,0.7574082389365819
6.547999999999501,0.0039999999999995595,0.0,0.0012267949069951942,0.00033064812142185603,0.00010084719943232529,3.5922066818973176e-06,0.7574101850190095
6.5519999999995004,0.0039999999999995595,0.0,0.0012267875289528748,0.0003306621315373173,0.00010084355656417663,3.6119019641703574e-06,0.7574121264075039
6.5559999999995,0.0039999999999995595,0.0,0.001226780204622565,0.00033067615591078484,0.00010083966947008754,3.6310763650358595e-06,0.7574140628764517
6.5599999999995,0.0039999999999995595,0.0,0.0012267729297517507,0.00033069019304508395,0.00010083555660641614,3.6494410411490302e-06,0.7574159941741442
6.563999999999499,0.0039999999999995595,0.0,0.0012267657002688105,0.00033070424137603843,0.00010083123712853774,3.6667320552853035e-06,0.7574179200278747
6.567999999999499,0.0039999999999995595,0.0,0.0012267585120115212,0.00033071829929813627,0.0001008267307925265,3.6827125631746072e-06,0.7574198401483304
6.571999999999498,0.0039999999999995595,0.0,0.0012267513607270562,0.0003307323651874089,0.00010082205785526247,3.697174517809595e-06,0.757421754233404
6.575999999999498,0.0039999999999995595,0.0,0.001226744242524493,0.00033074643742157767,0.00010081723897363166,3.7099398287993174e-06,0.7574236619715452
6.579999999999497,0.0039999999999995595,0.0,0.0012267371532413095,0.00033076051439756435,0.00010081229510303914,3.720861131661428e-06,0.7574255630447316
6.583999999999497,0.0039999999999995595,0.0,0.0012267300891673982,0.00033077459454644554,0.00010080724739583339,3.7298221159085836e-06,0.757427457131158
6.5879999999994965,0.0039999999999995595,0.0,0.0012267230465925639,0.0003307886763459689,0.00010080211710005035,3.736737503200861e-06,0.7574293439076741
6.591999999999496,0.0039999999999995595,0.0,0.0012267160218970299,0.0003308027583307716,0.00010079692545906206,3.7415526663344564e-06,0.7574312230520222
6.595999999999496,0.0039999999999995595,0.0,0.0012267090117324471,0.00033081683910045215,0.00010079169361256005,3.7442429635487746e-06,0.7574330942449105
6.599999999999495,0.0039999999999995595,0.0,0.0012267020128408947,0.0003308309173256643,0.00010078644249940715,3.7448127638592755e-06,0.7574349571719406
6.603999999999495,0.0039999999999995595,0.0,0.0012266950222358925,0.0003308449917524055,0.00010078119276284214,3.7432942293437966e-06,0.7574368115254075
6.607999999999494,0.0039999999999995595,0.0,0.0012266880473390542,0.00033085906711525164,0.00010077597025193619,3.7415548762446037e-06,0.7574404933242503
6.611999999999494,0.0039999999999995595,0.0,0.0012266811105962029,0.0003308731561610985,0.00010077080904987481,3.7386267171847285e-06,0.7574423045704207
6.615999999999493,0.0039999999999995595,0.0,0.0012266741970743673,0.0003308872502127347,0.0001007657231088051,3.732669485802833e-06,0.7574441073425031
6.619999999999493,0.0039999999999995595,0.0,0.0012266672958225582,0.00033090134291474866,0.00010076072729661195,3.7241576916165856e-06,0.7574459014702547
6.6239999999994925,0.0039999999999995595,0.0,0.0012266603983332497,0.00033091542951923814,0.00010075583691747199,3.71346887335147e-06,0.7574476866058546
6.627999999999492,0.0039999999999995595,0.0,0.0012266534981804158,0.00033092950643878017,0.00010075106732600436,3.7009296977084783e-06,0.75744946234824
6.631999999999492,0.0039999999999995595,0.0,0.0012266465904765354,0.0003309435709599023,0.00010074643361721601,3.6868410678788945e-06,0.7574512283041858
6.635999999999491,0.0039999999999995595,0.0,0.0012266396712390705,0.00033095762105253296,0.00010074195037798162,3.6714906972353396e-06,0.7574529841158223
6.639999999999491,0.0039999999999995595,0.0,0.0012266327377525308,0.0003309716552367782,0.00010073763148853878,3.6551583385634904e-06,0.757454729470888
6.64399999999949,0.0039999999999995595,0.0,0.001226625787753916,0.000330985672484141,0.0001007334899650318,3.6381167981584215e-06,0.7574564641045514
6.64799999999949,0.0039999999999995595,0.0,0.0012266188197947716,0.00033099967213978004,0.00010072953783552487,3.620630667374931e-06,0.7574581877974417
6.651999999999489,0.0039999999999995595,0.0,0.0012266118329696775,0.00033101365385810705,0.00010072578604383235,3.6029538657574515e-06,0.7574599003722765
6.655999999999489,0.0039999999999995595,0.0,0.0012266048265542164,0.0003310276175473598,0.00010072224437637389,3.5853267114175582e-06,0.7574616016902307
6.6599999999994886,0.0039999999999995595,0.0,0.0012265978002765153,0.0003310415633207251,0.00010071892140836686,3.5679728936301944e-06,0.7574632916475457
6.663999999999488,0.0039999999999995595,0.0,0.0012265907542267456,0.0003310554914527066,0.00010071582446633615,3.5510966141302516e-06,0.7574649701725579
6.667999999999488,0.0039999999999995595,0.0,0.0012265836884045667,0.0003310694023400236,0.00010071295960461053,3.534880044357093e-06,0.7574666372231613
6.671999999999487,0.0039999999999995595,0.0,0.001226576603081179,0.0003310832964666619,0.0001007103315937908,3.519481212011459e-06,0.75746829278466
6.675999999999487,0.0039999999999995595,0.0,0.0012265694986183023,0.0003310971743728394,0.000100707943919618,3.5050323610860152e-06,0.7574699368679285
6.679999999999486,0.0039999999999995595,0.0,0.001226562375287149,0.0003311110366277151,0.00010070579879105678,3.4916388444011845e-06,0.7574715695078224
6.683999999999486,0.0039999999999995595,0.0,0.0012265552239453196,0.000331124878893307,0.00010070389944050932,3.476779461733572e-06,0.7574715695078224
6.6879999999994855,0.0039999999999995595,0.0,0.0012265480211486569,0.0003311386895408951,0.00010070225022025481,3.4615914677829546e-06,0.7574731907617623
6.691999999999485,0.0039999999999995595,0.0,0.0012265407754048169,0.00033115247418828004,0.00010070084677496319,3.4490409015342355e-06,0.7574748165793289
6.695999999999485,0.0039999999999995595,0.0,0.0012265334953121692,0.00033116623855164543,0.0001006996845822201,3.438958665011521e-06,0.7574764297146283
6.699999999999484,0.0039999999999995595,0.0,0.0012265261871158234,0.0003311799867760737,0.00010069875844220297,3.430938724599251e-06,0.7574780303250145
6.703999999999484,0.0039999999999995595,0.0,0.0012265188547075612,0.0003311937217854487,0.00010069806244681422,3.424651738392901e-06,0.7574796186801329
6.707999999999483,0.0039999999999995595,0.0,0.0012265115007119938,0.00033120744563933167,0.00010069758997580454,3.419834639709279e-06,0.7574811951143036
6.711999999999483,0.0039999999999995595,0.0,0.0012265041263960028,0.0003312211597604419,0.00010069733370100646,3.4162628297247074e-06,0.7574827599920713
6.715999999999482,0.0039999999999995595,0.0,0.0012264967323928613,0.00033123486507400757,0.00010069728559834914,3.413732815192736e-06,0.7574843136761515
6.719999999999482,0.0039999999999995595,0.0,0.0012264893184306517,0.00033124856209746707,0.00010069743696772969,3.4120534187966427e-06,0.7574858565133513
6.7239999999994815,0.0039999999999995595,0.0,0.0012264818836943236,0.0003312622510037252,0.00010069777845998122,3.411042087311178e-06,0.7574873888317989
6.727999999999481,0.0039999999999995595,0.0,0.0012264744270972406,0.0003312759316706527,0.00010069830011042721,3.4105239712053797e-06,0.7574889109431158
6.731999999999481,0.0039999999999995595,0.0,0.0012264669468285627,0.00033128960372341893,0.00010069899137824653,3.41033241299876e-06,0.7574904231460345
6.73599999999948,0.0039999999999995595,0.0,0.0012264594500391442,0.00033130327129811453,0.00010069983541058166,3.4124948938598667e-06,0.7574934189775985
6.73999999999948,0.0039999999999995595,0.0,0.001226451957186921,0.00033131694507692873,0.00010070080693354736,3.415801845713683e-06,0.7574948873672332
6.743999999999479,0.0039999999999995595,0.0,0.0012264444562323086,0.0003313306186204166,0.0001007019000909118,3.4177440387308905e-06,0.7574963483804261
6.747999999999479,0.0039999999999995595,0.0,0.0012264369289797766,0.00033134428225268484,0.0001007031128319166,3.416531681162131e-06,0.7574963483804261
6.751999999999478,0.0039999999999995595,0.0,0.0012264293447409177,0.0003313579203450828,0.0001007044499414636,3.4130653186163026e-06,0.7574978023889269
6.755999999999478,0.0039999999999995595,0.0,0.0012264217044199287,0.0003313715337388161,0.00010070589497131667,3.4097434238888525e-06,0.7574992650432806
6.7599999999994775,0.0039999999999995595,0.0,0.0012264140103694372,0.00033138512418872307,0.00010070743147313521,3.406545975634492e-06,0.7575007198068352
6.763999999999477,0.0039999999999995595,0.0,0.0012264062638558033,0.0003313986926778537,0.00010070904370705698,3.403231049938767e-06,0.7575021664518079
6.767999999999477,0.0039999999999995595,0.0,0.0012263984653306686,0.0003314122396050578,0.00010071071652163683,3.3996245677764475e-06,0.7575036051031654
6.771999999999476,0.0039999999999995595,0.0,0.0012263906143404025,0.00033142576502213277,0.00010071243525449543,3.3956175145302366e-06,0.7575050360150749
6.775999999999476,0.0039999999999995595,0.0,0.0012263827106124125,0.0003314392687825968,0.00010071418567066072,3.3911446657387484e-06,0.7575064595062051
6.779999999999475,0.0039999999999995595,0.0,0.0012263747533309188,0.0003314527506267092,0.00010071595392960767,3.3861702253272433e-06,0.7575078759141782
6.783999999999475,0.0039999999999995595,0.0,0.0012263667418611732,0.00033146621022982323,0.00010071772657352279,3.3806795456316646e-06,0.7575092855714812
6.7879999999994745,0.0039999999999995595,0.0,0.0012263586754778725,0.0003314796472308634,0.00010071949053107127,3.374674440608487e-06,0.757510688795018
6.791999999999474,0.0039999999999995595,0.0,0.0012263505534556884,0.0003314930612502912,0.00010072123313228744,3.3681704111176877e-06,0.7575120858826291
6.795999999999474,0.0039999999999995595,0.0,0.0012263423749787337,0.0003315064519025733,0.00010072294213120133,3.3611948186272365e-06,0.7575134771127123
6.799999999999473,0.0039999999999995595,0.0,0.0012263341396837513,0.00033151981880570706,0.00010072460573369452,3.35378547405975e-06,0.7575148627450147
6.803999999999473,0.0039999999999995595,0.0,0.0012263258467548044,0.00033153316158907454,0.00010072621262857837,3.3459893618250928e-06,0.7575162430217092
6.807999999999472,0.0039999999999995595,0.0,0.0012263175047008354,0.0003315464843344097,0.00010072774780924854,3.339838702797379e-06,0.7575189883949867
6.811999999999472,0.0039999999999995595,0.0,0.001226309135339469,0.00033155979754519453,0.00010072919049997897,3.3345598099600276e-06,0.757520339765341
6.815999999999471,0.0039999999999995595,0.0,0.0012263007296167121,0.0003315730958843303,0.00010073053547385955,3.3280585328050014e-06,0.7575216874259808
6.819999999999471,0.0039999999999995595,0.0,0.0012262922810132991,0.000331586375299529,0.00010073177682000522,3.3206452050324536e-06,0.7575230319445678
6.8239999999994705,0.0039999999999995595,0.0,0.0012262837846394217,0.0003315996326658377,0.0001007329083164616,3.312566181669176e-06,0.757524373532821
6.82799999999947,0.0039999999999995595,0.0,0.001226275236782102,0.00033161286557184186,0.00010073392371758934,3.3040302430370985e-06,0.7575257122303615
6.83199999999947,0.0039999999999995595,0.0,0.0012262666351768414,0.0003316260721860766,0.00010073481697514886,3.2952220449588296e-06,0.7575270480023267
6.835999999999469,0.0039999999999995595,0.0,0.001226257978102297,0.00033163925116733904,0.00010073558240747407,3.2863083198175765e-06,0.7575283807888246
6.839999999999469,0.0039999999999995595,0.0,0.0012262492649235265,0.00033165240159856776,0.00010073621482803467,3.277440185273045e-06,0.7575297105280282
6.843999999999468,0.0039999999999995595,0.0,0.0012262404954582566,0.0003316655229332502,0.00010073670964180958,3.2687534988346244e-06,0.7575310371652583
6.847999999999468,0.0039999999999995595,0.0,0.001226231670339056,0.0003316786149485889,0.00010073706291594635,3.2603683636820913e-06,0.7575323606549617
6.851999999999467,0.0039999999999995595,0.0,0.0012262227905606635,0.00033169167770263246,0.00010073727142992673,3.2523884040906785e-06,0.7575336809593753
6.855999999999467,0.0039999999999995595,0.0,0.0012262138575705442,0.00033170471149414793,0.00010073733270903993,3.244900129322064e-06,0.7575349980458984
6.8599999999994665,0.0039999999999995595,0.0,0.001226204873268905,0.0003317177168248287,0.0001007372450443102,3.237972551314024e-06,0.757536311884198
6.863999999999466,0.0039999999999995595,0.0,0.0012261958396465437,0.0003317306943638138,0.0001007370075012785,3.2316571231561284e-06,0.7575376224435502
6.867999999999466,0.0039999999999995595,0.0,0.0012261867590564822,0.0003317436449146391,0.00010073661991953352,3.2259880130936252e-06,0.7575389296906013
6.871999999999465,0.0039999999999995595,0.0,0.0012261776341234364,0.00033175656938476834,0.00010073608290449626,3.2209827015352206e-06,0.75754023358761
6.875999999999465,0.0039999999999995595,0.0,0.001226168467291107,0.0003317694687578283,0.00010073539781273407,3.2166428716282096e-06,0.7575415340911443
6.879999999999464,0.0039999999999995595,0.0,0.001226159261365443,0.0003317823440686195,0.00010073456673176082,3.212955553310655e-06,0.7575428311511799
6.883999999999464,0.0039999999999995595,0.0,0.001226150019061928,0.00033179519638092017,0.00010073359245513652,3.2098944806077375e-06,0.7575441247105457
6.887999999999463,0.0039999999999995595,0.0,0.001226140743005578,0.0003318080267680383,0.00010073247845349648,3.207421613821568e-06,0.7575454147046468
6.891999999999463,0.0039999999999995595,0.0,0.0012261314359120316,0.0003318208362960535,0.00010073122884217483,3.2054887867560004e-06,0.7575467010614294
6.895999999999463,0.0039999999999995595,0.0,0.0012261221004970088,0.0003318336260096204,0.00010072984834587162,3.2040394256227652e-06,0.7575479837015252
6.899999999999462,0.0039999999999995595,0.0,0.0012261127392046642,0.0003318463969202051,0.00010072834226078466,3.2030103118252154e-06,0.757549262538552
6.903999999999462,0.0039999999999995595,0.0,0.0012261033545697749,0.0003318591499965901,0.00010072671641453127,3.2023333357252768e-06,0.7575505374795292
6.907999999999461,0.0039999999999995595,0.0,0.0012260939489460948,0.0003318718861574775,0.0001007249771243669,3.201937212912104e-06,0.7575518084253909
6.911999999999461,0.0039999999999995595,0.0,0.0012260845245968986,0.0003318846062660046,0.00010072313115381432,3.201749131602176e-06,0.7575530752715678
6.91599999999946,0.0039999999999995595,0.0,0.0012260750836044273,0.00033189731112599427,0.00010072118566812153,3.201696305771696e-06,0.7575543379086286
6.91999999999946,0.0039999999999995595,0.0,0.0012260656280509861,0.0003319100014797463,0.0001007191481888011,3.201707407470762e-06,0.7575555962229588
6.9239999999994595,0.0039999999999995595,0.0,0.0012260561597472858,0.0003319226780071888,0.00010071702654765412,3.2017138584848657e-06,0.7575568500974738
6.927999999999459,0.0039999999999995595,0.0,0.0012260466806851993,0.0003319353413262089,0.00010071482884009375,3.201650991811032e-06,0.7575580994123442
6.931999999999459,0.0039999999999995595,0.0,0.001226037192313338,0.0003319479919939931,0.00010071256337848912,3.2014590411560905e-06,0.7575593440457407
6.935999999999458,0.0039999999999995595,0.0,0.0012260276963520212,0.0003319606305092115,0.0001007102386455748,3.2010839693477887e-06,0.7575605838745749
6.939999999999458,0.0039999999999995595,0.0,0.0012260181942499561,0.0003319732573148905,0.0001007078632481251,3.200478143000536e-06,0.7575618187752405
6.943999999999457,0.0039999999999995595,0.0,0.0012260086873653383,0.0003319858728018336,0.00010070544587108611,3.199600845065177e-06,0.7575630486243461
6.947999999999457,0.0039999999999995595,0.0,0.0012259991768752924,0.0003319984773124536,0.0001007029952324911,3.198418621444714e-06,0.757564273299434
6.951999999999456,0.0039999999999995595,0.0,0.001225989664228652,0.0003320110711448971,0.00010070052003915183,3.1969054931886437e-06,0.7575654926796787
6.955999999999456,0.0039999999999995595,0.0,0.0012259801503309465,0.0003320236545573581,0.00010069802894355616,3.1950430129367927e-06,0.7575667066465699
6.9599999999994555,0.0039999999999995595,0.0,0.0012259706271224209,0.00033203622314840385,0.00010069552863632739,3.190722607385122e-06,0.7575667066465699
6.963999999999455,0.0039999999999995595,0.0,0.0012259610719630024,0.0003320487654957549,0.00010069302257868326,3.1847237508832006e-06,0.757567915084564
6.967999999999455,0.0039999999999995595,0.0,0.0012259514930929158,0.0003320612862284799,0.00010069052037302759,3.179447627840298e-06,0.7575691276435322
6.971999999999454,0.0039999999999995595,0.0,0.001225941899205446,0.00033207379013637604,0.00010068803135507714,3.174812962773587e-06,0.7575703343555054
6.975999999999454,0.0039999999999995595,0.0,0.0012259322966395492,0.0003320862806937182,0.00010068556418712839,3.170552943222278e-06,0.7575715347602856
6.979999999999453,0.0039999999999995595,0.0,0.0012259226997038586,0.00033209876513087946,0.00010068312830788417,3.1687002894891623e-06,0.7575739155567088
6.983999999999453,0.0039999999999995595,0.0,0.0012259131357485228,0.0003321112568044321,0.00010068073497958508,3.168135320520668e-06,0.7575750862180421
6.987999999999452,0.0039999999999995595,0.0,0.0012259035984348563,0.0003321237515739335,0.00010067839012889871,3.166387789477472e-06,0.7575762501569234
6.991999999999452,0.0039999999999995595,0.0,0.0012258940828730053,0.00033213624634333236,0.00010067609958867496,3.1637090875583285e-06,0.757577407885023
6.9959999999994515,0.0039999999999995595,0.0,0.0012258845857125679,0.00033214873869127996,0.00010067386901243332,3.1602765607158044e-06,0.7575785595894844
6.999999999999451,0.0039999999999995595,0.0,0.0012258751039653016,0.0003321612266607064,0.00010067170380235828,3.1562264424062835e-06,0.7575797052924199
7.003999999999451,0.0039999999999995595,0.0,0.0012258656357296682,0.0003321737086395577,0.00010066960904947869,3.1516721867216326e-06,0.7575808449390015
7.00799999999945,0.0039999999999995595,0.0,0.0012258561791040695,0.00033218618329258515,0.0001006675894844057,3.1467142704599408e-06,0.7575819784451202
7.01199999999945,0.0039999999999995595,0.0,0.0012258467330925281,0.0003321986495208697,0.00010066564943748832,3.1414450765454707e-06,0.757583105722352
7.015999999999449,0.0039999999999995595,0.0,0.001225837296699035,0.00033221110643582343,0.0001006637928071499,3.1359510289063044e-06,0.7575842266903683
7.019999999999449,0.0039999999999995595,0.0,0.0012258278695615353,0.0003322235533402981,0.00010066202303536355,3.1303132565502793e-06,0.7575853412825279
7.0239999999994485,0.0039999999999995595,0.0,0.0012258184513179624,0.00033223598971286684,0.00010066034308929836,3.1246075163143753e-06,0.7575864494478619
7.027999999999448,0.0039999999999995595,0.0,0.0012258090421496631,0.00033224841519330427,0.00010065875544871179,3.1189037921173824e-06,0.7575875511512355
7.031999999999448,0.0039999999999995595,0.0,0.0012257996424191314,0.0003322608295683693,0.00010065726209800058,3.1132658189638013e-06,0.7575886463726528
7.035999999999447,0.0039999999999995595,0.0,0.0012257902524888727,0.0003322732327575883,0.00010065586452268435,3.1077506402648674e-06,0.7575897351062171
7.039999999999447,0.0039999999999995595,0.0,0.0012257808731742671,0.0003322856247990189,0.00010065456370981516,3.102408267677487e-06,0.7575908173590009
7.043999999999446,0.0039999999999995595,0.0,0.0012257715052907188,0.00033229800583511437,0.00010065336015186075,3.0972814728166724e-06,0.7575918931499497
7.047999999999446,0.0039999999999995595,0.0,0.0012257621498348054,0.000332310376098847,0.0001006522538535586,3.092405715800795e-06,0.757592962508869
7.051999999999445,0.0039999999999995595,0.0,0.0012257528079842842,0.0003323227359002625,0.00010065124434182096,3.087809201020147e-06,0.7575940254755036
7.055999999999445,0.0039999999999995595,0.0,0.0012257434807357963,0.00033233508561361067,0.00010065033067808515,3.0835130629933693e-06,0.7575950820987045
7.0599999999994445,0.0039999999999995595,0.0,0.001225734169357742,0.00033234742566517296,0.00010064951147295723,3.079531661343043e-06,0.7575961324356729
7.063999999999444,0.0039999999999995595,0.0,0.0012257248751185595,0.0003323597565218804,0.0001006487849030675,3.0758729686307302e-06,0.7575971765512689
7.067999999999444,0.0039999999999995595,0.0,0.001225715599286724,0.00033237207868078226,0.0001006481487297641,3.072539045885433e-06,0.7575982145173594
7.071999999999443,0.0039999999999995595,0.0,0.0012257063430401712,0.00033238439265941737,0.00010064760031949603,3.0695265842802255e-06,0.7575992464122161
7.075999999999443,0.0039999999999995595,0.0,0.0012256971075568703,0.0003323966989870993,0.0001006471366657572,3.066827493787445e-06,0.7576002723199307
7.079999999999442,0.0039999999999995595,0.0,0.001225687894195985,0.0003324089981971247,0.00010064675441239819,3.0644295342278324e-06,0.7576012923298576
7.083999999999442,0.0039999999999995595,0.0,0.0012256787039543976,0.00033242129081989297,0.00010064644987813477,3.0623169634551647e-06,0.7576023065360681
7.087999999999441,0.0039999999999995595,0.0,0.0012256695379195995,0.00033243357737691167,0.00010064621908206603,3.060471196935045e-06,0.7576033150368178
7.091999999999441,0.0039999999999995595,0.0,0.0012256603972696952,0.0003324458583756547,0.00010064605777004835,3.058871460050183e-06,0.7576043179340207
7.0959999999994405,0.0039999999999995595,0.0,0.001225651282729911,0.0003324581343052375,0.0001006459614418885,3.0574954250524375e-06,0.7576053153327331
7.09999999999944,0.0039999999999995595,0.0,0.0012256421953878254,0.00033247040563285355,0.00010064592537896583,3.0563198186993963e-06,0.7576063073406402
7.10399999999944,0.0039999999999995595,0.0,0.0012256331359687125,0.0003324826728009285,0.00010064594467248533,3.0553209949079223e-06,0.7576072940675526
7.107999999999439,0.0039999999999995595,0.0,0.0012256241052884505,0.0003324949362249284,0.0001006460142518552,3.0544754584571173e-06,0.7576082756249068
7.111999999999439,0.0039999999999995595,0.0,0.0012256151038005998,0.00033250719629177055,0.00010064612891315673,3.05376034205607e-06,0.7576092521252702
7.115999999999438,0.0039999999999995595,0.0,0.0012256061322304885,0.0003325194533587759,0.00010064628334786286,3.0531538224866507e-06,0.7576102236818623
7.119999999999438,0.0039999999999995595,0.0,0.0012255971910317054,0.0003325317077531026,0.00010064647217112906,3.0526354780156468e-06,0.7576111904080742
7.1239999999994374,0.0039999999999995595,0.0,0.0012255882806578497,0.0003325439597716105,0.00010064668995003452,3.052186584379678e-06,0.7576121524170116
7.127999999999437,0.0039999999999995595,0.0,0.001225579401381357,0.0003325562096810909,0.00010064693123135365,3.051790346954599e-06,0.7576131098210364
7.131999999999437,0.0039999999999995595,0.0,0.001225570553474668,0.00033256845771881385,0.00010064719056883837,3.051432067221001e-06,0.7576140627313346
7.135999999999436,0.0039999999999995595,0.0,0.0012255617371196399,0.00033258070409333584,0.00010064746254975055,3.051099251178186e-06,0.7576150112574881
7.139999999999436,0.0039999999999995595,0.0,0.0012255529524981326,0.00033259294898552774,0.0001006477418208186,3.050781660610215e-06,0.757615955507074
7.143999999999435,0.0039999999999995595,0.0,0.001225544199701419,0.0003326051925497739,0.0001006480231133616,3.0504713041369952e-06,0.7576168955852748
7.147999999999435,0.0039999999999995595,0.0,0.00122553547863959,0.0003326174349152959,0.00010064830126719914,3.0501623775219792e-06,0.7576178315945061
7.151999999999434,0.0039999999999995595,0.0,0.0012255267893133233,0.0003326296761875772,0.00010064857125365761,3.04985116435561e-06,0.7576187636340781
7.155999999999434,0.0039999999999995595,0.0,0.0012255181316327016,0.00033264191644984055,0.00010064882819772855,3.049535889109595e-06,0.7576196917998621
7.1599999999994335,0.0039999999999995595,0.0,0.0012255095055078026,0.0003326541557645516,0.00010064906739853012,3.0492165331486375e-06,0.7576206161839891
7.163999999999433,0.0039999999999995595,0.0,0.0012255009106675126,0.000332666394174929,0.00010064928434867359,3.0488946295073283e-06,0.757621536874573
7.167999999999433,0.0039999999999995595,0.0,0.0012254923469313017,0.000332678631706437,0.00010064947475238024,3.0485730304022137e-06,0.757622453955459
7.171999999999432,0.0039999999999995595,0.0,0.0012254838139374431,0.0003326908683682418,0.00010064963454205461,3.0482556586912894e-06,0.7576233675059935
7.175999999999432,0.0039999999999995595,0.0,0.0012254753115053885,0.0003327031041546104,0.00010064975989348096,3.047947246749981e-06,0.7576242776008236
7.179999999999431,0.0039999999999995595,0.0,0.0012254668392733899,0.0003327153390462431,0.00010064984723943039,3.0476530747054792e-06,0.7576251843097184
7.183999999999431,0.0039999999999995595,0.0,0.0012254583969702844,0.00033272757301153807,0.0001006498932817383,3.0473787091945906e-06,0.7576260876974255
7.18799999999943,0.0039999999999995595,0.0,0.001225449984053107,0.00033273980600776755,0.00010064989500187565,3.0471297478120653e-06,0.757626987823547
7.19199999999943,0.0039999999999995595,0.0,0.0012254416001600719,0.00033275203798217325,0.00010064984966989071,3.046911577326717e-06,0.7576278847424459
7.1959999999994295,0.0039999999999995595,0.0,0.0012254332450199795,0.0003327642688729695,0.0001006497548517574,3.046729148436362e-06,0.7576287785031786
7.199999999999429,0.0039999999999995595,0.0,0.0012254249180898235,0.0003327764986102614,0.00010064960841507844,3.046586771242396e-06,0.7576296691494558
7.203999999999429,0.0039999999999995595,0.0,0.0012254166189171807,0.000332788727116873,0.00010064940853327445,3.0464879357421304e-06,0.7576305567196292
7.207999999999428,0.0039999999999995595,0.0,0.0012254083471402142,0.0003328009543090952,0.00010064915368813037,3.046435159364557e-06,0.7576314412467028
7.211999999999428,0.0039999999999995595,0.0,0.0012254001022158733,0.00033281318009735044,0.00010064884267084005,3.046429863959628e-06,0.7576323227583703
7.215999999999427,0.0039999999999995595,0.0,0.001225391883601091,0.00033282540438678114,0.00010064847458148192,3.0464722825542124e-06,0.7576332012770789
7.219999999999427,0.0039999999999995595,0.0,0.0012253836909339884,0.00033283762707776694,0.00010064804882695412,3.0465614007337215e-06,0.7576340768201135
7.223999999999426,0.0039999999999995595,0.0,0.00122537552367147,0.0003328498480663766,0.00010064756511750165,3.046694925462836e-06,0.7576349493997091
7.227999999999426,0.0039999999999995595,0.0,0.0012253673813610267,0.00033286206724476543,0.0001006470234617975,3.0468692892002664e-06,0.75763581902318
7.2319999999994256,0.0039999999999995595,0.0,0.0012253592633689292,0.0003328742845015128,0.00010064642416077843,3.0470796788730815e-06,0.7576366856930734
7.235999999999425,0.0039999999999995595,0.0,0.0012253511693332423,0.0003328864997219152,0.00010064576780003438,3.047320097920668e-06,0.7576375494073395
7.239999999999425,0.0039999999999995595,0.0,0.0012253430986202054,0.0003328987127882395,0.00010064505524094301,3.047583451453458e-06,0.7576384101595243
7.243999999999424,0.0039999999999995595,0.0,0.0012253350508678565,0.00033291092357994,0.00010064428761083594,3.0478616522648734e-06,0.7576392679389764
7.247999999999424,0.0039999999999995595,0.0,0.0012253270253517975,0.0003329231319738536,0.00010064346629187738,3.0481457530740234e-06,0.7576401227310725
7.251999999999423,0.0039999999999995595,0.0,0.0012253190217100382,0.0003329353378443571,0.00010064259290895077,3.048426086698314e-06,0.7576409745174518
7.255999999999423,0.0039999999999995595,0.0,0.0012253110393993622,0.00033294754106351555,0.0001006416693167086,3.0486924242426074e-06,0.7576418232762705
7.2599999999994225,0.0039999999999995595,0.0,0.0012253030778765382,0.0003329597415012125,0.00010064069758568901,3.048934142901479e-06,0.757642668982463
7.263999999999422,0.0039999999999995595,0.0,0.0012252951365983194,0.00033297193902527057,0.00010063967998765928,3.0491403968073386e-06,0.7576435116080156
7.267999999999422,0.0039999999999995595,0.0,0.0012252872151120532,0.0003329841335015641,0.00010063861898030739,3.0493002912248628e-06,0.7576443511222449
7.271999999999421,0.0039999999999995595,0.0,0.0012252793127838551,0.0003329963247941277,0.0001006375171913109,3.0494030533404737e-06,0.7576451874920884
7.275999999999421,0.0039999999999995595,0.0,0.0012252714290704333,0.00033300851276526306,0.00010063637740192785,3.0494382018257643e-06,0.7576460206823975
7.27999999999942,0.0039999999999995595,0.0,0.001225263563519092,0.000333020697275648,0.0001006352025301216,3.049395704185711e-06,0.7576468506562333
7.28399999999942,0.0039999999999995595,0.0,0.0012252557156771232,0.00033303287818444344,0.00010063399561343483,3.049266125554968e-06,0.7576476773751656
7.287999999999419,0.0039999999999995595,0.0,0.0012252478848199702,0.00033304505534941057,0.00010063275979160277,3.049040763256637e-06,0.757648500799576
7.291999999999419,0.0039999999999995595,0.0,0.001225240070585508,0.0003330572286270268,0.00010063149828901865,3.0487117685959174e-06,0.7576493208889546
7.2959999999994185,0.0039999999999995595,0.0,0.0012252322723397611,0.0003330693978726109,0.00010063021439713853,3.048272248351126e-06,0.7576501376021976
7.299999999999418,0.0039999999999995595,0.0,0.0012252244896299661,0.0003330815629404492,0.0001006289114569017,3.047716350280914e-06,0.7576509508979016
7.303999999999418,0.0039999999999995595,0.0,0.001225216721912732,0.00033309372368393343,0.00010062759284139209,3.0470393267995385e-06,0.7576517607346521
7.307999999999417,0.0039999999999995595,0.0,0.0012252089686446536,0.0003331058799557005,0.0001006262619384942,3.0462375858026963e-06,0.7576525670713052
7.311999999999417,0.0039999999999995595,0.0,0.0012252012292823123,0.0003331180316077759,0.00010062492213399325,3.04530871222855e-06,0.7576533698672642
7.315999999999416,0.0039999999999995595,0.0,0.0012251935032822742,0.000333130178491725,0.000100623576794992,3.0442514756995095e-06,0.7576541690827457
7.319999999999416,0.0039999999999995595,0.0,0.0012251857901917087,0.0003331423204588051,0.00010062222925378822,3.043065817693316e-06,0.7576549646790343
7.323999999999415,0.0039999999999995595,0.0,0.0012251780894671559,0.0003331544573601246,0.00010062088279218103,3.041752824304806e-06,0.7576557566187286
7.327999999999415,0.0039999999999995595,0.0,0.0012251704005651412,0.0003331665890468023,0.000100619540626397,3.040314676222894e-06,0.7576565448659782
7.3319999999994145,0.0039999999999995595,0.0,0.0012251627229421772,0.00033317871537012707,0.00010061820589263032,3.038754585605068e-06,0.7576573293866993
7.335999999999414,0.0039999999999995595,0.0,0.0012251550562359995,0.00033319083618172144,0.000100616881633321,3.0370767199796203e-06,0.7576581101487885
7.339999999999414,0.0039999999999995595,0.0,0.0012251473997218567,0.00033320295133369867,0.00010061557078410829,3.035286111724489e-06,0.757658887122309
7.343999999999413,0.0039999999999995595,0.0,0.0012251397530374595,0.0003332150606788265,0.00010061427616160771,3.03338856205477e-06,0.7576596602796745
7.347999999999413,0.0039999999999995595,0.0,0.0012251321156392673,0.0003332271640706837,0.0001006130004520096,3.031390531090373e-06,0.7576604295958096
7.351999999999412,0.0039999999999995595,0.0,0.001225124487074348,0.0003332392613638162,0.00010061174620063389,3.0292990238526398e-06,0.7576611950482961
7.355999999999412,0.0039999999999995595,0.0,0.0012251168667991351,0.00033325135241389165,0.00010061051580227059,3.0271214770031832e-06,0.7576619566175052
7.3599999999994115,0.0039999999999995595,0.0,0.0012251092542700493,0.00033326343707784254,0.00010060931149250146,3.0248656365525483e-06,0.7576627142867084
7.363999999999411,0.0039999999999995595,0.0,0.0012251016491247432,0.00033327551521401046,0.00010060813534001972,3.0225394398361264e-06,0.7576634680421763
7.367999999999411,0.0039999999999995595,0.0,0.0012250940416666377,0.0003332875818274668,0.00010060698957921584,3.0177058553410655e-06,0.7576634680421763
7.37199999999941,0.0039999999999995595,0.0,0.0012250864082428052,0.00033329962473473644,0.00010060587649850747,3.0113295366831544e-06,0.757664217873259
7.37599999999941,0.0039999999999995595,0.0,0.001225078756555855,0.0003333116487640803,0.00010060479702852762,3.0062129258496104e-06,0.757664968978631
7.379999999999409,0.0039999999999995595,0.0,0.0012250710943992136,0.0003333236588637883,0.00010060375211864643,3.0022340184142463e-06,0.7576657168773339
7.383999999999409,0.0039999999999995595,0.0,0.0012250634274821085,0.00033333565852362347,0.00010060274261580381,2.9990542299891317e-06,0.757666460973451
7.387999999999408,0.0039999999999995595,0.0,0.0012250557595201309,0.0003333476501151032,0.00010060176924766624,2.9964241779382323e-06,0.7576672008747414
7.391999999999408,0.0039999999999995595,0.0,0.001225048092688307,0.0003333596352400818,0.00010060083261258769,2.994172318096998e-06,0.7576679364230071
7.3959999999994075,0.0039999999999995595,0.0,0.0012250404285273253,0.00033337161495516465,0.00010059993317164311,2.9921763954956984e-06,0.757668667597248
7.399999999999407,0.0039999999999995595,0.0,0.0012250327678528883,0.0003333835899101507,0.00010059907124256796,2.9903446463647658e-06,0.7576693944422941
7.403999999999407,0.0039999999999995595,0.0,0.0012250251107556902,0.00033339556043692853,0.00010059824699530325,2.9886050720438185e-06,0.7576701170292225
7.407999999999406,0.0039999999999995595,0.0,0.0012250174661174575,0.00033340753144616374,0.0001005974594697181,2.9893563930714123e-06,0.7576715497382251
7.411999999999406,0.0039999999999995595,0.0,0.0012250098558708223,0.0003334195144337226,0.0001005967063685493,2.991402989175203e-06,0.7576722550213578
7.415999999999405,0.0039999999999995595,0.0,0.00122500226959394,0.0003334315033703458,0.00010059598860766133,2.9920506271975275e-06,0.7576729555116141
7.419999999999405,0.0039999999999995595,0.0,0.0012249946992211093,0.00033344349360788677,0.00010059530663642495,2.9916216473619166e-06,0.7576736520181473
7.423999999999404,0.0039999999999995595,0.0,0.001224987138136531,0.0003334554814541487,0.00010059466051238626,2.9903426592326984e-06,0.757674344947632
7.427999999999404,0.0039999999999995595,0.0,0.0012249795813556175,0.0003334674639193376,0.00010059404995934866,2.9883824651678733e-06,0.7576750344886239
7.4319999999994035,0.0039999999999995595,0.0,0.0012249720245280868,0.00033347943856193636,0.00010059347441354299,2.9858740642373988e-06,0.7576757207163739
7.435999999999403,0.0039999999999995595,0.0,0.0012249644644817793,0.0003334914033913063,0.00010059293306096813,2.9829272543103404e-06,0.7576764036515306
7.439999999999403,0.0039999999999995595,0.0,0.0012249568983163583,0.00033350335680210785,0.00010059242486846452,2.9796357483910187e-06,0.7576770832922807
7.443999999999402,0.0039999999999995595,0.0,0.0012249493242190257,0.0003335152975262535,0.000100591948610086,2.9760811543937e-06,0.7576777596313208
7.447999999999402,0.0039999999999995595,0.0,0.0012249417405582085,0.0003335272245943921,0.00010059150289010637,2.972335193701993e-06,0.7576784326642744
7.451999999999401,0.0039999999999995595,0.0,0.0012249341464273757,0.0003335391373025821,0.00010059108616342553,2.968460972823973e-06,0.7576791023933811
7.455999999999401,0.0039999999999995595,0.0,0.001224926541101245,0.0003335510351819144,0.00010059069675417731,2.9645137611105996e-06,0.7576797688286401
7.4599999999994,0.0039999999999995595,0.0,0.0012249189243983352,0.0003335629179700154,0.00010059033287277634,2.960541534995392e-06,0.7576804319876521
7.4639999999994,0.0039999999999995595,0.0,0.001224911296318434,0.0003335747855840029,0.00010058999263200273,2.956585427255616e-06,0.7576810918948533
7.4679999999994,0.0039999999999995595,0.0,0.0012249036573145167,0.00033358663809477626,0.00010058967406217169,2.9526801468540035e-06,0.7576817485805057
7.471999999999399,0.0039999999999995595,0.0,0.0012248960077489315,0.00033359847570269745,0.00010058937512557033,2.9488544066500383e-06,0.757682402079659
7.475999999999399,0.0039999999999995595,0.0,0.0012248883483465909,0.00033361029871474817,0.00010058909373042695,2.9451313634209414e-06,0.7576830524311602
7.479999999999398,0.0039999999999995595,0.0,0.0012248806799230636,0.00033362210752327246,0.00010058882774429138,2.941529075938068e-06,0.7576836996767672
7.483999999999398,0.0039999999999995595,0.0,0.001224873003475219,0.0003336339025863878,0.00010058857500688693,2.9380609711682803e-06,0.7576843438603693
7.487999999999397,0.0039999999999995595,0.0,0.0012248653198186701,0.00033364568441012296,0.00010058833334258732,2.934736314218611e-06,0.7576849850273171
7.491999999999397,0.0039999999999995595,0.0,0.0012248576299503326,0.0003336574535323108,0.00010058810057247352,2.9315606754158226e-06,0.7576856232238457
7.4959999999993965,0.0039999999999995595,0.0,0.001224849934957788,0.0003336692105082343,0.00010058787452585018,2.9285363840961512e-06,0.7576862584965856
7.499999999999396,0.0039999999999995595,0.0,0.0012248422357473612,0.0003336809558980017,0.00010058765305138039,2.9256629692233677e-06,0.7576868908921467
7.503999999999396,0.0039999999999995595,0.0,0.0012248345334066855,0.00033369269025559684,0.00010058743402778987,2.922937574847176e-06,0.7576875204567592
7.507999999999395,0.0039999999999995595,0.0,0.001224826828660848,0.0003337044141195532,0.00010058721537395979,2.9203553560708482e-06,0.7576881472359752
7.511999999999395,0.0039999999999995595,0.0,0.0012248191224162421,0.000333716128005153,0.00010058699505862265,2.9179098411909903e-06,0.7576887712744063
7.515999999999394,0.0039999999999995595,0.0,0.0012248114153979948,0.00033372783239807123,0.00010058677110942013,2.9155932687719695e-06,0.7576893926155017
7.519999999999394,0.0039999999999995595,0.0,0.0012248037085125416,0.0003337395277493686,0.00010058654162150053,2.913396893697618e-06,0.7576900113013602
7.523999999999393,0.0039999999999995595,0.0,0.001224796002122467,0.000333751214471712,0.00010058630476555566,2.9113112577685414e-06,0.7576906273725663
7.527999999999393,0.0039999999999995595,0.0,0.0012247882968623035,0.00033376289293672384,0.00010058605879519381,2.9093264356422976e-06,0.7576912408680477
7.5319999999993925,0.0039999999999995595,0.0,0.0012247805932759526,0.00033377456347335083,0.00010058580205374747,2.9074322463214924e-06,0.7576918518249615
7.535999999999392,0.0039999999999995595,0.0,0.001224772891635388,0.0003337862263671339,0.00010058553298050909,2.9056184367576783e-06,0.7576924602785913
7.539999999999392,0.0039999999999995595,0.0,0.0012247651923032374,0.00033379788186027056,0.00010058525011627224,2.9038748363051695e-06,0.7576930662622652
7.543999999999391,0.0039999999999995595,0.0,0.0012247574954608413,0.00033380953015236923,0.0001005849521082582,2.902191488556396e-06,0.7576936698072858
7.547999999999391,0.0039999999999995595,0.0,0.001224749801289545,0.00033382117140178604,0.00010058463771444954,2.900558755239368e-06,0.7576942709428806
7.55199999999939,0.0039999999999995595,0.0,0.001224742109789398,0.00033383280572744803,0.00010058430580722011,2.8989673981687067e-06,0.7576948696961575
7.55599999999939,0.0039999999999995595,0.0,0.0012247344211417518,0.00033384443321107516,0.00010058395537634784,2.8974086455793916e-06,0.7576954660920794
7.559999999999389,0.0039999999999995595,0.0,0.0012247267351653583,0.00033385605389970864,0.00010058358553137548,2.8958742348669255e-06,0.7576960601534473
7.563999999999389,0.0039999999999995595,0.0,0.0012247190517696166,0.00033386766780847584,0.00010058319550334987,2.8943564448059634e-06,0.7576966519008953
7.5679999999993885,0.0039999999999995595,0.0,0.001224711370954575,0.0003338792749235078,0.00010058278464593211,2.892848109075453e-06,0.7576972413528978
7.571999999999388,0.0039999999999995595,0.0,0.0012247036925389777,0.00033389087520495835,0.00010058235243584461,2.891342625937393e-06,0.7576978285257826
7.575999999999388,0.0039999999999995595,0.0,0.0012246960075482257,0.0003339024640580327,0.00010058189916695046,2.887543886022125e-06,0.7576978285257826
7.579999999999387,0.0039999999999995595,0.0,0.001224688293862731,0.0003339140300942315,0.00010058142626139805,2.8823104713603053e-06,0.757698413433762
7.583999999999387,0.0039999999999995595,0.0,0.0012246805584623188,0.00033392557773868393,0.00010058093279100747,2.8782577036619347e-06,0.7576989996679165
7.587999999999386,0.0039999999999995595,0.0,0.001224672809052226,0.0003339371115479512,0.0001005804180266535,2.8752730660199232e-06,0.757699584728689
7.591999999999386,0.0039999999999995595,0.0,0.0012246650508901914,0.00033394863475263027,0.00010057988155730338,2.873039944401188e-06,0.7577001678949026
7.5959999999993855,0.0039999999999995595,0.0,0.0012246572876022824,0.00033396014956108553,0.00010057932323558917,2.8713221367643166e-06,0.7577007486988906
7.599999999999385,0.0039999999999995595,0.0,0.0012246495216361244,0.0003339716574722285,0.00010057874313191603,2.869953936609817e-06,0.7577013269327517
7.603999999999385,0.0039999999999995595,0.0,0.0012246417546234924,0.0003339831594771671,0.0001005781414995479,2.8688145062597277e-06,0.7577019025387768
7.607999999999384,0.0039999999999995595,0.0,0.0012246339960834103,0.000333994660780799,0.00010057751834119577,2.8701292497819287e-06,0.7577030459563309
7.611999999999384,0.0039999999999995595,0.0,0.0012246262681366235,0.00033400617279516525,0.00010057687326325131,2.8727657572612114e-06,0.7577036106095153
7.615999999999383,0.0039999999999995595,0.0,0.0012246185619898173,0.00033401769023931474,0.000100576207504698,2.8741552143157933e-06,0.7577041716054105
7.619999999999383,0.0039999999999995595,0.0,0.0012246108620500083,0.0003340292045767261,0.00010057552255642938,2.8723249315831736e-06,0.7577041716054105
7.623999999999382,0.0039999999999995595,0.0,0.0012246031503666643,0.0003340407062675247,0.00010057481998177979,2.8707460020599616e-06,0.7577052889585946
7.627999999999382,0.0039999999999995595,0.0,0.0012245954522338198,0.00033405220862642613,0.00010057409984193485,2.8709494851876823e-06,0.7577058441112762
7.6319999999993815,0.0039999999999995595,0.0,0.0012245877616681047,0.00033406370806064663,0.00010057336340966913,2.870294476635108e-06,0.7577063964000055
7.635999999999381,0.0039999999999995595,0.0,0.0012245800741365847,0.000334075201769141,0.00010057261194950885,2.8689629325768055e-06,0.7577069462693459
7.639999999999381,0.0039999999999995595,0.0,0.0012245723861034937,0.00033408668753088887,0.00010057184672953764,2.867089697603734e-06,0.7577074939319218
7.64399999999938,0.0039999999999995595,0.0,0.0012245646947582792,0.00033409816357477803,0.00010057106902802899,2.864780424934361e-06,0.7577080394726552
7.64799999999938,0.0039999999999995595,0.0,0.0012245569981062868,0.00033410962849648887,0.00010057028013634078,2.8621218951180527e-06,0.7577085829085566
7.651999999999379,0.0039999999999995595,0.0,0.0012245492946967953,0.0003341210812020935,0.00010056948135920807,2.8591878894034097e-06,0.7577091242225817
7.655999999999379,0.0039999999999995595,0.0,0.0012245415833510398,0.0003341325208666472,0.00010056867401309515,2.856042498263793e-06,0.7577096633824393
7.659999999999378,0.0039999999999995595,0.0,0.0012245338637062106,0.00033414394690114654,0.00010056785942338272,2.8527419845333746e-06,0.757710200350739
7.663999999999378,0.0039999999999995595,0.0,0.0012245261353994886,0.00033415535892421125,0.00010056703892040371,2.84933586203282e-06,0.7577107350902191
7.6679999999993775,0.0039999999999995595,0.0,0.0012245183985213756,0.0003341667567365719,0.00010056621383505638,2.8458675499718603e-06,0.7577112675662152
7.671999999999377,0.0039999999999995595,0.0,0.0012245106534343763,0.0003341781402974142,0.0001005653854939155,2.8423748293771784e-06,0.757711797747645
7.675999999999377,0.0039999999999995595,0.0,0.0012245029006823383,0.00033418950970216587,0.00010056455521401632,2.838890209681943e-06,0.7577123256072019
7.679999999999376,0.0039999999999995595,0.0,0.0012244951411717944,0.0003342008651615856,0.00010056372429766528,2.8354412589504463e-06,0.7577128511211805
7.683999999999376,0.0039999999999995595,0.0,0.001224487375718632,0.00033421220698214623,0.00010056289402714639,2.832050935545115e-06,0.757713374269142
7.687999999999375,0.0039999999999995595,0.0,0.0012244796053200969,0.0003342235355477568,0.0001005620656595369,2.8287379250798955e-06,0.757713895033542
7.691999999999375,0.0039999999999995595,0.0,0.0012244718311547993,0.00033423485130288483,0.00010056124042153984,2.825516990870757e-06,0.7577144133993818
7.6959999999993745,0.0039999999999995595,0.0,0.0012244640543107091,0.0003342461547371139,0.00010056041950446709,2.8223993207281527e-06,0.7577149293539023
7.699999999999374,0.0039999999999995595,0.0,0.0012244562759664947,0.00033425744637117236,0.00010055960405950962,2.8193928851188023e-06,0.7577154428863278
7.703999999999374,0.0039999999999995595,0.0,0.0012244484973915255,0.0003342687267444288,0.00010055879519321448,2.816502784606057e-06,0.7577159539876668
7.707999999999373,0.0039999999999995595,0.0,0.0012244407197645316,0.00033427999640385,0.00010055799396315163,2.8137315980661777e-06,0.7577164626505564
7.711999999999373,0.0039999999999995595,0.0,0.0012244329441736003,0.00033429125589437347,0.00010055720137390539,2.8110797093298275e-06,0.757716968869143
7.715999999999372,0.0039999999999995595,0.0,0.0012244251717068466,0.0003343025057506531,0.00010055641837335002,2.808545627932064e-06,0.7577174726389999
7.719999999999372,0.0039999999999995595,0.0,0.0012244173950197686,0.0003343137420384346,0.00010055564627527306,2.8038792931666217e-06,0.7577174726389999
7.723999999999371,0.0039999999999995595,0.0,0.0012244095929852036,0.0003343249541345089,0.00010055488680331573,2.79792404400087e-06,0.7577179739570609
7.727999999999371,0.0039999999999995595,0.0,0.0012244017738540691,0.00033433614692321065,0.00010055414012126306,2.7932405291856884e-06,0.7577184752972725
7.7319999999993705,0.0039999999999995595,0.0,0.0012243939461495195,0.0003343473253954965,0.00010055340646743952,2.7897149277997653e-06,0.7577189753938717
7.73599999999937,0.0039999999999995595,0.0,0.001224386116128028,0.00033435849322742444,0.00010055268612591801,2.787035703899896e-06,0.7577194735324895
7.73999999999937,0.0039999999999995595,0.0,0.0012243782881420223,0.00033436965307221376,0.00010055197939976212,2.7849688742831377e-06,0.7577199692177977
7.743999999999369,0.0039999999999995595,0.0,0.00122437046563727,0.00033438080686171195,0.00010055128659078842,2.7833484561403806e-06,0.7577204622163749
7.747999999999369,0.0039999999999995595,0.0,0.0012243626507901398,0.0003343919560004588,0.00010055060798391815,2.7820517052516286e-06,0.7577209524505398
7.751999999999368,0.0039999999999995595,0.0,0.0012243548454143431,0.00033440310148592984,0.00010054994383516916,2.7809829579561054e-06,0.7577214399216585
7.755999999999368,0.0039999999999995595,0.0,0.0012243470504168488,0.00033441424398675013,0.00010054929436234925,2.780064518835558e-06,0.757721924666609
7.759999999999367,0.0039999999999995595,0.0,0.0012243392664326113,0.0003344253838981142,0.00010054865973797569,2.7792317149320107e-06,0.7577224067352578
7.763999999999367,0.0039999999999995595,0.0,0.0012243314934618401,0.0003344365213849858,0.0001005480400839622,2.7784302201067095e-06,0.7577228861795526
7.7679999999993665,0.0039999999999995595,0.0,0.0012243237315954258,0.0003344476564185816,0.00010054743546769956,2.777614547539037e-06,0.7577233630486935
7.771999999999366,0.0039999999999995595,0.0,0.001224315980289493,0.00033445878880886186,0.000100546845899287,2.77674712398393e-06,0.7577238373873726
7.775999999999366,0.0039999999999995595,0.0,0.0012243082389094705,0.0003344699182342761,0.00010054627132981533,2.775797617728287e-06,0.7577243092355092
7.779999999999365,0.0039999999999995595,0.0,0.0012243005067300882,0.00033448104426923354,0.00010054571165042498,2.774742365984604e-06,0.7577247786286677
7.783999999999365,0.0039999999999995595,0.0,0.0012242927827540097,0.00033449216640943,0.0001005451666920961,2.7735638297673458e-06,0.7577252455987364
7.787999999999364,0.0039999999999995595,0.0,0.0012242850661652396,0.00033450328409501866,0.00010054463622607762,2.772250041196802e-06,0.7577257101746593
7.791999999999364,0.0039999999999995595,0.0,0.001224277355966394,0.0003345143967315645,0.00010054411996482248,2.770794046101399e-06,0.7577261723831282
7.795999999999363,0.0039999999999995595,0.0,0.001224269651069379,0.0003345255037087508,0.00010054361756344601,2.769193337858923e-06,0.7577266322491771
7.799999999999363,0.0039999999999995595,0.0,0.0012242619507488138,0.00033453660441681957,0.00010054312862166973,2.7674492932539e-06,0.7577270897966873
7.803999999999363,0.0039999999999995595,0.0,0.001224254253825871,0.00033454769826077893,0.00010054265268608862,2.765566623921518e-06,0.7577275450487858
7.807999999999362,0.0039999999999995595,0.0,0.0012242465683716909,0.0003345587892607213,0.00010054218836139434,2.7658753743348667e-06,0.7577284487572686
7.811999999999362,0.0039999999999995595,0.0,0.0012242389152444576,0.0003345698879401033,0.00010054173303752308,2.7673111893707548e-06,0.7577288952072352
7.815999999999361,0.0039999999999995595,0.0,0.0012242312847412274,0.0003345809884173354,0.00010054128717750146,2.767374063548202e-06,0.7577293380889762
7.819999999999361,0.0039999999999995595,0.0,0.0012242236696980758,0.000334592086290901,0.00010054085091767684,2.7664079563154765e-06,0.7577297783281487
7.82399999999936,0.0039999999999995595,0.0,0.0012242160647646693,0.00033460317822101335,0.00010054042414100866,2.7646628356499703e-06,0.757730216409031
7.82799999999936,0.0039999999999995595,0.0,0.0012242084660415659,0.00033461426166982394,0.00010054000653341266,2.7623296785314535e-06,0.7577306525693044
7.8319999999993595,0.0039999999999995595,0.0,0.0012242008708081922,0.00033462533473416537,0.00010053959762776186,2.759560914942981e-06,0.7577310869127091
7.835999999999359,0.0039999999999995595,0.0,0.001224193277069429,0.0003346363960318494,0.0001005391968384232,2.7564822964491552e-06,0.7577315194734775
7.839999999999359,0.0039999999999995595,0.0,0.0012241856836463243,0.0003346474446188444,0.00010053880348896872,2.7531997759261343e-06,0.7577319502525864
7.843999999999358,0.0039999999999995595,0.0,0.0012241780900854272,0.0003346584799243272,0.00010053841683434923,2.7498035374014173e-06,0.7577323792376363
7.847999999999358,0.0039999999999995595,0.0,0.0012241704964774272,0.00033466950169634344,0.00010053803607902667,2.7463704292888732e-06,0.75773280641332
7.851999999999357,0.0039999999999995595,0.0,0.001224162903185093,0.0003346805099541243,0.00010053766039199946,2.7429655341782504e-06,0.7577332317665472
7.855999999999357,0.0039999999999995595,0.0,0.0012241553112060535,0.0003346915049449998,0.00010053728891940862,2.739643287570453e-06,0.7577336552886028
7.859999999999356,0.0039999999999995595,0.0,0.0012241477215379627,0.0003347024871048918,0.00010053692079520414,2.73644837246134e-06,0.7577340769757142
7.863999999999356,0.0039999999999995595,0.0,0.0012241401355412755,0.0003347134570219417,0.00010053655515025273,2.733416517795993e-06,0.7577344968288092
7.8679999999993555,0.0039999999999995595,0.0,0.0012241325547578702,0.00033472441540309837,0.0001005361911202461,2.7305752515676805e-06,0.7577349148529112
7.871999999999355,0.0039999999999995595,0.0,0.001224124980820358,0.00033473536304361325,0.0001005358278525633,2.727944642150721e-06,0.7577353310564056
7.875999999999355,0.0039999999999995595,0.0,0.0012241174153613907,0.0003347463007994256,0.00010053546451232266,2.7255380278798487e-06,0.7577357454503065
7.879999999999354,0.0039999999999995595,0.0,0.0012241098600136605,0.0003347572295624313,0.00010053510028774035,2.7233627423963316e-06,0.7577361580475869
7.883999999999354,0.0039999999999995595,0.0,0.001224102316591293,0.000334768150238599,0.00010053473439483213,2.72142082622501e-06,0.7577365688625884
7.887999999999353,0.0039999999999995595,0.0,0.0012240947864549717,0.00033477906372885764,0.00010053436608151704,2.719709714173109e-06,0.7577369779105263
7.891999999999353,0.0039999999999995595,0.0,0.001224087271328204,0.00033478997091267453,0.00010053399463132909,2.718222900531331e-06,0.7577373852070806
7.895999999999352,0.0039999999999995595,0.0,0.0012240797724810475,0.0003348008726341939,0.00010053361936661193,2.716950567417105e-06,0.757737790768058
7.899999999999352,0.0039999999999995595,0.0,0.0012240722828392664,0.00033481176526655625,0.00010053324041064936,2.7136447243289336e-06,0.757737790768058
7.9039999999993515,0.0039999999999995595,0.0,0.0012240647819048939,0.0003348226385138212,0.00010053285899493973,2.709134407684082e-06,0.757738194609128
7.907999999999351,0.0039999999999995595,0.0,0.00122405726895212,0.00033483349266376974,0.0001005324745145605,2.7035369739250424e-06,0.757738194609128
7.911999999999351,0.0039999999999995595,0.0,0.001224049747518056,0.0003348443307143939,0.00010053208609743901,2.7025886012294543e-06,0.7577394055214588
7.91599999999935,0.0039999999999995595,0.0,0.0012240422775561626,0.00033485518467068836,0.00010053168835576763,2.7063704100249075e-06,0.757739806218338
7.91999999999935,0.0039999999999995595,0.0,0.0012240348514484195,0.00033486605026369757,0.00010053128166406881,2.709170710032149e-06,0.7577402026662844
7.923999999999349,0.0039999999999995595,0.0,0.0012240274639348809,0.00033487692447628086,0.00010053086625358267,2.7112688743690935e-06,0.7577405961801938
7.927999999999349,0.0039999999999995595,0.0,0.0012240201107532036,0.00033488780506111263,0.00010053044226097368,2.71283793126001e-06,0.7577409874940709
7.9319999999993485,0.0039999999999995595,0.0,0.001224012788729381,0.0003348986902569403,0.00010053000976440841,2.713988267858823e-06,0.7577413770062182
7.935999999999348,0.0039999999999995595,0.0,0.0012240054948707369,0.0003349095786225635,0.00010052956881036381,2.7147935423091034e-06,0.7577417649231721
7.939999999999348,0.0039999999999995595,0.0,0.0012239982268194536,0.00033492046893995707,0.00010052911943343344,2.715305885535025e-06,0.7577421513437755
7.943999999999347,0.0039999999999995595,0.0,0.0012239909826711824,0.0003349313601574929,0.00010052866167087187,2.715564702203754e-06,0.757742536307929
7.947999999999347,0.0039999999999995595,0.0,0.0012239837603401156,0.0003349422513560481,0.00010052819557336197,2.7156016909208644e-06,0.7577429198245614
7.951999999999346,0.0039999999999995595,0.0,0.0012239765583753396,0.0003349531417279322,0.00010052772121254481,2.7154436544344276e-06,0.7577433018874287
7.955999999999346,0.0039999999999995595,0.0,0.0012239693752351983,0.0003349640305628343,0.0001005272386864655,2.7151140397012203e-06,0.7577436824838245
7.959999999999345,0.0039999999999995595,0.0,0.0012239622097408283,0.0003349749172375239,0.00010052674812311534,2.714633768349835e-06,0.7577440615992113
7.963999999999345,0.0039999999999995595,0.0,0.0012239550607133374,0.0003349858012074939,0.00010052624968268369,2.7140216709667016e-06,0.7577444392195257
7.9679999999993445,0.0039999999999995595,0.0,0.0012239479270645137,0.0003349966819996015,0.00010052574355879069,2.7132947176883554e-06,0.7577448153321917
7.971999999999344,0.0039999999999995595,0.0,0.0012239408081596633,0.00033500755920523416,0.00010052522997872723,2.712468150919255e-06,0.7577451899264336
7.975999999999344,0.0039999999999995595,0.0,0.0012239337030012403,0.0003350184324737883,0.0001005247092031408,2.7115555698744913e-06,0.757745562993241
7.979999999999343,0.0039999999999995595,0.0,0.0012239266110452241,0.00033502930150638955,0.00010052418152517098,2.7105690009965276e-06,0.7577459345251654
7.983999999999343,0.0039999999999995595,0.0,0.0012239195316568708,0.00033504016604985083,0.0001005236472691839,2.7095189710999846e-06,0.7577463045160625
7.987999999999342,0.0039999999999995595,0.0,0.0012239124642921325,0.00033505102589088796,0.0001005231067891495,2.7084145822336243e-06,0.757746672960831
7.991999999999342,0.0039999999999995595,0.0,0.0012239054085883714,0.0003350618808506357,0.00010052256046669997,2.707263598888441e-06,0.7577470398551807
7.995999999999341,0.0039999999999995595,0.0,0.001223898364092229,0.0003350727307794895,0.0001005220087090376,2.7060725378731894e-06,0.7577474051954315
7.999999999999341,0.0039999999999995595,0.0,0.0012238913303503358,0.000335083575552305,0.00010052145194664742,2.704846765992266e-06,0.7577477689783537
8.003999999999342,0.004000000000001336,0.0,0.001223884307181451,0.00033509441506397123,0.00010052089063087492,2.7035906012378108e-06,0.757748131201044
