t,dt,force_n,tilt_rad,x,y,speed_m_s,effort_nm
0.004,0.004,0.0,0.0,1.0675118474939779e-20,-8.18005103261685e-21,6.724674506199822e-18,0.0
0.008,0.004,0.0,0.0,7.655537912243746e-20,-4.5252770849569305e-20,2.4559245785028637e-17,2.4783730623312295e-16
0.012,0.004,0.0,0.0,2.2555690216159135e-19,-9.302110959482288e-20,4.266334334735014e-17,3.083755473198835e-16
0.016,0.004,0.0,0.0,4.2790773546710474e-19,-1.4946556077229268e-19,5.5845932882398e-17,3.083755473198835e-16
0.020000000000000004,0.0040000000000000036,0.0,0.0,6.828061421077785e-19,-2.0125901430594523e-19,6.823883701687835e-17,5.092449964172272e-16
0.024000000000000007,0.0040000000000000036,0.0,1.1157766221159737e-05,6.341346394231291e-06,-1.2884415518311411e-08,0.0031689108827462017,6.284039955062326e-16
0.02800000000000001,0.0040000000000000036,0.0,5.4633101327188404e-05,3.029366210642478e-05,-2.467218982144162e-08,0.00608724436627938,0.2364152823883604
0.032000000000000015,0.0040000000000000036,0.0,9.954852201585254e-05,5.2329836337223034e-05,1.4671832333050963e-08,0.005122659831285582,0.43056305150731716
0.03600000000000002,0.0040000000000000036,0.0,0.00013838384215053904,6.822107879460319e-05,9.726281510986373e-08,0.0036574095840775545,0.5849138797850323
0.04000000000000002,0.0040000000000000036,0.0,0.0001739146354664692,8.024677521039967e-05,2.104152355959067e-07,0.0028407802344270526,0.7072219193796423
0.044000000000000025,0.0040000000000000036,0.0,0.0002085626986365655,9.03261102002254e-05,3.438653038027179e-07,0.0024490738366800447,0.8039435906928707
0.04800000000000003,0.0040000000000000036,0.0,0.0002437442220298863,9.964730750848977e-05,4.89460218767343e-07,0.0023171147253016355,0.8799218314572448
0.05200000000000003,0.0040000000000000036,0.0,0.00028017190155830605,0.00010886540499809528,6.421664621537898e-07,0.0023134598084728957,0.8799218314572448
0.056000000000000036,0.0040000000000000036,0.0,0.0003181171077078598,0.00011827216159320417,8.001556417566896e-07,0.0023840701888433375,0.9388320229823774
0.06000000000000004,0.0040000000000000036,0.0,0.0003578093560454326,0.00012816010476905253,9.565944393354538e-07,0.002522791765055618,1.0284298234989613
0.06400000000000004,0.0040000000000000036,0.0,0.00039931764951198917,0.00013871809197231827,1.1055092594528213e-06,0.002692795787549571,1.0506980872795375
0.06800000000000005,0.0040000000000000036,0.0,0.0004425508214253746,0.0001499727927754084,1.2470713753652564e-06,0.002866635579494936,1.0639880851064174
0.07200000000000005,0.0040000000000000036,0.0,0.0004872980575052487,0.00016185454382367973,1.3804304391522613e-06,0.0030157564280800953,1.0694597592548023
0.07600000000000005,0.0040000000000000036,0.0,0.0005332515252726266,0.0001742107122516242,1.503288868898345e-06,0.0031229950737101443,1.0681369471472217
0.08000000000000006,0.0040000000000000036,0.0,0.0005800862812353784,0.00018685169576390401,1.6129759483167537e-06,0.0031808381821228156,1.0681369471472217
0.08400000000000006,0.0040000000000000036,0.0,0.0006275276414539732,0.00019959118536401664,1.706997537820406e-06,0.0031953806160729585,1.0609685380021125
0.08800000000000006,0.0040000000000000036,0.0,0.0006753501189108636,0.00021229337247756356,1.7843285986699914e-06,0.0031780255578488185,1.0480340663523795
0.09200000000000007,0.0040000000000000036,0.0,0.0007233737083152868,0.00022484314796322602,1.8448723518395738e-06,0.003131708185047861,1.0303125052839355
0.09600000000000007,0.0040000000000000036,0.0,0.0007714296264380093,0.00023712807929172756,1.890131338539379e-06,0.003058559052430822,0.9839679485374865
0.10000000000000007,0.0040000000000000036,0.0,0.0008194188618534828,0.00024908672700340114,1.9223120642230567e-06,0.002974629297781723,0.959689584973777
0.10400000000000008,0.0040000000000000036,0.0,0.0008673890452605345,0.00026073786601193353,1.9462704295237506e-06,0.0029008717838181672,0.9351790613602403
0.10800000000000008,0.0040000000000000036,0.0,0.0009154839548068181,0.00027216460145515893,1.9680547987978356e-06,0.0028500072412280587,0.917301735017198
0.11200000000000009,0.0040000000000000036,0.0,0.0009638627614371127,0.00028346452214282576,1.990689560601683e-06,0.0028241514541058623,0.917301735017198
0.11600000000000009,0.0040000000000000036,0.0,0.0010126895555206334,0.0002947370010605654,2.0155250884246366e-06,0.002822477763254175,0.905420678865414
0.12000000000000009,0.0040000000000000036,0.0,0.001062064981119641,0.0003060679243244813,2.0315167983728657e-06,0.002841819675869656,0.8914029348904199
0.1240000000000001,0.0040000000000000036,0.0,0.0011120433985211061,0.00031753158902928755,2.0389030920128693e-06,0.002878586920702698,0.886626306148945
0.12800000000000009,0.00399999999999999,0.0,0.0011626746586159396,0.0003291867542483871,2.04179153672082e-06,0.002929461473930213,0.8819825715251387
0.1320000000000001,0.0040000000000000036,0.0,0.0012139866705492778,0.00034108098273270474,2.043283310693729e-06,0.0029915086330212534,0.8775083321508255
0.1360000000000001,0.0040000000000000036,0.0,0.0012659846878331743,0.0003532494365565885,2.045685904284287e-06,0.0030616044779961816,0.8732342467592367
0.1400000000000001,0.0040000000000000036,0.0,0.001318652663747984,0.00036571509184603237,2.050682654230794e-06,0.003136744097566028,0.8691858742855246
0.1440000000000001,0.0040000000000000036,0.0,0.0013719557074299983,0.0003784897537025959,2.0594674058257535e-06,0.003214211026647523,0.8653841752689456
0.1480000000000001,0.0040000000000000036,0.0,0.0014258430179164834,0.00039157546740800273,2.072851254256176e-06,0.003291656660347808,0.8618458270668379
0.1520000000000001,0.0040000000000000036,0.0,0.0014802509074435162,0.00040496606937191635,2.091347049282057e-06,0.003367122975989934,0.8585834482720958
0.1560000000000001,0.0040000000000000036,0.0,0.001535105683819322,0.00041864872112468675,2.115236242146014e-06,0.0034390310702049833,0.8556057893620573
0.16000000000000011,0.0040000000000000036,0.0,0.001590326267402654,0.0004326053363566622,2.1446217309522726e-06,0.0035061504899665994,0.8529179220478842
0.16400000000000012,0.0040000000000000036,0.0,0.0016458264843540948,0.00044681385480174236,2.1794696104335425e-06,0.003567559144263162,0.8505214442085677
0.16800000000000012,0.0040000000000000036,0.0,0.0017015170213627296,0.0004612493448662225,2.2196421314351546e-06,0.003622600032724259,0.848414707540121
0.17200000000000013,0.0040000000000000036,0.0,0.0017573225711927732,0.0004758866969367485,2.264803870888158e-06,0.0036717202200563528,0.848414707540121
0.17600000000000013,0.0040000000000000036,0.0,0.0018131852427839715,0.0004907031928697858,2.314521093123888e-06,0.003714554357898493,0.844846130225395
0.18000000000000013,0.0040000000000000036,0.0,0.0018689870804048405,0.0005056695831417617,2.368889361193978e-06,0.003750658907462076,0.844846130225395
0.18400000000000014,0.0040000000000000036,0.0,0.001924670628157763,0.0005207612684818535,2.4274562378916326e-06,0.0037796293223133436,0.8424122052969053
0.18800000000000014,0.0040000000000000036,0.0,0.0019800993181281275,0.0005359422746445278,2.49000797628368e-06,0.0037999753301031962,0.8416399755406434
0.19200000000000014,0.0040000000000000036,0.0,0.0020351865115834336,0.0005511825143026577,2.556126277304577e-06,0.0038129572994390704,0.8410985527435021
0.19600000000000015,0.0040000000000000036,0.0,0.002089850681805769,0.0005664540853765916,2.6254000454048216e-06,0.003819078973058795,0.8407709932167987
0.20000000000000015,0.0040000000000000036,0.0,0.0021440324577168333,0.0005817346578187106,2.6975175675221436e-06,0.0038206908211492266,0.8407709932167987
0.20400000000000015,0.0040000000000000036,0.0,0.002197711066476828,0.0005970109334763834,2.7723272208396847e-06,0.00381809053814348,0.8406394400392377
0.20800000000000016,0.0040000000000000036,0.0,0.0022507977040671016,0.000612255554429947,2.84929319060391e-06,0.003807788779366988,0.840882557088399
0.21200000000000016,0.0040000000000000036,0.0,0.002303172436751933,0.0006274344958083916,2.9276781591819605e-06,0.0037898459459712497,0.8412265030590741
0.21600000000000016,0.0040000000000000036,0.0,0.0023547707482820097,0.0006425248865227844,3.0078503653760867e-06,0.0037663385996387446,0.8416918446477449
0.22000000000000017,0.0040000000000000036,0.0,0.0024055319156907253,0.0006575054522376094,3.0910307016814473e-06,0.0037375724615856284,0.8421674517563346
0.22400000000000017,0.0040000000000000036,0.0,0.002455399187442324,0.000672356488352501,3.174652020250781e-06,0.0037040006195508002,0.8423777087600383
0.22800000000000017,0.0040000000000000036,0.0,0.0025043203645782903,0.0006870600595829961,3.257185233727128e-06,0.0036660362069189166,0.8423967008951966
0.23200000000000018,0.0040000000000000036,0.0,0.0025522470362912726,0.0007015995475102137,3.33800373237938e-06,0.003623987981007245,0.8422909325981395
0.23600000000000018,0.0040000000000000036,0.0,0.002599134102549779,0.0007159593787750725,3.416942024294353e-06,0.003578105650890493,0.84210393582486
0.24000000000000019,0.0040000000000000036,0.0,0.002644939494212341,0.0007301248730942628,3.494045212936219e-06,0.0035286059441139573,0.8418642089501996
0.2440000000000002,0.0040000000000000036,0.0,0.0026896432682544952,0.0007440890267921281,3.569483915200396e-06,0.0034791221289363393,0.8418642089501996
0.2480000000000002,0.0040000000000000036,0.0,0.002733262222586135,0.0007578568733885332,3.64350697023137e-06,0.0034289610115380495,0.8415904107606185
0.25200000000000017,0.003999999999999976,0.0,0.0027757543912564084,0.0007714121513858418,3.71615969294196e-06,0.003374817543717221,0.8412915830681988
0.25600000000000017,0.0040000000000000036,0.0,0.0028170612992128486,0.0007847321532730079,3.7874110515867498e-06,0.0033131435679865135,0.8406588400504161
0.2600000000000002,0.0040000000000000036,0.0,0.002857094641896797,0.0007977832713606002,3.8571405761814934e-06,0.0032454716088026153,0.8403372331517308
0.2640000000000002,0.0040000000000000036,0.0,0.002895833913908985,0.0008105585637208457,3.9253772324790676e-06,0.003176051499739384,0.8400121263687365
0.2680000000000002,0.0040000000000000036,0.0,0.002933259711616466,0.0008230509548390453,3.9921125802885475e-06,0.003104859146206722,0.8396851850606243
0.2720000000000002,0.0040000000000000036,0.0,0.0029693539653465333,0.0008352533772862819,4.0573125549115384e-06,0.003031904839271049,0.839357499278549
0.2760000000000002,0.0040000000000000036,0.0,0.0030041001297239777,0.0008471588937838626,4.120926872384289e-06,0.002957228042158013,0.8390297823561814
0.2800000000000002,0.0040000000000000036,0.0,0.003037483331324186,0.0008587607972156935,4.182896331752463e-06,0.0028808918554364907,0.8387025008308979
0.2840000000000002,0.0040000000000000036,0.0,0.003069490477973214,0.0008700526894974146,4.2431583385813625e-06,0.0028029778512343086,0.8383759594762402
0.2880000000000002,0.0040000000000000036,0.0,0.0031001103341363875,0.0008810285417506994,4.301650970693934e-06,0.0027235815762839937,0.8380503569786117
0.2920000000000002,0.0040000000000000036,0.0,0.0031293335685800457,0.0008916827387426027,4.358315877531305e-06,0.0026428088052366096,0.8377258224086102
0.2960000000000002,0.0040000000000000036,0.0,0.003157152779616734,0.0009020101105147046,4.413100264825003e-06,0.0025607725121446147,0.837402439122876
0.3000000000000002,0.0040000000000000036,0.0,0.0031835810968948116,0.0009120155270940199,4.465985931493768e-06,0.0024823775289188454,0.837402439122876
0.3040000000000002,0.0040000000000000036,0.0,0.003208642881737917,0.0009217081125297788,4.516973406683422e-06,0.002400720322111161,0.8367554949272805
0.3080000000000002,0.0040000000000000036,0.0,0.00323227298588228,0.0009310506376758438,4.56593687199431e-06,0.00231323878379898,0.8364367072417788
0.3120000000000002,0.0040000000000000036,0.0,0.0032544774093980025,0.0009400435042836007,4.612863740884048e-06,0.0022257933532247765,0.8361188864478263
0.3160000000000002,0.0040000000000000036,0.0,0.0032752620001751014,0.0009486863253812811,4.657745928075276e-06,0.0021382212798373066,0.835802143143714
0.32000000000000023,0.0040000000000000036,0.0,0.0032946331366665036,0.0009569783825976412,4.700580688587186e-06,0.0020504611118966204,0.8354865482088608
0.32400000000000023,0.0040000000000000036,0.0,0.0033125981396937235,0.0009649189100177104,4.741370961754492e-06,0.0019625143170043753,0.835172146526015
0.32800000000000024,0.0040000000000000036,0.0,0.003329165516030755,0.0009725072708339497,4.780125400564097e-06,0.0018744215107822783,0.8348589659439293
0.33200000000000024,0.0040000000000000036,0.0,0.003344345097207451,0.000979743067075141,4.816858204246152e-06,0.0017862475825135182,0.8345470231374349
0.33600000000000024,0.0040000000000000036,0.0,0.003358148111591554,0.0009866262071153006,4.851588831126872e-06,0.0016980722875242034,0.8342363274427168
0.34000000000000025,0.0040000000000000036,0.0,0.00337058721397655,0.0009931569462501635,4.884341642544497e-06,0.001609984229930069,0.833926883369872
0.34400000000000025,0.0040000000000000036,0.0,0.0033816764872671872,0.0009993359098933309,4.9151455109170376e-06,0.0015220769685288474,0.83361869225057
0.34800000000000025,0.0040000000000000036,0.0,0.003391431426053056,0.0010051641054201017,4.944033413823194e-06,0.0014344464656765742,0.8333117533196964
0.35200000000000026,0.0040000000000000036,0.0,0.0033998689081023536,0.0010106429265022943,4.971042028208105e-06,0.0013471893945100272,0.8330060644262589
0.35600000000000026,0.0040000000000000036,0.0,0.003407022420182838,0.0010157844836803849,4.996217866156521e-06,0.0012655676564201977,0.8330060644262589
0.36000000000000026,0.0040000000000000036,0.0,0.0034129623736437785,0.001020625943156143,5.019624660464381e-06,0.0011925017198705387,0.8330060644262589
0.36400000000000027,0.0040000000000000036,0.0,0.003417711207546025,0.0010251727313378178,5.0413062460553e-06,0.0011148344697447354,0.8323947495311222
0.36800000000000027,0.0040000000000000036,0.0,0.0034212042574435463,0.001029370069923427,5.061277363638583e-06,0.0010244048434369492,0.8317841617922785
0.3720000000000003,0.0040000000000000036,0.0,0.0034234217845420453,0.0010331908618968354,5.079578331397857e-06,0.0009316008961431178,0.8314870868651317
0.3760000000000003,0.0040000000000000036,0.0,0.0034244111473400044,0.0010366536099292206,5.096266667263226e-06,0.0008430166688277385,0.8311904111162552
0.3800000000000003,0.0040000000000000036,0.0,0.003424224698018165,0.0010397811687405047,5.111399417775649e-06,0.0007623225718502073,0.8311904111162552
0.3840000000000003,0.0040000000000000036,0.0,0.0034229118161142997,0.0010425956099423981,5.125032801024194e-06,0.0006811463452211799,0.8305956819479026
0.3880000000000003,0.0040000000000000036,0.0,0.003420457949618007,0.0010450699342911432,5.137220647858929e-06,0.0005969733730469914,0.8303023851117266
0.3920000000000003,0.0040000000000000036,0.0,0.0034169028107218775,0.0010472164870029277,5.148019400473146e-06,0.0005156909967349418,0.8300098460871822
0.3960000000000003,0.0040000000000000036,0.0,0.003412282566967884,0.001049045065875314,5.157485188857284e-06,0.00043674474971890076,0.8297182145824138
0.4000000000000003,0.0040000000000000036,0.0,0.003406631474661425,0.0010505640051491963,5.165673910724438e-06,0.0003598186623445183,0.829427587060876
0.4040000000000003,0.0040000000000000036,0.0,0.0033999828530275247,0.001051780831238863,5.172641225746223e-06,0.0002847410184026103,0.8291380250679823
0.4080000000000003,0.0040000000000000036,0.0,0.0033923696593446636,0.0010527026589566793,5.178442499501825e-06,0.0002114272025965115,0.8288495672510704
0.4120000000000003,0.0040000000000000036,0.0,0.003383824821419911,0.0010533364298783775,5.183132720084977e-06,0.00013984496023071593,0.8285622372438796
0.4160000000000003,0.0040000000000000036,0.0,0.0033743814221631864,0.0010536890543467621,5.186766401662836e-06,6.999354531529771e-05,0.8282760488385642
0.4200000000000003,0.0040000000000000036,0.0,0.0033640727936870753,0.0010537674944552883,5.189397483930194e-06,1.975585052363043e-06,0.827991009378355
0.4240000000000003,0.0040000000000000036,0.0,0.0033529325563226744,0.00105357881076506,5.191079232753174e-06,6.445047136195894e-05,0.8277071219828306
0.4280000000000003,0.0040000000000000036,0.0,0.003340994623124947,0.0010531301866679313,5.191864145389009e-06,0.0001289769913297681,0.8274243870073259
0.43200000000000033,0.0040000000000000036,0.0,0.003328293183989682,0.0010524289389321276,5.191803862015652e-06,0.00019166588407017686,0.8271428029998926
0.43600000000000033,0.0040000000000000036,0.0,0.003314862676994052,0.0010514825196866508,5.1909490844422455e-06,0.00025248272934527666,0.8268623673286535
0.44000000000000034,0.0040000000000000036,0.0,0.0033007377519852416,0.0010502985130931468,5.189349502383295e-06,0.00031139474613571235,0.8265830765930084
0.44400000000000034,0.0040000000000000036,0.0,0.0032859604168637598,0.001048892521795429,5.187046815488707e-06,0.0003644248826769437,0.8265830765930084
0.44800000000000034,0.0040000000000000036,0.0,0.003270569810295984,0.00104728144446189,5.184078131986122e-06,0.0004181210021865938,0.8260244898818057
0.45200000000000035,0.0040000000000000036,0.0,0.0032545767802736767,0.0010454509350900285,5.1805065062059166e-06,0.000470304626708435,0.8260244898818057
0.45600000000000035,0.0040000000000000036,0.0,0.0032380263476898844,0.0010434220661175162,5.176364448889653e-06,0.0005218221607494872,0.8254718416972396
0.46000000000000035,0.0040000000000000036,0.0,0.00322093270545214,0.0010411791815337218,5.171718793788049e-06,0.0005743133248232383,0.8251993929822216
0.46400000000000036,0.0040000000000000036,0.0,0.003203340700456781,0.001038736905014083,5.1666089689339675e-06,0.0006233424569970491,0.8249276543429729
0.46800000000000036,0.0040000000000000036,0.0,0.003185291123999442,0.0010361073242270836,5.161073925321988e-06,0.0006694641959215943,0.824656762627515
0.47200000000000036,0.0040000000000000036,0.0,0.0031668222702596447,0.0010333010289770115,5.155151877808729e-06,0.0007130057853579882,0.8243868058089431
0.47600000000000037,0.0040000000000000036,0.0,0.003147970850505571,0.001030327727391403,5.148880124051914e-06,0.000754159689768991,0.8241178398094697
0.48000000000000037,0.0040000000000000036,0.0,0.003128772521481835,0.0010271966094539964,5.142294915512109e-06,0.0007930390432147269,0.8238498995446227
0.4840000000000004,0.0040000000000000036,0.0,0.0031092621843426026,0.0010239165592540553,5.135431364195643e-06,0.0008297108400882682,0.823583006171981
0.4880000000000004,0.0040000000000000036,0.0,0.0030894772919791086,0.0010205019352716013,5.128315999505946e-06,0.0008613869444075912,0.823583006171981
0.4920000000000004,0.0040000000000000036,0.0,0.003069450012013116,0.0010169673467370908,5.1209705292141925e-06,0.0008930008143493737,0.8230491132170749
0.4960000000000004,0.0040000000000000036,0.0,0.003049197654128322,0.0010132997814920517,5.113451746804713e-06,0.0009253898410060144,0.8227862158941345
0.5000000000000003,0.003999999999999948,0.0,0.003028761100131242,0.0010095165586400455,5.105780499858554e-06,0.0009523722782271186,0.8227862158941345
0.5040000000000003,0.0040000000000000036,0.0,0.0030081760030768304,0.001005638949814123,5.097966195373139e-06,0.0009758184805207654,0.8225241073485776
0.5080000000000003,0.0040000000000000036,0.0,0.0029874652105055985,0.0010016691852144624,5.090041274108185e-06,0.0009988217847199784,0.8222596361415095
0.5120000000000003,0.0040000000000000036,0.0,0.002966650688935859,0.000997608973899691,5.082036748277688e-06,0.0010212121829927714,0.8219968750392973
0.5160000000000003,0.0040000000000000036,0.0,0.002945756600492652,0.0009934581632106143,5.0739875753423525e-06,0.0010445974625332606,0.8214757710801609
0.5200000000000004,0.0040000000000000036,0.0,0.0029248135824723573,0.0009892176125384268,5.065929901645066e-06,0.0010650629021883532,0.8214757710801609
0.5240000000000004,0.0040000000000000036,0.0,0.002903857690069198,0.0009849064635353737,5.057871162688306e-06,0.0010831701173288333,0.8209621838042757
0.5280000000000004,0.0040000000000000036,0.0,0.002882921705887699,0.0009805244429278038,5.049849447870003e-06,0.0010999445166960517,0.8207085428997327
0.5320000000000004,0.0040000000000000036,0.0,0.0028620424429602123,0.0009760849906983891,5.0418798071643135e-06,0.0011135475145520929,0.8204553862187612
0.5360000000000004,0.0040000000000000036,0.0,0.002841252476663556,0.000971599078721616,5.0339774431778625e-06,0.001124520711795424,0.8202029027979592
0.5400000000000004,0.0040000000000000036,0.0,0.0028205816161041147,0.0009670761912135321,5.026157355393572e-06,0.0011331916992767825,0.8199512145602035
0.5440000000000004,0.0040000000000000036,0.0,0.002800057759167527,0.0009625248989156628,5.018434099605227e-06,0.0011397630351720933,0.819700399500274
0.5480000000000004,0.0040000000000000036,0.0,0.002779707383299673,0.0009579531919592237,5.010821623813422e-06,0.0011443650424743641,0.8194505068832237
0.5520000000000004,0.0040000000000000036,0.0,0.0027595543506406966,0.0009533708739989366,5.0033282107568685e-06,0.001145985367244829,0.8194505068832237
0.5560000000000004,0.0040000000000000036,0.0,0.0027396137280483093,0.0009487917106326622,4.99594895100254e-06,0.0011444872207285056,0.8194505068832237
0.5600000000000004,0.0040000000000000036,0.0,0.0027198955639781675,0.0009442229884194253,4.988687480701442e-06,0.0011419356580809896,0.8192015672038441
0.5640000000000004,0.0040000000000000036,0.0,0.0027004132082209887,0.0009396615751647233,4.981567630439604e-06,0.0011408268340198356,0.8186980854174333
0.5680000000000004,0.0040000000000000036,0.0,0.002681185854069307,0.0009351021721747606,4.97461890982818e-06,0.0011399089830635243,0.8184478583219436
0.5720000000000004,0.0040000000000000036,0.0,0.002662236291369318,0.00093055188452806,4.967850825807453e-06,0.0011370209634379192,0.8182025872248367
0.5760000000000004,0.0040000000000000036,0.0,0.00264359202854149,0.0009260186759251707,4.9612743648606854e-06,0.001132444977140606,0.8177145205567483
0.5800000000000004,0.0040000000000000036,0.0,0.0026252866326829834,0.0009215094665726556,4.954905144346611e-06,0.00112568404002728,0.8174748070439043
0.5840000000000004,0.0040000000000000036,0.0,0.002607341952029929,0.0009170353302032785,4.948741594601607e-06,0.0011162175164317733,0.8174748070439043
0.5880000000000004,0.0040000000000000036,0.0,0.0025897708452155715,0.000912604245994081,4.942781114642221e-06,0.0011052729241188392,0.8169931998469647
0.5920000000000004,0.0040000000000000036,0.0,0.0025726004484798006,0.000908220768200437,4.9370372131504344e-06,0.001092862083170079,0.8167554580276073
0.5960000000000004,0.0040000000000000036,0.0,0.002555849159787154,0.0009038921857322511,4.93151137523837e-06,0.0010787105452289573,0.816518209648314
0.6000000000000004,0.0040000000000000036,0.0,0.0025395332036000323,0.000899624714708384,4.9262051589482684e-06,0.0010630556058394208,0.816281616919077
0.6040000000000004,0.0040000000000000036,0.0,0.0025236635312771896,0.0008954236906526298,4.921117629509117e-06,0.0010461510993465307,0.816281616919077
0.6080000000000004,0.0040000000000000036,0.0,0.0025082453453392933,0.0008912931267977159,4.916246399346834e-06,0.001028266053034293,0.8158078633670849
0.6120000000000004,0.0040000000000000036,0.0,0.0024933014636666973,0.0008872378327772423,4.91160055041343e-06,0.001009090809359098,0.815574437785183
0.6160000000000004,0.0040000000000000036,0.0,0.0024788402048908555,0.0008832623134963422,4.907178098397628e-06,0.0009889990327135963,0.815574437785183
0.6200000000000004,0.0040000000000000036,0.0,0.0024648603733307306,0.0008793689017702757,4.902974073896384e-06,0.0009682321178668647,0.8153416585514879
0.6240000000000004,0.0040000000000000036,0.0,0.002451375650952778,0.0008755620298307832,4.898991396901787e-06,0.0009461629921827708,0.8148733373434502
0.6280000000000004,0.0040000000000000036,0.0,0.0024384071139083234,0.0008718478847403459,4.895234786962714e-06,0.0009226919394245335,0.814644137268652
0.6320000000000005,0.0040000000000000036,0.0,0.0024259631545327097,0.0008682305829361473,4.891702053083774e-06,0.0008982309521977241,0.8144154105275576
0.6360000000000005,0.0040000000000000036,0.0,0.0024140508695045977,0.0008647137160392407,4.888390878042725e-06,0.0008728986799895542,0.8141873129657888
0.6400000000000005,0.0040000000000000036,0.0,0.002402676292488993,0.0008613005087585368,4.88529874405947e-06,0.0008467798811055031,0.813959944863074
0.6440000000000005,0.0040000000000000036,0.0,0.00239184019345453,0.000857992371054895,4.8824221202321885e-06,0.0008207083522549798,0.813959944863074
0.6480000000000005,0.0040000000000000036,0.0,0.0023815347623388095,0.0008547878477568104,4.8797560488185905e-06,0.0007945912261300389,0.8137333702337048
0.6520000000000005,0.0040000000000000036,0.0,0.0023717697881148934,0.0008516919278722726,4.877298772525369e-06,0.0007667748198358626,0.8132778267047335
0.6560000000000005,0.0040000000000000036,0.0,0.002362562022466101,0.0008487123746583853,4.875049000783945e-06,0.0007375795183412005,0.8130549463652688
0.6600000000000005,0.0040000000000000036,0.0,0.002353912211206376,0.0008458506516644989,4.873002677361873e-06,0.0007080194238417279,0.8128325568396242
0.6640000000000005,0.0040000000000000036,0.0,0.00234582062813919,0.0008431081947915313,4.8711555941154825e-06,0.0006781045062038907,0.8126107983322921
0.6680000000000005,0.0040000000000000036,0.0,0.002338287002240387,0.0008404863668357809,4.869503371373095e-06,0.0006478552248655286,0.8123897609476279
0.6720000000000005,0.0040000000000000036,0.0,0.0023313104708490126,0.0008379864253709697,4.868041457053779e-06,0.000617299478421451,0.812169502120033
0.6760000000000005,0.0040000000000000036,0.0,0.0023248895504211597,0.0008356094996384992,4.866765135264303e-06,0.0005864705161035859,0.8119500579812765
0.6800000000000005,0.0040000000000000036,0.0,0.0023190221199281273,0.0008333565739078324,4.865669539214748e-06,0.0005554054235402586,0.8117314507758884
0.6840000000000005,0.0040000000000000036,0.0,0.0023137054129648504,0.0008312284756906147,4.864749666072562e-06,0.000524143980898067,0.8115136936994328
0.6880000000000005,0.0040000000000000036,0.0,0.0023089360173148775,0.0008292258676922762,4.86400039248191e-06,0.0004927277818149722,0.8112967940555149
0.6920000000000005,0.0040000000000000036,0.0,0.002304709879526845,0.0008273492426795825,4.863416490295296e-06,0.00046119954589538985,0.8110807553156874
0.6960000000000005,0.0040000000000000036,0.0,0.002301018228688078,0.0008255963869149595,4.862993223427179e-06,0.0004308695386497852,0.8110807553156874
0.7000000000000005,0.0040000000000000036,0.0,0.002297850323998335,0.0008239641031958023,4.862725963366472e-06,0.0003998395363261121,0.8106486329969603
0.7040000000000005,0.0040000000000000036,0.0,0.00229521491097184,0.0008224614880468279,4.862607242608782e-06,0.0003675142386473908,0.8104358129755096
0.7080000000000005,0.0040000000000000036,0.0,0.002293103593807971,0.0008210871362163828,4.862631782622501e-06,0.0003355169884073628,0.810223630216489
0.7120000000000005,0.0040000000000000036,0.0,0.0022915081222129674,0.0008198399294582405,4.862794226348034e-06,0.000303789177789872,0.8100121584735547
0.7160000000000005,0.0040000000000000036,0.0,0.0022904201339280215,0.0008187188626651554,4.8630891553553225e-06,0.00027231036904324984,0.8098014445931434
0.7200000000000005,0.0040000000000000036,0.0,0.0022898310072040477,0.0008177229403566593,4.863511110341042e-06,0.00024108282702613927,0.8095915179025747
0.7240000000000005,0.0040000000000000036,0.0,0.00228972823924764,0.000816848399870848,4.864055586080208e-06,0.0002114800234090412,0.8095915179025747
0.7280000000000005,0.0040000000000000036,0.0,0.0022900946089624806,0.0008160876419959175,4.864719503735627e-06,0.00018290468015751308,0.8093823963200968
0.7320000000000005,0.0040000000000000036,0.0,0.002290929426670358,0.0008154455460213914,4.865495494563604e-06,0.00015232734414570058,0.808962104752857
0.7360000000000005,0.0040000000000000036,0.0,0.002292235350859955,0.000814930566984798,4.866374822762658e-06,0.00012083172283322257,0.8087564640619752
0.7400000000000005,0.0040000000000000036,0.0,0.002293997788436913,0.0008145386124741157,4.86735268895651e-06,9.029010243896048e-05,0.808551295636158
0.7440000000000005,0.0040000000000000036,0.0,0.0022962033496670637,0.0008142664860412045,4.868424216069169e-06,6.050918375996621e-05,0.8083467209552518
0.7480000000000006,0.0040000000000000036,0.0,0.0022988392371343534,0.0008141114837107607,4.869584476666068e-06,3.138447872452019e-05,0.8081428180106829
0.7520000000000006,0.0040000000000000036,0.0,0.002301892888152695,0.0008140711537160829,4.870828523473477e-06,2.8785837698299103e-06,0.8079396364931363
0.7560000000000006,0.0040000000000000036,0.0,0.0023053517681702884,0.0008141431537595088,4.872151418524415e-06,2.5080412834339082e-05,0.8077372076672795
0.7600000000000006,0.0040000000000000036,0.0,0.002309203255224657,0.0008143251667688403,4.873548258944387e-06,5.2438571945387666e-05,0.8075355507963239
0.7640000000000006,0.0040000000000000036,0.0,0.0023134345783754015,0.0008146148518700981,4.875014198822086e-06,7.920923688411042e-05,0.8073346773244354
0.7680000000000006,0.0040000000000000036,0.0,0.002318032789303675,0.0008150098166354396,4.87654446728264e-06,0.00010537776759186522,0.8071345936010657
0.7720000000000006,0.0040000000000000036,0.0,0.002322984753190507,0.0008155076022253498,4.878134383100975e-06,0.00013092686156713126,0.8069353026564379
0.7760000000000006,0.0040000000000000036,0.0,0.0023282771522834702,0.0008161056763682224,4.879779366394229e-06,0.00015583789351945065,0.8067368053592986
0.7800000000000006,0.0040000000000000036,0.0,0.0023338964957933055,0.0008168014311151258,4.881474948034927e-06,0.0001800919175748379,0.8065391011722036
0.7840000000000006,0.0040000000000000036,0.0,0.002339829134964532,0.0008175921835089265,4.883216776993875e-06,0.0002036702976650081,0.8063421886444814
0.7880000000000006,0.0040000000000000036,0.0,0.00234606128003715,0.0008184751780329204,4.885000626112608e-06,0.0002265550957686193,0.8061460657341295
0.7920000000000006,0.0040000000000000036,0.0,0.0023525790190363745,0.0008194475901442484,4.886822396522322e-06,0.0002487293091736856,0.8059507300180988
0.7960000000000006,0.0040000000000000036,0.0,0.0023593683370097224,0.0008205065304649387,4.888678121017743e-06,0.0002701770141898629,0.8057561788297135
0.8000000000000006,0.0040000000000000036,0.0,0.002366415136052403,0.0008216490493665205,4.8905639664959464e-06,0.0002908834517685608,0.805562409348504
0.8040000000000006,0.0040000000000000036,0.0,0.002373705255101946,0.0008228721417838212,4.892476235724612e-06,0.00031083507682773176,0.8053694186589435
0.8080000000000006,0.0040000000000000036,0.0,0.002381224489725094,0.0008241727521546032,4.894411368475132e-06,0.0003300195846640331,0.8051772037888554
0.8120000000000006,0.0040000000000000036,0.0,0.0023889586116566408,0.000825547779419151,4.8963659421044906e-06,0.0003484259226913929,0.8049857617345082
0.8160000000000006,0.0040000000000000036,0.0,0.002396893388279666,0.0008269940820369853,4.898336671733742e-06,0.0003660442925740654,0.8047950894770171
0.8200000000000006,0.0040000000000000036,0.0,0.0024050138682947904,0.0008285065534911454,4.9003215300746154e-06,0.00038190145662418256,0.8047950894770171
0.8240000000000006,0.0040000000000000036,0.0,0.00241330608022131,0.0008300777709381959,4.902320272421082e-06,0.0003965798117012007,0.8046051839930243
0.8280000000000006,0.0040000000000000036,0.0,0.0024217613963596605,0.0008317095921990935,4.904327815290295e-06,0.0004122740018130546,0.8042236071160318
0.8320000000000006,0.0040000000000000036,0.0,0.0024303696207456384,0.0008334058494418737,4.90633777506966e-06,0.00042798249747061644,0.8040368925564862
0.8360000000000006,0.0040000000000000036,0.0,0.0024391129341225573,0.0008351607617817526,4.908348128739364e-06,0.0004423248189426249,0.8038506210400936
0.8400000000000006,0.0040000000000000036,0.0,0.0024479752168698548,0.0008369695823396364,4.910356884484929e-06,0.0004555268005402316,0.8036648976788958
0.8440000000000006,0.0040000000000000036,0.0,0.002456941454312678,0.000838826698470249,4.912363077420685e-06,0.00046698472333938664,0.8036648976788958
0.8480000000000006,0.0040000000000000036,0.0,0.002465999387358797,0.000840725217118901,4.914367246908538e-06,0.00047726680353700354,0.8034797899442838
0.8520000000000006,0.0040000000000000036,0.0,0.0024751389583071823,0.0008426656787200892,4.9163655194324374e-06,0.00048812523562372133,0.803107628996423
0.8560000000000006,0.0040000000000000036,0.0,0.002484347863895825,0.0008446501590211622,4.918352801256057e-06,0.0004987469408254065,0.8029254514401993
0.8600000000000007,0.0040000000000000036,0.0,0.0024936095356915557,0.0008466731350793345,4.920327833520886e-06,0.0005080616736392076,0.8027436834633749
0.8640000000000007,0.0040000000000000036,0.0,0.0025029090460932384,0.0008487300496959822,4.922289358903346e-06,0.0005162806639345138,0.8025624355111661
0.8680000000000007,0.0040000000000000036,0.0,0.002512233218398666,0.0008508158891140508,4.924236997840773e-06,0.0005230151166903107,0.8025624355111661
0.8720000000000007,0.0040000000000000036,0.0,0.0025215721252822092,0.0008529262112900553,4.926170778705688e-06,0.0005293541224625485,0.8021995841440136
0.8760000000000007,0.0040000000000000036,0.0,0.0025309125468335686,0.000855061791550583,4.928086423444225e-06,0.0005353728452214484,0.8020207453280414
0.8800000000000007,0.0040000000000000036,0.0,0.0025402406238104617,0.0008572182782026287,4.92998297006181e-06,0.0005403450738371889,0.8018424123160566
0.8840000000000007,0.0040000000000000036,0.0,0.002549543528271817,0.0008593918653729801,4.931859484768637e-06,0.0005443907711984169,0.8016646572174202
0.8880000000000007,0.0040000000000000036,0.0,0.0025588091425768713,0.000861579078706689,4.933715060285115e-06,0.0005475832678436854,0.801487526134075
0.8920000000000007,0.0040000000000000036,0.0,0.0025680258775795423,0.0008637766518839907,4.9355488223107305e-06,0.0005499691196678157,0.8013110482327527
0.8960000000000007,0.0040000000000000036,0.0,0.0025771825714259147,0.0008659814565843982,4.937359938879836e-06,0.000551579779865728,0.8011352416431525
0.9000000000000007,0.0040000000000000036,0.0,0.0025862684354697007,0.000868190463751001,4.9391476296916496e-06,0.000552438421956043,0.8009601172957647
0.9040000000000007,0.0040000000000000036,0.0,0.0025952730276078825,0.0008704007230475514,4.940911174187316e-06,0.0005525638951395682,0.8007856814212289
0.9080000000000007,0.0040000000000000036,0.0,0.0026041862406349426,0.0008726093527713253,4.9426499179164215e-06,0.0005519729888162375,0.8006119371794972
0.9120000000000007,0.0040000000000000036,0.0,0.0026129982993006646,0.0008748135356743647,4.944363276959822e-06,0.0005506817049010708,0.8004388857227971
0.9160000000000007,0.0040000000000000036,0.0,0.0026216997617556285,0.0008770105180375665,4.946050740647691e-06,0.0005487059520156401,0.80026652688991
0.9200000000000007,0.0040000000000000036,0.0,0.0026302832714400655,0.0008791975134197053,4.947712509423727e-06,0.0005460134590271719,0.80026652688991
0.9240000000000007,0.0040000000000000036,0.0,0.0026387458858686133,0.0008813720489610517,4.949349782259494e-06,0.000542792494059936,0.8000948596601557
0.9280000000000007,0.0040000000000000036,0.0,0.002647080296978952,0.0008835324985826106,4.950961613516516e-06,0.0005391818498922835,0.7999218158289992
0.9320000000000007,0.0040000000000000036,0.0,0.0026552775876466797,0.0008856772533719203,4.952546644672503e-06,0.0005351248696629938,0.799579078023361
0.9360000000000007,0.0040000000000000036,0.0,0.0026633241598188477,0.0008878037203395872,4.954102907466196e-06,0.0005303282757141297,0.7994111884954201
0.9400000000000007,0.0040000000000000036,0.0,0.0026712113469554376,0.0008899086722391156,4.9556307576740994e-06,0.0005247633610642141,0.7992436279679312
0.9440000000000007,0.0040000000000000036,0.0,0.0026789314819715493,0.0008919893885588823,4.9571305587589776e-06,0.0005185417677902352,0.7990765157055004
0.9480000000000007,0.0040000000000000036,0.0,0.0026864776056224992,0.0008940434613543637,4.958602656692703e-06,0.0005117330489496887,0.7989099286382338
0.9520000000000007,0.0040000000000000036,0.0,0.002693843301247305,0.0008960686850675913,4.960047374669591e-06,0.0005043829906461348,0.7987439161187034
0.9560000000000007,0.0040000000000000036,0.0,0.0027010226036141578,0.0008980629953410182,4.961465017262019e-06,0.0004965242749343934,0.7985785095217233
0.9600000000000007,0.0040000000000000036,0.0,0.002708009949879959,0.0009000244361263056,4.962855878512126e-06,0.0004881826169653229,0.7984137284936095
0.9640000000000007,0.0040000000000000036,0.0,0.00271480015412122,0.0009019511428953066,4.9642202509679895e-06,0.00047938024045918,0.7982495850231881
0.9680000000000007,0.0040000000000000036,0.0,0.002721388394915842,0.0009038413348169124,4.965558433595032e-06,0.00047013779874263814,0.7980860860957523
0.9720000000000008,0.0040000000000000036,0.0,0.0027277702096431015,0.0009056933117613938,4.9668707386977106e-06,0.00046047539716158624,0.7979232354246102
0.9760000000000008,0.0040000000000000036,0.0,0.002733941491906447,0.0009075054537641338,4.968157497038794e-06,0.00045041310352062625,0.7977610345817431
0.9800000000000008,0.0040000000000000036,0.0,0.0027399008274490884,0.0009092770189618067,4.9694195243853885e-06,0.00044036988077576815,0.7977610345817431
0.9840000000000008,0.0040000000000000036,0.0,0.00274564896315306,0.0009110078457175013,4.970657850980205e-06,0.0004298550832860367,0.797436631694994
0.9880000000000008,0.0040000000000000036,0.0,0.0027511753814825333,0.0009126939281116713,4.9718712799180485e-06,0.0004185896049651229,0.7972768427477721
0.9920000000000008,0.0040000000000000036,0.0,0.0027564776051871042,0.0009143341009033323,4.9730603665654854e-06,0.0004070368554097825,0.7971175403781156
0.9960000000000008,0.0040000000000000036,0.0,0.0027615534638044848,0.0009159272613774693,4.974225681027114e-06,0.0003952124690788665,0.7969587778224954
1.0000000000000007,0.0039999999999998925,0.0,0.002766401094010878,0.0009174723705275715,4.9753677967648855e-06,0.00038313250269560384,0.7968005889734618
1.0040000000000007,0.0040000000000000036,0.0,0.0027710189413705463,0.0009189684555340015,4.97648728646521e-06,0.0003708136795596777,0.7966429951106155
1.0080000000000007,0.0040000000000000036,0.0,0.0027754057614367907,0.0009204146125905687,4.977584721500848e-06,0.0003582734316059585,0.7964860092856109
1.0120000000000007,0.0040000000000000036,0.0,0.0027795606204998155,0.0009218100095584016,4.978660672743258e-06,0.0003455298330570382,0.7963296391803758
1.0160000000000007,0.0040000000000000036,0.0,0.0027834828950344588,0.0009231538881932065,4.97971571185507e-06,0.000332601483724716,0.7961738889711657
1.0200000000000007,0.0040000000000000036,0.0,0.0027871722698647856,0.0009244455658507333,4.980750412370163e-06,0.00031950737600750466,0.7960187605448954
1.0240000000000007,0.0040000000000000036,0.0,0.0027906287355753284,0.0009256844366638882,4.981765350473472e-06,0.0003062667642070216,0.7958642542932721
1.0280000000000007,0.0040000000000000036,0.0,0.002793852584616724,0.0009268699722298979,4.9827611053589385e-06,0.0002928990452841966,0.7957103696315796
1.0320000000000007,0.0040000000000000036,0.0,0.002796844406666784,0.0009280017218649392,4.9837382591158735e-06,0.0002794236545884952,0.7955571053377811
1.0360000000000007,0.0040000000000000036,0.0,0.00279960733335131,0.0009290805809239604,4.984697815596252e-06,0.0002664941826204724,0.7955571053377811
1.0400000000000007,0.0040000000000000036,0.0,0.002802150394024477,0.0009301106431705217,4.985641773391969e-06,0.00025451333961447624,0.7955571053377811
1.0440000000000007,0.0040000000000000036,0.0,0.002804480927929262,0.0009310949755598183,4.986571696497689e-06,0.00024324489934194983,0.7955571053377811
1.0480000000000007,0.0040000000000000036,0.0,0.002806605028786617,0.0009320359002383021,4.9874888457710755e-06,0.00023251765316073354,0.7955571053377811
1.0520000000000007,0.0040000000000000036,0.0,0.0028085278705284526,0.0009329352007560937,4.988394285510467e-06,0.00022220789705564627,0.7955571053377811
1.0560000000000007,0.0040000000000000036,0.0,0.0028102539449748076,0.0009337942723726293,4.989288966451157e-06,0.00021222652147196206,0.7955571053377811
1.0600000000000007,0.0040000000000000036,0.0,0.002811771838985414,0.0009346049017039764,4.990171192015987e-06,0.00019784489913478632,0.7946293539171225
1.0640000000000007,0.0040000000000000036,0.0,0.0028130430484233433,0.0009353425036055992,4.991034832882312e-06,0.0001795671930349405,0.7943287275097123
1.0680000000000007,0.0040000000000000036,0.0,0.0028140743797166043,0.0009360097598177759,4.991881433037785e-06,0.00016268965300103824,0.7943287275097123
1.0720000000000007,0.0040000000000000036,0.0,0.002814881918981774,0.0009366154884660829,4.992714295018489e-06,0.00014758953884367668,0.7941850519696989
1.0760000000000007,0.0040000000000000036,0.0,0.0028154740880191355,0.0009371633741909365,4.993534808707888e-06,0.00013327354798963825,0.7940388300180279
1.0800000000000007,0.0040000000000000036,0.0,0.0028158585966316235,0.0009376567078279422,4.994344531605858e-06,0.00012005129364552466,0.7940388300180279
1.0840000000000007,0.0040000000000000036,0.0,0.0028160426988525205,0.000938098565572444,4.995144970875896e-06,0.00010681991405945597,0.793746800789473
1.0880000000000007,0.0040000000000000036,0.0,0.002816024447468348,0.0009384853027808987,4.995935359719447e-06,9.308096681012754e-05,0.7935995359201488
1.0920000000000007,0.0040000000000000036,0.0,0.002815808322606656,0.0009388177778295263,4.996716444616176e-06,7.960203324248206e-05,0.7934549122957084
1.0960000000000008,0.0040000000000000036,0.0,0.0028154012386447007,0.000939098633281593,4.997489330743266e-06,6.71067313683832e-05,0.7934549122957084
1.1000000000000008,0.0040000000000000036,0.0,0.0028148102972254717,0.0009393308319184199,4.998255170973311e-06,5.457093736476646e-05,0.7931668714959719
1.1040000000000008,0.0040000000000000036,0.0,0.002814036200698745,0.000939512189381397,4.999013309815939e-06,4.228597625320004e-05,0.7931668714959719
1.1080000000000008,0.0040000000000000036,0.0,0.002813087651652545,0.0009396470289086585,4.999765409302399e-06,3.058447583992644e-05,0.7930217931780605
1.1120000000000008,0.0040000000000000036,0.0,0.0028119636867049705,0.0009397317836571317,5.0005104412109805e-06,1.7346320727767928e-05,0.7925927810436586
1.1160000000000008,0.0040000000000000036,0.0,0.0028106615994198344,0.0009397602275241118,5.001246196256722e-06,3.602215324828305e-06,0.7924541735364066
1.1200000000000008,0.0040000000000000036,0.0,0.0028091920901195814,0.000939736885799333,5.001973891489903e-06,9.124856446630925e-06,0.7923154228107755
1.1240000000000008,0.0040000000000000036,0.0,0.002807564923467596,0.000939666073221999,5.002694920174041e-06,2.053952190642772e-05,0.7923154228107755
1.1280000000000008,0.0040000000000000036,0.0,0.0028057896715928073,0.0009395528243432437,5.003411102975134e-06,3.1111467658911766e-05,0.7921767738315724
1.1320000000000008,0.0040000000000000036,0.0,0.0028038708119647753,0.0009393976083385868,5.004122448288379e-06,4.160735048006096e-05,0.7920366934154723
1.1360000000000008,0.0040000000000000036,0.0,0.0028018136653771386,0.0009392018653752756,5.004829499744345e-06,5.138967416434615e-05,0.7920366934154723
1.1400000000000008,0.0040000000000000036,0.0,0.0027996240482906706,0.0009389678103293382,5.005533032230948e-06,6.135998325461918e-05,0.7917587537640619
1.1440000000000008,0.0040000000000000036,0.0,0.002797303439368901,0.0009386929690628176,5.00623198509611e-06,7.115932653778204e-05,0.7917587537640619
1.1480000000000008,0.0040000000000000036,0.0,0.0027948574157633656,0.00093837888926768,5.00692685562106e-06,8.165423356354971e-05,0.7913439909522001
1.1520000000000008,0.0040000000000000036,0.0,0.0027922857089596517,0.0009380196997392621,5.007614993933347e-06,9.261390247003802e-05,0.7912101004085657
1.1560000000000008,0.0040000000000000036,0.0,0.0027895995364083824,0.0009376207091201591,5.008297984009719e-06,0.0001021094469681195,0.7912101004085657
1.1600000000000008,0.0040000000000000036,0.0,0.0027868075251895824,0.0009371860648539843,5.0089772735432715e-06,0.00011120957428119061,0.7909407538682769
1.1640000000000008,0.0040000000000000036,0.0,0.002783914982976348,0.0009367155750938364,5.0096522152743324e-06,0.00011975816334868472,0.7909407538682769
1.1680000000000008,0.0040000000000000036,0.0,0.0027809296255521675,0.0009362128582142864,5.010324117839099e-06,0.00012802074169283064,0.7906731951078749
1.1720000000000008,0.0040000000000000036,0.0,0.002777855906266927,0.0009356765568109309,5.010991701249844e-06,0.0001362449462366012,0.7905410882249124
1.1760000000000008,0.0040000000000000036,0.0,0.0027747014472108327,0.0009351091474688682,5.0116555362535655e-06,0.00014388436079028845,0.7904092552405023
1.1800000000000008,0.0040000000000000036,0.0,0.002771473564843902,0.0009345135264819011,5.012316569626835e-06,0.00015060303075477706,0.7904092552405023
1.1840000000000008,0.0040000000000000036,0.0,0.002768178311305241,0.0009338923660187656,5.012975807811163e-06,0.00015721869484160598,0.790145128423674
1.1880000000000008,0.0040000000000000036,0.0,0.002764819864248825,0.0009332447258277512,5.0136322406976864e-06,0.00016349661692086724,0.790145128423674
1.1920000000000008,0.0040000000000000036,0.0,0.002761405287798633,0.000932575247900403,5.014288022637591e-06,0.00016871387221434702,0.790145128423674
1.1960000000000008,0.0040000000000000036,0.0,0.0027579382891797424,0.0009318845358621083,5.014943069531313e-06,0.00017452440849269403,0.7897512198807333
1.2000000000000008,0.0040000000000000036,0.0,0.0027544217582397014,0.0009311683632570022,5.0155942113990975e-06,0.00018066190696878408,0.7896232531821039
1.2040000000000008,0.0040000000000000036,0.0,0.002750864072750409,0.0009304299212836572,5.016242217747851e-06,0.00018605913256693917,0.7894954032932918
1.2080000000000009,0.0040000000000000036,0.0,0.002747272410018505,0.0009296716502646426,5.016887643491663e-06,0.0001908802039178547,0.7893678093441138
1.2120000000000009,0.0040000000000000036,0.0,0.002743653202010759,0.0009288961581798009,5.01753141002826e-06,0.0001949167673415176,0.7893678093441138
1.2160000000000009,0.0040000000000000036,0.0,0.002740011586746578,0.000928106467035227,5.018175027646051e-06,0.00019843014938882424,0.7892405614379862
1.2200000000000009,0.0040000000000000036,0.0,0.002736351714380032,0.0009273031177318697,5.018818163129443e-06,0.00020182783956604574,0.7891121579968479
1.2240000000000009,0.0040000000000000036,0.0,0.002732677554463373,0.0009264865447335598,5.019460580863289e-06,0.00020508979778425203,0.7889845596387384
1.2280000000000009,0.0040000000000000036,0.0,0.002728993676363999,0.0009256570107235062,5.020101633248329e-06,0.00020840065530921238,0.7887314640024814
1.2320000000000009,0.0040000000000000036,0.0,0.0027253058042356858,0.0009248149863354838,5.020740567303435e-06,0.00021125370427126452,0.7887314640024814
1.2360000000000009,0.0040000000000000036,0.0,0.0027216191112613784,0.0009239637162205502,5.021379184318219e-06,0.00021347138621941722,0.7886073889168587
1.2400000000000009,0.0040000000000000036,0.0,0.0027179387447250525,0.0009231040452106657,5.02201684712541e-06,0.0002156292759725866,0.7883572113558956
1.2440000000000009,0.0040000000000000036,0.0,0.0027142705256602093,0.0009222361136003839,5.022652246493382e-06,0.00021754056383091979,0.7882345944750316
1.2480000000000009,0.0040000000000000036,0.0,0.0027106204681899256,0.0009213621113722119,5.023285937908434e-06,0.00021893598309265545,0.7881121759358392
1.252000000000001,0.0040000000000000036,0.0,0.0027069938758276244,0.0009204838157332817,5.023918304342907e-06,0.0002199058447711759,0.7879900587179072
1.256000000000001,0.0040000000000000036,0.0,0.0027033955918432727,0.0009196027581832802,5.024549606645031e-06,0.00022050408973833845,0.7878683093079988
1.260000000000001,0.0040000000000000036,0.0,0.0026998301427642877,0.0009187203211934409,5.025180020644395e-06,0.00022076367366197358,0.7877469703745833
1.264000000000001,0.0040000000000000036,0.0,0.002696301819461906,0.0009178377934548795,5.02580966380143e-06,0.0002207056104405734,0.7876260690414343
1.268000000000001,0.0040000000000000036,0.0,0.0026928147219955475,0.0009169564008705278,5.026438613904695e-06,0.00022034425683075258,0.7875056222892461
1.272000000000001,0.0040000000000000036,0.0,0.0026893722035556864,0.0009160774639225789,5.027067414452703e-06,0.00021962024232019192,0.7875056222892461
1.276000000000001,0.0040000000000000036,0.0,0.0026859764833230045,0.0009152021168384558,5.027696749932119e-06,0.0002187284941851175,0.7872646584324728
1.280000000000001,0.0040000000000000036,0.0,0.002682632597646951,0.0009143307889995435,5.028324941586239e-06,0.00021763204224218124,0.787145978919923
1.284000000000001,0.0040000000000000036,0.0,0.00267934441381625,0.0009134648219710402,5.028952192552012e-06,0.0002162114136588489,0.7870276513560843
1.288000000000001,0.0040000000000000036,0.0,0.002676115473536751,0.000912605407188568,5.029578643820087e-06,0.0002145001436845873,0.7869097189879192
1.292000000000001,0.0040000000000000036,0.0,0.002672949070291546,0.000911753637596111,5.030204389425768e-06,0.00021252055843596967,0.7867922093375034
1.296000000000001,0.0040000000000000036,0.0,0.002669847554096253,0.0009109104980189295,5.030829957749967e-06,0.00021030827101928485,0.7867922093375034
1.300000000000001,0.0040000000000000036,0.0,0.0026668121902892676,0.0009100767458071248,5.0314560066292115e-06,0.00020791148119845684,0.7865570855479361
1.304000000000001,0.0040000000000000036,0.0,0.0026638478057019973,0.0009092533011551959,5.032080935771655e-06,0.00020526355201967632,0.7864412714336472
1.308000000000001,0.0040000000000000036,0.0,0.0026609571936145483,0.0009084412007051297,5.032704929269486e-06,0.00020236450768325903,0.7863257968608642
1.312000000000001,0.0040000000000000036,0.0,0.0026581428862005965,0.0009076413723501985,5.033328112867473e-06,0.00019923888498042476,0.7862107053303475
1.316000000000001,0.0040000000000000036,0.0,0.002655407205114247,0.0009068546692228092,5.033950567646125e-06,0.00019590387386061046,0.7860960245430912
1.320000000000001,0.0040000000000000036,0.0,0.002652752290206246,0.0009060818888062077,5.034572341612756e-06,0.00019237255614304048,0.7859817719000955
1.324000000000001,0.0040000000000000036,0.0,0.0026501801155376908,0.000905323783419202,5.035193458976157e-06,0.00018865577816450357,0.7858679580874638
1.328000000000001,0.0040000000000000036,0.0,0.0026476924980035317,0.0009045810657613106,5.035813927293331e-06,0.00018476321846347914,0.7857545894141634
1.332000000000001,0.0040000000000000036,0.0,0.0026452911023738864,0.0009038544116821576,5.0364337426818585e-06,0.00018070398399024114,0.7856416693367921
1.336000000000001,0.0040000000000000036,0.0,0.002642977443737332,0.0009031444614348859,5.0370528935731725e-06,0.00017648693255018142,0.7855291994542906
1.340000000000001,0.0040000000000000036,0.0,0.002640752889474882,0.0009024518201388909,5.037671363466423e-06,0.00017212083820334663,0.7854171801569414
1.344000000000001,0.0040000000000000036,0.0,0.0026386186605529046,0.0009017770578628709,5.03828913269501e-06,0.00016761446813970027,0.7853056110498033
1.348000000000001,0.0040000000000000036,0.0,0.0026365758325115492,0.0009011207095557624,5.038906179775504e-06,0.000162976610916644,0.7851944912289974
1.352000000000001,0.0040000000000000036,0.0,0.002634625337202025,0.0009004832749472114,5.039522482345691e-06,0.00015821607900799,0.7850838194619363
1.356000000000001,0.0040000000000000036,0.0,0.002632767963759701,0.0008998652184790218,5.040138017672017e-06,0.0001533416986477416,0.7849735943048611
1.360000000000001,0.0040000000000000036,0.0,0.0026310043606666317,0.0008992669692954924,5.040752763108015e-06,0.0001483622941437724,0.7848638141794856
1.364000000000001,0.0040000000000000036,0.0,0.0026293350373890463,0.0008986889213025178,5.0413666963776835e-06,0.00014328667048098327,0.784754477422935
1.368000000000001,0.0040000000000000036,0.0,0.0026277603665171814,0.0008981314332961052,5.041979795733247e-06,0.00013812359613067716,0.7846455823202687
1.372000000000001,0.0040000000000000036,0.0,0.0026262805859441378,0.0008975948291566465,5.042592040116841e-06,0.00013288178692751835,0.7845371271256404
1.376000000000001,0.0040000000000000036,0.0,0.002624895801167563,0.0008970793981036477,5.043203409219631e-06,0.00012756989131607234,0.784429110076057
1.380000000000001,0.0040000000000000036,0.0,0.0026236059880941987,0.000896585395005341,5.043813883591759e-06,0.00012219647697620678,0.7843215294003085
1.384000000000001,0.0040000000000000036,0.0,0.002622410995331278,0.0008961130407379783,5.044423444656959e-06,0.00011677001871573025,0.7842143833247549
1.388000000000001,0.0040000000000000036,0.0,0.0026213105474011188,0.000895662522590202,5.045032074786675e-06,0.00011129888747080978,0.7841076700770706
1.392000000000001,0.0040000000000000036,0.0,0.0026203042473540777,0.000895233994708569,5.045639757302819e-06,0.00010579134024675631,0.7840013878886559
1.396000000000001,0.0040000000000000036,0.0,0.0026193915798351348,0.0008948275785809055,5.046246476495281e-06,0.0001002555108577962,0.7838955349961935
1.400000000000001,0.0040000000000000036,0.0,0.002618571064435986,0.0008944428558903647,5.0468525542384e-06,9.495329021651794e-05,0.7838955349961935
1.404000000000001,0.0040000000000000036,0.0,0.002617839029693827,0.0008940781346374674,5.047459112745428e-06,9.004332981071044e-05,0.7838955349961935
1.408000000000001,0.0040000000000000036,0.0,0.002617195244426377,0.0008937338291527217,5.048065898644268e-06,8.458644041104691e-05,0.7835769719227613
1.412000000000001,0.0040000000000000036,0.0,0.0026166446716453635,0.0008934135415780819,5.0486706659068236e-06,7.862949625683065e-05,0.7834736479183424
1.416000000000001,0.0040000000000000036,0.0,0.002616185256892525,0.000893116605984877,5.049273715354824e-06,7.282329352612603e-05,0.783370457647573
1.420000000000001,0.0040000000000000036,0.0,0.0026158152162839236,0.0008928425623513534,5.049875295139661e-06,6.712302545275868e-05,0.7832674992672092
1.424000000000001,0.0040000000000000036,0.0,0.002615532899962085,0.0008925910679729091,5.050475594441042e-06,6.150342675247355e-05,0.7831648361252488
1.428000000000001,0.0040000000000000036,0.0,0.0026153367100986633,0.0008923618435149995,5.05107474845382e-06,5.595114154922255e-05,0.7830625089146643
1.432000000000001,0.0040000000000000036,0.0,0.002615225051742074,0.0008921546400392758,5.05167284750583e-06,5.0460096338537145e-05,0.7829605435775695
1.436000000000001,0.0040000000000000036,0.0,0.002615196303664474,0.0008919692188146676,5.0522699469280296e-06,4.5028675313014246e-05,0.7828589564485224
1.440000000000001,0.0040000000000000036,0.0,0.0026152488013848584,0.0008918053389777091,5.052866076045525e-06,3.9657983589069e-05,0.7827577576029672
1.444000000000001,0.0040000000000000036,0.0,0.002615380827925449,0.0008916627500478269,5.053461245661429e-06,3.435077146363378e-05,0.7826569530381721
1.448000000000001,0.0040000000000000036,0.0,0.0026155899468321715,0.0008915406504503436,5.05405573664138e-06,2.9379310344254592e-05,0.7826569530381721
1.452000000000001,0.0040000000000000036,0.0,0.0026158736421287667,0.0008914380982184921,5.0546499311288395e-06,2.4317586069321553e-05,0.7824553144169268
1.456000000000001,0.0040000000000000036,0.0,0.002616232554951331,0.0008913567622450492,5.05524283248675e-06,1.905513329352468e-05,0.7823560017673218
1.460000000000001,0.0040000000000000036,0.0,0.0026166642757378218,0.0008912960268663619,5.055834508351036e-06,1.3939056165787976e-05,0.7822569864322002
1.464000000000001,0.0040000000000000036,0.0,0.002617166521214152,0.0008912553745474657,5.0564250201598225e-06,8.948452869039906e-06,0.7821583032486261
1.468000000000001,0.0040000000000000036,0.0,0.002617737065827195,0.0008912343399392429,5.057014416521765e-06,4.07315451923208e-06,0.7820599743424681
1.472000000000001,0.0040000000000000036,0.0,0.002618373166300443,0.0008912319708085726,5.057602991923797e-06,4.6505843759023305e-07,0.7820599743424681
1.476000000000001,0.0040000000000000036,0.0,0.0026190721797553435,0.0008912472283320575,5.0581911315301675e-06,5.010184162914523e-06,0.7818632363617973
1.480000000000001,0.0040000000000000036,0.0,0.0026198340259148294,0.0008912815755629553,5.058777945196274e-06,9.731099956421448e-06,0.7817663213999678
1.484000000000001,0.0040000000000000036,0.0,0.0026206555267542916,0.0008913337864074094,5.059363761981656e-06,1.4034764592916761e-05,0.7817663213999678
1.488000000000001,0.0040000000000000036,0.0,0.002621533832776204,0.000891402670370672,5.0599490046908154e-06,1.834351663948866e-05,0.7815722056242298
1.492000000000001,0.0040000000000000036,0.0,0.0026224683467101807,0.0008914894482945435,5.060532864874898e-06,2.2759798900274816e-05,0.7814765230561708
1.496000000000001,0.0040000000000000036,0.0,0.0026234561759864786,0.0008915932834364121,5.061115456872834e-06,2.6977364968731224e-05,0.7813811003275712
1.500000000000001,0.0040000000000000036,0.0,0.0026244946325795064,0.0008917134747048024,5.0616968819090885e-06,3.10256409320407e-05,0.7812859803148886
1.5040000000000011,0.0040000000000000036,0.0,0.0026255811449075834,0.0008918493980416831,5.0622772206245e-06,3.4921220385768466e-05,0.7811911904119452
1.5080000000000011,0.0040000000000000036,0.0,0.0026267132066901174,0.0008920004716770253,5.06285653269047e-06,3.8673100813325706e-05,0.7810967479394625
1.5120000000000011,0.0040000000000000036,0.0,0.0026278883476013493,0.0008921661356767144,5.063434859564813e-06,4.228582033921681e-05,0.7810026636615476
1.5160000000000011,0.0040000000000000036,0.0,0.002629104117182711,0.00089234584005616,5.064012228329811e-06,4.5761337675763285e-05,0.7809089440729776
1.5200000000000011,0.0040000000000000036,0.0,0.002630358076577998,0.0008925390380276608,5.064588655564207e-06,4.9100158592342655e-05,0.7808155928878224
1.5240000000000011,0.0040000000000000036,0.0,0.0026316475481098054,0.0008927447827244227,5.06516437702637e-06,5.2102189005292676e-05,0.7808155928878224
1.5280000000000011,0.0040000000000000036,0.0,0.0026329701678404808,0.0008929620910767359,5.065739717654357e-06,5.5110479263912444e-05,0.780628871417194
1.5320000000000011,0.0040000000000000036,0.0,0.0026343245555915185,0.000893191572748337,5.066314114878814e-06,5.800856618779449e-05,0.780628871417194
1.5360000000000011,0.0040000000000000036,0.0,0.00263570804237611,0.0008934320191271138,5.066887942953006e-06,6.083848464485545e-05,0.7804440964062836
1.5400000000000011,0.0040000000000000036,0.0,0.0026371187960142917,0.0008936837371604707,5.067460709366362e-06,6.351237692863407e-05,0.7804440964062836
1.5440000000000011,0.0040000000000000036,0.0,0.002638554129873106,0.0008939454771814739,5.068032840212423e-06,6.609251066849592e-05,0.7802609984488326
1.5480000000000012,0.0040000000000000036,0.0,0.0026400120341898143,0.000894217416162,5.068603898617434e-06,6.850353598837947e-05,0.7802609984488326
1.5520000000000012,0.0040000000000000036,0.0,0.0026414896788954636,0.0008944976726137186,5.069174776023157e-06,7.0484840333723e-05,0.7802609984488326
1.5560000000000012,0.0040000000000000036,0.0,0.002642985514742419,0.0008947859551148059,5.0697454684849875e-06,7.268265226775435e-05,0.7799876688149614
1.5600000000000012,0.0040000000000000036,0.0,0.0026444981615052106,0.0008950838515905399,5.070314624939279e-06,7.499569168061106e-05,0.7798988270097676
1.5640000000000012,0.0040000000000000036,0.0,0.00264602427918145,0.0008953898489185621,5.070882708555854e-06,7.689269477946006e-05,0.7798988270097676
1.5680000000000012,0.0040000000000000036,0.0,0.002647561352600608,0.0008957024557640709,5.0714504687088175e-06,7.851548564239795e-05,0.7798100628516033
1.5720000000000012,0.0040000000000000036,0.0,0.0026491074064473956,0.0008960215357141662,5.0720176595823475e-06,8.018758716062509e-05,0.7796312133122756
1.5760000000000012,0.0040000000000000036,0.0,0.0026506602698670575,0.0008963473244609423,5.072583727786977e-06,8.179573151074283e-05,0.7795435726086085
1.5800000000000012,0.0040000000000000036,0.0,0.0026522171325434607,0.0008966788337886643,5.073148882558905e-06,8.31711104810766e-05,0.7794560873402452
1.5840000000000012,0.0040000000000000036,0.0,0.0026537755000585654,0.0008970152624273588,5.073713298322162e-06,8.435463413335089e-05,0.7793688257821239
1.5880000000000012,0.0040000000000000036,0.0,0.002655333079601949,0.0008973559201123821,5.074277105198987e-06,8.53706371879742e-05,0.7792818319418846
1.5920000000000012,0.0040000000000000036,0.0,0.002656887713109891,0.0008977001832132277,5.074840391018922e-06,8.623379333484744e-05,0.7791951340340435
1.5960000000000012,0.0040000000000000036,0.0,0.0026584373397293515,0.0008980474690790954,5.075403207997426e-06,8.695321047216521e-05,0.779108749988837
1.6000000000000012,0.0040000000000000036,0.0,0.0026599799744674722,0.000898397221438567,5.075965580847969e-06,8.753484584533692e-05,0.7790226910356951
1.6040000000000012,0.0040000000000000036,0.0,0.0026615138429545537,0.0008987487627199317,5.076527731126338e-06,8.791311779239353e-05,0.7790226910356951
1.6080000000000012,0.0040000000000000036,0.0,0.0026630376410538207,0.0008991014717886495,5.077089957410444e-06,8.82333019641729e-05,0.7788505312324825
1.6120000000000012,0.0040000000000000036,0.0,0.002664549343634829,0.0008994554141988067,5.077651490350769e-06,8.849729166650637e-05,0.7787657288528494
1.6160000000000012,0.0040000000000000036,0.0,0.002666046972238586,0.0008998099371402717,5.078212364511982e-06,8.860380392122872e-05,0.7786811789972026
1.6200000000000012,0.0040000000000000036,0.0,0.002667528703476528,0.0009001644641466915,5.078772618982801e-06,8.856979560243509e-05,0.7785969119295607
1.6240000000000012,0.0040000000000000036,0.0,0.002668992827395644,0.0009005184673956773,5.079332287788778e-06,8.840618771814915e-05,0.7785129468898364
1.6280000000000012,0.0040000000000000036,0.0,0.0026704379527264987,0.0009008713905308839,5.079891616438991e-06,8.808983575956841e-05,0.7785129468898364
1.6320000000000012,0.0040000000000000036,0.0,0.0026718631606984485,0.0009012227577071321,5.080450932929831e-06,8.770387889801289e-05,0.7783449497906133
1.6360000000000012,0.0040000000000000036,0.0,0.0026732664235395664,0.0009015724022660976,5.081009486572433e-06,8.723631791471452e-05,0.7782621907833859
1.6400000000000012,0.0040000000000000036,0.0,0.002674646174282884,0.0009019197820174443,5.081567341599445e-06,8.66377517621373e-05,0.7781796755603821
1.6440000000000012,0.0040000000000000036,0.0,0.002676000979287816,0.0009022644157648066,5.082124563342291e-06,8.592182017930492e-05,0.7780974346235329
1.6480000000000012,0.0040000000000000036,0.0,0.002677329506500662,0.0009026058624396155,5.082681208816708e-06,8.50976240827452e-05,0.778015487379085
1.6520000000000012,0.0040000000000000036,0.0,0.0026786305077869956,0.0009029437090858057,5.083237324023527e-06,8.41716615245712e-05,0.7779338460167188
1.6560000000000012,0.0040000000000000036,0.0,0.002679902808448755,0.000903277564065055,5.083792944400429e-06,8.31489673879997e-05,0.7778525180301255
1.6600000000000013,0.0040000000000000036,0.0,0.0026811453016227587,0.0009036070533165206,5.084348096593458e-06,8.20337783976218e-05,0.7777715078559019
1.6640000000000013,0.0040000000000000036,0.0,0.0026823569455572517,0.0009039318183828594,5.0849028005298346e-06,8.082991616615121e-05,0.7776908179398178
1.6680000000000013,0.0040000000000000036,0.0,0.0026835367616886933,0.0009042515154401261,5.085457071521629e-06,7.954100364845518e-05,0.7776104494309604
1.6720000000000013,0.0040000000000000036,0.0,0.002684683833930161,0.0009045658148835004,5.086010921846903e-06,7.81705839224753e-05,0.7775304026338749
1.6760000000000013,0.0040000000000000036,0.0,0.0026857973084654487,0.0009048744012081302,5.0865643621862895e-06,7.67221823244888e-05,0.7774506773032835
1.6800000000000013,0.0040000000000000036,0.0,0.0026868767270066506,0.0009051770534857784,5.087117637187674e-06,7.523953654719094e-05,0.7774506773032835
1.6840000000000013,0.0040000000000000036,0.0,0.0026879223392098288,0.0009054737234466713,5.0876713244414416e-06,7.372639266403065e-05,0.7773712728362677
1.6880000000000013,0.0040000000000000036,0.0,0.002688933431531396,0.0009057641459298737,5.088225198325029e-06,7.214781083929669e-05,0.7772912223579399
1.6920000000000013,0.0040000000000000036,0.0,0.002689908984970905,0.0009060479566831972,5.088778844603629e-06,7.045078257589209e-05,0.7771326870988347
1.6960000000000013,0.0040000000000000036,0.0,0.002690847376794499,0.0009063245965256308,5.089331571335261e-06,6.864282503402669e-05,0.7770550431492814
1.7000000000000013,0.0040000000000000036,0.0,0.0026917481411468437,0.0009065938452203495,5.0898835755066904e-06,6.678131969748213e-05,0.7769775470576274
1.7040000000000013,0.0040000000000000036,0.0,0.0026926108781926577,0.0009068555031914962,5.090435032791811e-06,6.487100372591977e-05,0.7769002559973663
1.7080000000000013,0.0040000000000000036,0.0,0.002693435246530676,0.0009071093862927524,5.0909860854938645e-06,6.291551870445338e-05,0.7768232067684537
1.7120000000000013,0.0040000000000000036,0.0,0.0026942209592194168,0.0009073553232608584,5.0915368414214146e-06,6.091799064583042e-05,0.7767464229185476
1.7160000000000013,0.0040000000000000036,0.0,0.0026949677817990833,0.0009075931546787291,5.092087377722435e-06,5.888135198364551e-05,0.7766699193706428
1.7200000000000013,0.0040000000000000036,0.0,0.002695675531604784,0.0009078227327385799,5.0926377463983576e-06,5.680850873721971e-05,0.7765937054320858
1.7240000000000013,0.0040000000000000036,0.0,0.0026963440775448866,0.000908043921387989,5.093187979912628e-06,5.47024173796228e-05,0.7765177867522431
1.7280000000000013,0.0040000000000000036,0.0,0.0026969733398085087,0.0009082565966222085,5.093738096283848e-06,5.2566111024135006e-05,0.7764421665968898
1.7320000000000013,0.0040000000000000036,0.0,0.002697563289584587,0.000908460646795041,5.09428810324516e-06,5.040269873564075e-05,0.7763668466782426
1.7360000000000013,0.0040000000000000036,0.0,0.002698113948874767,0.0009086559728848851,5.094838001673385e-06,4.8215351904568784e-05,0.7762918276958894
1.7400000000000013,0.0040000000000000036,0.0,0.0026986253899062406,0.0009088424886892605,5.095387788097515e-06,4.600728556904543e-05,0.7762171096894888
1.7440000000000013,0.0040000000000000036,0.0,0.002699097734432878,0.0009090201209411621,5.095937456555152e-06,4.378173892112395e-05,0.7761426922688746
1.7480000000000013,0.0040000000000000036,0.0,0.0026995311528834305,0.0009091888093507849,5.096486999991476e-06,4.154195709782889e-05,0.7760685747642723
1.7520000000000013,0.0040000000000000036,0.0,0.002699925863562274,0.000909348506580669,5.097036411226323e-06,3.929117513585176e-05,0.7759947563244117
1.7560000000000013,0.0040000000000000036,0.0,0.0027002821313266614,0.0009094991781637295,5.097585683437418e-06,3.703260430977587e-05,0.7759212359806394
1.7600000000000013,0.0040000000000000036,0.0,0.0027006002667683115,0.0009096408023733904,5.098134810676514e-06,3.476942072930446e-05,0.7758480126888742
1.7640000000000013,0.0040000000000000036,0.0,0.002700880624541897,0.0009097733700541259,5.098683787994506e-06,3.25047559455955e-05,0.7757750853570374
1.7680000000000013,0.0040000000000000036,0.0,0.002701123602484653,0.000909896884419449,5.099232611471092e-06,3.0241689241661456e-05,0.7757024528630326
1.7720000000000014,0.0040000000000000036,0.0,0.002701329640005313,0.0009100113608231874,5.099781278224617e-06,2.7983241326487693e-05,0.7756301140665222
1.7760000000000014,0.0040000000000000036,0.0,0.002701499216646344,0.0009101168265087844,5.100329786331205e-06,2.573236916487991e-05,0.7755580678166547
1.7800000000000014,0.0040000000000000036,0.0,0.0027016328508598204,0.0009102133203403958,5.100878134734587e-06,2.3491961732803122e-05,0.7754863129571312
1.7840000000000014,0.0040000000000000036,0.0,0.0027017310983387345,0.0009103008925187944,5.101426323083986e-06,2.1264836535908796e-05,0.7754148483295299
1.7880000000000014,0.0040000000000000036,0.0,0.0027017945506428785,0.0009103796042844678,5.101974351529662e-06,1.905373678948987e-05,0.77534367277549
1.7920000000000014,0.0040000000000000036,0.0,0.002701823833502174,0.0009104495276098094,5.102522220678758e-06,1.6861329231457916e-05,0.7752727851381515
1.7960000000000014,0.0040000000000000036,0.0,0.0027018196055775424,0.0009105107448819344,5.1030699314318815e-06,1.4690202659917764e-05,0.7752021842630893
1.8000000000000014,0.0040000000000000036,0.0,0.002701782556651334,0.0009105633485773613,5.103617484875404e-06,1.2542867541968439e-05,0.775131868998932
1.8040000000000014,0.0040000000000000036,0.0,0.0027017134060684745,0.0009106074409295957,5.104164882088851e-06,1.0421757701315274e-05,0.7750618381977581
1.8080000000000014,0.0040000000000000036,0.0,0.002701612901468754,0.0009106431335904892,5.1047121240970775e-06,8.329237137525836e-06,0.7749920907153593
1.8120000000000014,0.0040000000000000036,0.0,0.002701481816823374,0.000910670547286135,5.105259211790751e-06,6.267622883387522e-06,0.7749226254114132
1.8160000000000014,0.0040000000000000036,0.0,0.0027013209510900553,0.0009106898114679786,5.1058061458547766e-06,4.2392755142217915e-06,0.7748534411495787
1.8200000000000014,0.0040000000000000036,0.0,0.0027011311267053514,0.0009107010639597632,5.106352926678163e-06,2.2471677513171108e-06,0.7747845367975681
1.8240000000000014,0.0040000000000000036,0.0,0.002700913187707968,0.0009107044506008687,5.106899554315432e-06,3.170001387062957e-07,0.7747159112271819
1.8280000000000014,0.0040000000000000036,0.0,0.002700667998520013,0.0009107001248866103,5.107446028436452e-06,1.6380789009558086e-06,0.7746475633143313
1.8320000000000014,0.0040000000000000036,0.0,0.0027003964421525857,0.0009106882476060004,5.1079923482949875e-06,3.512586393138102e-06,0.7745794919390477
1.8360000000000014,0.0040000000000000036,0.0,0.002700099418698261,0.0009106689864774821,5.108538512709122e-06,5.346868216740354e-06,0.7745116959854838
1.8400000000000014,0.0040000000000000036,0.0,0.00269977784386339,0.0009106425157831375,5.109084520029625e-06,7.137635759902533e-06,0.7744441743419107
1.8440000000000014,0.0040000000000000036,0.0,0.0026994326473341237,0.0009106090160018401,5.109630368171671e-06,8.883068838913773e-06,0.7743769259007147
1.8480000000000014,0.0040000000000000036,0.0,0.0026990647713457335,0.0009105686734418404,5.110176054570106e-06,1.0581640333985125e-05,0.7743099495583858
1.8520000000000014,0.0040000000000000036,0.0,0.0026986753092885017,0.0009105218575817799,5.1107218646500696e-06,1.2143167717319818e-05,0.7743099495583858
1.8560000000000014,0.0040000000000000036,0.0,0.0026982655824314273,0.0009104693451211887,5.1112687748009324e-06,1.3526450809894428e-05,0.7743099495583858
1.8600000000000014,0.0040000000000000036,0.0,0.0026978362604327694,0.0009104113178076001,5.111816889976255e-06,1.4970664020914242e-05,0.7741759931771265
1.8640000000000014,0.0040000000000000036,0.0,0.002697387234618865,0.0009103469175951236,5.112364702447062e-06,1.6608853236170537e-05,0.7740421858776999
1.8680000000000014,0.0040000000000000036,0.0,0.0026969191427365534,0.0009102758433115043,5.112911434835894e-06,1.8237788757825952e-05,0.7739770981760739
1.8720000000000014,0.0040000000000000036,0.0,0.0026964334900941994,0.0009101986484971941,5.113457392014535e-06,1.973872125565385e-05,0.7739120876185707
1.8760000000000014,0.0040000000000000036,0.0,0.002695931573313445,0.0009101157514833176,5.1140028127630015e-06,2.1141156821493772e-05,0.7738472188445864
1.8800000000000014,0.0040000000000000036,0.0,0.0026954145651555553,0.0009100274915281667,5.114547871685567e-06,2.246232044988698e-05,0.7737825335545633
1.8840000000000015,0.0040000000000000036,0.0,0.00269488356440593,0.0009099341619796587,5.115092688117106e-06,2.3712187909558095e-05,0.7737180585303275
1.8880000000000015,0.0040000000000000036,0.0,0.002694339624706645,0.0009098360298040365,5.115637337148801e-06,2.489647214985617e-05,0.773653810847351
1.8920000000000015,0.0040000000000000036,0.0,0.0026937837712565143,0.0009097333470162598,5.116181859883977e-06,2.6018397031248418e-05,0.773589801263843
1.8960000000000015,0.0040000000000000036,0.0,0.0026932170098987796,0.0009096263572993879,5.116726272480853e-06,2.707975071854501e-05,0.7735260364255031
1.9000000000000015,0.0040000000000000036,0.0,0.0026926403323389997,0.0009095152997682848,5.117270573305668e-06,2.8081510562454518e-05,0.7734625203004054
1.9040000000000015,0.0040000000000000036,0.0,0.0026920547183955546,0.00090940041104187,5.117814748701583e-06,2.902421285592684e-05,0.773399255113257
1.9080000000000015,0.0040000000000000036,0.0,0.0026914611476949626,0.0009092820387033129,5.118359068271329e-06,2.9852026528693818e-05,0.773399255113257
1.9120000000000015,0.0040000000000000036,0.0,0.002690860426744347,0.0009091605238656914,5.118903905783245e-06,3.066801061735992e-05,0.7732727098642326
1.9160000000000015,0.0040000000000000036,0.0,0.002690253321276177,0.0009090356575141042,5.119448227332191e-06,3.148354084449799e-05,0.7732103884837545
1.9200000000000015,0.0040000000000000036,0.0,0.0026896409105093646,0.0009089077678047447,5.119992098644072e-06,3.222018838777827e-05,0.7731482539693683
1.9240000000000015,0.0040000000000000036,0.0,0.0026890241735386643,0.0009087772295068446,5.1205358570677706e-06,3.2843071407506065e-05,0.7731482539693683
1.9280000000000015,0.0040000000000000036,0.0,0.0026884038679909975,0.0009086443799469772,5.121079930356152e-06,3.344153952647248e-05,0.7730238674604085
1.9320000000000015,0.0040000000000000036,0.0,0.002687780869031934,0.0009085091117711948,5.121623339107451e-06,3.4024236148905035e-05,0.7729625802871982
1.9360000000000015,0.0040000000000000036,0.0,0.002687156196821209,0.0009083717458804102,5.122166182518683e-06,3.452992150806803e-05,0.7729014662053559
1.9400000000000015,0.0040000000000000036,0.0,0.002686530794977146,0.0009082325610387959,5.122708534047881e-06,3.4967837792266327e-05,0.7728405506295759
1.9440000000000015,0.0040000000000000036,0.0,0.002685905555582467,0.0009080918106379483,5.123250442978186e-06,3.534357785266055e-05,0.7727798497495435
1.9480000000000015,0.0040000000000000036,0.0,0.002685281333306577,0.0009079497323909141,5.123791938251324e-06,3.56606303399083e-05,0.7727193737568417
1.9520000000000015,0.0040000000000000036,0.0,0.002684658953341578,0.0009078065538673765,5.1243330330541865e-06,3.5921287870655106e-05,0.7726591289418911
1.9560000000000015,0.0040000000000000036,0.0,0.002684039215748216,0.0009076624955896077,5.124873728978137e-06,3.612717902023388e-05,0.7725991190572551
1.9600000000000015,0.0040000000000000036,0.0,0.0026834228974473924,0.0009075177727048091,5.125414019562018e-06,3.627957822972874e-05,0.7725393462044414
1.9640000000000015,0.0040000000000000036,0.0,0.00268281075338479,0.0009073725958330298,5.125953893053739e-06,3.6379584773837336e-05,0.7724798114109795
1.9680000000000015,0.0040000000000000036,0.0,0.002682203516577762,0.0009072271714433638,5.126493334578116e-06,3.6428224735965376e-05,0.7724205150061088
1.9720000000000015,0.0040000000000000036,0.0,0.002681601793290628,0.0009070817267035394,5.127032606837063e-06,3.641418613139304e-05,0.7724205150061088
1.9760000000000015,0.0040000000000000036,0.0,0.002681005991653026,0.0009069364575611594,5.127572077691352e-06,3.6371656453878155e-05,0.7723019132491581
1.9800000000000015,0.0040000000000000036,0.0,0.0026804170313650534,0.0009067914360120239,5.128110766078822e-06,3.629351995219479e-05,0.772243505871213
1.9840000000000015,0.0040000000000000036,0.0,0.00267983562619891,0.0009066468997827722,5.128648746032598e-06,3.615792448572682e-05,0.772185273986316
1.9880000000000015,0.0040000000000000036,0.0,0.002679262306793012,0.0009065030629783185,5.1291863515789446e-06,3.596944164913496e-05,0.772185273986316
1.9920000000000015,0.0040000000000000036,0.0,0.0026786972732202262,0.000906360100116399,5.1297242839540965e-06,3.5742705202850296e-05,0.772127238093746
1.9960000000000016,0.0040000000000000036,0.0,0.0026781411671012857,0.0009062181333543963,5.130262014704322e-06,3.5487318472468206e-05,0.7720105459748431
2.0000000000000013,0.0039999999999997815,0.0,0.002677594756056243,0.0009060772944892524,5.1307989557845945e-06,3.519397718857049e-05,0.7720105459748431
2.004000000000001,0.0039999999999995595,0.0,0.0026770581945736423,0.0009059377439772521,5.13133592244802e-06,3.4860689065963124e-05,0.7719534453219911
2.0080000000000005,0.0039999999999995595,0.0,0.0026765321455366835,0.0009057996587426326,5.131872498377414e-06,3.4481739479150044e-05,0.7718384204397535
2.012,0.0039999999999995595,0.0,0.002676017527340266,0.0009056632437497577,5.132407920395888e-06,3.405070180625456e-05,0.7717820744253604
2.0159999999999996,0.0039999999999995595,0.0,0.002675514847848756,0.0009055286913810102,5.132942414316804e-06,3.357372302543726e-05,0.7717258302669248
2.019999999999999,0.0039999999999995595,0.0,0.0026750244003315975,0.0009053961314053105,5.13347641565764e-06,3.307429012683686e-05,0.7717258302669248
2.0239999999999987,0.0039999999999995595,0.0,0.002674546285083168,0.0009052656406872083,5.134010410375601e-06,3.2539794054453234e-05,0.7716131193231353
2.0279999999999982,0.0039999999999995595,0.0,0.002674081355311437,0.0009051374550944312,5.134543565654114e-06,3.195406083726276e-05,0.7715575522910959
2.031999999999998,0.0039999999999995595,0.0,0.0026736298069167724,0.000905011665641169,5.135076273024855e-06,3.135811765211971e-05,0.7715575522910959
2.0359999999999974,0.0039999999999995595,0.0,0.002673191496002858,0.0009048882667241045,5.135609252866023e-06,3.075206418778522e-05,0.7715021300234823
2.039999999999997,0.0039999999999995595,0.0,0.0026727669261305993,0.0009047674346496889,5.136142034719706e-06,3.008978607169578e-05,0.7713906201152004
2.0439999999999965,0.0039999999999995595,0.0,0.002672356879074694,0.0009046494289749098,5.1366738171602464e-06,2.9376127679424987e-05,0.7713360341921808
2.047999999999996,0.0039999999999995595,0.0,0.0026719615942894744,0.0009045343510796809,5.13720476614757e-06,2.8637780722251835e-05,0.771281560532391
2.0519999999999956,0.0039999999999995595,0.0,0.002671581284116965,0.0009044222937084152,5.1377350082746715e-06,2.7876689244411974e-05,0.7712272365631765
2.055999999999995,0.0039999999999995595,0.0,0.0026712159664659257,0.0009043132772902151,5.1382648851538356e-06,2.7127426128769298e-05,0.7712272365631765
2.0599999999999947,0.0039999999999995595,0.0,0.0026708655178378496,0.0009042072804813388,5.138794803981275e-06,2.6346888528213494e-05,0.7711184620470752
2.0639999999999943,0.0039999999999995595,0.0,0.0026705306398135775,0.0009041046021332703,5.139323917124406e-06,2.5513254987100093e-05,0.7710648605356554
2.067999999999994,0.0039999999999995595,0.0,0.0026702114316358564,0.0009040053002394472,5.139852313408158e-06,2.4665170843312362e-05,0.7710114077231438
2.0719999999999934,0.0039999999999995595,0.0,0.0026699079775998166,0.0009039094317917335,5.140380058140919e-06,2.38029571818907e-05,0.7709581267536921
2.075999999999993,0.0039999999999995595,0.0,0.0026696203455419346,0.0009038170516844499,5.140907193915412e-06,2.2927197252016718e-05,0.7709050323684287
2.0799999999999925,0.0039999999999995595,0.0,0.0026693485852045964,0.0009037282118332623,5.141433744302074e-06,2.2038682698361166e-05,0.770852133851165
2.083999999999992,0.0039999999999995595,0.0,0.0026690927275162687,0.0009036429604901537,5.1419597183774775e-06,2.113836570300031e-05,0.7707994369400525
2.0879999999999916,0.0039999999999995595,0.0,0.0026688526138565105,0.0009035612552381198,5.142485358194063e-06,2.0270602362488947e-05,0.7707994369400525
2.091999999999991,0.0039999999999995595,0.0,0.0026686276301740503,0.0009034828327790518,5.143011485191923e-06,1.9464095073228006e-05,0.7707994369400525
2.0959999999999908,0.0039999999999995595,0.0,0.0026684178077142785,0.0009034077765317499,5.143537932264157e-06,1.856251697761905e-05,0.770640805806103
2.0999999999999903,0.0039999999999995595,0.0,0.0026682242451642815,0.000903336718247402,5.144063065116428e-06,1.756772623737926e-05,0.7705893527046914
2.10399999999999,0.0039999999999995595,0.0,0.002668046730846319,0.0009032695925333124,5.14458708028927e-06,1.658727665367371e-05,0.7705379634391122
2.1079999999999894,0.0039999999999995595,0.0,0.0026678850844027028,0.0009032063604994751,5.145110148377315e-06,1.561539291475659e-05,0.7704866881551198
2.111999999999989,0.0039999999999995595,0.0,0.002667739138880227,0.0009031469983017596,5.145632403255828e-06,1.4648846594123458e-05,0.7704355591332231
2.1159999999999886,0.0039999999999995595,0.0,0.0026676087295902985,0.0009030914899673118,5.1461539423999156e-06,1.3686005964591975e-05,0.7703845970615907
2.119999999999988,0.0039999999999995595,0.0,0.002667493687376678,0.0009030398228798111,5.146674831934987e-06,1.2726244859145389e-05,0.7703338151021881
2.1239999999999877,0.0039999999999995595,0.0,0.0026673938344203584,0.0009029919849300653,5.147195113136067e-06,1.176957196644814e-05,0.7702832215282818
2.1279999999999872,0.0039999999999995595,0.0,0.0026673089818337213,0.0009029479627178791,5.147714808642292e-06,1.0816396464906931e-05,0.770232821436332
2.131999999999987,0.0039999999999995595,0.0,0.0026672389280457953,0.0009029077404232898,5.148233927934874e-06,9.867378625097707e-06,0.7701826178577926
2.1359999999999864,0.0039999999999995595,0.0,0.0026671834583119926,0.0009028712991078842,5.148752471761389e-06,8.923333815681478e-06,0.7701326124815878
2.139999999999986,0.0039999999999995595,0.0,0.002667142344432818,0.0009028386162950935,5.149270435467146e-06,7.985170434475802e-06,0.7700828061238272
2.1439999999999855,0.0039999999999995595,0.0,0.0026671153445983397,0.0009028096657333303,5.1497878116576645e-06,7.053849740653494e-06,0.7700331990333739
2.147999999999985,0.0039999999999995595,0.0,0.00266710220377468,0.0009027844172802624,5.150304591915807e-06,6.130360347252253e-06,0.7699837910906914
2.1519999999999846,0.0039999999999995595,0.0,0.0026671026541329793,0.0009027628368682809,5.150820768179221e-06,5.2157035175022734e-06,0.7699345819373297
2.155999999999984,0.0039999999999995595,0.0,0.002667116415187737,0.0009027448865250544,5.151336333411721e-06,4.3108887687115335e-06,0.7698855710602418
2.1599999999999837,0.0039999999999995595,0.0,0.0026671431947267307,0.0009027305244319506,5.151851282277511e-06,3.416945646181001e-06,0.7698367578467525
2.1639999999999833,0.0039999999999995595,0.0,0.002667182688950613,0.0009027197050088403,5.152365611384068e-06,2.5349794023043274e-06,0.7697881416203772
2.167999999999983,0.0039999999999995595,0.0,0.002667234583445506,0.0009027123790175121,5.1528793194059874e-06,1.6664168985109685e-06,0.7697397216641644
2.1719999999999824,0.0039999999999995595,0.0,0.0026672985534899464,0.000902708493678386,5.153392407042586e-06,8.148008889786401e-07,0.7696914972359267
2.175999999999982,0.0039999999999995595,0.0,0.0026673742647367405,0.0009027079927968743,5.153904876992072e-06,1.3385589780915295e-07,0.7696434675781839
2.1799999999999815,0.0039999999999995595,0.0,0.0026674613739365947,0.0009027108168967734,5.15441673378831e-06,8.749064634425256e-07,0.7695956319246297
2.183999999999981,0.0039999999999995595,0.0,0.0026675595294953116,0.0009027169033588377,5.154927983682249e-06,1.6819803171923485e-06,0.7695479895043618
2.1879999999999806,0.0039999999999995595,0.0,0.0026676683721142086,0.0009027261865631767,5.155438634439733e-06,2.4754446062853174e-06,0.7695005395446296
2.19199999999998,0.0039999999999995595,0.0,0.0026677875353887824,0.0009027385980344601,5.155948695176429e-06,3.2523858740871285e-06,0.7694532812726248
2.1959999999999797,0.0039999999999995595,0.0,0.002667916646532022,0.0009027540665891554,5.1564581761876165e-06,4.011674240049518e-06,0.7694062139166495
2.1999999999999793,0.0039999999999995595,0.0,0.0026680553268477133,0.0009027725184841969,5.156967088752321e-06,4.752522503635051e-06,0.7693593367068658
2.203999999999979,0.0039999999999995595,0.0,0.002668203192536297,0.000902793877566589,5.157475444978731e-06,5.4742698789997585e-06,0.7693126488757857
2.2079999999999784,0.0039999999999995595,0.0,0.002668359855167354,0.0009028180654235478,5.157983257692121e-06,6.176326871298328e-06,0.7692661496585812
2.211999999999978,0.0039999999999995595,0.0,0.002668524922359646,0.0009028450015328395,5.1584905402568e-06,6.8581566728915295e-06,0.7692198382932819
2.2159999999999775,0.0039999999999995595,0.0,0.0026686979983773377,0.0009028746034130149,5.158997306497622e-06,7.519267612876161e-06,0.7691737140208987
2.219999999999977,0.0039999999999995595,0.0,0.00266887868472559,0.000902906786773289,5.159503570570671e-06,8.159209618860338e-06,0.7691277760854983
2.2239999999999767,0.0039999999999995595,0.0,0.002669066580745451,0.0009029414656628184,5.160009346847371e-06,8.777572328341408e-06,0.7690820237342415
2.227999999999976,0.0039999999999995595,0.0,0.0026692612840832366,0.0009029785526191699,5.160514649829056e-06,9.373983943216814e-06,0.76903645621741
2.231999999999976,0.0039999999999995595,0.0,0.002669462391533481,0.000903017958815769,5.161019494071742e-06,9.948110428031969e-06,0.7689910727884106
2.2359999999999753,0.0039999999999995595,0.0,0.0026696694408280086,0.0009030595179599176,5.161524097754827e-06,1.0461503136804057e-05,0.7689910727884106
2.239999999999975,0.0039999999999995595,0.0,0.002669882013629001,0.0009031030534599571,5.162028763322448e-06,1.0978360832758916e-05,0.7689003024391362
2.2439999999999745,0.0039999999999995595,0.0,0.0026700999672456577,0.0009031487593891374,5.16253280065862e-06,1.151124590556585e-05,0.7688556010469437
2.247999999999974,0.0039999999999995595,0.0,0.0026703228222317616,0.0009031964924857475,5.163036279530651e-06,1.2009836138569328e-05,0.7688110341173783
2.2519999999999736,0.0039999999999995595,0.0,0.002670550132281158,0.0009032461294045508,5.163539268404511e-06,1.2478484828698765e-05,0.7687666172640227
2.255999999999973,0.0039999999999995595,0.0,0.002670781471958841,0.000903297558509914,5.1640418270066325e-06,1.2919747920539921e-05,0.7687223603653492
2.2599999999999727,0.0039999999999995595,0.0,0.0026710164296326906,0.0009033506750223222,5.164544004117232e-06,1.333512082481283e-05,0.7686782695841283
2.2639999999999723,0.0039999999999995595,0.0,0.0026712546033172088,0.0009034053781768026,5.165045837957633e-06,1.3725480309608318e-05,0.7686343486743852
2.267999999999972,0.0039999999999995595,0.0,0.00267149559834717,0.0009034615695869302,5.165547357669514e-06,1.4091349113035636e-05,0.7685905998279013
2.2719999999999714,0.0039999999999995595,0.0,0.002671739026381517,0.0009035191523294233,5.16604858508675e-06,1.4433053936502848e-05,0.7685470242228911
2.275999999999971,0.0039999999999995595,0.0,0.0026719845047810747,0.0009035780304576573,5.166549536280983e-06,1.4750819342843146e-05,0.7685036223798708
2.2799999999999705,0.0039999999999995595,0.0,0.0026722316565676186,0.0009036381087688302,5.167050223270041e-06,1.5044823156922674e-05,0.7684603943926744
2.28399999999997,0.0039999999999995595,0.0,0.002672480110506993,0.0009036992927196628,5.167550654981935e-06,1.5315228798434898e-05,0.7684173400784399
2.2879999999999696,0.0039999999999995595,0.0,0.0026727295011916017,0.0009037614884278146,5.168050838362113e-06,1.5562203845181123e-05,0.7683744590751557
2.291999999999969,0.0039999999999995595,0.0,0.0026729794694961215,0.000903824602721579,5.168550778935043e-06,1.578593039897676e-05,0.7683317509050375
2.2959999999999687,0.0039999999999995595,0.0,0.00267322966282478,0.000903888543215743,5.169050481388978e-06,1.5986610625373723e-05,0.7682892150158159
2.2999999999999683,0.0039999999999995595,0.0,0.002673479735358001,0.0009039532184006195,5.169549949944058e-06,1.6164469460123482e-05,0.7682468508075929
2.303999999999968,0.0039999999999995595,0.0,0.0026737293483814926,0.0009040185377367133,5.17004918859509e-06,1.631975568004147e-05,0.7682046576503552
2.3079999999999674,0.0039999999999995595,0.0,0.0026739781706562383,0.0009040844117507035,5.170548201276486e-06,1.6452742041270187e-05,0.768162634895378
2.311999999999967,0.0039999999999995595,0.0,0.002674225878663333,0.0009041507521303305,5.171046991990445e-06,1.6563724897871588e-05,0.7681207818826751
2.3159999999999665,0.0039999999999995595,0.0,0.002674472156765293,0.000904217471816847,5.171545564876406e-06,1.6653023536375127e-05,0.7680790979458528
2.319999999999966,0.0039999999999995595,0.0,0.002674716697699004,0.0009042844850943428,5.172043924164315e-06,1.6720979364669592e-05,0.7680375824152728
2.3239999999999656,0.0039999999999995595,0.0,0.00267495920261156,0.0009043517076755909,5.172542074201938e-06,1.6767955026758e-05,0.7679962346201309
2.327999999999965,0.0039999999999995595,0.0,0.0026751993814278204,0.0009044190567842413,5.173040019465934e-06,1.679433348387055e-05,0.7679550538898007
2.3319999999999648,0.0039999999999995595,0.0,0.0026754369528855684,0.0009044864512333049,5.173537764514629e-06,1.6800517084675454e-05,0.7679140395547114
2.3359999999999643,0.0039999999999995595,0.0,0.002675671644902407,0.0009045538114999038,5.174035313956233e-06,1.6786926630065784e-05,0.7678731909469221
2.339999999999964,0.0039999999999995595,0.0,0.0026759031947348605,0.0009046210597962869,5.174532672443598e-06,1.675400044028118e-05,0.7678325074004909
2.3439999999999634,0.0039999999999995595,0.0,0.0026761313489713245,0.000904688120137123,5.175029844589162e-06,1.6702193424478037e-05,0.7677919882517082
2.347999999999963,0.0039999999999995595,0.0,0.002676355863856801,0.0009047549184030677,5.175526834951026e-06,1.6631976148750085e-05,0.7677516328392553
2.3519999999999626,0.0039999999999995595,0.0,0.0026765765053685443,0.0009048213824006298,5.176023648034981e-06,1.654383391206398e-05,0.7677114405042951
2.355999999999962,0.0039999999999995595,0.0,0.0026767930493331246,0.0009048874419183245,5.176520288248859e-06,1.6438265817059808e-05,0.7676714105905296
2.3599999999999617,0.0039999999999995595,0.0,0.0026770052814190383,0.0009049530287791218,5.177016759873885e-06,1.631578384441212e-05,0.7676315424442322
2.3639999999999612,0.0039999999999995595,0.0,0.002677212997419649,0.0009050180768892075,5.177513067022243e-06,1.617691193129155e-05,0.7675918354142641
2.367999999999961,0.0039999999999995595,0.0,0.002677416003204347,0.0009050825222830495,5.178009213648203e-06,1.602218504797557e-05,0.7675522888520799
2.3719999999999604,0.0039999999999995595,0.0,0.002677614114752764,0.0009051463031647887,5.178505203546367e-06,1.585214828017602e-05,0.7675129021117318
2.37599999999996,0.0039999999999995595,0.0,0.002677807158230563,0.0009052093599459678,5.179001040288652e-06,1.566735591337454e-05,0.7674736745498549
2.3799999999999595,0.0039999999999995595,0.0,0.002677994970023899,0.0009052716352796117,5.1794967272547915e-06,1.5468370523668762e-05,0.7674346055256668
2.383999999999959,0.0039999999999995595,0.0,0.002678177396732591,0.0009053330740906839,5.1799922675964285e-06,1.5255762071486118e-05,0.7673956944009512
2.3879999999999586,0.0039999999999995595,0.0,0.0026783542951635065,0.0009053936236029448,5.180487664289436e-06,1.5030107004967568e-05,0.7673569405400553
2.391999999999958,0.0039999999999995595,0.0,0.0026785255324070665,0.0009054532333622452,5.180982920045789e-06,1.4791987371590833e-05,0.7673183433098661
2.3959999999999577,0.0039999999999995595,0.0,0.002678690985540952,0.0009055118552562885,5.181478037355496e-06,1.4541989936447528e-05,0.7672799020798059
2.3999999999999573,0.0039999999999995595,0.0,0.002678850584104447,0.000905569452043027,5.181973216677215e-06,1.4284930972829632e-05,0.7672799020798059
2.403999999999957,0.0039999999999995595,0.0,0.0026790043095834145,0.0009056259980708635,5.182468741075691e-06,1.4017519973359225e-05,0.7672030162958712
2.4079999999999564,0.0039999999999995595,0.0,0.0026791519412051844,0.0009056814268169121,5.182963927763873e-06,1.3735436659699974e-05,0.7671651533861136
2.411999999999956,0.0039999999999995595,0.0,0.0026792934367995177,0.0009057357101775503,5.1834590304908525e-06,1.344976881859812e-05,0.7671651533861136
2.4159999999999555,0.0039999999999995595,0.0,0.0026794288920591754,0.000905788860288302,5.18395478318296e-06,1.3167202276026606e-05,0.7671651533861136
2.419999999999955,0.0039999999999995595,0.0,0.0026795583139079967,0.0009058408629562477,5.184451318847234e-06,1.2874362459857713e-05,0.7670893199484908
2.4239999999999546,0.0039999999999995595,0.0,0.0026796814514841766,0.0009058916242162775,5.184947640688494e-06,1.2557558559203794e-05,0.7670135009251847
2.427999999999954,0.0039999999999995595,0.0,0.0026797981204645833,0.0009059410662434305,5.185443229078497e-06,1.2226505202409593e-05,0.7669766089481678
2.4319999999999538,0.0039999999999995595,0.0,0.0026799082989088048,0.0009059891702668396,5.1859383021302305e-06,1.189083330157147e-05,0.7669397551169782
2.4359999999999533,0.0039999999999995595,0.0,0.0026800119721239793,0.0009060359186856084,5.186433045131619e-06,1.1550825576872268e-05,0.7669029782086687
2.439999999999953,0.0039999999999995595,0.0,0.0026801091758273782,0.0009060813151661237,5.1869277994768075e-06,1.1216822204620432e-05,0.7669029782086687
2.4439999999999524,0.0039999999999995595,0.0,0.0026801999784912367,0.0009061253733242177,5.187422946804161e-06,1.0874611589232604e-05,0.7668292966275868
2.447999999999952,0.0039999999999995595,0.0,0.002680284238026292,0.0009061680077686426,5.18791786096835e-06,1.0518342369590818e-05,0.7667929767661169
2.4519999999999516,0.0039999999999995595,0.0,0.0026803619785765592,0.0009062092128436704,5.188412631310303e-06,1.016057017267478e-05,0.7667567531670817
2.455999999999951,0.0039999999999995595,0.0,0.0026804332699627963,0.000906249005221638,5.188907523709237e-06,9.8127302654442e-06,0.7667567531670817
2.4599999999999507,0.0039999999999995595,0.0,0.0026804982055186177,0.0009062874099341888,5.1894028628685e-06,9.457460222828166e-06,0.7666842152510759
2.4639999999999502,0.0039999999999995595,0.0,0.002680556676073332,0.0009063243378419063,5.1898979731088795e-06,9.08869144872003e-06,0.7666484692499624
2.46799999999995,0.0039999999999995595,0.0,0.002680608741814541,0.0009063597945343406,5.190392912696041e-06,8.721127188101807e-06,0.766612821584183
2.4719999999999493,0.0039999999999995595,0.0,0.002680654503052655,0.0009063938087333359,5.190887926538795e-06,8.366989567523682e-06,0.766612821584183
2.475999999999949,0.0039999999999995595,0.0,0.0026806941184422117,0.0009064264450003301,5.1913835313053414e-06,8.0209820919397e-06,0.7665772880479607
2.4799999999999485,0.0039999999999995595,0.0,0.00268072756862495,0.0009064576510033836,5.191879334407521e-06,7.654341653676492e-06,0.76650583059342
2.483999999999948,0.0039999999999995595,0.0,0.0026807547874440232,0.0009064873370672282,5.1923746828210035e-06,7.276391441193181e-06,0.7664708625860864
2.4879999999999476,0.0039999999999995595,0.0,0.0026807758891442017,0.0009065155309993759,5.192869673857026e-06,6.904830139467833e-06,0.766435969818569
2.491999999999947,0.0039999999999995595,0.0,0.0026807909805111403,0.0009065422534433604,5.1933643883995794e-06,6.5381311658194896e-06,0.7664011752057255
2.4959999999999467,0.0039999999999995595,0.0,0.0026808001659265873,0.0009065675213147404,5.1938588846253795e-06,6.1755213736546505e-06,0.766366493400156
2.4999999999999463,0.0039999999999995595,0.0,0.0026808035503939863,0.0009065913498592595,5.194353198590671e-06,5.816679820738101e-06,0.7663319337073792
2.503999999999946,0.0039999999999995595,0.0,0.0026808012412387256,0.0009066137538952112,5.1948473476774465e-06,5.461558938081663e-06,0.7662975019700616
2.5079999999999454,0.0039999999999995595,0.0,0.002680793379709324,0.0009066347761112759,5.195341536554031e-06,5.1240150974779235e-06,0.7662975019700616
2.511999999999945,0.0039999999999995595,0.0,0.002680780107807736,0.0009066544652724261,5.19583604360916e-06,4.781782706087555e-06,0.7662286145184106
2.5159999999999445,0.0039999999999995595,0.0,0.0026807614227616614,0.0009066727356221945,5.1963301585388155e-06,4.42958074568798e-06,0.7661946855914163
2.519999999999944,0.0039999999999995595,0.0,0.002680737498276188,0.000906689648486471,5.1968241201908986e-06,4.0989158898280494e-06,0.7661946855914163
2.5239999999999436,0.0039999999999995595,0.0,0.0026807085251357257,0.0009067052950969792,5.1973184499243e-06,3.782072285572223e-06,0.766160856330594
2.527999999999943,0.0039999999999995595,0.0,0.0026806745603304583,0.0009067196386135936,5.197812768738122e-06,3.4479710300206223e-06,0.7660928103363903
2.5319999999999427,0.0039999999999995595,0.0,0.002680635642643535,0.0009067326057058833,5.19830644239589e-06,3.108002513956162e-06,0.7660595079740786
2.5359999999999423,0.0039999999999995595,0.0,0.0026805919591061014,0.0009067442517310837,5.198799583954149e-06,2.781034880998272e-06,0.766026275578403
2.539999999999942,0.0039999999999995595,0.0,0.002680543680830931,0.0009067546206917717,5.1992922890773e-06,2.4646302759395572e-06,0.7659931355936292
2.5439999999999414,0.0039999999999995595,0.0,0.0026804909705937423,0.0009067637502254099,5.199784629655858e-06,2.1574493766536353e-06,0.7659601023706966
2.547999999999941,0.0039999999999995595,0.0,0.0026804339871842452,0.0009067716745519104,5.2002766544651424e-06,1.8588110440226477e-06,0.7659271850247602
2.5519999999999405,0.0039999999999995595,0.0,0.0026803728877278802,0.0009067784262162538,5.200768392649237e-06,1.5684403827609768e-06,0.7658943892814675
2.55599999999994,0.0039999999999995595,0.0,0.0026803078292621163,0.0009067840371155413,5.201259857971764e-06,1.2863376543653362e-06,0.7658617186708201
2.5599999999999397,0.0039999999999995595,0.0,0.00268023896940157,0.0009067885390982865,5.201751052953592e-06,1.0127484858884523e-06,0.7658291752997402
2.563999999999939,0.0039999999999995595,0.0,0.002680166466630322,0.0009067919643062841,5.202241972422304e-06,7.482981555081107e-07,0.7657967603524333
2.5679999999999388,0.0039999999999995595,0.0,0.002680090480594204,0.0009067943453605153,5.202732606352199e-06,4.947046841689897e-07,0.7657644744146385
2.5719999999999383,0.0039999999999995595,0.0,0.0026800111797254827,0.0009067957374661666,5.203223140679227e-06,2.6927375523734153e-07,0.7657644744146385
2.575999999999938,0.0039999999999995595,0.0,0.0026799287221482143,0.000906796222516583,5.20371404503647e-06,1.2366250512351206e-07,0.7657323176839266
2.5799999999999375,0.0039999999999995595,0.0,0.00267984322982712,0.0009067958260438189,5.204205311369773e-06,2.363401848193894e-07,0.7657323176839266
2.583999999999937,0.0039999999999995595,0.0,0.0026797548088641748,0.0009067945794303355,5.204697065449837e-06,4.4008786397941265e-07,0.765667694505366
2.5879999999999366,0.0039999999999995595,0.0,0.0026796635284086377,0.0009067924023113839,5.205188506543115e-06,6.657027106965081e-07,0.7656352905377617
2.591999999999936,0.0039999999999995595,0.0,0.0026795695626838146,0.000906789324210422,5.205679410280244e-06,8.834877088015677e-07,0.7655719372055959
2.5959999999999357,0.0039999999999995595,0.0,0.002679473145636027,0.0009067853856963865,5.206169322071047e-06,1.0997344692576187e-06,0.7655408362031351
2.5999999999999353,0.0039999999999995595,0.0,0.0026793744056178488,0.0009067805804685444,5.206658495661533e-06,1.3095760930525774e-06,0.7655097628305328
2.603999999999935,0.0039999999999995595,0.0,0.0026792735638559734,0.0009067750029430646,5.207147324630963e-06,1.4940462895750506e-06,0.7655097628305328
2.6079999999999344,0.0039999999999995595,0.0,0.002679170782803003,0.0009067687274890071,5.207636228877079e-06,1.6704488065332413e-06,0.7654474432396187
2.611999999999934,0.0039999999999995595,0.0,0.0026790662479730535,0.0009067617489111873,5.2081246310464016e-06,1.8415760737227124e-06,0.7654167072864663
2.6159999999999335,0.0039999999999995595,0.0,0.0026789601545615664,0.0009067541279680333,5.208612643554325e-06,1.998344064992102e-06,0.7653860460414195
2.619999999999933,0.0039999999999995595,0.0,0.002678852682250435,0.0009067459160046349,5.209100345807371e-06,2.1427707533967593e-06,0.7653554766090626
2.6239999999999326,0.0039999999999995595,0.0,0.002678744000925429,0.0009067371588579955,5.20958778681323e-06,2.2760369609744294e-06,0.765325009899799
2.627999999999932,0.0039999999999995595,0.0,0.0026786342740322926,0.0009067278991295296,5.2100749906837635e-06,2.3988365827573162e-06,0.7652946528151656
2.6319999999999317,0.0039999999999995595,0.0,0.0026785236605242385,0.0009067181774978138,5.210561962723975e-06,2.5115830957429843e-06,0.7652644096604653
2.6359999999999313,0.0039999999999995595,0.0,0.0026784123156906163,0.0009067080334666233,5.211048694995169e-06,2.6145312315949517e-06,0.7652342830586475
2.639999999999931,0.0039999999999995595,0.0,0.0026783003918613214,0.0009066975057807369,5.211535170941137e-06,2.7078485575714012e-06,0.765204274541973
2.6439999999999304,0.0039999999999995595,0.0,0.002678188020332474,0.0009066866401629481,5.21202156318617e-06,2.787940511472877e-06,0.765204274541973
2.64799999999993,0.0039999999999995595,0.0,0.002678075294738403,0.0009066754770428604,5.212508123874e-06,2.863559219149613e-06,0.7651442471395136
2.6519999999999295,0.0039999999999995595,0.0,0.0026779623982364303,0.0009066640196632491,5.2129941593222465e-06,2.933779566443017e-06,0.7651146861068581
2.655999999999929,0.0039999999999995595,0.0,0.002677849487978099,0.0009066523158588092,5.2134797000772526e-06,2.992446664883966e-06,0.7650852128333567
2.6599999999999286,0.0039999999999995595,0.0,0.002677736711190735,0.0009066404083507339,5.213964775981244e-06,3.0406821148305095e-06,0.7650558381510795
2.663999999999928,0.0039999999999995595,0.0,0.002677624208077741,0.0009066283367222368,5.214449410711212e-06,3.0791803733644117e-06,0.7650265688989014
2.6679999999999278,0.0039999999999995595,0.0,0.002677512113434133,0.0009066161385441729,5.214933620552459e-06,3.1083932615518176e-06,0.7649974093363291
2.6719999999999273,0.0039999999999995595,0.0,0.0026774005576404333,0.0009066038500086948,5.21541741513524e-06,3.1286367284187572e-06,0.7649683620556539
2.675999999999927,0.0039999999999995595,0.0,0.0026772896668688577,0.0009065915062782762,5.215900798875466e-06,3.140152572692962e-06,0.7649394285709311
2.6799999999999264,0.0039999999999995595,0.0,0.002677179563621263,0.0009065791416704113,5.216383772534117e-06,3.1431440249827e-06,0.7649106096986055
2.683999999999926,0.0039999999999995595,0.0,0.002677070366437757,0.0009065667897479172,5.216866334627043e-06,3.1377961366734795e-06,0.7648819058036798
2.6879999999999256,0.0039999999999995595,0.0,0.0026769621903931866,0.0009065544833555064,5.217348482501283e-06,3.1242873413566373e-06,0.7648533169590365
2.691999999999925,0.0039999999999995595,0.0,0.002676855146515369,0.0009065422546262736,5.217830213235171e-06,3.1027958857913727e-06,0.7648248430486501
2.6959999999999247,0.0039999999999995595,0.0,0.0026767493422815486,0.0009065301349718181,5.218311524175706e-06,3.0735032864393773e-06,0.7647964838344679
2.6999999999999242,0.0039999999999995595,0.0,0.0026766448488909026,0.0009065181503304453,5.2187925998562e-06,3.0389975663115323e-06,0.7647964838344679
2.703999999999924,0.0039999999999995595,0.0,0.002676541635594501,0.0009065063094953031,5.219274080384429e-06,3.0027601576331987e-06,0.7647964838344679
2.7079999999999234,0.0039999999999995595,0.0,0.002676439760448456,0.0009064946290597616,5.219755860018144e-06,2.9592774078674965e-06,0.7647111305311963
2.711999999999923,0.0039999999999995595,0.0,0.00267633950589701,0.0009064831614764817,5.220236697393693e-06,2.9034624689973343e-06,0.7646834530985809
2.7159999999999225,0.0039999999999995595,0.0,0.002676240936091341,0.0009064719351098179,5.2207169268341754e-06,2.843161999626271e-06,0.7646834530985809
2.719999999999922,0.0039999999999995595,0.0,0.002676144000314324,0.0009064609480363749,5.221197321014725e-06,2.7836279572339742e-06,0.7646834530985809
2.7239999999999216,0.0039999999999995595,0.0,0.0026760487524697756,0.0009064502206670337,5.221677891755608e-06,2.712799784954297e-06,0.7645997815014105
2.727999999999921,0.0039999999999995595,0.0,0.002675955448890386,0.0009064398185353082,5.222157687734608e-06,2.6323296298192655e-06,0.7645997815014105
2.7319999999999207,0.0039999999999995595,0.0,0.002675864093887078,0.0009064297497483905,5.222637180507825e-06,2.5444579054995805e-06,0.7645450811818241
2.7359999999999203,0.0039999999999995595,0.0,0.002675774833046337,0.0009064200600845962,5.223116101337612e-06,2.451219124492515e-06,0.7645450811818241
2.73999999999992,0.0039999999999995595,0.0,0.002675687619732096,0.0009064107388910729,5.223595083339369e-06,2.357567253771633e-06,0.7645180409007138
2.7439999999999194,0.0039999999999995595,0.0,0.002675602521116487,0.0009064018102376087,5.2240740948803585e-06,2.2580881206998365e-06,0.7644907111816928
2.747999999999919,0.0039999999999995595,0.0,0.0026755196382772274,0.0009063933094079904,5.224552916947195e-06,2.1464786233582176e-06,0.7644364758876434
2.7519999999999185,0.0039999999999995595,0.0,0.002675439136619416,0.000906385293278297,5.225031076769789e-06,2.024523394331061e-06,0.7644098865529535
2.755999999999918,0.0039999999999995595,0.0,0.002675361053166827,0.0009063777753611467,5.225508748016385e-06,1.8992366343298444e-06,0.7643833341655503
2.7599999999999176,0.0039999999999995595,0.0,0.0026752854230736004,0.0009063707691808538,5.225986065205063e-06,1.7706216189834003e-06,0.7643568434176495
2.763999999999917,0.0039999999999995595,0.0,0.0026752122790841396,0.0009063642881791122,5.226463121592426e-06,1.6387154488387024e-06,0.7643304301306164
2.7679999999999167,0.0039999999999995595,0.0,0.0026751416513664653,0.0009063583455663378,5.2269399740487495e-06,1.5035988348894654e-06,0.7643041043959815
2.7719999999999163,0.0039999999999995595,0.0,0.0026750735671795594,0.0009063529541724016,5.227416650279123e-06,1.3653964080974424e-06,0.764277872601368
2.775999999999916,0.0039999999999995595,0.0,0.002675008050499191,0.000906348126316908,5.227893156254865e-06,1.2242752122752075e-06,0.7642517387383483
2.7799999999999154,0.0039999999999995595,0.0,0.0026749451221002806,0.00090634387370397,5.228369482734192e-06,1.0804461651817209e-06,0.7642257052474434
2.783999999999915,0.0039999999999995595,0.0,0.002674884759711024,0.0009063401893970473,5.228845790279866e-06,9.431153467329074e-07,0.7642257052474434
2.7879999999999145,0.0039999999999995595,0.0,0.0026748268332995643,0.000906337020067669,5.229322672811443e-06,8.185012750742084e-07,0.7642257052474434
2.791999999999914,0.0039999999999995595,0.0,0.002674771314965257,0.0009063343617904816,5.229800187517623e-06,6.854038541690167e-07,0.7641736252607938
2.7959999999999137,0.0039999999999995595,0.0,0.0026747183239862584,0.0009063322759491281,5.230277740042967e-06,5.489541756753546e-07,0.7641736252607938
2.7999999999999132,0.0039999999999995595,0.0,0.0026746678537883494,0.0009063307680374004,5.23075533745148e-06,3.9728580995761185e-07,0.7640956511964656
2.803999999999913,0.0039999999999995595,0.0,0.002674620119617033,0.0009063299484144782,5.231232058115198e-06,2.440002864881027e-07,0.7640956511964656
2.8079999999999123,0.0039999999999995595,0.0,0.002674575019378912,0.0009063297710971724,5.231708380300767e-06,1.282223806425428e-07,0.7640451012319962
2.811999999999912,0.0039999999999995595,0.0,0.0026745326424558132,0.0009063302871724355,5.232183894589241e-06,1.7291084918358916e-07,0.7640200903145644
2.8159999999999115,0.0039999999999995595,0.0,0.0026744929495411845,0.0009063314831210339,5.232658806130639e-06,3.1790302810106324e-07,0.7639951111946955
2.819999999999911,0.0039999999999995595,0.0,0.0026744559083335348,0.0009063333508972673,5.2331332712241495e-06,4.775065427138442e-07,0.7639701881519295
2.8239999999999106,0.0039999999999995595,0.0,0.0026744214898841595,0.0009063358855684903,5.233607398041988e-06,6.401574554974435e-07,0.7639453367465046
2.82799999999991,0.0039999999999995595,0.0,0.0026743896661483805,0.0009063390838502171,5.234081253502818e-06,8.036608992487632e-07,0.7639205669083728
2.8319999999999097,0.0039999999999995595,0.0,0.0026743604086989555,0.0009063429432004709,5.234554871997712e-06,9.673362622742175e-07,0.7638958849288703
2.8359999999999093,0.0039999999999995595,0.0,0.0026743336878545334,0.0009063474612623154,5.235028263868239e-06,1.1308593971848406e-06,0.7638712947460086
2.839999999999909,0.0039999999999995595,0.0,0.002674309472181696,0.0009063526355226104,5.235501422756834e-06,1.294006536972949e-06,0.7638467987746478
2.8439999999999084,0.0039999999999995595,0.0,0.0026742877282460785,0.0009063584631048315,5.235974331504656e-06,1.456584873717025e-06,0.7638223984431667
2.847999999999908,0.0039999999999995595,0.0,0.0026742684204050142,0.0009063649406449489,5.236446966735505e-06,1.6184120848173923e-06,0.7637980945407024
2.8519999999999075,0.0039999999999995595,0.0,0.0026742515109323185,0.0009063720642188725,5.2369193022990015e-06,1.7793103873737865e-06,0.7637738874420151
2.855999999999907,0.0039999999999995595,0.0,0.0026742369597694588,0.0009063798293020527,5.237391311663921e-06,1.9391051058510415e-06,0.7637497772532171
2.8599999999999066,0.0039999999999995595,0.0,0.0026742247247334185,0.0009063882307493149,5.2378629695857335e-06,2.09762461949225e-06,0.7637257639063123
2.863999999999906,0.0039999999999995595,0.0,0.0026742147615585214,0.0009063972627876346,5.2383342531754535e-06,2.2547006746602146e-06,0.7637018472205683
2.8679999999999057,0.0039999999999995595,0.0,0.00267420702385525,0.000906406919017372,5.238805142517531e-06,2.4101687591176407e-06,0.7636780269423978
2.8719999999999053,0.0039999999999995595,0.0,0.002674201463359689,0.000906417192419224,5.239275621009243e-06,2.5638684481261122e-06,0.7636543027712922
2.875999999999905,0.0039999999999995595,0.0,0.0026741980297678336,0.0009064280753651737,5.239745675445298e-06,2.7156437093986064e-06,0.7636306743767038
2.8799999999999044,0.0039999999999995595,0.0,0.002674196640180062,0.000906439538282725,5.240215463673126e-06,2.854650661644867e-06,0.7636306743767038
2.883999999999904,0.0039999999999995595,0.0,0.002674197203222465,0.0009064515450792795,5.240685220539746e-06,2.9974612134864657e-06,0.7635834136083985
2.8879999999999035,0.0039999999999995595,0.0,0.0026741997770579123,0.0009064641634260923,5.241154364265256e-06,3.1488356491027462e-06,0.7635601416655358
2.891999999999903,0.0039999999999995595,0.0,0.002674204287449878,0.000906477372334998,5.241622936180425e-06,3.2952749211211854e-06,0.7635369390279676
2.8959999999999027,0.0039999999999995595,0.0,0.0026742106657211585,0.0009064911547335783,5.24209098110436e-06,3.437623886023031e-06,0.7635138141724758
2.899999999999902,0.0039999999999995595,0.0,0.002674218846055788,0.0009065054957116991,5.242558539821042e-06,3.576342214718682e-06,0.7634907724331492
2.9039999999999018,0.0039999999999995595,0.0,0.002674228763921857,0.0009065203814711722,5.243025646429328e-06,3.7116594567616493e-06,0.7634678171209107
2.9079999999999013,0.0039999999999995595,0.0,0.002674240355117067,0.0009065357987035709,5.243492328200671e-06,3.843669390629588e-06,0.7634449502431829
2.911999999999901,0.0039999999999995595,0.0,0.002674253555395493,0.0009065517342279396,5.24395860639551e-06,3.972387229193495e-06,0.7634221729669622
2.9159999999999004,0.0039999999999995595,0.0,0.0026742683000943453,0.0009065681747855838,5.244424497519585e-06,4.09778414975408e-06,0.7633994859170592
2.9199999999999,0.0039999999999995595,0.0,0.0026742845240513295,0.0009065851069292849,5.244890014536119e-06,4.219808007758525e-06,0.7633768893683721
2.9239999999998996,0.0039999999999995595,0.0,0.002674302161646545,0.0009066025169689064,5.245355167852582e-06,4.338395679902314e-06,0.7633543833699425
2.927999999999899,0.0039999999999995595,0.0,0.0026743211467613382,0.0009066203909503606,5.245819966266809e-06,4.453480345581162e-06,0.7633319678250869
2.9319999999998987,0.0039999999999995595,0.0,0.0026743414129032027,0.0009066387146541093,5.246284417545794e-06,4.564995728855573e-06,0.7633096425431858
2.9359999999998982,0.0039999999999995595,0.0,0.0026743628931646048,0.0009066574736049226,5.24674852890311e-06,4.672878531815689e-06,0.7632874072732031
2.939999999999898,0.0039999999999995595,0.0,0.002674385520430879,0.0009066766530880064,5.247212307328745e-06,4.7770698020518e-06,0.7632652617253817
2.9439999999998974,0.0039999999999995595,0.0,0.00267440922738053,0.0009066962381686135,5.247675759844746e-06,4.877515667692666e-06,0.7632432055853217
2.947999999999897,0.0039999999999995595,0.0,0.0026744339466930884,0.0009067162137134778,5.248138893617318e-06,4.9741677154843085e-06,0.7632212385230998
2.9519999999998965,0.0039999999999995595,0.0,0.002674459610924833,0.000906736564413119,5.248601716018904e-06,5.0669831631512385e-06,0.7631993601991963
2.955999999999896,0.0039999999999995595,0.0,0.0026744861528411393,0.0009067572748044815,5.24906423464104e-06,5.15592491603823e-06,0.763177570268348
2.9599999999998956,0.0039999999999995595,0.0,0.0026745135053336767,0.0009067783292936039,5.249526457316758e-06,5.240961559803283e-06,0.7631558683820532
2.963999999999895,0.0039999999999995595,0.0,0.0026745416015866554,0.0009067997121781615,5.249988392066158e-06,5.3220673189438756e-06,0.7631342541901966
2.9679999999998947,0.0039999999999995595,0.0,0.0026745703751185164,0.0009068214076697895,5.2504500470692455e-06,5.3992219964701e-06,0.7631127273421168
2.9719999999998943,0.0039999999999995595,0.0,0.002674599759823602,0.0009068433999161311,5.250911430599376e-06,5.472410900856631e-06,0.7630912874872909
2.975999999999894,0.0039999999999995595,0.0,0.0026746296901798416,0.0009068656730225835,5.251372550966514e-06,5.541624766870007e-06,0.7630699342757862
2.9799999999998934,0.0039999999999995595,0.0,0.0026746601012488593,0.0009068882110737037,5.251833416491206e-06,5.606859669170772e-06,0.7630486673585504
2.983999999999893,0.0039999999999995595,0.0,0.0026746909287175776,0.000906910998154267,5.25229403545104e-06,5.668116932196116e-06,0.7630274863876007
2.9879999999998925,0.0039999999999995595,0.0,0.0026747221089397956,0.0009069340183699476,5.25275441603423e-06,5.72540303358244e-06,0.7630063910161442
2.991999999999892,0.0039999999999995595,0.0,0.0026747535792267956,0.000906957255867604,5.253214566244735e-06,5.778729502723594e-06,0.762985380898655
2.9959999999998916,0.0039999999999995595,0.0,0.0026747852776398285,0.0009069806948551365,5.253674494013189e-06,5.8281128134453e-06,0.7629644556909237
2.999999999999891,0.0039999999999995595,0.0,0.002674817143156154,0.0009070043196209198,5.254134207031428e-06,5.873574273882857e-06,0.7629436150500847
3.0039999999998908,0.0039999999999995595,-5.0,0.0026748388993076072,0.000907027993884493,4.8055171837391906e-06,0.0002244995179238543,0.7629228586346334
3.0079999999998903,0.0039999999999995595,-5.0,0.0026748434409966625,0.0009070527757263448,2.4395817034470175e-06,0.0007164425012860209,0.7617598889427514
3.01199999999989,0.0039999999999995595,-5.0,0.0026749055764655394,0.0009070801930870716,-2.135037398811671e-06,0.0012915325881259895,0.7608949829851956
3.0159999999998894,0.0039999999999995595,-5.0,0.002675129349209704,0.000907109976382575,-9.267693205461028e-06,0.001949383306472781,0.7602111215702185
3.019999999999889,0.0039999999999995595,-5.0,0.0026756347669007505,0.0009071419001538485,-1.9206068995084116e-05,0.0026626992787176854,0.7596527295384855
3.0239999999998886,0.0039999999999995595,-5.0,0.0026765496673178085,0.000907175870037973,-3.210424258075456e-05,0.00340937345649824,0.7591854135511292
3.027999999999888,0.0039999999999995595,-5.0,0.0026780051864921544,0.0009072118753557912,-4.8041759431670595e-05,0.0041718499894939955,0.7587861666616701
3.0319999999998877,0.0039999999999995595,-5.0,0.0026801332747667574,0.0009072499546444779,-6.70394228447723e-05,0.0049363307295295505,0.7584394737203026
3.0359999999998872,0.0039999999999995595,-5.0,0.002683065695608878,0.0009072900695045035,-8.907604999233013e-05,0.0056934045174892355,0.7581337132446215
3.039999999999887,0.0039999999999995595,-5.0,0.002686932352090977,0.0009073312261789991,-0.00011411382491166329,0.006440695166310236,0.7578577534833094
3.0439999999998864,0.0039999999999995595,-5.0,0.0026918609126632053,0.0009073729819673673,-0.00014210821045423813,0.007176511688643449,0.7576042053625986
3.047999999999886,0.0039999999999995595,-5.0,0.0026979770630286854,0.000907415868023509,-0.00017299303734009204,0.007893778473205144,0.7573708985940756
3.0519999999998855,0.0039999999999995595,-5.0,0.0027054040674703264,0.000907460258402499,-0.0002066736674578493,0.008585932740021859,0.7571576377732993
3.055999999999885,0.0039999999999995595,-5.0,0.0027142621788519145,0.0009075064027122582,-0.0002430355810197468,0.009248472040379211,0.7569638320817468
3.0599999999998846,0.0039999999999995595,-5.0,0.0027246675969571288,0.0009075544650093293,-0.0002819509944779427,0.009878429356786157,0.7567887347267019
3.063999999999884,0.0039999999999995595,-5.0,0.002736731070233491,0.0009076045531586882,-0.00032328376067147985,0.010473970897639915,0.7566315880114212
3.0679999999998837,0.0039999999999995595,-5.0,0.0027505562514418976,0.0009076567405393516,-0.0003668929513019887,0.011034088035913912,0.756491691562609
3.0719999999998833,0.0039999999999995595,-5.0,0.00276623792094479,0.0009077110815258085,-0.0004126354337756494,0.011558362654579836,0.7563684280948855
3.075999999999883,0.0039999999999995595,-5.0,0.0027838601879964582,0.0009077676218543862,-0.00046036768602025795,0.012046789769661288,0.7562612666820775
3.0799999999998824,0.0039999999999995595,-5.0,0.0028034947688998016,0.0009078264047727682,-0.0005099470393208703,0.01249964479746612,0.7561697549636144
3.083999999999882,0.0039999999999995595,-5.0,0.0028251994283377806,0.0009078874737349378,-0.0005612324970666305,0.012917385521459643,0.7560935066856008
3.0879999999998815,0.0039999999999995595,-5.0,0.002849016654902815,0.0009079508723120802,-0.000614085244020987,0.013300580907309135,0.7610519069641692
3.091999999999881,0.0039999999999995595,-5.0,0.002874972624038007,0.0009080166419209493,-0.0006683689344128983,0.013649860560252367,0.7891372430848793
3.0959999999998806,0.0039999999999995595,-5.0,0.002903076483720052,0.0009080848179119632,-0.0007239498263474241,0.013965879923073958,0.8174295844963853
3.09999999999988,0.0039999999999995595,-5.0,0.0029333199816967146,0.0009081554245031287,-0.000780696813625321,0.01424929735163838,0.8458806541667769
3.1039999999998797,0.0039999999999995595,-5.0,0.002965677434945028,0.0009082284689903117,-0.000838481393161392,0.01450076003505461,0.8744422217403518
3.1079999999998793,0.0039999999999995595,-5.0,0.003000106027358119,0.0009083039356088872,-0.0008971775960998262,0.014720896391761417,0.9030661533313077
3.111999999999879,0.0039999999999995595,-5.0,0.003036546409803485,0.0009083817793673623,-0.0009566619028791072,0.014910313103646185,0.9317044903066946
3.1159999999998784,0.0039999999999995595,-5.0,0.0030748989160581004,0.0009084613544520207,-0.0010169071473887185,0.015116591438687212,0.9317044903066946
3.119999999999878,0.0039999999999995595,-5.0,0.0031150544202915927,0.0009085419743115919,-0.001077931511954814,0.015273352350446119,0.9930274569633653
3.1239999999998775,0.0039999999999995595,-5.0,0.0031570089092355846,0.000908625432196975,-0.0011392878407504696,0.015351452764381943,1.0198350940370617
3.127999999999877,0.0039999999999995595,-5.0,0.0032006351010854476,0.0009087110587581472,-0.0012008933470441972,0.015408318752063731,1.047105880166035
3.1319999999998767,0.0039999999999995595,-5.0,0.003245797489698275,0.0009087983683116387,-0.0012626578160701161,0.015442300084158667,1.0745511620137977
3.135999999999876,0.0039999999999995595,-5.0,0.00329235348252164,0.0009088869576377721,-0.0013244865101479707,0.015452406231534115,1.101975001151039
3.139999999999876,0.0039999999999995595,-5.0,0.003340154618433163,0.000908976439275158,-0.0013862821495297805,0.015438098788946628,1.129239445359436
3.1439999999998753,0.0039999999999995595,-5.0,0.0033890478096446452,0.0009090664002027673,-0.0014479462938634742,0.015399156504826372,1.1562430237378725
3.147999999999875,0.0039999999999995595,-5.0,0.003438876565149614,0.000909156378466779,-0.0015093803301583259,0.015335586380976035,1.182907425413687
3.1519999999998745,0.0039999999999995595,-5.0,0.0034894821663896286,0.0009092458520479665,-0.0015704861985477078,0.015247564203840455,1.2091692472697166
3.155999999999874,0.0039999999999995595,-5.0,0.003540704774659205,0.0009093342357941133,-0.0016311669402786773,0.015135394045076925,1.2349748844303328
3.1599999999998736,0.0039999999999995595,-5.0,0.0035923844578400243,0.0009094208834719222,-0.0016913271227943299,0.014999480124177102,1.260277371033359
3.163999999999873,0.0039999999999995595,-5.0,0.0036443621295494024,0.0009095050929276486,-0.0017508731780156608,0.014840306833146726,1.2850344322722478
3.1679999999998727,0.0039999999999995595,-5.0,0.003696480398227721,0.0009095861130267078,-0.0018097136779317066,0.014658424231117089,1.3092072891727393
3.1719999999998723,0.0039999999999995595,-5.0,0.0037485843269780762,0.0009096631515214456,-0.0018677595638496639,0.014454437262941265,1.3327599312273843
3.175999999999872,0.0039999999999995595,-5.0,0.0038005221065169972,0.0009097353833222644,-0.0019249243405761048,0.014228997554337666,1.3556586796520826
3.1799999999998714,0.0039999999999995595,-5.0,0.0038521456462410767,0.0009098019588617792,-0.001981124243419031,0.013982797016710935,1.3778719308243261
3.183999999999871,0.0039999999999995595,-5.0,0.0039033110878422283,0.0009098620123774373,-0.002036278383610781,0.013716562740008476,1.3993700109696017
3.1879999999998705,0.0039999999999995595,-5.0,0.003953879248227642,0.0009099146700198728,-0.0020903088761711356,0.013431052811997392,1.4201250989852066
3.19199999999987,0.0039999999999995595,-5.0,0.004003715996643333,0.0009099590577403097,-0.0021431409531188564,0.013127052808572933,1.4401111903871024
3.1959999999998696,0.0039999999999995595,-5.0,0.00405269257306082,0.0009099943089335137,-0.002194703064146033,0.01280537277222992,1.459304085414245
3.199999999999869,0.0039999999999995595,-5.0,0.004100685852598501,0.0009100195718219869,-0.0022449269662925754,0.012466844545071541,1.47768139060982
3.2039999999998687,0.0039999999999995595,0.0,0.004146365325753807,0.0009100343740124498,-0.0022928022416745086,0.011639523340493023,1.495222527149599
3.2079999999998683,0.0039999999999995595,0.0,0.004186073321405435,0.0009100373241998888,-0.0023354073452161697,0.010327439437925856,1.4936142908822052
3.211999999999868,0.0039999999999995595,0.0,0.004219860063206557,0.0009100224806343702,-0.002372825464350504,0.00903558166989602,1.492521051463442
3.2159999999998674,0.0039999999999995595,0.0,0.004247820328528659,0.0009099848690508063,-0.002405128324194875,0.0077611140310746484,1.4916036216979822
3.219999999999867,0.0039999999999995595,0.0,0.004270063587659078,0.0009099217031133197,-0.0024323944963808566,0.00650828022386547,1.4900051771989125
3.2239999999998665,0.0039999999999995595,0.0,0.004286654853169884,0.0009098322511383993,-0.0024547772055835207,0.005305058453273328,1.487297279633248
3.227999999999866,0.0039999999999995595,0.0,0.004297431706510752,0.000909710456477208,-0.0024727512688319307,0.004238254141337127,1.4833731097659233
3.2319999999998656,0.0039999999999995595,0.0,0.0043022523363181265,0.0009095522689564265,-0.002486845370363789,0.0032962522753427984,1.4782144296698927
3.235999999999865,0.0039999999999995595,0.0,0.004301160225134851,0.0009093553513017313,-0.00249742965333299,0.002437658163932339,1.4716609535641285
3.2399999999998648,0.0039999999999995595,0.0,0.004294339835706627,0.0009091185420594001,-0.0025047518950121585,0.0016352955788743395,1.4636120231193437
3.2439999999998643,0.0039999999999995595,0.0,0.004282075453831009,0.0009088420770174161,-0.002508959457039816,0.000861762589943115,1.4636120231193437
3.247999999999864,0.0039999999999995595,0.0,0.004264778856875414,0.0009085293434526193,-0.002510049527501499,0.00011447608413323012,1.4420834972272312
3.2519999999998634,0.0039999999999995595,0.0,0.004243035277482423,0.0009081835861604532,-0.002507868016410807,0.000762617140767933,1.4298541318644482
3.255999999999863,0.0039999999999995595,0.0,0.004217461390429968,0.0009078095173765106,-0.002502142679399348,0.001658159517323921,1.415911042773424
3.2599999999998626,0.0039999999999995595,0.0,0.004188549789879024,0.0009074122931608131,-0.0024926969239221835,0.002596602805685856,1.4004591964662005
3.263999999999862,0.0039999999999995595,0.0,0.004156694362426277,0.0009069966988301388,-0.0024794169182386426,0.003559767584889835,1.383609736806589
3.2679999999998617,0.0039999999999995595,0.0,0.004122203540404834,0.0009065657392649115,-0.002462254412445239,0.004529778083857736,1.365463957351002
3.2719999999998612,0.0039999999999995595,0.0,0.004085315467481278,0.0009061214871484175,-0.0024412334859888808,0.005491451396535665,1.3457961571644914
3.275999999999861,0.0039999999999995595,0.0,0.004046228721847983,0.000905666215904581,-0.0024163956797176576,0.00644121703716684,1.3238207692610784
3.2799999999998604,0.0039999999999995595,0.0,0.004005100313137412,0.0009052028740626376,-0.002387832146975941,0.00736498711880491,1.2998659506644201
3.28399999999986,0.0039999999999995595,0.0,0.003962063033134851,0.0009047347697166704,-0.0023556763952534746,0.008253421708122986,1.2744338585912212
3.2879999999998595,0.0039999999999995595,0.0,0.003917239903278378,0.0009042653190549501,-0.002320087261231319,0.009101024387381418,1.2478444466060294
3.291999999999859,0.0039999999999995595,0.0,0.0038707539572740523,0.0009037978804667838,-0.0022812375888333833,0.009904847137393553,1.2203067302172237
3.2959999999998586,0.0039999999999995595,0.0,0.003822734672593368,0.0009033356502544269,-0.002239306793481032,0.01066360780988463,1.1919629702334698
3.299999999999858,0.0039999999999995595,0.0,0.0037733219990992235,0.0009028816033897246,-0.0021944760772205983,0.01137708849933755,1.1629159370201023
3.3039999999998577,0.0039999999999995595,0.0,0.003722708997398057,0.000902439031730011,-0.00214682188835323,0.012097504887656459,1.1629159370201023
3.3079999999998573,0.0039999999999995595,0.0,0.0036710882261481517,0.0009020108602847497,-0.002096370379298607,0.012751875368208862,1.098704568263413
3.311999999999857,0.0039999999999995595,0.0,0.0036184851453664848,0.0009015973390698906,-0.002043658922194675,0.013308539327451581,1.0696133407804322
3.3159999999998564,0.0039999999999995595,0.0,0.00356512346332956,0.0009012009465105843,-0.001988821436009348,0.013831258471525831,1.0394288095339252
3.319999999999856,0.0039999999999995595,0.0,0.003511232037599443,0.0009008237182209771,-0.0019319980271104487,0.014318712270063823,1.0084572341784483
3.3239999999998555,0.0039999999999995595,0.0,0.0034570456240856848,0.000900467383727848,-0.0018733319103562452,0.01477026629138737,0.9769109040910763
3.327999999999855,0.0039999999999995595,0.0,0.003402804894134156,0.0009001334579214262,-0.0018129674750586395,0.01518571629204867,0.9449436724078404
3.3319999999998546,0.0039999999999995595,0.0,0.003348755900185443,0.000899823299651079,-0.0017510490794036852,0.015565125505297475,0.9126730365744099
3.335999999999854,0.0039999999999995595,0.0,0.003295149106894184,0.0008995381474027676,-0.0016877203066929503,0.01590872166284067,0.8801938260605002
3.3399999999998538,0.0039999999999995595,0.0,0.003242238063499764,0.000899279139442346,-0.0016231235119566476,0.01621683245222079,0.8475866560449434
3.3439999999998533,0.0039999999999995595,0.0,0.0031902777641027564,0.000899047323670078,-0.0015573995483814758,0.016489845765034275,0.8149231197008086
3.347999999999853,0.0039999999999995595,0.0,0.003139522726487951,0.000898843660806562,-0.0014906876022118586,0.016728185935447736,0.7950297699849214
3.3519999999998524,0.0039999999999995595,0.0,0.0030902248117159847,0.0008986690233650975,-0.0014231250902047785,0.016932300256046525,0.79489190268963
3.355999999999852,0.0039999999999995595,0.0,0.0030426308039480394,0.0008985241920620422,-0.0013548475902947846,0.017102652041532346,0.7947392734927123
3.3599999999998515,0.0039999999999995595,0.0,0.002996979774817685,0.000898409850777484,-0.0012859887869852236,0.01723971779549476,0.7945721551219566
3.363999999999851,0.0039999999999995595,0.0,0.0029535002651724495,0.0008983265808230079,-0.00121668042011573,0.017343986873695545,0.7943908513849901
3.3679999999998507,0.0039999999999995595,0.0,0.0029124073294896583,0.0008982748550409428,-0.0011470522303424493,0.017415962589540746,0.7941956918484063
3.3719999999998502,0.0039999999999995595,0.0,0.0028738995030385896,0.0008982550321071679,-0.0010772318977336124,0.017456164073245115,0.793987028604238
3.37599999999985,0.0039999999999995595,0.0,0.002838155769177961,0.0008982673513080273,-0.0010073449718714877,0.017465128439728066,0.7937652341894547
3.3799999999998493,0.0039999999999995595,0.0,0.002805332618498776,0.0008983119279920353,-0.0009375147931193606,0.017443412983395298,0.7935307001202743
3.383999999999849,0.0039999999999995595,0.0,0.0027755613044650688,0.0008983887498465084,-0.0008678624054967771,0.017391597227136225,0.7932838357365725
3.3879999999998485,0.0039999999999995595,0.0,0.002748945407961636,0.0008984976741106077,-0.000798506462070893,0.01731028472491558,0.7930250671878606
3.391999999999848,0.0039999999999995595,0.0,0.002725558823551608,0.0008986384258049151,-0.0007295631240212569,0.017200104565923906,0.7927548364709546
3.3959999999998476,0.0039999999999995595,0.0,0.002705444271071471,0.0008988105970310459,-0.0006611459546475383,0.01706171255889817,0.7924736004738483
3.399999999999847,0.0039999999999995595,0.0,0.0026886124210544235,0.0008990136473714072,-0.0005933658096119786,0.016895792095067183,0.7921818300050866
3.4039999999998467,0.0039999999999995595,0.0,0.0026750416951720844,0.0008992469053982891,-0.0005263307246769226,0.016703054700102395,0.7918800088010239
3.4079999999998463,0.0039999999999995595,0.0,0.0026646787718770616,0.0008995095712826272,-0.00046014580213424067,0.016484240292267378,0.7915686325101408
3.411999999999846,0.0039999999999995595,0.0,0.002657439790803602,0.0008998007204757342,-0.000394913097044216,0.016240117167062678,0.7912482076567241
3.4159999999998454,0.0039999999999995595,0.0,0.002653212213858592,0.000900119308422076,-0.00033073150431598363,0.015971481729880724,0.7909192505874313
3.419999999999845,0.0039999999999995595,0.0,0.0026518572662463566,0.0009004641762476116,-0.000267696647575123,0.01567915799811396,0.7905822864046116
3.4239999999998445,0.0039999999999995595,0.0,0.0026532128551260215,0.0009008340573563898,-0.0002059007706818668,0.015363996892893332,0.7902378478900709
3.427999999999844,0.0039999999999995595,0.0,0.002657096843670535,0.0009012275848579216,-0.00014543263268527778,0.015026875339513156,0.7898864744227659
3.4319999999998436,0.0039999999999995595,0.0,0.002663310551207554,0.0009016432997393538,-8.637740692696733e-05,0.014668695194299109,0.7895287108935145
3.435999999999843,0.0039999999999995595,0.0,0.0026716423487208193,0.0009020796596896,-2.8816584941022668e-05,0.014290382013954751,0.7891651066197312
3.4399999999998427,0.0039999999999995595,0.0,0.002681871230810146,0.0009025350484773524,2.7172114264808695e-05,0.013892883682844684,0.7887962142628326
3.4439999999998423,0.0039999999999995595,0.0,0.0026937702586168452,0.0009030077857812462,8.151482901916753e-05,0.013477168912090014,0.7884225887510057
3.447999999999842,0.0039999999999995595,0.0,0.0027071097898922975,0.0009034961373683273,0.00013414163341529035,0.01304422562409183,0.7880447862098494
3.4519999999998414,0.0039999999999995595,0.0,0.0027216604332698817,0.0009039983255163817,0.00018498660893621113,0.012595059235355817,0.787663362903436
3.455999999999841,0.0039999999999995595,0.0,0.002737195685733342,0.0009045125395764511,0.00023398790890549653,0.012130690850054436,0.7872788741882538
3.4599999999998405,0.0039999999999995595,0.0,0.002753494231846656,0.0009050369465740276,0.0002810878154407395,0.011652155376704014,0.7868918734824905
3.46399999999984,0.0039999999999995595,0.0,0.002770341900666788,0.0009055697017508037,0.00032623278863479227,0.011160499580122364,0.7865029112531134
3.4679999999998397,0.0039999999999995595,0.0,0.002787533289677299,0.0009061089589533467,0.00036937350773634016,0.010656780080774622,0.7861125340230897
3.471999999999839,0.0039999999999995595,0.0,0.0028048730744887115,0.0009066528807805945,0.00041046490414770276,0.010142061313849099,0.785721283401056
3.4759999999998388,0.0039999999999995595,0.0,0.0028221770315349365,0.000907199648408452,0.0004494661861035811,0.00961741346046246,0.7853296951356997
3.4799999999998383,0.0039999999999995595,0.0,0.002839272802848961,0.00090774747101685,0.0004863408549383855,0.009083910363682073,0.7849382981968721
3.483999999999838,0.0039999999999995595,0.0,0.002856001265034478,0.0009082946518519003,0.0005210593103488577,0.008543844858700383,0.7845477178023531
3.4879999999998375,0.0039999999999995595,0.0,0.0028722196317098646,0.0009088396340690377,0.000553604966540838,0.008000164674718424,0.7841614610928099
3.491999999999837,0.0039999999999995595,0.0,0.0028878020569426677,0.0009093806199945964,0.0005839691023896841,0.007454641971777286,0.7837812628734381
3.4959999999998366,0.0039999999999995595,0.0,0.002902634752111316,0.0009099163720502993,0.0006121534887670045,0.006910669179175131,0.7834073306196662
3.499999999999836,0.0039999999999995595,0.0,0.002916612399386237,0.0009104462503102966,0.000638181711999608,0.006375587660962981,0.7834073306196662
3.5039999999998357,0.0039999999999995595,0.0,0.002929642329418809,0.0009109687173897339,0.0006620874674778606,0.0058429585572392405,0.7826815057198243
3.5079999999998353,0.0039999999999995595,0.0,0.0029416532968578597,0.0009114821897897605,0.000683849223300146,0.00530834164756537,0.7823242459214207
3.511999999999835,0.0039999999999995595,0.0,0.002952584122319891,0.0009119852054255905,0.0007034833204984255,0.004777713987765489,0.7819739230474444
3.5159999999998344,0.0039999999999995595,0.0,0.00296238826508792,0.0009124764511738004,0.0007210055832895856,0.004251082505528556,0.7816302681941139
3.519999999999834,0.0039999999999995595,0.0,0.002971032243960006,0.0009129547553587546,0.0007364330748868849,0.0037288540758379147,0.7837135196088103
3.5239999999998335,0.0039999999999995595,0.0,0.002978464182182546,0.0009134180992196782,0.0007498483392397777,0.0032356791976895535,0.7854165239374018
3.527999999999833,0.0039999999999995595,0.0,0.0029846076837531685,0.0009138636055108771,0.0007614170533176823,0.0027849668991628824,0.786330125824342
3.5319999999998326,0.0039999999999995595,0.0,0.0029893980579205996,0.0009142901366630077,0.0007713214343801418,0.0023797611655223976,0.7865355348560326
3.535999999999832,0.0039999999999995595,0.0,0.002992807839429383,0.0009146971743030049,0.0007797039378136146,0.002006778110242161,0.7860610067707263
3.5399999999998317,0.0039999999999995595,0.0,0.002994847019165208,0.0009150843269853065,0.0007866617860877233,0.001655895473597052,0.7848938830398164
3.5439999999998313,0.0039999999999995595,0.0,0.0029955532673327017,0.0009154513129785777,0.0007922626135897675,0.0013205697835139598,0.7830424592614151
3.547999999999831,0.0039999999999995595,0.0,0.002994984342663434,0.0009157979575753329,0.0007965552946638246,0.000996774505426968,0.7805280747319112
3.5519999999998304,0.0039999999999995595,0.0,0.002993212204012724,0.0009161241945452006,0.0007995773946785345,0.000682360743038419,0.779165772817354
3.55599999999983,0.0039999999999995595,0.0,0.00299031845066899,0.0009164300666007261,0.0008013602475139296,0.00037726634724193054,0.7789467267638527
3.5599999999998295,0.0039999999999995595,0.0,0.0029863908007147725,0.0009167157227729139,0.0008019323629278572,9.823597132925627e-05,0.7787351945130011
3.563999999999829,0.0039999999999995595,0.0,0.0029815203775960036,0.0009169814122703086,0.0008013216595330728,0.0002343143954747278,0.7785313610093636
3.5679999999998286,0.0039999999999995595,0.0,0.002975801794076094,0.0009172276967627067,0.0007995471246658116,0.000520102177301729,0.7785313610093636
3.571999999999828,0.0039999999999995595,0.0,0.0029693282074290464,0.0009174554012384099,0.0007966253723389631,0.0008001435044932227,0.7781384242280835
3.5759999999998278,0.0039999999999995595,0.0,0.0029621858908236657,0.0009176644737006651,0.0007926140606238262,0.001071750944092696,0.7779615454501664
3.5799999999998273,0.0039999999999995595,0.0,0.002954485206577853,0.0009178566231549598,0.0007874988866037718,0.001347901484254472,0.777786434057808
3.583999999999827,0.0039999999999995595,0.0,0.0029463322831884604,0.0009180335671336226,0.0007812553701347366,0.0016351650427948255,0.777786434057808
3.5879999999998264,0.0039999999999995595,0.0,0.002937853848904646,0.0009181968176969705,0.0007737676123583878,0.0019537227616031635,0.777786434057808
3.591999999999826,0.0039999999999995595,0.0,0.002929144801370032,0.0009183471262583764,0.0007649757327159919,0.0022746569852110364,0.777429650845861
3.5959999999998256,0.0039999999999995595,0.0,0.0029202488830160737,0.0009184837479407364,0.0007549699254723642,0.0025703127667164906,0.7770602992294167
3.599999999999825,0.0039999999999995595,0.0,0.0029112067692339616,0.0009186060544687178,0.0007438431161968302,0.002849765225978267,0.7769115511485679
3.6039999999998247,0.0039999999999995595,0.0,0.0029020739395671227,0.0009187144377235013,0.000731616551347471,0.003122566362192534,0.7767639331675794
3.6079999999998242,0.0039999999999995595,0.0,0.002892894580363607,0.0009188093339562485,0.0007183300871307286,0.003384482066133409,0.7766206102878493
3.611999999999824,0.0039999999999995595,0.0,0.0028837126786262217,0.0009188914455966741,0.0007040067611539482,0.003647398861129518,0.7766206102878493
3.6159999999998234,0.0039999999999995595,0.0,0.0028745660011904386,0.000918961670627552,0.0006886645231745515,0.003888477072582148,0.7763342301882861
3.619999999999823,0.0039999999999995595,0.0,0.00286545262853997,0.0009190195234914647,0.0006724722905241316,0.004097353026680746,0.7762181096615466
3.6239999999998225,0.0039999999999995595,0.0,0.0028564016186717212,0.0009190653749435629,0.0006554896183502741,0.004291052878379127,0.7761058211810594
3.627999999999822,0.0039999999999995595,0.0,0.0028474391812128978,0.000919099586903462,0.0006377797365357631,0.0044688004456166055,0.7759985479110653
3.6319999999998216,0.0039999999999995595,0.0,0.0028385894868856536,0.0009191225034671381,0.0006194075710998507,0.00463027136728518,0.775896869287788
3.635999999999821,0.0039999999999995595,0.0,0.0028298751792182023,0.000919134448256461,0.0006004383647286912,0.004775455584458884,0.7758010128388004
3.6399999999998207,0.0039999999999995595,0.0,0.002821317668689891,0.0009191357250739086,0.0005809367254123539,0.004904558941946621,0.7757110047968135
3.6439999999998203,0.0039999999999995595,0.0,0.0028129372708921986,0.0009191266201512906,0.0005609659823481376,0.005017932525300566,0.7756267592894879
3.64799999999982,0.0039999999999995595,0.0,0.002804753236475146,0.0009191074050367811,0.0005405877626339794,0.005116021903678032,0.7755481304397783
3.6519999999998194,0.0039999999999995595,0.0,0.002796783708402264,0.0009190783395964723,0.0005198617262006659,0.005199330804149784,0.7754749422231565
3.655999999999819,0.0039999999999995595,0.0,0.00278904563453231,0.0009190396748538161,0.0004988454133606409,0.005268395328478584,0.77540700510876
3.6599999999998185,0.0039999999999995595,0.0,0.0027815546560038085,0.0009189916555319388,0.00047759417151854017,0.005323765906903166,0.7753441249490933
3.663999999999818,0.0039999999999995595,0.0,0.0027743249875195474,0.0009189345222449639,0.0004561611364530482,0.00536599493877324,0.7752861074069063
3.6679999999998176,0.0039999999999995595,0.0,0.0027673693004905305,0.000918868513330645,0.00043459725011492313,0.0053956286048343184,0.7752327598827304
3.671999999999817,0.0039999999999995595,0.0,0.002760698617668591,0.0009187938663423918,0.00041295130174662844,0.005413201722172754,0.7751838921023787
3.6759999999998167,0.0039999999999995595,0.0,0.002754322224704688,0.0009187108192323525,0.00039126998276829846,0.005419234795681989,0.7751393160383016
3.6799999999998163,0.0039999999999995595,0.0,0.002748247602184642,0.0009186196112634717,0.00036959794860738876,0.0054142326304471074,0.7750988455473913
3.683999999999816,0.0039999999999995595,0.0,0.002742480380833036,0.000918520483690186,0.00034797788270357757,0.005398684027505904,0.7750622959348088
3.6879999999998154,0.0039999999999995595,0.0,0.002737024319727357,0.0009184136802463585,0.0003264505594601559,0.005373062205391345,0.7750294835517798
3.691999999999815,0.0039999999999995595,0.0,0.0027318813084304576,0.0009182994474763424,0.0003050549040611465,0.005337825681510861,0.7750002254768702
3.6959999999998145,0.0039999999999995595,0.0,0.002727051391607439,0.0009181780349413784,0.00028382804792062214,0.005293419417545907,0.7749743392973779
3.699999999999814,0.0039999999999995595,0.0,0.0027225328151643177,0.0009180496953293754,0.0002628053791493895,0.00524027608660184,0.7749516429900892
3.7039999999998137,0.0039999999999995595,0.0,0.0027183220916741266,0.0009179146844918505,0.00024202058786535954,0.005178817361223258,0.774931954891853
3.7079999999998132,0.0039999999999995595,0.0,0.0027144140834571393,0.0009177732614276165,0.00022150570648155735,0.005109455152588248,0.7749150937469428
3.711999999999813,0.0039999999999995595,0.0,0.002710802101199744,0.0009176256882289014,0.00020129114531133144,0.0050325927548458315,0.7749008788173223
3.7159999999998123,0.0039999999999995595,0.0,0.002707478015441985,0.0009174722300020145,0.00018140572395893592,0.004948625866628111,0.7748891300426437
3.719999999999812,0.0039999999999995595,0.0,0.002704432378747991,0.000917313154771529,0.00016187669903554717,0.004857943474645603,0.7748796682380972
3.7239999999998115,0.0039999999999995595,0.0,0.002701654556554104,0.0009171487333742542,0.00014272978877069277,0.004760928594115281,0.7748723153198528
3.727999999999811,0.0039999999999995595,0.0,0.002699132863985356,0.0009169792393469854,0.00012398919508933588,0.004657958867554253,0.7748668945494527
3.7319999999998106,0.0039999999999995595,0.0,0.0026968547069678157,0.0009168049488101929,0.00010567762370359838,0.004549407028208266,0.7748632307898988
3.73599999999981,0.0039999999999995595,0.0,0.0026948067251316003,0.0009166261403483186,8.781630273450019e-05,0.004435641237225916,0.774861150767638
3.7399999999998097,0.0039999999999995595,0.0,0.0026929749352775857,0.0009164430948862544,7.04250003349024e-05,0.004317025306139631,0.7748604833356533
3.7439999999998093,0.0039999999999995595,0.0,0.0026913448732525883,0.000916256095560783,5.3522041737576015e-05,0.004193918816516403,0.7748610597339052
3.747999999999809,0.0039999999999995595,0.0,0.002689901732680682,0.0009160654275852029,3.7124326102144195e-05,0.004066677149549691,0.7748627138441323
3.7519999999998084,0.0039999999999995595,0.0,0.002688630499530106,0.0009158713781050811,2.1247343485640706e-05,0.003935651437674524,0.7748652824367157
3.755999999999808,0.0039999999999995595,0.0,0.002687516081208043,0.0009156742360429236,5.9051922131945485e-06,0.0038011884503122697,0.7748686054078227
3.7599999999998075,0.0039999999999995595,0.0,0.0026865434290029282,0.000915474291929613,-8.889403119639153e-06,0.0036636304247859436,0.7748725260054941
3.763999999999807,0.0039999999999995595,0.0,0.002685697653360285,0.0009152718377205848,-2.3125072823366562e-05,0.0035233148527929496,0.7748768910436922
3.7679999999998066,0.0039999999999995595,0.0,0.002684964130987538,0.0009150671665949623,-3.679178231877284e-05,0.003380574232021688,0.7748815511036303
3.771999999999806,0.0039999999999995595,0.0,0.0026843286035295277,0.0009148605727361603,-4.98808112527178e-05,0.0032357357915069173,0.7748863607218852
3.7759999999998057,0.0039999999999995595,0.0,0.002683777267473458,0.0009146523510928069,-6.238473144011268e-05,0.0030891211984902392,0.7748911785650423
3.7799999999998053,0.0039999999999995595,0.0,0.0026832968546057147,0.0009144427971191986,-7.429738357464803e-05,0.0029410462538566554,0.7748958675906944
3.783999999999805,0.0039999999999995595,0.0,0.002682874703614925,0.0009142322064948727,-8.561385267498771e-05,0.0027918205825188222,0.7749002951947896
3.7879999999998044,0.0039999999999995595,0.0,0.002682498361078966,0.0009140207895024946,-9.633725027882824e-05,0.002645129317460132,0.7749043228056692
3.791999999999804,0.0039999999999995595,0.0,0.002682153499083765,0.0009138083464124818,-0.00010651010094880404,0.0025110481792788453,0.7749043228056692
3.7959999999998035,0.0039999999999995595,0.0,0.002681826694562155,0.0009135947684498205,-0.00011616973796487727,0.002382768940704625,0.774895126861917
3.799999999999803,0.0039999999999995595,0.0,0.0026815067371549492,0.0009133800143189346,-0.00012531956731169234,0.002256486933041123,0.7748893466937891
3.8039999999998027,0.0039999999999995595,0.0,0.0026811836685977177,0.0009131642044411622,-0.0001339740834119491,0.002133446108529869,0.7748813658077464
3.807999999999802,0.0039999999999995595,0.0,0.0026808489574544924,0.0009129476131938014,-0.00014214677222829143,0.0020144104221075693,0.7748717703898537
3.8119999999998018,0.0039999999999995595,0.0,0.002680494912780724,0.0009127309036731784,-0.0001498632063841668,0.0019018578690329804,0.7748588101892373
3.8159999999998013,0.0039999999999995595,0.0,0.0026801154447281808,0.0009125146974244624,-0.00015714241765813668,0.0017935636019532524,0.7748431427397726
3.819999999999801,0.0039999999999995595,0.0,0.0026797060838389918,0.0009122995293732413,-0.0001639969575565027,0.0016880911916944614,0.7748255745277836
3.8239999999998004,0.0039999999999995595,0.0,0.0026792638237020236,0.0009120858667314497,-0.00017043535820930863,0.0015845623390472316,0.7748064741147376
3.8279999999998,0.0039999999999995595,0.0,0.0026787869516776137,0.0009118741254081998,-0.000176463820202413,0.0014824808131312889,0.7747859738047495
3.8319999999997996,0.0039999999999995595,0.0,0.002678274879009289,0.0009116646829716739,-0.00018208735967748655,0.001381609246287739,0.7747640862702511
3.835999999999799,0.0039999999999995595,0.0,0.002677727977851968,0.0009114578882703624,-0.00018731057651188927,0.0012818827993023828,0.7747407704607735
3.8399999999997987,0.0039999999999995595,0.0,0.0026771474300010443,0.0009112540682268667,-0.00019213815689150847,0.0011833486851225293,0.7747159676115156
3.8439999999997982,0.0039999999999995595,0.0,0.0026765350886623672,0.0009110535324087762,-0.00019657518999520581,0.0010861239147669473,0.774689619892517
3.847999999999798,0.0039999999999995595,0.0,0.002675893354063994,0.0009108565759361552,-0.00020062735508196583,0.0009903659390831804,0.774661679190012
3.8519999999997974,0.0039999999999995595,0.0,0.00267522506280167,0.0009106634811920942,-0.000204301018835107,0.0008962524569733582,0.7746321104465901
3.855999999999797,0.0039999999999995595,0.0,0.0026745333899021707,0.0009104745187027335,-0.00020760327122292321,0.0008039677794188882,0.7746008921381482
3.8599999999997965,0.0039999999999995595,0.0,0.00267382176238604,0.0009102899474634975,-0.00021054191991871373,0.0007136939422485126,0.7745680153595603
3.863999999999796,0.0039999999999995595,0.0,0.00267309378411303,0.000910110014914451,-0.00021312545747770314,0.0006256053720223424,0.7745334823361499
3.8679999999997956,0.0039999999999995595,0.0,0.0026723531694155494,0.0009099349567098509,-0.0002153630112983116,0.0005398664497381997,0.7744973047955693
3.871999999999795,0.0039999999999995595,0.0,0.002671603685894193,0.0009097649963831123,-0.00021726428341458452,0.00045663197342649006,0.7744595024154922
3.8759999999997947,0.0039999999999995595,0.0,0.002670849104677902,0.0009096003449759321,-0.0002188394850335269,0.00037605175573829163,0.7744201014401407
3.8799999999997943,0.0039999999999995595,0.0,0.00267009315753382,0.000909441200676722,-0.00022009926920555238,0.0002982839666919608,0.7743791334929984
3.883999999999794,0.0039999999999995595,0.0,0.002669339499923657,0.0009092877484966383,-0.00022105466392555246,0.0002235340196632284,0.7743366345800243
3.8879999999997934,0.0039999999999995595,0.0,0.002668591679770486,0.0009091401599996924,-0.00022171700718577882,0.00015219497455176427,0.7742926442628888
3.891999999999793,0.0039999999999995595,0.0,0.00266785311107775,0.0009089985930952272,-0.00022209788495024122,8.561382897977691e-05,0.7742472049769691
3.8959999999997925,0.0039999999999995595,0.0,0.002667127051833661,0.0009088631918956016,-0.0002222090726319506,3.5395964990526596e-05,0.7742003614689935
3.899999999999792,0.0039999999999995595,0.0,0.002666416586050553,0.0009087340866383002,-0.00022206248038267288,6.122676003636192e-05,0.7741521603317794
3.9039999999997916,0.0039999999999995595,0.0,0.00266572460933098,0.0009086113936694766,-0.00022167010231736263,0.00011693396319490322,0.774102649616867
3.907999999999791,0.0039999999999995595,0.0,0.002665053817559552,0.0009084952154846281,-0.0002210439696685244,0.00017301062108438626,0.7740518785092338
3.9119999999997908,0.0039999999999995595,0.0,0.00266440669881851,0.0009083856408214346,-0.00022019610778156455,0.0002269081138244047,0.7739998970513925
3.9159999999997903,0.0039999999999995595,0.0,0.002663785527541041,0.0009082827447995947,-0.00021913849680877802,0.00027813636357033834,0.7739467559068269
3.91999999999979,0.0039999999999995595,0.0,0.0026631923612059714,0.0009081865891025133,-0.00021788303592752648,0.0003265544919068598,0.7738925061549267
3.9239999999997894,0.0039999999999995595,0.0,0.00266262903933503,0.0009080972221959428,-0.0002164415108910232,0.00037212428504842637,0.7738371991113361
3.927999999999789,0.0039999999999995595,0.0,0.002662097183968413,0.0009080146795789893,-0.00021482556471382166,0.0004148494509105999,0.7737808861690165
3.9319999999997886,0.0039999999999995595,0.0,0.0026615982021266542,0.0009079389840632682,-0.00021304667129386505,0.0004547553200547242,0.7737236186564296
3.935999999999788,0.0039999999999995595,0.0,0.0026611332897651116,0.0009078701460763982,-0.00021111611177782472,0.0004918804704372864,0.7736654477100855
3.9399999999997877,0.0039999999999995595,0.0,0.0026607034365584642,0.0009078081639863517,-0.0002090449534840054,0.0005262726452961861,0.7736064241593205
3.9439999999997872,0.0039999999999995595,0.0,0.0026603094324364625,0.0009077530244435952,-0.0002068440312062395,0.0005579864604024974,0.773546598421672
3.947999999999787,0.0039999999999995595,0.0,0.002659951874621779,0.0009077047027382411,-0.0002045239307321727,0.0005870819490294989,0.7734860204075927
3.9519999999997864,0.0039999999999995595,0.0,0.002659631175671539,0.0009076631631697479,-0.00020209497441947742,0.0006136235400641567,0.7734247394335046
3.955999999999786,0.0039999999999995595,0.0,0.0026593475719800404,0.0009076283594269714,-0.00019956720868364027,0.0006376792808548267,0.7733628041424239
3.9599999999997855,0.0039999999999995595,0.0,0.002659101133033901,0.0009076002349766068,-0.00019695039326084887,0.0006593202102354181,0.7733002624315162
3.963999999999785,0.0039999999999995595,0.0,0.0026588917709170464,0.0009075787234582782,-0.00019425399211857227,0.0006786198310342286,0.7732371613860883
3.9679999999997846,0.0039999999999995595,0.0,0.0026587192501466264,0.0009075637490847001,-0.00019148716589521212,0.0006956536531997662,0.773173547219574
3.971999999999784,0.0039999999999995595,0.0,0.0026585831977117393,0.0009075552270455193,-0.00018865876575818787,0.000710498790124759,0.7731094652191767
3.9759999999997837,0.0039999999999995595,0.0,0.002658483113186443,0.0009075530639135802,-0.00018577732857739338,0.0007232335972055253,0.7730449596968341
3.9799999999997833,0.0039999999999995595,0.0,0.0026584183787882304,0.0009075571580524624,-0.00018285107331776295,0.0007339373452112341,0.772980073945247
3.983999999999783,0.0039999999999995595,0.0,0.0026583882696288555,0.0009075674000242936,-0.00017988789856102747,0.0007426899234189436,0.7729148501987099
3.9879999999997824,0.0039999999999995595,0.0,0.002658391963402041,0.0009075836729968933,-0.00017689538107268295,0.0007495715686173742,0.7728493295985182
3.991999999999782,0.0039999999999995595,0.0,0.0026584285502978147,0.0009076058531494221,-0.0001738807753353749,0.0007546626172697327,0.7727835521627359
3.9959999999997815,0.0039999999999995595,0.0,0.002658497042388112,0.0009076338100757775,-0.0001708510139748513,0.000758043278503404,0.772717556760123
3.999999999999781,0.0039999999999995595,0.0,0.0026585963828560343,0.0009076674071850462,-0.00016781270900940892,0.0007597934260423313,0.772651381088015
4.003999999999781,0.0040000000000000036,0.0,0.002658725454898439,0.0009077065020983867,-0.00016477215385747452,0.0007599924076889958,0.7725850616539905
4.007999999999781,0.0039999999999995595,0.0,0.0026588830902570535,0.0009077509470417822,-0.0001617353260423504,0.0007587188708707072,0.772518633761118
4.01199999999978,0.0039999999999995595,0.0,0.002659068077124857,0.0009078005892341502,-0.00015870789053614064,0.0007560506033394796,0.7724521314966319
4.01599999999978,0.0039999999999995595,0.0,0.0026592791681768584,0.0009078552712703397,-0.00015569520368862325,0.0007520643878086465,0.7723855877238457
4.019999999999779,0.0039999999999995595,0.0,0.0026595150876374527,0.0009079148314985929,-0.00015270231768977943,0.0007468358697180992,0.7723190340771452
4.023999999999779,0.0039999999999995595,0.0,0.002659774538217625,0.0009079791043921027,-0.0001497339855175607,0.0007404394373585265,0.7722525009598874
4.027999999999778,0.0039999999999995595,0.0,0.0026600562075863626,0.0009080479209143145,-0.00014679466632498315,0.0007329481135476463,0.772186017545066
4.031999999999778,0.0039999999999995595,0.0,0.0026603587742080963,0.0009081211088776643,-0.00014388853122353231,0.0007244334581825838,0.7721196117785613
4.0359999999997775,0.0039999999999995595,0.0,0.0026606809130877806,0.0009081984932954836,-0.00014101946942183738,0.0007149654811141659,0.7720533103848387
4.039999999999777,0.0039999999999995595,0.0,0.00266102130075505,0.0009082798967268228,-0.00013819109468103498,0.0007046125646515872,0.7719871388749455
4.043999999999777,0.0039999999999995595,0.0,0.002661378620029546,0.0009083651396139687,-0.00013540675205032663,0.000693441395234084,0.7719211215566473
4.047999999999776,0.0039999999999995595,0.0,0.0026617515642332764,0.0009084540406124722,-0.00013266952484821396,0.0006815169036735025,0.771855281546581
4.051999999999776,0.0039999999999995595,0.0,0.0026621388411836866,0.0009085464169135088,-0.00012998224185671925,0.0006689022135876358,0.7717896407842738
4.055999999999775,0.0039999999999995595,0.0,0.0026625391765503804,0.0009086420845584225,-0.00012734748469775615,0.0006556585974950682,0.7717242200479009
4.059999999999775,0.0039999999999995595,0.0,0.0026629513171179636,0.0009087408587453278,-0.0001247675953626879,0.0006418454400967553,0.7716590389716451
4.0639999999997745,0.0039999999999995595,0.0,0.0026633739833913234,0.0009088424593109439,-0.00012224309026277535,0.0006283144213302756,0.7716590389716451
4.067999999999774,0.0039999999999995595,0.0,0.0026638059416893246,0.0009089464881282051,-0.00011977198346793409,0.0006147781139130168,0.7715941160645369
4.071999999999774,0.0039999999999995595,0.0,0.002664246312438272,0.0009090530031827696,-0.00011735912931244602,0.0005996800130661394,0.7714655368705824
4.075999999999773,0.0039999999999995595,0.0,0.002664694197311515,0.0009091621697141078,-0.00011501097922912887,0.0005835367851781462,0.7714010897691569
4.079999999999773,0.0039999999999995595,0.0,0.002665148302941247,0.0009092736882111242,-0.00011272788448820133,0.0005672962404358841,0.7713371765991729
4.083999999999772,0.0039999999999995595,0.0,0.0026656074409573257,0.0009093873070713216,-0.00011051029764647203,0.000550939989001103,0.7712737081751498
4.087999999999772,0.0039999999999995595,0.0,0.0026660704994395427,0.0009095028035188304,-0.00010835868532028686,0.0005344689382155523,0.7712106399710723
4.091999999999771,0.0039999999999995595,0.0,0.002666536426216455,0.0009096199723802868,-0.00010627347271746691,0.0005178962297672522,0.7711479526639796
4.095999999999771,0.0039999999999995595,0.0,0.0026670042192525516,0.0009097386195365531,-0.0001042550089057247,0.0005012426198232201,0.771085640776345
4.0999999999997705,0.0039999999999995595,0.0,0.0026674729210362617,0.000909858558153632,-0.00010230354572132245,0.0004845334341462523,0.7710237061098004
4.10399999999977,0.0039999999999995595,0.0,0.002667941615300128,0.0009099796065610433,-0.00010041922571774827,0.00046779654615985446,0.7709621539966777
4.10799999999977,0.0039999999999995595,0.0,0.002668409425030709,0.0009101015871022099,-9.860207614845137e-05,0.00045106102485316407,0.7709009911968181
4.111999999999769,0.0039999999999995595,0.0,0.002668875511351138,0.0009102243255539994,-9.685200700254966e-05,0.00043435622543843745,0.770840224746415
4.115999999999769,0.0039999999999995595,0.0,0.0026693390726102405,0.0009103476508756358,-9.516881177465651e-05,0.0004177111755629592,0.7707798613515782
4.119999999999768,0.0039999999999995595,0.0,0.002669799343803119,0.0009104713951447598,-9.355217008223205e-05,0.00040115416093692885,0.7707199070889669
4.123999999999768,0.0039999999999995595,0.0,0.0026702555958242483,0.0009105953935967385,-9.200165152728403e-05,0.0003847124471491382,0.7706603672761255
4.127999999999767,0.0039999999999995595,0.0,0.0026707071352187637,0.0009107194847181341,-9.051672038789953e-05,0.00036841209549067665,0.770601246432989
4.131999999999767,0.0039999999999995595,0.0,0.0026711533031432,0.0009108435103659427,-8.909674085093187e-05,0.00035227784459351136,0.7705425482903375
4.1359999999997665,0.0039999999999995595,0.0,0.002671593475240738,0.0009109673158964369,-8.774098258284856e-05,0.0003363330386175575,0.7704842758207738
4.139999999999766,0.0039999999999995595,0.0,0.0026720270605188755,0.0009110907502946533,-8.644862649428693e-05,0.0003205995888871146,0.7704264312790929
4.143999999999766,0.0039999999999995595,0.0,0.0026724535009757275,0.0009112136662997048,-8.52187705943692e-05,0.00030509795980305024,0.7703690162452866
4.147999999999765,0.0039999999999995595,0.0,0.0026728722707282356,0.0009113359205234979,-8.405043585957335e-05,0.0002898471726967918,0.7703120316668919
4.151999999999765,0.0039999999999995595,0.0,0.0026732828752659915,0.0009114573735617376,-8.294257206181202e-05,0.00027486482316731273,0.7702554778993141
4.155999999999764,0.0039999999999995595,0.0,0.0026736848507891917,0.000911577890096832,-8.189406351546871e-05,0.00026016710867113736,0.7701993547436571
4.159999999999764,0.0039999999999995595,0.0,0.002674077763340161,0.0009116973389926606,-8.09037347130927e-05,0.0002457688643523687,0.7701436614821195
4.1639999999997634,0.0039999999999995595,0.0,0.0026744612081024033,0.0009118155933813451,-7.997035582775847e-05,0.0002316836055241503,0.7700883969111478
4.167999999999763,0.0039999999999995595,0.0,0.002674834808452061,0.0009119325307422119,-7.909264806559528e-05,0.00021792357598117993,0.7700335593726417
4.171999999999763,0.0039999999999995595,0.0,0.0026751982154261267,0.0009120480329731628,-7.826928885651018e-05,0.00020449980174475007,0.769979146783463
4.175999999999762,0.0039999999999995595,0.0,0.002675551106818685,0.000912161986454641,-7.749891687434958e-05,0.00019142215037574897,0.7699251566634938
4.179999999999762,0.0039999999999995595,0.0,0.002675893186444963,0.0009122742821063616,-7.678013688016818e-05,0.00017869939642215808,0.7698715861624308
4.183999999999761,0.0039999999999995595,0.0,0.002676224183448633,0.000912384815436954,-7.61115243847261e-05,0.00016633929421040302,0.7698184320854414
4.187999999999761,0.0039999999999995595,0.0,0.0026765438514449644,0.000912493486586644,-7.549163012724963e-05,0.00015434866005767375,0.7697656909178439
4.19199999999976,0.0039999999999995595,0.0,0.0026768519679976903,0.0009126002003630903,-7.491898436920902e-05,0.00014273346712240237,0.7697133588488473
4.19599999999976,0.0039999999999995595,0.0,0.0026771483337658095,0.0009127048662704813,-7.439210100264005e-05,0.00013149895776032718,0.7696614317944476
4.1999999999997595,0.0039999999999995595,0.0,0.0026774327719425706,0.0009128073985319824,-7.390948147340701e-05,0.00012064978095563418,0.7696099054195138
4.203999999999759,0.0039999999999995595,0.0,0.0026777052303555674,0.0009129077431008651,-7.346959420468137e-05,0.00011020505621362607,0.7696099054195138
4.207999999999759,0.0039999999999995595,0.0,0.0026779657654784584,0.0009130058747301471,-7.307089836037913e-05,0.00010014686118026166,0.7695074283048495
4.211999999999758,0.0039999999999995595,0.0,0.0026782139388922804,0.0009131016365197987,-7.271196155246359e-05,9.04724399737069e-05,0.7694572166502667
4.215999999999758,0.0039999999999995595,0.0,0.0026784496576613176,0.0009131949584561187,-7.239125828072803e-05,8.120306983512035e-05,0.7694073389456494
4.219999999999757,0.0039999999999995595,0.0,0.0026786728513396585,0.0009132857783990924,-7.210727273140826e-05,7.234374829479197e-05,0.7693578058864516
4.223999999999757,0.0039999999999995595,0.0,0.0026788834693056334,0.0009133740403286008,-7.185849959494755e-05,6.390212240860905e-05,0.7693086226308947
4.227999999999756,0.0039999999999995595,0.0,0.0026790814790521272,0.0009134596933802012,-7.164344548515939e-05,5.589000958868941e-05,0.7692597906437101
4.231999999999756,0.0039999999999995595,0.0,0.0026792668653491804,0.0009135426913399339,-7.146063067168126e-05,4.8326098743207036e-05,0.7692113089218645
4.2359999999997555,0.0039999999999995595,0.0,0.0026794396293253198,0.0009136229923973839,-7.130859094955652e-05,4.124076421994833e-05,0.7691631748106961
4.239999999999755,0.0039999999999995595,0.0,0.0026795997880476275,0.0009137005590370542,-7.11858795384025e-05,3.468483428168761e-05,0.7691153845486118
4.243999999999755,0.0039999999999995595,0.0,0.0026797473742273966,0.0009137753579979032,-7.109106894532939e-05,2.8745791133305643e-05,0.7690679336319244
4.247999999999754,0.0039999999999995595,0.0,0.0026798824356784245,0.0009138473602611513,-7.102275275196438e-05,2.3576778908786864e-05,0.7690208170604437
4.251999999999754,0.0039999999999995595,0.0,0.0026800050350665365,0.0009139165410445415,-7.097954730211666e-05,1.9439552662635648e-05,0.7689740295039592
4.255999999999753,0.0039999999999995595,0.0,0.002680115249453093,0.0009139828797918951,-7.096009327678289e-05,1.6722440813961963e-05,0.7689275654161891
4.259999999999753,0.0039999999999995595,0.0,0.0026802131699224583,0.0009140463601528602,-7.096305714961222e-05,1.5789229544154335e-05,0.7688814191137616
4.263999999999752,0.0039999999999995595,0.0,0.00268029890129336,0.000914106969951123,-7.09871325201284e-05,1.661430632812541e-05,0.7688355848318698
4.267999999999752,0.0039999999999995595,0.0,0.002680372561582696,0.0009141647011411067,-7.103104132464102e-05,1.870652444118467e-05,0.7687900567642824
4.2719999999997516,0.0039999999999995595,0.0,0.002680434281718824,0.0009142195497540022,-7.10935349265526e-05,2.1493735442065302e-05,0.7687448290928085
4.275999999999751,0.0039999999999995595,0.0,0.0026804842049657873,0.0009142715158343191,-7.117339508866651e-05,2.4576835322462157e-05,0.7686998960095988
4.279999999999751,0.0039999999999995595,0.0,0.0026805224866797233,0.0009143206033681839,-7.126943483098266e-05,2.7725881971105394e-05,0.7686552517345044
4.28399999999975,0.0039999999999995595,0.0,0.002680549293776097,0.0009143668202045258,-7.138049917782467e-05,3.081470876971388e-05,0.7686108905289918
4.28799999999975,0.0039999999999995595,0.0,0.0026805648934938816,0.0009144102346225446,-7.150568672451894e-05,3.388777394875902e-05,0.7686108905289918
4.291999999999749,0.0039999999999995595,0.0,0.0026805696809858405,0.0009144510010594756,-7.164445914243209e-05,3.6864874720589904e-05,0.7685668067075859
4.295999999999749,0.0039999999999995595,0.0,0.002680563642310766,0.0009144890126709007,-7.179533348185445e-05,3.9480874100787684e-05,0.7684782344575165
4.2999999999997485,0.0039999999999995595,0.0,0.0026805466735195685,0.0009145240827046241,-7.195655436816688e-05,4.179394983319885e-05,0.7684352453160584
4.303999999999748,0.0039999999999995595,0.0,0.0026805191552041674,0.0009145563542450347,-7.21274992540431e-05,4.40509086351224e-05,0.7684352453160584
4.307999999999748,0.0039999999999995595,0.0,0.0026804815321679627,0.0009145860159850324,-7.230785473847941e-05,4.6194368025192595e-05,0.768392419707525
4.311999999999747,0.0039999999999995595,0.0,0.0026804339544213617,0.0009146130572732082,-7.249656353488872e-05,4.80989641678935e-05,0.7683490894364922
4.315999999999747,0.0039999999999995595,0.0,0.0026803764902750757,0.0009146373995589278,-7.269237663754926e-05,4.9654862575919216e-05,0.7682635002077172
4.319999999999746,0.0039999999999995595,0.0,0.0026803091712777403,0.0009146589084385462,-7.289379184687097e-05,5.0931966710101506e-05,0.7682218590716124
4.323999999999746,0.0039999999999995595,0.0,0.002680232375373049,0.000914677693028158,-7.310017810493698e-05,5.206563060177582e-05,0.7681802906421896
4.327999999999745,0.0039999999999995595,0.0,0.002680146444654406,0.0009146938403921093,-7.331087944031044e-05,5.30479891398592e-05,0.7681388504087983
4.331999999999745,0.0039999999999995595,0.0,0.0026800517007405447,0.0009147074247803932,-7.352523330092225e-05,5.387613570151158e-05,0.7680975710077547
4.3359999999997445,0.0039999999999995595,0.0,0.002679948454062693,0.0009147185132295351,-7.374258280371615e-05,5.455047286999647e-05,0.7680564709347258
4.339999999999744,0.0039999999999995595,0.0,0.0026798370096312338,0.0009147271689769569,-7.396228494020745e-05,5.507362817066419e-05,0.7680155599609215
4.343999999999744,0.0039999999999995595,0.0,0.002679717670192899,0.0009147334535479369,-7.418371606667972e-05,5.544973068653527e-05,0.7679748424988607
4.347999999999743,0.0039999999999995595,0.0,0.002679590738352453,0.0009147374280285089,-7.440627555053206e-05,5.568392101263e-05,0.7679343196928355
4.351999999999743,0.0039999999999995595,0.0,0.002679456517658708,0.000914739153833834,-7.46293881493409e-05,5.578201416072847e-05,0.7678939907163195
4.355999999999742,0.0039999999999995595,0.0,0.0026793153133590425,0.0009147386931605172,-7.485250550736411e-05,5.5750264012950865e-05,0.7678538535763737
4.359999999999742,0.0039999999999995595,0.0,0.002679167432283636,0.0009147361092388274,-7.507510702933666e-05,5.559519621915536e-05,0.7678139056116525
4.363999999999741,0.0039999999999995595,0.0,0.0026790131832681247,0.0009147314664569541,-7.529670030874839e-05,5.5323487817006216e-05,0.7677741438001102
4.367999999999741,0.0039999999999995595,0.0,0.0026788528767057894,0.0009147248304026778,-7.551682123319206e-05,5.494187931186685e-05,0.7677345649485714
4.3719999999997405,0.0039999999999995595,0.0,0.0026786868553914647,0.0009147163133285744,-7.573521393112499e-05,5.454611534020729e-05,0.7677345649485714
4.37599999999974,0.0039999999999995595,0.0,0.002678515426727788,0.0009147060340794691,-7.595172437911398e-05,5.4013851620443e-05,0.7676553353303367
4.37999999999974,0.0039999999999995595,0.0,0.0026783387529972515,0.0009146938880454031,-7.616535122927738e-05,5.3301462065556387e-05,0.7676164538782657
4.383999999999739,0.0039999999999995595,0.0,0.0026781571984199823,0.0009146799753157391,-7.637580291060428e-05,5.25196182559542e-05,0.7675776792107295
4.387999999999739,0.0039999999999995595,0.0,0.0026779711078431653,0.0009146643848992355,-7.658279403040276e-05,5.167015175971011e-05,0.7675390324354169
4.391999999999738,0.0039999999999995595,0.0,0.002677780814120544,0.0009146471994389837,-7.678605123008408e-05,5.075621611828366e-05,0.7675005256533015
4.395999999999738,0.0039999999999995595,0.0,0.002677586642218588,0.0009146284979744124,-7.698531680776012e-05,4.9781774943377294e-05,0.7674621653996185
4.3999999999997375,0.0039999999999995595,0.0,0.0026773889118724683,0.0009146083575465253,-7.718035087771603e-05,4.8751268767927315e-05,0.7674239547876605
4.403999999999737,0.0039999999999995595,0.0,0.0026771879387497586,0.0009145868541157729,-7.737093256475206e-05,4.7669396248372324e-05,0.7673858948437968
4.407999999999737,0.0039999999999995595,0.0,0.0026769840350750387,0.0009145640630704126,-7.75568605572821e-05,4.6540969167644275e-05,0.7673479853382323
4.411999999999736,0.0039999999999995595,0.0,0.0026767775098810614,0.0009145400594904896,-7.773795323125904e-05,4.537081552366245e-05,0.7673102253013849
4.415999999999736,0.0039999999999995595,0.0,0.0026765686690937034,0.000914514918265926,-7.791404848497116e-05,4.416371433112426e-05,0.7672726133442876
4.419999999999735,0.0039999999999995595,0.0,0.0026763578154091416,0.0009144887141276908,-7.808500337811214e-05,4.2924351559852116e-05,0.7672351478568449
4.423999999999735,0.0039999999999995595,0.0,0.0026761452479631543,0.0009144615216274819,-7.825069363798431e-05,4.16572903607779e-05,0.7671978271299879
4.427999999999734,0.0039999999999995595,0.0,0.002675931262290316,0.0009144334150872592,-7.84110130757901e-05,4.036695111348558e-05,0.7671606494304272
4.431999999999734,0.0039999999999995595,0.0,0.0026757161498263847,0.0009144044685315472,-7.856587294250858e-05,3.9057598303590565e-05,0.7671236130459094
4.4359999999997335,0.0039999999999995595,0.0,0.002675500197825062,0.0009143747556103277,-7.871520124522668e-05,3.773333232281211e-05,0.7670867163121219
4.439999999999733,0.0039999999999995595,0.0,0.002675283671346666,0.0009143443689821855,-7.885903401893703e-05,3.644099558851492e-05,0.7670867163121219
4.443999999999733,0.0039999999999995595,0.0,0.0026750667737808383,0.0009143133960933958,-7.899745777259563e-05,3.5122039254271315e-05,0.7670128215910099
4.447999999999732,0.0039999999999995595,0.0,0.0026748497965342743,0.0009142818277820239,-7.913012877783568e-05,3.375650648100037e-05,0.7669764705661225
4.451999999999732,0.0039999999999995595,0.0,0.002674633039119489,0.0009142497550830547,-7.925706876446013e-05,3.239748400253162e-05,0.7669402030653457
4.455999999999731,0.0039999999999995595,0.0,0.002674416782216238,0.0009142172599752703,-7.937830132820018e-05,3.1046024547351e-05,0.766904036418366
4.459999999999731,0.0039999999999995595,0.0,0.002674201292894547,0.0009141844187508935,-7.949385498027717e-05,2.970374207935404e-05,0.7668679811212926
4.46399999999973,0.0039999999999995595,0.0,0.002673986827597981,0.0009141513039626307,-7.960376491381239e-05,2.8372572356631523e-05,0.7668320433964022
4.46799999999973,0.0039999999999995595,0.0,0.002673773633882465,0.000914117985535342,-7.970807394440923e-05,2.7054620382960348e-05,0.7667962268013201
4.4719999999997295,0.0039999999999995595,0.0,0.0026735619513252318,0.0009140845313874218,-7.980683291822762e-05,2.575206390462956e-05,0.7667605332405448
4.475999999999729,0.0039999999999995595,0.0,0.0026733520118941622,0.000914051007765066,-7.990010077672166e-05,2.446709355855369e-05,0.7667249636010576
4.479999999999729,0.0039999999999995595,0.0,0.002673144040151026,0.0009140174794091958,-7.99879444006231e-05,2.3201877393093523e-05,0.7666895181514095
4.483999999999728,0.0039999999999995595,0.0,0.002672938253454695,0.0009139840096256917,-8.007043831282496e-05,2.1958542038056165e-05,0.7666541967919762
4.487999999999728,0.0039999999999995595,0.0,0.002672734861748962,0.0009139506603005917,-8.014766429258684e-05,2.0739165726067004e-05,0.7666189992115078
4.491999999999727,0.0039999999999995595,0.0,0.002672534067557891,0.0009139174918847951,-8.021971093563126e-05,1.9545780381540686e-05,0.7665839249847154
4.495999999999727,0.0039999999999995595,0.0,0.0026723360201568705,0.0009138845597249296,-8.028670564692147e-05,1.8395714229398734e-05,0.7665839249847154
4.499999999999726,0.0039999999999995595,0.0,0.0026721408051225515,0.0009138519076226725,-8.034879113119404e-05,1.72688657396419e-05,0.766513694602146
4.503999999999726,0.0039999999999995595,0.0,0.002671948730304661,0.0009138195954833538,-8.04059605443346e-05,1.6159150049567063e-05,0.7664791017500656
4.507999999999726,0.0039999999999995595,0.0,0.002671759978968935,0.0009137876844731511,-8.045833926258681e-05,1.508573822562843e-05,0.7664445892940338
4.511999999999725,0.0039999999999995595,0.0,0.0026715747213720675,0.0009137562309015382,-8.050605194586904e-05,1.4049906203771789e-05,0.7664101716384943
4.515999999999725,0.0039999999999995595,0.0,0.0026713931169576105,0.0009137252876308316,-8.05492238791564e-05,1.3053323962043545e-05,0.766375857835057
4.519999999999724,0.0039999999999995595,0.0,0.0026712153157216617,0.000913694904862951,-8.05879816767508e-05,1.209801985049902e-05,0.7663416535387012
4.523999999999724,0.0039999999999995595,0.0,0.0026710414586232105,0.0009136651305688716,-8.062245358623297e-05,1.1186391672705793e-05,0.7663075622514922
4.527999999999723,0.0039999999999995595,0.0,0.002670871623083618,0.0009136359956811688,-8.065277846707322e-05,1.03297348034701e-05,0.7663075622514922
4.531999999999723,0.0039999999999995595,0.0,0.002670705828077956,0.0009136075176119918,-8.067909615588953e-05,9.519825296507288e-06,0.7662393048089315
4.5359999999997225,0.0039999999999995595,0.0,0.00267054435959086,0.0009135797854968274,-8.070150753334387e-05,8.755498132407476e-06,0.7662056670318708
4.539999999999722,0.0039999999999995595,0.0,0.002670387325463825,0.0009135528391335195,-8.072015317394073e-05,8.050547550461248e-06,0.766172109730201
4.543999999999722,0.0039999999999995595,0.0,0.002670234824852219,0.000913526716259384,-8.0735171902427e-05,7.409754137561045e-06,0.7661386463463059
4.547999999999721,0.0039999999999995595,0.0,0.0026700869488863483,0.0009135014527724635,-8.074670152765696e-05,6.838696962505748e-06,0.766105285457992
4.551999999999721,0.0039999999999995595,0.0,0.002669943780917097,0.0009134770828169343,-8.075487918643221e-05,6.343446746894042e-06,0.7660720325301574
4.55599999999972,0.0039999999999995595,0.0,0.002669805396304395,0.000913453638801772,-8.07598414489771e-05,5.9299976765728895e-06,0.766038891035986
4.55999999999972,0.0039999999999995595,0.0,0.002669671862954363,0.0009134311513895366,-8.076172428150452e-05,5.6033695587694925e-06,0.7660058631748681
4.563999999999719,0.0039999999999995595,0.0,0.0026695432409418567,0.0009134096494744382,-8.076066292573342e-05,5.36644654128575e-06,0.7659729503322211
4.567999999999719,0.0039999999999995595,0.0,0.0026694195828401365,0.0009133891601592699,-8.075679173285907e-05,5.218833799052043e-06,0.7659401533740116
4.5719999999997185,0.0039999999999995595,0.0,0.002669300933593311,0.0009133697087356707,-8.075024397519154e-05,5.156180185292928e-06,0.7659074728353646
4.575999999999718,0.0039999999999995595,0.0,0.002669187330763295,0.000913351318669527,-8.074115164995193e-05,5.170336713711469e-06,0.7658749090412622
4.579999999999718,0.0039999999999995595,0.0,0.002669078804444269,0.00091333401159197,-8.0729645283999e-05,5.250358547793507e-06,0.7658424621836901
4.583999999999717,0.0039999999999995595,0.0,0.0026689753173602666,0.0009133177780663334,-8.071583951063439e-05,5.399623751484674e-06,0.7658424621836901
4.587999999999717,0.0039999999999995595,0.0,0.0026688767912259022,0.0009133025948689039,-8.069983677146312e-05,5.583491477719393e-06,0.7657775344822356
4.591999999999716,0.0039999999999995595,0.0,0.0026687834373382083,0.000913288580007836,-8.068180973994276e-05,5.781812547012857e-06,0.7657455322410691
4.595999999999716,0.0039999999999995595,0.0,0.002668695239973685,0.0009132757362764252,-8.066187995271256e-05,6.0030163879752045e-06,0.7657136146163254
4.599999999999715,0.0039999999999995595,0.0,0.0026686121829607723,0.0009132640689747909,-8.06401665115711e-05,6.238296699285378e-06,0.7656817930006573
4.603999999999715,0.0039999999999995595,0.0,0.0026685342475998718,0.0009132535842837678,-8.061678616636801e-05,6.480783011482034e-06,0.7656500747642284
4.6079999999997145,0.0039999999999995595,0.0,0.002668461411040703,0.0009132442882738175,-8.059185329047124e-05,6.72518645603042e-06,0.7656184646746297
4.611999999999714,0.0039999999999995595,0.0,0.002668393645699643,0.000913236186303918,-8.056547980114314e-05,6.967483282788906e-06,0.765586965813957
4.615999999999714,0.0039999999999995595,0.0,0.002668330918677103,0.0009132292826607286,-8.05377750562481e-05,7.204649070530233e-06,0.7655555801714038
4.619999999999713,0.0039999999999995595,0.0,0.002668273135170124,0.000913223546482388,-8.050882631461689e-05,7.44716076417807e-06,0.7655555801714038
4.623999999999713,0.0039999999999995595,0.0,0.002668220173501786,0.0009132189346911276,-8.047870562560734e-05,7.675333824742187e-06,0.7654927846472956
4.627999999999712,0.0039999999999995595,0.0,0.0026681721835052825,0.0009132155683917451,-8.044757960837244e-05,7.880726433255867e-06,0.7654618333522237
4.631999999999712,0.0039999999999995595,0.0,0.002668129085764594,0.0009132134298915607,-8.041554320698607e-05,8.076946605017897e-06,0.7654309674577159
4.6359999999997115,0.0039999999999995595,0.0,0.00266809080549182,0.0009132125064000219,-8.038268882554722e-05,8.262911744065044e-06,0.765400197883031
4.639999999999711,0.0039999999999995595,0.0,0.002668057268534187,0.0009132127875158521,-8.034910628952307e-05,8.438009471844724e-06,0.7653695316990006
4.643999999999711,0.0039999999999995595,0.0,0.002668028399461263,0.0009132142637209113,-8.031488276702653e-05,8.601943092941623e-06,0.7653389734779754
4.64799999999971,0.0039999999999995595,0.0,0.0026680041202346086,0.0009132169254837778,-8.028010267843067e-05,8.754636826696939e-06,0.7653085261680673
4.65199999999971,0.0039999999999995595,0.0,0.0026679843495431817,0.0009132207627330644,-8.024484760987866e-05,8.896174644887367e-06,0.7652781916596343
4.655999999999709,0.0039999999999995595,0.0,0.0026679690025132844,0.0009132257645551044,-8.020919623862385e-05,9.026758513205001e-06,0.7652479711525605
4.659999999999709,0.0039999999999995595,0.0,0.0026679579906682353,0.0009132319190278898,-8.01732242737465e-05,9.146678412700063e-06,0.765217865394507
4.663999999999708,0.0039999999999995595,0.0,0.002667951174823389,0.0009132391782243002,-8.01369854324116e-05,9.262090695769824e-06,0.765217865394507
4.667999999999708,0.0039999999999995595,0.0,0.00266794830607948,0.000913247410481786,-8.010047971824615e-05,9.376758196095007e-06,0.765217865394507
4.6719999999997075,0.0039999999999995595,0.0,0.002667949345457489,0.0009132566355928641,-8.00637746148849e-05,9.474200765062077e-06,0.7651272634225057
4.675999999999707,0.0039999999999995595,0.0,0.002667954530398438,0.0009132670878219216,-8.002706077823646e-05,9.552566409667848e-06,0.7650978455395491
4.679999999999707,0.0039999999999995595,0.0,0.002667963675200186,0.0009132786966956039,-7.999038959914518e-05,9.622691339839648e-06,0.7650684649482846
4.683999999999706,0.0039999999999995595,0.0,0.002667976623523699,0.0009132914120721413,-7.995381101213156e-05,9.685196177867994e-06,0.7650391488917047
4.687999999999706,0.0039999999999995595,0.0,0.0026679932357445675,0.0009133051955599906,-7.991737346069171e-05,9.7406079014926e-06,0.7650099150093721
4.691999999999705,0.0039999999999995595,0.0,0.0026680133810065886,0.0009133200153941609,-7.988112377015972e-05,9.789375316486274e-06,0.7649807747100233
4.695999999999705,0.0039999999999995595,0.0,0.0026680369330204486,0.0009133358433914975,-7.984510698999785e-05,9.831893949948252e-06,0.7649517353554909
4.699999999999704,0.0039999999999995595,0.0,0.0026680637671939885,0.0009133526531550066,-7.980936623982595e-05,9.868526332263759e-06,0.7649228016757946
4.703999999999704,0.0039999999999995595,0.0,0.0026680937595934162,0.0009133704190273339,-7.97739425762472e-05,9.899615150700311e-06,0.7648939766866986
4.7079999999997035,0.0039999999999995595,0.0,0.0026681267857380595,0.0009133891154923576,-7.973887488758953e-05,9.925490253453746e-06,0.7648652622851008
4.711999999999703,0.0039999999999995595,0.0,0.002668162720560232,0.0009134087168437316,-7.970419981789808e-05,9.946471327514851e-06,0.7648366596356936
4.715999999999703,0.0039999999999995595,0.0,0.0026682014381153936,0.0009134291970115966,-7.966995171851683e-05,9.962867847279851e-06,0.7648081694223051
4.719999999999702,0.0039999999999995595,0.0,0.002668242811625164,0.0009134505294823084,-7.963616262427302e-05,9.97497751504843e-06,0.7647797920114578
4.723999999999702,0.0039999999999995595,0.0,0.0026682867136451063,0.0009134726872723389,-7.960286225055737e-05,9.983084136214196e-06,0.764751527558934
4.727999999999701,0.0039999999999995595,0.0,0.0026683330159828016,0.0009134956429333348,-7.957007800807404e-05,9.987455317771702e-06,0.7647233760793092
4.731999999999701,0.0039999999999995595,0.0,0.002668381563611721,0.0009135193401294653,-7.953782399260338e-05,9.984306432762826e-06,0.7647233760793092
4.7359999999997004,0.0039999999999995595,0.0,0.002668432210747183,0.0009135437180323175,-7.950610358347628e-05,9.982288034535991e-06,0.7646670767552016
4.7399999999997,0.0039999999999995595,0.0,0.0026684849378400873,0.0009135688541746295,-7.947497434850793e-05,9.981405263542034e-06,0.7646393448521935
4.7439999999997,0.0039999999999995595,0.0,0.0026685395876281126,0.0009135947007059026,-7.94444541777124e-05,9.97555096436686e-06,0.7646116968575991
4.747999999999699,0.0039999999999995595,0.0,0.0026685960147975777,0.0009136212173503955,-7.941455864040047e-05,9.965829748255554e-06,0.7645841425181362
4.751999999999699,0.0039999999999995595,0.0,0.0026686540812821597,0.0009136483682065397,-7.938530128425442e-05,9.952930309645213e-06,0.7645566880290204
4.755999999999698,0.0039999999999995595,0.0,0.0026687136536837175,0.0009136761198620075,-7.93566938185627e-05,9.937281791216336e-06,0.7645293372898705
4.759999999999698,0.0039999999999995595,0.0,0.002668774601400551,0.0009137044402963361,-7.93287462315419e-05,9.91915140666574e-06,0.7645020927144098
4.763999999999697,0.0039999999999995595,0.0,0.0026688367960869997,0.000913733298253642,-7.930146687161986e-05,9.898704916411905e-06,0.7644749557529001
4.767999999999697,0.0039999999999995595,0.0,0.002668900110946639,0.0009137626628947059,-7.927486251048082e-05,9.876043766603804e-06,0.7644479272295045
4.7719999999996965,0.0039999999999995595,0.0,0.0026689644208574563,0.0009137925036140149,-7.924893839815758e-05,9.85122779101864e-06,0.7644210075603318
4.775999999999696,0.0039999999999995595,0.0,0.002669029601997779,0.0009138227899533184,-7.922369831574748e-05,9.824289043548334e-06,0.7643941968945226
4.779999999999696,0.0039999999999995595,0.0,0.0026690955321793165,0.0009138534915709184,-7.919914462866183e-05,9.795240295406867e-06,0.7643674952056431
4.783999999999695,0.0039999999999995595,0.0,0.0026691620907641407,0.0009138845782425284,-7.917527834141349e-05,9.764080340540688e-06,0.7643409023509999
4.787999999999695,0.0039999999999995595,0.0,0.0026692291587895886,0.0009139160198794934,-7.915209915450172e-05,9.730797417308073e-06,0.7643144181101842
4.791999999999694,0.0039999999999995595,0.0,0.002669296619009899,0.0009139477865561101,-7.912960552312586e-05,9.69537156474002e-06,0.764288042210202
4.795999999999694,0.0039999999999995595,0.0,0.0026693643483265716,0.0009139798311284568,-7.910779235096963e-05,9.651210977656774e-06,0.764288042210202
4.799999999999693,0.0039999999999995595,0.0,0.0026694322420779816,0.0009140121062575701,-7.908664879311035e-05,9.610707078968206e-06,0.7642352947474226
4.803999999999693,0.0039999999999995595,0.0,0.0026695002330849914,0.0009140446495006179,-7.906617703930262e-05,9.57451524456921e-06,0.7642093205184617
4.8079999999996925,0.0039999999999995595,0.0,0.002669568192125755,0.0009140774180868709,-7.904637322396699e-05,9.533382428749394e-06,0.7641834255862383
4.811999999999692,0.0039999999999995595,0.0,0.002669636001095336,0.000914110375562179,-7.902723143867416e-05,9.488448183588987e-06,0.7641576194036942
4.815999999999692,0.0039999999999995595,0.0,0.0026697035494694416,0.0009141434892936042,-7.900874429053633e-05,9.440353269025824e-06,0.7641319079119976
4.819999999999691,0.0039999999999995595,0.0,0.0026697707321825413,0.0009141767290096238,-7.899090325559288e-05,9.389442738549387e-06,0.7641062947948786
4.823999999999691,0.0039999999999995595,0.0,0.002669837448296368,0.0009142100659586775,-7.897369890647878e-05,9.335889398044771e-06,0.7640807822833751
4.82799999999969,0.0039999999999995595,0.0,0.002669903600417079,0.0009142434724348216,-7.895712106348497e-05,9.279768394348001e-06,0.7640553716725441
4.83199999999969,0.0039999999999995595,0.0,0.00266996909432039,0.0009142769215195371,-7.894115889966871e-05,9.221101828247298e-06,0.764030063653515
4.835999999999689,0.0039999999999995595,0.0,0.0026700338388678056,0.0009143103869493536,-7.892580101860715e-05,9.159885232488368e-06,0.764004858527055
4.839999999999689,0.0039999999999995595,0.0,0.0026700977475860375,0.0009143438336669554,-7.891103772361426e-05,9.091341153328677e-06,0.764004858527055
4.8439999999996886,0.0039999999999995595,0.0,0.002670160753343547,0.0009143772285006008,-7.889685628009902e-05,9.024797073501586e-06,0.7639544484952603
4.847999999999688,0.0039999999999995595,0.0,0.0026702227809897094,0.0009144105842273766,-7.888323534327354e-05,8.960272020256088e-06,0.7639296282019417
4.851999999999688,0.0039999999999995595,0.0,0.0026702837380422474,0.000914443867681294,-7.887016527134484e-05,8.891021497896511e-06,0.7639048831482255
4.855999999999687,0.0039999999999995595,0.0,0.002670343541214424,0.0009144770504789962,-7.885763455040974e-05,8.818007288415572e-06,0.7638802226569996
4.859999999999687,0.0039999999999995595,0.0,0.0026704021188250116,0.0009145101013617946,-7.884563423764592e-05,8.738360803068564e-06,0.7638802226569996
4.863999999999686,0.0039999999999995595,0.0,0.002670459427800555,0.0009145429799649661,-7.883416071752137e-05,8.65198788647413e-06,0.7638802226569996
4.867999999999686,0.0039999999999995595,0.0,0.002670515431887568,0.0009145756788326357,-7.882319044558412e-05,8.573704534245376e-06,0.7638059594423285
4.8719999999996855,0.0039999999999995595,0.0,0.002670570050475805,0.0009146082225322821,-7.881268373617272e-05,8.498203370010296e-06,0.7637818770631416
4.875999999999685,0.0039999999999995595,0.0,0.0026706231971810705,0.0009146405725616206,-7.88026364689545e-05,8.415715328379363e-06,0.7637578217519261
4.879999999999685,0.0039999999999995595,0.0,0.0026706748014622274,0.0009146726998187312,-7.879303993087878e-05,8.328395047895227e-06,0.7637338191503185
4.883999999999684,0.0039999999999995595,0.0,0.002670724811113435,0.0009147045786807961,-7.878388787290873e-05,8.235738453894392e-06,0.7637338191503185
4.887999999999684,0.0039999999999995595,0.0,0.002670773200783798,0.0009147361863614832,-7.877517688890363e-05,8.140429137464557e-06,0.7637098855455455
4.891999999999683,0.0039999999999995595,0.0,0.00267081993551898,0.0009147675089735231,-7.876689020379349e-05,8.042836227754848e-06,0.7637098855455455
4.895999999999683,0.0039999999999995595,0.0,0.0026708650093369307,0.0009147985299272467,-7.87590243894824e-05,7.942808806473818e-06,0.7637098855455455
4.899999999999682,0.0039999999999995595,0.0,0.002670908401621226,0.0009148292448823456,-7.875155193523542e-05,7.847339018790344e-06,0.7636375869942791
4.903999999999682,0.0039999999999995595,0.0,0.002670950025371698,0.0009148596582688848,-7.87444139847362e-05,7.753834364314878e-06,0.7635899078810906
4.9079999999996815,0.0039999999999995595,0.0,0.0026709898169918747,0.000914889749307772,-7.873760042062933e-05,7.65532043040662e-06,0.7635899078810906
4.911999999999681,0.0039999999999995595,0.0,0.0026710277503358484,0.0009149194960842152,-7.873111940998165e-05,7.5521473482297106e-06,0.7635434379350938
4.915999999999681,0.0039999999999995595,0.0,0.002671063755279715,0.000914948873747737,-7.872494547680512e-05,7.4448148304684356e-06,0.7635204322850871
4.91999999999968,0.0039999999999995595,0.0,0.002671097802931106,0.000914977866369548,-7.871907466264863e-05,7.334534187992808e-06,0.7634974499976623
4.92399999999968,0.0039999999999995595,0.0,0.002671129871003518,0.0009150064616638432,-7.871349870338127e-05,7.22222413612133e-06,0.7634745163226481
4.927999999999679,0.0039999999999995595,0.0,0.0026711599417375575,0.0009150346493353336,-7.870820689299276e-05,7.108360752080325e-06,0.7634516473061158
4.931999999999679,0.0039999999999995595,0.0,0.0026711880005705225,0.0009150624202216206,-7.870318722173849e-05,6.99318834040004e-06,0.7634288531017637
4.935999999999678,0.0039999999999995595,0.0,0.002671214035803615,0.0009150897658859756,-7.869842706482929e-05,6.876839766380767e-06,0.7634061400876909
4.939999999999678,0.0039999999999995595,0.0,0.002671238038144517,0.0009151166784554714,-7.869391359446843e-05,6.759402679495576e-06,0.7633835122205883
4.9439999999996775,0.0039999999999995595,0.0,0.002671260000915012,0.0009151431505848723,-7.868963402285913e-05,6.640954015295236e-06,0.7633609719028144
4.947999999999677,0.0039999999999995595,0.0,0.0026712799199261326,0.0009151691754783753,-7.868557574290067e-05,6.521576368028401e-06,0.763338520538072
4.951999999999677,0.0039999999999995595,0.0,0.0026712977936027096,0.0009151947469321555,-7.868172640782113e-05,6.401364368524044e-06,0.7633161588878704
4.955999999999676,0.0039999999999995595,0.0,0.0026713136229417015,0.0009152198593786727,-7.867807397470693e-05,6.280425843719547e-06,0.7632938873004456
4.959999999999676,0.0039999999999995595,0.0,0.002671327411636798,0.0009152445079239556,-7.867460672713626e-05,6.158880480792073e-06,0.763271705857949
4.963999999999675,0.0039999999999995595,0.0,0.0026713391754710626,0.0009152686939029614,-7.867132066272144e-05,6.039078874536468e-06,0.763271705857949
4.967999999999675,0.0039999999999995595,0.0,0.00267134894605718,0.0009152924275767128,-7.866821970253707e-05,5.9205410165702e-06,0.7632496144712011
4.9719999999996745,0.0039999999999995595,0.0,0.002671356713775028,0.0009153156947541301,-7.866527460019196e-05,5.798226359523506e-06,0.7632052160559314
4.975999999999674,0.0039999999999995595,0.0,0.002671362460230896,0.0009153384732679795,-7.866245258120363e-05,5.673328485192759e-06,0.7631835078357754
4.979999999999674,0.0039999999999995595,0.0,0.002671366208254362,0.0009153607652813638,-7.865975177829837e-05,5.549077981923955e-06,0.763161847732158
4.983999999999673,0.0039999999999995595,0.0,0.0026713679815431194,0.0009153825728482043,-7.865716739243883e-05,5.425533292697373e-06,0.7631402500724127
4.987999999999673,0.0039999999999995595,0.0,0.0026713678049956275,0.0009154038980691983,-7.86546929523772e-05,5.3027490803631995e-06,0.7631187238679692
4.991999999999672,0.0039999999999995595,0.0,0.002671365704669731,0.000915424743204661,-7.865232109807241e-05,5.180783313340368e-06,0.7630972747401897
4.995999999999672,0.0039999999999995595,0.0,0.0026713617081568935,0.0009154451107627913,-7.865004406523235e-05,5.059701753958221e-06,0.7630759061471363
4.999999999999671,0.0039999999999995595,0.0,0.0026713558444992755,0.0009154650035702345,-7.864785398265935e-05,4.939579872891183e-06,0.7630546201655656
5.003999999999671,0.0039999999999995595,0.0,0.002671348144314634,0.0009154844248276013,-7.864574305272733e-05,4.8205028536814e-06,0.7630334179897968
5.0079999999996705,0.0039999999999995595,0.0,0.002671338639838114,0.0009155033781514482,-7.864370365936032e-05,4.702564457327671e-06,0.7630123002501783
5.01199999999967,0.0039999999999995595,0.0,0.0026713273649224874,0.0009155218676041023,-7.864172843094571e-05,4.585865329614935e-06,0.7629912672165777
5.01599999999967,0.0039999999999995595,0.0,0.002671314354872168,0.0009155398977128413,-7.86398102756636e-05,4.470511133500117e-06,0.7629703189285083
5.019999999999669,0.0039999999999995595,0.0,0.0026712996466928375,0.0009155574734800413,-7.863794239991361e-05,4.356610760126925e-06,0.7629494552784218
5.023999999999669,0.0039999999999995595,0.0,0.002671283278759237,0.0009155746003858509,-7.863611831639174e-05,4.244274727634022e-06,0.7629286760650771
5.027999999999668,0.0039999999999995595,0.0,0.002671265290898565,0.0009155912843848665,-7.863433184604982e-05,4.133613817567171e-06,0.7629079810277736
5.031999999999668,0.0039999999999995595,0.0,0.00267124572439077,0.000915607531898085,-7.863257711620441e-05,4.02473795626222e-06,0.7628873698683392
5.035999999999667,0.0039999999999995595,0.0,0.0026712246216779073,0.0009156233498012357,-7.86308485565752e-05,3.917755310825493e-06,0.7628668422652617
5.039999999999667,0.0039999999999995595,0.0,0.00267120202653068,0.0009156387454103814,-7.862914089390967e-05,3.8127715782237596e-06,0.7628463978827931
5.0439999999996665,0.0039999999999995595,0.0,0.0026711779837578003,0.0009156537264655208,-7.862744914588332e-05,3.709889429875875e-06,0.7628260363768169
5.047999999999666,0.0039999999999995595,0.0,0.002671152539289403,0.000915668301112756,-7.862576861454689e-05,3.609208078143009e-06,0.7628057573986319
5.051999999999666,0.0039999999999995595,0.0,0.002671125740052653,0.0009156824778854643,-7.862409487955747e-05,3.510822935333063e-06,0.7627855605973993
5.055999999999665,0.0039999999999995595,0.0,0.0026710976337642107,0.0009156962656848037,-7.862242379099615e-05,3.4148253518106153e-06,0.762765445621734
5.059999999999665,0.0039999999999995595,0.0,0.002671068269055204,0.0009157096737598067,-7.862075146233287e-05,3.3213023939203546e-06,0.7627454121207123
5.063999999999664,0.0039999999999995595,0.0,0.002671037695222118,0.0009157227116872494,-7.861907426316571e-05,3.230336663612343e-06,0.7627254597445441
5.067999999999664,0.0039999999999995595,0.0,0.0026710059621854955,0.0009157353893514156,-7.861738881193094e-05,3.142006140100058e-06,0.7627055881449877
5.0719999999996634,0.0039999999999995595,0.0,0.002670973120490191,0.0009157477169238684,-7.861569196853532e-05,3.0563840340783594e-06,0.7626857969756251
5.075999999999663,0.0039999999999995595,0.0,0.0026709392210977905,0.0009157597048432897,-7.86139808270101e-05,2.9735386465047484e-06,0.7626660858920281
5.079999999999663,0.0039999999999995595,0.0,0.002670904315469977,0.0009157713637954421,-7.861225270806532e-05,2.893533237238782e-06,0.7626464545518629
5.083999999999662,0.0039999999999995595,0.0,0.002670868453157823,0.0009157827095923269,-7.8610511561534e-05,2.8183262335203475e-06,0.7626464545518629
5.087999999999662,0.0039999999999995595,0.0,0.0026708316722410955,0.0009157937632854167,-7.860876788180333e-05,2.7465389867086875e-06,0.7626269026149478
5.091999999999661,0.0039999999999995595,0.0,0.002670794011756772,0.0009158045217116456,-7.860700317305409e-05,2.6737024833993846e-06,0.76258760611758
5.095999999999661,0.0039999999999995595,0.0,0.0026707555259576385,0.0009158149778711155,-7.860519649747977e-05,2.6022222506947642e-06,0.7625683920577842
5.09999999999966,0.0039999999999995595,0.0,0.0026707162736715386,0.0009158251540127663,-7.860335950920635e-05,2.536349466746386e-06,0.7625683920577842
5.10399999999966,0.0039999999999995595,0.0,0.002670676289825809,0.0009158350770615324,-7.860151314324761e-05,2.4757559914368515e-06,0.7625683920577842
5.1079999999996595,0.0039999999999995595,0.0,0.002670635606272963,0.0009158447523297457,-7.85996486280158e-05,2.414349337044774e-06,0.7625103860268044
5.111999999999659,0.0039999999999995595,0.0,0.0026705942942773175,0.0009158541633578058,-7.859772639816993e-05,2.3539322599326094e-06,0.7624915581785233
5.115999999999659,0.0039999999999995595,0.0,0.0026705524226543226,0.0009158633329226269,-7.859575757097123e-05,2.2985524680525748e-06,0.7624727438367562
5.119999999999658,0.0039999999999995595,0.0,0.002670510053696323,0.0009158722798612614,-7.859374845768648e-05,2.2475135343420915e-06,0.7624539654706904
5.123999999999658,0.0039999999999995595,0.0,0.0026704672452924545,0.0009158810205672185,-7.85917024926592e-05,2.200384744551507e-06,0.7624352373121848
5.127999999999657,0.0039999999999995595,0.0,0.0026704240523835123,0.0009158895698900564,-7.858962142697214e-05,2.156889090943417e-06,0.7624165683432039
5.131999999999657,0.0039999999999995595,0.0,0.002670380527876465,0.0009158979416853324,-7.858750606142284e-05,2.1168405339471804e-06,0.7623979641973527
5.135999999999656,0.0039999999999995595,0.0,0.0026703367230601206,0.0009159061491557366,-7.85853566922082e-05,2.080107833640748e-06,0.7623794283710771
5.139999999999656,0.0039999999999995595,0.0,0.002670292687979246,0.0009159142050647878,-7.858317337815961e-05,2.0465930702607253e-06,0.7623609629957145
5.1439999999996555,0.0039999999999995595,0.0,0.002670248471600823,0.0009159221218709776,-7.858095609788898e-05,2.0162184758019687e-06,0.7623425693300121
5.147999999999655,0.0039999999999995595,0.0,0.002670204121855578,0.0009159299118111238,-7.857870483949964e-05,1.9889181686487645e-06,0.7623242480745634
5.151999999999655,0.0039999999999995595,0.0,0.002670159685887393,0.0009159375869506565,-7.857641964923167e-05,1.9646328629799817e-06,0.7623059995727538
5.155999999999654,0.0039999999999995595,0.0,0.0026701152098037874,0.0009159451592120155,-7.857410065566513e-05,1.943306446505562e-06,0.762287823939278
5.159999999999654,0.0039999999999995595,0.0,0.002670070738883741,0.0009159526403884336,-7.857174807948413e-05,1.92488381505749e-06,0.7622697211424321
5.163999999999653,0.0039999999999995595,0.0,0.0026700263174944676,0.0009159600421479195,-7.85693622349615e-05,1.90930953852759e-06,0.7622516910568595
5.167999999999653,0.0039999999999995595,0.0,0.002669981989049751,0.0009159673760307231,-7.8566943526924e-05,1.8965271044840167e-06,0.7622337334974
5.171999999999652,0.0039999999999995595,0.0,0.002669937795968274,0.0009159746534425217,-7.856449244513845e-05,1.8864785836169883e-06,0.7622158482408439
5.175999999999652,0.0039999999999995595,0.0,0.002669893779756684,0.0009159818856449292,-7.856200955797348e-05,1.8791045228164877e-06,0.7621980350399195
5.1799999999996515,0.0039999999999995595,0.0,0.002669849980801571,0.0009159890837443998,-7.855949550554982e-05,1.8743440623862633e-06,0.762180293632307
5.183999999999651,0.0039999999999995595,0.0,0.002669806438452519,0.0009159962586803146,-7.855695099285198e-05,1.87213514891589e-06,0.7621626237464639
5.187999999999651,0.0039999999999995595,0.0,0.002669763190938812,0.000916003421212788,-7.855437678322395e-05,1.8724147892665187e-06,0.7621450251053746
5.19199999999965,0.0039999999999995595,0.0,0.0026697202753693068,0.0009160105819105551,-7.85517736921907e-05,1.8751193354172328e-06,0.7621274974289735
5.19599999999965,0.0039999999999995595,0.0,0.0026696777276907085,0.0009160177511391939,-7.854914258156352e-05,1.8801847499896924e-06,0.7621100404357253
5.199999999999649,0.0039999999999995595,0.0,0.0026696355826874335,0.0009160249390498509,-7.854648435406464e-05,1.8875468342962216e-06,0.7620926538436287
5.203999999999649,0.0039999999999995595,0.0,0.0026695938738982893,0.0009160321555685549,-7.854379994816478e-05,1.8971414252624246e-06,0.7620753373708773
5.2079999999996485,0.0039999999999995595,0.0,0.002669552633574735,0.0009160394103861911,-7.854109033338516e-05,1.9089045233764393e-06,0.7620580907362728
5.211999999999648,0.0039999999999995595,0.0,0.0026695118928054947,0.000916046712949152,-7.853835650576438e-05,1.9227723958611872e-06,0.762040913659498
5.215999999999648,0.0039999999999995595,0.0,0.002669471681391641,0.0009160540724506806,-7.853559948373469e-05,1.9386815994737223e-06,0.7620238058612802
5.219999999999647,0.0039999999999995595,0.0,0.00266943202772167,0.0009160614978228918,-7.853282030406037e-05,1.9565689957620488e-06,0.7620067670635013
5.223999999999647,0.0039999999999995595,0.0,0.002669392959104062,0.0009160689977294596,-7.853002001829919e-05,1.976371700752778e-06,0.7619897969892393
5.227999999999646,0.0039999999999995595,0.0,0.002669354501309638,0.0009160765805589562,-7.852719968923568e-05,1.9980270237067377e-06,0.7619728953628239
5.231999999999646,0.0039999999999995595,0.0,0.002669316678904128,0.0009160842544188099,-7.852436038763532e-05,2.021472385312043e-06,0.761956061909834
5.235999999999645,0.0039999999999995595,0.0,0.002669279515123245,0.0009160920271298697,-7.852150318913966e-05,2.046645221717368e-06,0.7619392963571071
5.239999999999645,0.0039999999999995595,0.0,0.0026692430318725367,0.0009160999062215392,-7.851862917140845e-05,2.07348287651659e-06,0.7619225984327288
5.2439999999996445,0.0039999999999995595,0.0,0.0026692072496440505,0.000916107898927478,-7.851573941141182e-05,2.101922508558462e-06,0.761905967866025
5.247999999999644,0.0039999999999995595,0.0,0.002669172187682562,0.0009161160121818426,-7.851283498287166e-05,2.1319010026337165e-06,0.7618894043875493
5.251999999999644,0.0039999999999995595,0.0,0.002669137863860652,0.00091612425261604,-7.850991695385757e-05,2.1633548864015253e-06,0.7618729077290671
5.255999999999643,0.0039999999999995595,0.0,0.0026691042947617634,0.0009161326265559838,-7.850698638461636e-05,2.196220255665643e-06,0.7618564776235376
5.259999999999643,0.0039999999999995595,0.0,0.0026690714955552807,0.0009161411400198454,-7.850404432543973e-05,2.230432744925718e-06,0.7618401138050991
5.263999999999642,0.0039999999999995595,0.0,0.0026690394802043813,0.0009161497987162756,-7.850109181479002e-05,2.26592747424348e-06,0.7618238160090522
5.267999999999642,0.0039999999999995595,0.0,0.002669008261257935,0.000916158608043082,-7.849812987742199e-05,2.3026390553026217e-06,0.7618075839718456
5.271999999999641,0.0039999999999995595,0.0,0.0026689778500167734,0.0009161675730863555,-7.849515952275751e-05,2.3405015751779084e-06,0.7617914174310566
5.275999999999641,0.0039999999999995595,0.0,0.002668948256491984,0.0009161766986200338,-7.849218174338371e-05,2.3794486291665904e-06,0.7617753161253741
5.2799999999996405,0.0039999999999995595,0.0,0.002668919489446404,0.0009161859891058877,-7.84891975135709e-05,2.419413353742954e-06,0.7617592797945907
5.28399999999964,0.0039999999999995595,0.0,0.0026688915562697296,0.0009161954486939304,-7.848620778818242e-05,2.460328465264819e-06,0.7617433081795755
5.28799999999964,0.0039999999999995595,0.0,0.0026688644632280123,0.0009162050812232164,-7.848321350129828e-05,2.5021263436080838e-06,0.7617274010222804
5.291999999999639,0.0039999999999995595,0.0,0.002668838215338783,0.0009162148902230415,-7.84802155651955e-05,2.5447390924466175e-06,0.7617115580657081
5.295999999999639,0.0039999999999995595,0.0,0.002668812816329372,0.0009162248789145246,-7.847721486943895e-05,2.588098615155869e-06,0.7616957790539071
5.299999999999638,0.0039999999999995595,0.0,0.002668788268761635,0.0009162350502125622,-7.847421228002061e-05,2.632136714208803e-06,0.761680063731957
5.303999999999638,0.0039999999999995595,0.0,0.0026687645741150907,0.0009162454067281457,-7.847120863867273e-05,2.6767851776553857e-06,0.7616644118459553
5.3079999999996375,0.0039999999999995595,0.0,0.0026687417326620635,0.0009162559507710324,-7.846820476212966e-05,2.7219758896522654e-06,0.7616488231430142
5.311999999999637,0.0039999999999995595,0.0,0.0026687197434676286,0.0009162666843527575,-7.846520144153414e-05,2.7676409214984527e-06,0.7616332973712476
5.315999999999637,0.0039999999999995595,0.0,0.002668698604597573,0.0009162776091899837,-7.8462199442113e-05,2.813712637286246e-06,0.7616178342797494
5.319999999999636,0.0039999999999995595,0.0,0.0026686783130767566,0.0009162887267081504,-7.845919950266924e-05,2.860123798324358e-06,0.7616024336185943
5.323999999999636,0.0039999999999995595,0.0,0.0026686588647226728,0.0009163000380454561,-7.845620233532836e-05,2.9068076688130154e-06,0.7615870951388257
5.327999999999635,0.0039999999999995595,0.0,0.002668640238710842,0.0009163115358710069,-7.84532128654765e-05,2.9491807938045845e-06,0.7615870951388257
5.331999999999635,0.0039999999999995595,0.0,0.002668622372737336,0.0009163231921496065,-7.845024397634241e-05,2.9845951797416317e-06,0.7615870951388257
5.335999999999634,0.0039999999999995595,0.0,0.0026686052654029133,0.0009163350124677339,-7.844728842726311e-05,3.0297570835067142e-06,0.7615409242266039
5.339999999999634,0.0039999999999995595,0.0,0.002668589016320757,0.0009163470546318634,-7.844431910844014e-05,3.0834689428679614e-06,0.7615259599381737
5.3439999999996335,0.0039999999999995595,0.0,0.0026685736002115185,0.000916359307701338,-7.844134520321163e-05,3.1343947090143413e-06,0.7615110106941048
5.347999999999633,0.0039999999999995595,0.0,0.0026685589979102402,0.0009163717650530572,-7.843837233895724e-05,3.1836421569698023e-06,0.761496092875462
5.351999999999633,0.0039999999999995595,0.0,0.0026685451934127026,0.00091638442246717,-7.843540396761326e-05,3.231831223760278e-06,0.7614812168211412
5.355999999999632,0.0039999999999995595,0.0,0.002668532172252986,0.0009163972769913659,-7.843244222120778e-05,3.279291430967425e-06,0.7614663890314253
5.359999999999632,0.0039999999999995595,0.0,0.0026685199203802384,0.0009164103262781833,-7.842948843859219e-05,3.3261822149872814e-06,0.7614516135659685
5.363999999999631,0.0039999999999995595,0.0,0.002668508423701069,0.00091642356820679,-7.842654348723739e-05,3.372565495682374e-06,0.761436892931338
5.367999999999631,0.0039999999999995595,0.0,0.0026684976677883573,0.0009164370006737066,-7.842360795787018e-05,3.4184489046164025e-06,0.7614222286449208
5.37199999999963,0.0039999999999995595,0.0,0.002668487637714865,0.0009164506214822465,-7.842068228046221e-05,3.4638111380019072e-06,0.761407621593515
5.37599999999963,0.0039999999999995595,0.0,0.002668478317970057,0.0009164644282884325,-7.841776679233772e-05,3.508616508599336e-06,0.7613930722615453
5.3799999999996295,0.0039999999999995595,0.0,0.0026684696925433423,0.0009164784185783128,-7.84148617770581e-05,3.552823107982182e-06,0.7613785808764505
5.383999999999629,0.0039999999999995595,0.0,0.002668461744840896,0.0009164925896620346,-7.841196748593263e-05,3.596387180401194e-06,0.7613641475014148
5.387999999999629,0.0039999999999995595,0.0,0.002668454444330323,0.0009165069304123811,-7.840908825397428e-05,3.6347883604186478e-06,0.7613641475014148
5.391999999999628,0.0039999999999995595,0.0,0.0026684477272355136,0.0009165214094200748,-7.840623618254526e-05,3.6655578692136586e-06,0.7613641475014148
5.395999999999628,0.0039999999999995595,0.0,0.002668441585863815,0.0009165360304332075,-7.840340396388758e-05,3.7055541856606453e-06,0.7613206991962876
5.399999999999627,0.0039999999999995595,0.0,0.002668436096399434,0.0009165508492067948,-7.840056492018972e-05,3.7531920709200588e-06,0.7613066175869202
5.403999999999627,0.0039999999999995595,0.0,0.0026684312095850305,0.0009165658425408303,-7.839773143701825e-05,3.792979015956847e-06,0.7613066175869202
5.407999999999626,0.0039999999999995595,0.0,0.0026684268804062776,0.0009165809903199585,-7.839491194713155e-05,3.832592524071964e-06,0.7612783359999977
5.411999999999626,0.0039999999999995595,0.0,0.002668423125425081,0.0009165963117896945,-7.839209511835254e-05,3.874399707538619e-06,0.7612643815468876
5.415999999999626,0.0039999999999995595,0.0,0.002668419914978745,0.0009166117966311612,-7.838928572784156e-05,3.913704700018947e-06,0.761250456547877
5.419999999999625,0.0039999999999995595,0.0,0.0026684172233982723,0.0009166274372402235,-7.838648655473708e-05,3.951165337350915e-06,0.761236570622696
5.423999999999625,0.0039999999999995595,0.0,0.0026684150157776855,0.0009166432199322262,-7.838370319295897e-05,3.983047139025547e-06,0.761236570622696
5.427999999999624,0.0039999999999995595,0.0,0.0026684132426068536,0.000916659121075796,-7.838094415972929e-05,4.011440049176575e-06,0.7612227298183739
5.431999999999624,0.0039999999999995595,0.0,0.0026684119072983496,0.0009166751521757849,-7.837819912869537e-05,4.045497076016816e-06,0.7611948929672492
5.435999999999623,0.0039999999999995595,0.0,0.0026684110187149505,0.0009166913286913091,-7.837546028322993e-05,4.078322639491885e-06,0.7611948929672492
5.439999999999623,0.0039999999999995595,0.0,0.0026684105317143713,0.0009167076298336778,-7.837273600920878e-05,4.110430172101052e-06,0.7611675191095215
5.4439999999996225,0.0039999999999995595,0.0,0.00266841044500704,0.0009167240645700771,-7.837001904720667e-05,4.140438795555541e-06,0.7611675191095215
5.447999999999622,0.0039999999999995595,0.0,0.002668410715697001,0.0009167406133149124,-7.83673174114139e-05,4.1699332728579276e-06,0.7611403627505853
5.451999999999622,0.0039999999999995595,0.0,0.002668411352063779,0.0009167572917932399,-7.83646197061139e-05,4.200988998169008e-06,0.7611269633557111
5.455999999999621,0.0039999999999995595,0.0,0.0026684123233601475,0.0009167740890342541,-7.83619303662202e-05,4.229392591859897e-06,0.7611135920949056
5.459999999999621,0.0039999999999995595,0.0,0.0026684136030826187,0.0009167909967324634,-7.835925190629823e-05,4.25578243783203e-06,0.7611002582685383
5.46399999999962,0.0039999999999995595,0.0,0.002668415166849556,0.0009168080080580554,-7.835658568545427e-05,4.280512215336817e-06,0.7610869677215318
5.46799999999962,0.0039999999999995595,0.0,0.002668416991860315,0.000916825116974659,-7.835393237736764e-05,4.303772129224686e-06,0.7610737241027428
5.471999999999619,0.0039999999999995595,0.0,0.0026684190558551118,0.0009168423178578674,-7.835129225663404e-05,4.325660879074065e-06,0.7610605296641014
5.475999999999619,0.0039999999999995595,0.0,0.0026684213372398587,0.0009168596052894295,-7.834866537108304e-05,4.346227751550876e-06,0.7610473857681282
5.4799999999996185,0.0039999999999995595,0.0,0.00266842381458691,0.0009168769739520522,-7.83460516444232e-05,4.365496735606662e-06,0.7610342932104804
5.483999999999618,0.0039999999999995595,0.0,0.0026684264668431065,0.0009168944185803312,-7.83434509358829e-05,4.383480022498833e-06,0.761021252425177
5.487999999999618,0.0039999999999995595,0.0,0.0026684292732049703,0.0009169119339418593,-7.834086307394434e-05,4.4001852614077215e-06,0.7610082636153156
5.491999999999617,0.0039999999999995595,0.0,0.0026684322131603233,0.0009169295148336227,-7.833828787479225e-05,4.415619246472998e-06,0.760995326836386
5.495999999999617,0.0039999999999995595,0.0,0.0026684352664050836,0.0009169471560854702,-7.833572515173497e-05,4.429789629313279e-06,0.7609824420494826
5.499999999999616,0.0039999999999995595,0.0,0.002668438413051306,0.0009169648525662473,-7.83331747195087e-05,4.4427055777969005e-06,0.7609696091553091
5.503999999999616,0.0039999999999995595,0.0,0.0026684416335023644,0.0009169825991904062,-7.833063639578076e-05,4.4543778959017666e-06,0.7609568280159661
5.507999999999615,0.0039999999999995595,0.0,0.0026684449084113573,0.0009170003909241262,-7.832811000115274e-05,4.464818918422374e-06,0.7609440984689229
5.511999999999615,0.0039999999999995595,0.0,0.0026684482189723445,0.0009170182227906254,-7.832559535860265e-05,4.474042317936901e-06,0.7609314203359892
5.5159999999996145,0.0039999999999995595,0.0,0.0026684515466291123,0.0009170360898746599,-7.83230922926657e-05,4.482062914189297e-06,0.7609187934291051
5.519999999999614,0.0039999999999995595,0.0,0.0026684548732831977,0.0009170539873263588,-7.832060062860766e-05,4.4888965146752625e-06,0.7609062175540775
5.523999999999614,0.0039999999999995595,0.0,0.0026684581812106787,0.0009170719103645575,-7.831812019173561e-05,4.494559796426325e-06,0.7608936925129924
5.527999999999613,0.0039999999999995595,0.0,0.002668461453145379,0.0009170898542798017,-7.8315650806851e-05,4.499070222752851e-06,0.7608812181057863
5.531999999999613,0.0039999999999995595,0.0,0.002668464672154049,0.000917107814437151,-7.831319229787355e-05,4.502445994770221e-06,0.760868794131264
5.535999999999612,0.0039999999999995595,0.0,0.0026684678218859945,0.0009171257862788893,-7.83107444875969e-05,4.504706025665314e-06,0.7608564203877672
5.539999999999612,0.0039999999999995595,0.0,0.002668470886281828,0.0009171437653272051,-7.830830719758539e-05,4.505869931673779e-06,0.7608440966736054
5.5439999999996115,0.0039999999999995595,0.0,0.002668473849947913,0.0009171617471868828,-7.830588024817463e-05,4.505958028535185e-06,0.7608318227873454
5.547999999999611,0.0039999999999995595,0.0,0.002668476697698698,0.0009171797275480229,-7.83034634585818e-05,4.504991336152452e-06,0.7608195985279945
5.551999999999611,0.0039999999999995595,0.0,0.002668479415055968,0.0009171977021887884,-7.83010566470114e-05,4.50299158462635e-06,0.7608074236951233
5.55599999999961,0.0039999999999995595,0.0,0.002668481987874391,0.0009172156669781751,-7.829865963086969e-05,4.499981211896025e-06,0.7607952980889469
5.55999999999961,0.0039999999999995595,0.0,0.0026684844025911376,0.0009172336178787885,-7.82962722269246e-05,4.495983366824435e-06,0.7607832215103812
5.563999999999609,0.0039999999999995595,0.0,0.002668486646059452,0.0009172515509495931,-7.829389425160391e-05,4.4910218919900025e-06,0.7607711937610684
5.567999999999609,0.0039999999999995595,0.0,0.0026684887004312266,0.000917269458805751,-7.829152928705742e-05,4.483096848462842e-06,0.7607711937610684
5.571999999999608,0.0039999999999995595,0.0,0.002668490547067878,0.0009172873332691043,-7.828918053497654e-05,4.4755307936727195e-06,0.7607471335903158
5.575999999999608,0.0039999999999995595,0.0,0.002668492193957984,0.0009173051837517416,-7.828683431706826e-05,4.4690819856790065e-06,0.7607352894355979
5.5799999999996075,0.0039999999999995595,0.0,0.002668493626332172,0.0009173230042728266,-7.828449321165569e-05,4.461172324907682e-06,0.7607234794975722
5.583999999999607,0.0039999999999995595,0.0,0.0026684948318341354,0.0009173407901475573,-7.828215868826882e-05,4.452116086642859e-06,0.7607117086189298
5.587999999999607,0.0039999999999995595,0.0,0.002668495799480494,0.0009173585374560235,-7.827983153684662e-05,4.442099638393747e-06,0.7606999798008092
5.591999999999606,0.0039999999999995595,0.0,0.0026684965146682,0.0009173762398527583,-7.827751583663512e-05,4.429544374139247e-06,0.7606999798008092
5.595999999999606,0.0039999999999995595,0.0,0.0026684969565118175,0.000917393887078855,-7.827521889661908e-05,4.415302783780958e-06,0.7606882948787507
5.599999999999605,0.0039999999999995595,0.0,0.0026684971262180236,0.0009174114823257323,-7.827293094155232e-05,4.4031637886274125e-06,0.7606648029941464
5.603999999999605,0.0039999999999995595,0.0,0.0026684970289042676,0.0009174290307794324,-7.827064441499185e-05,4.3903735182114866e-06,0.7606648029941464
5.607999999999604,0.0039999999999995595,0.0,0.002668496646555615,0.0009174465235326572,-7.826836677956297e-05,4.376968464569025e-06,0.760641709514563
5.611999999999604,0.0039999999999995595,0.0,0.0026684959846221814,0.0009174639647373107,-7.826608761078977e-05,4.363875151053483e-06,0.7606303153639473
5.6159999999996035,0.0039999999999995595,0.0,0.002668495033118586,0.0009174813494999709,-7.826381090089016e-05,4.349561105463487e-06,0.7606189450311115
5.619999999999603,0.0039999999999995595,0.0,0.0026684937846388457,0.0009174986743538036,-7.826153891858746e-05,4.334381497437248e-06,0.7606076065082275
5.623999999999603,0.0039999999999995595,0.0,0.002668492233191434,0.0009175159366135227,-7.825927288845886e-05,4.318533236060596e-06,0.7605963048016792
5.627999999999602,0.0039999999999995595,0.0,0.002668490373866437,0.0009175331340172067,-7.825701341100768e-05,4.3021248720325535e-06,0.7605850430264317
5.631999999999602,0.0039999999999995595,0.0,0.0026684882023778962,0.0009175502645375632,-7.82547607206407e-05,4.285217974355837e-06,0.7605738230982422
5.635999999999601,0.0039999999999995595,0.0,0.0026684857148557826,0.00091756732629044,-7.82525148427758e-05,4.267850948976388e-06,0.760562646171822
5.639999999999601,0.0039999999999995595,0.0,0.0026684829080956206,0.00091758431749697,-7.825027568831361e-05,4.250052240468503e-06,0.7605515129184367
5.6439999999996004,0.0039999999999995595,0.0,0.0026684797749819277,0.0009176012346103311,-7.824804668618283e-05,4.230668085985607e-06,0.7605515129184367
5.6479999999996,0.0039999999999995595,0.0,0.0026684763063604135,0.000917618073415572,-7.82458309074358e-05,4.211558458623831e-06,0.7605292392525509
5.6519999999996,0.0039999999999995595,0.0,0.002668472514877763,0.0009176348391014003,-7.824361535588605e-05,4.193237710148666e-06,0.7605182740912573
5.655999999999599,0.0039999999999995595,0.0,0.002668468397204176,0.0009176515290506736,-7.82414024474641e-05,4.174257960068669e-06,0.7605073402604636
5.659999999999599,0.0039999999999995595,0.0,0.0026684639515907166,0.0009176681414604437,-7.823919356550121e-05,4.15482720830269e-06,0.7604964423761722
5.663999999999598,0.0039999999999995595,0.0,0.0026684591772868473,0.0009176846750168494,-7.823698946365076e-05,4.135071249316178e-06,0.76048558329852
5.667999999999598,0.0039999999999995595,0.0,0.002668454074290804,0.0009177011287081545,-7.823479051652068e-05,4.115068367272878e-06,0.7604747647772204
5.671999999999597,0.0039999999999995595,0.0,0.002668448638772986,0.0009177175002255371,-7.823260037431158e-05,4.093874973896817e-06,0.7604747647772204
5.675999999999597,0.0039999999999995595,0.0,0.0026684428552124335,0.0009177337833183164,-7.823042937017807e-05,4.070874484702626e-06,0.7604747647772204
5.6799999999995965,0.0039999999999995595,0.0,0.002668436723565278,0.0009177499776301237,-7.822827142815983e-05,4.049757447309595e-06,0.7604421873883266
5.683999999999596,0.0039999999999995595,0.0,0.002668430274451061,0.0009177660932026689,-7.822610344599842e-05,4.030342138538309e-06,0.7604316297572365
5.687999999999596,0.0039999999999995595,0.0,0.002668423506536088,0.0009177821273817692,-7.82239319602917e-05,4.010190413011106e-06,0.7604210815563326
5.691999999999595,0.0039999999999995595,0.0,0.002668416421190935,0.0009177980790425039,-7.82217608293074e-05,3.989707124152181e-06,0.7604105548971357
5.695999999999595,0.0039999999999995595,0.0,0.0026684090167488237,0.0009178139466380583,-7.821959568227105e-05,3.96824745139747e-06,0.7604105548971357
5.699999999999594,0.0039999999999995595,0.0,0.0026684012793937915,0.0009178297254392061,-7.821744780032922e-05,3.945290883937414e-06,0.7604105548971357
5.703999999999594,0.0039999999999995595,0.0,0.002668393210454348,0.0009178454153750169,-7.821531195390903e-05,3.924041299580798e-06,0.7603788029856546
5.707999999999593,0.0039999999999995595,0.0,0.002668384843171164,0.0009178610254641948,-7.821316596999823e-05,3.904468350230627e-06,0.7603685044926868
5.711999999999593,0.0039999999999995595,0.0,0.002668376179496949,0.0009178765544348543,-7.821101641596033e-05,3.884471350374896e-06,0.7603582133371087
5.7159999999995925,0.0039999999999995595,0.0,0.002668367223464684,0.0009178920022032068,-7.820886714376549e-05,3.864381979818076e-06,0.7603479420120286
5.719999999999592,0.0039999999999995595,0.0,0.0026683579801474815,0.0009179073692793914,-7.82067203502032e-05,3.844373038767237e-06,0.7603376983678014
5.723999999999592,0.0039999999999995595,0.0,0.00266834845507611,0.0009179226564407307,-7.820457723425035e-05,3.824528523484573e-06,0.7603274873206618
5.727999999999591,0.0039999999999995595,0.0,0.0026683386541974004,0.0009179378645663466,-7.82024384024753e-05,3.8048860695175235e-06,0.7603173119309199
5.731999999999591,0.0039999999999995595,0.0,0.002668328583583005,0.0009179529945648571,-7.820030411698907e-05,3.785461639703147e-06,0.7603071740838286
5.73599999999959,0.0039999999999995595,0.0,0.0026683182494294097,0.0009179680473526455,-7.819817444572349e-05,3.7662631331752022e-06,0.7602970749198895
5.73999999999959,0.0039999999999995595,0.0,0.0026683076580579384,0.0009179830238571284,-7.819604935223205e-05,3.7472973328100017e-06,0.7602870151070512
5.743999999999589,0.0039999999999995595,0.0,0.002668296816039589,0.0009179979250302895,-7.819392874849455e-05,3.728572974222567e-06,0.7602769950130713
5.747999999999589,0.0039999999999995595,0.0,0.0026682857300286103,0.0009180127518644442,-7.819181252517817e-05,3.7101016835346147e-06,0.760267014814773
5.7519999999995886,0.0039999999999995595,0.0,0.002668274406845727,0.000918027505406282,-7.818970056831284e-05,3.6918978367735032e-06,0.7602570745674019
5.755999999999588,0.0039999999999995595,0.0,0.0026682628536029737,0.0009180421867675563,-7.818759276792822e-05,3.673977936172448e-06,0.7602471742487154
5.759999999999588,0.0039999999999995595,0.0,0.002668251072003319,0.0009180567958350133,-7.818549229660109e-05,3.6554628715478305e-06,0.7602471742487154
5.763999999999587,0.0039999999999995595,0.0,0.0026682390478551103,0.0009180713286544333,-7.818340872549641e-05,3.6356525948174223e-06,0.7602471742487154
5.767999999999587,0.0039999999999995595,0.0,0.002668226784400576,0.0009180857856254771,-7.818133636901436e-05,3.6176875192621082e-06,0.7602173695835798
5.771999999999586,0.0039999999999995595,0.0,0.002668214324244303,0.000918100176806713,-7.817925361049865e-05,3.601751307753504e-06,0.760207712525624
5.775999999999586,0.0039999999999995595,0.0,0.002668201673541736,0.0009181145025437044,-7.817716655624614e-05,3.585776041984259e-06,0.7601980641412315
5.7799999999995855,0.0039999999999995595,0.0,0.0026681888399047327,0.0009181287641251088,-7.817507884668633e-05,3.570038123454641e-06,0.7601884355225463
5.783999999999585,0.0039999999999995595,0.0,0.002668175831694236,0.0009181429633043517,-7.817299260905034e-05,3.55468085961817e-06,0.7601788336222968
5.787999999999585,0.0039999999999995595,0.0,0.0026681626575625872,0.0009181571020280177,-7.817090905019199e-05,3.539770932822617e-06,0.7601692627821484
5.791999999999584,0.0039999999999995595,0.0,0.0026681493262038767,0.0009181711822932326,-7.816882882379287e-05,3.525333590643763e-06,0.7601597256954274
5.795999999999584,0.0039999999999995595,0.0,0.0026681358463955607,0.0009181852060818273,-7.816675225656135e-05,3.511373702542705e-06,0.7601502240139285
5.799999999999583,0.0039999999999995595,0.0,0.002668122226707193,0.0009181991753376683,-7.816467948601874e-05,3.4978877579225683e-06,0.7601407587307407
5.803999999999583,0.0039999999999995595,0.0,0.002668108475750092,0.0009182130919662514,-7.8162610543925e-05,3.484870216681e-06,0.7601313304218926
5.807999999999582,0.0039999999999995595,0.0,0.0026680946019276754,0.0009182269578442043,-7.816054540595268e-05,3.472316543661228e-06,0.7601219393990756
5.811999999999582,0.0039999999999995595,0.0,0.002668080613809965,0.0009182407748317084,-7.815848402071761e-05,3.4602243216551113e-06,0.7601125858062568
5.8159999999995815,0.0039999999999995595,0.0,0.0026680665196758655,0.000918254544784221,-7.815642632628034e-05,3.448593356639825e-06,0.7601032696808638
5.819999999999581,0.0039999999999995595,0.0,0.002668052327929278,0.0009182682695618827,-7.815437225914526e-05,3.4374253095239108e-06,0.7600939909925911
5.823999999999581,0.0039999999999995595,0.0,0.002668038046974272,0.0009182819510361198,-7.815232175883497e-05,3.4267231408844932e-06,0.7600847496680574
5.82799999999958,0.0039999999999995595,0.0,0.0026680236850070253,0.0009182955910935379,-7.815027476998856e-05,3.4164905484454528e-06,0.7600755456064859
5.83199999999958,0.0039999999999995595,0.0,0.0026680092503487225,0.0009183091916374913,-7.814823124292274e-05,3.406731471149965e-06,0.7600663786897199
5.835999999999579,0.0039999999999995595,0.0,0.002667994751195883,0.0009183227545877944,-7.814619113352247e-05,3.397449681833943e-06,0.7600572487886116
5.839999999999579,0.0039999999999995595,0.0,0.002667980195786813,0.0009183362818790372,-7.814415440279632e-05,3.3886484825492716e-06,0.7600481557671203
5.843999999999578,0.0039999999999995595,0.0,0.002667965592193541,0.0009183497754579265,-7.81421210162511e-05,3.3803304928898883e-06,0.7600390994849493
5.847999999999578,0.0039999999999995595,0.0,0.0026679509484466572,0.0009183632372799813,-7.814009094325e-05,3.372497510947518e-06,0.7600300797992433
5.8519999999995775,0.0039999999999995595,0.0,0.0026679362724936974,0.0009183766693058598,-7.813806415643792e-05,3.3651504326905667e-06,0.7600210965656861
5.855999999999577,0.0039999999999995595,0.0,0.0026679215721991446,0.0009183900734975147,-7.813604063121631e-05,3.3582892193239186e-06,0.7600121496392147
5.859999999999577,0.0039999999999995595,0.0,0.002667906855344425,0.0009184034518143328,-7.813402034529253e-05,3.351912901613751e-06,0.7600032388744806
5.863999999999576,0.0039999999999995595,0.0,0.00266789212954468,0.0009184168062093542,-7.813200327835298e-05,3.346019596450319e-06,0.7599943641261535
5.867999999999576,0.0039999999999995595,0.0,0.0026678773949246042,0.0009184301363566207,-7.812999242495264e-05,3.339238425536744e-06,0.7599943641261535
5.871999999999575,0.0039999999999995595,0.0,0.0026678626455747577,0.0009184434404194342,-7.812799054162562e-05,3.3334458051259993e-06,0.759976610358528
5.875999999999575,0.0039999999999995595,0.0,0.002667847912456441,0.0009184567279160676,-7.81259868095646e-05,3.329476113470051e-06,0.7599678715738085
5.8799999999995745,0.0039999999999995595,0.0,0.0026678332013128207,0.0009184699999062198,-7.812398335848738e-05,3.32572967723236e-06,0.7599591577433635
5.883999999999574,0.0039999999999995595,0.0,0.002667818518428192,0.000918483257894115,-7.812198146676441e-05,3.322328653674453e-06,0.7599504725769565
5.887999999999574,0.0039999999999995595,0.0,0.0026678038703782966,0.0009184965036012569,-7.811998188839503e-05,3.319334785596419e-06,0.7599418183629781
5.891999999999573,0.0039999999999995595,0.0,0.0026677892636974036,0.000918509738833723,-7.811798505696473e-05,3.3167743665036925e-06,0.7599331964948713
5.895999999999573,0.0039999999999995595,0.0,0.002667774704795075,0.0009185229654084379,-7.81159912122441e-05,3.3146537677166914e-06,0.7599246078021957
5.899999999999572,0.0039999999999995595,0.0,0.0026677601998729293,0.0009185361851150003,-7.811400047838872e-05,3.312968787776728e-06,0.7599160527589665
5.903999999999572,0.0039999999999995595,0.0,0.002667745755049482,0.0009185493996980959,-7.811201291188024e-05,3.3117101005374714e-06,0.7599075316148561
5.907999999999571,0.0039999999999995595,0.0,0.0026677313760688284,0.0009185626108512021,-7.811002853069317e-05,3.3108662761231133e-06,0.7598990444778824
5.911999999999571,0.0039999999999995595,0.0,0.0026677170685919477,0.0009185758202159955,-7.810804733157965e-05,3.310425357531583e-06,0.7598905913665769
5.9159999999995705,0.0039999999999995595,0.0,0.002667702837988614,0.0009185890293842192,-7.810606930060482e-05,3.310375555194344e-06,0.7598821722429131
5.91999999999957,0.0039999999999995595,0.0,0.0026676886894206227,0.000918602239900243,-7.810409441912925e-05,3.3107055165156466e-06,0.7598737870331274
5.92399999999957,0.0039999999999995595,0.0,0.002667674619851189,0.0009186154503898848,-7.81021255549663e-05,3.309749229722714e-06,0.7598737870331274
5.927999999999569,0.0039999999999995595,0.0,0.0026676606201672427,0.0009186286578213163,-7.810016535634693e-05,3.3098424491760954e-06,0.7598570122290065
5.931999999999569,0.0039999999999995595,0.0,0.0026676467212505273,0.0009186418734559256,-7.809820344965958e-05,3.3119323550161632e-06,0.7598487554305993
5.935999999999568,0.0039999999999995595,0.0,0.0026676329255997167,0.0009186550974745898,-7.809624186344921e-05,3.314041880334007e-06,0.7598405221339154
5.939999999999568,0.0039999999999995595,0.0,0.002667619236337805,0.0009186683306248544,-7.809428181672828e-05,3.316317824238531e-06,0.7598323158782936
5.943999999999567,0.0039999999999995595,0.0,0.0026676056570456436,0.0009186815739394859,-7.809232402981849e-05,3.3188353639011075e-06,0.7598241388451109
5.947999999999567,0.0039999999999995595,0.0,0.0026675921911792854,0.0009186948285716748,-7.80903689181581e-05,3.321627636560778e-06,0.7598159923616117
5.9519999999995665,0.0039999999999995595,0.0,0.002667578842278078,0.0009187080957023423,-7.808841671271182e-05,3.3247039749871584e-06,0.7598078772174321
5.955999999999566,0.0039999999999995595,0.0,0.0026675656053910713,0.0009187213733355691,-7.808647035126225e-05,3.32627474380842e-06,0.7598078772174321
5.959999999999566,0.0039999999999995595,0.0,0.00266755246969884,0.0009187346577887697,-7.808453249743359e-05,3.3288998327945498e-06,0.7597916401243957
5.963999999999565,0.0039999999999995595,0.0,0.0026675394653356073,0.0009187479610385367,-7.808259306919346e-05,3.3335682268635326e-06,0.7597836474073535
5.967999999999565,0.0039999999999995595,0.0,0.002667526592677874,0.0009187612826990757,-7.808065405596603e-05,3.3381235158597534e-06,0.759775677167956
5.971999999999564,0.0039999999999995595,0.0,0.002667513853017773,0.0009187746230147915,-7.807871664859003e-05,3.342725278734402e-06,0.7597677329348992
5.975999999999564,0.0039999999999995595,0.0,0.0026675012480220244,0.0009187879825495512,-7.807678154696263e-05,3.3474554519948936e-06,0.7597598168837789
5.979999999999563,0.0039999999999995595,0.0,0.0026674887711164866,0.0009188013586915592,-7.807485191442443e-05,3.3504925366231354e-06,0.7597598168837789
5.983999999999563,0.0039999999999995595,0.0,0.0026674764102745524,0.000918814747226779,-7.807293053127255e-05,3.354546624032727e-06,0.7597439741173487
5.987999999999563,0.0039999999999995595,0.0,0.002667464194632511,0.000918828160419488,-7.807100760202386e-05,3.360635697368259e-06,0.7597361744892114
5.991999999999562,0.0039999999999995595,0.0,0.0026674521230685864,0.0009188415974415613,-7.806908512561532e-05,3.3665073572848523e-06,0.7597283963937324
5.995999999999562,0.0039999999999995595,0.0,0.002667440195501492,0.0009188550581519112,-7.806716429449174e-05,3.3723331480883335e-06,0.7597206434245445
5.999999999999561,0.0039999999999995595,0.0,0.0026674284121412668,0.0009188685427594116,-7.80652458061387e-05,3.3782013656049428e-06,0.7597129177989544
6.003999999999561,0.0039999999999995595,0.0,0.0026674167734892823,0.0009188820516282031,-7.806333005685786e-05,3.3841521175922175e-06,0.7597052208690809
6.00799999999956,0.0039999999999995595,0.0,0.0026674052799220303,0.0009188955851695682,-7.806141726181238e-05,3.3901986112827683e-06,0.7596975534427486
6.01199999999956,0.0039999999999995595,0.0,0.002667393931691118,0.0009189091437851332,-7.805950752891936e-05,3.3963397812966294e-06,0.7596899159850868
6.0159999999995595,0.0039999999999995595,0.0,0.002667382728881645,0.0009189227278395693,-7.805760090394724e-05,3.4025675675995642e-06,0.759682308745266
6.019999999999559,0.0039999999999995595,0.0,0.002667371671412199,0.0009189363376495392,-7.805569739778158e-05,3.408870935535141e-06,0.7596747318362519
6.023999999999559,0.0039999999999995595,0.0,0.0026673607590348516,0.0009189499734810646,-7.805379700264576e-05,3.4152379893105777e-06,0.7596671852850365
6.027999999999558,0.0039999999999995595,0.0,0.002667349991251911,0.000918963635550797,-7.805189970164602e-05,3.421656961685117e-06,0.7596596690643116
6.031999999999558,0.0039999999999995595,0.0,0.0026673393674824077,0.0009189773240287447,-7.805000547413644e-05,3.428116621910015e-06,0.7596521831124643
6.035999999999557,0.0039999999999995595,0.0,0.0026673288869372234,0.0009189910390411928,-7.804811429866464e-05,3.434606341812936e-06,0.7596447273462382
6.039999999999557,0.0039999999999995595,0.0,0.0026673185486607125,0.000919004780673259,-7.804622615453393e-05,3.4411160449111298e-06,0.7596373016687342
6.043999999999556,0.0039999999999995595,0.0,0.00266730835157232,0.0009190185489708544,-7.804434102248243e-05,3.4476360745603263e-06,0.7596299059744988
6.047999999999556,0.0039999999999995595,0.0,0.0026672982944665837,0.0009190323439421049,-7.804245888483025e-05,3.454157090497086e-06,0.7596225401527641
6.0519999999995555,0.0039999999999995595,0.0,0.0026672883759298795,0.0009190461655583009,-7.804057972544878e-05,3.460669960174517e-06,0.7596152040895146
6.055999999999555,0.0039999999999995595,0.0,0.002667278594506919,0.0009190600137545029,-7.80387035296629e-05,3.467165683211002e-06,0.7596078976688069
6.059999999999555,0.0039999999999995595,0.0,0.002667268940417567,0.0009190738848074963,-7.803683289426526e-05,3.471645644407063e-06,0.7596078976688069
6.063999999999554,0.0039999999999995595,0.0,0.0026672593992612473,0.0009190877733818844,-7.803497024080279e-05,3.4770588660677307e-06,0.7595932808245778
6.067999999999554,0.0039999999999995595,0.0,0.0026672499965132482,0.0009191016920993698,-7.803310619497393e-05,3.4844278359461103e-06,0.759586086647915
6.071999999999553,0.0039999999999995595,0.0,0.0026672407273049723,0.0009191156389374342,-7.803124257190681e-05,3.491303784101393e-06,0.7595789128386256
6.075999999999553,0.0039999999999995595,0.0,0.002667231587974847,0.0009191296127079179,-7.802938046718936e-05,3.4978868088917034e-06,0.7595717625365562
6.079999999999552,0.0039999999999995595,0.0,0.0026672225755688525,0.0009191436126684902,-7.802752053198084e-05,3.5042840416380543e-06,0.7595646376717
6.083999999999552,0.0039999999999995595,0.0,0.0026672136872994074,0.0009191576382952706,-7.80256631446741e-05,3.5105482296899173e-06,0.7595575394152744
6.0879999999995515,0.0039999999999995595,0.0,0.002667204920545378,0.0009191716891540141,-7.802380851775574e-05,3.516701281886036e-06,0.759550468462311
6.091999999999551,0.0039999999999995595,0.0,0.002667196272685578,0.0009191857648303945,-7.802195676396611e-05,3.5227483827434943e-06,0.759543425208781
6.095999999999551,0.0039999999999995595,0.0,0.00266718774093227,0.0009191998648948736,-7.802010793699374e-05,3.5286862447225533e-06,0.7595364098627015
6.09999999999955,0.0039999999999995595,0.0,0.0026671793224976657,0.0009192139888871682,-7.801826205629729e-05,3.5345077860936622e-06,0.7595294225138809
6.10399999999955,0.0039999999999995595,0.0,0.002667171014469051,0.000919228136311325,-7.801641912218499e-05,3.5402046691735713e-06,0.7595224631777235
6.107999999999549,0.0039999999999995595,0.0,0.0026671628138920343,0.0009192423066361386,-7.801457912473668e-05,3.545768584848774e-06,0.7595155318227931
6.111999999999549,0.0039999999999995595,0.0,0.0026671547176040466,0.0009192564992979387,-7.801274204902418e-05,3.5511918286821067e-06,0.759508628388166
6.1159999999995485,0.0039999999999995595,0.0,0.002667146722567346,0.0009192707137041243,-7.801090787808116e-05,3.5564674926341257e-06,0.7595017527943644
6.119999999999548,0.0039999999999995595,0.0,0.002667138825452759,0.0009192849492366433,-7.800907659454436e-05,3.561589458631439e-06,0.7594949049502743
6.123999999999548,0.0039999999999995595,0.0,0.002667131023097567,0.0009192992052550641,-7.800724818148337e-05,3.566552314303942e-06,0.7594880847575146
6.127999999999547,0.0039999999999995595,0.0,0.002667123312172499,0.0009193134810991337,-7.800542262280265e-05,3.571351236782518e-06,0.7594812921132132
6.131999999999547,0.0039999999999995595,0.0,0.00266711568930661,0.0009193277760908503,-7.80035999033288e-05,3.5759818861599112e-06,0.7594745269117749
6.135999999999546,0.0039999999999995595,0.0,0.002667108151128906,0.0009193420895361289,-7.800178000881965e-05,3.5804403131629997e-06,0.7594677890460023
6.139999999999546,0.0039999999999995595,0.0,0.002667100694185094,0.0009193564207261418,-7.799996292589086e-05,3.584722885789373e-06,0.7594610784078206
6.143999999999545,0.0039999999999995595,0.0,0.0026670933151457157,0.0009193707689384363,-7.79981486418498e-05,3.588826243945649e-06,0.7594543948887407
6.147999999999545,0.0039999999999995595,0.0,0.0026670860104315067,0.0009193851334379004,-7.799633714465555e-05,3.592747260253764e-06,0.7594477383801519
6.1519999999995445,0.0039999999999995595,0.0,0.002667078776671293,0.0009193995134776349,-7.799452842278215e-05,3.5964830234006704e-06,0.7594411087735223
6.155999999999544,0.0039999999999995595,0.0,0.0026670716102857213,0.0009194139082997893,-7.799272246514646e-05,3.6000308321875207e-06,0.7594345059605166
6.159999999999544,0.0039999999999995595,0.0,0.0026670645078619047,0.0009194283171363836,-7.799091926102287e-05,3.6033881901631667e-06,0.7594279298330863
6.163999999999543,0.0039999999999995595,0.0,0.0026670574658620326,0.0009194427392101417,-7.798911879996653e-05,3.6065528126540554e-06,0.759421380283516
6.167999999999543,0.0039999999999995595,0.0,0.0026670504807898795,0.0009194571737353483,-7.798732107177424e-05,3.6095226297861636e-06,0.7594148572044601
6.171999999999542,0.0039999999999995595,0.0,0.0026670435491908087,0.0009194716199187395,-7.798552606646852e-05,3.6122957969997633e-06,0.7594083604889634
6.175999999999542,0.0039999999999995595,0.0,0.0026670366675268873,0.0009194860769604276,-7.798373377424181e-05,3.614870702245584e-06,0.7594018900304779
6.179999999999541,0.0039999999999995595,0.0,0.0026670298323433995,0.000919500544054851,-7.798194418541668e-05,3.6172459716468345e-06,0.7593954457228723
6.183999999999541,0.0039999999999995595,0.0,0.0026670230401855915,0.0009195150203917602,-7.798015729046491e-05,3.6194204797860706e-06,0.7593890274604316
6.1879999999995405,0.0039999999999995595,0.0,0.0026670162876402987,0.0009195295051572182,-7.79783730799556e-05,3.62139335163572e-06,0.759382635137866
6.19199999999954,0.0039999999999995595,0.0,0.002667009571294322,0.0009195439975346295,-7.797659154457905e-05,3.6231639677866668e-06,0.759376268650309
6.19599999999954,0.0039999999999995595,0.0,0.0026670028877344245,0.0009195584967057678,-7.797481267511573e-05,3.624731966219006e-06,0.7593699278933191
6.199999999999539,0.0039999999999995595,0.0,0.0026669962336305923,0.0009195730018518187,-7.797303646241288e-05,3.626097246644436e-06,0.7593636127628776
6.203999999999539,0.0039999999999995595,0.0,0.0026669896056527756,0.0009195875121544226,-7.797126289742867e-05,3.627259964344836e-06,0.7593573231553884
6.207999999999538,0.0039999999999995595,0.0,0.0026669830005541482,0.0009196020267967069,-7.79694919711962e-05,3.6282205338083753e-06,0.7593510589676765
6.211999999999538,0.0039999999999995595,0.0,0.002666976415087851,0.000919616544964314,-7.796772367484135e-05,3.6289796239766707e-06,0.759344820096985
6.2159999999995375,0.0039999999999995595,0.0,0.00266696984609025,0.0009196310658464154,-7.796595799955699e-05,3.629538155319274e-06,0.759338606440978
6.219999999999537,0.0039999999999995595,0.0,0.002666963290397679,0.0009196455886367084,-7.796419493665662e-05,3.629897294123775e-06,0.759332417897732
6.223999999999537,0.0039999999999995595,0.0,0.0026669567449296994,0.0009196601125343953,-7.796243447749844e-05,3.6300584521784883e-06,0.7593262543657406
6.227999999999536,0.0039999999999995595,0.0,0.0026669502066890985,0.000919674636745136,-7.796067661354555e-05,3.630023273340107e-06,0.7593201157439078
6.231999999999536,0.0039999999999995595,0.0,0.002666943672678636,0.0009196891604819784,-7.795892133633233e-05,3.629793634470411e-06,0.759314001931549
6.235999999999535,0.0039999999999995595,0.0,0.002666937139984299,0.0009197036829662668,-7.795716863750232e-05,3.6293716342576502e-06,0.7593079128283873
6.239999999999535,0.0039999999999995595,0.0,0.0026669306058169353,0.0009197182034285157,-7.795541850878836e-05,3.628759589612804e-06,0.7593018483345523
6.243999999999534,0.0039999999999995595,0.0,0.0026669240673457347,0.0009197327211092575,-7.79536709420038e-05,3.6279600247275366e-06,0.7592958083505821
6.247999999999534,0.0039999999999995595,0.0,0.0026669175219063775,0.0009197472352598597,-7.795192592910749e-05,3.626975664797651e-06,0.7592897927774123
6.2519999999995335,0.0039999999999995595,0.0,0.0026669109668345185,0.0009197617451433115,-7.795018346208282e-05,3.625809434532508e-06,0.759283801516384
6.255999999999533,0.0039999999999995595,0.0,0.002666904399590675,0.0009197762500349769,-7.79484435330197e-05,3.624464437515955e-06,0.7592778344692401
6.259999999999533,0.0039999999999995595,0.0,0.0026668978176769683,0.0009197907492233162,-7.794670613415804e-05,3.622943956447349e-06,0.7592718915381146
6.263999999999532,0.0039999999999995595,0.0,0.0026668912187203858,0.0009198052420105759,-7.794497125779416e-05,3.6212514467691493e-06,0.7592659726255433
6.267999999999532,0.0039999999999995595,0.0,0.00266688460030626,0.0009198197277134433,-7.794323889635899e-05,3.6193905216519874e-06,0.7592600776344549
6.271999999999531,0.0039999999999995595,0.0,0.0026668779539419023,0.0009198342028450726,-7.794151128125982e-05,3.615813343725218e-06,0.7592600776344549
6.275999999999531,0.0039999999999995595,0.0,0.0026668712674294505,0.0009198486627016889,-7.79397905241657e-05,3.6128327825706182e-06,0.7592482839277523
6.27999999999953,0.0039999999999995595,0.0,0.0026668645603348537,0.0009198631166420255,-7.793806858239845e-05,3.6112506213894822e-06,0.7592424798477304
6.28399999999953,0.0039999999999995595,0.0,0.002666857828286763,0.0009198775625303673,-7.793634698337157e-05,3.609154884972437e-06,0.7592366920154803
6.2879999999995295,0.0039999999999995595,0.0,0.002666851061918118,0.0009198919963334323,-7.793462885506035e-05,3.6052515225698975e-06,0.7592366920154803
6.291999999999529,0.0039999999999995595,0.0,0.002666844236083751,0.0009199064074402632,-7.793292132516781e-05,3.5986439931598427e-06,0.7592366920154803
6.295999999999529,0.0039999999999995595,0.0,0.002666837349076345,0.0009199207962510004,-7.79312210942259e-05,3.594882178102996e-06,0.7592192445835567
6.299999999999528,0.0039999999999995595,0.0,0.0026668304414855107,0.0009199351812861321,-7.792951374623828e-05,3.5938261561620406e-06,0.7592135909074912
6.303999999999528,0.0039999999999995595,0.0,0.0026668235056509907,0.000919949558241058,-7.792780336165234e-05,3.591737749455456e-06,0.7592079406000413
6.307999999999527,0.0039999999999995595,0.0,0.0026668165312064276,0.0009199639222866377,-7.792609455704343e-05,3.5877024746773988e-06,0.7592079406000413
6.311999999999527,0.0039999999999995595,0.0,0.0026668095058286884,0.0009199782684891941,-7.79243908346612e-05,3.5839947559258443e-06,0.7591966042171834
6.315999999999526,0.0039999999999995595,0.0,0.0026668024476686147,0.0009199926048162977,-7.79226853563002e-05,3.581462965314564e-06,0.7591910165147859
6.319999999999526,0.0039999999999995595,0.0,0.0026667953531872763,0.000920006929384388,-7.792098008750428e-05,3.5784685338354445e-06,0.7591854414282477
6.323999999999526,0.0039999999999995595,0.0,0.002666788220011387,0.0009200212410803453,-7.791927619358398e-05,3.5751955208707947e-06,0.7591798826095626
6.327999999999525,0.0039999999999995595,0.0,0.0026667810465586346,0.0009200355391756783,-7.791757434958024e-05,3.5717368601482358e-06,0.759174342312993
6.331999999999525,0.0039999999999995595,0.0,0.0026667738314548467,0.0009200498231174672,-7.791587493293924e-05,3.5681360555004476e-06,0.7591688219193763
6.335999999999524,0.0039999999999995595,0.0,0.0026667665735756255,0.0009200640924228134,-7.791417814271778e-05,3.5644115611671315e-06,0.7591633222632485
6.339999999999524,0.0039999999999995595,0.0,0.002666759271879822,0.0009200783466316991,-7.791248407286795e-05,3.560570530023536e-06,0.7591578438370767
6.343999999999523,0.0039999999999995595,0.0,0.002666751925451171,0.0009200925852911115,-7.791079275693883e-05,3.5566161653276375e-06,0.7591523869188751
6.347999999999523,0.0039999999999995595,0.0,0.002666744533373394,0.0009201068079545338,-7.790910419499995e-05,3.552551346859186e-06,0.7591469516520126
6.3519999999995225,0.0039999999999995595,0.0,0.002666737094855098,0.0009201210141878582,-7.790741836975442e-05,3.5483801515574695e-06,0.7591415380951855
6.355999999999522,0.0039999999999995595,0.0,0.0026667296091881427,0.0009201352035769318,-7.790573525583765e-05,3.544108258785845e-06,0.7591361462537648
6.359999999999522,0.0039999999999995595,0.0,0.002666722075747643,0.0009201493757343993,-7.790405482510208e-05,3.5397428039643226e-06,0.7591307760994811
6.363999999999521,0.0039999999999995595,0.0,0.0026667144941168665,0.0009201635303049117,-7.790237704944199e-05,3.535292015786997e-06,0.7591254275828212
6.367999999999521,0.0039999999999995595,0.0,0.002666706863837443,0.0009201776669684889,-7.790070190230843e-05,3.530764800854597e-06,0.759120100640848
6.37199999999952,0.0039999999999995595,0.0,0.0026666991846175238,0.000920191785442203,-7.789902935921109e-05,3.5261703710724658e-06,0.7591147952021636
6.37599999999952,0.0039999999999995595,0.0,0.0026666914563734196,0.0009202058854804908,-7.789735939790882e-05,3.5215179349887552e-06,0.7591095111900452
6.379999999999519,0.0039999999999995595,0.0,0.0026666836789381726,0.0009202199668744466,-7.789569199830695e-05,3.5168164736684143e-06,0.7591042485244613
6.383999999999519,0.0039999999999995595,0.0,0.0026666758463577945,0.0009202340270300406,-7.789402920834108e-05,3.5107321653799864e-06,0.7591042485244613
6.3879999999995185,0.0039999999999995595,0.0,0.0026666679487646846,0.0009202480621878592,-7.789237298145587e-05,3.505220475704939e-06,0.7590937195792519
6.391999999999518,0.0039999999999995595,0.0,0.0026666600067252236,0.0009202620807215077,-7.789071588465707e-05,3.5010266159272056e-06,0.7590885382556362
6.395999999999518,0.0039999999999995595,0.0,0.002666652018573668,0.0009202760813219093,-7.78890593053872e-05,3.496519933971476e-06,0.7590833713361896
6.399999999999517,0.0039999999999995595,0.0,0.002666643983768365,0.0009202900633475929,-7.788740408733004e-05,3.491858762315884e-06,0.7590782212131809
6.403999999999517,0.0039999999999995595,0.0,0.002666635902350527,0.0009203040265239944,-7.788575073660612e-05,3.487130312825886e-06,0.7590730893469241
6.407999999999516,0.0039999999999995595,0.0,0.0026666277746944353,0.0009203179707680951,-7.788409955093001e-05,3.482380400896039e-06,0.7590679766176333
6.411999999999516,0.0039999999999995595,0.0,0.002666619601340912,0.000920331896090147,-7.788245070028365e-05,3.4776316648838285e-06,0.7590628835442571
6.415999999999515,0.0039999999999995595,0.0,0.0026666113829556847,0.0009203458025416088,-7.788080427684816e-05,3.472894465301266e-06,0.7590578104206401
6.419999999999515,0.0039999999999995595,0.0,0.002666603120246122,0.0009203596901899294,-7.787916032617752e-05,3.468173183558614e-06,0.7590527574002579
6.4239999999995145,0.0039999999999995595,0.0,0.0026665948139612343,0.0009203735591082617,-7.787751886633263e-05,3.4634697305291225e-06,0.7590477245489949
6.427999999999514,0.0039999999999995595,0.0,0.0026665864648500372,0.0009203874093730069,-7.787587989942467e-05,3.458785393632588e-06,0.7590427118780434
6.431999999999514,0.0039999999999995595,0.0,0.0026665780737448255,0.0009204012410650287,-7.78742434187449e-05,3.4541216800968853e-06,0.7590377193644352
6.435999999999513,0.0039999999999995595,0.0,0.002666569641519535,0.0009204150542722,-7.787260941296158e-05,3.449480645149997e-06,0.7590327469638354
6.439999999999513,0.0039999999999995595,0.0,0.002666561169048113,0.0009204288490921196,-7.78709778685775e-05,3.4448649299645164e-06,0.7590277946185807
6.443999999999512,0.0039999999999995595,0.0,0.00266655265724615,0.0009204426256343997,-7.786934877128926e-05,3.4402776671122068e-06,0.7590228622626985
6.447999999999512,0.0039999999999995595,0.0,0.0026665441070708807,0.000920456384022328,-7.786772210680175e-05,3.4357223372612894e-06,0.7590179498250582
6.4519999999995115,0.0039999999999995595,0.0,0.002666535519604459,0.0009204701243938841,-7.786609786118475e-05,3.4312026237907677e-06,0.7590130572313639
6.455999999999511,0.0039999999999995595,0.0,0.002666526895845779,0.0009204838469021896,-7.78644760210433e-05,3.426722285291999e-06,0.7590081844054075
6.459999999999511,0.0039999999999995595,0.0,0.0026665182369186528,0.000920497551715501,-7.786285657358959e-05,3.422285050871761e-06,0.7590033312698657
6.46399999999951,0.0039999999999995595,0.0,0.0026665095439469062,0.0009205112390168502,-7.786123950662153e-05,3.4178945420668244e-06,0.758998497746809
6.46799999999951,0.0039999999999995595,0.0,0.0026665008180960146,0.0009205249090034445,-7.78596248085015e-05,3.413554220532201e-06,0.7589936837580239
6.471999999999509,0.0039999999999995595,0.0,0.002666492060614739,0.000920538561885901,-7.785801246804976e-05,3.4092673504660867e-06,0.7589888892252276
6.475999999999509,0.0039999999999995595,0.0,0.0026664832726685838,0.0009205521978873853,-7.785640247453803e-05,3.4050369812221117e-06,0.7589841140701915
6.479999999999508,0.0039999999999995595,0.0,0.0026664744555479764,0.0009205658172427122,-7.785479481761441e-05,3.400865936233745e-06,0.7589793582148434
6.483999999999508,0.0039999999999995595,0.0,0.002666465610543361,0.000920579420197433,-7.785318948728631e-05,3.396756815128702e-06,0.7589746215813113
6.4879999999995075,0.0039999999999995595,0.0,0.002666456738945197,0.0009205930070069357,-7.78515864738217e-05,3.3927119974888167e-06,0.758969904091971
6.491999999999507,0.0039999999999995595,0.0,0.0026664478420439608,0.0009206065779355856,-7.7849985767746e-05,3.388733651273076e-06,0.758965205669466
6.495999999999507,0.0039999999999995595,0.0,0.002666438921213419,0.0009206201332558955,-7.784838735979862e-05,3.3848237428950323e-06,0.7589605262367212
6.499999999999506,0.0039999999999995595,0.0,0.002666429977785719,0.000920633673247745,-7.784679124096018e-05,3.3809840466695624e-06,0.7589558657169532
6.503999999999506,0.0039999999999995595,0.0,0.0026664210131346626,0.0009206471981976438,-7.784519740238674e-05,3.3772161582779907e-06,0.7589512240336815
6.507999999999505,0.0039999999999995595,0.0,0.002666412028592432,0.0009206607083980433,-7.784360583541078e-05,3.37352150596726e-06,0.7589466011107288
6.511999999999505,0.0039999999999995595,0.0,0.0026664030255328652,0.0009206742041466795,-7.78420165315174e-05,3.3699013571915974e-06,0.7589419968722212
6.515999999999504,0.0039999999999995595,0.0,0.0026663940053714553,0.0009206876857459596,-7.784042948235303e-05,3.366356828455989e-06,0.758937411242593
6.519999999999504,0.0039999999999995595,0.0,0.002666384969440438,0.0009207011535023753,-7.783884467970388e-05,3.3628888944654973e-06,0.7589328441465829
6.5239999999995035,0.0039999999999995595,0.0,0.0026663759191137056,0.0009207146077259518,-7.78372621155095e-05,3.3594983936827833e-06,0.758928295509235
6.527999999999503,0.0039999999999995595,0.0,0.002666366855765169,0.0009207280487297216,-7.783568178189627e-05,3.356186035076222e-06,0.7589237652558981
6.531999999999503,0.0039999999999995595,0.0,0.0026663577808103958,0.000920741476829216,-7.783410367106068e-05,3.3529524058160192e-06,0.7589192533122285
6.535999999999502,0.0039999999999995595,0.0,0.0026663486955816945,0.0009207548923419771,-7.783252777533104e-05,3.3497979713552e-06,0.7589147596041823
6.539999999999502,0.0039999999999995595,0.0,0.002666339601411393,0.0009207682955870887,-7.783095408719242e-05,3.3467230804380413e-06,0.7589102840580154
6.543999999999501,0.0039999999999995595,0.0,0.0026663304996734764,0.0009207816868847239,-7.782938259924576e-05,3.3437279729300694e-06,0.7589058266002855
6.547999999999501,0.0039999999999995595,0.0,0.0026663213917003086,0.0009207950665556998,-7.782781330423887e-05,3.3408127765284757e-06,0.7589013871578472
6.5519999999995004,0.0039999999999995595,0.0,0.0026663122724118735,0.0009208084324586668,-7.78262480336564e-05,3.3366289461641577e-06,0.7589013871578472
6.5559999999995,0.0039999999999995595,0.0,0.002666303125485533,0.0009208217783244037,-7.782469046561713e-05,3.3315553904042462e-06,0.7588969656578523
6.5599999999995,0.0039999999999995595,0.0,0.0026662939550849253,0.0009208351060250345,-7.782313773184142e-05,3.327092851707818e-06,0.7588925048352915
6.563999999999499,0.0039999999999995595,0.0,0.0026662847660399763,0.0009208484178344525,-7.782158787269201e-05,3.3231824657174145e-06,0.758888076364004
6.567999999999499,0.0039999999999995595,0.0,0.0026662755683856173,0.0009208617177189965,-7.782003793726051e-05,3.321015387637275e-06,0.7588792996052385
6.571999999999498,0.0039999999999995595,0.0,0.0026662663762376045,0.0009208750108569764,-7.781848547754572e-05,3.318659991604296e-06,0.7588792996052385
6.575999999999498,0.0039999999999995595,0.0,0.0026662571770624138,0.000920888291990302,-7.781693490602502e-05,3.3163473366609653e-06,0.7588706525553202
6.579999999999497,0.0039999999999995595,0.0,0.0026662479901392692,0.000920901567981428,-7.781538160392579e-05,3.315067006393746e-06,0.7588663831484078
6.583999999999497,0.0039999999999995595,0.0,0.002666238814219095,0.0009209148377136363,-7.781382774929902e-05,3.3135135539392787e-06,0.7588621205646232
6.5879999999994965,0.0039999999999995595,0.0,0.0026662296493436444,0.0009209281008953192,-7.78122746543645e-05,3.3118818688763906e-06,0.7588578686979577
6.591999999999496,0.0039999999999995595,0.0,0.0026662204961792773,0.0009209413576146442,-7.781072309637236e-05,3.31026254633617e-06,0.7588536299443427
6.595999999999496,0.0039999999999995595,0.0,0.002666211355600566,0.0009209546081004432,-7.780917352419583e-05,3.3086902174058755e-06,0.758849405770208
6.599999999999495,0.0039999999999995595,0.0,0.0026662022284404526,0.0009209678526040728,-7.7807626186936e-05,3.3071718212221865e-06,0.7588451970648091
6.603999999999495,0.0039999999999995595,0.0,0.002666193115615173,0.0009209810913494137,-7.78060812136066e-05,3.305702494437232e-06,0.7588410043586393
6.607999999999494,0.0039999999999995595,0.0,0.0026661840178327707,0.0009209943245190686,-7.780453866229321e-05,3.3042739965887823e-06,0.7588368279588987
6.611999999999494,0.0039999999999995595,0.0,0.002666174935842938,0.0009210075522580268,-7.78029985501359e-05,3.302878770113596e-06,0.7588326680335954
6.615999999999493,0.0039999999999995595,0.0,0.0026661658702704562,0.0009210207746842341,-7.780146087157763e-05,3.301511540586668e-06,0.7588285246638039
6.619999999999493,0.0039999999999995595,0.0,0.002666156821740113,0.000921033991900468,-7.779992560919109e-05,3.300169632237979e-06,0.758824397876183
6.6239999999994925,0.0039999999999995595,0.0,0.002666147790876704,0.0009210472040048158,-7.779839274007897e-05,3.298852642083034e-06,0.758820287663261
6.627999999999492,0.0039999999999995595,0.0,0.002666138778263393,0.0009210604110987176,-7.779686223954361e-05,3.2975618978155993e-06,0.7588161939960847
6.631999999999492,0.0039999999999995595,0.0,0.002666129784524991,0.0009210736132924208,-7.779533408306488e-05,3.2962998587219815e-06,0.7588121168321922
6.635999999999491,0.0039999999999995595,0.0,0.0026661208102446766,0.0009210868107080793,-7.779380824735613e-05,3.2950695961490446e-06,0.7588080561205703
6.639999999999491,0.0039999999999995595,0.0,0.0026661118495511136,0.0009211000008848834,-7.7792286440507e-05,3.292467224846975e-06,0.7588080561205703
6.64399999999949,0.0039999999999995595,0.0,0.0026661028851212767,0.0009211131770732624,-7.779077211951283e-05,3.288903061726281e-06,0.7588040118048415
6.64799999999949,0.0039999999999995595,0.0,0.0026660939277404986,0.0009211263440471783,-7.778926081206434e-05,3.2875055999635283e-06,0.7587958805086662
6.651999999999489,0.0039999999999995595,0.0,0.0026660850001456534,0.0009211395111925465,-7.778774718481407e-05,3.287478426140426e-06,0.7587919082322473
6.655999999999489,0.0039999999999995595,0.0,0.0026660760996302687,0.0009211526766625271,-7.778623310326807e-05,3.2870217787259784e-06,0.7587879433708503
6.6599999999994886,0.0039999999999995595,0.0,0.002666067225153547,0.0009211658396633618,-7.778471970926355e-05,3.2863800597654215e-06,0.7587839891774468
6.663999999999488,0.0039999999999995595,0.0,0.0026660583765075333,0.0009211789999600083,-7.778320769399167e-05,3.2856827318683454e-06,0.7587800476392766
6.667999999999488,0.0039999999999995595,0.0,0.002666049554025629,0.0009211921575895498,-7.778169746918143e-05,3.2849928458139043e-06,0.7587761199620362
6.671999999999487,0.0039999999999995595,0.0,0.00266604075804124,0.0009212053127020446,-7.778018927415798e-05,3.284336685004341e-06,0.7587722068687013
6.675999999999487,0.0039999999999995595,0.0,0.0026660319890127048,0.000921218465477472,-7.777868324273332e-05,3.2837214015270066e-06,0.7587683087839343
6.679999999999486,0.0039999999999995595,0.0,0.0026660232472734365,0.0009212316160866317,-7.77771794447156e-05,3.283145164954243e-06,0.7587644259479305
6.683999999999486,0.0039999999999995595,0.0,0.002666014533198497,0.0009212447646763118,-7.77756779116708e-05,3.282602744697127e-06,0.7587605584866988
6.6879999999994855,0.0039999999999995595,0.0,0.002666005847079663,0.0009212579113669454,-7.777417865268686e-05,3.28208836707008e-06,0.7587567064554949
6.691999999999485,0.0039999999999995595,0.0,0.002665997189083783,0.000921271056255975,-7.77726816640547e-05,3.28159701163198e-06,0.7587528698656668
6.695999999999485,0.0039999999999995595,0.0,0.0026659885594193518,0.0009212841994231613,-7.777118693509938e-05,3.2811248469679307e-06,0.758749048701275
6.699999999999484,0.0039999999999995595,0.0,0.0026659799582115762,0.0009212973409359136,-7.77696944516732e-05,3.2806692252612566e-06,0.7587452429293999
6.703999999999484,0.0039999999999995595,0.0,0.002665971385585665,0.0009213104808537545,-7.776820419816205e-05,3.2802284815258718e-06,0.758741452506545
6.707999999999483,0.0039999999999995595,0.0,0.002665962841666827,0.0009213236192316537,-7.776671615867106e-05,3.279801671048327e-06,0.7587376773826265
6.711999999999483,0.0039999999999995595,0.0,0.0026659543264136933,0.0009213367561222327,-7.776523031758686e-05,3.27938831433711e-06,0.7587339175034729
6.715999999999482,0.0039999999999995595,0.0,0.0026659458399931175,0.0009213498915770046,-7.776374665991928e-05,3.2789881748473793e-06,0.7587301728123869
6.719999999999482,0.0039999999999995595,0.0,0.0026659373823637303,0.0009213630256468525,-7.77622651714074e-05,3.2786010913871145e-06,0.7587264432511382
6.7239999999994815,0.0039999999999995595,0.0,0.0026659289535674504,0.0009213761583819572,-7.776078583854577e-05,3.2782268540212288e-06,0.758722728760592
6.727999999999481,0.0039999999999995595,0.0,0.002665920553562906,0.0009213892898313497,-7.775930864852198e-05,3.2778651245049863e-06,0.7587190292811123
6.731999999999481,0.0039999999999995595,0.0,0.00266591218235037,0.0009214024200422386,-7.775783358920346e-05,3.2775153887378227e-06,0.7587153447528134
6.73599999999948,0.0039999999999995595,0.0,0.0026659038398468226,0.0009214155490592198,-7.775636064907554e-05,3.2771769306100294e-06,0.7587116751157378
6.73999999999948,0.0039999999999995595,0.0,0.002665895525969242,0.0009214286769234716,-7.775488981714041e-05,3.276848838650374e-06,0.7587080203099624
6.743999999999479,0.0039999999999995595,0.0,0.002665887240634605,0.0009214418036719656,-7.775342108287618e-05,3.276530008918098e-06,0.7587043802756687
6.747999999999479,0.0039999999999995595,0.0,0.0026658789837182414,0.0009214549293367502,-7.775195443619514e-05,3.276219163787363e-06,0.7587007549531916
6.751999999999478,0.0039999999999995595,0.0,0.0026658707550538314,0.0009214680539443295,-7.775048986734145e-05,3.2759148818703026e-06,0.7586971442830548
6.755999999999478,0.0039999999999995595,0.0,0.002665862554516698,0.0009214811775151379,-7.774902736690547e-05,3.2756156141684593e-06,0.7586935482059856
6.7599999999994775,0.0039999999999995595,0.0,0.0026658543818155788,0.0009214943000631204,-7.77475669257625e-05,3.2753197184830734e-06,0.7586899666629313
6.763999999999477,0.0039999999999995595,0.0,0.002665846236784145,0.0009215074215954121,-7.774610853505494e-05,3.275025475734872e-06,0.7586863995950706
6.767999999999477,0.0039999999999995595,0.0,0.0026658381191727717,0.0009215205421121112,-7.774465218615677e-05,3.274731118933116e-06,0.7586828469438129
6.771999999999476,0.0039999999999995595,0.0,0.0026658300286485376,0.0009215336616061391,-7.774319787065693e-05,3.2744348515067644e-06,0.7586793086508071
6.775999999999476,0.0039999999999995595,0.0,0.00266582196496181,0.0009215467800631708,-7.774174558034902e-05,3.2741348623199508e-06,0.75867578465794
6.779999999999475,0.0039999999999995595,0.0,0.002665813927738012,0.0009215598974616314,-7.774029530722855e-05,3.273829345662663e-06,0.7586722749073355
6.783999999999475,0.0039999999999995595,0.0,0.0026658059166858542,0.0009215730137727511,-7.773884704343324e-05,3.2735165116854186e-06,0.7586687793413615
6.7879999999994745,0.0039999999999995595,0.0,0.0026657979313891036,0.000921586128960663,-7.773740078126215e-05,3.273194598090327e-06,0.7586652979026206
6.791999999999474,0.0039999999999995595,0.0,0.0026657899650595128,0.0009215992402946142,-7.773595807603745e-05,3.271422452525729e-06,0.7586652979026206
6.795999999999474,0.0039999999999995595,0.0,0.00266578200691062,0.0009216123437634061,-7.773452045167808e-05,3.2702864685577664e-06,0.7586583318004267
6.799999999999473,0.0039999999999995595,0.0,0.0026657740782242956,0.0009216254487581167,-7.77330822826659e-05,3.2705859381924375e-06,0.7586549047506155
6.803999999999473,0.0039999999999995595,0.0,0.002665766176293717,0.0009216385538757297,-7.773164457989231e-05,3.270560885895814e-06,0.7586514869208619
6.807999999999472,0.0039999999999995595,0.0,0.002665758299661456,0.0009216516583810498,-7.773020796612124e-05,3.2703644887587615e-06,0.7586480800438835
6.811999999999472,0.0039999999999995595,0.0,0.0026657504409560895,0.0009216647592557629,-7.772877435734898e-05,3.268664106140603e-06,0.7586480800438835
6.815999999999471,0.0039999999999995595,0.0,0.0026657425823108515,0.0009216778493369792,-7.77273470888293e-05,3.2659202897218726e-06,0.758644685166273
6.819999999999471,0.0039999999999995595,0.0,0.0026657347333880702,0.0009216909333145072,-7.772592235721424e-05,3.2653138391889513e-06,0.7586378562040527
6.8239999999994705,0.0039999999999995595,0.0,0.002665726915053525,0.0009217040205488155,-7.772449548725001e-05,3.26602073360796e-06,0.758634520020114
6.82799999999947,0.0039999999999995595,0.0,0.002665719123392553,0.0009217171087861387,-7.772306816852993e-05,3.2662062805566142e-06,0.7586311895840037
6.83199999999947,0.0039999999999995595,0.0,0.002665711355989785,0.000921730196861567,-7.772164143936221e-05,3.2661194986100075e-06,0.7586278678347211
6.835999999999469,0.0039999999999995595,0.0,0.0026657036115126822,0.0009217432841832065,-7.772021593150423e-05,3.2658910566350203e-06,0.7586245565602425
6.839999999999469,0.0039999999999995595,0.0,0.00266569588892023,0.0009217563704365369,-7.771879202374865e-05,3.26558407261965e-06,0.7586212568412236
6.843999999999468,0.0039999999999995595,0.0,0.0026656881874629426,0.0009217694554225939,-7.771736993835109e-05,3.2652248602489964e-06,0.7586179693235733
6.847999999999468,0.0039999999999995595,0.0,0.002665680506432973,0.000921782538975273,-7.771594980117992e-05,3.264821036182647e-06,0.7586146943859027
6.851999999999467,0.0039999999999995595,0.0,0.0026656728449975194,0.0009217956209238041,-7.771453167933659e-05,3.2643718032886603e-06,0.7586114322423613
6.855999999999467,0.0039999999999995595,0.0,0.0026656652024903654,0.0009218087010797542,-7.771311560447282e-05,3.2638735056182143e-06,0.7586081830058189
6.8599999999994665,0.0039999999999995595,0.0,0.0026656575781203395,0.0009218217792363567,-7.771170158726452e-05,3.263322392488921e-06,0.7586049467266894
6.863999999999466,0.0039999999999995595,0.0,0.002665649971054612,0.0009218348551732056,-7.771028962630399e-05,3.262715806402092e-06,0.7586017234168099
6.867999999999466,0.0039999999999995595,0.0,0.002665642380543641,0.0009218479286625214,-7.770887971342362e-05,3.2620525116924912e-06,0.7585985130641497
6.871999999999465,0.0039999999999995595,0.0,0.0026656347995487983,0.0009218609968438526,-7.77074733185379e-05,3.2599274480798455e-06,0.7585985130641497
6.875999999999465,0.0039999999999995595,0.0,0.0026656272042049167,0.0009218740499469155,-7.770607491124624e-05,3.2553627415851236e-06,0.7585985130641497
6.879999999999464,0.0039999999999995595,0.0,0.0026656195938454773,0.0009218870887040093,-7.770468214176725e-05,3.253530568632314e-06,0.7585888442679276
6.883999999999464,0.0039999999999995595,0.0,0.0026656120100785868,0.0009219001315229071,-7.77032850840738e-05,3.2543833221983713e-06,0.7585857158058533
6.887999999999463,0.0039999999999995595,0.0,0.0026656044465320217,0.0009219131747258649,-7.770188626242655e-05,3.2543916892182634e-06,0.758582588520573
6.891999999999463,0.0039999999999995595,0.0,0.0026655968998322947,0.0009219262164129708,-7.770048723651237e-05,3.253961236430567e-06,0.7585794668159352
6.895999999999463,0.0039999999999995595,0.0,0.002665589367938687,0.0009219392556425097,-7.76990889624579e-05,3.2533097974239465e-06,0.7585763533770683
6.899999999999462,0.0039999999999995595,0.0,0.0026655818436874625,0.0009219522894110278,-7.769769346385543e-05,3.2511876043563788e-06,0.7585763533770683
6.903999999999462,0.0039999999999995595,0.0,0.0026655743162912137,0.0009219653137234463,-7.769630250809443e-05,3.249613727478588e-06,0.7585701163426835
6.907999999999461,0.0039999999999995595,0.0,0.0026655668056588962,0.0009219783373598998,-7.769491110197288e-05,3.249362512852108e-06,0.758567046347291
6.911999999999461,0.0039999999999995595,0.0,0.002665559309041705,0.0009219913588735261,-7.769352029000357e-05,3.248772931232781e-06,0.7585639838942965
6.91599999999946,0.0039999999999995595,0.0,0.0026655518246904244,0.0009220043774503333,-7.769213070837799e-05,3.2479898447942764e-06,0.7585609308167719
6.91999999999946,0.0039999999999995595,0.0,0.0026655443514389306,0.0009220173926036606,-7.769074273886913e-05,3.2470881913360297e-06,0.7585578882234467
6.9239999999994595,0.0039999999999995595,0.0,0.0026655368883293424,0.0009220304040035451,-7.76893566055058e-05,3.2461040059676176e-06,0.7585548567781942
6.927999999999459,0.0039999999999995595,0.0,0.0026655294345287223,0.0009220434113865078,-7.768797243495917e-05,3.2450528497287516e-06,0.7585518368716065
6.931999999999459,0.0039999999999995595,0.0,0.0026655219893290763,0.0009220564145117499,-7.768659029437848e-05,3.243940379960831e-06,0.7585488287263095
6.935999999999458,0.0039999999999995595,0.0,0.002665514551939099,0.000922069413142982,-7.768521021496863e-05,3.2427681770930226e-06,0.7585458324615938
6.939999999999458,0.0039999999999995595,0.0,0.002665507121692432,0.0009220824070435211,-7.768383220641364e-05,3.241536726321659e-06,0.7585428481331391
6.943999999999457,0.0039999999999995595,0.0,0.002665499697839405,0.0009220953959775324,-7.768245626605054e-05,3.240246786965697e-06,0.7585398757573698
6.947999999999457,0.0039999999999995595,0.0,0.002665492279713644,0.0009221083797135058,-7.768108238426471e-05,3.2388998846133806e-06,0.7585369153264787
6.951999999999456,0.0039999999999995595,0.0,0.0026654848666904183,0.0009221213580279385,-7.767971054787356e-05,3.2374983386611715e-06,0.7585339668176534
6.955999999999456,0.0039999999999995595,0.0,0.002665477458144991,0.000922134330708341,-7.767834074204536e-05,3.2360451023771113e-06,0.7585310301987919
6.9599999999994555,0.0039999999999995595,0.0,0.0026654700534942694,0.0009221472975552446,-7.767697295151455e-05,3.234543528163321e-06,0.7585281054320285
6.963999999999455,0.0039999999999995595,0.0,0.0026654626521551554,0.0009221602583832315,-7.767560716113145e-05,3.232997152639349e-06,0.7585251924759313
6.967999999999455,0.0039999999999995595,0.0,0.0026654552536278485,0.0009221732130211346,-7.767424335630763e-05,3.231409500820529e-06,0.7585222912868705
6.971999999999454,0.0039999999999995595,0.0,0.002665447857412543,0.0009221861613116164,-7.767288152311767e-05,3.2297839592007145e-06,0.7585194018198805
6.975999999999454,0.0039999999999995595,0.0,0.0026654404630927315,0.0009221991031103126,-7.767152164832727e-05,3.2281236762792384e-06,0.7585165240292079
6.979999999999453,0.0039999999999995595,0.0,0.0026654330702102513,0.0009222120382847159,-7.767016371944292e-05,3.2264315104083888e-06,0.7585136578686513
6.983999999999453,0.0039999999999995595,0.0,0.0026654256783902384,0.000922224966712941,-7.766880772459807e-05,3.2247100103549757e-06,0.7585108032917928
6.987999999999452,0.0039999999999995595,0.0,0.002665418281259807,0.0009222378857711265,-7.766745502677598e-05,3.221623490424824e-06,0.7585108032917928
6.991999999999452,0.0039999999999995595,0.0,0.0026654108686555733,0.0009222507916434024,-7.766610697837916e-05,3.219108698942614e-06,0.7585050910689534
6.9959999999994515,0.0039999999999995595,0.0,0.0026654034606125704,0.0009222636930570806,-7.766475862587983e-05,3.21791748041776e-06,0.7585022813819017
6.999999999999451,0.0039999999999995595,0.0,0.0026653960547982545,0.0009222765886585787,-7.766341083757024e-05,3.2164166924410837e-06,0.7584994790990355
7.003999999999451,0.0039999999999995595,0.0,0.0026653886498797354,0.0009222894777411331,-7.766206415036616e-05,3.2147535162993894e-06,0.758496685717734
7.00799999999945,0.0039999999999995595,0.0,0.002665381245148912,0.0009223023599486186,-7.766071889345046e-05,3.213007391453125e-06,0.7584939021371744
7.01199999999945,0.0039999999999995595,0.0,0.0026653738400642885,0.0009223152351025616,-7.765937526598521e-05,3.2112183804924074e-06,0.7584911288905669
7.015999999999449,0.0039999999999995595,0.0,0.0026653664344175932,0.0009223281031049982,-7.765803338599341e-05,3.209404548893351e-06,0.7584883662872902
7.019999999999449,0.0039999999999995595,0.0,0.002665359027833937,0.0009223409638868944,-7.765669332100524e-05,3.2075723615536546e-06,0.7584856144998479
7.0239999999994485,0.0039999999999995595,0.0,0.0026653516201466964,0.00092235381738314,-7.765535510742684e-05,3.2057227149425966e-06,0.7584828736170325
7.027999999999448,0.0039999999999995595,0.0,0.0026653442110642837,0.000922366663522409,-7.765401876250443e-05,3.2038542925824666e-06,0.758480143676449
7.031999999999448,0.0039999999999995595,0.0,0.002665336800336762,0.0009223795022248556,-7.765268429185938e-05,3.2019653187198084e-06,0.7584774246843754
7.035999999999447,0.0039999999999995595,0.0,0.0026653293877558462,0.0009223923334035417,-7.76513516942077e-05,3.200054381070273e-06,0.7584747166279099
7.039999999999447,0.0039999999999995595,0.0,0.002665321972988286,0.0009224051569672933,-7.765002096423128e-05,3.198120734368491e-06,0.7584720194824118
7.043999999999446,0.0039999999999995595,0.0,0.002665314555867444,0.0009224179728237658,-7.764869209437678e-05,3.196164336675061e-06,0.7584693332160446
7.047999999999446,0.0039999999999995595,0.0,0.002665307136143373,0.0009224307808821469,-7.764736507591386e-05,3.1941857538333404e-06,0.7584666577925768
7.051999999999445,0.0039999999999995595,0.0,0.002665299707692801,0.0009224435785981872,-7.76460412187885e-05,3.1908787670265104e-06,0.7584666577925768
7.055999999999445,0.0039999999999995595,0.0,0.002665292260643448,0.0009224563622447494,-7.764472182738772e-05,3.1881291909783745e-06,0.758461303897537
7.0599999999994445,0.0039999999999995595,0.0,0.0026652848148645924,0.0009224691403694938,-7.764340214619414e-05,3.1866774686032597e-06,0.7584586706275516
7.063999999999444,0.0039999999999995595,0.0,0.0026652773682318337,0.0009224819116756004,-7.76420830036388e-05,3.184930301803947e-06,0.7584560442404699
7.067999999999444,0.0039999999999995595,0.0,0.002665269919662129,0.0009224946754994415,-7.764076491308537e-05,3.1830315723056434e-06,0.7584534261669104
7.071999999999443,0.0039999999999995595,0.0,0.002665262468613942,0.0009225074315215242,-7.763944819006303e-05,3.181059143849931e-06,0.7584508172643469
7.075999999999443,0.0039999999999995595,0.0,0.0026652550147956647,0.0009225201795976264,-7.763813302617108e-05,3.179052495570565e-06,0.7584482180402942
7.079999999999442,0.0039999999999995595,0.0,0.002665247558040651,0.0009225329196639598,-7.763681953552638e-05,3.177029668571395e-06,0.7584456287886796
7.083999999999442,0.0039999999999995595,0.0,0.00266524009830722,0.0009225456516868093,-7.763550778399082e-05,3.174997397792227e-06,0.7584430496731087
7.087999999999441,0.0039999999999995595,0.0,0.002665232635553692,0.0009225583756380795,-7.763419780757137e-05,3.17295698334765e-06,0.7584404807776741
7.091999999999441,0.0039999999999995595,0.0,0.0026652251696550728,0.0009225710914853274,-7.76328896238598e-05,3.1709075555911667e-06,0.7584379221379601
7.0959999999994405,0.0039999999999995595,0.0,0.0026652177006113364,0.0009225837991894129,-7.763158323924685e-05,3.168847771928835e-06,0.7584353737599442
7.09999999999944,0.0039999999999995595,0.0,0.0026652102283391444,0.0009225964987057556,-7.763027865344822e-05,3.166776610742721e-06,0.7584328356315224
7.10399999999944,0.0039999999999995595,0.0,0.0026652027527968125,0.0009226091899869697,-7.762897586225095e-05,3.1646936688803076e-06,0.7584303077295458
7.107999999999439,0.0039999999999995595,0.0,0.0026651952739426576,0.0009226218729856845,-7.762767485922296e-05,3.1625991813659177e-06,0.7584277900241249
7.111999999999439,0.0039999999999995595,0.0,0.0026651877917349947,0.0009226345476569974,-7.762637563681273e-05,3.1604939330688235e-06,0.7584252824812472
7.115999999999438,0.0039999999999995595,0.0,0.0026651803002585546,0.0009226472115392782,-7.762507945355759e-05,3.1570931834666175e-06,0.7584252824812472
7.119999999999438,0.0039999999999995595,0.0,0.002665172789890549,0.0009226598609944035,-7.762378756759748e-05,3.154246753995982e-06,0.7584202643928596
7.1239999999994374,0.0039999999999995595,0.0,0.002665165280542802,0.0009226725044814024,-7.762249541258225e-05,3.1526885652502333e-06,0.758417796457694
7.127999999999437,0.0039999999999995595,0.0,0.0026651577703407565,0.0009226851407776248,-7.762120377965534e-05,3.1508534653821366e-06,0.7584153349201552
7.131999999999437,0.0039999999999995595,0.0,0.0026651502524942983,0.000922697766921347,-7.761991440593495e-05,3.1476281064187657e-06,0.7584153349201552
7.135999999999436,0.0039999999999995595,0.0,0.002665142717172259,0.0009227103791255673,-7.761862883940526e-05,3.1448882260734653e-06,0.7584104031883949
7.139999999999436,0.0039999999999995595,0.0,0.0026651351838701243,0.0009227229855694645,-7.761734278128869e-05,3.1433898071147567e-06,0.7584079762499583
7.143999999999435,0.0039999999999995595,0.0,0.0026651276506716682,0.0009227355850662065,-7.761605712854092e-05,3.141621834754352e-06,0.7584055551036875
7.147999999999435,0.0039999999999995595,0.0,0.0026651201168270554,0.0009227481770593042,-7.761477243694892e-05,3.1397269513835537e-06,0.758403141288257
7.151999999999434,0.0039999999999995595,0.0,0.0026651125819197033,0.0009227607613200834,-7.761348904806817e-05,3.1377789947874993e-06,0.7584007357265362
7.155999999999434,0.0039999999999995595,0.0,0.002665105045991261,0.0009227733377755629,-7.761220716912207e-05,3.1358128716360437e-06,0.7583983389662129
7.1599999999994335,0.0039999999999995595,0.0,0.0026650975090000612,0.0009227859064153542,-7.761092692339298e-05,3.133842562107087e-06,0.7583959513264853
7.163999999999433,0.0039999999999995595,0.0,0.00266508997107107,0.0009227984672450587,-7.760964838189965e-05,3.1318716708828764e-06,0.75839357298742
7.167999999999433,0.0039999999999995595,0.0,0.0026650824322459374,0.0009228110202659807,-7.760837158322774e-05,3.12989935516169e-06,0.7583912040443651
7.171999999999432,0.0039999999999995595,0.0,0.0026650748925663133,0.0009228235654689427,-7.76070965460717e-05,3.1279234756176737e-06,0.7583888445410482
7.175999999999432,0.0039999999999995595,0.0,0.002665067352198825,0.000922836102835015,-7.76058232770558e-05,3.125942122969827e-06,0.7583864944897263
7.179999999999431,0.0039999999999995595,0.0,0.0026650598111018073,0.0009228486323390713,-7.760455177557294e-05,3.123954224182004e-06,0.7583841538834496
7.183999999999431,0.0039999999999995595,0.0,0.002665052269358572,0.0009228611539540022,-7.760328203679357e-05,3.1219596673780065e-06,0.7583818227035253
7.18799999999943,0.0039999999999995595,0.0,0.0026650447270940895,0.000922873667654511,-7.760201405362952e-05,3.1199591851266893e-06,0.7583795009240678
7.19199999999943,0.0039999999999995595,0.0,0.0026650371843500143,0.000922886173420064,-7.760074781778568e-05,3.117954155714589e-06,0.7583771885147946
7.1959999999994295,0.0039999999999995595,0.0,0.00266502964120966,0.0009228986712369105,-7.759948332049227e-05,3.1159463833001465e-06,0.758374885442726
7.199999999999429,0.0039999999999995595,0.0,0.0026650220978396604,0.0009229111610992499,-7.759822055292336e-05,3.1139379017096714e-06,0.7583725916732397
7.203999999999429,0.0039999999999995595,0.0,0.0026650145543233314,0.0009229236430097085,-7.759695950640253e-05,3.1119308204071376e-06,0.7583703071707248
7.207999999999428,0.0039999999999995595,0.0,0.002665007010827309,0.0009229361169792824,-7.759570017252371e-05,3.109927201265363e-06,0.7583680318989927
7.211999999999428,0.0039999999999995595,0.0,0.0026649994675598913,0.0009229485830269093,-7.759444254319237e-05,3.1079289811301067e-06,0.7583657658215287
7.215999999999427,0.0039999999999995595,0.0,0.0026649919246460583,0.0009229610411788001,-7.759318661070645e-05,3.105937914572178e-06,0.7583635089016599
7.219999999999427,0.0039999999999995595,0.0,0.0026649843822941117,0.0009229734914676361,-7.759193236774664e-05,3.1039555527238286e-06,0.7583612611026587
7.223999999999426,0.0039999999999995595,0.0,0.002664976840712356,0.0009229859339317169,-7.759067980728057e-05,3.1019832343266566e-06,0.7583590223878192
7.227999999999426,0.0039999999999995595,0.0,0.0026649693000674363,0.0009229983686140944,-7.758942892260955e-05,3.100022081356377e-06,0.7583567927204922
7.2319999999994256,0.0039999999999995595,0.0,0.0026649617605676613,0.0009230107955617614,-7.758817970735219e-05,3.0980730185448093e-06,0.7583545720641222
7.235999999999425,0.0039999999999995595,0.0,0.002664954222504662,0.0009230232148248933,-7.758693215538858e-05,3.0961367876355886e-06,0.7583523603822654
7.239999999999425,0.0039999999999995595,0.0,0.0026649466860034316,0.0009230356264561694,-7.758568626082224e-05,3.094213965791075e-06,0.7583501576386065
7.243999999999424,0.0039999999999995595,0.0,0.0026649391513139456,0.0009230480305101799,-7.758444201801812e-05,3.0923049881611907e-06,0.7583479637969611
7.247999999999424,0.0039999999999995595,0.0,0.0026649316186445216,0.0009230604270429046,-7.758319942151816e-05,3.0904101660153316e-06,0.7583457788212886
7.251999999999423,0.0039999999999995595,0.0,0.0026649240882451407,0.0009230728161112725,-7.758195846604139e-05,3.0885297053066105e-06,0.7583436026756919
7.255999999999423,0.0039999999999995595,0.0,0.0026649165602824656,0.0009230851977727929,-7.758071914645141e-05,3.0866637256068797e-06,0.7583414353244212
7.2599999999994225,0.0039999999999995595,0.0,0.002664909035048143,0.0009230975720852514,-7.757948145781709e-05,3.084812273589783e-06,0.7583392767318685
7.263999999999422,0.0039999999999995595,0.0,0.002664901512667178,0.0009231099391064433,-7.757824539537724e-05,3.082975330653137e-06,0.7583371268625769
7.267999999999422,0.0039999999999995595,0.0,0.0026648939934312238,0.0009231222988939783,-7.757701095445923e-05,3.0811528377973453e-06,0.7583349856812406
7.271999999999421,0.0039999999999995595,0.0,0.00266488647746529,0.0009231346515051137,-7.757577813050337e-05,3.079344694757344e-06,0.7583328531526989
7.275999999999421,0.0039999999999995595,0.0,0.0026648789650193724,0.0009231469969966199,-7.757454691904739e-05,3.0775507694810694e-06,0.7583307292419389
7.27999999999942,0.0039999999999995595,0.0,0.002664871456301808,0.0009231593354246737,-7.757331731574566e-05,3.0757709047953387e-06,0.7583286139140898
7.28399999999942,0.0039999999999995595,0.0,0.002664863951479275,0.0009231716668447718,-7.75720893163848e-05,3.0740049224383247e-06,0.7583265071344261
7.287999999999419,0.0039999999999995595,0.0,0.0026648564507601143,0.0009231839913116629,-7.757086291681877e-05,3.0722526315655283e-06,0.7583244088683674
7.291999999999419,0.0039999999999995595,0.0,0.00266484895435267,0.0009231963088792958,-7.756963811299306e-05,3.0705138263910536e-06,0.7583223190814766
7.2959999999994185,0.0039999999999995595,0.0,0.002664841462381964,0.0009232086196007755,-7.756841490091016e-05,3.0687882930398994e-06,0.7583202377394591
7.299999999999418,0.0039999999999995595,0.0,0.002664833975098006,0.0009232209235283295,-7.756719327667095e-05,3.067075807780777e-06,0.7583181648081596
7.303999999999418,0.0039999999999995595,0.0,0.0026648264926258224,0.000923233220713276,-7.756597323647433e-05,3.065376140113483e-06,0.7583161002535621
7.307999999999417,0.0039999999999995595,0.0,0.0026648190151737643,0.0009232455112059997,-7.756475477655388e-05,3.0636890552014293e-06,0.7583140440417936
7.311999999999417,0.0039999999999995595,0.0,0.002664811542866862,0.0009232577950559306,-7.756353789325538e-05,3.062014310543497e-06,0.7583119961391156
7.315999999999416,0.0039999999999995595,0.0,0.0026648040758718086,0.0009232700723115235,-7.756232258298307e-05,3.0603516609919585e-06,0.7583099565119297
7.319999999999416,0.0039999999999995595,0.0,0.002664796614396962,0.0009232823430202425,-7.756110884219037e-05,3.058700857016601e-06,0.7583079251267759
7.323999999999415,0.0039999999999995595,0.0,0.002664789152651246,0.0009232946048203044,-7.755989778056577e-05,3.055791954746324e-06,0.7583079251267759
7.327999999999415,0.0039999999999995595,0.0,0.002664781674886097,0.0009233068513889435,-7.755869168262785e-05,3.05198519252656e-06,0.7583059019503264
7.3319999999994145,0.0039999999999995595,0.0,0.002664774190558877,0.000923319087104499,-7.75574877210808e-05,3.0501108062869225e-06,0.7583018326101613
7.335999999999414,0.0039999999999995595,0.0,0.0026647667196678156,0.0009233313205622337,-7.755628240207038e-05,3.049451736613298e-06,0.7582998467137048
7.339999999999414,0.0039999999999995595,0.0,0.002664759259296603,0.0009233435498899647,-7.755507686494327e-05,3.04837410537963e-06,0.7582978638426379
7.343999999999413,0.0039999999999995595,0.0,0.0026647518080287727,0.0009233557742046155,-7.755387182436816e-05,3.0470997669881853e-06,0.7582958859635657
7.347999999999413,0.0039999999999995595,0.0,0.0026647443652811137,0.0009233679931477088,-7.755266772693745e-05,3.04574551612692e-06,0.7582939142507231
7.351999999999412,0.0039999999999995595,0.0,0.002664736930887043,0.000923380206616332,-7.755146485008866e-05,3.044367671137685e-06,0.7582919493998502
7.355999999999412,0.0039999999999995595,0.0,0.00266472950484663,0.0009233924146141633,-7.755026336451196e-05,3.042989319172678e-06,0.7582899918180778
7.3599999999994115,0.0039999999999995595,0.0,0.0026647220872432725,0.0009234046171742765,-7.754906337370056e-05,3.041616508692163e-06,0.7582880417386286
7.363999999999411,0.0039999999999995595,0.0,0.00266471467220243,0.0009234168119211957,-7.754786602315379e-05,3.0389826507437877e-06,0.7582880417386286
7.367999999999411,0.0039999999999995595,0.0,0.002664707243850129,0.0009234289925105175,-7.754667357897098e-05,3.035441506369875e-06,0.7582860992900132
7.37199999999941,0.0039999999999995595,0.0,0.0026646998052694054,0.0009234411605807231,-7.754548442455988e-05,3.032408943287663e-06,0.7582841381057667
7.37599999999941,0.0039999999999995595,0.0,0.002664692366126281,0.0009234533206938925,-7.754429629789532e-05,3.0311832293464444e-06,0.7582802582931627
7.379999999999409,0.0039999999999995595,0.0,0.0026646849443364333,0.0009234654802503475,-7.754310629970264e-05,3.0309312819910573e-06,0.7582783619694671
7.383999999999409,0.0039999999999995595,0.0,0.0026646775363168606,0.000923477636992093,-7.754191580715092e-05,3.0301729749691935e-06,0.7582764673394613
7.387999999999408,0.0039999999999995595,0.0,0.0026646701402761,0.0009234897898311771,-7.754072568270813e-05,3.0291701581801674e-06,0.7582745767652075
7.391999999999408,0.0039999999999995595,0.0,0.002664662755339292,0.0009235019382906323,-7.753953646390217e-05,3.028058610916641e-06,0.7582726916576321
7.3959999999994075,0.0039999999999995595,0.0,0.00266465538108988,0.0009235140821852319,-7.75383484831596e-05,3.0269025799786724e-06,0.7582708128543547
7.399999999999407,0.0039999999999995595,0.0,0.0026646480174446234,0.0009235262214480251,-7.753716194347321e-05,3.0257277605684375e-06,0.7582689408478333
7.403999999999407,0.0039999999999995595,0.0,0.0026646406641952845,0.0009235383560429349,-7.753597696632486e-05,3.0245406498554414e-06,0.758267075922917
7.407999999999406,0.0039999999999995595,0.0,0.002664633321216954,0.0009235504859262369,-7.753479362191732e-05,3.0233394626206538e-06,0.7582652182396584
7.411999999999406,0.0039999999999995595,0.0,0.002664625988384721,0.0009235626110343453,-7.753361194839536e-05,3.0221199434042366e-06,0.758263367883102
7.415999999999405,0.0039999999999995595,0.0,0.0026646186655320077,0.0009235747312845706,-7.75324319638961e-05,3.0208781961226625e-06,0.7582615248931818
7.419999999999405,0.0039999999999995595,0.0,0.002664611352367237,0.0009235868465812592,-7.753125367425192e-05,3.019611802825056e-06,0.7582596892826773
7.423999999999404,0.0039999999999995595,0.0,0.002664604048807158,0.0009235989568232587,-7.75300770778595e-05,3.0183200733933988e-06,0.7582578610479628
7.427999999999404,0.0039999999999995595,0.0,0.002664596754643521,0.000923611061910697,-7.752890216857366e-05,3.01700383833073e-06,0.7582560401755074
7.4319999999994035,0.0039999999999995595,0.0,0.0026645894696680733,0.000923623161750241,-7.752772893781586e-05,3.015665078380872e-06,0.7582542266457251
7.435999999999403,0.0039999999999995595,0.0,0.002664582193755893,0.0009236352562586926,-7.752655737571258e-05,3.0143065354424733e-06,0.7582524204353528
7.439999999999403,0.0039999999999995595,0.0,0.0026645749267403887,0.0009236473453650447,-7.752538747183008e-05,3.0129313528744673e-06,0.7582506215188739
7.443999999999402,0.0039999999999995595,0.0,0.0026645676685383025,0.0009236594290112785,-7.752421921559327e-05,3.011542793965286e-06,0.7582488298693864
7.447999999999402,0.0039999999999995595,0.0,0.002664560419108039,0.0009236715071522143,-7.752305259658951e-05,3.010144024974357e-06,0.7582470454591439
7.451999999999401,0.0039999999999995595,0.0,0.0026645531782830043,0.0009236835797546954,-7.75218876046666e-05,3.008737972780959e-06,0.7582452682598948
7.455999999999401,0.0039999999999995595,0.0,0.0026645459460632685,0.0009236956467963567,-7.752072423002751e-05,3.007327235486223e-06,0.7582434982430956
7.4599999999994,0.0039999999999995595,0.0,0.002664538722407235,0.0009237077082641593,-7.751956246327016e-05,3.00591403360094e-06,0.7582417353800517
7.4639999999994,0.0039999999999995595,0.0,0.0026645315073149734,0.0009237197641528456,-7.751840229541996e-05,3.0045002003085005e-06,0.7582399796420061
7.4679999999994,0.0039999999999995595,0.0,0.0026645243006615527,0.0009237318144634154,-7.751724371790351e-05,3.0030871948102196e-06,0.7582382310002015
7.471999999999399,0.0039999999999995595,0.0,0.0026645171025303756,0.0009237438592016895,-7.751608672248329e-05,3.0016761242930173e-06,0.7582364894259267
7.475999999999399,0.0039999999999995595,0.0,0.002664509912838177,0.0009237558983770059,-7.751493130125691e-05,3.000267781443482e-06,0.7582347548905375
7.479999999999398,0.0039999999999995595,0.0,0.0026645027315850243,0.0009237679320010663,-7.751377744666048e-05,2.9988626804656842e-06,0.7582330273654769
7.483999999999398,0.0039999999999995595,0.0,0.002664495558729319,0.0009237799600869448,-7.751262515138717e-05,2.9974610996580486e-06,0.758231306822294
7.487999999999397,0.0039999999999995595,0.0,0.002664488394312797,0.0009237919826482589,-7.751147440840854e-05,2.996063121177084e-06,0.7582295932326427
7.491999999999397,0.0039999999999995595,0.0,0.0026644812382521903,0.0009238039996984849,-7.751032521098406e-05,2.994668664203709e-06,0.7582278865682952
7.4959999999993965,0.0039999999999995595,0.0,0.0026644740905058992,0.0009238160112504085,-7.750917755253057e-05,2.993277522015595e-06,0.7582261868011462
7.499999999999396,0.0039999999999995595,0.0,0.002664466951115658,0.0009238280173156976,-7.750803142668587e-05,2.9918893866309908e-06,0.7582244939032073
7.503999999999396,0.0039999999999995595,0.0,0.00266445981995653,0.0009238400179045812,-7.750688682726509e-05,2.9905038776904072e-06,0.7582228078466146
7.507999999999395,0.0039999999999995595,0.0,0.002664452697028582,0.0009238520130256153,-7.750574374830225e-05,2.9891205605429625e-06,0.7582211286036201
7.511999999999395,0.0039999999999995595,0.0,0.002664445582248543,0.000923864002685528,-7.750460218386383e-05,2.987738969858129e-06,0.7582194561466102
7.515999999999394,0.0039999999999995595,0.0,0.002664438475616479,0.0009238759868891139,-7.750346212828728e-05,2.986358612151319e-06,0.7582177904480745
7.519999999999394,0.0039999999999995595,0.0,0.0026644313770074492,0.0009238879656392003,-7.750232357593837e-05,2.984978994817478e-06,0.758216131480637
7.523999999999393,0.0039999999999995595,0.0,0.0026644242864215188,0.0009238999389366322,-7.750118652133751e-05,2.9835996194234564e-06,0.7582144792170308
7.527999999999393,0.0039999999999995595,0.0,0.0026644172036920767,0.0009239119067802951,-7.750005095915283e-05,2.9822199953451746e-06,0.7582128336301067
7.5319999999993925,0.0039999999999995595,0.0,0.0026644101288191865,0.0009239238691671662,-7.749891688415686e-05,2.980839648445341e-06,0.7582111946928316
7.535999999999392,0.0039999999999995595,0.0,0.0026644030617195722,0.0009239358260923794,-7.749778429122301e-05,2.9794581197755788e-06,0.7582095623782906
7.539999999999392,0.0039999999999995595,0.0,0.002664396002226621,0.0009239477775493006,-7.749665317534254e-05,2.9780749710574054e-06,0.7582079366596767
7.543999999999391,0.0039999999999995595,0.0,0.002664388950340393,0.0009239597235296163,-7.749552353159322e-05,2.976689786432923e-06,0.7582063175102992
7.547999999999391,0.0039999999999995595,0.0,0.002664381905935941,0.0009239716640234264,-7.74943953551558e-05,2.9753021729432398e-06,0.7582047049035784
7.55199999999939,0.0039999999999995595,0.0,0.002664374863179633,0.0009239835966320907,-7.749326961268091e-05,2.9726616448043197e-06,0.7582047049035784
7.55599999999939,0.0039999999999995595,0.0,0.0026643678065288207,0.0009239955150506947,-7.749214830972875e-05,2.969126372296981e-06,0.7582030988130418
7.559999999999389,0.0039999999999995595,0.0,0.002664360745025663,0.000924007423594401,-7.74910289888874e-05,2.967484095994228e-06,0.7581998677393942
7.563999999999389,0.0039999999999995595,0.0,0.002664353698004795,0.0009240193307232492,-7.748990858052179e-05,2.967023889406666e-06,0.7581982917233854
7.5679999999993885,0.0039999999999995595,0.0,0.0026643466567573713,0.0009240312322694391,-7.748878900404393e-05,2.964960639437097e-06,0.7581982917233854
7.571999999999388,0.0039999999999995595,0.0,0.0026643396107409855,0.0009240431239544121,-7.748767184082256e-05,2.9631961308907343e-06,0.7581951260375336
7.575999999999388,0.0039999999999995595,0.0,0.0026643325775819603,0.0009240550132134,-7.748655407085183e-05,2.962522389625859e-06,0.7581935672148461
7.579999999999387,0.0039999999999995595,0.0,0.002664325555071888,0.0009240668987629516,-7.748543651011829e-05,2.9615619930592028e-06,0.7581920112635263
7.583999999999387,0.0039999999999995595,0.0,0.0026643185421274308,0.0009240787799996908,-7.748431967223628e-05,2.960465720573281e-06,0.7581904595442833
7.587999999999386,0.0039999999999995595,0.0,0.00266431153808194,0.0009240906566590486,-7.748320387904225e-05,2.9593079637566113e-06,0.758188912862123
7.591999999999386,0.0039999999999995595,0.0,0.0026643045426854644,0.0009241025286253398,-7.748208933064964e-05,2.9581209332124013e-06,0.758187371688901
7.5959999999993855,0.0039999999999995595,0.0,0.0026642975555630378,0.0009241143958324013,-7.748097614986264e-05,2.9569150107929177e-06,0.7581858362970643
7.599999999999385,0.0039999999999995595,0.0,0.0026642905765897136,0.0009241262582166595,-7.747986441036903e-05,2.955690452002684e-06,0.7581843068398666
7.603999999999385,0.0039999999999995595,0.0,0.002664283605432191,0.0009241381156991915,-7.747875415474277e-05,2.9544437986946914e-06,0.7581827833993792
7.607999999999384,0.0039999999999995595,0.0,0.0026642766417988356,0.0009241499681827594,-7.74776454058441e-05,2.9531711490048715e-06,0.7581812660151841
7.611999999999384,0.0039999999999995595,0.0,0.002664269685398011,0.0009241618155556951,-7.747653817412278e-05,2.951869611685458e-06,0.7581797547014945
7.615999999999383,0.0039999999999995595,0.0,0.0026642627359797473,0.0009241736576981368,-7.747543246225035e-05,2.9505377734682513e-06,0.7581782494573553
7.619999999999383,0.0039999999999995595,0.0,0.002664255793210731,0.0009241854944882923,-7.747432826810599e-05,2.9491756557362905e-06,0.7581767502727224
7.623999999999382,0.0039999999999995595,0.0,0.0026642488567993152,0.0009241973258076736,-7.747322558669344e-05,2.94778444937641e-06,0.7581752571320858
7.627999999999382,0.0039999999999995595,0.0,0.0026642419265371932,0.0009242091515449506,-7.747212441135727e-05,2.946366184649683e-06,0.7581737700166372
7.6319999999993815,0.0039999999999995595,0.0,0.0026642350021327133,0.000924220971598451,-7.747102473452305e-05,2.9449234142458458e-06,0.7581722889055684
7.635999999999381,0.0039999999999995595,0.0,0.0026642280833775634,0.0009242327858774875,-7.746992654820712e-05,2.9434589424854293e-06,0.7581708137768577
7.639999999999381,0.0039999999999995595,0.0,0.0026642211700634295,0.0009242445943027594,-7.746882984435579e-05,2.9419756132701903e-06,0.7581693446077474
7.64399999999938,0.0039999999999995595,0.0,0.0026642142620653384,0.0009242563968060778,-7.746773461501554e-05,2.9404761652019546e-06,0.758167881375038
7.64799999999938,0.0039999999999995595,0.0,0.002664207359174973,0.0009242681933296387,-7.746664085237809e-05,2.938963128871315e-06,0.7581664240552829
7.651999999999379,0.0039999999999995595,0.0,0.002664200461267356,0.0009242799838250102,-7.746554854890177e-05,2.9374387671877137e-06,0.7581649726248968
7.655999999999379,0.0039999999999995595,0.0,0.002664193568259183,0.0009242917682519817,-7.746445769734509e-05,2.9359050499731656e-06,0.7581635270602362
7.659999999999378,0.0039999999999995595,0.0,0.0026641866799838026,0.0009243035465773721,-7.746336829078539e-05,2.934363648862527e-06,0.7581620873376521
7.663999999999378,0.0039999999999995595,0.0,0.0026641797963579076,0.0009243153187738709,-7.746228032255614e-05,2.9328159524047923e-06,0.7581606534335277
7.6679999999993775,0.0039999999999995595,0.0,0.002664172917256517,0.0009243270848189605,-7.746119378625764e-05,2.9312630845029425e-06,0.7581592253242978
7.671999999999377,0.0039999999999995595,0.0,0.002664166042679665,0.0009243388446939465,-7.746010867578824e-05,2.9297059348648336e-06,0.7581578029864654
7.675999999999377,0.0039999999999995595,0.0,0.0026641591725023693,0.0009243505983831021,-7.745902498527386e-05,2.928145187870223e-06,0.7581563863966172
7.679999999999376,0.0039999999999995595,0.0,0.002664152306599646,0.0009243623458729418,-7.745794270908929e-05,2.9265813550189577e-06,0.7581549755314257
7.683999999999376,0.0039999999999995595,0.0,0.002664145445013201,0.0009243740871516051,-7.745686184181017e-05,2.9250148009688785e-06,0.7581535703676601
7.687999999999375,0.0039999999999995595,0.0,0.0026641385875763755,0.0009243858222083584,-7.745578237819817e-05,2.9234457744419048e-06,0.758152170882183
7.691999999999375,0.0039999999999995595,0.0,0.002664131734205856,0.0009243975510331914,-7.745470431321002e-05,2.9218744273770584e-06,0.7581507770519584
7.6959999999993745,0.0039999999999995595,0.0,0.0026641248849433464,0.0009244092736165055,-7.745362764200371e-05,2.9203008406792284e-06,0.7581493888540455
7.699999999999374,0.0039999999999995595,0.0,0.0026641180396221858,0.0009244209899488774,-7.745255235982683e-05,2.918725042707064e-06,0.7581480062656095
7.703999999999374,0.0039999999999995595,0.0,0.002664111198242405,0.0009244327000208841,-7.745147846211067e-05,2.9171470186791397e-06,0.7581466292639101
7.707999999999373,0.0039999999999995595,0.0,0.0026641043607206864,0.0009244444038229839,-7.74504059444038e-05,2.9155667300152787e-06,0.758145257826308
7.711999999999373,0.0039999999999995595,0.0,0.0026640975269737136,0.0009244561013454427,-7.74493348024017e-05,2.913984120701905e-06,0.7581438919302611
7.715999999999372,0.0039999999999995595,0.0,0.002664090697001515,0.0009244677925782908,-7.74482650318839e-05,2.9123991273020682e-06,0.7581425315533253
7.719999999999372,0.0039999999999995595,0.0,0.0026640838706374253,0.0009244794775113103,-7.744719662875433e-05,2.9108116845406533e-06,0.7581411766731518
7.723999999999371,0.0039999999999995595,0.0,0.002664077047923145,0.0009244911561340417,-7.744612958900591e-05,2.909221730043e-06,0.758139827267488
7.727999999999371,0.0039999999999995595,0.0,0.002664070228733681,0.0009245028284358082,-7.74450639087383e-05,2.90762920832508e-06,0.758138483314174
7.7319999999993705,0.0039999999999995595,0.0,0.002664063407526406,0.0009245144920796941,-7.744400045935095e-05,2.904820367949833e-06,0.758138483314174
7.73599999999937,0.0039999999999995595,0.0,0.0026640565752163265,0.0009245261436098186,-7.744294014286492e-05,2.902536992669486e-06,0.7581357927831897
7.73999999999937,0.0039999999999995595,0.0,0.00266404975047345,0.0009245377911728333,-7.744187979963464e-05,2.901474935489109e-06,0.7581344707603824
7.743999999999369,0.0039999999999995595,0.0,0.0026640429314224844,0.0009245494336080502,-7.744081994669286e-05,2.9001559659369836e-06,0.7581331517923431
7.747999999999369,0.0039999999999995595,0.0,0.0026640361170632855,0.0009245610703386083,-7.743976091156614e-05,2.8987099544900846e-06,0.7581318367946165
7.751999999999368,0.0039999999999995595,0.0,0.0026640293069374685,0.0009245727011032582,-7.743870290133578e-05,2.897206507223108e-06,0.7581305263033244
7.755999999999368,0.0039999999999995595,0.0,0.0026640225007950173,0.0009245843257993761,-7.743764604643609e-05,2.895680187043896e-06,0.7581292206281901
7.759999999999367,0.0039999999999995595,0.0,0.002664015698594287,0.0009245959443947227,-7.743659042843726e-05,2.89414602089499e-06,0.7581279199442004
7.763999999999367,0.0039999999999995595,0.0,0.002664008900168609,0.0009246075568806463,-7.743553609774104e-05,2.8926087944089598e-06,0.7581266243463662
7.7679999999993665,0.0039999999999995595,0.0,0.002664002105518012,0.0009246191632494874,-7.74344830847656e-05,2.891068442902195e-06,0.7581253338823527
7.771999999999366,0.0039999999999995595,0.0,0.0026639953145591736,0.0009246307634855449,-7.743343140713617e-05,2.8895230451983413e-06,0.7581240485718566
7.775999999999366,0.0039999999999995595,0.0,0.0026639885216659617,0.0009246423552528465,-7.743238192731536e-05,2.8867658131785406e-06,0.7581240485718566
7.779999999999365,0.0039999999999995595,0.0,0.0026639817178781564,0.0009246539350946216,-7.743133553410877e-05,2.8845228481037924e-06,0.7581214752544779
7.783999999999365,0.0039999999999995595,0.0,0.002663974921616236,0.0009246655110725377,-7.743028915196575e-05,2.883484452879354e-06,0.7581202109075555
7.787999999999364,0.0039999999999995595,0.0,0.0026639681310465326,0.0009246770820032962,-7.74292432852192e-05,2.88218338976201e-06,0.7581189494408429
7.791999999999364,0.0039999999999995595,0.0,0.0026639613451271975,0.0009246886472829833,-7.742819825314173e-05,2.880748605001782e-06,0.7581176917495137
7.795999999999363,0.0039999999999995595,0.0,0.0026639545633164803,0.0009247002066226998,-7.742715425731707e-05,2.8792496773042547e-06,0.7581164383570627
7.799999999999363,0.0039999999999995595,0.0,0.0026639477853643576,0.0009247117598940149,-7.742611142446936e-05,2.877721700133241e-06,0.7581151895655162
7.803999999999363,0.0039999999999995595,0.0,0.002663941011187506,0.0009247233070421519,-7.742506983354784e-05,2.8761805517504525e-06,0.7581139455453064
7.807999999999362,0.0039999999999995595,0.0,0.002663934240660927,0.0009247348480398967,-7.742402953298212e-05,2.8746320195159335e-06,0.758112706388885
7.811999999999362,0.0039999999999995595,0.0,0.002663927473742972,0.0009247463828652307,-7.742299055166872e-05,2.873077077628794e-06,0.7581114721426193
7.815999999999361,0.0039999999999995595,0.0,0.0026639207103503148,0.0009247579114922037,-7.742195290602029e-05,2.871514809367383e-06,0.7581102428257053
7.819999999999361,0.0039999999999995595,0.0,0.0026639139503996305,0.0009247694338887488,-7.742091660441444e-05,2.869943914990367e-06,0.7581090184413637
7.82399999999936,0.0039999999999995595,0.0,0.0026639071938492683,0.0009247809500177736,-7.741988165016314e-05,2.868363408512562e-06,0.7581077989834291
7.82799999999936,0.0039999999999995595,0.0,0.0026639004405742245,0.0009247924598394704,-7.74188480433438e-05,2.8667728604910322e-06,0.7581065844402377
7.8319999999993595,0.0039999999999995595,0.0,0.00266389369049117,0.0009248039633137692,-7.741781578201831e-05,2.8651724072987986e-06,0.758105374796906
7.835999999999359,0.0039999999999995595,0.0,0.0026638869435584526,0.0009248154604024401,-7.741678486300391e-05,2.8635626594218908e-06,0.7581041700366634
7.839999999999359,0.0039999999999995595,0.0,0.0026638801997344187,0.0009248269510706575,-7.74157552823412e-05,2.8619445666496727e-06,0.758102970141647
7.843999999999358,0.0039999999999995595,0.0,0.0026638734589357386,0.0009248384352880126,-7.741472703571505e-05,2.860319287654945e-06,0.7581017750933527
7.847999999999358,0.0039999999999995595,0.0,0.0026638667211207577,0.0009248499130290433,-7.741370011859431e-05,2.8586880842210686e-06,0.7581005848729145
7.851999999999357,0.0039999999999995595,0.0,0.0026638599863311758,0.0009248613842733821,-7.741267452636972e-05,2.8570522280378777e-06,0.7580993994612719
7.855999999999357,0.0039999999999995595,0.0,0.0026638532544419834,0.0009248728490056204,-7.741165025445355e-05,2.855412941740532e-06,0.7580982188392621
7.859999999999356,0.0039999999999995595,0.0,0.0026638465254948808,0.0009248843072149889,-7.741062729834611e-05,2.8537713554582864e-06,0.7580970429876878
7.863999999999356,0.0039999999999995595,0.0,0.0026638397995315676,0.0009248957588949019,-7.740960565362461e-05,2.85212848079406e-06,0.7580958718873531
7.8679999999993555,0.0039999999999995595,0.0,0.0026638330764687107,0.0009249072040424629,-7.740858531599087e-05,2.850485203964013e-06,0.7580947055190865
7.871999999999355,0.0039999999999995595,0.0,0.002663826356389688,0.0009249186426579464,-7.740756628126621e-05,2.848842279973803e-06,0.7580935438637659
7.875999999999355,0.0039999999999995595,0.0,0.002663819639294522,0.000924930074744293,-7.740654854543576e-05,2.8472003395183584e-06,0.7580923869023211
7.879999999999354,0.0039999999999995595,0.0,0.0026638129251832345,0.0009249415003066346,-7.74055321046179e-05,2.8455598978759134e-06,0.7580912346157453
7.883999999999354,0.0039999999999995595,0.0,0.002663806208596016,0.0009249529170678245,-7.740451775817934e-05,2.842732871238121e-06,0.7580912346157453
7.887999999999353,0.0039999999999995595,0.0,0.002663799480822097,0.0009249643216506639,-7.740350633986108e-05,2.8404227184054243e-06,0.758088927493505
7.891999999999353,0.0039999999999995595,0.0,0.0026637927601998596,0.0009249757220703967,-7.740249494828012e-05,2.8393136907882734e-06,0.7580877942137139
7.895999999999352,0.0039999999999995595,0.0,0.002663786045020541,0.0009249871172129459,-7.740148405134858e-05,2.837959654355845e-06,0.7580866634437424
7.899999999999352,0.0039999999999995595,0.0,0.0026637793343255766,0.0009249985065359592,-7.740047394656824e-05,2.8364874316354074e-06,0.7580855360221677
7.9039999999993515,0.0039999999999995595,0.0,0.0026637726278232496,0.0009250098898062258,-7.739946482299723e-05,2.8349649631901996e-06,0.7580844124373135
7.907999999999351,0.0039999999999995595,0.0,0.0026637659253051973,0.0009250212669458398,-7.739845680038935e-05,2.8334259345825068e-06,0.7580832929696127
7.911999999999351,0.0039999999999995595,0.0,0.002663759226729772,0.0009250326379456417,-7.739744995420812e-05,2.8318849134338166e-06,0.7580821777765093
7.91599999999935,0.0039999999999995595,0.0,0.0026637525321803602,0.000925044002819261,-7.73964443314763e-05,2.8303464473466273e-06,0.7580810669429275
7.91999999999935,0.0039999999999995595,0.0,0.0026637458416153142,0.0009250553615808908,-7.739543996087494e-05,2.82881033173426e-06,0.7580799605111883
7.923999999999349,0.0039999999999995595,0.0,0.002663739149616372,0.0009250667119625679,-7.739443764425863e-05,2.8260922037391194e-06,0.7580799605111883
7.927999999999349,0.0039999999999995595,0.0,0.0026637324473891954,0.00092507805058966,-7.739343821073859e-05,2.82388374520361e-06,0.7580777449855519
7.9319999999993485,0.0039999999999995595,0.0,0.0026637257532309546,0.0009250893854186459,-7.739243883228303e-05,2.8228638770014224e-06,0.7580766567589993
7.935999999999348,0.0039999999999995595,0.0,0.002663719065266134,0.0009251007153116211,-7.739143996927156e-05,2.8215926543861154e-06,0.7580755709021125
7.939999999999348,0.0039999999999995595,0.0,0.0026637123826195085,0.0009251120396956511,-7.739044191425044e-05,2.820195452319682e-06,0.75807448823898
7.943999999999347,0.0039999999999995595,0.0,0.002663705704832642,0.0009251233583042613,-7.738944485280123e-05,2.8187397230767873e-06,0.7580734092489321
7.947999999999347,0.0039999999999995595,0.0,0.0026636990316971716,0.0009251346710264684,-7.738844890223709e-05,2.817259318269274e-06,0.7580723342069379
7.951999999999346,0.0039999999999995595,0.0,0.002663692363088093,0.0009251459778221245,-7.738745413609927e-05,2.8157694092761417e-06,0.7580712632672367
7.955999999999346,0.0039999999999995595,0.0,0.00266368569904712,0.0009251572786771037,-7.738646059981685e-05,2.8142753923167395e-06,0.7580701965129939
7.959999999999345,0.0039999999999995595,0.0,0.0026636790394909265,0.0009251685735816663,-7.73854683207645e-05,2.8127780327208195e-06,0.7580691339856742
7.963999999999345,0.0039999999999995595,0.0,0.0026636723844195463,0.000925179862521727,-7.738447731466063e-05,2.8112763026962487e-06,0.7580680757023627
7.9679999999993445,0.0039999999999995595,0.0,0.002663665733749652,0.0009251911454768745,-7.738348758967271e-05,2.8097688453013757e-06,0.7580670216659402
7.971999999999344,0.0039999999999995595,0.0,0.0026636590874812775,0.0009252024224215368,-7.73824991491165e-05,2.8082546352513542e-06,0.7580659718710274
7.975999999999344,0.0039999999999995595,0.0,0.0026636524455727743,0.0009252136933273038,-7.738151199321518e-05,2.8067332077789218e-06,0.7580649263074561
7.979999999999343,0.0039999999999995595,0.0,0.002663645807940814,0.0009252249581653639,-7.738052612022613e-05,2.8052046608896156e-06,0.7580638849622899
7.983999999999343,0.0039999999999995595,0.0,0.0026636391692086148,0.0009252362146432971,-7.737954228700349e-05,2.8024929461164216e-06,0.7580638849622899
7.987999999999342,0.0039999999999995595,0.0,0.0026636325205815106,0.0009252474593805845,-7.737856128571841e-05,2.8002845498053092e-06,0.7580617997602505
7.991999999999342,0.0039999999999995595,0.0,0.002663625880273999,0.0009252587002965409,-7.737758036980433e-05,2.7992583304639033e-06,0.7580607757195912
7.995999999999341,0.0039999999999995595,0.0,0.0026636192464521767,0.0009252699362625334,-7.737659997696565e-05,2.7979839870694984e-06,0.7580597538741379
7.999999999999341,0.0039999999999995595,0.0,0.0026636126181991066,0.0009252811667198041,-7.737562038565902e-05,2.7965878500636492e-06,0.7580587350176552
8.003999999999342,0.004000000000001336,0.0,0.00266360599518138,0.0009252923914198137,-7.737464177276015e-05,2.7951380842473554e-06,0.7580577196107086
