t,dt,force_n,tilt_rad,x,y,speed_m_s,effort_nm
0.004,0.004,0.0,0.0,-4.2767836703759016e-20,7.512001852942428e-20,4.321762617903042e-17,0.0
0.008,0.004,0.0,0.0,-8.422227043577346e-20,1.5943294630138007e-19,6.068366883431809e-17,0.0
0.012,0.004,0.0,0.0,-1.444774354445214e-19,2.6513826973270275e-19,9.540918719222417e-17,0.0
0.016,0.004,0.0,0.0,-2.186607433802519e-19,4.0373925764475085e-19,1.5287393541967458e-16,0.0
0.020000000000000004,0.0040000000000000036,0.0,0.0,-2.8056689973225103e-19,5.980538569237782e-19,2.5762669572065304e-16,0.0
0.024000000000000007,0.0040000000000000036,0.0,1.2020167404189313e-06,5.621764921299503e-07,-2.2630572843407446e-08,0.0002811242629184166,0.0
0.02800000000000001,0.0040000000000000036,0.0,1.6192290433892738e-06,-4.497844879827898e-07,-1.0766557784664553e-07,0.0004013546181527349,0.0
0.032000000000000015,0.0040000000000000036,0.0,1.5558696227168841e-06,-2.897597488093383e-06,-1.9132665652538343e-07,0.0006692792611572916,0.0
0.03600000000000002,0.0040000000000000036,0.0,1.9748395987787257e-06,-5.9791175091012475e-06,-2.4456643574180404e-07,0.0007931814754171465,0.0
0.04000000000000002,0.0040000000000000036,0.0,2.8728341268622115e-06,-9.18315013517825e-06,-2.5706490266896576e-07,0.0007943514612740287,0.0
0.044000000000000025,0.0040000000000000036,0.0,4.612553296184169e-06,-1.2252755027114603e-05,-2.2824095608617826e-07,0.0007786715412094088,0.38985695136438064
0.04800000000000003,0.0040000000000000036,0.0,7.500303765102488e-06,-1.5215765746203641e-05,-1.648378486993967e-07,0.0007156415852666419,0.3468372482957865
0.05200000000000003,0.0040000000000000036,0.0,1.2229959542640544e-05,-1.758866040763459e-05,-7.429245735729387e-08,0.0005443048358550582,0.3097932998825252
0.056000000000000036,0.0040000000000000036,0.0,1.9207799082460185e-05,-1.9063177933186404e-05,3.6723291936098357e-08,0.00030583351832978945,0.27916741480715956
0.06000000000000004,0.0040000000000000036,0.0,2.8602871098553636e-05,-1.946276418865699e-05,1.6262577156666907e-07,4.263992006362165e-05,0.2546029815012078
0.06400000000000004,0.0040000000000000036,0.0,4.044234719549018e-05,-1.8702535493993882e-05,2.9917059043739603e-07,0.00026808433200554543,0.2353761983565369
0.06800000000000005,0.0040000000000000036,0.0,5.474005199545139e-05,-1.670886418293325e-05,4.4407930224848897e-07,0.0005803831562853805,0.22063232256449167
0.07200000000000005,0.0040000000000000036,0.0,7.144567286305347e-05,-1.3454820707861206e-05,5.953738482279034e-07,0.0008935567625687021,0.20949235800059376
0.07600000000000005,0.0040000000000000036,0.0,9.036538400470152e-05,-9.017978178281835e-06,7.502762702389593e-07,0.001181014935710838,0.20949235800059376
0.08000000000000006,0.0040000000000000036,0.0,0.00011121262415771735,-3.5522571861647972e-06,9.057728513298694e-07,0.001427529308040651,0.20949235800059376
0.08400000000000006,0.0040000000000000036,0.0,0.00013367043697864797,2.761259790859028e-06,1.0591256277849736e-06,0.001627780720863498,0.20949235800059376
0.08800000000000006,0.0040000000000000036,0.0,0.00015742901429983456,9.744424395504435e-06,1.2082406569286675e-06,0.0017858142284611679,0.19428541077231107
0.09200000000000007,0.0040000000000000036,0.0,0.00018219855655792567,1.724089842999589e-05,1.3516154329277348e-06,0.0019037164376510827,0.18238238917378394
0.09600000000000007,0.0040000000000000036,0.0,0.00020765740750371174,2.5062836835498024e-05,1.4885061323190096e-06,0.001971170267656503,0.18206505300860598
0.10000000000000007,0.0040000000000000036,0.0,0.00023348297056996546,3.300180146123574e-05,1.6190200808298503e-06,0.0019881632787319315,0.18203675410367767
0.10400000000000008,0.0040000000000000036,0.0,0.00025942535698963255,4.089094005986783e-05,1.7432017328004534e-06,0.0019670471097659173,0.18223293885951444
0.10800000000000008,0.0040000000000000036,0.0,0.0002853389465549084,4.862842772460878e-05,1.8613087399393177e-06,0.0019245178879957801,0.1825956926051804
0.11200000000000009,0.0040000000000000036,0.0,0.0003111648440514567,5.616771436733102e-05,1.9742786679544923e-06,0.0018732454824826011,0.18306664301062575
0.11600000000000009,0.0040000000000000036,0.0,0.00033690402312009493,6.350101168960451e-05,2.083356825108223e-06,0.0018220224291552662,0.1835891835761966
0.12000000000000009,0.0040000000000000036,0.0,0.0003625966910378383,7.064658477733836e-05,2.1898642458568164e-06,0.001776678051316414,0.1841162906696817
0.1240000000000001,0.0040000000000000036,0.0,0.0003883067644709138,7.763915044284936e-05,2.295060087245509e-06,0.0017408117165236422,0.184612853282088
0.12800000000000009,0.00399999999999999,0.0,0.0004141156986526396,8.452599195304379e-05,2.400013964413958e-06,0.0017176181957785197,0.18505516284382245
0.1320000000000001,0.0040000000000000036,0.0,0.0004401200775053637,9.136534288458897e-05,2.505657311359473e-06,0.001709489379190909,0.18542919727638268
0.1360000000000001,0.0040000000000000036,0.0,0.0004664152149876992,9.821601691127765e-05,2.6127973321348153e-06,0.0017157136612475925,0.18572863044053242
0.1400000000000001,0.0040000000000000036,0.0,0.0004930848797944224,0.00010513084704747645,2.722031408426711e-06,0.0017347739694320017,0.1859523047750619
0.1440000000000001,0.0040000000000000036,0.0,0.0005202007773637164,0.00011215624382611021,2.8337852082297607e-06,0.0017650449209257373,0.18610293800950778
0.1480000000000001,0.0040000000000000036,0.0,0.0005478225463452994,0.00011933203238354503,2.948336290477603e-06,0.0018048738640242148,0.18618567057657204
0.1520000000000001,0.0040000000000000036,0.0,0.0005759980941795686,0.00012669148499437155,3.0658380082329423e-06,0.001852627630722698,0.18620699310380476
0.1560000000000001,0.0040000000000000036,0.0,0.0006047641928816827,0.00013426151427673182,3.186342433791667e-06,0.0019067305992597808,0.18617397115359044
0.16000000000000011,0.0040000000000000036,0.0,0.0006341472716437823,0.00014206299376397162,3.3098215457139782e-06,0.001965694534255539,0.18609371066432318
0.16400000000000012,0.0040000000000000036,0.0,0.0006641643472966527,0.00015011117506368542,3.436186260405095e-06,0.002028140892810848,0.1859730096441973
0.16800000000000012,0.0040000000000000036,0.0,0.0006948240416355159,0.00015841617390013126,3.5653031205423513e-06,0.0020928163964146532,0.18581814869425903
0.17200000000000013,0.0040000000000000036,0.0,0.0007261276441092292,0.00016698350065904978,3.697008607767619e-06,0.002158602713571546,0.18563478149140833
0.17600000000000013,0.0040000000000000036,0.0,0.0007580701832988495,0.00017581461443332084,3.8311211518448855e-06,0.0022245211005478827,0.18542789469746515
0.18000000000000013,0.0040000000000000036,0.0,0.0007906414788536945,0.0001849074828746249,3.9674509771429996e-06,0.002289732821386505,0.18520181408756634
0.18400000000000014,0.0040000000000000036,0.0,0.0008238271517117109,0.00019425713330124003,4.105807971128463e-06,0.002353536122286545,0.1849602397543969
0.18800000000000014,0.0040000000000000036,0.0,0.0008576095730496414,0.00020385618343379244,4.2460077833807376e-06,0.0024153604758784873,0.1847062980581871
0.19200000000000014,0.0040000000000000036,0.0,0.0008919687426477644,0.0002136953427891471,4.387876374093912e-06,0.0024747587428041104,0.18444260170075216
0.19600000000000015,0.0040000000000000036,0.0,0.0009268830851619313,0.00022376387813490952,4.5312532304350405e-06,0.0025313978253333324,0.18417131208723597
0.20000000000000015,0.0040000000000000036,0.0,0.0009623301615612062,0.00023405003848456126,4.675993460811287e-06,0.002585048313819912,0.18389420018656236
0.20400000000000015,0.0040000000000000036,0.0,0.0009982872923189558,0.0002445414368988063,4.82196896369757e-06,0.0026355735542184762,0.18361270357565787
0.20800000000000016,0.0040000000000000036,0.0,0.0010347320948335627,0.00025522538786366624,4.969068850261232e-06,0.0026829184956752962,0.18332797838973458
0.21200000000000016,0.0040000000000000036,0.0,0.00107164293473135,0.00026608920025796424,5.1171992814357605e-06,0.0027270986127478723,0.18304094561416792
0.21600000000000016,0.0040000000000000036,0.0,0.0011089992981636284,0.0002771204269240197,5.266282859343565e-06,0.002768189138058474,0.18275233162630905
0.22000000000000017,0.0040000000000000036,0.0,0.0011467820870375346,0.00028830707263991206,5.416257694125418e-06,0.0028063147886012497,0.1824627031989581
0.22400000000000017,0.0040000000000000036,0.0,0.0011849738463445012,0.0002996377628847563,5.567076247465012e-06,0.0028416401226472603,0.18217249735579544
0.22800000000000017,0.0040000000000000036,0.0,0.0012235589265937477,0.00031110187621505466,5.7187040370645855e-06,0.0028743606241300435,0.18188204656494145
0.23200000000000018,0.0040000000000000036,0.0,0.0012625235910270242,0.0003226896433542958,5.871118269830401e-06,0.0029046945772277515,0.18159159979376924
0.23600000000000018,0.0040000000000000036,0.0,0.0013018560717801152,0.000334392216261901,6.024306457690767e-06,0.002932875765162497,0.1813013399477643
0.24000000000000019,0.0040000000000000036,0.0,0.0013415465832987675,0.00034620171051184725,6.178265057069561e-06,0.0029591470035356415,0.18101139819177756
0.2440000000000002,0.0040000000000000036,0.0,0.0013815872990620844,0.0003581112242941759,6.332998162835734e-06,0.0029837544992800035,0.18072186561375975
0.2480000000000002,0.0040000000000000036,0.0,0.0014219722967381795,0.0003701148372704905,6.488516278113551e-06,0.003006943011015396,0.18043280264610942
0.25200000000000017,0.003999999999999976,0.0,0.001462697479015712,0.0003822075923816139,6.644835174470651e-06,0.0030289517747307294,0.1801442466119873
0.25600000000000017,0.0040000000000000036,0.0,0.0015037604738846204,0.0003943854635342686,6.8019748504467865e-06,0.003050011149845996,0.1798562177169211
0.2600000000000002,0.0040000000000000036,0.0,0.001545160520409519,0.0004066453118944938,6.959958592208773e-06,0.0030703399343604593,0.1795687237620213
0.2640000000000002,0.0040000000000000036,0.0,0.0015868983436943998,0.00041898483329751363,7.118812136084712e-06,0.0030901432936065727,0.17928176381378877
0.2680000000000002,0.0040000000000000036,0.0,0.0016289760227451433,0.0004314024990545316,7.2785629301320745e-06,0.0031096112447532753,0.17899533102935683
0.2720000000000002,0.0040000000000000036,0.0,0.0016713968553279486,0.00044389749220272444,7.439239490067897e-06,0.0031289176383365648,0.17870941480310443
0.2760000000000002,0.0040000000000000036,0.0,0.0017141652218164438,0.0004564696410107643,7.600870843181689e-06,0.003148219578443747,0.1784240023726543
0.2800000000000002,0.0040000000000000036,0.0,0.0017572864517753136,0.00046911935132274053,7.763486053587168e-06,0.003167657224557586,0.178139079997912
0.2840000000000002,0.0040000000000000036,0.0,0.0018007666937135938,0.00048184753910176554,7.927113821275571e-06,0.0031873539202159013,0.17785463380584227
0.2880000000000002,0.0040000000000000036,0.0,0.001844612791174809,0.0004946555643234947,8.091782147604387e-06,0.0032074165964288723,0.17757065037643963
0.2920000000000002,0.0040000000000000036,0.0,0.0018888321657320544,0.0005075451671712765,8.257518059830116e-06,0.0032279364010466,0.1772871171305129
0.2960000000000002,0.0040000000000000036,0.0,0.0019334327080784645,0.0005205184073001509,8.424347387867486e-06,0.003248989508846167,0.17700402256788367
0.3000000000000002,0.0040000000000000036,0.0,0.0019784226776628573,0.0005335776067673833,8.592294586487084e-06,0.0032706380709074433,0.17672135639426684
0.3040000000000002,0.0040000000000000036,0.0,0.002023810611819427,0.0005467252970732865,8.761382596993822e-06,0.003292931265769586,0.17643910956722036
0.3080000000000002,0.0040000000000000036,0.0,0.0020696052442885043,0.0005599641706179204,8.931632742867168e-06,0.0033159064188096376,0.17615727428460895
0.3120000000000002,0.0040000000000000036,0.0,0.002115815433169576,0.0005732970367568269,9.103064654309437e-06,0.0033395901602103015,0.17587584393372452
0.3160000000000002,0.0040000000000000036,0.0,0.00216245009800065,0.0005867267825319257,9.27569621731969e-06,0.0033639995957036495,0.17559481301481492
0.32000000000000023,0.0040000000000000036,0.0,0.002209518166329448,0.0006002563380615484,9.449543543438318e-06,0.0033891434679678236,0.1753141770495456
0.32400000000000023,0.0040000000000000036,0.0,0.002257028528373631,0.0006138886464956181,9.624620956629753e-06,0.0034150232900432113,0.1750339324817707
0.32800000000000024,0.0040000000000000036,0.0,0.0023049900002481616,0.0006276266383773995,9.800940994519753e-06,0.0034416344354387153,0.17475407657644845
0.33200000000000024,0.0040000000000000036,0.0,0.002353411294616627,0.0006414732102010874,9.978514421512154e-06,0.003468967172633248,0.1744746073204119
0.33600000000000024,0.0040000000000000036,0.0,0.0024023009983727105,0.0006554312069138247,1.0157350251537408e-05,0.003497007634495486,0.17419552332757732
0.34000000000000025,0.0040000000000000036,0.0,0.002451667556490059,0.0006695034080804923,1.0337455778881528e-05,0.0035257387156802478,0.1739168237505249
0.34400000000000025,0.0040000000000000036,0.0,0.0025015192619935447,0.0006836925174087544,1.0518836615462366e-05,0.0035551408933431577,0.17363850819904664
0.34800000000000025,0.0040000000000000036,0.0,0.002551864250547103,0.0006980011553192949,1.070149673354704e-05,0.003585192968528706,0.17336057666653829
0.35200000000000026,0.0040000000000000036,0.0,0.002602710499723086,0.0007124318542409558,1.0885438512882361e-05,0.003615872727350979,0.1730830294639762
0.35600000000000026,0.0040000000000000036,0.0,0.002654066414185527,0.0007269872761593913,1.1070666467806792e-05,0.0036472674976084233,0.1730830294639762
0.36000000000000026,0.0040000000000000036,0.0,0.0027059412851840443,0.0007416703494955812,1.1257188524557951e-05,0.0036793238928284205,0.17280586716146942
0.36400000000000027,0.0040000000000000036,0.0,0.0027583424272195315,0.0007564831894793659,1.1444998918705944e-05,0.003711905073491146,0.1725040882451517
0.36800000000000027,0.0040000000000000036,0.0,0.0028112770591385426,0.0007714278486323678,1.1634091811878418e-05,0.0037449963345616713,0.17220837910650527
0.3720000000000003,0.0040000000000000036,0.0,0.002864752329798563,0.000786506328091279,1.1824460597986398e-05,0.0037785848597176766,0.17191973094752386
0.3760000000000003,0.0040000000000000036,0.0,0.002918774712820415,0.0008017203562518769,1.2016093435088229e-05,0.0038125469551605557,0.1713559380653133
0.3800000000000003,0.0040000000000000036,0.0,0.00297334953287573,0.0008170712509257402,1.220897139443949e-05,0.00384690168124214,0.17110331850383997
0.3840000000000003,0.0040000000000000036,0.0,0.0030284840035794884,0.0008325610171133219,1.2403089505882979e-05,0.0038817528814875956,0.17084410239510356
0.3880000000000003,0.0040000000000000036,0.0,0.003084185250604263,0.0008481915833018964,1.2598441254331202e-05,0.003917081848720005,0.17058049059025035
0.3920000000000003,0.0040000000000000036,0.0,0.0031404603268792575,0.0008639648091901878,1.2795018640838178e-05,0.003952871945068062,0.17031399141453704
0.3960000000000003,0.0040000000000000036,0.0,0.0031973162304115427,0.0008798824949405959,1.299281229061552e-05,0.003989108897544022,0.17004563879274154
0.4000000000000003,0.0040000000000000036,0.0,0.003254759922444353,0.0008959463908672682,1.3191811584461177e-05,0.004025780858266971,0.1697761416351694
0.4040000000000003,0.0040000000000000036,0.0,0.0033127983452460544,0.0009121582069516415,1.3392004799500242e-05,0.004062878334786593,0.16950598615671117
0.4080000000000003,0.0040000000000000036,0.0,0.0033714384385886303,0.0009285196218612943,1.3593379250776925e-05,0.004100394052308579,0.16923550596459896
0.4120000000000003,0.0040000000000000036,0.0,0.0034306871553016934,0.000945032291312824,1.3795921429455906e-05,0.004138322783530475,0.16896493007243288
0.4160000000000003,0.0040000000000000036,0.0,0.0034905514749991157,0.0009616978557133997,1.3999617135471792e-05,0.004176661166321302,0.16869441579543076
0.4200000000000003,0.0040000000000000036,0.0,0.0035510384167330984,0.0009785179470680754,1.4204451603982302e-05,0.004215407520469797,0.16842407128963116
0.4240000000000003,0.0040000000000000036,0.0,0.003612155050006142,0.0009954941951683617,1.4410409625615689e-05,0.004254561669532473,0.16815397099674909
0.4280000000000003,0.0040000000000000036,0.0,0.0036739085046791323,0.0010126282330924965,1.4617475661040628e-05,0.004294124770918138,0.16788416622885394
0.43200000000000033,0.0040000000000000036,0.0,0.0037363059795055458,0.0010299217020552612,1.4825633950160658e-05,0.004334099155735904,0.16761469242285934
0.43600000000000033,0.0040000000000000036,0.0,0.0037993547495877374,0.0010473762556486254,1.5034868616896713e-05,0.00437448817909888,0.16734557411332884
0.44000000000000034,0.0040000000000000036,0.0,0.0038630621729027225,0.0010649935635158535,1.5245163769691343e-05,0.004415296081130065,0.1670768283414129
0.44400000000000034,0.0040000000000000036,0.0,0.003927435695605727,0.0010827753145019837,1.545650359826867e-05,0.0044565278586968906,0.16680846699206905
0.44800000000000034,0.0040000000000000036,0.0,0.003992482856806808,0.0011007232193233235,1.5668872467017824e-05,0.004498189147784087,0.1665404983966311
0.45200000000000035,0.0040000000000000036,0.0,0.0040582112922817855,0.0011188390127980308,1.5882255005023507e-05,0.004540286116344933,0.1662729284316547
0.45600000000000035,0.0040000000000000036,0.0,0.004124628737726613,0.0011371244556790314,1.6096636192932597e-05,0.00458282536741048,0.16600576127244734
0.46000000000000035,0.0040000000000000036,0.0,0.004191743031269678,0.0011555813361295326,1.631200144660761e-05,0.004625813852201187,0.16573899990969593
0.46400000000000036,0.0040000000000000036,0.0,0.004259562115463653,0.0011742114708801635,1.6528336697493367e-05,0.004669258792914408,0.16547264650366894
0.46800000000000036,0.0040000000000000036,0.0,0.004328094038927843,0.001193016706105375,1.674562846947334e-05,0.004713167614829874,0.16520670262686546
0.47200000000000036,0.0040000000000000036,0.0,0.004397346957438986,0.0012119989180550993,1.696386395223335e-05,0.004757547887308181,0.16494116943026327
0.47600000000000037,0.0040000000000000036,0.0,0.004467329134916416,0.0012311600134758635,1.718303107074546e-05,0.004802407273222309,0.16467604775704495
0.48000000000000037,0.0040000000000000036,0.0,0.004538048943935761,0.001250501929853571,1.740311855081124e-05,0.004847753486315023,0.16441133822033857
0.4840000000000004,0.0040000000000000036,0.0,0.004609514866101279,0.0012700266355080289,1.762411598019963e-05,0.004893594255937502,0.16414704125616117
0.4880000000000004,0.0040000000000000036,0.0,0.004681735492378464,0.0012897361295670527,1.784601386535124e-05,0.004939937298607267,0.16388315715953716
0.4920000000000004,0.0040000000000000036,0.0,0.004754719523102955,0.0013096324418456675,1.8068803683380145e-05,0.00498679029579828,0.16361968610895444
0.4960000000000004,0.0040000000000000036,0.0,0.004828475768175314,0.0013297176326535598,1.8292477929142734e-05,0.005034160877371844,0.16335662818302818
0.5000000000000003,0.003999999999999948,0.0,0.004903013146916906,0.001349993792551558,1.8517030157152816e-05,0.005082056610057009,0.16309398337156222
0.5040000000000003,0.0040000000000000036,0.0,0.004978340688128299,0.0013704630420755893,1.874245501828849e-05,0.00513048499039586,0.16283175158325533
0.5080000000000003,0.0040000000000000036,0.0,0.0050544675301907385,0.001391127531444253,1.8968748291110443e-05,0.005179453441587216,0.16256993265078265
0.5120000000000003,0.0040000000000000036,0.0,0.005131402920961274,0.0014119894402639648,1.919590690758089e-05,0.005228969313682599,0.16230852633435158
0.5160000000000003,0.0040000000000000036,0.0,0.005209156218030159,0.0014330509772435024,1.9423928973287242e-05,0.005279039886612814,0.1620475323242462
0.5200000000000004,0.0040000000000000036,0.0,0.005287736888813589,0.0014543143799278155,1.9652813781993673e-05,0.005329672375563543,0.161786950242751
0.5240000000000004,0.0040000000000000036,0.0,0.005367154510863635,0.0014757819144591128,1.988256182469878e-05,0.0053808739382420895,0.1615267796457966
0.5280000000000004,0.0040000000000000036,0.0,0.00544741877216221,0.0014974558753715294,2.011317479309639e-05,0.0054326516836206195,0.16126702002437743
0.5320000000000004,0.0040000000000000036,0.0,0.005528539471674173,0.0015193385854241383,2.0344655577419045e-05,0.005485012681778637,0.16100767080591255
0.5360000000000004,0.0040000000000000036,0.0,0.005610526519729704,0.0015414323954756665,2.0577008259011794e-05,0.0055379639745050824,0.16074873135583054
0.5400000000000004,0.0040000000000000036,0.0,0.005693389938868919,0.0015637396844030498,2.081023809753921e-05,0.005591512586363853,0.16049020097909994
0.5440000000000004,0.0040000000000000036,0.0,0.005777139864363651,0.0015862628590648609,2.104435151321842e-05,0.005645665535952796,0.1602320789221353
0.5480000000000004,0.0040000000000000036,0.0,0.005861786545216209,0.0016090043543097161,2.1279356064056343e-05,0.00570042984714111,0.15997436437465798
0.5520000000000004,0.0040000000000000036,0.0,0.005947340345037369,0.0016319666330289653,2.1515260418456974e-05,0.00575581256008422,0.1597170564719093
0.5560000000000004,0.0040000000000000036,0.0,0.00603381174302662,0.0016551521862523176,2.1752074323293198e-05,0.005811820741868923,0.15946015429697635
0.5600000000000004,0.0040000000000000036,0.0,0.006121211335089337,0.0016785635332845189,2.198980856786434e-05,0.0058684614966600605,0.1592036568833266
0.5640000000000004,0.0040000000000000036,0.0,0.006209549835031602,0.001702203221880769,2.2228474944055518e-05,0.005925741975244846,0.15894756321761824
0.5680000000000004,0.0040000000000000036,0.0,0.006298838075761769,0.001726073828458264,2.2468086202744056e-05,0.005983669383910867,0.1586918722424731
0.5720000000000004,0.0040000000000000036,0.0,0.006389087010678623,0.0017501779583410316,2.2708656007068617e-05,0.00604225099260762,0.1584365828595893
0.5760000000000004,0.0040000000000000036,0.0,0.006480307714960107,0.0017745182460350902,2.295019888260294e-05,0.00610149414235838,0.15818169393285542
0.5800000000000004,0.0040000000000000036,0.0,0.0065725113870044325,0.0017990973555309072,2.31927301650753e-05,0.006161406251919499,0.1579272042917112
0.5840000000000004,0.0040000000000000036,0.0,0.006665709349964351,0.0018239179806301417,2.3436265945697048e-05,0.00622199482368735,0.15767311273442203
0.5880000000000004,0.0040000000000000036,0.0,0.00675991305318967,0.0018489828452937051,2.368082301466787e-05,0.006283267448870436,0.1574194180316581
0.5920000000000004,0.0040000000000000036,0.0,0.006855134073818007,0.0018742947040082966,2.3926418802954597e-05,0.006345231811962655,0.15716611892987886
0.5960000000000004,0.0040000000000000036,0.0,0.006951384118343973,0.001899856342168702,2.417307132289986e-05,0.006407895694546305,0.156913214154918
0.6000000000000004,0.0040000000000000036,0.0,0.007048675024266974,0.001925670576473316,2.4420799107980125e-05,0.006471266978477236,0.15666070241556626
0.6040000000000004,0.0040000000000000036,0.0,0.007147018761689133,0.0019517402553305442,2.4669621151876317e-05,0.00653535364849333,0.15640858240708366
0.6080000000000004,0.0040000000000000036,0.0,0.007246427434978237,0.001978068259273943,2.4919556847351324e-05,0.0066001637943062675,0.15615685281469455
0.6120000000000004,0.0040000000000000036,0.0,0.007346913284461962,0.002004657501384183,2.5170625925134915e-05,0.006665705612227529,0.15590551231708794
0.6160000000000004,0.0040000000000000036,0.0,0.007448488688167596,0.002031510927716126,2.5422848393291422e-05,0.006731987406382958,0.15565455958986643
0.6200000000000004,0.0040000000000000036,0.0,0.0075511661634136825,0.0020586315177295433,2.5676244477074445e-05,0.00679901758957349,0.15540399330880464
0.6240000000000004,0.0040000000000000036,0.0,0.007654958368631711,0.002086022284722202,2.5930834559797233e-05,0.00686680468383282,0.15515381215314644
0.6280000000000004,0.0040000000000000036,0.0,0.0077598781050544265,0.002113686276264264,2.618663912483323e-05,0.0069353573207344265,0.1549040148086973
0.6320000000000005,0.0040000000000000036,0.0,0.007865938318467536,0.0021416265746331442,2.644367869919343e-05,0.007004684241498557,0.15465459997098266
0.6360000000000005,0.0040000000000000036,0.0,0.007973152100950126,0.0021698462972481423,2.67019737985225e-05,0.007074794296941294,0.15440556634789776
0.6400000000000005,0.0040000000000000036,0.0,0.00808153269260526,0.0021983485971043626,2.6961544874127715e-05,0.007145696447311531,0.1541569126626744
0.6440000000000005,0.0040000000000000036,0.0,0.008191093483376797,0.002227136663205572,2.722241226198981e-05,0.007217399762053415,0.15390863765635907
0.6480000000000005,0.0040000000000000036,0.0,0.008301848014797246,0.0022562137209958012,2.7484596134053623e-05,0.007289913419527824,0.15366074009030684
0.6520000000000005,0.0040000000000000036,0.0,0.008413809981738556,0.0022855830327896255,2.774811645183386e-05,0.007363246706726748,0.15341321874841277
0.6560000000000005,0.0040000000000000036,0.0,0.00852699323425616,0.002315247898201165,2.801299292254484e-05,0.0074374090190060735,0.15316607243923677
0.6600000000000005,0.0040000000000000036,0.0,0.008641411779336954,0.0023452116545719494,2.8279244957927977e-05,0.0075124098598608816,0.15291929999795212
0.6640000000000005,0.0040000000000000036,0.0,0.008757079782761641,0.002375477677397878,2.854689163577236e-05,0.007588258840762511,0.15267290028805938
0.6680000000000005,0.0040000000000000036,0.0,0.008874011570894428,0.0024060493807555716,2.8815951664249965e-05,0.007664965681078705,0.15242687220297504
0.6720000000000005,0.0040000000000000036,0.0,0.008992221632528422,0.002436930217728472,2.9086443349163855e-05,0.007742540208082253,0.15218121466741077
0.6760000000000005,0.0040000000000000036,0.0,0.009111724620718784,0.0024681236808331004,2.9358384564093758e-05,0.007820992357067845,0.15193592663856773
0.6800000000000005,0.0040000000000000036,0.0,0.009232535354674666,0.0024996333024458932,2.9631792723535565e-05,0.007900332171576433,0.15169100710716202
0.6840000000000005,0.0040000000000000036,0.0,0.00935466882163088,0.0025314626552310872,2.9906684759060182e-05,0.007980569803739785,0.1514464550982582
0.6880000000000005,0.0040000000000000036,0.0,0.00947814017872171,0.0025636153525701397,3.0183077098423747e-05,0.008061715514746992,0.151202269671945
0.6920000000000005,0.0040000000000000036,0.0,0.009602964754923017,0.0025960950489931495,3.0460985647712286e-05,0.008143779675429228,0.15095844992377885
0.6960000000000005,0.0040000000000000036,0.0,0.009729158052961864,0.0026289054406127793,3.0740425776410325e-05,0.008226772766970024,0.15071499498512028
0.7000000000000005,0.0040000000000000036,0.0,0.00985673575131682,0.002662050265561146,3.102141230538861e-05,0.008310705381732742,0.1504719040232255
0.7040000000000005,0.0040000000000000036,0.0,0.009985713706119038,0.002695533304430165,3.13039594978168e-05,0.008395588224209268,0.15022917624126525
0.7080000000000005,0.0040000000000000036,0.0,0.01011610795321117,0.0027293583807174223,3.15880810517319e-05,0.008481432112869364,0.14998681087801807
0.7120000000000005,0.0040000000000000036,0.0,0.010247934710128977,0.002763529361287988,3.1873790084653034e-05,0.00856824798417445,0.14974480719652633
0.7160000000000005,0.0040000000000000036,0.0,0.01038121037814671,0.0027980501568213322,3.216109912763668e-05,0.008656046886528572,0.14950316448878062
0.7200000000000005,0.0040000000000000036,0.0,0.010515951544270052,0.0028329247222526758,3.245002013316119e-05,0.008744839981811837,0.14926188209500238
0.7240000000000005,0.0040000000000000036,0.0,0.01065217498341568,0.0028681570572407656,3.274056449418699e-05,0.008834638552927357,0.14902095940208276
0.7280000000000005,0.0040000000000000036,0.0,0.010789897660436464,0.0029037512066389503,3.303274306564559e-05,0.008925454000979067,0.14878039584425565
0.7320000000000005,0.0040000000000000036,0.0,0.010929136732304624,0.002939711260952421,3.332656617149887e-05,0.009017297844327796,0.14854019087540446
0.7360000000000005,0.0040000000000000036,0.0,0.01106990955028248,0.0029760413568128896,3.362204361230288e-05,0.00911018172340363,0.14830034397022557
0.7400000000000005,0.0040000000000000036,0.0,0.011212233662134696,0.003012745677468376,3.3919184675374905e-05,0.009204117404222112,0.14806085462777757
0.7440000000000005,0.0040000000000000036,0.0,0.011356126814361794,0.003049828453283995,3.421799814722212e-05,0.009299116781018694,0.1478217223727373
0.7480000000000006,0.0040000000000000036,0.0,0.0115016069545232,0.0030872939622514956,3.451849232852953e-05,0.0093951918784079,0.14758294675554653
0.7520000000000006,0.0040000000000000036,0.0,0.011648692233472471,0.0031251465305063746,3.482067505124824e-05,0.009492354853300017,0.14734452735157885
0.7560000000000006,0.0040000000000000036,0.0,0.011797401007749316,0.0031633905328520666,3.5124553697820325e-05,0.009590617996727576,0.14710646375993333
0.7600000000000006,0.0040000000000000036,0.0,0.011947751841893032,0.0032020303932910918,3.54301352221972e-05,0.009689993735657447,0.14686875560186793
0.7640000000000006,0.0040000000000000036,0.0,0.012099763510850129,0.003241070585563215,3.573742617251671e-05,0.009790494634828041,0.14663140251902132
0.7680000000000006,0.0040000000000000036,0.0,0.012253455002386943,0.0032805156336908137,3.604643271526552e-05,0.009892133398641105,0.14639440417165922
0.7720000000000006,0.0040000000000000036,0.0,0.012408845519560438,0.003320370112531644,3.6357160660714344e-05,0.009994922873102254,0.14615776023666596
0.7760000000000006,0.0040000000000000036,0.0,0.012565954483144603,0.003360638648339237,3.66696154894604e-05,0.010098876047823004,0.1459214704056425
0.7800000000000006,0.0040000000000000036,0.0,0.012724801534172518,0.003401325919331117,3.6983802379996065e-05,0.01020400605807113,0.14568553438296922
0.7840000000000006,0.0040000000000000036,0.0,0.01288540653647957,0.003442436656265038,3.7299726236891265e-05,0.010310326186867872,0.14544995188374443
0.7880000000000006,0.0040000000000000036,0.0,0.013047789579254546,0.0034839756430233883,3.7617391719723596e-05,0.010417849867127748,0.14521472263185298
0.7920000000000006,0.0040000000000000036,0.0,0.013211970979654732,0.0035259477172058934,3.793680327257225e-05,0.01052659068382898,0.14497984635804356
0.7960000000000006,0.0040000000000000036,0.0,0.013377971285435603,0.0035683577707307512,3.825796515369501e-05,0.010636562376218415,0.14474532279789257
0.8000000000000006,0.0040000000000000036,0.0,0.013545811277640186,0.003611210750444276,3.858088146544707e-05,0.01074777884003934,0.14451115168986844
0.8040000000000006,0.0040000000000000036,0.0,0.013715511973274934,0.0036545116587391414,3.890555618446969e-05,0.010860254129780677,0.14427733277349788
0.8080000000000006,0.0040000000000000036,0.0,0.013887094628057556,0.0036982655541812864,3.923199319156251e-05,0.010974002460946456,0.1440438657874094
0.8120000000000006,0.0040000000000000036,0.0,0.014060580739179233,0.0037424775521455386,3.956019630161575e-05,0.0110890382123405,0.14381075046750208
0.8160000000000006,0.0040000000000000036,0.0,0.014235992048137868,0.0037871528254599988,3.989016929316428e-05,0.011205375928362956,0.1435779865451671
0.8200000000000006,0.0040000000000000036,0.0,0.014413352347329048,0.00383229713049315,4.0221922917489435e-05,0.011323293548970862,0.1435779865451671
0.8240000000000006,0.0040000000000000036,0.0,0.014592689061555184,0.003877917194725332,4.0555478200993256e-05,0.011442754848641342,0.14334557374546245
0.8280000000000006,0.0040000000000000036,0.0,0.014774024312571174,0.003924018130225592,4.08908327355251e-05,0.011563505606484932,0.1430926354847011
0.8320000000000006,0.0040000000000000036,0.0,0.014957380529783,0.003970605149946348,4.122798573495258e-05,0.011685572216728524,0.14284478034828543
0.8360000000000006,0.0040000000000000036,0.0,0.01514278047734096,0.004017683575981857,4.1566937921979837e-05,0.01180898188260787,0.14260284034745394
0.8400000000000006,0.0040000000000000036,0.0,0.015330247248822017,0.0040652588341132225,4.1907691184003624e-05,0.011933760291373701,0.14236514142829165
0.8440000000000006,0.0040000000000000036,0.0,0.015519804259171294,0.0041133364469305754,4.225024834460368e-05,0.012059931401073785,0.1421303089537683
0.8480000000000006,0.0040000000000000036,0.0,0.015711475236586763,0.004161922027217018,4.259461299589705e-05,0.012187517561521331,0.14189742762267182
0.8520000000000006,0.0040000000000000036,0.0,0.015905284215467705,0.004211021272220382,4.294078937072782e-05,0.012316539759300237,0.14166591134465212
0.8560000000000006,0.0040000000000000036,0.0,0.016101255531046004,0.004260639959025411,4.328878224403268e-05,0.012447017896858746,0.1414353878310018
0.8600000000000007,0.0040000000000000036,0.0,0.01629941381560175,0.0043107839410084225,4.363859685727601e-05,0.012578971057669901,0.14120562087525007
0.8640000000000007,0.0040000000000000036,0.0,0.016499783996248952,0.004361459145249992,4.3990238861763916e-05,0.012712417736696027,0.14097646052531737
0.8680000000000007,0.0040000000000000036,0.0,0.01670239129398705,0.004412671570747448,4.4343714277746994e-05,0.01284737603077943,0.14074781146847645
0.8720000000000007,0.0040000000000000036,0.0,0.01690725915429719,0.004464426696551921,4.4699022203446404e-05,0.012983567756724193,0.14029182641524757
0.8760000000000007,0.0040000000000000036,0.0,0.017114407435103215,0.004516729044302163,4.505615137559068e-05,0.013121068025317326,0.14008487070922374
0.8800000000000007,0.0040000000000000036,0.0,0.017323862674329213,0.004569585089915943,4.541511531360569e-05,0.013260196049383124,0.13987180410867442
0.8840000000000007,0.0040000000000000036,0.0,0.01753565161570986,0.004623001319647383,4.5775926073769686e-05,0.01340095489920731,0.13965465260105983
0.8880000000000007,0.0040000000000000036,0.0,0.017749801219683555,0.004676984236943905,4.6138594655693825e-05,0.01354334960016942,0.13943480529065852
0.8920000000000007,0.0040000000000000036,0.0,0.017966338678889974,0.00473154037155198,4.650313132102528e-05,0.013687387522414433,0.1392132147644675
0.8960000000000007,0.0040000000000000036,0.0,0.018185291434607107,0.00478667628880943,4.686954584843965e-05,0.013833078343503412,0.13899053436535305
0.9000000000000007,0.0040000000000000036,0.0,0.018406687192371905,0.004842398598172988,4.723784773940976e-05,0.013980433821917704,0.13876721224974942
0.9040000000000007,0.0040000000000000036,0.0,0.018630579251123255,0.004898730178937723,4.760802141473743e-05,0.014136725943942937,0.13854358844361633
0.9080000000000007,0.0040000000000000036,0.0,0.018857098967082212,0.004955743605419213,4.798009584233734e-05,0.014311669429510787,0.138320298143816
0.9120000000000007,0.0040000000000000036,0.0,0.019086348165194948,0.005013491960645706,4.835410326497733e-05,0.014498131169202273,0.13809724084969133
0.9160000000000007,0.0040000000000000036,0.0,0.019318394250817345,0.005072005833657884,4.8730056814693056e-05,0.014691288664399244,0.13787425930977343
0.9200000000000007,0.0040000000000000036,0.0,0.019553286156287136,0.005131303656600573,4.9107961434482316e-05,0.014888557026697098,0.1376513328279983
0.9240000000000007,0.0040000000000000036,0.0,0.01979107188916881,0.005191402213058708,4.9487827012244266e-05,0.015090947204285755,0.1376513328279983
0.9280000000000007,0.0040000000000000036,0.0,0.020031808485867348,0.0052523222173284315,4.9869674691904e-05,0.015296995723153302,0.13742849782234456
0.9320000000000007,0.0040000000000000036,0.0,0.020275523138716556,0.005314067425858353,5.025350328293955e-05,0.015503892354647586,0.13718592040372163
0.9360000000000007,0.0040000000000000036,0.0,0.0205222424645231,0.005376641055420192,5.063931569871006e-05,0.015711715026989852,0.13694800126532303
0.9400000000000007,0.0040000000000000036,0.0,0.02077199602279257,0.005440048043840409,5.10271192435726e-05,0.01592090216570882,0.13671558781874024
0.9440000000000007,0.0040000000000000036,0.0,0.02102481625589582,0.005504295010535695,5.1416924719546735e-05,0.016131849631926494,0.13648714939957304
0.9480000000000007,0.0040000000000000036,0.0,0.02128073791112984,0.005569389885516311,5.180874555652835e-05,0.016344863137756162,0.13626142098400842
0.9520000000000007,0.0040000000000000036,0.0,0.021539797549030133,0.005635341595877908,5.220259710260647e-05,0.016560176668217113,0.13603755523285213
0.9560000000000007,0.0040000000000000036,0.0,0.021802033194582952,0.005702159845014385,5.259849605429542e-05,0.016777973971748197,0.13581500493559728
0.9600000000000007,0.0040000000000000036,0.0,0.022067484092499923,0.005769854958727844,5.299645999444945e-05,0.016998403455341253,0.13559341863016927
0.9640000000000007,0.0040000000000000036,0.0,0.022336180533909497,0.005838432244976282,5.339649894697354e-05,0.017218820838377006,0.13515231352660312
0.9680000000000007,0.0040000000000000036,0.0,0.022608139306589777,0.005907890003949817,5.379861188940236e-05,0.017440733365233933,0.13495218291547464
0.9720000000000008,0.0040000000000000036,0.0,0.022883412462638857,0.005978246393261442,5.4202825097533286e-05,0.01766702615038621,0.1347463048949315
0.9760000000000008,0.0040000000000000036,0.0,0.02316204874791653,0.00604951726637649,5.4609161996847054e-05,0.01789719935256959,0.13453656421691707
0.9800000000000008,0.0040000000000000036,0.0,0.023444095122878733,0.006121717162573784,5.50176439909626e-05,0.018130969453875614,0.13432425990237842
0.9840000000000008,0.0040000000000000036,0.0,0.023729597660289353,0.0061948598893253855,5.542829095262031e-05,0.01836818020840238,0.1341102867773572
0.9880000000000008,0.0040000000000000036,0.0,0.024018602075900043,0.006268958864776785,5.5841121547173655e-05,0.018608750216492952,0.13389526098777024
0.9920000000000008,0.0040000000000000036,0.0,0.024311154042916085,0.00634402731896151,5.6256153470732404e-05,0.018852642052176325,0.13367960665553927
0.9960000000000008,0.0040000000000000036,0.0,0.024607299379100205,0.0064200784118616,5.6673403641570625e-05,0.019099844094623623,0.13346361564082665
1.0000000000000007,0.0039999999999998925,0.0,0.024907084159004327,0.006497125302605603,5.709288836236341e-05,0.019350359859500718,0.13324748872339842
1.0040000000000007,0.0040000000000000036,0.0,0.025210554782390412,0.006575181190068475,5.751462346112603e-05,0.01960420176391342,0.1330313639637933
1.0080000000000007,0.0040000000000000036,0.0,0.025517729315970843,0.0066542427919331,5.793852922223229e-05,0.019853107952063843,0.13547275005698492
1.0120000000000007,0.0040000000000000036,0.0,0.025828574412152368,0.006734282644678071,5.836430065800181e-05,0.020099706884445054,0.1376652384583564
1.0160000000000007,0.0040000000000000036,0.0,0.026143137311156212,0.006815326576990573,5.879182801983216e-05,0.020355025760865567,0.1376652384583564
1.0200000000000007,0.0040000000000000036,0.0,0.02646149969486835,0.006897411557163002,5.922120023749255e-05,0.020615775261610448,0.13968243357933327
1.0240000000000007,0.0040000000000000036,0.0,0.026783651924452336,0.006980530010919228,5.965221694771608e-05,0.02087429287403668,0.1417615024649431
1.0280000000000007,0.0040000000000000036,0.0,0.027109580556888443,0.007064671304142297,6.0084725077230085e-05,0.021130252574349914,0.1437008428587894
1.0320000000000007,0.0040000000000000036,0.0,0.027439275989752834,0.0071498267449748906,6.051861918039694e-05,0.021384248899703813,0.14552176579236067
1.0360000000000007,0.0040000000000000036,0.0,0.02777273390854485,0.007235990634131074,6.0953827406576004e-05,0.021637032623503874,0.14725925054903916
1.0400000000000007,0.0040000000000000036,0.0,0.028109921831089624,0.00732314350314763,6.138982569492962e-05,0.021881191564220054,0.15057664767286613
1.0440000000000007,0.0040000000000000036,0.0,0.02845078361405618,0.00741125242918118,6.182634499466177e-05,0.022125193328980084,0.15057664767286613
1.0480000000000007,0.0040000000000000036,0.0,0.02880112330560759,0.007503906191234355,6.226346716553125e-05,0.02414701360126181,0.20017827173415353
1.0520000000000007,0.0040000000000000036,0.0,0.029178107368868427,0.007611910177638786,6.270147090521109e-05,0.027858773042831866,0.20405898254272414
1.0560000000000007,0.0040000000000000036,0.0,0.029572569288304873,0.0077294418277717115,6.314114879991333e-05,0.029742134773199095,0.2083232738528456
1.0600000000000007,0.0040000000000000036,0.0,0.029973725234002258,0.007849663932214606,6.358237778117261e-05,0.030036057724568306,0.210783522814201
1.0640000000000007,0.0040000000000000036,0.0,0.0303746705649508,0.00796822123118598,6.402503560025198e-05,0.029525711589361764,0.2108996500515244
1.0680000000000007,0.0040000000000000036,0.0,0.03077370197319312,0.008084022611092435,6.446924763866176e-05,0.028798853236051903,0.21091671539043852
1.0720000000000007,0.0040000000000000036,0.0,0.03117029498844157,0.008196718844707579,6.491506594479769e-05,0.028019427299828193,0.21102646533906397
1.0760000000000007,0.0040000000000000036,0.0,0.03156463790130915,0.008306408598046978,6.536250266448769e-05,0.02728496755848962,0.21135652137019278
1.0800000000000007,0.0040000000000000036,0.0,0.03195731985468288,0.008413442665364207,6.58115524257528e-05,0.026649006744369624,0.2119875246178799
1.0840000000000007,0.0040000000000000036,0.0,0.03235467593472352,0.008521790532306037,6.626000574086558e-05,0.027885253462843037,0.337551049576426
1.0880000000000007,0.0040000000000000036,0.0,0.03277352579515062,0.008642161468459012,6.670611332117358e-05,0.030707664818767445,0.3391236862679108
1.0920000000000007,0.0040000000000000036,0.0,0.03320507502660968,0.008769007437990807,6.715267742858856e-05,0.0319722774485478,0.33837556928958923
1.0960000000000008,0.0040000000000000036,0.0,0.03364214234684855,0.008897721888199966,6.760004904826713e-05,0.03223134119772958,0.3370823988853912
1.1000000000000008,0.0040000000000000036,0.0,0.03408065052959593,0.009025681377096386,6.804855388407128e-05,0.03193173041970196,0.33563777659420135
1.1040000000000008,0.0040000000000000036,0.0,0.03451857063253111,0.00915156789444753,6.849842562276546e-05,0.0313656022827763,0.33431354730988166
1.1080000000000008,0.0040000000000000036,0.0,0.03495518357345975,0.009274897327219736,6.89498048715712e-05,0.030717854366031288,0.33329068127079026
1.1120000000000008,0.0040000000000000036,0.0,0.03539057173082747,0.009395696289364484,6.940275967488062e-05,0.03010016911768174,0.33268291488246815
1.1160000000000008,0.0040000000000000036,0.0,0.035825275038287314,0.009514284361354462,6.985730842184699e-05,0.029575127297877455,0.33255470382391256
1.1200000000000008,0.0040000000000000036,0.0,0.03626006320941325,0.009631130298874727,7.031343811954775e-05,0.029173077536719976,0.3329347865469692
1.1240000000000008,0.0040000000000000036,0.0,0.03670018896210221,0.009749528232904177,7.076816555803157e-05,0.030289327870782812,0.4584115236241493
1.1280000000000008,0.0040000000000000036,0.0,0.03716009050103611,0.009878679757749106,7.121989856484234e-05,0.03293670443534514,0.46080988233505965
1.1320000000000008,0.0040000000000000036,0.0,0.03763375919805841,0.010014879521439646,7.167277681433667e-05,0.03437826540094808,0.4598630478690419
1.1360000000000008,0.0040000000000000036,0.0,0.03811464242431773,0.010153922689522898,7.212670765748736e-05,0.03489840745545098,0.4585873085014157
1.1400000000000008,0.0040000000000000036,0.0,0.03859894733450428,0.01029337020263911,7.258170944409166e-05,0.03489534772638581,0.45730337814278565
1.1440000000000008,0.0040000000000000036,0.0,0.039084707445081766,0.010431949021676356,7.303780672969705e-05,0.03463037115464376,0.4562288788067655
1.1480000000000008,0.0040000000000000036,0.0,0.03957112987882629,0.010569134734856484,7.349500034737084e-05,0.03426978268680339,0.4555047324485978
1.1520000000000008,0.0040000000000000036,0.0,0.04005814547147247,0.01070486508338669,7.395326656503978e-05,0.03391494047205499,0.4552153538706034
1.1560000000000008,0.0040000000000000036,0.0,0.0405461037831056,0.010839346423476597,7.4412564542707e-05,0.033623518404494346,0.4554039947385941
1.1600000000000008,0.0040000000000000036,0.0,0.04103557043726529,0.010972925442381213,7.487284370209442e-05,0.03342439494114323,0.4560843482738865
1.1640000000000008,0.0040000000000000036,0.0,0.041530714309144554,0.011108211961756936,7.533048314100753e-05,0.03443136437677625,0.5818344210699762
1.1680000000000008,0.0040000000000000036,0.0,0.04204415836026331,0.011253253892878803,7.578396157003164e-05,0.03694421523364807,0.5850057921789156
1.1720000000000008,0.0040000000000000036,0.0,0.04257190910073541,0.01140568122073867,7.623864042175127e-05,0.03848576761493952,0.5840524417154962
1.1760000000000008,0.0040000000000000036,0.0,0.0431076878745941,0.011561460082018079,7.669408803508838e-05,0.03913963900716396,0.582823727933086
1.1800000000000008,0.0040000000000000036,0.0,0.04364779234040605,0.011718205430320594,7.715011796088321e-05,0.03927819354187627,0.5816071701896112
1.1840000000000008,0.0040000000000000036,0.0,0.04419023442688544,0.011874627068715525,7.760664300614386e-05,0.03914727669537176,0.580598195068015
1.1880000000000008,0.0040000000000000036,0.0,0.04473413685482283,0.012030143673906629,7.806361447510266e-05,0.03890484070425736,0.5799236623883732
1.1920000000000008,0.0040000000000000036,0.0,0.04527931615442034,0.01218461718853663,7.852099904008173e-05,0.03864855350368202,0.5796598397013327
1.1960000000000008,0.0040000000000000036,0.0,0.04582599880953317,0.012338172614717324,7.897877062536035e-05,0.03843534163297578,0.579846057227588
1.2000000000000008,0.0040000000000000036,0.0,0.04637463147496171,0.012491077816579946,7.943690727550821e-05,0.038295090156348036,0.5804950422243229
1.2040000000000008,0.0040000000000000036,0.0,0.04692870930290513,0.012645511494640011,7.989123977767667e-05,0.039162943058472746,0.7061858447340648
1.2080000000000009,0.0040000000000000036,0.0,0.04749965687814198,0.012808751634702657,8.034037803386999e-05,0.04151103072393266,0.7095967088373809
1.2120000000000009,0.0040000000000000036,0.0,0.04808559245194273,0.012979786820216478,8.079091254218116e-05,0.04328584956645259,0.7095967088373809
1.2160000000000009,0.0040000000000000036,0.0,0.04868206171045661,0.01315570282728543,8.12422528703858e-05,0.04426519593571277,0.7083952614505387
1.2200000000000009,0.0040000000000000036,0.0,0.04928408021544222,0.013333292170548194,8.16939825116028e-05,0.04453344799816419,0.7069097896796732
1.2240000000000009,0.0040000000000000036,0.0,0.04988869955741156,0.013510651632864712,8.214593833765937e-05,0.044401768998879085,0.7053431596795171
1.2280000000000009,0.0040000000000000036,0.0,0.05049457031156501,0.013686896952800006,8.259808014446807e-05,0.044097855060347746,0.7039397329561873
1.2320000000000009,0.0040000000000000036,0.0,0.05110134688616467,0.01386178271538533,8.305040597142783e-05,0.04376142192577696,0.7028670566995807
1.2360000000000009,0.0040000000000000036,0.0,0.051709258185808064,0.014035429658815721,8.350291858458882e-05,0.043470898320270734,0.7022247886623283
1.2400000000000009,0.0040000000000000036,0.0,0.05231882839548484,0.014208148065438528,8.395561823801388e-05,0.04326543213835519,0.7020636774983253
1.2440000000000009,0.0040000000000000036,0.0,0.05293070303517238,0.014380328085810041,8.440850341772162e-05,0.04315998572886234,0.7024007672469512
1.2480000000000009,0.0040000000000000036,0.0,0.053548040124843446,0.014553926828810954,8.485681328242539e-05,0.04392971166486742,0.8278155386910633
1.252000000000001,0.0040000000000000036,0.0,0.05418205314346081,0.014736042536756085,8.529767785572314e-05,0.04633909637313207,0.829117245112123
1.256000000000001,0.0040000000000000036,0.0,0.05483294673594444,0.014926965089223027,8.57395944007847e-05,0.048197358597348604,0.8329387091941783
1.260000000000001,0.0040000000000000036,0.0,0.055492415126110625,0.015121448909924472,8.618366074756014e-05,0.048869511932236265,0.8321054765713055
1.264000000000001,0.0040000000000000036,0.0,0.056156156494154036,0.015316728062886194,8.662891912088427e-05,0.04896891958827434,0.830466405697493
1.268000000000001,0.0040000000000000036,0.0,0.05682227066798623,0.015511559475069409,8.707472771042268e-05,0.04881687624522475,0.8289111348663031
1.272000000000001,0.0040000000000000036,0.0,0.05749007349898459,0.015705473805494276,8.752075933464897e-05,0.04858058835038943,0.827661037401471
1.276000000000001,0.0040000000000000036,0.0,0.0581595507446442,0.015898428833410628,8.796685878200892e-05,0.048352306875811206,0.8268249077116573
1.280000000000001,0.0040000000000000036,0.0,0.058831049024701744,0.01609061388789656,8.841296099746863e-05,0.04818107563925364,0.8264589238518287
1.284000000000001,0.0040000000000000036,0.0,0.059505087384174336,0.016282330962133447,8.885904912164959e-05,0.04808963111309428,0.8265854793828632
1.288000000000001,0.0040000000000000036,0.0,0.0601844629542687,0.016475303162263706,8.929986860635699e-05,0.04877153356016447,0.9517893769501277
1.292000000000001,0.0040000000000000036,0.0,0.06087979800096015,0.01667625038245271,8.973222389042802e-05,0.051062683155942604,0.952884897126116
1.296000000000001,0.0040000000000000036,0.0,0.06159053487903481,0.016884979271910544,9.016586504966124e-05,0.052529079532879525,0.955586034786199
1.300000000000001,0.0040000000000000036,0.0,0.06230754897089258,0.017095764003014,9.060224908123212e-05,0.0530416886647827,0.955586034786199
1.304000000000001,0.0040000000000000036,0.0,0.06302963154800445,0.017307766061206643,9.10400990423265e-05,0.053161186594756986,0.9522213636443191
1.308000000000001,0.0040000000000000036,0.0,0.06375412982439424,0.017519268164854683,9.14784925074984e-05,0.05310783649657353,0.9522213636443191
1.312000000000001,0.0040000000000000036,0.0,0.06448162543152086,0.01773058108828082,9.191708788087132e-05,0.05296099281215125,0.9502440346360616
1.316000000000001,0.0040000000000000036,0.0,0.06521107350074308,0.01794101531728349,9.235559623162084e-05,0.05284034407027885,0.9502440346360616
1.320000000000001,0.0040000000000000036,0.0,0.06594369989217641,0.018151299142581123,9.279400045741889e-05,0.05273538083001465,0.9501537949027538
1.324000000000001,0.0040000000000000036,0.0,0.06667901383955412,0.018361104390420158,9.323221128785377e-05,0.05272226349897759,0.9501537949027538
1.328000000000001,0.0040000000000000036,0.0,0.06742062571221309,0.01857264599445241,9.366439879238266e-05,0.053438413127961416,1.0754179086752902
1.332000000000001,0.0040000000000000036,0.0,0.06817807672174149,0.018791956600337896,9.408692168514068e-05,0.05570451458458794,1.076600455329989
1.336000000000001,0.0040000000000000036,0.0,0.06895202061810249,0.01901959857764647,9.451133268537521e-05,0.05746793310950872,1.0805642972476373
1.340000000000001,0.0040000000000000036,0.0,0.06973471614084933,0.019250696432703124,9.493921093901312e-05,0.058127688236770385,1.0794677024351245
1.344000000000001,0.0040000000000000036,0.0,0.07052149548688763,0.019482249029458706,9.536894193350901e-05,0.05805891596077989,1.0757213997769863
1.348000000000001,0.0040000000000000036,0.0,0.07130989186321281,0.01971265928445276,9.579935194686267e-05,0.0578720180450312,1.0757213997769863
1.352000000000001,0.0040000000000000036,0.0,0.07210154538004306,0.019942897660535024,9.622998915086972e-05,0.05782707427707189,1.0743789560284673
1.356000000000001,0.0040000000000000036,0.0,0.07289588244329821,0.020172559222823096,9.666050724797702e-05,0.05760364330048435,1.0732666665595652
1.360000000000001,0.0040000000000000036,0.0,0.07369231011612438,0.02040124500983683,9.709071865571845e-05,0.05748252899058358,1.0732666665595652
1.364000000000001,0.0040000000000000036,0.0,0.07449297916325157,0.020630260287276634,9.752067977727108e-05,0.05758590896259979,1.073485058436703
1.368000000000001,0.0040000000000000036,0.0,0.07529988413687522,0.020860808990325837,9.794392027935979e-05,0.058227873516528354,1.1988588225022945
1.372000000000001,0.0040000000000000036,0.0,0.07612234079965263,0.02109878224748239,9.835634181021856e-05,0.06044254389746303,1.2001114409112985
1.376000000000001,0.0040000000000000036,0.0,0.07696157928761978,0.02134514881406976,9.877083914458213e-05,0.06223237936363041,1.2041320084906462
1.380000000000001,0.0040000000000000036,0.0,0.07780926069630546,0.021594621882012454,9.918958473893396e-05,0.06268146044375783,1.2014145546555612
1.384000000000001,0.0040000000000000036,0.0,0.07866034742177978,0.021843951774419532,9.961041845545798e-05,0.06272787873343645,1.2014145546555612
1.388000000000001,0.0040000000000000036,0.0,0.07951597086959561,0.022093783363720997,0.00010003218374989154,0.06282619530947031,1.199912850491017
1.392000000000001,0.0040000000000000036,0.0,0.08037490361682638,0.022343297539115473,0.00010045407273885793,0.06264066220811705,1.1983240999543878
1.396000000000001,0.0040000000000000036,0.0,0.08123558331297401,0.02259148893748831,0.00010087563467388178,0.062359597549309406,1.1982822843513383
1.400000000000001,0.0040000000000000036,0.0,0.08209954553611373,0.022839285521948898,0.00010129677130963804,0.06238327566311224,1.1982822843513383
1.404000000000001,0.0040000000000000036,0.0,0.08296882201874022,0.023087911692844024,0.00010171751576933396,0.06260268441595694,1.198849277344959
1.408000000000001,0.0040000000000000036,0.0,0.08384483633682636,0.023338210876178243,0.00010213128259533395,0.0632199374171031,1.3260952556982097
1.412000000000001,0.0040000000000000036,0.0,0.08473558154265183,0.02359521704768187,0.00010253430802425841,0.06524324372264444,1.3260952556982097
1.416000000000001,0.0040000000000000036,0.0,0.08564358739784567,0.023860749166608703,0.00010293790599070112,0.0671975449668848,1.3301176196712126
1.420000000000001,0.0040000000000000036,0.0,0.08656261413697543,0.02413088644242741,0.00010334628733802727,0.06810802915779869,1.3300323779634586
1.424000000000001,0.0040000000000000036,0.0,0.08748787303264043,0.024402479828627758,0.00010375752561098128,0.06836896148614369,1.3286344332818008
1.428000000000001,0.0040000000000000036,0.0,0.08841729846451654,0.02467414136783305,0.00010416997474815579,0.06834988562676043,1.3273775280673379
1.432000000000001,0.0040000000000000036,0.0,0.08935014780425854,0.02494534998204454,0.00010458263712689392,0.06823524307549897,1.3265048969505804
1.436000000000001,0.0040000000000000036,0.0,0.09028636314255604,0.02521603092766424,0.00010499497831486527,0.0681203262017434,1.3261139559852557
1.440000000000001,0.0040000000000000036,0.0,0.09122624095781885,0.02548633907173104,0.00010540675792548511,0.06805357027394486,1.3262497247544653
1.444000000000001,0.0040000000000000036,0.0,0.0921702460509782,0.025756538541412702,0.0001058179100844299,0.06805720164849996,1.3269268846957547
1.448000000000001,0.0040000000000000036,0.0,0.09312038046425057,0.02602781923148662,0.0001062208016614592,0.06856507850124925,1.4527258144102901
1.452000000000001,0.0040000000000000036,0.0,0.09408618249370156,0.026306180905037866,0.00010661159636749692,0.07078270378250158,1.4544588008606647
1.456000000000001,0.0040000000000000036,0.0,0.09507010443644504,0.02659347326511622,0.00010700324698623462,0.07271705450254237,1.4587720804067938
1.460000000000001,0.0040000000000000036,0.0,0.09606458832617214,0.026884865052550208,0.00010740057914355018,0.07352477181770634,1.4585185329532917
1.464000000000001,0.0040000000000000036,0.0,0.09706526383194604,0.027177466489460813,0.00010780134358066913,0.07373878776076719,1.4574299206441195
1.468000000000001,0.0040000000000000036,0.0,0.09807029825725398,0.027470038646596192,0.00010820361925803373,0.0737052369587325,1.4565485062150176
1.472000000000001,0.0040000000000000036,0.0,0.09907908839986776,0.027762148762300154,0.00010860624809870691,0.07359572557163963,1.4560827248367794
1.476000000000001,0.0040000000000000036,0.0,0.10009166611754586,0.028053777824510302,0.00010900861240409674,0.07349842241346395,1.4561211212376126
1.480000000000001,0.0040000000000000036,0.0,0.10110838676305738,0.02834511636822506,0.00010941043272622106,0.07345730271909721,1.456703519458573
1.484000000000001,0.0040000000000000036,0.0,0.10212975349864105,0.02863645102642866,0.00010981162752817636,0.07349163930701076,1.4578408656355715
1.488000000000001,0.0040000000000000036,0.0,0.10315760058790685,0.02892883974985152,0.00011020441207847198,0.07395957042149026,1.5863232394551514
1.492000000000001,0.0040000000000000036,0.0,0.10420120791384278,0.029228211308954123,0.00011058659206868003,0.07616304016110655,1.5907348764165896
1.496000000000001,0.0040000000000000036,0.0,0.10526191785120365,0.02953576282870386,0.0001109738247986877,0.07792817193928839,1.5909413948462001
1.500000000000001,0.0040000000000000036,0.0,0.1063337162393404,0.02984751605082888,0.00011136384387760158,0.07881853655091317,1.5910459940969957
1.5040000000000011,0.0040000000000000036,0.0,0.10741308438489845,0.03016114126065724,0.0001117551840787875,0.07920398108930794,1.591290361490447
1.5080000000000011,0.0040000000000000036,0.0,0.10849812062792412,0.030475368661683846,0.00011214693632015369,0.07932155860020362,1.591833307959301
1.5120000000000011,0.0040000000000000036,0.0,0.10958795273272952,0.030789598722776517,0.00011253856831129743,0.07932044766201006,1.592774821430553
1.5160000000000011,0.0040000000000000036,0.0,0.11068234646197816,0.031103645225446,0.00011292979610531335,0.07929192071283789,1.594173021832982
1.5200000000000011,0.0040000000000000036,0.0,0.111781446471377,0.03141756678800657,0.00011332049364869201,0.07928933194082913,1.5960562364824893
1.5240000000000011,0.0040000000000000036,0.0,0.11288689889354649,0.031732280192743156,0.00011370183751528611,0.07967941676199185,1.7230168182283343
1.5280000000000011,0.0040000000000000036,0.0,0.11400864301834948,0.0320541030323621,0.00011407139249954533,0.08196634323012841,1.7276784227422763
1.5320000000000011,0.0040000000000000036,0.0,0.11514818485836825,0.03238435527110425,0.00011444721831141269,0.08377924254743253,1.727827015630613
1.5360000000000011,0.0040000000000000036,0.0,0.11629911279118343,0.03271879282216062,0.00011482653151665126,0.08465925959323278,1.7278626529731906
1.5400000000000011,0.0040000000000000036,0.0,0.11745769987776312,0.03305494378708332,0.00011520753131075925,0.08500417863566449,1.7280487932048425
1.5440000000000011,0.0040000000000000036,0.0,0.11862195767578544,0.03339147502201234,0.00011558910029818033,0.08506881039421703,1.72855930510457
1.5480000000000012,0.0040000000000000036,0.0,0.11979100308228047,0.03372777270750395,0.00011597058540560136,0.08501332420207193,1.7295043255876545
1.5520000000000012,0.0040000000000000036,0.0,0.12096463649118792,0.034063665730217116,0.00011635164073443618,0.08493551395737747,1.7309485016779604
1.5560000000000012,0.0040000000000000036,0.0,0.12214306255635982,0.034399244325550485,0.00011673211663938495,0.08489232886882643,1.7329239964846777
1.5600000000000012,0.0040000000000000036,0.0,0.12332670712242697,0.03473474221483333,0.00011711198256246543,0.08491422907181799,1.7354398660879122
1.5640000000000012,0.0040000000000000036,0.0,0.12451676553675123,0.03507087321097517,0.00011749124422020831,0.08522145074203714,1.7354398660879122
1.5680000000000012,0.0040000000000000036,0.0,0.12571627988775003,0.03540936085402697,0.00011786050540768799,0.08591189760864695,1.8630740205404428
1.5720000000000012,0.0040000000000000036,0.0,0.12693521439491193,0.03575649144688088,0.00011821343422177814,0.08869770339819634,1.866593813429298
1.5760000000000012,0.0040000000000000036,0.0,0.12817511171054344,0.03611359594911498,0.00011856779505001026,0.09062070498042196,1.8735148930638363
1.5800000000000012,0.0040000000000000036,0.0,0.1294242111405208,0.036473172343833314,0.00011893207566593221,0.09114664055156275,1.8743213930807694
1.5840000000000012,0.0040000000000000036,0.0,0.130680142536741,0.036833630257135985,0.00011930169430378806,0.09133364440950456,1.875431321889542
1.5880000000000012,0.0040000000000000036,0.0,0.1319417842400377,0.037194194037337355,0.00011967381595365018,0.0913633992581792,1.8769622958548184
1.5920000000000012,0.0040000000000000036,0.0,0.13320952441672293,0.03755504597393426,0.00012004674978570544,0.09157619074298774,1.8769622958548184
1.5960000000000012,0.0040000000000000036,0.0,0.1344843309793779,0.037916721293658966,0.00012041957195702528,0.09165275565107471,1.8814750306719437
1.6000000000000012,0.0040000000000000036,0.0,0.1357638543478058,0.03827771725227033,0.00012079184346530657,0.09154939709519828,1.8844454706847042
1.6040000000000012,0.0040000000000000036,0.0,0.13705110147363125,0.03863978259974083,0.00012115677025838472,0.09215723034999879,2.012584026518728
1.6080000000000012,0.0040000000000000036,0.0,0.1383584279133028,0.039010773900974016,0.00012150868402938515,0.09484774384319071,2.017742053538626
1.6120000000000012,0.0040000000000000036,0.0,0.13968565765749819,0.039390873648729535,0.00012186642639320728,0.09681896818483217,2.019485608291693
1.6160000000000012,0.0040000000000000036,0.0,0.14102581575700393,0.039775492898163844,0.0001222274365453227,0.09778102505822425,2.0210433364016738
1.6200000000000012,0.0040000000000000036,0.0,0.1423748386485213,0.0401619565395437,0.0001225900706868884,0.09816423156909135,2.022709743282394
1.6240000000000012,0.0040000000000000036,0.0,0.14373056058079076,0.040548826443381474,0.00012295330930668495,0.09824572338377462,2.024680848509049
1.6280000000000012,0.0040000000000000036,0.0,0.14509202776810867,0.04093544852995266,0.00012331655308892277,0.09820021086955043,2.0270821054315467
1.6320000000000012,0.0040000000000000036,0.0,0.146459037373434,0.041321651553744565,0.00012367948020636837,0.09813436669671316,2.0299883996001236
1.6360000000000012,0.0040000000000000036,0.0,0.14783183035921707,0.04170754844368605,0.0001240419466358123,0.0981100695309468,2.0334384711504447
1.6400000000000012,0.0040000000000000036,0.0,0.14921079904361945,0.04209334459501642,0.00012440396338563996,0.09812888948102237,2.037445390126627
1.6440000000000012,0.0040000000000000036,0.0,0.15059929484825174,0.04248103019841286,0.00012475823852948017,0.09907408886352578,2.1666122797173535
1.6480000000000012,0.0040000000000000036,0.0,0.1520104573927471,0.04287897345378569,0.00012509839850246058,0.10197450232969692,2.1723495522944485
1.6520000000000012,0.0040000000000000036,0.0,0.15344229591182112,0.04328611460246434,0.00012544601603346723,0.10397427696558705,2.175120998565666
1.6560000000000012,0.0040000000000000036,0.0,0.15488772528365322,0.043697811094226935,0.00012579792475785612,0.10495333176780536,2.17768279949017
1.6600000000000013,0.0040000000000000036,0.0,0.15634262204479527,0.04411136138777309,0.00012615207059703544,0.10534835868088838,2.1803383797075995
1.6640000000000013,0.0040000000000000036,0.0,0.15780479817979426,0.04452532111197233,0.00012650715845499393,0.1054411203655278,2.183290107177311
1.6680000000000013,0.0040000000000000036,0.0,0.15927330316821525,0.04493904324857056,0.0001268624065914613,0.10540930761113639,2.1866677554222336
1.6720000000000013,0.0040000000000000036,0.0,0.16074771093700396,0.045352204539401024,0.0001272174530208034,0.10527764825620309,2.190549029008909
1.6760000000000013,0.0040000000000000036,0.0,0.16222756930145305,0.04576443359822753,0.00012757223603708956,0.10507500905123128,2.1950506955084714
1.6800000000000013,0.0040000000000000036,0.0,0.16371289389406987,0.04617565359170224,0.00012792659019904062,0.10488407371595865,2.200246550067344
1.6840000000000013,0.0040000000000000036,0.0,0.16520891730519413,0.04658910458951852,0.00012827245411441845,0.10623325401300326,2.3307389350392476
1.6880000000000013,0.0040000000000000036,0.0,0.1667320458719606,0.04701534377473984,0.0001286028241004932,0.10958510550854793,2.3371428455422434
1.6920000000000013,0.0040000000000000036,0.0,0.16827744085928914,0.04745138309167749,0.00012894146458728687,0.11172649477294723,2.3410534493782156
1.6960000000000013,0.0040000000000000036,0.0,0.1698375565828513,0.047892296948096186,0.0001292848219706692,0.11278379512684161,2.3446843425546913
1.7000000000000013,0.0040000000000000036,0.0,0.17140797180033968,0.04833520212807902,0.00012963060781327786,0.11321708306567922,2.3483622576767593
1.7040000000000013,0.0040000000000000036,0.0,0.17298602152193274,0.04877834046900437,0.0001299775150048905,0.113221771120622,2.3523071353327483
1.7080000000000013,0.0040000000000000036,0.0,0.1745697204075728,0.049220351943024425,0.00013032491960193672,0.11293752217224205,2.3567618132962487
1.7120000000000013,0.0040000000000000036,0.0,0.17615827434357192,0.04966063585366752,0.0001306721629708594,0.11255857883693016,2.3618856498814162
1.7160000000000013,0.0040000000000000036,0.0,0.17775195468372262,0.05009928368279284,0.00013101892666215055,0.11223231461684771,2.367746191493348
1.7200000000000013,0.0040000000000000036,0.0,0.1793515781742864,0.05053674007429721,0.0001313571542285115,0.11203412159615335,2.374362150014495
1.7240000000000013,0.0040000000000000036,0.0,0.18096440278033257,0.05097760250890111,0.0001316855937459073,0.11397178857417894,2.506301771119303
1.7280000000000013,0.0040000000000000036,0.0,0.18260956843001744,0.051434260469526656,0.0001320052339883344,0.11787624513886699,2.5134374181927797
1.7320000000000013,0.0040000000000000036,0.0,0.18427891023126736,0.0519014941123323,0.0001323353324070068,0.12019606738828026,2.5185157437181833
1.7360000000000013,0.0040000000000000036,0.0,0.18596413629860098,0.052373906184208674,0.0001326714771609334,0.12130784378025605,2.523225051045875
1.7400000000000013,0.0040000000000000036,0.0,0.18765964549554318,0.052847826725401295,0.00013301113986169345,0.12153917994356785,2.5279616372709164
1.7440000000000013,0.0040000000000000036,0.0,0.18936149997520976,0.05332061741843058,0.00013335213166807233,0.12123800197136403,2.5331379651662234
1.7480000000000013,0.0040000000000000036,0.0,0.19106834257168914,0.05379131987729162,0.00013368295110998936,0.12077519209558382,2.5389534649495813
1.7520000000000013,0.0040000000000000036,0.0,0.19278078613044747,0.05426024859873715,0.00013400307259046386,0.12052028762327739,2.545501062347112
1.7560000000000013,0.0040000000000000036,0.0,0.19450035673578367,0.054728298386738324,0.00013432179664100259,0.12043968389686414,2.5526998741487743
1.7600000000000013,0.0040000000000000036,0.0,0.19622839947128434,0.05519624054823702,0.00013464211879830334,0.12054896284569229,2.5606809890700633
1.7640000000000013,0.0040000000000000036,0.0,0.19797236886219455,0.05566881865815943,0.0001349642811323785,0.12281952162796224,2.693991006208432
1.7680000000000013,0.0040000000000000036,0.0,0.19975220628539903,0.05615899973501823,0.00013528261740827828,0.12710343876514452,2.7022276005972876
1.7720000000000014,0.0040000000000000036,0.0,0.20155768409299188,0.05666019767686295,0.0001356115796738218,0.12948809722925753,2.7084836509042542
1.7760000000000014,0.0040000000000000036,0.0,0.20337878808963464,0.05716586665754579,0.00013594670826941015,0.1303384038425863,2.7143621950382264
1.7800000000000014,0.0040000000000000036,0.0,0.20520874274138237,0.0576715270373807,0.0001362842462549902,0.13025663466126686,2.720462482835722
1.7840000000000014,0.0040000000000000036,0.0,0.2070452555037797,0.05817561652700807,0.00013661205573535588,0.13001363503856153,2.727093807930126
1.7880000000000014,0.0040000000000000036,0.0,0.20888882507639686,0.05867836891326416,0.00013691653649688983,0.12985499189227231,2.7342534975034978
1.7920000000000014,0.0040000000000000036,0.0,0.2107407614202437,0.0591805287221479,0.00013722073547230154,0.12984118421537183,2.7420943352474567
1.7960000000000014,0.0040000000000000036,0.0,0.21260208094471214,0.05968264656666969,0.00013752891843576962,0.12997977598567326,2.7507777145844767
1.8000000000000014,0.0040000000000000036,0.0,0.21447394867325148,0.060185369801420786,0.00013784094106083578,0.1302801902370186,2.7602261445181995
1.8040000000000014,0.0040000000000000036,0.0,0.21636389188964586,0.060693517782562705,0.00013815446481374048,0.1327952026018203,2.894989547701488
1.8080000000000014,0.0040000000000000036,0.0,0.2182922902824078,0.061220406421282896,0.00013847107055680515,0.13731594852768317,2.9044475701965933
1.8120000000000014,0.0040000000000000036,0.0,0.22024642266979766,0.06175778066677449,0.00013880039286023803,0.13944957477026146,2.9119836567836135
1.8160000000000014,0.0040000000000000036,0.0,0.22221458567315788,0.062297944489904084,0.00013913539298549392,0.13994632346658192,2.919346234524383
1.8200000000000014,0.0040000000000000036,0.0,0.2241919008445377,0.06283765478282137,0.00013946256602798157,0.13998081507226995,2.9270227887827716
1.8240000000000014,0.0040000000000000036,0.0,0.22617831361584234,0.06337677739764505,0.00013976681913736977,0.14001422963427484,2.9349825360577864
1.8280000000000014,0.0040000000000000036,0.0,0.22817449973482204,0.06391564033442672,0.00014006888144847769,0.14009459894788245,2.9436074119028777
1.8320000000000014,0.0040000000000000036,0.0,0.23018107336838067,0.06445453005251879,0.00014037361855832645,0.14026861817399663,2.953089166013683
1.8360000000000014,0.0040000000000000036,0.0,0.23219899043691833,0.06499395209267585,0.00014068147215605186,0.14057360553420478,2.963367567915652
1.8400000000000014,0.0040000000000000036,0.0,0.23422927322196088,0.0655344550804183,0.00014099184952406205,0.14102038737921013,2.9744182047855
1.8440000000000014,0.0040000000000000036,0.0,0.23627957964049215,0.06608097771880174,0.00014130254520352414,0.1437455370979117,3.1107860938161784
1.8480000000000014,0.0040000000000000036,0.0,0.2383700618019613,0.06664673510495134,0.00014161576787170754,0.1482241190936828,3.121606191763852
1.8520000000000014,0.0040000000000000036,0.0,0.24048484122974795,0.06722132993692004,0.00014194260206505565,0.15000981737648375,3.130827239046529
1.8560000000000014,0.0040000000000000036,0.0,0.24261359263279383,0.06779797178562921,0.00014226648461740515,0.15048120883154045,3.139948774596268
1.8600000000000014,0.0040000000000000036,0.0,0.24475381446212172,0.06837493082176246,0.00014256978857376314,0.15084211572232692,3.1492142627216255
1.8640000000000014,0.0040000000000000036,0.0,0.24690615128815632,0.06895249916013363,0.00014287009382987824,0.15112992598429675,3.1587423291043475
1.8680000000000014,0.0040000000000000036,0.0,0.24907031673550922,0.06953038139851092,0.00014317226008764102,0.1513991630747106,3.169185014965084
1.8720000000000014,0.0040000000000000036,0.0,0.2512469095404836,0.07010884794225666,0.0001434770411956245,0.15174331060975416,3.1804304618474526
1.8760000000000014,0.0040000000000000036,0.0,0.25343674053093523,0.07068830450194043,0.00014378405242354656,0.15219860224545692,3.192482767018139
1.8800000000000014,0.0040000000000000036,0.0,0.2556407506343379,0.07126924012517478,0.0001440927301140462,0.15278216166667102,3.2053108430976978
1.8840000000000015,0.0040000000000000036,0.0,0.2578667646546973,0.07185674301734334,0.00014440095714660076,0.15571644325284825,3.3434651522918695
1.8880000000000015,0.0040000000000000036,0.0,0.2601332519333423,0.07246294875748045,0.00014472078340462867,0.15991380591098628,3.3559499296513153
1.8920000000000015,0.0040000000000000036,0.0,0.26242299768195654,0.07307654733140682,0.00014505023977695315,0.16140264052683684,3.3670956219711066
1.8960000000000015,0.0040000000000000036,0.0,0.2647278811116027,0.07369215827635674,0.000145373551607075,0.16220171440177888,3.3782045180194076
1.9000000000000015,0.0040000000000000036,0.0,0.26704815885245003,0.07430977819034312,0.00014567276229663,0.1628724988150687,3.388990256458273
1.9040000000000015,0.0040000000000000036,0.0,0.26938264534993867,0.07492852742807367,0.00014596753356305465,0.16336023350708795,3.4005521766921385
1.9080000000000015,0.0040000000000000036,0.0,0.2717311663976435,0.07554817701760051,0.000146264081597945,0.16381444977642046,3.412928514850543
1.9120000000000015,0.0040000000000000036,0.0,0.27409413341571937,0.07616887143562423,0.00014656376954768735,0.1643198707722996,3.4261248739404135
1.9160000000000015,0.0040000000000000036,0.0,0.2764722685074778,0.07679095207571343,0.0001468664000982163,0.1649212719877405,3.44012995943682
1.9200000000000015,0.0040000000000000036,0.0,0.2788664407810819,0.07741485348402342,0.00014717144186317718,0.1656395251082733,3.4549199926189518
1.9240000000000015,0.0040000000000000036,0.0,0.28128434854208145,0.07804559371178388,0.0001474776612308564,0.16867339103417306,3.5950479000158073
1.9280000000000015,0.0040000000000000036,0.0,0.2837424283966863,0.07869400285319862,0.0001477976636769189,0.17255515247866593,3.6095210063601986
1.9320000000000015,0.0040000000000000036,0.0,0.28622377567222457,0.07934896544317621,0.0001481188578283363,0.1739526885297691,3.622863465696916
1.9360000000000015,0.0040000000000000036,0.0,0.28872314799278803,0.08000689578603483,0.00014841966578302894,0.17517840188869147,3.635954793867971
1.9400000000000015,0.0040000000000000036,0.0,0.29124099750600446,0.08066788439746704,0.0001487160844983435,0.17611640461402098,3.648748025770359
1.9440000000000015,0.0040000000000000036,0.0,0.2937753179733207,0.08133053534519434,0.00014901379342489981,0.17680151925883042,3.6624584285844137
1.9480000000000015,0.0040000000000000036,0.0,0.29632584895433683,0.08199455859211337,0.00014931425883479813,0.17743056960960127,3.676958147451426
1.9520000000000015,0.0040000000000000036,0.0,0.298892864315613,0.08266000427879842,0.00014961741431617352,0.1780903990296723,3.6922852128749795
1.9560000000000015,0.0040000000000000036,0.0,0.3014770016688,0.08332715125068092,0.00014992275808892833,0.17883244893253347,3.708429265149116
1.9600000000000015,0.0040000000000000036,0.0,0.30407907154426456,0.08399638666393155,0.00015022977916187729,0.17968171794671173,3.7253708618375097
1.9640000000000015,0.0040000000000000036,0.0,0.30670652370554724,0.08467256403627324,0.0001505375009613875,0.18276573663839812,3.867665880013126
1.9680000000000015,0.0040000000000000036,0.0,0.30937371184840756,0.0853651999280727,0.00015085942502380707,0.186319578831262,3.884370258923097
1.9720000000000015,0.0040000000000000036,0.0,0.31206520106137076,0.08606410528983455,0.00015118271951821563,0.187942528187516,3.9001469716679695
1.9760000000000015,0.0040000000000000036,0.0,0.3147783562680776,0.08676728168569879,0.00015148520663443144,0.1894722523290321,3.915285345717216
1.9800000000000015,0.0040000000000000036,0.0,0.31751236661227605,0.08747400826863247,0.0001517825283749564,0.19062716018582856,3.9304514385794698
1.9840000000000015,0.0040000000000000036,0.0,0.3202652014884462,0.08818287370134917,0.00015208089614430573,0.19150361271534713,3.9464725878976115
1.9880000000000015,0.0040000000000000036,0.0,0.32303641037437886,0.08889346274435676,0.0001523823202224192,0.19229784416275594,3.963299827962688
1.9920000000000015,0.0040000000000000036,0.0,0.3258261683076141,0.08960575523194714,0.00015268708319933575,0.19310641799622455,3.980963939814452
1.9960000000000016,0.0040000000000000036,0.0,0.32863504330895105,0.09031997598105798,0.00015299486184582135,0.19398596692099038,3.999460583958523
2.0000000000000013,0.0039999999999997815,0.0,0.331463803789379,0.09103647377594297,0.00015330521209292472,0.1949655205607261,4.018773172222948
2.004000000000001,0.0039999999999995595,0.0,0.3343195625125444,0.09175988125450514,0.0001536214513884458,0.19806623253431083,4.163460225222317
2.0080000000000005,0.0039999999999995595,0.0,0.3372143242120072,0.09249826187092129,0.00015395526083210364,0.2012361687122701,4.182662075300307
2.012,0.0039999999999995595,0.0,0.34013448177088124,0.09324255668469118,0.0001542883162428319,0.20312381646698593,4.20112404665919
2.0159999999999996,0.0039999999999995595,0.0,0.3430803918182179,0.09399255099601099,0.00015459814339164276,0.20499759021158043,4.218548619041818
2.019999999999999,0.0039999999999995595,0.0,0.34604975449097597,0.09474660454789237,0.0001549003931371845,0.20637157960988783,4.218548619041818
2.0239999999999987,0.0039999999999995595,0.0,0.3490423243914156,0.09550435337027627,0.00015520155991791132,0.20788144802929165,4.255008460752975
2.0279999999999982,0.0039999999999995595,0.0,0.3520562872818011,0.09626449798616679,0.00015550864788752851,0.2087729651315009,4.27387751879395
2.031999999999998,0.0039999999999995595,0.0,0.3550897861882564,0.09702581507467001,0.0001558209364883675,0.2095803071444006,4.294129783503654
2.0359999999999974,0.0039999999999995595,0.0,0.35814394222799545,0.09778886493265285,0.0001561375565026349,0.21051833743950535,4.315207046921562
2.039999999999997,0.0039999999999995595,0.0,0.36121968160428264,0.09855408571038078,0.00015645904510266082,0.2115818342505738,4.337147418406398
2.0439999999999965,0.0039999999999995595,0.0,0.36431799253869707,0.0993219488461763,0.0001567905688019144,0.21277645091705563,4.359913986608754
2.047999999999996,0.0039999999999995595,0.0,0.3674448559602037,0.10009639071746607,0.00015713657322823172,0.21568442768656748,4.508056275599339
2.0519999999999956,0.0039999999999995595,0.0,0.37060940219815613,0.10088373844705904,0.0001574925840933807,0.21846249467092002,4.5309767341168214
2.055999999999995,0.0039999999999995595,0.0,0.3738022354905122,0.10167747108814879,0.00015783285567130993,0.22096891252963755,4.553082883031241
2.0599999999999947,0.0039999999999995595,0.0,0.37702658874204886,0.10247903567268098,0.00015816826737701203,0.22337517942759721,4.57375584675364
2.0639999999999943,0.0039999999999995595,0.0,0.3802778687305976,0.10328540871994116,0.00015850841964316765,0.225117053471901,4.595110536957211
2.067999999999994,0.0039999999999995595,0.0,0.38355396348200643,0.10409512342984135,0.00015885486018898796,0.22652703836202945,4.61717326282029
2.0719999999999934,0.0039999999999995595,0.0,0.38685396395771576,0.10490746917681455,0.00015920593631683395,0.22778775865757328,4.6400184930736135
2.075999999999993,0.0039999999999995595,0.0,0.39017773436943354,0.1057222134977774,0.0001595620657464499,0.2290132470814539,4.663677484885927
2.0799999999999925,0.0039999999999995595,0.0,0.3935255982354135,0.1065394040442151,0.00015992228886446534,0.2302710977271376,4.688160367694821
2.083999999999992,0.0039999999999995595,0.0,0.3968981395747571,0.10735924486302605,0.00016028714250627352,0.23159926313526905,4.7134705282354705
2.0879999999999916,0.0039999999999995595,0.0,0.4003000062015841,0.10818484818038232,0.0001606469439095584,0.2342317194971516,4.864149052139285
2.091999999999991,0.0039999999999995595,0.0,0.40373781508788115,0.10902102581273962,0.00016098282732455513,0.23662059115729434,4.889408342403556
2.0959999999999908,0.0039999999999995595,0.0,0.4072073664288046,0.1098643236223225,0.00016126599215813783,0.2396305259577618,4.913876130488588
2.0999999999999903,0.0039999999999995595,0.0,0.4107111462347315,0.11071567062593109,0.0001615437471582676,0.2422333999607152,4.937280351898753
2.10399999999999,0.0039999999999995595,0.0,0.4142441483109271,0.11157180316731742,0.00016180052321991805,0.2441418140150612,4.961363382560598
2.1079999999999894,0.0039999999999995595,0.0,0.4178042942387259,0.11243125194980795,0.00016204434427371237,0.2457187824574328,4.986075663185003
2.111999999999989,0.0039999999999995595,0.0,0.4213906386668702,0.11329325614598629,0.0001623134364664977,0.247137017455993,5.011560945862781
2.1159999999999886,0.0039999999999995595,0.0,0.4250029817521672,0.11415751441328861,0.00016261104232796704,0.2485059980098659,5.037844317102689
2.119999999999988,0.0039999999999995595,0.0,0.4286410065493574,0.11502376888043536,0.00016356469115405388,0.24969039481278385,5.064931895619781
2.1239999999999877,0.0039999999999995595,0.0,0.4323043218700017,0.1158918670834656,0.0001656302827606686,0.25088404533111797,5.097454481410037
2.1279999999999872,0.0039999999999995595,0.0,0.436004461648849,0.11676825457342425,0.00016685214420408354,0.25561115408565727,5.252514838488334
2.131999999999987,0.0039999999999995595,0.0,0.4397539141418013,0.11765950437906654,0.00016770785451389282,0.25911497668281763,5.25948145754147
2.1359999999999864,0.0039999999999995595,0.0,0.44353027974345494,0.11855237893206383,0.0001682920545681731,0.26054989007318907,5.27920292400824
2.139999999999986,0.0039999999999995595,0.0,0.4473320729286692,0.11944563300838626,0.0001686636365635553,0.2615826371445438,5.300835242247707
2.1439999999999855,0.0039999999999995595,0.0,0.4511579194304318,0.12033801042232622,0.000168890698152187,0.26240554945133293,5.300835242247707
2.147999999999985,0.0039999999999995595,0.0,0.4550085719107171,0.12122953865856596,0.00016900831730651977,0.26331507096581197,5.321587586176068
2.1519999999999846,0.0039999999999995595,0.0,0.45888409827194415,0.12211986485159833,0.00016905071860235247,0.2641553643043738,5.341505190169773
2.155999999999984,0.0039999999999995595,0.0,0.46278419101428636,0.12300836663994645,0.00016904214944925188,0.26484853914365336,5.3623113100960245
2.1599999999999837,0.0039999999999995595,0.0,0.4667084934899214,0.1238943677311549,0.00016899774663283926,0.26544488462482135,5.383496741179975
2.1639999999999833,0.0039999999999995595,0.0,0.47065708348834173,0.12477745295305884,0.00016892679126788136,0.2660185927810311,5.404161206215048
2.167999999999983,0.0039999999999995595,0.0,0.47463026254644486,0.1256573382535312,0.00016883518029725777,0.26657554232236036,5.424372525248481
2.1719999999999824,0.0039999999999995595,0.0,0.47863494275801166,0.12653737837313592,0.00016873638495057007,0.2692771622515412,5.568987070140738
2.175999999999982,0.0039999999999995595,0.0,0.48267888207074294,0.1274211983611326,0.00016864131079135337,0.27097153018783005,5.588825228794552
2.1799999999999815,0.0039999999999995595,0.0,0.4867476732197796,0.12830044196818627,0.0001685158758860316,0.2714773381443239,5.587753700802726
2.183999999999981,0.0039999999999995595,0.0,0.49083728179202823,0.12917254407480305,0.00016836377063269585,0.2709271602258567,5.59154434188526
2.1879999999999806,0.0039999999999995595,0.0,0.49494373298520555,0.13003467264648247,0.00016818656068790785,0.26961565521476794,5.6067438720586535
2.19199999999998,0.0039999999999995595,0.0,0.49906638768972966,0.13088593936742168,0.00016798487954921597,0.26841170857088154,5.623043468600952
2.1959999999999797,0.0039999999999995595,0.0,0.5032082251191636,0.13172763300422183,0.00016776066645082617,0.2677062135535567,5.636818640990029
2.1999999999999793,0.0039999999999995595,0.0,0.5073723600589993,0.1325610785134251,0.00016751515066519264,0.26733228605020515,5.651196314692773
2.203999999999979,0.0039999999999995595,0.0,0.5115606624091588,0.13338680452737134,0.00016724824972942843,0.26712913098603586,5.667438697223726
2.2079999999999784,0.0039999999999995595,0.0,0.5157801017026081,0.1342080441018495,0.00016696663419022667,0.2689028228707042,5.825222153733846
2.211999999999978,0.0039999999999995595,0.0,0.5200382917145479,0.135028238896021,0.00016667720491953745,0.27008128711700613,5.823032379955209
2.2159999999999775,0.0039999999999995595,0.0,0.5243232806080498,0.1358404063775224,0.0001663536181474115,0.27005941728385713,5.829530478503057
2.219999999999977,0.0039999999999995595,0.0,0.5286325460316319,0.13664265762757127,0.00016600042938045396,0.2694190965869853,5.839777308684785
2.2239999999999767,0.0039999999999995595,0.0,0.5329649261562546,0.13743380618163956,0.00016562032407045122,0.2686229221865935,5.850180543595199
2.227999999999976,0.0039999999999995595,0.0,0.5373212925818637,0.13821381893017534,0.000165215573867612,0.2678764318348124,5.861646747810159
2.231999999999976,0.0039999999999995595,0.0,0.5417030777954974,0.1389829443980895,0.00016478792915955825,0.26728352274521666,5.87368082643195
2.2359999999999753,0.0039999999999995595,0.0,0.546112050548091,0.13974159425302357,0.00016433889338365512,0.2668797506894192,5.886235474693173
2.239999999999975,0.0039999999999995595,0.0,0.5505500028492893,0.14049016659359043,0.0001638697696394508,0.2666662964216755,5.89912253898115
2.2439999999999745,0.0039999999999995595,0.0,0.5550186369352995,0.14122898710867202,0.00016338172262866666,0.26662433832303745,5.912204884024269
2.247999999999974,0.0039999999999995595,0.0,0.5595240016681983,0.14196064760048788,0.00016287287838464851,0.26814624426795,6.0
2.2519999999999736,0.0039999999999995595,0.0,0.5640718469175969,0.14268744351225252,0.00016232019477317432,0.26886255270797105,6.0
2.255999999999973,0.0039999999999995595,0.0,0.5686515132606927,0.1434031390091034,0.0001617057097377881,0.2687672848105041,6.0
2.2599999999999727,0.0039999999999995595,0.0,0.5732625881980119,0.14410697502700082,0.0001610562104148065,0.2682115129084925,6.0
2.2639999999999723,0.0039999999999995595,0.0,0.5779040853576218,0.14479777542076971,0.00016037836424564108,0.2675362256767405,6.0
2.267999999999972,0.0039999999999995595,0.0,0.582577219501412,0.14547558069860309,0.00015967927456628543,0.2669372637324771,6.0
2.2719999999999714,0.0039999999999995595,0.0,0.5872835936612815,0.14614060637117787,0.00015896322979515502,0.26650116879957536,6.0
2.275999999999971,0.0039999999999995595,0.0,0.5920251352933708,0.14679321619362426,0.0001582332363290812,0.2662614668573538,6.0
2.2799999999999705,0.0039999999999995595,0.0,0.5968037893058398,0.1474337534006365,0.00015749122356265109,0.2662191131509309,6.0
2.28399999999997,0.0039999999999995595,0.0,0.6016214214802041,0.14806249207412622,0.00015673838038360267,0.2663574836894214,6.0
2.2879999999999696,0.0039999999999995595,0.0,0.6064840691446572,0.14868182874148306,0.00015597397912851403,0.26799948998090195,6.0
2.291999999999969,0.0039999999999995595,0.0,0.6113935707967539,0.14929188647208347,0.00015519393767999076,0.26783824442097665,6.0
2.2959999999999687,0.0039999999999995595,0.0,0.6163387769724165,0.1498862162801188,0.00015439972213385865,0.26732510301883017,6.0
2.2999999999999683,0.0039999999999995595,0.0,0.6213251060274703,0.15046700062938426,0.00015359220844123837,0.26724771008361364,6.0
2.303999999999968,0.0039999999999995595,0.0,0.6263546887739088,0.1510345507776723,0.00015277265085355198,0.26745995527803784,6.0
2.3079999999999674,0.0039999999999995595,0.0,0.6314298126891825,0.151589251215493,0.00015194149199128303,0.26788349044383813,6.0
2.311999999999967,0.0039999999999995595,0.0,0.6365521679520831,0.1521311413235787,0.00015109877150484637,0.2684527336846136,6.0
2.3159999999999665,0.0039999999999995595,0.0,0.6417231943435474,0.15266011166221585,0.00015024433205214612,0.2691193473873202,6.0
2.319999999999966,0.0039999999999995595,0.0,0.6469440811954436,0.15317590544078624,0.0001493778983734015,0.26984501936585614,6.0
2.3239999999999656,0.0039999999999995595,0.0,0.6522158422449578,0.1536781605950956,0.0001484991496328704,0.27060016518760777,6.0
2.327999999999965,0.0039999999999995595,0.0,0.6575444693448594,0.15416900112140997,0.00014761562462558251,0.2729758786092499,6.0
2.3319999999999648,0.0039999999999995595,0.0,0.6629338465706943,0.1546494333668356,0.00014671583963057672,0.27371899929083876,6.0
2.3359999999999643,0.0039999999999995595,0.0,0.6683679673621131,0.15511054051188639,0.00014579326374836293,0.27305801932000145,6.0
2.339999999999964,0.0039999999999995595,0.0,0.6738502552897743,0.15555328859705128,0.00014485231897041136,0.2728391720799049,6.0
2.3439999999999634,0.0039999999999995595,0.0,0.6793836690347106,0.1559782614488757,0.00014389269881070885,0.2729561490632175,6.0
2.347999999999963,0.0039999999999995595,0.0,0.6849706164599125,0.15638572228938566,0.000142916768542094,0.273300503125738,6.0
2.3519999999999626,0.0039999999999995595,0.0,0.6906129968998951,0.15677564199560554,0.0001419255076355122,0.2738001271448137,6.0
2.355999999999962,0.0039999999999995595,0.0,0.6963124110839559,0.15714781463267463,0.00014091965940600155,0.2744059863110187,6.0
2.3599999999999617,0.0039999999999995595,0.0,0.7020702350392252,0.1575018988977366,0.000139899704140609,0.2750824304880777,6.0
2.3639999999999612,0.0039999999999995595,0.0,0.7078938376065911,0.15784738555651517,0.00013897207351063962,0.27182718340618717,0.0
2.367999999999961,0.0039999999999995595,0.0,0.7138101135265469,0.15821357351547383,0.00013829695463664712,0.26747720388096435,0.0
2.3719999999999604,0.0039999999999995595,0.0,0.7199053479172941,0.15863775769394542,0.00013775385131758355,0.2807116791928942,0.0
2.37599999999996,0.0039999999999995595,0.0,0.7262754693966685,0.15916185220477913,0.00013735914981512752,0.30925842600202985,0.0
2.3799999999999595,0.0039999999999995595,0.0,0.7329693840930623,0.15980422365979274,0.00013716098016366686,0.34465189573346017,0.0
2.383999999999959,0.0039999999999995595,0.0,0.7400006207358786,0.16056594990858458,0.00013713619675284838,0.38174334790308606,0.0
2.3879999999999586,0.0039999999999995595,0.0,0.747376181790849,0.1614450758932017,0.00013725829371181728,0.420950602883129,0.0
2.391999999999958,0.0039999999999995595,0.0,0.7550987965731677,0.16243758474687095,0.0001375138513296407,0.46033381185125877,0.0
2.3959999999999577,0.0039999999999995595,0.0,0.7631594767923998,0.1635339802981632,0.0001378925432236884,0.4981960576619316,0.0
2.3999999999999573,0.0039999999999995595,0.0,0.77154278096811,0.1647219781040944,0.00013838555020005504,0.5335435526920816,0.0
2.403999999999957,0.0039999999999995595,0.0,0.7802297604893963,0.16598797238486948,0.0001389851398179424,0.5658360020291134,0.0
2.4079999999999564,0.0039999999999995595,0.0,0.7892000579508841,0.16731804901511665,0.00013968442484202067,0.5948607785022277,0.0
2.411999999999956,0.0039999999999995595,0.0,0.7984333965552993,0.16869867547663017,0.00014047786107712919,0.6206373620430339,0.0
2.4159999999999555,0.0039999999999995595,0.0,0.8079105890226573,0.17011714053139443,0.00014136175935958794,0.643341732417828,0.0
2.419999999999955,0.0039999999999995595,0.0,0.817614177532128,0.17156180567503052,0.00014233052948998764,0.6632487299972941,0.0
2.4239999999999546,0.0039999999999995595,0.0,0.8275287874534085,0.17302221492294675,0.0001433787316948474,0.6806868789631851,0.0
2.427999999999954,0.0039999999999995595,0.0,0.8376412655672869,0.17448910207544924,0.00014450131450205605,0.6960048222076821,0.0
2.4319999999999538,0.0039999999999995595,0.0,0.847940663381801,0.17595432814146988,0.00014569375327252586,0.7095472527501219,0.0
2.4359999999999533,0.0039999999999995595,0.0,0.8584181142031535,0.17741077455479096,0.00014695212325660859,0.7216385114103119,0.0
2.439999999999953,0.0039999999999995595,0.0,0.869066642784109,0.1788522120098437,0.00014827312260764746,0.7325722821583838,0.0
2.4439999999999524,0.0039999999999995595,0.0,0.8798809377977561,0.18027315977669664,0.0001496540576873954,0.742606022639565,0.0
2.447999999999952,0.0039999999999995595,0.0,0.8908571085581236,0.18166874572199201,0.0001510919593088494,0.7519585205008592,0.0
2.4519999999999516,0.0039999999999995595,0.0,0.9019924358450979,0.18303457196285505,0.0001525835591458559,0.7608088213499171,0.0
2.455999999999951,0.0039999999999995595,0.0,0.9132851354613232,0.1843665931412937,0.00015412553783977585,0.7692989823673669,0.0
2.4599999999999507,0.0039999999999995595,0.0,0.9247341503605249,0.18566101320323547,0.00015571546207513852,0.7775389564740988,0.0
2.4639999999999502,0.0039999999999995595,0.0,0.9363389782301861,0.18691420222857075,0.0001573522151690709,0.785612471329395,0.0
2.46799999999995,0.0039999999999995595,0.0,0.9480995319781576,0.18812263115623631,0.00015903552780216232,0.7935821213586913,0.0
2.4719999999999493,0.0039999999999995595,0.0,0.9600160269500241,0.1892828209478682,0.00016076565115173463,0.8014934611530271,0.0
2.475999999999949,0.0039999999999995595,0.0,0.9720888899281934,0.19039130340403862,0.0001625431304325847,0.8093783468315083,0.0
2.4799999999999485,0.0039999999999995595,0.0,0.9843186862520238,0.19144459152071117,0.00016436864959989885,0.8172577272187151,0.0
2.483999999999948,0.0039999999999995595,0.0,0.9967060622490945,0.19243915772741443,0.0001662429267831331,0.8251440117576145,0.0
2.4879999999999476,0.0039999999999995595,0.0,1.0092517006801733,0.1933714186416307,0.00016816664605218818,0.8330430894444418,0.0
2.491999999999947,0.0039999999999995595,0.0,1.0219562872014856,0.19423772516987417,0.0001701404152858431,0.8409560411262177,0.0
2.4959999999999467,0.0039999999999995595,0.0,1.0348204860326422,0.1950343569298939,0.00017216474280447105,0.8488805705494346,0.0
2.4999999999999463,0.0039999999999995595,0.0,1.0478449231512532,0.19575752008881306,0.00017424002743036656,0.8568121725617622,0.0
2.503999999999946,0.0039999999999995595,0.0,1.061030175455295,0.1964033478247336,0.0001763665580192426,0.8647450558702687,0.0
2.5079999999999454,0.0039999999999995595,0.0,1.074376764462499,0.19696790273152592,0.00017854451946301862,0.8726728397899431,0.0
2.511999999999945,0.0039999999999995595,0.0,1.087885153260079,0.1974471805996275,0.00018077400284317028,0.8805890474206233,0.0
2.5159999999999445,0.0039999999999995595,0.0,1.1015557455771938,0.19783711511790011,0.0001830550179216132,0.8884874203730614,0.0
2.519999999999944,0.0039999999999995595,0.0,1.115388886021243,0.19813358314972515,0.00018538750656522455,0.8963620818298152,0.0
2.5239999999999436,0.0039999999999995595,0.0,1.1293848606899908,0.19833241033713256,0.00018777135605642373,0.9042075751189491,0.0
2.527999999999943,0.0039999999999995595,0.0,1.1435438975372099,0.19842937687700393,0.00019020641157022113,0.912018804139715,0.0
2.5319999999999427,0.0039999999999995595,0.0,1.1578661660239327,0.19842022339130186,0.00019269248740671173,0.9197909001251348,0.0
2.5359999999999423,0.0039999999999995595,0.0,1.1723517757257762,0.19830065687790052,0.00019522937685562347,0.9275190366508431,0.0
2.539999999999942,0.0039999999999995595,0.0,1.187000773686704,0.1980663567798698,0.00019781686082858123,0.935198211808056,0.0
2.5439999999999414,0.0039999999999995595,0.0,1.2018131404098595,0.1977129812496583,0.00020045471561479082,0.9428230133243666,0.0
2.547999999999941,0.0039999999999995595,0.0,1.216788784721014,0.1972361737488088,0.0002031431811072261,0.9503874683031692,0.0
2.5519999999999405,0.0039999999999995595,0.0,1.231927542379235,0.19663157082698068,0.00020588428907732047,0.9578860834688067,0.0
2.55599999999994,0.0039999999999995595,0.0,1.2472291822250607,0.1958948116558727,0.00020868019426535452,0.9653150411209274,0.0
2.5599999999999397,0.0039999999999995595,0.0,1.2626934173481705,0.19502154829537938,0.00021153375270871168,0.9726732250246335,0.0
2.563999999999939,0.0039999999999995595,0.0,1.2783199157142515,0.19400745537940103,0.0002144457002637162,0.9799615683142922,0.0
2.5679999999999388,0.0039999999999995595,0.0,1.2941083004721743,0.19284823789155203,0.00021741526170862682,0.9871811765286549,0.0
2.5719999999999383,0.0039999999999995595,0.0,1.3100581409373546,0.1915396378485184,0.000220440821509328,0.9943318251098938,0.0
2.575999999999938,0.0039999999999995595,0.0,1.32616893709143,0.19007744098699478,0.00022352031217928817,1.0014109423654352,0.0
2.5799999999999375,0.0039999999999995595,0.0,1.342440100222882,0.18845748430257703,0.00022665142278634995,1.0084130153621107,0.0
2.583999999999937,0.0039999999999995595,0.0,1.35887093177543,0.1866756650040143,0.00022983169282240101,1.0153293223563915,0.0
2.5879999999999366,0.0039999999999995595,0.0,1.3754606018995161,0.18472795120618515,0.0002330585320262641,1.0221478964932451,0.0
2.591999999999936,0.0039999999999995595,0.0,1.3922081286660941,0.1826103944994137,0.00023632919111592738,1.0288536314948582,0.0
2.5959999999999357,0.0039999999999995595,0.0,1.4091123584128626,0.18031914440128757,0.00023964069845430495,1.03542844749957,0.0
2.5999999999999353,0.0039999999999995595,0.0,1.4260925832624143,0.17784741334239254,0.00024318597918608777,1.0228284938045433,0.0
2.603999999999935,0.0039999999999995595,0.0,1.4431185130739892,0.1751916535309127,0.0002468711405979112,1.0109064753346562,0.0
2.6079999999999344,0.0039999999999995595,0.0,1.4602298189514187,0.17235392385731377,0.000250694960724763,1.0072830628839762,0.0
2.611999999999934,0.0039999999999995595,0.0,1.477481013216962,0.16933574544751795,0.00025466788396705486,1.012663959092839,0.0
2.6159999999999335,0.0039999999999995595,0.0,1.4949091112789306,0.16613549265867097,0.00025878498784459586,1.0237547932566664,0.0
2.619999999999933,0.0039999999999995595,0.0,1.5125332478444646,0.16274934962594026,0.0002630115544433776,1.0377304713197346,0.0
2.6239999999999326,0.0039999999999995595,0.0,1.5302688932074782,0.159174903692517,0.0002672635909835419,1.0305623424817385,0.0
2.627999999999932,0.0039999999999995595,0.0,1.548085117183256,0.15541068905302613,0.00027160142839013625,1.024760481289704,0.0
2.6319999999999317,0.0039999999999995595,0.0,1.5660143981509458,0.1514561652059594,0.00027605241119023707,1.0260594919449242,0.0
2.6359999999999313,0.0039999999999995595,0.0,1.5841102345394256,0.1473086431907389,0.0002806691010186027,1.0367100189099359,0.0
2.639999999999931,0.0039999999999995595,0.0,1.6023932448364024,0.1429641518621562,0.0002854294063302957,1.04763206197495,0.0
2.6439999999999304,0.0039999999999995595,0.0,1.6208088618516945,0.13842274291924012,0.00028585128069932977,1.0462969183244895,0.0
2.64799999999993,0.0039999999999995595,0.0,1.639187408628945,0.13369901384887833,0.0002806372299951441,1.0147890993578759,0.0
2.6519999999999295,0.0039999999999995595,0.0,1.65756917425774,0.12879498877686732,0.00028074880067543225,1.000506085295035,0.0
2.655999999999929,0.0039999999999995595,0.0,1.6760626618973589,0.12370465043628072,0.00028511372122011144,1.0033804580018535,0.0
2.6599999999999286,0.0039999999999995595,0.0,1.6947410426112857,0.11841982979429665,0.0002913546537702779,1.0176872412222258,0.0
2.663999999999928,0.0039999999999995595,0.0,1.713603503838741,0.11293765903405867,0.00029272359898130807,1.0291689422261405,0.0
2.6679999999999278,0.0039999999999995595,0.0,1.7325901993006836,0.10726306280091397,0.0002920584062260879,1.026923415420714,0.0
2.6719999999999273,0.0039999999999995595,0.0,1.7516222488043964,0.10140694419052344,0.0002858795478141021,1.0151212813597692,0.0
2.675999999999927,0.0039999999999995595,0.0,1.7707056255601725,0.09537065832616332,0.00027051704060865057,1.0068907131802725,0.0
2.6799999999999264,0.0039999999999995595,0.0,1.7898457296732473,0.08915536988798749,0.00025477564407838416,0.9990233236927755,0.0
2.683999999999926,0.0039999999999995595,0.0,1.8090640376587823,0.08276116873925486,0.0002423523483339472,0.996940853031841,0.0
2.6879999999999256,0.0039999999999995595,0.0,1.8284050919433525,0.07618282716153404,0.00023338346767121722,1.0022903743558713,0.0
2.691999999999925,0.0039999999999995595,0.0,1.847877030343859,0.06941426342059782,0.0002278849525139634,1.0084836641011006,0.0
2.6959999999999247,0.0039999999999995595,0.0,1.8674438030047118,0.06246095844149365,0.0002178915443937851,1.0086839477556502,0.0
2.6999999999999242,0.0039999999999995595,0.0,1.8871009159837209,0.055325385134638944,0.00020102910000676456,1.0107799259435883,0.0
2.703999999999924,0.0039999999999995595,0.0,1.8990102835207427,0.05092417949080565,0.00018696674772821008,0.03875232830118538,0.0
2.7079999999999234,0.0039999999999995595,0.0,1.9026218824601715,0.04938968085885847,0.00015976313741873654,0.6592767587171039,0.0
2.711999999999923,0.0039999999999995595,0.0,1.900833748460853,0.04971367024508792,0.00012267868169674138,1.055847863527361,0.0
2.7159999999999225,0.0039999999999995595,0.0,1.8958990484009428,0.05112269722004092,7.866935442638237e-05,1.2244346477371715,0.0
2.719999999999922,0.0039999999999995595,0.0,1.88941689170822,0.05306743969629694,3.075394629383959e-05,1.233211112609917,0.0
2.7239999999999216,0.0039999999999995595,0.0,1.882465462321324,0.055180912208774816,-1.807348659707311e-05,1.1463526302084626,0.0
2.727999999999921,0.0039999999999995595,0.0,1.8756643167104685,0.05724598559004976,-6.492301971148945e-05,1.0099076413453258,0.0
2.7319999999999207,0.0039999999999995595,0.0,1.8693784962196587,0.05913788000502885,-0.00010916706074009077,0.8514985768440382,0.0
2.7359999999999203,0.0039999999999995595,0.0,1.8637989092821252,0.06079609566443806,-0.00015070878545032527,0.6903530249947096,0.0
2.73999999999992,0.0039999999999995595,0.0,1.8589898787487797,0.06220434114943392,-0.00018916569695770464,0.541145134177964,0.0
2.7439999999999194,0.0039999999999995595,0.0,1.8549278206029634,0.06337506215151462,-0.00022468160635439628,0.41099562411749324,0.0
2.747999999999919,0.0039999999999995595,0.0,1.8515539628008617,0.06433160272892106,-0.00025696875938311704,0.30195351236439794,0.0
2.7519999999999185,0.0039999999999995595,0.0,1.8487796837536001,0.06510521041278473,-0.0002860964485060131,0.2154653103491223,0.0
2.755999999999918,0.0039999999999995595,0.0,1.8465034377210792,0.06572988602605358,-0.0003125216723314847,0.15116376501228934,0.0
2.7599999999999176,0.0039999999999995595,0.0,1.84462113322401,0.06623920340512153,-0.00033686874496858637,0.10758469189939886,0.0
2.763999999999917,0.0039999999999995595,0.0,1.8429869118766151,0.06667156639457572,-0.0003667674994289749,0.09998539985050477,0.0
2.7679999999999167,0.0039999999999995595,0.0,1.8413830758423433,0.06709050121579634,-0.00039142151632330256,0.12371873730843495,0.0
2.7719999999999163,0.0039999999999995595,0.0,1.8396802314360299,0.06753722992483639,-0.00039439660983252084,0.17692725588085026,0.0
2.775999999999916,0.0039999999999995595,0.0,1.8378873688382913,0.06802508158424833,-0.0003933504499967743,0.2178425814358001,0.0
2.7799999999999154,0.0039999999999995595,0.0,1.836054245007271,0.06853848477161828,-0.0003939324068019856,0.24854794648983045,0.0
2.783999999999915,0.0039999999999995595,0.0,1.8342154632612055,0.06906251419912447,-0.00039805322824254253,0.26806028205772237,0.0
2.7879999999999145,0.0039999999999995595,0.0,1.8324035739625266,0.06958275048462546,-0.00040403984914423043,0.27774015608928054,0.0
2.791999999999914,0.0039999999999995595,0.0,1.830644062524091,0.07008816804002967,-0.0004109626102022116,0.2794388765072223,0.0
2.7959999999999137,0.0039999999999995595,0.0,1.828956047747022,0.07057116494074342,-0.0004181800311298335,0.27511308116567795,0.0
2.7999999999999132,0.0039999999999995595,0.0,1.8273521009359468,0.07102711702256577,-0.00042525670083693704,0.26662112411745453,0.0
2.803999999999913,0.0039999999999995595,0.0,1.825838327686029,0.07145391139335715,-0.0004319543325311323,0.2556319613640931,0.0
2.8079999999999123,0.0039999999999995595,0.0,1.824415210779439,0.07185146655185976,-0.00043816658701117847,0.2435538433315283,0.0
2.811999999999912,0.0039999999999995595,0.0,1.8230791876486365,0.07222117164462853,-0.0004438367830566327,0.23146648694095392,0.0
2.8159999999999115,0.0039999999999995595,0.0,1.8218236576831663,0.07256540883843308,-0.0004489165772189599,0.22015126485321737,0.0
2.819999999999911,0.0039999999999995595,0.0,1.8206399507422968,0.07288715775666993,-0.00045337992853496117,0.21012655570893113,0.0
2.8239999999999106,0.0039999999999995595,0.0,1.8195183971313644,0.07318959999500717,-0.0004572760166979107,0.20168107959554074,0.0
2.82799999999991,0.0039999999999995595,0.0,1.8184492564551478,0.07347585454288426,-0.00046071742919723404,0.1949266281237948,0.0
2.8319999999999097,0.0039999999999995595,0.0,1.8174224894942503,0.07374894723354608,-0.00046375101670522877,0.18989257307394106,0.0
2.8359999999999093,0.0039999999999995595,0.0,1.8164280623776048,0.0740117857104192,-0.00046643982012750706,0.1865419872449055,0.0
2.839999999999909,0.0039999999999995595,0.0,1.8154565287324442,0.07426707973896444,-0.00046882584964954817,0.18476424148745427,0.0
2.8439999999999084,0.0039999999999995595,0.0,1.814499317238703,0.07451729963751338,-0.00047092421294553225,0.18438927299971394,0.0
2.847999999999908,0.0039999999999995595,0.0,1.8135489676601682,0.07476461522780221,-0.0004727270386155107,0.18520044265349014,0.0
2.8519999999999075,0.0039999999999995595,0.0,1.8125993031584224,0.07501082760487232,-0.00047422569584180117,0.186956791200974,0.0
2.855999999999907,0.0039999999999995595,0.0,1.8116454787057659,0.07525734499868811,-0.0004754205044783554,0.18941353081916223,0.0
2.8599999999999066,0.0039999999999995595,0.0,1.8106839330635727,0.07550519314029552,-0.0004763172302637218,0.19233806134242049,0.0
2.863999999999906,0.0039999999999995595,0.0,1.8097122973183588,0.07575504611435903,-0.00047692522151322536,0.1955196049161951,0.0
2.8679999999999057,0.0039999999999995595,0.0,1.8087292710455671,0.07600726727229815,-0.00047725794811911883,0.19877477670137614,0.0
2.8719999999999053,0.0039999999999995595,0.0,1.807734352016469,0.07626197350339821,-0.0004773305349258533,0.20196055374430466,0.0
2.875999999999905,0.0039999999999995595,0.0,1.8067276509552983,0.07651909801890976,-0.00047715923699673935,0.20497332623890133,0.0
2.8799999999999044,0.0039999999999995595,0.0,1.805709727387826,0.07677844539798798,-0.0004767611724330049,0.20774430735235608,0.0
2.883999999999904,0.0039999999999995595,0.0,1.804681442388037,0.07703973826281969,-0.0004761540417723992,0.21023410971123388,0.0
2.8879999999999035,0.0039999999999995595,0.0,1.8036438331507652,0.0773026553378985,-0.00047535589103232237,0.2124271468162464,0.0
2.891999999999903,0.0039999999999995595,0.0,1.8025980109606996,0.07756686126015377,-0.00047438492871217764,0.2143262740751325,0.0
2.8959999999999027,0.0039999999999995595,0.0,1.8015450819945895,0.07783202887864425,-0.0004732593859832281,0.21594791401721722,0.0
2.899999999999902,0.0039999999999995595,0.0,1.8004860891133587,0.07809785498055043,-0.0004719974027698334,0.21731779321322756,0.0
2.9039999999999018,0.0039999999999995595,0.0,1.7994219721074691,0.07836407045678546,-0.0004706169236020767,0.21846733959895434,0.0
2.9079999999999013,0.0039999999999995595,0.0,1.7983535435614946,0.07863044591588862,-0.00046913559179580114,0.2194307372960042,0.0
2.911999999999901,0.0039999999999995595,0.0,1.7972814774676809,0.0788967936985701,-0.00046757063616743123,0.22024260349655475,0.0
2.9159999999999004,0.0039999999999995595,0.0,1.7962063078490265,0.07916296715839277,-0.0004659387496673831,0.22093623258062478,0.0
2.9199999999999,0.0039999999999995595,0.0,1.7951284348849612,0.07942885797112981,-0.00046425596327276457,0.22154234212323434,0.0
2.9239999999998996,0.0039999999999995595,0.0,1.7940481363223164,0.07969439212611418,-0.0004625375209436558,0.22208825090268353,0.0
2.927999999999899,0.0039999999999995595,0.0,1.7929655822701807,0.0799595251439003,-0.0004607977624542348,0.2225974184952564,0.0
2.9319999999998987,0.0039999999999995595,0.0,1.7918808517982006,0.08022423696009719,-0.00045905002068824096,0.22308927827330355,0.0
2.9359999999998982,0.0039999999999995595,0.0,1.7907939500690804,0.08048852681816665,-0.000457306538864315,0.22357929979039587,0.0
2.939999999999898,0.0039999999999995595,0.0,1.7897048250270504,0.08075240842619319,-0.0004555784114841063,0.2240792220749855,0.0
2.9439999999998974,0.0039999999999995595,0.0,1.7886133829278419,0.08101590555530223,-0.0004538755509028906,0.22459740583429702,0.0
2.947999999999897,0.0039999999999995595,0.0,1.7875195022276986,0.08127904819114959,-0.00045220667957838713,0.22513925962973172,0.0
2.9519999999998965,0.0039999999999995595,0.0,1.786423045546695,0.0815418692948707,-0.0004505793464529999,0.2257077023938818,0.0
2.955999999999896,0.0039999999999995595,0.0,1.7853238695846065,0.08180440218578848,-0.000448999964685086,0.2263036319153337,0.0
2.9599999999998956,0.0039999999999995595,0.0,1.784221832996594,0.08206667852440253,-0.00044747386711389836,0.22692637585414557,0.0
2.963999999999895,0.0039999999999995595,0.0,1.7831168023332629,0.08232872684980348,-0.00044600537541302296,0.2275741082481411,0.0
2.9679999999998947,0.0039999999999995595,0.0,1.7820086562181958,0.08259057160955192,-0.00044459787881195764,0.2282442201639262,0.0
2.9719999999998943,0.0039999999999995595,0.0,1.7808972879795948,0.0828522326109881,-0.0004432539184755385,0.2289336380322655,0.0
2.975999999999894,0.0039999999999995595,0.0,1.7797826069750835,0.08311372481961063,-0.0004419752740475956,0.22963908723854717,0.0
2.9799999999998934,0.0039999999999995595,0.0,1.7786645388541984,0.08337505843132263,-0.0004407630494112426,0.23035730172023916,0.0
2.983999999999893,0.0039999999999995595,0.0,1.777543024995386,0.0836362391498193,-0.00043961775532474275,0.23108518270083556,0.0
2.9879999999998925,0.0039999999999995595,0.0,1.7764180213371212,0.08389726860713324,-0.00043853938720263264,0.2318199113401153,0.0
2.991999999999892,0.0039999999999995595,0.0,1.7752894967992192,0.0841581448734617,-0.0004375274968844478,0.232559021099675,0.0
2.9959999999998916,0.0039999999999995595,0.0,1.7741574314631694,0.08441886301113172,-0.0004365812577394599,0.23330043611547258,0.0
2.999999999999891,0.0039999999999995595,0.0,1.7730218146516934,0.08467941563632873,-0.0004356995228790127,0.23404248194166216,0.0
3.0039999999998908,0.0039999999999995595,0.0,1.7719138826300604,0.08493159903830194,-0.00043235871499482245,0.22366998269766755,0.0
3.0079999999998903,0.0039999999999995595,0.0,1.7708879748606228,0.08516032924652073,-0.0004283759973658612,0.2039235218604619,0.0
3.01199999999989,0.0039999999999995595,0.0,1.7699559488478465,0.08536298427014558,-0.00042433599621670377,0.18339299483617505,0.0
3.0159999999998894,0.0039999999999995595,0.0,1.7691146884119728,0.08554121088228063,-0.0004208212100187349,0.16453331338327096,0.0
3.019999999999889,0.0039999999999995595,0.0,1.768353212241246,0.08569849327720827,-0.00041812780438185145,0.14865753200380277,0.0
3.0239999999998886,0.0039999999999995595,0.0,1.7676565706256557,0.0858391361560645,-0.00041637666301526757,0.13631538272459856,0.0
3.027999999999888,0.0039999999999995595,0.0,1.7670088095800511,0.08596754015281725,-0.000415579831508149,0.1275140566567082,0.0
3.0319999999998877,0.0039999999999995595,0.0,1.7663943846702779,0.08608782473554082,-0.00041549971778631953,0.12196761113922522,0.0
3.0359999999998872,0.0039999999999995595,0.0,1.7658004562512,0.08620330814018858,-0.00041565536408922146,0.11910171237192112,0.0
3.039999999999887,0.0039999999999995595,0.0,1.765317436277884,0.08629292650484569,-0.00041552030733137374,0.09654560409105052,0.0
3.0439999999998864,0.0039999999999995595,0.0,1.7648661579519365,0.08637841854451749,-0.0004154838240368593,0.1151950967610208,0.0
3.047999999999886,0.0039999999999995595,0.0,1.7643095836282914,0.08648832008783464,-0.0004160808422991215,0.1289448386171501,0.0
3.0519999999998855,0.0039999999999995595,0.0,1.763677697378048,0.0866157905454578,-0.00041717466363986,0.13857931642751364,0.0
3.055999999999885,0.0039999999999995595,0.0,1.7629933222730432,0.08675561404491468,-0.00041868721893888904,0.14527053555888778,0.0
3.0599999999998846,0.0039999999999995595,0.0,1.7622726696107258,0.08690405679775116,-0.0004206945918591491,0.14997000688152554,0.0
3.063999999999884,0.0039999999999995595,0.0,1.7615265454906686,0.0870586677420248,-0.00042344710377200317,0.15345393557735063,0.0
3.0679999999998837,0.0039999999999995595,0.0,1.7607619893275523,0.08721791237249121,-0.00042696741291402946,0.15623170407105355,0.0
3.0719999999998833,0.0039999999999995595,0.0,1.7599836880626658,0.08738074997753342,-0.00043095155866434965,0.1585302741899262,0.0
3.075999999999883,0.0039999999999995595,0.0,1.759195001806124,0.08754634500461844,-0.00043507811666391354,0.16041662082490454,0.0
3.0799999999998824,0.0039999999999995595,0.0,1.758398630632643,0.0877139448346358,-0.00043911131172127976,0.16190010583935485,0.0
3.083999999999882,0.0039999999999995595,0.0,1.757596879138149,0.08788285747633072,-0.0004428819310411541,0.16299464506093567,0.0
3.0879999999998815,0.0039999999999995595,0.0,1.756791728028733,0.08805247482537931,-0.0004462582653878039,0.16373276319473246,0.0
3.091999999999881,0.0039999999999995595,0.0,1.755984833620956,0.0882222873695303,-0.0004491983474187046,0.16416238317900037,0.0
3.0959999999998806,0.0039999999999995595,0.0,1.7551775172075346,0.08839188900689061,-0.00045170886906763913,0.16434018010686396,0.0
3.09999999999988,0.0039999999999995595,0.0,1.7543707612423465,0.08856097509902083,-0.00045382010214432535,0.16432724032070734,0.0
3.1039999999998797,0.0039999999999995595,0.0,1.7535652122138499,0.08872933758162489,-0.0004555722622979182,0.1641856689707649,0.0
3.1079999999998793,0.0039999999999995595,0.0,1.7527612483598383,0.08889684810313364,-0.0004570084065037864,0.16396914604948903,0.0
3.111999999999879,0.0039999999999995595,0.0,1.7519590335623338,0.08906344163902608,-0.0004581704682525379,0.1637214792378281,0.0
3.1159999999998784,0.0039999999999995595,0.0,1.7511585585597413,0.08922910306021856,-0.00045909738283670206,0.1634774007471488,0.0
3.119999999999878,0.0039999999999995595,0.0,1.7503596800322077,0.08939385509963081,-0.00045982429795937756,0.1632631493812291,0.0
3.1239999999998775,0.0039999999999995595,0.0,1.7495621571428608,0.08955774765294583,-0.0004603823483520098,0.16309724420426544,0.0
3.127999999999877,0.0039999999999995595,0.0,1.7487656843630128,0.0897208485315281,-0.0004607987296503799,0.162991450250675,0.0
3.1319999999998767,0.0039999999999995595,0.0,1.7479699197530578,0.08988323572882144,-0.0004610969300957179,0.16295184993591108,0.0
3.135999999999876,0.0039999999999995595,0.0,1.7471745083274335,0.09004499117966665,-0.0004612970413040531,0.1629799368985758,0.0
3.139999999999876,0.0039999999999995595,0.0,1.746379100507724,0.09020619592589676,-0.0004614161026305568,0.16307366807923715,0.0
3.1439999999998753,0.0039999999999995595,0.0,1.7455833659398157,0.09036692655604225,-0.000461468452064793,0.16322842928371267,0.0
3.147999999999875,0.0039999999999995595,0.0,1.7447870031302568,0.09052725275970752,-0.0004614660672377369,0.16343788623215497,0.0
3.1519999999998745,0.0039999999999995595,0.0,1.7439897454606341,0.09068723582480315,-0.0004614188865969868,0.1636947067455075,0.0
3.155999999999874,0.0039999999999995595,0.0,1.7431913641830081,0.09084692790506362,-0.000461335104962694,0.1639911503971933,0.0
3.1599999999998736,0.0039999999999995595,0.0,1.742391668998954,0.09100637189316628,-0.00046122144047654136,0.16431952992533144,0.0
3.163999999999873,0.0039999999999995595,0.0,1.7415905067921404,0.09116560174865986,-0.00046108337190613863,0.16467255427791846,0.0
3.1679999999998727,0.0039999999999995595,0.0,1.7407877590304388,0.09132464314754994,-0.00046092534664253114,0.16504356670235845,0.0
3.1719999999998723,0.0039999999999995595,0.0,1.7399833382871086,0.09148351433990681,-0.0004607509606874288,0.1654266931544968,0.0
3.175999999999872,0.0039999999999995595,0.0,1.739177184258646,0.09164222712177898,-0.00046056311256648666,0.16581691684887903,0.0
3.1799999999998714,0.0039999999999995595,0.0,1.7383692595847606,0.0918007878469062,-0.0004603641334954704,0.16621009433318398,0.0
3.183999999999871,0.0039999999999995595,0.0,1.7375595457075033,0.09195919842145138,-0.00046015589632247296,0.16660292734302376,0.0
3.1879999999998705,0.0039999999999995595,0.0,1.7367480367750359,0.09211745758096523,-0.0004599399363541965,0.1669932230805053,0.0
3.19199999999987,0.0039999999999995595,0.0,1.7359347142073875,0.09227556543924947,-0.0004597176500059374,0.16738248650221077,0.0
3.1959999999998696,0.0039999999999995595,0.0,1.7351195598866873,0.0924335221629623,-0.00045949001024965573,0.1677714054009893,0.0
3.199999999999869,0.0039999999999995595,0.0,1.7343025826315646,0.09259132302839455,-0.00045925784854568226,0.16815721269712372,0.0
3.2039999999998687,0.0039999999999995595,0.0,1.733483807363616,0.09274895974054272,-0.0004590219568188804,0.16853733858004002,0.0
3.2079999999998683,0.0039999999999995595,0.0,1.7326632670139508,0.0929064220119917,-0.0004587830206570776,0.1689100926077931,0.0
3.211999999999868,0.0039999999999995595,0.0,1.731840998225458,0.09306369857334972,-0.0004585415938361089,0.16927456247463107,0.0
3.2159999999998674,0.0039999999999995595,0.0,1.7310170386257355,0.09322077786560748,-0.0004582981089510838,0.16963047185240357,0.0
3.219999999999867,0.0039999999999995595,0.0,1.730191424801951,0.09337764855226503,-0.00045805290051699433,0.16997805067828503,0.0
3.2239999999998665,0.0039999999999995595,0.0,1.7293641907377821,0.09353429989974946,-0.00045780622820000387,0.1703179126389402,0.0
3.227999999999866,0.0039999999999995595,0.0,1.7285353666636256,0.09369072204389906,-0.00045755829602681656,0.1706509399716191,0.0
3.2319999999998656,0.0039999999999995595,0.0,1.7277049783018248,0.093846906154492,-0.00045730926704411906,0.1709781792718979,0.0
3.235999999999865,0.0039999999999995595,0.0,1.7268730464755653,0.09400284451113042,-0.0004570592741109663,0.17130075180318832,0.0
3.2399999999998648,0.0039999999999995595,0.0,1.7260395870327192,0.09415853050581802,-0.00045680842773240544,0.17161978031333275,0.0
3.2439999999998643,0.0039999999999995595,0.0,1.725204611024768,0.09431395858851245,-0.0004565568217371474,0.17193633280711135,0.0
3.247999999999864,0.0039999999999995595,0.0,1.7243681250772058,0.0944691241716089,-0.000456304537420552,0.1722513824936791,0.0
3.2519999999998634,0.0039999999999995595,0.0,1.7235301318899536,0.0946240235079965,-0.00045605164660587205,0.1725657822895509,0.0
3.255999999999863,0.0039999999999995595,0.0,1.7226906308124448,0.0947786535553798,-0.0004557982139407363,0.1728802517666411,0.0
3.2599999999998626,0.0039999999999995595,0.0,1.7218496184464638,0.09493301183728799,-0.00045554429864602317,0.17319537422095763,0.0
3.263999999999862,0.0039999999999995595,0.0,1.7210070892392044,0.09508709630885129,-0.00045528995586220194,0.17351160153175238,0.0
3.2679999999998617,0.0039999999999995595,0.0,1.720163036038451,0.09524090523318383,-0.0004550352376899716,0.17382926462117462,0.0
3.2719999999998612,0.0039999999999995595,0.0,1.7193174505905553,0.09539443707219136,-0.00045478019398901306,0.17414858755997575,0.0
3.275999999999861,0.0039999999999995595,0.0,1.718470323969657,0.0955476903938901,-0.00045452487297834064,0.17446970365406791,0.0
3.2799999999998604,0.0039999999999995595,0.0,1.7176216469330783,0.09570066379690927,-0.00045426932166965834,0.17479267215713237,0.0
3.28399999999986,0.0039999999999995595,0.0,1.7167714102030103,0.09585335585175427,-0.0004540135861579424,0.17511749456228237,0.0
3.2879999999998595,0.0039999999999995595,0.0,1.7159196046784884,0.09600576505761509,-0.0004537577117898722,0.1754441297135383,0.0
3.291999999999859,0.0039999999999995595,0.0,1.7150662215843604,0.09615788981297865,-0.00045350174322935743,0.17577250723406154,0.0
3.2959999999998586,0.0039999999999995595,0.0,1.7142112525655946,0.09630972839800946,-0.00045324572443824823,0.1761025389870172,0.0
3.299999999999858,0.0039999999999995595,0.0,1.7133546897360745,0.0964612789665542,-0.00045298969859021426,0.17643412846317197,0.0
3.3039999999998577,0.0039999999999995595,0.0,1.7124965256911282,0.09661253954566325,-0.0004527337079347263,0.17676717812820328,0.0
3.3079999999998573,0.0039999999999995595,0.0,1.711636753492594,0.09676350804066375,-0.00045247779362725594,0.1771015948640149,0.0
3.311999999999857,0.0039999999999995595,0.0,1.7107753666344523,0.09691418224403196,-0.00045222199554066433,0.17743729370667619,0.0
3.3159999999998564,0.0039999999999995595,0.0,1.7099123589960155,0.09706455984656544,-0.0004519663520709284,0.17777420012325143,0.0
3.319999999999856,0.0039999999999995595,0.0,1.7090477247885363,0.09721463844962473,-0.00045171089994813996,0.17811225108637113,0.0
3.3239999999998555,0.0039999999999995595,0.0,1.7081814584999295,0.09736441557748046,-0.0004514556740623502,0.1784513952034984,0.0
3.327999999999855,0.0039999999999995595,0.0,1.707313554841183,0.09751388868905102,-0.0004512007073108878,0.17879159214271984,0.0
3.3319999999998546,0.0039999999999995595,0.0,1.7064440086970056,0.09766305518853936,-0.0004509460304723854,0.17913281157239946,0.0
3.335999999999854,0.0039999999999995595,0.0,1.7055728150823712,0.09781191243466904,-0.0004506916721105298,0.1794750318021523,0.0
3.3399999999998538,0.0039999999999995595,0.0,1.704699969105843,0.09796045774837758,-0.0004504376585086929,0.17981823828034818,0.0
3.3439999999998533,0.0039999999999995595,0.0,1.703825465939975,0.09810868841894967,-0.00045018401363544684,0.1801624220708012,0.0
3.347999999999853,0.0039999999999995595,0.0,1.7029493007985945,0.09825660170866453,-0.000449930759139658,0.18050757840066922,0.0
3.3519999999998524,0.0039999999999995595,0.0,1.7020714689204508,0.09840419485609689,-0.0004496779143727888,0.18085370534376677,0.0
3.355999999999852,0.0039999999999995595,0.0,1.7011919655584795,0.09855146507824941,-0.00044942549643560935,0.18120080267943234,0.0
3.3599999999998515,0.0039999999999995595,0.0,1.700310785973817,0.0986984095717146,-0.0004491735202458886,0.181548870946963,0.0
3.363999999999851,0.0039999999999995595,0.0,1.699427925433653,0.09884502551306655,-0.00044892199862361465,0.18189791069965205,0.0
3.3679999999998507,0.0039999999999995595,0.0,1.69854337921202,0.09899131005867497,-0.00044867094239013053,0.18224792195047718,0.0
3.3719999999998502,0.0039999999999995595,0.0,1.6976571425926852,0.09913726034411575,-0.00044842036047784467,0.18259890379282218,0.0
3.37599999999985,0.0039999999999995595,0.0,1.6967692108734052,0.09928287348333087,-0.00044817026004736826,0.18295085417429807,0.0
3.3799999999998493,0.0039999999999995595,0.0,1.6958795793709025,0.09942814656766462,-0.00044792064660893646,0.18330376979876084,0.0
3.383999999999849,0.0039999999999995595,0.0,1.694988243426052,0.099573076664878,-0.0004476715241458394,0.18365764613104962,0.0
3.3879999999998485,0.0039999999999995595,0.0,1.6940951984088661,0.09971766081821827,-0.00044742289523786154,0.18401247747958985,0.0
3.391999999999848,0.0039999999999995595,0.0,1.693200439722989,0.09986189604559821,-0.00044717476118249323,0.1843682571341429,0.0
3.3959999999998476,0.0039999999999995595,0.0,1.6923039628094931,0.10000577933891981,-0.0004469271221129309,0.18472497753855138,0.0
3.399999999999847,0.0039999999999995595,0.0,1.6914057631498725,0.10014930766356071,-0.00044667997711175664,0.1850826304815516,0.0
3.4039999999998467,0.0039999999999995595,0.0,1.6905058362681726,0.10029247795802809,-0.0004464333243193789,0.18544120729182045,0.0
3.4079999999998463,0.0039999999999995595,0.0,1.6896041777322737,0.1004352871337746,-0.0004461871610367999,0.18580069902667795,0.0
3.411999999999846,0.0039999999999995595,0.0,1.6887007831543726,0.10057773207516363,-0.0004459414838223794,0.18616109664673058,0.0
3.4159999999998454,0.0039999999999995595,0.0,1.6877956481907377,0.10071980963956623,-0.0004456962885826772,0.18652239117142735,0.0
3.419999999999845,0.0039999999999995595,0.0,1.6868887685408265,0.10086151665756941,-0.00044545157065713746,0.18688457381250886,0.0
3.4239999999998445,0.0039999999999995595,0.0,1.6859801399458771,0.10100284993327462,-0.0004452073248969744,0.18724763608441128,0.0
3.427999999999844,0.0039999999999995595,0.0,1.685069758187071,0.1011438062446653,-0.00044496354573821394,0.18761156989182876,0.0
3.4319999999998436,0.0039999999999995595,0.0,1.68415761908336,0.10128438234402443,-0.000444720227269492,0.18797636759592432,0.0
3.435999999999843,0.0039999999999995595,0.0,1.6832437184890583,0.10142457495838386,-0.0004444773632945772,0.18834202206112546,0.0
3.4399999999998427,0.0039999999999995595,0.0,1.6823280522912771,0.10156438078999104,-0.0004442349473899234,0.18870852668507204,0.0
3.4439999999998423,0.0039999999999995595,0.0,1.681410616407264,0.10170379651677978,-0.0004439929729576475,0.18907587541436502,0.0
3.447999999999842,0.0039999999999995595,0.0,1.6804914067817154,0.10184281879283542,-0.00044375143327416333,0.18944406274879227,0.0
3.4519999999998414,0.0039999999999995595,0.0,1.6795704193840966,0.10198144424884638,-0.00044351032153479053,0.18981308373653927,0.0
3.455999999999841,0.0039999999999995595,0.0,1.6786476502060104,0.10211966949253654,-0.0004432696308944061,0.19018293396268163,0.0
3.4599999999998405,0.0039999999999995595,0.0,1.6777230952586282,0.10225749110907449,-0.00044302935450439763,0.19055360953293946,0.0
3.46399999999984,0.0039999999999995595,0.0,1.6767967505702301,0.10239490566145762,-0.00044278948554623296,0.1909251070545104,0.0
3.4679999999998397,0.0039999999999995595,0.0,1.6758686121838187,0.10253190969086973,-0.00044255001726161856,0.19129742361511012,0.0
3.471999999999839,0.0039999999999995595,0.0,1.6749386761548481,0.10266849971701227,-0.0004423109429797708,0.19167055676155026,0.0
3.4759999999998388,0.0039999999999995595,0.0,1.6740069385490546,0.1028046722384097,-0.00044207225614137624,0.19204450447832266,0.0
3.4799999999998383,0.0039999999999995595,0.0,1.673073395440384,0.10294042373268997,-0.0004418339503199333,0.1924192651670352,0.0
3.483999999999838,0.0039999999999995595,0.0,1.67213804290902,0.10307575065684159,-0.000441596019240307,0.19279483762674504,0.0
3.4879999999998375,0.0039999999999995595,0.0,1.6712008770395006,0.1032106494474485,-0.0004413584567946527,0.1931712210355314,0.0
3.491999999999837,0.0039999999999995595,0.0,1.6702618939189209,0.1033451165209044,-0.0004411212570558429,0.19354841493324312,0.0
3.4959999999998366,0.0039999999999995595,0.0,1.6693210896352202,0.10347914827360781,-0.0004408844142886578,0.19392641920537199,0.0
3.499999999999836,0.0039999999999995595,0.0,1.668378460275541,0.10361274108213905,-0.0004406479229587398,0.19430523406795036,0.0
3.5039999999998357,0.0039999999999995595,0.0,1.667434001924661,0.10374589130342042,-0.00044041177773935884,0.1946848600532724,0.0
3.5079999999998353,0.0039999999999995595,0.0,1.6664877106634932,0.10387859527486024,-0.0004401759735162129,0.19506529799627303,0.0
3.511999999999835,0.0039999999999995595,0.0,1.665556020001712,0.10400780589727675,-0.00044401351148659927,0.1911798921152734,0.0
3.5159999999998344,0.0039999999999995595,0.0,1.664645433917337,0.10413242331918782,-0.00045285674112533625,0.18682145778279055,0.0
3.519999999999834,0.0039999999999995595,0.0,1.663755078775581,0.10425271626769766,-0.0004660586687327806,0.1825808466368903,0.0
3.5239999999998335,0.0039999999999995595,0.0,1.662895232187263,0.10436686868509047,-0.00047983245287779166,0.17545291515035652,0.0
3.527999999999833,0.0039999999999995595,0.0,1.6620689655479326,0.10447445965925245,-0.0004923425261513405,0.1685125465931465,0.0
3.5319999999998326,0.0039999999999995595,0.0,1.6612723274396342,0.10457632817909171,-0.000503440694060324,0.1623668787072556,0.0
3.535999999999832,0.0039999999999995595,0.0,1.6604860039312068,0.10467543591443593,-0.0005106232523436192,0.16260262557211205,0.0
3.5399999999998317,0.0039999999999995595,0.0,1.659685381645028,0.10477571657645718,-0.0005079016479334126,0.16275389041290242,0.0
3.5439999999998313,0.0039999999999995595,0.0,1.6589077537658978,0.10487206208321043,-0.0005020045266953192,0.15857735937999692,0.0
3.547999999999831,0.0039999999999995595,0.0,1.6581375696524758,0.10496652047307252,-0.0004961324368769178,0.1595762713642098,0.0
3.5519999999998304,0.0039999999999995595,0.0,1.6573522954089615,0.1050624842598976,-0.0004973199197270133,0.16004593585378218,0.0
3.55599999999983,0.0039999999999995595,0.0,1.6565892560070363,0.10515478181766129,-0.0005008485046890366,0.15596461366042863,0.0
3.5599999999998295,0.0039999999999995595,0.0,1.6558479183872001,0.10524333708584407,-0.0005068026830817374,0.15168191510333318,0.0
3.563999999999829,0.0039999999999995595,0.0,1.655126045949468,0.10532844997181784,-0.000514268184762188,0.1477055709504117,0.0
3.5679999999998286,0.0039999999999995595,0.0,1.654420981467587,0.10541053310633179,-0.0005224268170464422,0.14423500322906085,0.0
3.571999999999828,0.0039999999999995595,0.0,1.653730012868009,0.1054900195337841,-0.0005305385141746296,0.14133532948687347,0.0
3.5759999999998278,0.0039999999999995595,0.0,1.6530505826938333,0.10556731857418873,-0.0005380541899053873,0.13898996204999073,0.0
3.5799999999998273,0.0039999999999995595,0.0,1.652368251273596,0.10564446110177143,-0.0005425094847442129,0.14146912885784707,0.0
3.583999999999827,0.0039999999999995595,0.0,1.6516818212679836,0.10572179303879556,-0.0005424125346214411,0.1403906211061799,0.0
3.5879999999998264,0.0039999999999995595,0.0,1.6510041720127016,0.10579749066715959,-0.0005403153917775576,0.13885556872908697,0.0
3.591999999999826,0.0039999999999995595,0.0,1.6503347815042717,0.1058715766471416,-0.0005371479171211075,0.13728129116261342,0.0
3.5959999999998256,0.0039999999999995595,0.0,1.6496726394115786,0.10594418871308059,-0.0005337327505243851,0.1358401132942612,0.0
3.599999999999825,0.0039999999999995595,0.0,1.6490166431869748,0.10601549253512628,-0.0005306934782136855,0.1345970024313972,0.0
3.6039999999998247,0.0039999999999995595,0.0,1.6483657314449531,0.10608565141263732,-0.0005283205968535188,0.13356774658079215,0.0
3.6079999999998242,0.0039999999999995595,0.0,1.6476931659930067,0.1061583208799466,-0.000532006084977671,0.13771261683386485,0.0
3.611999999999824,0.0039999999999995595,0.0,1.6470264620586708,0.10622988346526,-0.0005379224324426841,0.13681375892457556,0.0
3.6159999999998234,0.0039999999999995595,0.0,1.6463663450625197,0.10630015013397981,-0.0005451279800492992,0.13559398964458524,0.0
3.619999999999823,0.0039999999999995595,0.0,1.6457124486274834,0.1063691492110551,-0.0005527805506158712,0.13434381205780727,0.0
3.6239999999998225,0.0039999999999995595,0.0,1.6450640406892845,0.10643698270273476,-0.0005600964730076834,0.13320249846689808,0.0
3.627999999999822,0.0039999999999995595,0.0,1.6444202679132758,0.10650377712293832,-0.0005666982246082503,0.1322300890189643,0.0
3.6319999999998216,0.0039999999999995595,0.0,1.6437802757066904,0.10656966116194105,-0.0005724366718104668,0.1314436052774591,0.0
3.635999999999821,0.0039999999999995595,0.0,1.643143265627105,0.10663475432702763,-0.0005772937383932848,0.13083550638856936,0.0
3.6399999999998207,0.0039999999999995595,0.0,1.6425085246122797,0.10669916184028212,-0.0005813260215337728,0.1303861161966754,0.0
3.6439999999998203,0.0039999999999995595,0.0,1.641875438132466,0.10676297293914293,-0.0005846268639903167,0.13007105535893934,0.0
3.64799999999982,0.0039999999999995595,0.0,1.641243492064263,0.1068262611484106,-0.0005873026068696577,0.12986560334041716,0.0
3.6519999999998194,0.0039999999999995595,0.0,1.6406122670399916,0.10688908564213433,-0.000589458625058933,0.12974706316445664,0.0
3.655999999999819,0.0039999999999995595,0.0,1.6399814283763998,0.1069514931199627,-0.0005911917786062324,0.12969584790255323,0.0
3.6599999999998185,0.0039999999999995595,0.0,1.6393507139624537,0.10701351983059024,-0.0005925869249880903,0.12969578590584604,0.0
3.663999999999818,0.0039999999999995595,0.0,1.6387199217745543,0.10707519352159935,-0.0005937159066677566,0.12973398147333987,0.0
3.6679999999998176,0.0039999999999995595,0.0,1.6380888980791604,0.10713653519625443,-0.0005946379699041521,0.12980045099962087,0.0
3.671999999999817,0.0039999999999995595,0.0,1.6374575269125045,0.1071975606249328,-0.0005954009407310467,0.1298876719878076,0.0
3.6759999999998167,0.0039999999999995595,0.0,1.636825721091813,0.10725828160102938,-0.0005960427332504175,0.1299901256779028,0.0
3.6799999999998163,0.0039999999999995595,0.0,1.636193414791332,0.10731870695569957,-0.0005965929316254029,0.13010387662011796,0.0
3.683999999999816,0.0039999999999995595,0.0,1.6355605575834937,0.10737884335839158,-0.0005970742968140764,0.1302262087976043,0.0
3.6879999999998154,0.0039999999999995595,0.0,1.6349271097760012,0.10743869593498694,-0.0005975041202813197,0.13035532361645571,0.0
3.691999999999815,0.0039999999999995595,0.0,1.6342930388488235,0.1074982687355366,-0.0005978953920683603,0.13049009708355114,0.0
3.6959999999998145,0.0039999999999995595,0.0,1.6336583167951508,0.10755756508112622,-0.000598257778197587,0.13062988953267066,0.0
3.699999999999814,0.0039999999999995595,0.0,1.633022918185768,0.10761658781570105,-0.0005985984182945998,0.1307743997770513,0.0
3.7039999999998137,0.0039999999999995595,0.0,1.6323868187991275,0.10767533948458964,-0.0005989225625477028,0.13092355551586465,0.0
3.7079999999998132,0.0039999999999995595,0.0,1.6317499946846008,0.10773382245749219,-0.0005992340704606163,0.13107743252310436,0.0
3.711999999999813,0.0039999999999995595,0.0,1.6311124215508441,0.10779203901011133,-0.0005995357941751031,0.1312361961776088,0.0
3.7159999999998123,0.0039999999999995595,0.0,1.630474074393317,0.10784999137551599,-0.0005998298677170932,0.13140006000143592,0.0
3.719999999999812,0.0039999999999995595,0.0,1.6298349272940291,0.10790768177376181,-0.0006001179211966445,0.13156925692325022,0.0
3.7239999999998115,0.0039999999999995595,0.0,1.6291949533423866,0.1079651124262159,-0.0006004012363123208,0.1317440199083775,0.0
3.727999999999811,0.0039999999999995595,0.0,1.6285541246387587,0.10802228555938911,-0.0006006808568109257,0.13192456937434063,0.0
3.7319999999998106,0.0039999999999995595,0.0,1.627912412352467,0.1080792034018026,-0.0006009576650298594,0.13211110544251017,0.0
3.73599999999981,0.0039999999999995595,0.0,1.627269786813689,0.10813586817643855,-0.0006012324334030305,0.13230380357633434,0.0
3.7399999999998097,0.0039999999999995595,0.0,1.626626217624683,0.10819228209059019,-0.0006015058578816692,0.13250281254411903,0.0
3.7439999999998093,0.0039999999999995595,0.0,1.6259816737801684,0.10824844732437974,-0.0006017785786101939,0.13270825393920252,0.0
3.747999999999809,0.0039999999999995595,0.0,1.6253361237899633,0.1083043660188132,-0.0006020511918830429,0.13292022271167928,0.0
3.7519999999998084,0.0039999999999995595,0.0,1.6246895357993267,0.10836004026395145,-0.000602324256358734,0.1331387883290687,0.0
3.755999999999808,0.0039999999999995595,0.0,1.6240418777041277,0.10841547208757155,-0.0006025982956849364,0.13336399630277007,0.0
3.7599999999998075,0.0039999999999995595,0.0,1.6233931172591458,0.10847066344454746,-0.0006028737990551128,0.13359586990279707,0.0
3.763999999999807,0.0039999999999995595,0.0,1.6227432221786031,0.10852561620708019,-0.0006031512207395024,0.13383441194443815,0.0
3.7679999999998066,0.0039999999999995595,0.0,1.6220921602285492,0.10858033215583986,-0.0006034309792781887,0.1340796065730011,0.0
3.771999999999806,0.0039999999999995595,0.0,1.6214398993104715,0.10863481297221846,-0.0006037134384719992,0.13433142127730816,0.0
3.7759999999998057,0.0039999999999995595,0.0,1.6207864074870018,0.1086890602469502,-0.0006039972532246607,0.13458982449955537,0.0
3.7799999999998053,0.0039999999999995595,0.0,1.620131653101656,0.108743075462138,-0.000604280232295519,0.1348547469441927,0.0
3.783999999999805,0.0039999999999995595,0.0,1.6194756048744567,0.10879685997196159,-0.0006045610462160735,0.13512610867027566,0.0
3.7879999999998044,0.0039999999999995595,0.0,1.618818231930966,0.10885041500363617,-0.0006048388938673677,0.13540382298188813,0.0
3.791999999999804,0.0039999999999995595,0.0,1.6181595038428207,0.10890374165604975,-0.00060511329811388,0.13568779520451096,0.0
3.7959999999998035,0.0039999999999995595,0.0,1.6174993906671549,0.10895684089794362,-0.0006053839790604491,0.13597792299497768,0.0
3.799999999999803,0.0039999999999995595,0.0,1.6168378629819518,0.10900971356621546,-0.0006056507753336946,0.1362740971193735,0.0
3.8039999999998027,0.0039999999999995595,0.0,1.6161748919165613,0.10906236036457385,-0.000605913595365811,0.13657620239790938,0.0
3.807999999999802,0.0039999999999995595,0.0,1.6155104491772192,0.10911478186264413,-0.0006061723874320955,0.1368841187015177,0.0
3.8119999999998018,0.0039999999999995595,0.0,1.6148445070676545,0.10916697849556181,-0.0006064271213701952,0.13719772194343366,0.0
3.8159999999998013,0.0039999999999995595,0.0,1.614177038504973,0.10921895056405483,-0.0006066777775429225,0.13751688503473034,0.0
3.819999999999801,0.0039999999999995595,0.0,1.6135080170310852,0.10927069823499481,-0.0006069243402740535,0.13784147878692582,0.0
3.8239999999998004,0.0039999999999995595,0.0,1.612837416819967,0.10932222154238608,-0.0006071667940415506,0.1381713727532018,0.0
3.8279999999998,0.0039999999999995595,0.0,1.6121652126810717,0.10937352038875488,-0.0006074051213723337,0.13850643600500329,0.0
3.8319999999997996,0.0039999999999995595,0.0,1.6114913800592072,0.10942459454689898,-0.0006076393017936362,0.13884653784351184,0.0
3.835999999999799,0.0039999999999995595,0.0,1.6108158950311833,0.10947544366195701,-0.0006078693114471529,0.13919154844729167,0.0
3.8399999999997987,0.0039999999999995595,0.0,1.6101387342995368,0.10952606725375756,-0.0006080951231249687,0.13954133945807573,0.0
3.8439999999997982,0.0039999999999995595,0.0,1.6094598751836267,0.1095764647194097,-0.0006083167065779377,0.13989578450699217,0.0
3.847999999999798,0.0039999999999995595,0.0,1.6087792956083709,0.10962663533609783,-0.0006085340290015365,0.14025475968371395,0.0
3.8519999999997974,0.0039999999999995595,0.0,1.6080969740909081,0.10967657826404612,-0.0006087470556365916,0.14061814395100208,0.0
3.855999999999797,0.0039999999999995595,0.0,1.6074128897254236,0.10972629254961919,-0.0006089557504413085,0.14098581950706263,0.0
3.8599999999997965,0.0039999999999995595,0.0,1.6067270221663987,0.10977577712852839,-0.0006091600768031633,0.14135767209821778,0.0
3.863999999999796,0.0039999999999995595,0.0,1.6060393516105052,0.10982503082911435,-0.0006093599982664293,0.14173359128442584,0.0
3.8679999999997956,0.0039999999999995595,0.0,1.6053498587773676,0.10987405237567903,-0.0006095554792565093,0.1421134706601836,0.0
3.871999999999795,0.0039999999999995595,0.0,1.604658524889404,0.10992284039184236,-0.0006097464857858455,0.14249720803347202,0.0
3.8759999999997947,0.0039999999999995595,0.0,1.6039653316509304,0.10997139340390061,-0.0006099329861296505,0.14288470556556407,0.0
3.8799999999997943,0.0039999999999995595,0.0,1.6032702612267118,0.11001970984416584,-0.000610114951462005,0.1432758698744112,0.0
3.883999999999794,0.0039999999999995595,0.0,1.60257329622013,0.11006778805426769,-0.0006102923564451665,0.14367061210455703,0.0
3.8879999999997934,0.0039999999999995595,0.0,1.6018744196511097,0.11011562628840083,-0.0006104651797669019,0.1440688479664668,0.0
3.891999999999793,0.0039999999999995595,0.0,1.6011736149339497,0.11016322271650357,-0.0006106334046224401,0.14447049774814852,0.0
3.8959999999997925,0.0039999999999995595,0.0,1.6004708658551798,0.11021057542735481,-0.0006107970191388042,0.1448754863020649,0.0
3.899999999999792,0.0039999999999995595,0.0,1.5997661565515486,0.11025768243157845,-0.0006109560167408564,0.14528374301006888,0.0
3.9039999999997916,0.0039999999999995595,0.0,1.599059471488245,0.11030454166454629,-0.0006111103964589661,0.14569520172915906,0.0
3.907999999999791,0.0039999999999995595,0.0,1.5983507954374356,0.11035115098917193,-0.0006112601631793614,0.14610980072068327,0.0
3.9119999999997908,0.0039999999999995595,0.0,1.5976419282825292,0.1103967885951122,-0.000611394352483113,0.14502846419616813,0.0
3.9159999999997903,0.0039999999999995595,0.0,1.5969410612228983,0.1104393545900511,-0.0006115446031951715,0.14209095189756218,0.0
3.91999999999979,0.0039999999999995595,0.0,1.5962515121663814,0.1104790666530507,-0.0006117459594708117,0.13908096984753407,0.0
3.9239999999997894,0.0039999999999995595,0.0,1.5955744943660817,0.11051616545303686,-0.0006120075783210479,0.13621694410653631,0.0
3.927999999999789,0.0039999999999995595,0.0,1.5949087357002076,0.110550788710822,-0.0006123075357433909,0.1339505571150518,0.0
3.9319999999997886,0.0039999999999995595,0.0,1.5942494544662433,0.11058284637972249,-0.0006125993288381877,0.13264879199130658,0.0
3.935999999999788,0.0039999999999995595,0.0,1.5936136809634869,0.11060378006579295,-0.0006268301409667843,0.1316076793547986,0.0
3.9399999999997877,0.0039999999999995595,0.0,1.5929791004646519,0.11061709228903814,-0.0005887497273512176,0.13439950893278485,0.0
3.9439999999997872,0.0039999999999995595,0.0,1.5923164217370847,0.1106325975690841,-0.0005587238457862545,0.13665566782622127,0.0
3.947999999999787,0.0039999999999995595,0.0,1.5916515224990535,0.11064368451927414,-0.0005690736859222387,0.13757751490909442,0.0
3.9519999999997864,0.0039999999999995595,0.0,1.5909769020741353,0.1106538173401315,-0.0005949774777180809,0.1380678047543698,0.0
3.955999999999786,0.0039999999999995595,0.0,1.5902919986542992,0.11066345478650673,-0.0006309578840442339,0.13977076227041682,0.0
3.9599999999997855,0.0039999999999995595,0.0,1.589618792313792,0.11066628108362048,-0.0006068272663161431,0.13908842769190766,0.0
3.963999999999785,0.0039999999999995595,0.0,1.588942707754798,0.11066438293817177,-0.0006083684753822967,0.14132959343671164,0.0
3.9679999999997846,0.0039999999999995595,0.0,1.5882390348618773,0.11066741526888937,-0.0006096467594982443,0.1432619511469291,0.0
3.971999999999784,0.0039999999999995595,0.0,1.5877306034911909,0.11064314409696382,-0.000610449410504433,0.12554233008150967,0.0
3.9759999999997837,0.0039999999999995595,0.0,1.5871061302682214,0.1106310501948904,-0.0006110723207837514,0.13815762732862233,0.0
3.9799999999997833,0.0039999999999995595,0.0,1.5864115865207002,0.11062759953617121,-0.0006111975754153112,0.14511923751560768,0.0
3.983999999999783,0.0039999999999995595,0.0,1.5856821892202262,0.110629339455804,-0.0006118370221199497,0.14732218946248918,0.0
3.9879999999997824,0.0039999999999995595,0.0,1.5849391031922475,0.11063407167987536,-0.0006123700545843793,0.1474033812520874,0.0
3.991999999999782,0.0039999999999995595,0.0,1.5841934049390076,0.1106404386769592,-0.0006127967603025477,0.14651169575809914,0.0
3.9959999999997815,0.0039999999999995595,0.0,1.5834508495486304,0.11064754898428468,-0.0006131159428798685,0.14530392994745112,0.0
3.999999999999781,0.0039999999999995595,0.0,1.5828415346897735,0.11063476753919045,-0.0006424007238216726,0.1179025444667537,0.0
4.003999999999781,0.0040000000000000036,0.0,1.5822482351384397,0.11061624966878382,-0.00066434128801353,0.13435836076698623,0.0
4.007999999999781,0.0039999999999995595,0.0,1.5815744892254877,0.11060653457374241,-0.0006811597060769166,0.14292869927189228,0.0
4.01199999999978,0.0039999999999995595,0.0,1.5808568638170124,0.11060282770007696,-0.0006937285534480259,0.1468675448212178,0.0
4.01599999999978,0.0039999999999995595,0.0,1.5801177260730053,0.11060307798684108,-0.0007027917135548206,0.1482282355758178,0.0
4.019999999999779,0.0039999999999995595,0.0,1.5793702134271328,0.11060581468467756,-0.0007089902035632828,0.14826961572590952,0.0
4.023999999999779,0.0039999999999995595,0.0,1.5786310937228683,0.11060733382802859,-0.0006970762826652515,0.1465077053233329,0.0
4.027999999999778,0.0039999999999995595,0.0,1.578025299620864,0.11058873219975,-0.0006451162577586443,0.1206360890975565,0.0
4.031999999999778,0.0039999999999995595,0.0,1.5774254887572214,0.11056623174901552,-0.0006053096192164411,0.13830631726117967,0.0
4.0359999999997775,0.0039999999999995595,0.0,1.5767374128437066,0.11055356123311835,-0.0005742503261441076,0.14751986464785347,0.0
4.039999999999777,0.0039999999999995595,0.0,1.5759992427063385,0.11054779489401925,-0.0005506880065322945,0.15199049543301038,0.0
4.043999999999777,0.0039999999999995595,0.0,1.5752371056835288,0.11054638352622465,-0.0005327648227501597,0.15340748683898386,0.0
4.047999999999776,0.0039999999999995595,0.0,1.574465598657549,0.11054770574107073,-0.0005194411058325123,0.153354701856099,0.0
4.051999999999776,0.0039999999999995595,0.0,1.5736928354434678,0.11055061990103898,-0.0005098527370933,0.15265785688779973,0.0
4.055999999999775,0.0039999999999995595,0.0,1.5729478530807883,0.11054697354654804,-0.0005466748428371513,0.1503224526579635,0.0
4.059999999999775,0.0039999999999995595,0.0,1.572224906171118,0.11053661962437822,-0.0006312958186383148,0.1508482242284697,0.0
4.0639999999997745,0.0039999999999995595,0.0,1.571506772574134,0.11052062974624291,-0.0006574912281152277,0.1508534231532273,0.0
4.067999999999774,0.0039999999999995595,0.0,1.5707747046740972,0.11050375534105737,-0.0006304432727285976,0.15474689727704236,0.0
4.071999999999774,0.0039999999999995595,0.0,1.5701896776936193,0.1104952457138043,-0.0006093312684888367,0.1090696528077184,0.0
4.075999999999773,0.0039999999999995595,0.0,1.5697787486535926,0.11049111404913066,-0.0005934660479811756,0.07424471893019481,0.0
4.079999999999773,0.0039999999999995595,0.0,1.5695582049686252,0.11048478876242827,-0.0005818225693807293,0.03208807411970574,0.0
4.083999999999772,0.0039999999999995595,0.0,1.569469394945832,0.11047645311682512,-0.0005733592123910437,0.017326062528212723,0.0
4.087999999999772,0.0039999999999995595,0.0,1.5694312888588464,0.11046916072742412,-0.0005672125881840257,0.006493101643197908,0.0
4.091999999999771,0.0039999999999995595,0.0,1.5694311845937217,0.11046225669239379,-0.0005627871153242612,0.0017969600899858116,0.0
4.095999999999771,0.0039999999999995595,0.0,1.569458624616653,0.1104554590652719,-0.0005596325722960887,0.006964586524126701,0.0
4.0999999999997705,0.0039999999999995595,0.0,1.569505155986985,0.11044869384445029,-0.000557409430265043,0.010547473629130706,0.0
4.10399999999977,0.0039999999999995595,0.0,1.569564079240281,0.11044199301960414,-0.0005558679361908242,0.012754469555956643,0.0
4.10799999999977,0.0039999999999995595,0.0,1.56963021389149,0.11043542798333351,-0.0005548289150359763,0.013929520132292107,0.0
4.111999999999769,0.0039999999999995595,0.0,1.5696996626129134,0.11042907084469589,-0.0005541539202550254,0.01435249196579242,0.0
4.115999999999769,0.0039999999999995595,0.0,1.569769553149201,0.1104229874537304,-0.0005537382884435713,0.014239611980641253,0.0
4.119999999999768,0.0039999999999995595,0.0,1.5698378317076798,0.11041723037426117,-0.0005535047352143362,0.013757843737491286,0.0
4.123999999999768,0.0039999999999995595,0.0,1.569903088617426,0.11041183621881642,-0.0005533965812619751,0.01303420729682589,0.0
4.127999999999767,0.0039999999999995595,0.0,1.569964411911826,0.11040682618671901,-0.0005533726054588538,0.012163730054297002,0.0
4.131999999999767,0.0039999999999995595,0.0,1.5700212633131032,0.1104022090418437,-0.0005534032908137495,0.011215461282086104,0.0
4.1359999999997665,0.0039999999999995595,0.0,1.5700733815088885,0.11039798341055633,-0.0005534674995359686,0.010239285829554495,0.0
4.139999999999766,0.0039999999999995595,0.0,1.5701207108942052,0.11039413879118277,-0.0005535503938393125,0.009271346861309402,0.0
4.143999999999766,0.0039999999999995595,0.0,1.570163344148431,0.11039065742394105,-0.0005536419166166759,0.008336415899277014,0.0
4.147999999999765,0.0039999999999995595,0.0,1.5702014744350532,0.11038751689298264,-0.0005537354134825407,0.007450463093143316,0.0
4.151999999999765,0.0039999999999995595,0.0,1.570235402592822,0.11038468652133393,-0.0005538266733953818,0.006633977464777543,0.0
4.155999999999764,0.0039999999999995595,0.0,1.5702654869334698,0.11038213202682058,-0.000553913093739352,0.0058896627124533345,0.0
4.159999999999764,0.0039999999999995595,0.0,1.5702920584075644,0.1103798248242428,-0.0005539935416359924,0.0052116261899216865,0.0
4.1639999999997634,0.0039999999999995595,0.0,1.5703154274486566,0.11037773950665367,-0.0005540690867328798,0.004596620167528613,0.0
4.167999999999763,0.0039999999999995595,0.0,1.5703359103385859,0.11037584847220767,-0.0005541424292150488,0.004044219632818788,0.0
4.171999999999763,0.0039999999999995595,0.0,1.570353791540407,0.11037412857669933,-0.0005542161048290842,0.0035469157240039443,0.0
4.175999999999762,0.0039999999999995595,0.0,1.5703693231113895,0.11037256095374656,-0.0005542914210944884,0.003098650506672167,0.0
4.179999999999762,0.0039999999999995595,0.0,1.5703827335660367,0.11037112956228197,-0.0005543686809733631,0.0026947775132176756,0.0
4.183999999999761,0.0039999999999995595,0.0,1.570394232593819,0.11036982034235118,-0.0005544474739605855,0.0023315475207919406,0.0
4.187999999999761,0.0039999999999995595,0.0,1.5704040166375497,0.11036862061831045,-0.0005545262066660562,0.002006080765479759,0.0
4.19199999999976,0.0039999999999995595,0.0,1.5704122795873685,0.11036751883104232,-0.0005546064872949173,0.0017172895043844091,0.0
4.19599999999976,0.0039999999999995595,0.0,1.5704191745296716,0.1103665045239738,-0.0005546843479129412,0.0014579279511402427,0.0
4.1999999999997595,0.0039999999999995595,0.0,1.5704248564025407,0.11036556809980118,-0.0005547595041013336,0.00122760400530679,0.0
4.203999999999759,0.0039999999999995595,0.0,1.5704294651514072,0.11036470082251881,-0.0005548317253878903,0.0010234242629449063,0.0
4.207999999999759,0.0039999999999995595,0.0,1.5704331272869088,0.1103638947331828,-0.0005549008188764821,0.0008428036943396208,0.0
4.211999999999758,0.0039999999999995595,0.0,1.5704359571717683,0.11036314258505102,-0.0005549666207308758,0.0006834170136433574,0.0
4.215999999999758,0.0039999999999995595,0.0,1.5704380581142796,0.1103624377904344,-0.0005550289917380302,0.0005431623618589362,0.0
4.219999999999757,0.0039999999999995595,0.0,1.5704395233212258,0.11036177437458924,-0.000555087814885729,0.00042013390801585115,0.0
4.223999999999757,0.0039999999999995595,0.0,1.5704404367460054,0.11036114693388344,-0.0005551429938613539,0.00031260142138447557,0.0
4.227999999999756,0.0039999999999995595,0.0,1.5704408738560642,0.11036055059666176,-0.0005551944519193734,0.00021899707595925404,0.0
4.231999999999756,0.0039999999999995595,0.0,1.5704409023357946,0.11035998098596934,-0.0005552421308575743,0.00013791780981496033,0.0
4.2359999999997555,0.0039999999999995595,0.0,1.5704405827357262,0.1103594341837324,-0.0005552859899943962,6.821810570888478e-05,0.0
4.239999999999755,0.0039999999999995595,0.0,1.5704399690752902,0.11035890669624852,-0.0005553260051145349,1.2290055236389379e-05,0.0
4.243999999999755,0.0039999999999995595,0.0,1.5704391094041235,0.11035839542097549,-0.0005553621673837165,4.4915783300395106e-05,0.0
4.247999999999754,0.0039999999999995595,0.0,1.5704380463253689,0.11035789761467224,-0.0005553944822461008,8.77370077228806e-05,0.0
4.251999999999754,0.0039999999999995595,0.0,1.5704368174835082,0.11035741086296867,-0.0005554229683202779,0.00012394566716511125,0.0
4.255999999999753,0.0039999999999995595,0.0,1.5704354560186893,0.11035693305143891,-0.0005554476563082978,0.00015406527023780655,0.0
4.259999999999753,0.0039999999999995595,0.0,1.5704339909891811,0.1103564623382383,-0.0005554685879289797,0.00017877704413328397,0.0
4.263999999999752,0.0039999999999995595,0.0,1.570432447763411,0.11035599712834473,-0.0005554858148838939,0.00019872622025498432,0.0
4.267999999999752,0.0039999999999995595,0.0,1.5704308483829559,0.11035553604942297,-0.0005554993978616842,0.00021450200371492373,0.0
4.2719999999997516,0.0039999999999995595,0.0,1.5704292118978316,0.11035507792931051,-0.0005555094055845287,0.00022663682228156841,0.0
4.275999999999751,0.0039999999999995595,0.0,1.570427554675412,0.11035462177510508,-0.0005555159138990074,0.00023560938708265132,0.0
4.279999999999751,0.0039999999999995595,0.0,1.5704258906843274,0.11035416675381801,-0.0005555190049125965,0.00024184863263427352,0.0
4.28399999999975,0.0039999999999995595,0.0,1.5704242317546862,0.11035371217454536,-0.0005555187661762962,0.0002457377714775737,0.0
4.28799999999975,0.0039999999999995595,0.0,1.5704225878159817,0.11035325747209813,-0.0005555152899133787,0.0002476182232135695,0.0
4.291999999999749,0.0039999999999995595,0.0,1.570420967114045,0.110352802192026,-0.0005555086722938254,0.00024779333513028404,0.0
4.295999999999749,0.0039999999999995595,0.0,1.5704193764083472,0.11035234597696295,-0.0005554990127537377,0.0002465318668317682,0.0
4.2999999999997485,0.0039999999999995595,0.0,1.5704178211510056,0.11035188855422053,-0.000555486413358818,0.00024407123302514077,0.0
4.303999999999748,0.0039999999999995595,0.0,1.5704163056487512,0.11035142972455235,-0.0005554709782108607,0.00024062050806887312,0.0
4.307999999999748,0.0039999999999995595,0.0,1.5704148332091061,0.11035096935201288,-0.0005554528128959874,0.00023636320031448845,0.0
4.311999999999747,0.0039999999999995595,0.0,1.5704134062719637,0.11035050735483473,-0.0005554320239733075,0.0002314598064616101,0.0
4.315999999999747,0.0039999999999995595,0.0,1.5704120265277246,0.11035004369724961,-0.0005554087185026212,0.0002260501572228562,0.0
4.319999999999746,0.0039999999999995595,0.0,1.5704106950230665,0.11034957838218099,-0.0005553830036096398,0.00022025556609206427,0.0
4.323999999999746,0.0039999999999995595,0.0,1.5704094122553935,0.1103491114447386,-0.0005553549860872562,0.00021418079320732023,0.0
4.327999999999745,0.0039999999999995595,0.0,1.570408178256931,0.11034864294644871,-0.000555324772031293,0.0002079158361849759,0.0
4.331999999999745,0.0039999999999995595,0.0,1.570406992669378,0.11034817297015673,-0.0005552924665091913,0.00020153755965965912,0.0
4.3359999999997445,0.0039999999999995595,0.0,1.5704058548099806,0.11034770161554298,-0.0005552581732600866,0.00019511117488772324,0.0
4.339999999999744,0.0039999999999995595,0.0,1.5704047637298135,0.11034722899519558,-0.000555221994424727,0.00018869158045781796,0.0
4.343999999999744,0.0039999999999995595,0.0,1.5704037182650135,0.11034675523118809,-0.0005551840303037273,0.00018232457461122607,0.0
4.347999999999743,0.0039999999999995595,0.0,1.5704027170816464,0.11034628045211342,-0.0005551443791426731,0.0001760479492739396,0.0
4.351999999999743,0.0039999999999995595,0.0,1.5704017587148422,0.11034580479052873,-0.0005551031369426109,0.00016989247534077484,0.0
4.355999999999742,0.0039999999999995595,0.0,1.5704008416027726,0.11034532838076949,-0.0005550603972945174,0.00016388278820985848,0.0
4.359999999999742,0.0039999999999995595,0.0,1.5703999641160113,0.11034485135709421,-0.0005550162512363599,0.00015803818206967682,0.0
4.363999999999741,0.0039999999999995595,0.0,1.5703991245827549,0.11034437385212453,-0.0005549707871313947,0.00015237332084900695,0.0
4.367999999999741,0.0039999999999995595,0.0,1.5703983213103612,0.11034389599554813,-0.0005549240905664619,0.0001468988732440501,0.0
4.3719999999997405,0.0039999999999995595,0.0,1.5703975526035983,0.11034341791305469,-0.0005548762442689197,0.0001416220787053205,0.0
4.37599999999974,0.0039999999999995595,0.0,1.5703968167799844,0.11034293972547818,-0.0005548273280411149,0.00013654725074872034,0.0
4.37999999999974,0.0039999999999995595,0.0,1.5703961121825432,0.1103424615481205,-0.0005547774187111005,0.00013167622350115422,0.0
4.383999999999739,0.0039999999999995595,0.0,1.5703954371902846,0.11034198349023436,-0.0005547265900985712,0.00012700874687257557,0.0
4.387999999999739,0.0039999999999995595,0.0,1.5703947902266815,0.11034150565464519,-0.000554674912994813,0.00012254283536926493,0.0
4.391999999999738,0.0039999999999995595,0.0,1.5703941697663903,0.1103410281374938,-0.0005546224551556767,0.0001182750751092794,0.0
4.395999999999738,0.0039999999999995595,0.0,1.5703935743404374,0.11034055102808334,-0.0005545692813065255,0.00011420089319683148,0.0
4.3999999999997375,0.0039999999999995595,0.0,1.5703930025400694,0.1103400744088158,-0.0005545154531581776,0.00011031479331304532,0.0
4.403999999999737,0.0039999999999995595,0.0,1.570392453019452,0.11033959835520493,-0.0005544610294328764,0.00010661056095370395,0.0
4.407999999999737,0.0039999999999995595,0.0,1.57039192449737,0.11033912293595352,-0.0005544060658994022,0.00010308144150536587,0.0
4.411999999999736,0.0039999999999995595,0.0,1.5703914157580758,0.1103386482130847,-0.0005543506154164496,9.972029402165739e-05,0.0
4.415999999999736,0.0039999999999995595,0.0,1.5703909256514161,0.11033817424211784,-0.0005542947279834021,9.651972330902922e-05,0.0
4.419999999999735,0.0039999999999995595,0.0,1.5703904530923456,0.11033770107228064,-0.0005542384507977457,9.347219269443876e-05,0.0
4.423999999999735,0.0039999999999995595,0.0,1.5703899970599315,0.11033722874675018,-0.0005541818283183258,9.057011959513028e-05,0.0
4.427999999999734,0.0039999999999995595,0.0,1.5703895565959365,0.11033675730291646,-0.0005541249023337469,8.780595586147384e-05,0.0
4.431999999999734,0.0039999999999995595,0.0,1.5703891308030575,0.11033628677266268,-0.0005540677120351894,8.517225461260719e-05,0.0
4.4359999999997335,0.0039999999999995595,0.0,1.5703887188428938,0.11033581718265735,-0.0005540102940930503,8.266172517372951e-05,0.0
4.439999999999733,0.0039999999999995595,0.0,1.5703883199337,0.11033534855465411,-0.0005539526827367339,8.026727753184995e-05,0.0
4.443999999999733,0.0039999999999995595,0.0,1.570387933347979,0.11033488090579524,-0.0005538949098370512,7.798205761519702e-05,0.0
4.447999999999732,0.0039999999999995595,0.0,1.5703875584099627,0.11033441424891585,-0.000553837004990668,7.579947453869914e-05,0.0
4.451999999999732,0.0039999999999995595,0.0,1.5703871944930143,0.11033394859284613,-0.0005537789956060927,7.371322088390134e-05,0.0
4.455999999999731,0.0039999999999995595,0.0,1.5703868410169959,0.11033348394270913,-0.0005537209069907511,7.171728694114244e-05,0.0
4.459999999999731,0.0039999999999995595,0.0,1.5703864974456199,0.11033302030021234,-0.0005536627624387088,6.980596976019135e-05,0.0
4.46399999999973,0.0039999999999995595,0.0,1.5703861632838179,0.11033255766393141,-0.0005536045833185959,6.797387776311855e-05,0.0
4.46799999999973,0.0039999999999995595,0.0,1.5703858380751434,0.11033209602958469,-0.0005535463891614261,6.621593159748488e-05,0.0
4.4719999999997295,0.0039999999999995595,0.0,1.5703855213887485,0.11033163539092199,-0.0005534882015059285,6.453053452250558e-05,0.0
4.475999999999729,0.0039999999999995595,0.0,1.570385212762357,0.11033117574340402,-0.0005534300791980773,6.292139141924955e-05,0.0
4.479999999999729,0.0039999999999995595,0.0,1.5703849117883724,0.11033071707943971,-0.0005533721150856205,6.137457841539833e-05,0.0
4.483999999999728,0.0039999999999995595,0.0,1.5703846181296253,0.11033025938724698,-0.0005533144101394814,5.987939652790102e-05,0.0
4.487999999999728,0.0039999999999995595,0.0,1.5703843314997061,0.11032980265188304,-0.000553257059162082,5.842887702868618e-05,0.0
4.491999999999727,0.0039999999999995595,0.0,1.5703840516492562,0.11032934685605497,-0.0005532001432561981,5.7018539452917214e-05,0.0
4.495999999999727,0.0039999999999995595,0.0,1.5703837783564745,0.11032889198074584,-0.0005531437265658229,5.564552171616128e-05,0.0
4.499999999999726,0.0039999999999995595,0.0,1.570383511420568,0.11032843800569207,-0.0005530878556331699,5.430798103732083e-05,0.0
4.503999999999726,0.0039999999999995595,0.0,1.570383250642996,0.11032798491060739,-0.0005530325551482982,5.300955575875328e-05,0.0
4.507999999999726,0.0039999999999995595,0.0,1.5703829958002367,0.110327532677109,-0.0005529778078380892,5.175578814103826e-05,0.0
4.511999999999725,0.0039999999999995595,0.0,1.5703827467087286,0.11032708128501371,-0.0005529235675356751,5.054078763119306e-05,0.0
4.515999999999725,0.0039999999999995595,0.0,1.570382503218878,0.1103266307124955,-0.0005528697752884591,4.936050830534838e-05,0.0
4.519999999999724,0.0039999999999995595,0.0,1.5703822652030786,0.11032618093671426,-0.0005528163687658786,4.821216732298959e-05,0.0
4.523999999999724,0.0039999999999995595,0.0,1.5703820325477564,0.1103257319342879,-0.0005527632877715224,4.709383123096281e-05,0.0
4.527999999999723,0.0039999999999995595,0.0,1.5703818051482021,0.11032528368163723,-0.0005527104772252824,4.600412508380873e-05,0.0
4.531999999999723,0.0039999999999995595,0.0,1.5703815829052978,0.11032483615523195,-0.0005526578885341834,4.494203143712015e-05,0.0
4.5359999999997225,0.0039999999999995595,0.0,1.5703813657235077,0.11032438933176189,-0.0005526054799661623,4.390675451689771e-05,0.0
4.539999999999722,0.0039999999999995595,0.0,1.5703811535097056,0.11032394318825371,-0.0005525532164338536,4.289763099189471e-05,0.0
4.543999999999722,0.0039999999999995595,0.0,1.570380946172528,0.11032349770214843,-0.0005525010689546417,4.191407341482483e-05,0.0
4.547999999999721,0.0039999999999995595,0.0,1.5703807436220512,0.11032305285135174,-0.0005524490139579849,4.095553604931359e-05,0.0
4.551999999999721,0.0039999999999995595,0.0,1.5703805457696598,0.11032260861426585,-0.0005523970325467532,4.002149564175128e-05,0.0
4.55599999999972,0.0039999999999995595,0.0,1.5703803525280138,0.11032216496980894,-0.0005523451097766642,3.9111441784097707e-05,0.0
4.55999999999972,0.0039999999999995595,0.0,1.5703801638110573,0.11032172189742681,-0.0005522932339895573,3.822487316212261e-05,0.0
4.563999999999719,0.0039999999999995595,0.0,1.570379979534045,0.11032127937709946,-0.0005522413962179878,3.736129717162717e-05,0.0
4.567999999999719,0.0039999999999995595,0.0,1.5703797996135558,0.1103208373893446,-0.0005521895896671745,3.6520231212462285e-05,0.0
4.5719999999997185,0.0039999999999995595,0.0,1.5703796239674943,0.11032039591521926,-0.0005521378092731748,3.5701204618911884e-05,0.0
4.575999999999718,0.0039999999999995595,0.0,1.5703794525150743,0.11031995493632013,-0.0005520860513322608,3.490376057746272e-05,0.0
4.579999999999718,0.0039999999999995595,0.0,1.570379285176783,0.11031951443478316,-0.0005520343131944441,3.412745769772441e-05,0.0
4.583999999999717,0.0039999999999995595,0.0,1.570379121874336,0.11031907439328226,-0.000551982593013203,3.337187106119697e-05,0.0
4.587999999999717,0.0039999999999995595,0.0,1.5703789625306164,0.11031863479502754,-0.0005519308895435413,3.263659272883867e-05,0.0
4.591999999999716,0.0039999999999995595,0.0,1.5703788070696107,0.11031819562376263,-0.0005518792019809561,3.1921231703309244e-05,0.0
4.595999999999716,0.0039999999999995595,0.0,1.570378655416342,0.1103177568637614,-0.0005518275298345335,3.122541345093317e-05,0.0
4.599999999999715,0.0039999999999995595,0.0,1.5703785074967997,0.1103173184998237,-0.0005517758728281847,3.0548779039104717e-05,0.0
4.603999999999715,0.0039999999999995595,0.0,1.570378363237878,0.11031688051727033,-0.0005517242308248317,2.989098400502933e-05,0.0
4.6079999999997145,0.0039999999999995595,0.0,1.5703782225673106,0.11031644290193705,-0.0005516726037691426,2.925169700217161e-05,0.0
4.611999999999714,0.0039999999999995595,0.0,1.5703780854136222,0.11031600564016769,-0.0005516209916450935,2.8630598344417577e-05,0.0
4.615999999999714,0.0039999999999995595,0.0,1.5703779517060745,0.11031556871880628,-0.0005515693944452564,2.802737846950085e-05,0.0
4.619999999999713,0.0039999999999995595,0.0,1.5703778213746293,0.11031513212518843,-0.0005515178121492909,2.7441736402467654e-05,0.0
4.623999999999713,0.0039999999999995595,0.0,1.5703776943499177,0.11031469584713181,-0.0005514662447095446,2.6873378254187177e-05,0.0
4.627999999999712,0.0039999999999995595,0.0,1.570377570563214,0.11031425987292588,-0.0005514146920420911,2.6322015783767024e-05,0.0
4.631999999999712,0.0039999999999995595,0.0,1.5703774499464171,0.11031382419132094,-0.0005513631540218911,2.5787365039327646e-05,0.0
4.6359999999997115,0.0039999999999995595,0.0,1.5703773324320418,0.11031338879151652,-0.0005513116304809328,2.5269145132351607e-05,0.0
4.639999999999711,0.0039999999999995595,0.0,1.5703772179532147,0.11031295366314932,-0.0005512601212086009,2.4767077097451506e-05,0.0
4.643999999999711,0.0039999999999995595,0.0,1.5703771064436773,0.11031251879628065,-0.0005512086259535673,2.4280882897073882e-05,0.0
4.64799999999971,0.0039999999999995595,0.0,1.5703769978377913,0.1103120841813835,-0.0005511571444266933,2.3810284549574967e-05,0.0
4.65199999999971,0.0039999999999995595,0.0,1.570376892069787,0.11031164980937506,-0.0005511056760554866,2.3355295047167114e-05,0.0
4.655999999999709,0.0039999999999995595,0.0,1.570376789058148,0.11031121567256821,-0.0005510542130285623,2.292024465229803e-05,0.0
4.659999999999709,0.0039999999999995595,0.0,1.5703766887191735,0.11031078176397208,-0.0005510027358043779,2.2505312400853012e-05,0.0
4.663999999999708,0.0039999999999995595,0.0,1.5703765909815872,0.1103103480763542,-0.0005509512194985752,2.210940911901505e-05,0.0
4.667999999999708,0.0039999999999995595,0.0,1.570376495782285,0.11030991460239563,-0.0005508996378289437,2.1731582487188348e-05,0.0
4.6719999999997075,0.0039999999999995595,0.0,1.5703764030633616,0.11030948133481544,-0.0005508479654954949,2.137099506034058e-05,0.0
4.675999999999707,0.0039999999999995595,0.0,1.5703763127700785,0.11030904826646468,-0.0005507961795142891,2.1026901862530905e-05,0.0
4.679999999999707,0.0039999999999995595,0.0,1.5703762248495197,0.11030861539039291,-0.0005507442598650755,2.0698630120270012e-05,0.0
4.683999999999706,0.0039999999999995595,0.0,1.5703761392497373,0.110308182699892,-0.0005506921897009869,2.0385562274915683e-05,0.0
4.687999999999706,0.0039999999999995595,0.0,1.5703760559192381,0.11030775018852199,-0.0005506399552897773,2.0087122532709422e-05,0.0
4.691999999999705,0.0039999999999995595,0.0,1.570375974806711,0.1103073178501232,-0.0005505875458007329,1.980276668680206e-05,0.0
4.695999999999705,0.0039999999999995595,0.0,1.570375895860913,0.11030688567881844,-0.0005505349530127983,1.9531974686822846e-05,0.0
4.699999999999704,0.0039999999999995595,0.0,1.5703758190306534,0.11030645366900832,-0.0005504821709925819,1.927424540909122e-05,0.0
4.703999999999704,0.0039999999999995595,0.0,1.5703757442648438,0.11030602181536182,-0.0005504291957724947,1.902909310610787e-05,0.0
4.7079999999997035,0.0039999999999995595,0.0,1.5703756715125832,0.11030559011280415,-0.0005503760250467937,1.8796045067232245e-05,0.0
4.711999999999703,0.0039999999999995595,0.0,1.5703756007232577,0.11030515855650293,-0.0005503226578949752,1.8574640157656633e-05,0.0
4.715999999999703,0.0039999999999995595,0.0,1.5703755318466448,0.11030472714185385,-0.0005502690945365026,1.836442795735262e-05,0.0
4.719999999999702,0.0039999999999995595,0.0,1.5703754648330144,0.11030429586446629,-0.0005502153361174519,1.8164968313318997e-05,0.0
4.723999999999702,0.0039999999999995595,0.0,1.570375399632164,0.11030386472021209,-0.0005501613848994272,1.7975941885927556e-05,0.0
4.727999999999701,0.0039999999999995595,0.0,1.570375336181907,0.1103034337059236,-0.0005501072502099209,1.7797023532106073e-05,0.0
4.731999999999701,0.0039999999999995595,0.0,1.5703752744206634,0.11030300281870956,-0.0005500529507508709,1.7625457442076814e-05,0.0
4.7359999999997004,0.0039999999999995595,0.0,1.5703752142963021,0.11030257205538081,-0.0005499985093225482,1.7459268614029535e-05,0.0
4.7399999999997,0.0039999999999995595,0.0,1.5703751557629455,0.11030214141257964,-0.0005499439495862245,1.729739892610925e-05,0.0
4.7439999999997,0.0039999999999995595,0.0,1.5703750987787493,0.11030171088688082,-0.000549889294144074,1.7139380246048654e-05,0.0
4.747999999999699,0.0039999999999995595,0.0,1.5703750433043986,0.11030128047486674,-0.0005498345634945732,1.6985105938368125e-05,0.0
4.751999999999699,0.0039999999999995595,0.0,1.570374989302125,0.11030085017318007,-0.0005497797755572839,1.683467424462843e-05,0.0
4.755999999999698,0.0039999999999995595,0.0,1.5703749367350854,0.1103004199785583,-0.0005497249455564813,1.6688283546371143e-05,0.0
4.759999999999698,0.0039999999999995595,0.0,1.5703748855669994,0.1102999898878545,-0.0005496700861204369,1.6546164606282242e-05,0.0
4.763999999999697,0.0039999999999995595,0.0,1.5703748357619582,0.11029955989804766,-0.0005496152075004247,1.6408538768548055e-05,0.0
4.767999999999697,0.0039999999999995595,0.0,1.5703747872843452,0.11029913000624578,-0.0005495603178464744,1.6275594056754356e-05,0.0
4.7719999999996965,0.0039999999999995595,0.0,1.5703747400988304,0.11029870020968398,-0.0005495054234997599,1.6147473325097835e-05,0.0
4.775999999999696,0.0039999999999995595,0.0,1.5703746941704058,0.11029827050571939,-0.0005494505292771784,1.6024270286455646e-05,0.0
4.779999999999696,0.0039999999999995595,0.0,1.5703746494644422,0.11029784089182422,-0.0005493956387342505,1.590603047069641e-05,0.0
4.783999999999695,0.0039999999999995595,0.0,1.5703746059467567,0.11029741136557801,-0.0005493407543994493,1.5792755079621194e-05,0.0
4.787999999999695,0.0039999999999995595,0.0,1.5703745635836777,0.1102969819246595,-0.000549285877977618,1.5684406333342035e-05,0.0
4.791999999999694,0.0039999999999995595,0.0,1.570374522342105,0.11029655256683882,-0.000549231010522872,1.5580913414308406e-05,0.0
4.795999999999694,0.0039999999999995595,0.0,1.5703744821895662,0.11029612328996997,-0.0005491761525830973,1.548217839412525e-05,0.0
4.799999999999693,0.0039999999999995595,0.0,1.5703744430942608,0.1102956940919841,-0.0005491213043188674,1.538808183615665e-05,0.0
4.803999999999693,0.0039999999999995595,0.0,1.5703744050250932,0.11029526497088323,-0.0005490664656000032,1.5298487844789998e-05,0.0
4.8079999999996925,0.0039999999999995595,0.0,1.5703743679517026,0.11029483592473478,-0.0005490116360830393,1.5213248485448702e-05,0.0
4.811999999999692,0.0039999999999995595,0.0,1.5703743318444814,0.11029440695166676,-0.0005489568152725855,1.5132207579423414e-05,0.0
4.815999999999692,0.0039999999999995595,0.0,1.570374296674586,0.11029397804986338,-0.0005489020025693622,1.5055203873773008e-05,0.0
4.819999999999691,0.0039999999999995595,0.0,1.570374262413943,0.11029354921756142,-0.000548847197307327,1.4982073650501362e-05,0.0
4.823999999999691,0.0039999999999995595,0.0,1.5703742290352507,0.11029312045304694,-0.000548792398781986,1.4912652837547685e-05,0.0
4.82799999999969,0.0039999999999995595,0.0,1.5703741965119742,0.11029269175465246,-0.0005487376062716593,1.4846778677674513e-05,0.0
4.83199999999969,0.0039999999999995595,0.0,1.5703741648183378,0.1102922631207545,-0.0005486828190531496,1.4784291034194932e-05,0.0
4.835999999999689,0.0039999999999995595,0.0,1.5703741339293158,0.1102918345497714,-0.0005486280364130869,1.4725033370935485e-05,0.0
4.839999999999689,0.0039999999999995595,0.0,1.5703741038206207,0.11029140604016151,-0.0005485732576558775,1.4668853487137826e-05,0.0
4.8439999999996886,0.0039999999999995595,0.0,1.5703740744686878,0.11029097759042143,-0.000548518482109083,1.4615604034152548e-05,0.0
4.847999999999688,0.0039999999999995595,0.0,1.570374045850661,0.11029054919908468,-0.0005484637091268467,1.4565142865020012e-05,0.0
4.851999999999688,0.0039999999999995595,0.0,1.5703740179443746,0.1102901208647203,-0.0005484089380918849,1.451733324404364e-05,0.0
4.855999999999687,0.0039999999999995595,0.0,1.570373990728339,0.11028969258593176,-0.0005483541684164045,1.4472043956094388e-05,0.0
4.859999999999687,0.0039999999999995595,0.0,1.5703739641817203,0.11028926436135585,-0.0005482993995422772,1.4429149323678799e-05,0.0
4.863999999999686,0.0039999999999995595,0.0,1.5703739382843263,0.11028883618966183,-0.0005482446309406846,1.4388529168684564e-05,0.0
4.867999999999686,0.0039999999999995595,0.0,1.5703739130165841,0.11028840806955048,-0.0005481898621114041,1.4350068719434799e-05,0.0
4.8719999999996855,0.0039999999999995595,0.0,1.5703738883595262,0.11028797999975337,-0.0005481350925818878,1.4313658485201743e-05,0.0
4.875999999999685,0.0039999999999995595,0.0,1.5703738642947707,0.1102875519790321,-0.0005480803219061813,1.4279194111569676e-05,0.0
4.879999999999685,0.0039999999999995595,0.0,1.5703738408045047,0.11028712400617764,-0.0005480255496637958,1.4246576208875712e-05,0.0
4.883999999999684,0.0039999999999995595,0.0,1.5703738178714681,0.11028669608000966,-0.0005479707754585692,1.4215710168370744e-05,0.0
4.887999999999684,0.0039999999999995595,0.0,1.5703737954789334,0.11028626819937595,-0.0005479159989175289,1.4186505986758388e-05,0.0
4.891999999999683,0.0039999999999995595,0.0,1.5703737736106942,0.11028584036315188,-0.000547861219689809,1.4158878069509913e-05,0.0
4.895999999999683,0.0039999999999995595,0.0,1.5703737522510448,0.11028541257023979,-0.0005478064374455869,1.4132745051983753e-05,0.0
4.899999999999682,0.0039999999999995595,0.0,1.570373731384764,0.1102849848195685,-0.0005477516518750979,1.41080296093532e-05,0.0
4.903999999999682,0.0039999999999995595,0.0,1.5703737109971083,0.11028455711009282,-0.0005476968626876962,1.4084658273049896e-05,0.0
4.9079999999996815,0.0039999999999995595,0.0,1.5703736910737842,0.11028412944079304,-0.0005476420696109786,1.4062561255560546e-05,0.0
4.911999999999681,0.0039999999999995595,0.0,1.5703736716009424,0.11028370181067447,-0.0005475872723899452,1.4041672284019724e-05,0.0
4.915999999999681,0.0039999999999995595,0.0,1.5703736525651606,0.110283274218767,-0.000547532470786214,1.4021928427400623e-05,0.0
4.91999999999968,0.0039999999999995595,0.0,1.5703736339534302,0.1102828466641246,-0.0005474776645772973,1.4003269940621782e-05,0.0
4.92399999999968,0.0039999999999995595,0.0,1.5703736157531438,0.11028241914582491,-0.0005474228535558846,1.39856401129496e-05,0.0
4.927999999999679,0.0039999999999995595,0.0,1.5703735979520819,0.11028199166296883,-0.0005473680375291928,1.3968985119049132e-05,0.0
4.931999999999679,0.0039999999999995595,0.0,1.5703735805383994,0.11028156421468002,-0.0005473132163183367,1.395325387949534e-05,0.0
4.935999999999678,0.0039999999999995595,0.0,1.5703735635006144,0.11028113680010458,-0.000547258389757721,1.3938397926584148e-05,0.0
4.939999999999678,0.0039999999999995595,0.0,1.5703735468275974,0.11028070941841057,-0.0005472035576944507,1.3924371282371163e-05,0.0
4.9439999999996775,0.0039999999999995595,0.0,1.5703735305085569,0.11028028206878762,-0.0005471487199877818,1.391113032665775e-05,0.0
4.947999999999677,0.0039999999999995595,0.0,1.5703735145330329,0.11027985475044647,-0.0005470938765085703,1.3898633690270887e-05,0.0
4.951999999999677,0.0039999999999995595,0.0,1.5703734988908822,0.11027942746261866,-0.0005470390271387574,1.3886842136526016e-05,0.0
4.955999999999676,0.0039999999999995595,0.0,1.5703734835722705,0.11027900020455608,-0.0005469841717708637,1.3875718457038432e-05,0.0
4.959999999999676,0.0039999999999995595,0.0,1.5703734685676616,0.11027857297553056,-0.0005469293103074973,1.3865227375539353e-05,0.0
4.963999999999675,0.0039999999999995595,0.0,1.5703734538678078,0.11027814577483351,-0.0005468744426608575,1.3855335449133972e-05,0.0
4.967999999999675,0.0039999999999995595,0.0,1.5703734394637408,0.11027771860177549,-0.000546819568752268,1.3846010978456467e-05,0.0
4.9719999999996745,0.0039999999999995595,0.0,1.5703734253467632,0.11027729145568586,-0.0005467646885117279,1.3837223914449504e-05,0.0
4.975999999999674,0.0039999999999995595,0.0,1.570373411508439,0.11027686433591238,-0.0005467098018774521,1.3828945787625816e-05,0.0
4.979999999999674,0.0039999999999995595,0.0,1.570373397940586,0.1102764372418208,-0.000546654908795434,1.3821149617086687e-05,0.0
4.983999999999673,0.0039999999999995595,0.0,1.5703733846352665,0.11027601017279454,-0.0005466000092190253,1.3813809841756451e-05,0.0
4.987999999999673,0.0039999999999995595,0.0,1.570373371584782,0.11027558312823423,-0.0005465451031085126,1.3806902251442964e-05,0.0
4.991999999999672,0.0039999999999995595,0.0,1.5703733587816628,0.11027515610755742,-0.0005464901904307027,1.3800403912775898e-05,0.0
4.995999999999672,0.0039999999999995595,0.0,1.5703733462186622,0.11027472911019816,-0.0005464352711585433,1.3794293105369257e-05,0.0
4.999999999999671,0.0039999999999995595,0.0,1.5703733338887502,0.11027430213560661,-0.0005463803452707274,1.3788549265922749e-05,0.0
5.003999999999671,0.0039999999999995595,0.0,1.5703733217851046,0.11027387518324876,-0.0005463254127513145,1.3783152925938973e-05,0.0
5.0079999999996705,0.0039999999999995595,0.0,1.5703733099011064,0.11027344825260595,-0.0005462704735893679,1.3778085652926648e-05,0.0
5.01199999999967,0.0039999999999995595,0.0,1.570373298230331,0.1102730213431746,-0.0005462155277786124,1.3773330002290985e-05,0.0
5.01599999999967,0.0039999999999995595,0.0,1.5703732867665492,0.11027259445446583,-0.0005461605753170762,1.3768869465683698e-05,0.0
5.019999999999669,0.0039999999999995595,0.0,1.5703732755037105,0.1102721675860051,-0.0005461056162067723,1.3764688421814035e-05,0.0
5.023999999999669,0.0039999999999995595,0.0,1.5703732644359454,0.11027174073733184,-0.0005460506504533731,1.3760772091079575e-05,0.0
5.027999999999668,0.0039999999999995595,0.0,1.5703732535575567,0.11027131390799919,-0.000545995678065909,1.3757106491602934e-05,0.0
5.031999999999668,0.0039999999999995595,0.0,1.5703732428630146,0.11027088709757354,-0.0005459406990564668,1.3753678401649517e-05,0.0
5.035999999999667,0.0039999999999995595,0.0,1.5703732323469524,0.11027046030563432,-0.000545885713439908,1.3750475314017799e-05,0.0
5.039999999999667,0.0039999999999995595,0.0,1.5703732220041606,0.11027003353177357,-0.0005458307212336031,1.3747485403076907e-05,0.0
5.0439999999996665,0.0039999999999995595,0.0,1.570373211829584,0.11026960677559568,-0.0005457757224571737,1.3744697486617507e-05,0.0
5.047999999999666,0.0039999999999995595,0.0,1.570373201818314,0.11026918003671703,-0.00054572071713223,1.3742100996814265e-05,0.0
5.051999999999666,0.0039999999999995595,0.0,1.5703731919655866,0.11026875331476567,-0.0005456657052821495,1.373968594205163e-05,0.0
5.055999999999665,0.0039999999999995595,0.0,1.5703731822667768,0.11026832660938109,-0.0005456106869318414,1.3737442880028387e-05,0.0
5.059999999999665,0.0039999999999995595,0.0,1.5703731727173948,0.11026789992021381,-0.0005455556621075456,1.3735362885546788e-05,0.0
5.063999999999664,0.0039999999999995595,0.0,1.5703731633130824,0.11026747324692514,-0.0005455006308366316,1.3733437526443919e-05,0.0
5.067999999999664,0.0039999999999995595,0.0,1.570373154049608,0.11026704658918687,-0.0005454455931474,1.3731658836574035e-05,0.0
5.0719999999996634,0.0039999999999995595,0.0,1.5703731449228644,0.110266619946681,-0.0005453905490689078,1.3730019287841216e-05,0.0
5.075999999999663,0.0039999999999995595,0.0,1.570373135928863,0.1102661933190994,-0.0005453354986308034,1.3728511770356798e-05,0.0
5.079999999999663,0.0039999999999995595,0.0,1.5703731270637322,0.11026576670614363,-0.0005452804418631665,1.3727129567373873e-05,0.0
5.083999999999662,0.0039999999999995595,0.0,1.570373118323713,0.11026534010752459,-0.0005452253787963701,1.3725866333709467e-05,0.0
5.087999999999662,0.0039999999999995595,0.0,1.5703731097051565,0.11026491352296228,-0.0005451703094609312,1.372471607872324e-05,0.0
5.091999999999661,0.0039999999999995595,0.0,1.570373101204519,0.11026448695218553,-0.00054511523388739,1.3723673145328573e-05,0.0
5.095999999999661,0.0039999999999995595,0.0,1.5703730928183601,0.11026406039493176,-0.0005450601521061949,1.3722732186960808e-05,0.0
5.09999999999966,0.0039999999999995595,0.0,1.5703730845433403,0.11026363385094674,-0.0005450050641476005,1.372188815620718e-05,0.0
5.10399999999966,0.0039999999999995595,0.0,1.5703730763762165,0.11026320731998433,-0.0005449499700415536,1.3721136289973905e-05,0.0
5.1079999999996595,0.0039999999999995595,0.0,1.57037306831384,0.11026278080180624,-0.0005448948698176169,1.3720472083422232e-05,0.0
5.111999999999659,0.0039999999999995595,0.0,1.570373060353151,0.1102623542961818,-0.0005448397635048779,1.3719891290202152e-05,0.0
5.115999999999659,0.0039999999999995595,0.0,1.5703730524911865,0.11026192780288777,-0.0005447846511318937,1.3719389888241603e-05,0.0
5.119999999999658,0.0039999999999995595,0.0,1.5703730447250617,0.11026150132170806,-0.0005447295327266054,1.3718964091379092e-05,0.0
5.123999999999658,0.0039999999999995595,0.0,1.570373037051979,0.11026107485243358,-0.0005446744083162807,1.3718610318576127e-05,0.0
5.127999999999657,0.0039999999999995595,0.0,1.5703730294692204,0.11026064839486198,-0.0005446192779274674,1.3718325184709133e-05,0.0
5.131999999999657,0.0039999999999995595,0.0,1.5703730219741494,0.11026022194879746,-0.0005445641415859542,1.3718105492833913e-05,0.0
5.135999999999656,0.0039999999999995595,0.0,1.5703730145642032,0.11025979551405062,-0.0005445089993167191,1.3717948224957684e-05,0.0
5.139999999999656,0.0039999999999995595,0.0,1.5703730072368955,0.11025936909043815,-0.0005444538511439062,1.3717850526076642e-05,0.0
5.1439999999996555,0.0039999999999995595,0.0,1.5703729999898113,0.11025894267778283,-0.0005443986970907881,1.3717809701028893e-05,0.0
5.147999999999655,0.0039999999999995595,0.0,1.5703729928206063,0.11025851627591314,-0.0005443435371797472,1.3717823200879212e-05,0.0
5.151999999999655,0.0039999999999995595,0.0,1.5703729857270035,0.11025808988466325,-0.000544288371432267,1.3717888612346554e-05,0.0
5.155999999999654,0.0039999999999995595,0.0,1.5703729787067926,0.11025766350387274,-0.0005442331998689143,1.3718003655622622e-05,0.0
5.159999999999654,0.0039999999999995595,0.0,1.5703729717578274,0.1102572371333865,-0.0005441780225093266,1.3718166174281961e-05,0.0
5.163999999999653,0.0039999999999995595,0.0,1.570372964878024,0.11025681077305455,-0.0005441228393722093,1.371837412924887e-05,0.0
5.167999999999653,0.0039999999999995595,0.0,1.570372958065359,0.11025638442273183,-0.0005440676504753318,1.3718625588649551e-05,0.0
5.171999999999652,0.0039999999999995595,0.0,1.5703729513178677,0.11025595808227816,-0.0005440124558355369,1.3718918722494106e-05,0.0
5.175999999999652,0.0039999999999995595,0.0,1.5703729446336425,0.11025553175155799,-0.0005439572554687427,1.3719251800134075e-05,0.0
5.1799999999996515,0.0039999999999995595,0.0,1.5703729380108309,0.11025510543044029,-0.0005439020493899482,1.3719623178926557e-05,0.0
5.183999999999651,0.0039999999999995595,0.0,1.5703729314476345,0.11025467911879842,-0.0005438468376132588,1.372003130236495e-05,0.0
5.187999999999651,0.0039999999999995595,0.0,1.5703729249423066,0.11025425281651004,-0.0005437916201518843,1.3720474695754861e-05,0.0
5.19199999999965,0.0039999999999995595,0.0,1.5703729184931516,0.11025382652345686,-0.000543736397018152,1.3720951961751944e-05,0.0
5.19599999999965,0.0039999999999995595,0.0,1.570372912098523,0.11025340023952462,-0.0005436811682235355,1.3721461769687313e-05,0.0
5.199999999999649,0.0039999999999995595,0.0,1.5703729057568225,0.11025297396460294,-0.0005436259337786769,1.3722002857006092e-05,0.0
5.203999999999649,0.0039999999999995595,0.0,1.5703728994664947,0.1102525476985852,-0.0005435706936933993,1.3722574025026722e-05,0.0
5.2079999999996485,0.0039999999999995595,0.0,1.5703728932260372,0.11025212144136837,-0.0005435154479767324,1.372317413531837e-05,0.0
5.211999999999648,0.0039999999999995595,0.0,1.5703728870339841,0.11025169519285301,-0.0005434601966369279,1.372380210449495e-05,0.0
5.215999999999648,0.0039999999999995595,0.0,1.5703728808889137,0.11025126895294304,-0.0005434049396814904,1.3724456900852455e-05,0.0
5.219999999999647,0.0039999999999995595,0.0,1.570372874789446,0.11025084272154578,-0.0005433496771172129,1.3725137540133274e-05,0.0
5.223999999999647,0.0039999999999995595,0.0,1.5703728687342406,0.1102504164985717,-0.0005432944089501885,1.3725843086512458e-05,0.0
5.227999999999646,0.0039999999999995595,0.0,1.5703728627219968,0.11024999028393441,-0.0005432391351858425,1.3726572648630369e-05,0.0
5.231999999999646,0.0039999999999995595,0.0,1.5703728567514506,0.11024956407755056,-0.0005431838558289442,1.3727325377540116e-05,0.0
5.235999999999645,0.0039999999999995595,0.0,1.570372850821375,0.1102491378793397,-0.0005431285708836583,1.372810045743512e-05,0.0
5.239999999999645,0.0039999999999995595,0.0,1.570372844930578,0.11024871168922425,-0.0005430732803535653,1.3728897110325157e-05,0.0
5.2439999999996445,0.0039999999999995595,0.0,1.5703728390779026,0.11024828550712938,-0.0005430179842416819,1.3729714595625637e-05,0.0
5.247999999999644,0.0039999999999995595,0.0,1.5703728332622255,0.11024785933298296,-0.0005429626825504879,1.3730552203226657e-05,0.0
5.251999999999644,0.0039999999999995595,0.0,1.5703728274824542,0.11024743316671544,-0.0005429073752819568,1.3731409253451873e-05,0.0
5.255999999999643,0.0039999999999995595,0.0,1.5703728217375301,0.11024700700825978,-0.0005428520624375766,1.3732285097086049e-05,0.0
5.259999999999643,0.0039999999999995595,0.0,1.5703728160264236,0.11024658085755139,-0.0005427967440183809,1.3733179109805301e-05,0.0
5.263999999999642,0.0039999999999995595,0.0,1.5703728103481354,0.11024615471452806,-0.0005427414200249802,1.3734090690892265e-05,0.0
5.267999999999642,0.0039999999999995595,0.0,1.5703728047016943,0.1102457285791299,-0.0005426860904575779,1.3735019268994533e-05,0.0
5.271999999999641,0.0039999999999995595,0.0,1.5703727990861578,0.11024530245129921,-0.0005426307553160009,1.3735964291194942e-05,0.0
5.275999999999641,0.0039999999999995595,0.0,1.5703727935006102,0.11024487633098048,-0.0005425754145997191,1.3736925228998473e-05,0.0
5.2799999999996405,0.0039999999999995595,0.0,1.5703727879441625,0.11024445021812035,-0.0005425200683078731,1.3737901571557743e-05,0.0
5.28399999999964,0.0039999999999995595,0.0,1.5703727824159515,0.11024402411266741,-0.0005424647164392964,1.373889282906198e-05,0.0
5.28799999999964,0.0039999999999995595,0.0,1.5703727769151374,0.11024359801457233,-0.0005424093589925375,1.373989853116312e-05,0.0
5.291999999999639,0.0039999999999995595,0.0,1.570372771440907,0.11024317192378764,-0.0005423539959658801,1.3740918222597721e-05,0.0
5.295999999999639,0.0039999999999995595,0.0,1.5703727659924682,0.11024274584026778,-0.000542298627357371,1.3741951463123298e-05,0.0
5.299999999999638,0.0039999999999995595,0.0,1.570372760569053,0.11024231976396896,-0.0005422432531648246,1.3742997835396946e-05,0.0
5.303999999999638,0.0039999999999995595,0.0,1.570372755169914,0.11024189369484921,-0.0005421878733858581,1.374405692850585e-05,0.0
5.3079999999996375,0.0039999999999995595,0.0,1.570372749794327,0.11024146763286825,-0.0005421324880179087,1.3745128350046877e-05,0.0
5.311999999999637,0.0039999999999995595,0.0,1.5703727444415878,0.11024104157798745,-0.0005420770970582414,1.3746211720223293e-05,0.0
5.315999999999637,0.0039999999999995595,0.0,1.570372739111012,0.11024061553016981,-0.0005420217005039726,1.374730667301948e-05,0.0
5.319999999999636,0.0039999999999995595,0.0,1.570372733801935,0.11024018948937991,-0.0005419662983520842,1.3748412854335864e-05,0.0
5.323999999999636,0.0039999999999995595,0.0,1.5703727285137117,0.11023976345558384,-0.0005419108905994452,1.3749529919313937e-05,0.0
5.327999999999635,0.0039999999999995595,0.0,1.5703727232457148,0.11023933742874917,-0.000541855477242819,1.375065753872747e-05,0.0
5.331999999999635,0.0039999999999995595,0.0,1.5703727179973352,0.11023891140884494,-0.0005418000582788779,1.3751795391234277e-05,0.0
5.335999999999634,0.0039999999999995595,0.0,1.5703727127679812,0.11023848539584157,-0.0005417446337042235,1.3752943165556326e-05,0.0
5.339999999999634,0.0039999999999995595,0.0,1.5703727075570764,0.11023805938971082,-0.0005416892035153884,1.3754100562170825e-05,0.0
5.3439999999996335,0.0039999999999995595,0.0,1.5703727023640661,0.11023763339042582,-0.0005416337677088615,1.375526728792696e-05,0.0
5.347999999999633,0.0039999999999995595,0.0,1.5703726971884062,0.11023720739796095,-0.0005415783262810819,1.3756443064050897e-05,0.0
5.351999999999633,0.0039999999999995595,0.0,1.5703726920295686,0.11023678141229183,-0.0005415228792284677,1.3757627614580477e-05,0.0
5.355999999999632,0.0039999999999995595,0.0,1.5703726868870425,0.11023635543339533,-0.0005414674265474134,1.3758820676368726e-05,0.0
5.359999999999632,0.0039999999999995595,0.0,1.5703726817603303,0.11023592946124948,-0.0005414119682342956,1.3760021992843067e-05,0.0
5.363999999999631,0.0039999999999995595,0.0,1.5703726766489492,0.11023550349583347,-0.0005413565042854897,1.3761231315578002e-05,0.0
5.367999999999631,0.0039999999999995595,0.0,1.5703726715524295,0.11023507753712758,-0.0005413010346973804,1.376244840184616e-05,0.0
5.37199999999963,0.0039999999999995595,0.0,1.5703726664703148,0.1102346515851132,-0.0005412455594663591,1.3763673018594131e-05,0.0
5.37599999999963,0.0039999999999995595,0.0,1.570372661402163,0.11023422563977277,-0.0005411900785888336,1.3764904940291632e-05,0.0
5.3799999999996295,0.0039999999999995595,0.0,1.570372656347543,0.11023379970108978,-0.0005411345920612391,1.3766143945732472e-05,0.0
5.383999999999629,0.0039999999999995595,0.0,1.5703726513060363,0.11023337376904865,-0.0005410790998800389,1.3767389821021117e-05,0.0
5.387999999999629,0.0039999999999995595,0.0,1.5703726462772372,0.11023294784363484,-0.0005410236020417316,1.376864236039402e-05,0.0
5.391999999999628,0.0039999999999995595,0.0,1.570372641260751,0.11023252192483472,-0.000540968098542848,1.37699013640104e-05,0.0
5.395999999999628,0.0039999999999995595,0.0,1.5703726362561936,0.11023209601263559,-0.0005409125893799623,1.3771166635914383e-05,0.0
5.399999999999627,0.0039999999999995595,0.0,1.5703726312631925,0.11023167010702563,-0.0005408570745496998,1.3772437987884094e-05,0.0
5.403999999999627,0.0039999999999995595,0.0,1.5703726262813853,0.1102312442079939,-0.0005408015540487277,1.3773715236202648e-05,0.0
5.407999999999626,0.0039999999999995595,0.0,1.5703726213104203,0.1102308183155303,-0.0005407460278737705,1.3774998203477455e-05,0.0
5.411999999999626,0.0039999999999995595,0.0,1.5703726163499554,0.11023039242962555,-0.0005406904960216037,1.377628671772001e-05,0.0
5.415999999999626,0.0039999999999995595,0.0,1.5703726113996592,0.11022996655027117,-0.0005406349584890546,1.3777580613033101e-05,0.0
5.419999999999625,0.0039999999999995595,0.0,1.5703726064592085,0.11022954067745945,-0.00054057941527301,1.3778879726055335e-05,0.0
5.423999999999625,0.0039999999999995595,0.0,1.5703726015282895,0.11022911481118344,-0.000540523866370416,1.3780183899170953e-05,0.0
5.427999999999624,0.0039999999999995595,0.0,1.5703725966065978,0.11022868895143693,-0.0005404683117782691,1.3781492983694502e-05,0.0
5.431999999999624,0.0039999999999995595,0.0,1.5703725916938376,0.11022826309821443,-0.0005404127514936361,1.3782806828361962e-05,0.0
5.435999999999623,0.0039999999999995595,0.0,1.5703725867897211,0.11022783725151111,-0.000540357185513637,1.3784125292213217e-05,0.0
5.439999999999623,0.0039999999999995595,0.0,1.5703725818939687,0.11022741141132288,-0.0005403016138354518,1.3785448236281414e-05,0.0
5.4439999999996225,0.0039999999999995595,0.0,1.5703725770063088,0.11022698557764624,-0.0005402460364563259,1.3786775525199326e-05,0.0
5.447999999999622,0.0039999999999995595,0.0,1.5703725721264779,0.11022655975047838,-0.0005401904533735549,1.378810703079485e-05,0.0
5.451999999999622,0.0039999999999995595,0.0,1.5703725672542168,0.1102261339298171,-0.0005401348645844992,1.3789442626019072e-05,0.0
5.455999999999621,0.0039999999999995595,0.0,1.570372562389281,0.1102257081156608,-0.0005400792700865829,1.3790782186095418e-05,0.0
5.459999999999621,0.0039999999999995595,0.0,1.5703725575314267,0.11022528230800846,-0.0005400236698772812,1.3792125597113394e-05,0.0
5.46399999999962,0.0039999999999995595,0.0,1.5703725526804182,0.11022485650685965,-0.0005399680639541243,1.379347274251899e-05,0.0
5.46799999999962,0.0039999999999995595,0.0,1.5703725478360284,0.11022443071221448,-0.0005399124523146972,1.3794823512774175e-05,0.0
5.471999999999619,0.0039999999999995595,0.0,1.5703725429980337,0.11022400492407362,-0.0005398568349566438,1.3796177798474502e-05,0.0
5.475999999999619,0.0039999999999995595,0.0,1.5703725381662188,0.11022357914243827,-0.0005398012118776569,1.3797535497673087e-05,0.0
5.4799999999996185,0.0039999999999995595,0.0,1.5703725333403742,0.11022315336731012,-0.0005397455830754897,1.3798896507125771e-05,0.0
5.483999999999618,0.0039999999999995595,0.0,1.5703725285202963,0.11022272759869138,-0.0005396899485479357,1.3800260733438952e-05,0.0
5.487999999999618,0.0039999999999995595,0.0,1.570372523705787,0.11022230183658474,-0.0005396343082928401,1.3801628079473439e-05,0.0
5.491999999999617,0.0039999999999995595,0.0,1.5703725188966542,0.11022187608099338,-0.0005395786623081004,1.3802998454626565e-05,0.0
5.495999999999617,0.0039999999999995595,0.0,1.570372514092711,0.11022145033192089,-0.0005395230105916483,1.3804371773513425e-05,0.0
5.499999999999616,0.0039999999999995595,0.0,1.5703725092937737,0.11022102458937137,-0.0005394673531414663,1.3805747947934486e-05,0.0
5.503999999999616,0.0039999999999995595,0.0,1.5703725044996704,0.11022059885334931,-0.0005394116899555866,1.3807126895866766e-05,0.0
5.507999999999615,0.0039999999999995595,0.0,1.5703724997102277,0.11022017312385962,-0.0005393560210320708,1.3808508539125968e-05,0.0
5.511999999999615,0.0039999999999995595,0.0,1.5703724949252797,0.11021974740090766,-0.0005393003463690275,1.380989279862123e-05,0.0
5.5159999999996145,0.0039999999999995595,0.0,1.570372490144664,0.11021932168449917,-0.0005392446659645971,1.3811279602896019e-05,0.0
5.519999999999614,0.0039999999999995595,0.0,1.570372485368223,0.11021889597464028,-0.0005391889798169548,1.3812668878845123e-05,0.0
5.523999999999614,0.0039999999999995595,0.0,1.5703724805958048,0.1102184702713375,-0.0005391332879243084,1.3814060558641056e-05,0.0
5.527999999999613,0.0039999999999995595,0.0,1.570372475827261,0.11021804457459766,-0.0005390775902849006,1.3815454572496744e-05,0.0
5.531999999999613,0.0039999999999995595,0.0,1.570372471062447,0.11021761888442805,-0.0005390218868970062,1.3816850856967076e-05,0.0
5.535999999999612,0.0039999999999995595,0.0,1.570372466301223,0.11021719320083624,-0.0005389661777589269,1.3818249350623862e-05,0.0
5.539999999999612,0.0039999999999995595,0.0,1.5703724615434538,0.11021676752383014,-0.000538910462868989,1.3819649991913865e-05,0.0
5.5439999999996115,0.0039999999999995595,0.0,1.5703724567890045,0.11021634185341801,-0.0005388547422255447,1.3821052723925027e-05,0.0
5.547999999999611,0.0039999999999995595,0.0,1.5703724520377513,0.11021591618960845,-0.000538799015826979,1.382245748713668e-05,0.0
5.551999999999611,0.0039999999999995595,0.0,1.570372447289567,0.11021549053241031,-0.0005387432836716901,1.3823864230896255e-05,0.0
5.55599999999961,0.0039999999999995595,0.0,1.570372442544331,0.11021506488183279,-0.0005386875457580984,1.382527290103304e-05,0.0
5.55999999999961,0.0039999999999995595,0.0,1.5703724378019248,0.11021463923788538,-0.0005386318020846457,1.382668344746317e-05,0.0
5.563999999999609,0.0039999999999995595,0.0,1.5703724330622346,0.11021421360057786,-0.0005385760526497902,1.3828095821799123e-05,0.0
5.567999999999609,0.0039999999999995595,0.0,1.570372428325149,0.11021378796992026,-0.0005385202974520097,1.3829509975741731e-05,0.0
5.571999999999608,0.0039999999999995595,0.0,1.5703724235905605,0.11021336234592292,-0.0005384645364897863,1.3830925867526518e-05,0.0
5.575999999999608,0.0039999999999995595,0.0,1.5703724188583639,0.11021293672859643,-0.0005384087697616292,1.3832343448288705e-05,0.0
5.5799999999996075,0.0039999999999995595,0.0,1.570372414128458,0.11021251111795165,-0.0005383529972660622,1.3833762678222842e-05,0.0
5.583999999999607,0.0039999999999995595,0.0,1.5703724094007412,0.11021208551399965,-0.0005382972190016112,1.3835183516501698e-05,0.0
5.587999999999607,0.0039999999999995595,0.0,1.5703724046751215,0.11021165991675179,-0.0005382414349668185,1.3836605923073047e-05,0.0
5.591999999999606,0.0039999999999995595,0.0,1.5703723999515038,0.11021123432621964,-0.0005381856451602298,1.3838029861809857e-05,0.0
5.595999999999606,0.0039999999999995595,0.0,1.5703723952297968,0.11021080874241503,-0.0005381298495804058,1.383945529505296e-05,0.0
5.599999999999605,0.0039999999999995595,0.0,1.5703723905099134,0.11021038316534995,-0.000538074048225912,1.3840882186688517e-05,0.0
5.603999999999605,0.0039999999999995595,0.0,1.5703723857917669,0.1102099575950367,-0.000538018241095324,1.3842310502707078e-05,0.0
5.607999999999604,0.0039999999999995595,0.0,1.5703723810752757,0.11020953203148771,-0.0005379624281872197,1.3843740211574309e-05,0.0
5.611999999999604,0.0039999999999995595,0.0,1.5703723763603579,0.11020910647471567,-0.0005379066095001748,1.3845171283328709e-05,0.0
5.6159999999996035,0.0039999999999995595,0.0,1.570372371646935,0.11020868092473345,-0.0005378507850327749,1.3846603684533051e-05,0.0
5.619999999999603,0.0039999999999995595,0.0,1.5703723669349314,0.1102082553815541,-0.0005377949547836108,1.3848037386434674e-05,0.0
5.623999999999603,0.0039999999999995595,0.0,1.5703723622242725,0.1102078298451909,-0.0005377391187512799,1.3849472359818058e-05,0.0
5.627999999999602,0.0039999999999995595,0.0,1.5703723575148865,0.11020740431565727,-0.0005376832769343751,1.3850908578509007e-05,0.0
5.631999999999602,0.0039999999999995595,0.0,1.5703723528067035,0.11020697879296688,-0.0005376274293314985,1.3852346013759824e-05,0.0
5.635999999999601,0.0039999999999995595,0.0,1.570372348099656,0.1102065532771335,-0.0005375715759412393,1.3853784645026911e-05,0.0
5.639999999999601,0.0039999999999995595,0.0,1.5703723433936783,0.11020612776817108,-0.0005375157167621989,1.3855224442332204e-05,0.0
5.6439999999996004,0.0039999999999995595,0.0,1.5703723386887063,0.1102057022660938,-0.0005374598517929713,1.3856665385849527e-05,0.0
5.6479999999996,0.0039999999999995595,0.0,1.5703723339846776,0.11020527677091593,-0.0005374039810321496,1.3858107451306779e-05,0.0
5.6519999999996,0.0039999999999995595,0.0,1.5703723292815313,0.11020485128265195,-0.0005373481044783259,1.3859550617729783e-05,0.0
5.655999999999599,0.0039999999999995595,0.0,1.5703723245792096,0.11020442580131644,-0.0005372922221300945,1.3860994861724624e-05,0.0
5.659999999999599,0.0039999999999995595,0.0,1.570372319877655,0.11020400032692419,-0.0005372363339860489,1.3862440162736207e-05,0.0
5.663999999999598,0.0039999999999995595,0.0,1.5703723151768123,0.1102035748594901,-0.0005371804400447767,1.38638865022356e-05,0.0
5.667999999999598,0.0039999999999995595,0.0,1.570372310476628,0.11020314939902921,-0.0005371245403048655,1.3865333860288972e-05,0.0
5.671999999999597,0.0039999999999995595,0.0,1.5703723057770493,0.1102027239455567,-0.0005370686347648933,1.3866782220330978e-05,0.0
5.675999999999597,0.0039999999999995595,0.0,1.5703723010780257,0.1102022984990879,-0.0005370127234234417,1.3868231561845262e-05,0.0
5.6799999999995965,0.0039999999999995595,0.0,1.5703722963795077,0.11020187305963826,-0.0005369568062790881,1.3869681868178844e-05,0.0
5.683999999999596,0.0039999999999995595,0.0,1.5703722916814475,0.11020144762722335,-0.0005369008833304023,1.3871133124696449e-05,0.0
5.687999999999596,0.0039999999999995595,0.0,1.5703722869837988,0.11020102220185889,-0.000536844954575952,1.3872585313474453e-05,0.0
5.691999999999595,0.0039999999999995595,0.0,1.570372282286517,0.11020059678356067,-0.0005367890200143033,1.3874038419015803e-05,0.0
5.695999999999595,0.0039999999999995595,0.0,1.570372277589555,0.11020017137234467,-0.0005367330796440216,1.387549242527183e-05,0.0
5.699999999999594,0.0039999999999995595,0.0,1.5703722728928746,0.11019974596822693,-0.0005366771334636616,1.3876947320141616e-05,0.0
5.703999999999594,0.0039999999999995595,0.0,1.5703722681964332,0.11019932057122361,-0.0005366211814717784,1.3878403087451487e-05,0.0
5.707999999999593,0.0039999999999995595,0.0,1.570372263500189,0.110198895181351,-0.0005365652236669228,1.3879859713945974e-05,0.0
5.711999999999593,0.0039999999999995595,0.0,1.5703722588041038,0.11019846979862546,-0.0005365092600476388,1.3881317187236427e-05,0.0
5.7159999999995925,0.0039999999999995595,0.0,1.5703722541081404,0.1101980444230635,-0.0005364532906124668,1.3882775494590715e-05,0.0
5.719999999999592,0.0039999999999995595,0.0,1.570372249412261,0.1101976190546817,-0.0005363973153599413,1.3884234623968316e-05,0.0
5.723999999999592,0.0039999999999995595,0.0,1.5703722447164299,0.11019719369349674,-0.0005363413342885954,1.3885694562674085e-05,0.0
5.727999999999591,0.0039999999999995595,0.0,1.5703722400206122,0.11019676833952541,-0.0005362853473969582,1.3887155298720748e-05,0.0
5.731999999999591,0.0039999999999995595,0.0,1.5703722353247738,0.11019634299278458,-0.0005362293546835519,1.3888616822256136e-05,0.0
5.73599999999959,0.0039999999999995595,0.0,1.5703722306288823,0.11019591765329123,-0.0005361733561468987,1.3890079121763194e-05,0.0
5.73999999999959,0.0039999999999995595,0.0,1.5703722259329056,0.1101954923210624,-0.0005361173517855083,1.3891542188325727e-05,0.0
5.743999999999589,0.0039999999999995595,0.0,1.570372221236813,0.11019506699611525,-0.0005360613415978937,1.3893006009741877e-05,0.0
5.747999999999589,0.0039999999999995595,0.0,1.5703722165405742,0.110194641678467,-0.0005360053255825611,1.389447057714769e-05,0.0
5.7519999999995886,0.0039999999999995595,0.0,1.5703722118441599,0.11019421636813496,-0.0005359493037380076,1.389593588248828e-05,0.0
5.755999999999588,0.0039999999999995595,0.0,1.570372207147541,0.11019379106513653,-0.000535893276062733,1.3897401914887077e-05,0.0
5.759999999999588,0.0039999999999995595,0.0,1.5703722024506903,0.11019336576948917,-0.0005358372425552371,1.3898868663828666e-05,0.0
5.763999999999587,0.0039999999999995595,0.0,1.5703721977535798,0.11019294048121042,-0.0005357812032140087,1.3900336123232026e-05,0.0
5.767999999999587,0.0039999999999995595,0.0,1.5703721930561865,0.11019251520031792,-0.0005357251580375352,1.3901804283965609e-05,0.0
5.771999999999586,0.0039999999999995595,0.0,1.5703721883584834,0.11019208992682934,-0.000535669107024305,1.3903273136305129e-05,0.0
5.775999999999586,0.0039999999999995595,0.0,1.570372183660445,0.11019166466076248,-0.0005356130501727947,1.3904742675345353e-05,0.0
5.7799999999995855,0.0039999999999995595,0.0,1.5703721789620482,0.11019123940213514,-0.0005355569874814776,1.3906212892619986e-05,0.0
5.783999999999585,0.0039999999999995595,0.0,1.5703721742632697,0.11019081415096524,-0.0005355009189488303,1.3907683779242042e-05,0.0
5.787999999999585,0.0039999999999995595,0.0,1.570372169564087,0.11019038890727077,-0.0005354448445733197,1.3909155329628566e-05,0.0
5.791999999999584,0.0039999999999995595,0.0,1.5703721648644782,0.11018996367106976,-0.0005353887643534102,1.3910627536894459e-05,0.0
5.795999999999584,0.0039999999999995595,0.0,1.5703721601644212,0.11018953844238029,-0.0005353326782875664,1.391210039275696e-05,0.0
5.799999999999583,0.0039999999999995595,0.0,1.5703721554638956,0.11018911322122053,-0.0005352765863742541,1.3913573889570911e-05,0.0
5.803999999999583,0.0039999999999995595,0.0,1.5703721507628814,0.11018868800760871,-0.0005352204886119288,1.3915048024356286e-05,0.0
5.807999999999582,0.0039999999999995595,0.0,1.570372146061359,0.11018826280156312,-0.0005351643849990424,1.3916522789651727e-05,0.0
5.811999999999582,0.0039999999999995595,0.0,1.5703721413593097,0.11018783760310208,-0.00053510827553405,1.3917998177937091e-05,0.0
5.8159999999995815,0.0039999999999995595,0.0,1.5703721366567143,0.110187412412244,-0.0005350521602153993,1.391947418554751e-05,0.0
5.819999999999581,0.0039999999999995595,0.0,1.5703721319535549,0.11018698722900734,-0.0005349960390415371,1.3920950805173061e-05,0.0
5.823999999999581,0.0039999999999995595,0.0,1.5703721272498143,0.11018656205341061,-0.0005349399120109104,1.392242803160727e-05,0.0
5.82799999999958,0.0039999999999995595,0.0,1.5703721225454754,0.11018613688547235,-0.0005348837791219575,1.3923905860824713e-05,0.0
5.83199999999958,0.0039999999999995595,0.0,1.570372117840522,0.11018571172521119,-0.0005348276403731173,1.3925384286960248e-05,0.0
5.835999999999579,0.0039999999999995595,0.0,1.570372113134938,0.1101852865726458,-0.0005347714957628281,1.3926863304113877e-05,0.0
5.839999999999579,0.0039999999999995595,0.0,1.5703721084287066,0.11018486142779488,-0.0005347153452895272,1.3928342907468043e-05,0.0
5.843999999999578,0.0039999999999995595,0.0,1.5703721037218141,0.11018443629067719,-0.0005346591889516468,1.3929823092693791e-05,0.0
5.847999999999578,0.0039999999999995595,0.0,1.570372099014245,0.11018401116131156,-0.0005346030267476254,1.3931303853479772e-05,0.0
5.8519999999995775,0.0039999999999995595,0.0,1.5703720943059831,0.11018358603971684,-0.0005345468586758878,1.3932785188830763e-05,0.0
5.855999999999577,0.0039999999999995595,0.0,1.5703720895970188,0.11018316092591193,-0.0005344906847348593,1.3934267093236834e-05,0.0
5.859999999999577,0.0039999999999995595,0.0,1.5703720848873362,0.11018273581991579,-0.0005344345049229666,1.3935749560565727e-05,0.0
5.863999999999576,0.0039999999999995595,0.0,1.5703720801769219,0.1101823107217474,-0.000534378319238632,1.3937232589782851e-05,0.0
5.867999999999576,0.0039999999999995595,0.0,1.5703720754657633,0.11018188563142581,-0.000534322127680279,1.3938716173572727e-05,0.0
5.871999999999575,0.0039999999999995595,0.0,1.5703720707538484,0.11018146054897009,-0.0005342659302463327,1.3940200308366369e-05,0.0
5.875999999999575,0.0039999999999995595,0.0,1.5703720660411644,0.11018103547439938,-0.0005342097269352143,1.3941684991569345e-05,0.0
5.8799999999995745,0.0039999999999995595,0.0,1.5703720613276997,0.11018061040773282,-0.0005341535177453432,1.3943170218946924e-05,0.0
5.883999999999574,0.0039999999999995595,0.0,1.570372056613443,0.11018018534898961,-0.0005340973026751361,1.3944655987893541e-05,0.0
5.887999999999574,0.0039999999999995595,0.0,1.5703720518983826,0.11017976029818902,-0.0005340410817229998,1.3946142295505572e-05,0.0
5.891999999999573,0.0039999999999995595,0.0,1.570372047182509,0.1101793352553503,-0.0005339848548873564,1.394762913627128e-05,0.0
5.895999999999573,0.0039999999999995595,0.0,1.5703720424658083,0.11017891022049278,-0.0005339286221666181,1.3949116508148715e-05,0.0
5.899999999999572,0.0039999999999995595,0.0,1.5703720377482744,0.11017848519363582,-0.0005338723835591961,1.39506044073677e-05,0.0
5.903999999999572,0.0039999999999995595,0.0,1.5703720330298956,0.11017806017479882,-0.0005338161390635051,1.3952092830526557e-05,0.0
5.907999999999571,0.0039999999999995595,0.0,1.570372028310662,0.1101776351640012,-0.0005337598886779516,1.395358177662709e-05,0.0
5.911999999999571,0.0039999999999995595,0.0,1.570372023590565,0.11017721016126242,-0.000533703632400941,1.3955071241647905e-05,0.0
5.9159999999995705,0.0039999999999995595,0.0,1.5703720188695944,0.11017678516660198,-0.0005336473702308841,1.3956561221037672e-05,0.0
5.91999999999957,0.0039999999999995595,0.0,1.570372014147742,0.11017636018003941,-0.0005335911021661911,1.3958051713463385e-05,0.0
5.92399999999957,0.0039999999999995595,0.0,1.5703720094249982,0.11017593520159429,-0.0005335348282052674,1.3959542716072244e-05,0.0
5.927999999999569,0.0039999999999995595,0.0,1.5703720047013554,0.1101755102312862,-0.000533478548346516,1.39610342268482e-05,0.0
5.931999999999569,0.0039999999999995595,0.0,1.5703719999768055,0.11017508526913479,-0.0005334222625883423,1.3962526242858839e-05,0.0
5.935999999999568,0.0039999999999995595,0.0,1.5703719952513397,0.11017466031515971,-0.0005333659709291462,1.3964018761767526e-05,0.0
5.939999999999568,0.0039999999999995595,0.0,1.5703719905249502,0.11017423536938065,-0.0005333096733673373,1.3965511779628443e-05,0.0
5.943999999999567,0.0039999999999995595,0.0,1.57037198579763,0.11017381043181734,-0.000533253369901314,1.3967005296339664e-05,0.0
5.947999999999567,0.0039999999999995595,0.0,1.5703719810693715,0.11017338550248955,-0.000533197060529477,1.3968499308916965e-05,0.0
5.9519999999995665,0.0039999999999995595,0.0,1.5703719763401676,0.11017296058141705,-0.0005331407452502266,1.3969993814949366e-05,0.0
5.955999999999566,0.0039999999999995595,0.0,1.5703719716100109,0.11017253566861966,-0.0005330844240619604,1.3971488812744949e-05,0.0
5.959999999999566,0.0039999999999995595,0.0,1.5703719668788947,0.11017211076411723,-0.0005330280969630819,1.3972984299119212e-05,0.0
5.963999999999565,0.0039999999999995595,0.0,1.570371962146813,0.11017168586792964,-0.0005329717639519794,1.397448027534941e-05,0.0
5.967999999999565,0.0039999999999995595,0.0,1.5703719574137591,0.11017126098007676,-0.0005329154250270575,1.3975976734459103e-05,0.0
5.971999999999564,0.0039999999999995595,0.0,1.5703719526797264,0.11017083610057857,-0.0005328590801867146,1.397747367748493e-05,0.0
5.975999999999564,0.0039999999999995595,0.0,1.5703719479447087,0.11017041122945498,-0.0005328027294293429,1.3978971103094374e-05,0.0
5.979999999999563,0.0039999999999995595,0.0,1.5703719432086998,0.11016998636672598,-0.0005327463727533325,1.3980469009657237e-05,0.0
5.983999999999563,0.0039999999999995595,0.0,1.570371938471693,0.1101695615124116,-0.0005326900101570838,1.3981967393306965e-05,0.0
5.987999999999563,0.0039999999999995595,0.0,1.570371933733686,0.11016913666653187,-0.0005326336416389844,1.3983466255187081e-05,0.0
5.991999999999562,0.0039999999999995595,0.0,1.5703719289946712,0.11016871182910687,-0.0005325772671974314,1.3984965591098737e-05,0.0
5.995999999999562,0.0039999999999995595,0.0,1.5703719242546432,0.11016828700015666,-0.0005325208868308155,1.3986465400916803e-05,0.0
5.999999999999561,0.0039999999999995595,0.0,1.5703719195135972,0.11016786217970137,-0.000532464500537529,1.398796568231542e-05,0.0
6.003999999999561,0.0039999999999995595,0.0,1.5703719147715278,0.11016743736776113,-0.0005324081083159649,1.3989466434626587e-05,0.0
6.00799999999956,0.0039999999999995595,0.0,1.57037191002843,0.11016701256435611,-0.000532351710164509,1.3990967656075795e-05,0.0
6.01199999999956,0.0039999999999995595,0.0,1.570371905284299,0.11016658776950651,-0.0005322953060815531,1.3992469345799483e-05,0.0
6.0159999999995595,0.0039999999999995595,0.0,1.5703719005391303,0.11016616298323254,-0.0005322388960654804,1.3993971502667756e-05,0.0
6.019999999999559,0.0039999999999995595,0.0,1.5703718957929194,0.11016573820555442,-0.0005321824801146844,1.3995474123138891e-05,0.0
6.023999999999559,0.0039999999999995595,0.0,1.5703718910456612,0.11016531343649243,-0.0005321260582275545,1.3996977208269708e-05,0.0
6.027999999999558,0.0039999999999995595,0.0,1.5703718862973517,0.11016488867606683,-0.000532069630402469,1.399848075814001e-05,0.0
6.031999999999558,0.0039999999999995595,0.0,1.570371881547987,0.11016446392429795,-0.0005320131966378161,1.3999984768623222e-05,0.0
6.035999999999557,0.0039999999999995595,0.0,1.570371876797563,0.1101640391812061,-0.0005319567569319795,1.4001489240103604e-05,0.0
6.039999999999557,0.0039999999999995595,0.0,1.570371872046075,0.11016361444681164,-0.0005319003112833413,1.4002994172638535e-05,0.0
6.043999999999556,0.0039999999999995595,0.0,1.5703718672935194,0.11016318972113494,-0.0005318438596902844,1.4004499562899559e-05,0.0
6.047999999999556,0.0039999999999995595,0.0,1.5703718625398926,0.1101627650041964,-0.0005317874021511963,1.4006005409790442e-05,0.0
6.0519999999995555,0.0039999999999995595,0.0,1.5703718577851906,0.11016234029601644,-0.0005317309386644553,1.400751171416808e-05,0.0
6.055999999999555,0.0039999999999995595,0.0,1.5703718530294097,0.1101619155966155,-0.0005316744692284478,1.4009018472920558e-05,0.0
6.059999999999555,0.0039999999999995595,0.0,1.5703718482725464,0.11016149090601404,-0.000531617993841556,1.4010525686558136e-05,0.0
6.063999999999554,0.0039999999999995595,0.0,1.5703718435145972,0.11016106622423254,-0.0005315615125021512,1.4012033356229117e-05,0.0
6.067999999999554,0.0039999999999995595,0.0,1.5703718387555594,0.1101606415512915,-0.0005315050252086124,1.4013541478525129e-05,0.0
6.071999999999553,0.0039999999999995595,0.0,1.5703718339954287,0.11016021688721146,-0.0005314485319593201,1.4015050053527463e-05,0.0
6.075999999999553,0.0039999999999995595,0.0,1.5703718292342,0.11015979223201296,-0.000531392032752647,1.4016559079791762e-05,0.0
6.079999999999552,0.0039999999999995595,0.0,1.5703718244718745,0.11015936758571655,-0.000531335527586976,1.4018068556436817e-05,0.0
6.083999999999552,0.0039999999999995595,0.0,1.5703718197084477,0.11015894294834284,-0.0005312790164606831,1.4019578483184963e-05,0.0
6.0879999999995515,0.0039999999999995595,0.0,1.5703718149439154,0.11015851831991243,-0.0005312224993721419,1.402108885826688e-05,0.0
6.091999999999551,0.0039999999999995595,0.0,1.5703718101782755,0.11015809370044592,-0.0005311659763197316,1.4022599682205036e-05,0.0
6.095999999999551,0.0039999999999995595,0.0,1.570371805411525,0.11015766908996398,-0.0005311094473018199,1.4024110955298855e-05,0.0
6.09999999999955,0.0039999999999995595,0.0,1.570371800643661,0.11015724448848728,-0.0005310529123167866,1.402562267454571e-05,0.0
6.10399999999955,0.0039999999999995595,0.0,1.5703717958746808,0.11015681989603648,-0.0005309963713629967,1.4027134842780132e-05,0.0
6.107999999999549,0.0039999999999995595,0.0,1.5703717911045814,0.1101563953126323,-0.0005309398244388261,1.402864745570287e-05,0.0
6.111999999999549,0.0039999999999995595,0.0,1.5703717863333606,0.11015597073829547,-0.0005308832715426363,1.4030160517155167e-05,0.0
6.1159999999995485,0.0039999999999995595,0.0,1.5703717815610159,0.11015554617304672,-0.0005308267126728036,1.4031674021567897e-05,0.0
6.119999999999548,0.0039999999999995595,0.0,1.5703717767875447,0.11015512161690683,-0.0005307701478276919,1.403318797265954e-05,0.0
6.123999999999548,0.0039999999999995595,0.0,1.5703717720129446,0.11015469706989656,-0.0005307135770056729,1.4034702366715942e-05,0.0
6.127999999999547,0.0039999999999995595,0.0,1.5703717672372137,0.11015427253203673,-0.0005306570002051122,1.4036217205734958e-05,0.0
6.131999999999547,0.0039999999999995595,0.0,1.5703717624603493,0.11015384800334814,-0.0005306004174243728,1.4037732487711273e-05,0.0
6.135999999999546,0.0039999999999995595,0.0,1.5703717576823484,0.11015342348385164,-0.0005305438286618228,1.4039248213649491e-05,0.0
6.139999999999546,0.0039999999999995595,0.0,1.5703717529032097,0.11015299897356808,-0.0005304872339158238,1.4040764382314324e-05,0.0
6.143999999999545,0.0039999999999995595,0.0,1.5703717481229307,0.11015257447251832,-0.0005304306331847458,1.4042280991816124e-05,0.0
6.147999999999545,0.0039999999999995595,0.0,1.5703717433415094,0.11015214998072327,-0.0005303740264669432,1.404379804545196e-05,0.0
6.1519999999995445,0.0039999999999995595,0.0,1.5703717385589413,0.11015172549820385,-0.0005303174137607787,1.4045315540377847e-05,0.0
6.155999999999544,0.0039999999999995595,0.0,1.570371733775229,0.11015130102498094,-0.0005302607950646161,1.4046833476093793e-05,0.0
6.159999999999544,0.0039999999999995595,0.0,1.5703717289903685,0.11015087656107553,-0.0005302041703768136,1.4048351853612303e-05,0.0
6.163999999999543,0.0039999999999995595,0.0,1.5703717242043576,0.11015045210650856,-0.00053014753969573,1.4049870671649878e-05,0.0
6.167999999999543,0.0039999999999995595,0.0,1.570371719417194,0.11015002766130103,-0.0005300909030197242,1.4051389930535987e-05,0.0
6.171999999999542,0.0039999999999995595,0.0,1.5703717146288765,0.1101496032254739,-0.0005300342603471514,1.4052909629491727e-05,0.0
6.175999999999542,0.0039999999999995595,0.0,1.570371709839403,0.11014917879904823,-0.0005299776116763702,1.4054429768694653e-05,0.0
6.179999999999541,0.0039999999999995595,0.0,1.5703717050487715,0.11014875438204504,-0.0005299209570057344,1.4055950347937105e-05,0.0
6.183999999999541,0.0039999999999995595,0.0,1.5703717002569808,0.11014832997448537,-0.0005298642963335995,1.4057471366349176e-05,0.0
6.1879999999995405,0.0039999999999995595,0.0,1.570371695464029,0.11014790557639029,-0.0005298076296583165,1.40589928249295e-05,0.0
6.19199999999954,0.0039999999999995595,0.0,1.570371690669914,0.11014748118778088,-0.0005297509569782375,1.4060514723087724e-05,0.0
6.19599999999954,0.0039999999999995595,0.0,1.570371685874635,0.11014705680867826,-0.0005296942782917177,1.4062037059476634e-05,0.0
6.199999999999539,0.0039999999999995595,0.0,1.5703716810781876,0.11014663243910353,-0.0005296375935971049,1.4063559835756514e-05,0.0
6.203999999999539,0.0039999999999995595,0.0,1.5703716762805746,0.11014620807907782,-0.0005295809028927501,1.4065083050298807e-05,0.0
6.207999999999538,0.0039999999999995595,0.0,1.5703716714817924,0.11014578372862231,-0.0005295242061770022,1.40666067042417e-05,0.0
6.211999999999538,0.0039999999999995595,0.0,1.5703716666818393,0.11014535938775816,-0.0005294675034482081,1.406813079565437e-05,0.0
6.2159999999995375,0.0039999999999995595,0.0,1.5703716618807135,0.11014493505650653,-0.0005294107947047156,1.406965532636121e-05,0.0
6.219999999999537,0.0039999999999995595,0.0,1.570371657078414,0.11014451073488866,-0.0005293540799448721,1.4071180295031098e-05,0.0
6.223999999999537,0.0039999999999995595,0.0,1.5703716522749394,0.11014408642292577,-0.0005292973591670235,1.4072705701455284e-05,0.0
6.227999999999536,0.0039999999999995595,0.0,1.5703716474702882,0.11014366212063907,-0.0005292406323695145,1.4074231546049045e-05,0.0
6.231999999999536,0.0039999999999995595,0.0,1.5703716426644587,0.11014323782804983,-0.0005291838995506892,1.4075757829197992e-05,0.0
6.235999999999535,0.0039999999999995595,0.0,1.57037163785745,0.1101428135451793,-0.0005291271607088864,1.4077284550841878e-05,0.0
6.239999999999535,0.0039999999999995595,0.0,1.5703716330492608,0.11014238927204878,-0.0005290704158424501,1.4078811709124941e-05,0.0
6.243999999999534,0.0039999999999995595,0.0,1.5703716282398898,0.11014196500867957,-0.0005290136649497202,1.4080339306657709e-05,0.0
6.247999999999534,0.0039999999999995595,0.0,1.5703716234293352,0.11014154075509298,-0.0005289569080290356,1.4081867342164752e-05,0.0
6.2519999999995335,0.0039999999999995595,0.0,1.570371618617596,0.11014111651131037,-0.0005289001450787355,1.4083395814767132e-05,0.0
6.255999999999533,0.0039999999999995595,0.0,1.570371613804671,0.11014069227735307,-0.0005288433760971583,1.4084924725629253e-05,0.0
6.259999999999533,0.0039999999999995595,0.0,1.5703716089905588,0.11014026805324245,-0.0005287866010826412,1.4086454073890007e-05,0.0
6.263999999999532,0.0039999999999995595,0.0,1.5703716041752585,0.11013984383899988,-0.0005287298200335222,1.408798385947921e-05,0.0
6.267999999999532,0.0039999999999995595,0.0,1.5703715993587664,0.1101394196346468,-0.000528673032948131,1.4089514084896967e-05,0.0
6.271999999999531,0.0039999999999995595,0.0,1.5703715945410854,0.11013899544020458,-0.0005286162398248039,1.40910447462535e-05,0.0
6.275999999999531,0.0039999999999995595,0.0,1.5703715897222128,0.11013857125569468,-0.0005285594406618742,1.4092575846918116e-05,0.0
6.27999999999953,0.0039999999999995595,0.0,1.5703715849021476,0.11013814708113853,-0.0005285026354576749,1.4094107384506544e-05,0.0
6.28399999999953,0.0039999999999995595,0.0,1.570371580080888,0.11013772291655761,-0.0005284458242105385,1.4095639359981919e-05,0.0
6.2879999999995295,0.0039999999999995595,0.0,1.5703715752584335,0.11013729876197338,-0.0005283890069187895,1.4097171775294561e-05,0.0
6.291999999999529,0.0039999999999995595,0.0,1.570371570434783,0.11013687461740734,-0.0005283321835807618,1.4098704625876353e-05,0.0
6.295999999999529,0.0039999999999995595,0.0,1.570371565609935,0.11013645048288102,-0.0005282753541947848,1.410023791578224e-05,0.0
6.299999999999528,0.0039999999999995595,0.0,1.5703715607838884,0.11013602635841593,-0.0005282185187591813,1.4101771643755933e-05,0.0
6.303999999999528,0.0039999999999995595,0.0,1.5703715559566427,0.11013560224403361,-0.0005281616772722797,1.4103305810578367e-05,0.0
6.307999999999527,0.0039999999999995595,0.0,1.5703715511281944,0.11013517813975564,-0.000528104829732407,1.4104840415016451e-05,0.0
6.311999999999527,0.0039999999999995595,0.0,1.5703715462985468,0.11013475404560356,-0.0005280479761378876,1.4106375457467791e-05,0.0
6.315999999999526,0.0039999999999995595,0.0,1.5703715414676969,0.110134329961599,-0.0005279911164870465,1.4107910937905874e-05,0.0
6.319999999999526,0.0039999999999995595,0.0,1.5703715366356437,0.11013390588776355,-0.0005279342507782014,1.4109446858707802e-05,0.0
6.323999999999526,0.0039999999999995595,0.0,1.5703715318023859,0.1101334818241188,-0.0005278773790096745,1.4110983217168468e-05,0.0
6.327999999999525,0.0039999999999995595,0.0,1.570371526967923,0.11013305777068644,-0.0005278205011797906,1.411252001368465e-05,0.0
6.331999999999525,0.0039999999999995595,0.0,1.5703715221322538,0.11013263372748809,-0.0005277636172868665,1.4114057249034342e-05,0.0
6.335999999999524,0.0039999999999995595,0.0,1.5703715172953772,0.11013220969454543,-0.0005277067273292214,1.4115594923948048e-05,0.0
6.339999999999524,0.0039999999999995595,0.0,1.5703715124572926,0.11013178567188014,-0.0005276498313051731,1.41171330374053e-05,0.0
6.343999999999523,0.0039999999999995595,0.0,1.5703715076179994,0.11013136165951393,-0.0005275929292130401,1.4118671589639142e-05,0.0
6.347999999999523,0.0039999999999995595,0.0,1.5703715027774956,0.1101309376574685,-0.0005275360210511366,1.4120210581514654e-05,0.0
6.3519999999995225,0.0039999999999995595,0.0,1.5703714979357812,0.11013051366576558,-0.0005274791068177777,1.4121750012131803e-05,0.0
6.355999999999522,0.0039999999999995595,0.0,1.5703714930928554,0.11013008968442693,-0.0005274221865112774,1.412328988292943e-05,0.0
6.359999999999522,0.0039999999999995595,0.0,1.5703714882487165,0.11012966571347431,-0.0005273652601299484,1.412483019272873e-05,0.0
6.363999999999521,0.0039999999999995595,0.0,1.5703714834033646,0.1101292417529295,-0.0005273083276721062,1.4126370941500525e-05,0.0
6.367999999999521,0.0039999999999995595,0.0,1.5703714785567984,0.11012881780281428,-0.0005272513891360609,1.412791212991275e-05,0.0
6.37199999999952,0.0039999999999995595,0.0,1.5703714737090169,0.11012839386315046,-0.0005271944445201203,1.4129453760129033e-05,0.0
6.37599999999952,0.0039999999999995595,0.0,1.5703714688600197,0.11012796993395987,-0.0005271374938225917,1.4130995830504509e-05,0.0
6.379999999999519,0.0039999999999995595,0.0,1.5703714640098059,0.11012754601526435,-0.0005270805370417786,1.4132538341681837e-05,0.0
6.383999999999519,0.0039999999999995595,0.0,1.570371459158374,0.11012712210708575,-0.0005270235741759942,1.4134081291629251e-05,0.0
6.3879999999995185,0.0039999999999995595,0.0,1.5703714543057241,0.11012669820944594,-0.0005269666052235472,1.413562468210655e-05,0.0
6.391999999999518,0.0039999999999995595,0.0,1.570371449451855,0.11012627432236681,-0.0005269096301827416,1.413716851357126e-05,0.0
6.395999999999518,0.0039999999999995595,0.0,1.570371444596764,0.11012585044587027,-0.00052685264905188,1.413871278580157e-05,0.0
6.399999999999517,0.0039999999999995595,0.0,1.5703714397404545,0.11012542657997822,-0.0005267956618292695,1.41402574980813e-05,0.0
6.403999999999517,0.0039999999999995595,0.0,1.5703714348829232,0.11012500272471258,-0.0005267386685132167,1.4141802650131603e-05,0.0
6.407999999999516,0.0039999999999995595,0.0,1.5703714300241696,0.11012457888009533,-0.0005266816691020207,1.4143348245099678e-05,0.0
6.411999999999516,0.0039999999999995595,0.0,1.570371425164193,0.11012415504614842,-0.0005266246635939801,1.4144894281831805e-05,0.0
6.415999999999515,0.0039999999999995595,0.0,1.5703714203029926,0.11012373122289382,-0.0005265676519873952,1.4146440759598258e-05,0.0
6.419999999999515,0.0039999999999995595,0.0,1.5703714154405677,0.11012330741035353,-0.0005265106342805656,1.4147987678232917e-05,0.0
6.4239999999995145,0.0039999999999995595,0.0,1.5703714105769178,0.11012288360854956,-0.0005264536104717915,1.4149535039645038e-05,0.0
6.427999999999514,0.0039999999999995595,0.0,1.5703714057120415,0.11012245981750393,-0.0005263965805593654,1.4151082843901868e-05,0.0
6.431999999999514,0.0039999999999995595,0.0,1.5703714008459382,0.11012203603723868,-0.0005263395445415806,1.4152631090842197e-05,0.0
6.435999999999513,0.0039999999999995595,0.0,1.5703713959786079,0.11012161226777586,-0.0005262825024167323,1.4154179779597981e-05,0.0
6.439999999999513,0.0039999999999995595,0.0,1.570371391110049,0.11012118850913756,-0.0005262254541831165,1.4155728910756263e-05,0.0
6.443999999999512,0.0039999999999995595,0.0,1.5703713862402608,0.11012076476134584,-0.0005261683998390274,1.4157278484442985e-05,0.0
6.447999999999512,0.0039999999999995595,0.0,1.5703713813692435,0.11012034102442282,-0.0005261113393827544,1.4158828502438342e-05,0.0
6.4519999999995115,0.0039999999999995595,0.0,1.5703713764969933,0.11011991729839062,-0.0005260542728125873,1.4160378962909728e-05,0.0
6.455999999999511,0.0039999999999995595,0.0,1.5703713716235144,0.11011949358327135,-0.00052599720012682,1.4161929866765481e-05,0.0
6.459999999999511,0.0039999999999995595,0.0,1.5703713667488037,0.11011906987908716,-0.0005259401213237407,1.4163481213783185e-05,0.0
6.46399999999951,0.0039999999999995595,0.0,1.5703713618728603,0.11011864618586022,-0.0005258830364016376,1.416503300441475e-05,0.0
6.46799999999951,0.0039999999999995595,0.0,1.570371356995684,0.11011822250361271,-0.0005258259453587972,1.4166585239916222e-05,0.0
6.471999999999509,0.0039999999999995595,0.0,1.570371352117274,0.11011779883236682,-0.0005257688481935041,1.4168137918976511e-05,0.0
6.475999999999509,0.0039999999999995595,0.0,1.570371347237629,0.11011737517214475,-0.000525711744904044,1.4169691042898681e-05,0.0
6.479999999999508,0.0039999999999995595,0.0,1.5703713423567496,0.11011695152296873,-0.0005256546354887021,1.4171244611255173e-05,0.0
6.483999999999508,0.0039999999999995595,0.0,1.5703713374746338,0.11011652788486098,-0.0005255975199457592,1.4172798624056208e-05,0.0
6.4879999999995075,0.0039999999999995595,0.0,1.5703713325912816,0.1101161042578438,-0.0005255403982735033,1.4174353081235773e-05,0.0
6.491999999999507,0.0039999999999995595,0.0,1.5703713277066922,0.1101156806419394,-0.0005254832704702081,1.4175907985701816e-05,0.0
6.495999999999507,0.0039999999999995595,0.0,1.5703713228208651,0.1101152570371701,-0.000525426136534158,1.4177463333480771e-05,0.0
6.499999999999506,0.0039999999999995595,0.0,1.5703713179337995,0.1101148334435582,-0.0005253689964636361,1.4179019126927995e-05,0.0
6.503999999999506,0.0039999999999995595,0.0,1.5703713130454944,0.110114409861126,-0.0005253118502569207,1.4180575365053453e-05,0.0
6.507999999999505,0.0039999999999995595,0.0,1.5703713081559472,0.11011398628989584,-0.0005252546979122873,1.4182132050747545e-05,0.0
6.511999999999505,0.0039999999999995595,0.0,1.570371303265162,0.11011356272989006,-0.0005251975394280126,1.4183689182862727e-05,0.0
6.515999999999504,0.0039999999999995595,0.0,1.5703712983731357,0.11011313918113104,-0.000525140374802367,1.418524676178825e-05,0.0
6.519999999999504,0.0039999999999995595,0.0,1.5703712934798677,0.11011271564364113,-0.0005250832040336275,1.4186804787035642e-05,0.0
6.5239999999995035,0.0039999999999995595,0.0,1.5703712885853573,0.11011229211744272,-0.000525026027120064,1.4188363259473863e-05,0.0
6.527999999999503,0.0039999999999995595,0.0,1.5703712836896038,0.11011186860255824,-0.0005249688440599514,1.4189922179123331e-05,0.0
6.531999999999503,0.0039999999999995595,0.0,1.5703712787926067,0.1101114450990101,-0.000524911654851564,1.4191481544580558e-05,0.0
6.535999999999502,0.0039999999999995595,0.0,1.570371273894365,0.11011102160682072,-0.0005248544594931752,1.4193041357395477e-05,0.0
6.539999999999502,0.0039999999999995595,0.0,1.5703712689948781,0.11011059812601258,-0.0005247972579830503,1.4194601619020088e-05,0.0
6.543999999999501,0.0039999999999995595,0.0,1.5703712640941467,0.11011017465660813,-0.0005247400503194582,1.4196162328033544e-05,0.0
6.547999999999501,0.0039999999999995595,0.0,1.5703712591921686,0.11010975119862988,-0.0005246828365006632,1.4197723486944704e-05,0.0
6.5519999999995004,0.0039999999999995595,0.0,1.5703712542889434,0.1101093277521003,-0.0005246256165249394,1.4199285091200985e-05,0.0
6.5559999999995,0.0039999999999995595,0.0,1.570371249384469,0.11010890431704191,-0.0005245683903905494,1.4200847145657024e-05,0.0
6.5599999999995,0.0039999999999995595,0.0,1.570371244478748,0.11010848089347725,-0.0005245111580957566,1.4202409649006e-05,0.0
6.563999999999499,0.0039999999999995595,0.0,1.5703712395717788,0.11010805748142885,-0.0005244539196388288,1.420397259988386e-05,0.0
6.567999999999499,0.0039999999999995595,0.0,1.5703712346635605,0.11010763408091928,-0.0005243966750180254,1.4205536002069383e-05,0.0
6.571999999999498,0.0039999999999995595,0.0,1.570371229754092,0.11010721069197112,-0.0005243394242316072,1.4207099852938085e-05,0.0
6.575999999999498,0.0039999999999995595,0.0,1.570371224843373,0.11010678731460694,-0.0005242821672778415,1.4208664152166428e-05,0.0
6.579999999999497,0.0039999999999995595,0.0,1.5703712199314024,0.11010636394884935,-0.0005242249041549835,1.4210228902917669e-05,0.0
6.583999999999497,0.0039999999999995595,0.0,1.570371215018181,0.11010594059472098,-0.0005241676348612926,1.421179410277035e-05,0.0
6.5879999999994965,0.0039999999999995595,0.0,1.5703712101037066,0.11010551725224448,-0.0005241103593950302,1.4213359753327467e-05,0.0
6.591999999999496,0.0039999999999995595,0.0,1.5703712051879772,0.11010509392144247,-0.0005240530777544484,1.4214925855540153e-05,0.0
6.595999999999496,0.0039999999999995595,0.0,1.5703712002709966,0.11010467060233764,-0.0005239957899378034,1.4216492408042046e-05,0.0
6.599999999999495,0.0039999999999995595,0.0,1.570371195352761,0.11010424729495266,-0.0005239384959433475,1.4218059412516683e-05,0.0
6.603999999999495,0.0039999999999995595,0.0,1.5703711904332716,0.11010382399931024,-0.0005238811957693372,1.4219626867571888e-05,0.0
6.607999999999494,0.0039999999999995595,0.0,1.5703711855125264,0.11010340071543308,-0.0005238238894140236,1.4221194774509692e-05,0.0
6.611999999999494,0.0039999999999995595,0.0,1.5703711805905254,0.11010297744334392,-0.0005237665768756614,1.4222763133013977e-05,0.0
6.615999999999493,0.0039999999999995595,0.0,1.570371175667268,0.1101025541830655,-0.000523709258152503,1.4224331942978016e-05,0.0
6.619999999999493,0.0039999999999995595,0.0,1.5703711707427532,0.11010213093462057,-0.0005236519332427936,1.4225901206252899e-05,0.0
6.6239999999994925,0.0039999999999995595,0.0,1.5703711658169808,0.11010170769803192,-0.0005235946021447845,1.4227470921713413e-05,0.0
6.627999999999492,0.0039999999999995595,0.0,1.5703711608899495,0.11010128447332233,-0.0005235372648567245,1.4229041089047794e-05,0.0
6.631999999999492,0.0039999999999995595,0.0,1.5703711559616598,0.11010086126051462,-0.0005234799213768607,1.4230611710412044e-05,0.0
6.635999999999491,0.0039999999999995595,0.0,1.5703711510321106,0.11010043805963159,-0.0005234225717034371,1.4232182784268456e-05,0.0
6.639999999999491,0.0039999999999995595,0.0,1.570371146101301,0.1101000148706961,-0.0005233652158346999,1.4233754313386527e-05,0.0
6.64399999999949,0.0039999999999995595,0.0,1.570371141169231,0.11009959169373097,-0.0005233078537688878,1.423532629576454e-05,0.0
6.64799999999949,0.0039999999999995595,0.0,1.5703711362358994,0.11009916852875909,-0.0005232504855042496,1.4236898731028013e-05,0.0
6.651999999999489,0.0039999999999995595,0.0,1.5703711313013058,0.11009874537580334,-0.0005231931110390265,1.423847162063738e-05,0.0
6.655999999999489,0.0039999999999995595,0.0,1.5703711263654498,0.11009832223488662,-0.0005231357303714637,1.4240044963891237e-05,0.0
6.6599999999994886,0.0039999999999995595,0.0,1.5703711214283311,0.11009789910603185,-0.0005230783434997954,1.4241618763086451e-05,0.0
6.663999999999488,0.0039999999999995595,0.0,1.5703711164899463,0.11009747598926194,-0.0005230209504222617,1.4243193017522291e-05,0.0
6.667999999999488,0.0039999999999995595,0.0,1.5703711115502996,0.11009705288459982,-0.0005229635511371015,1.4244767725924906e-05,0.0
6.671999999999487,0.0039999999999995595,0.0,1.5703711066093882,0.1100966297920685,-0.0005229061456425562,1.4246342889542721e-05,0.0
6.675999999999487,0.0039999999999995595,0.0,1.5703711016672113,0.11009620671169092,-0.0005228487339368579,1.4247918509002305e-05,0.0
6.679999999999486,0.0039999999999995595,0.0,1.570371096723768,0.11009578364349007,-0.0005227913160182422,1.4249494584919467e-05,0.0
6.683999999999486,0.0039999999999995595,0.0,1.5703710917790583,0.11009536058748896,-0.0005227338918849449,1.4251071116976651e-05,0.0
6.6879999999994855,0.0039999999999995595,0.0,1.5703710868330814,0.11009493754371064,-0.0005226764615351908,1.4252648106829665e-05,0.0
6.691999999999485,0.0039999999999995595,0.0,1.570371081885837,0.1100945145121781,-0.0005226190249672161,1.425422555216708e-05,0.0
6.695999999999485,0.0039999999999995595,0.0,1.5703710769373243,0.11009409149291442,-0.0005225615821792558,1.4255803453724516e-05,0.0
6.699999999999484,0.0039999999999995595,0.0,1.5703710719875406,0.11009366848594267,-0.0005225041331695403,1.425738181275266e-05,0.0
6.703999999999484,0.0039999999999995595,0.0,1.5703710670364892,0.11009324549128592,-0.0005224466779362928,1.425896062988879e-05,0.0
6.707999999999483,0.0039999999999995595,0.0,1.570371062084168,0.11009282250896728,-0.000522389216477742,1.4260539904718718e-05,0.0
6.711999999999483,0.0039999999999995595,0.0,1.5703710571305765,0.11009239953900986,-0.000522331748792119,1.4262119636050163e-05,0.0
6.715999999999482,0.0039999999999995595,0.0,1.5703710521757133,0.11009197658143678,-0.0005222742748776489,1.4263699826367406e-05,0.0
6.719999999999482,0.0039999999999995595,0.0,1.5703710472195789,0.1100915536362712,-0.0005222167947325599,1.4265280474233173e-05,0.0
6.7239999999994815,0.0039999999999995595,0.0,1.5703710422621713,0.11009113070353628,-0.0005221593083550732,1.4266861581194632e-05,0.0
6.727999999999481,0.0039999999999995595,0.0,1.5703710373034916,0.11009070778325519,-0.0005221018157434094,1.426844314769157e-05,0.0
6.731999999999481,0.0039999999999995595,0.0,1.5703710323435378,0.11009028487545112,-0.0005220443168957866,1.4270025174986747e-05,0.0
6.73599999999948,0.0039999999999995595,0.0,1.5703710273823106,0.11008986198014731,-0.0005219868118104286,1.4271607659701189e-05,0.0
6.73999999999948,0.0039999999999995595,0.0,1.5703710224198082,0.11008943909736695,-0.000521929300485562,1.4273190603211581e-05,0.0
6.743999999999479,0.0039999999999995595,0.0,1.570371017456031,0.11008901622713328,-0.0005218717829194009,1.4274774008045083e-05,0.0
6.747999999999479,0.0039999999999995595,0.0,1.5703710124909775,0.11008859336946956,-0.0005218142591101619,1.427635787352632e-05,0.0
6.751999999999478,0.0039999999999995595,0.0,1.5703710075246482,0.11008817052439909,-0.0005217567290560627,1.4277942198165544e-05,0.0
6.755999999999478,0.0039999999999995595,0.0,1.5703710025570414,0.11008774769194511,-0.000521699192755319,1.4279526984558196e-05,0.0
6.7599999999994775,0.0039999999999995595,0.0,1.570370997588157,0.11008732487213095,-0.0005216416502061461,1.4281112231250244e-05,0.0
6.763999999999477,0.0039999999999995595,0.0,1.5703709926179925,0.11008690206497991,-0.0005215841014067588,1.4282697939080698e-05,0.0
6.767999999999477,0.0039999999999995595,0.0,1.5703709876465515,0.11008647927051533,-0.0005215265463553718,1.4284284108403459e-05,0.0
6.771999999999476,0.0039999999999995595,0.0,1.5703709826738317,0.11008605648876056,-0.000521468985050191,1.4285870740380032e-05,0.0
6.775999999999476,0.0039999999999995595,0.0,1.5703709776998318,0.11008563371973898,-0.0005214114174894303,1.4287457833474581e-05,0.0
6.779999999999475,0.0039999999999995595,0.0,1.5703709727245512,0.11008521096347394,-0.0005213538436712998,1.4289045388908498e-05,0.0
6.783999999999475,0.0039999999999995595,0.0,1.5703709677479896,0.11008478821998885,-0.0005212962635940099,1.4290633405840685e-05,0.0
6.7879999999994745,0.0039999999999995595,0.0,1.5703709627701468,0.11008436548930711,-0.0005212386772557697,1.4292221886566602e-05,0.0
6.791999999999474,0.0039999999999995595,0.0,1.5703709577910219,0.11008394277145217,-0.0005211810846547816,1.4293810830437038e-05,0.0
6.795999999999474,0.0039999999999995595,0.0,1.5703709528106142,0.11008352006644745,-0.0005211234857892535,1.4295400236749409e-05,0.0
6.799999999999473,0.0039999999999995595,0.0,1.5703709478289232,0.11008309737431642,-0.0005210658806573897,1.4296990106615432e-05,0.0
6.803999999999473,0.0039999999999995595,0.0,1.5703709428459485,0.11008267469508255,-0.0005210082692573961,1.4298580440142283e-05,0.0
6.807999999999472,0.0039999999999995595,0.0,1.5703709378616872,0.11008225202876933,-0.0005209506515874762,1.4300171237549436e-05,0.0
6.811999999999472,0.0039999999999995595,0.0,1.570370932876143,0.11008182937540026,-0.0005208930276458254,1.4301762501168228e-05,0.0
6.815999999999471,0.0039999999999995595,0.0,1.5703709278893137,0.11008140673499887,-0.0005208353974306474,1.4303354227637492e-05,0.0
6.819999999999471,0.0039999999999995595,0.0,1.5703709229011977,0.11008098410758871,-0.0005207777609401418,1.4304946419486796e-05,0.0
6.8239999999994705,0.0039999999999995595,0.0,1.5703709179117955,0.1100805614931933,-0.0005207201181725026,1.4306539077520807e-05,0.0
6.82799999999947,0.0039999999999995595,0.0,1.5703709129211054,0.11008013889183622,-0.0005206624691259362,1.4308132198360444e-05,0.0
6.83199999999947,0.0039999999999995595,0.0,1.570370907929128,0.11007971630354108,-0.0005206048137986364,1.4309725785754457e-05,0.0
6.835999999999469,0.0039999999999995595,0.0,1.5703709029358621,0.11007929372833143,-0.0005205471521887955,1.4311319839962175e-05,0.0
6.839999999999469,0.0039999999999995595,0.0,1.570370897941307,0.11007887116623093,-0.000520489484294612,1.4312914358705812e-05,0.0
6.843999999999468,0.0039999999999995595,0.0,1.5703708929454625,0.11007844861726318,-0.0005204318101142767,1.4314509344826032e-05,0.0
6.847999999999468,0.0039999999999995595,0.0,1.5703708879483278,0.11007802608145184,-0.000520374129645981,1.4316104798228689e-05,0.0
6.851999999999467,0.0039999999999995595,0.0,1.5703708829499026,0.11007760355882058,-0.0005203164428879153,1.4317700718065793e-05,0.0
6.855999999999467,0.0039999999999995595,0.0,1.570370877950186,0.11007718104939307,-0.0005202587498382693,1.4319297105287463e-05,0.0
6.8599999999994665,0.0039999999999995595,0.0,1.5703708729491772,0.11007675855319302,-0.0005202010504952412,1.432089395782994e-05,0.0
6.863999999999466,0.0039999999999995595,0.0,1.5703708679468764,0.11007633607024411,-0.0005201433448570149,1.4322491279441263e-05,0.0
6.867999999999466,0.0039999999999995595,0.0,1.5703708629432829,0.11007591360057009,-0.0005200856329217717,1.4324089070214963e-05,0.0
6.871999999999465,0.0039999999999995595,0.0,1.570370857938396,0.1100754911441947,-0.0005200279146877031,1.432568732818015e-05,0.0
6.875999999999465,0.0039999999999995595,0.0,1.570370852932212,0.11007506870114168,-0.0005199701901529953,1.4327286054289388e-05,0.0
6.879999999999464,0.0039999999999995595,0.0,1.5703708479247358,0.11007464627143483,-0.0005199124593158306,1.4328885249390892e-05,0.0
6.883999999999464,0.0039999999999995595,0.0,1.5703708429159642,0.11007422385509792,-0.0005198547221743931,1.4330484913242772e-05,0.0
6.887999999999463,0.0039999999999995595,0.0,1.570370837905897,0.11007380145215476,-0.0005197969787268625,1.433208504713439e-05,0.0
6.891999999999463,0.0039999999999995595,0.0,1.5703708328945336,0.11007337906262918,-0.0005197392289714216,1.4333685649951264e-05,0.0
6.895999999999463,0.0039999999999995595,0.0,1.5703708278818727,0.110072956686545,-0.0005196814729062526,1.4335286722509566e-05,0.0
6.899999999999462,0.0039999999999995595,0.0,1.5703708228679147,0.1100725343239261,-0.0005196237105295302,1.4336888265775575e-05,0.0
6.903999999999462,0.0039999999999995595,0.0,1.5703708178526583,0.11007211197479631,-0.0005195659418394344,1.4338490278674496e-05,0.0
6.907999999999461,0.0039999999999995595,0.0,1.5703708128361016,0.11007168963917956,-0.0005195081668341406,1.4340092762979108e-05,0.0
6.911999999999461,0.0039999999999995595,0.0,1.570370807818247,0.11007126731709971,-0.0005194503855118275,1.4341695717656567e-05,0.0
6.91599999999946,0.0039999999999995595,0.0,1.5703708027990928,0.11007084500858069,-0.0005193925978706685,1.4343299142981532e-05,0.0
6.91999999999946,0.0039999999999995595,0.0,1.570370797778638,0.11007042271364646,-0.0005193348039088387,1.4344903039996749e-05,0.0
6.9239999999994595,0.0039999999999995595,0.0,1.5703707927568828,0.11007000043232094,-0.0005192770036245128,1.4346507408413114e-05,0.0
6.927999999999459,0.0039999999999995595,0.0,1.5703707877338255,0.1100695781646281,-0.0005192191970158602,1.4348112248466783e-05,0.0
6.931999999999459,0.0039999999999995595,0.0,1.5703707827094664,0.11006915591059194,-0.0005191613840810526,1.4349717560988178e-05,0.0
6.935999999999458,0.0039999999999995595,0.0,1.570370777683804,0.11006873367023641,-0.0005191035648182496,1.4351323349018548e-05,0.0
6.939999999999458,0.0039999999999995595,0.0,1.5703707726568388,0.11006831144358557,-0.0005190457392256266,1.4352929606703344e-05,0.0
6.943999999999457,0.0039999999999995595,0.0,1.5703707676285694,0.11006788923066343,-0.0005189879073013571,1.4354536336399687e-05,0.0
6.947999999999457,0.0039999999999995595,0.0,1.570370762598996,0.11006746703149403,-0.000518930069043605,1.4356143540455593e-05,0.0
6.951999999999456,0.0039999999999995595,0.0,1.5703707575681172,0.11006704484610144,-0.0005188722244505314,1.4357751218882798e-05,0.0
6.955999999999456,0.0039999999999995595,0.0,1.5703707525359332,0.11006662267450973,-0.0005188143735203004,1.4359359371533968e-05,0.0
6.9599999999994555,0.0039999999999995595,0.0,1.5703707475024429,0.11006620051674298,-0.0005187565162510775,1.436096799713984e-05,0.0
6.963999999999455,0.0039999999999995595,0.0,1.5703707424676456,0.11006577837282533,-0.0005186986526410257,1.4362577096919235e-05,0.0
6.967999999999455,0.0039999999999995595,0.0,1.570370737431541,0.1100653562427809,-0.0005186407826883091,1.4364186670718601e-05,0.0
6.971999999999454,0.0039999999999995595,0.0,1.5703707323941285,0.1100649341266338,-0.0005185829063910863,1.4365796719926753e-05,0.0
6.975999999999454,0.0039999999999995595,0.0,1.5703707273554077,0.11006451202440821,-0.0005185250237475141,1.4367407245205074e-05,0.0
6.979999999999453,0.0039999999999995595,0.0,1.5703707223153756,0.1100640899361283,-0.000518467134755751,1.4369018245910898e-05,0.0
6.983999999999453,0.0039999999999995595,0.0,1.5703707172740358,0.11006366786181826,-0.0005184092394139568,1.4370629720521977e-05,0.0
6.987999999999452,0.0039999999999995595,0.0,1.5703707122313861,0.1100632458015023,-0.0005183513377202833,1.437224167347551e-05,0.0
6.991999999999452,0.0039999999999995595,0.0,1.5703707071874258,0.11006282375520463,-0.0005182934296728877,1.4373854101222393e-05,0.0
6.9959999999994515,0.0039999999999995595,0.0,1.5703707021421538,0.11006240172294948,-0.0005182355152699222,1.4375467006029383e-05,0.0
6.999999999999451,0.0039999999999995595,0.0,1.57037069709557,0.11006197970476113,-0.0005181775945095418,1.4377080387308089e-05,0.0
7.003999999999451,0.0039999999999995595,0.0,1.5703706920476739,0.11006155770066382,-0.000518119667389896,1.4378694245773835e-05,0.0
7.00799999999945,0.0039999999999995595,0.0,1.5703706869984644,0.11006113571068186,-0.000518061733909136,1.4380308581798626e-05,0.0
7.01199999999945,0.0039999999999995595,0.0,1.5703706819479413,0.11006071373483954,-0.0005180037940654126,1.4381923395041076e-05,0.0
7.015999999999449,0.0039999999999995595,0.0,1.570370676896104,0.11006029177316118,-0.0005179458478568775,1.4383538685859087e-05,0.0
7.019999999999449,0.0039999999999995595,0.0,1.5703706718429518,0.1100598698256711,-0.0005178878952816784,1.4385154453614829e-05,0.0
7.0239999999994485,0.0039999999999995595,0.0,1.5703706667884842,0.11005944789239369,-0.0005178299363379612,1.4386770701037427e-05,0.0
7.027999999999448,0.0039999999999995595,0.0,1.5703706617327005,0.11005902597335329,-0.000517771971023866,1.4388387428857569e-05,0.0
7.031999999999448,0.0039999999999995595,0.0,1.5703706566756006,0.11005860406857429,-0.0005177139993375342,1.4390004634842097e-05,0.0
7.035999999999447,0.0039999999999995595,0.0,1.5703706516171831,0.11005818217808108,-0.0005176560212771149,1.4391622319349544e-05,0.0
7.039999999999447,0.0039999999999995595,0.0,1.570370646557448,0.11005776030189808,-0.0005175980368407557,1.4393240481622894e-05,0.0
7.043999999999446,0.0039999999999995595,0.0,1.5703706414963945,0.11005733844004971,-0.0005175400460265914,1.4394859126142885e-05,0.0
7.047999999999446,0.0039999999999995595,0.0,1.5703706364340224,0.11005691659256044,-0.0005174820488327577,1.4396478250969479e-05,0.0
7.051999999999445,0.0039999999999995595,0.0,1.5703706313703305,0.11005649475945473,-0.0005174240452574019,1.4398097854703253e-05,0.0
7.055999999999445,0.0039999999999995595,0.0,1.5703706263053188,0.11005607294075705,-0.0005173660352986615,1.4399717938653096e-05,0.0
7.0599999999994445,0.0039999999999995595,0.0,1.5703706212389843,0.11005565113649189,-0.0005173080189546671,1.4401338505237177e-05,0.0
7.063999999999444,0.0039999999999995595,0.0,1.5703706161713307,0.11005522934668378,-0.0005172499962235599,1.44029595517444e-05,0.0
7.067999999999444,0.0039999999999995595,0.0,1.5703706111023557,0.11005480757135723,-0.0005171919671034729,1.44045810800879e-05,0.0
7.071999999999443,0.0039999999999995595,0.0,1.5703706060320577,0.1100543858105368,-0.0005171339315925429,1.44062030886282e-05,0.0
7.075999999999443,0.0039999999999995595,0.0,1.5703706009604375,0.11005396406424706,-0.0005170758896888989,1.4407825581395071e-05,0.0
7.079999999999442,0.0039999999999995595,0.0,1.570370595887493,0.11005354233251256,-0.00051701784139067,1.4409448556291605e-05,0.0
7.083999999999442,0.0039999999999995595,0.0,1.570370590813225,0.11005312061535792,-0.0005169597866959899,1.4411072012795019e-05,0.0
7.087999999999441,0.0039999999999995595,0.0,1.570370585737632,0.11005269891280774,-0.0005169017256029873,1.4412695952211508e-05,0.0
7.091999999999441,0.0039999999999995595,0.0,1.5703705806607136,0.11005227722488665,-0.0005168436581097945,1.4414320374028763e-05,0.0
7.0959999999994405,0.0039999999999995595,0.0,1.5703705755824675,0.1100518555516193,-0.000516785584214532,1.4415945280545954e-05,0.0
7.09999999999944,0.0039999999999995595,0.0,1.570370570502897,0.11005143389303032,-0.0005167275039153289,1.4417570670349977e-05,0.0
7.10399999999944,0.0039999999999995595,0.0,1.5703705654219993,0.11005101224914442,-0.0005166694172103078,1.4419196544551208e-05,0.0
7.107999999999439,0.0039999999999995595,0.0,1.5703705603397737,0.11005059061998627,-0.0005166113240975988,1.4420822901461222e-05,0.0
7.111999999999439,0.0039999999999995595,0.0,1.5703705552562204,0.1100501690055806,-0.0005165532245753223,1.4422449743273791e-05,0.0
7.115999999999438,0.0039999999999995595,0.0,1.570370550171338,0.11004974740595212,-0.0005164951186416018,1.4424077069183778e-05,0.0
7.119999999999438,0.0039999999999995595,0.0,1.5703705450851266,0.11004932582112559,-0.0005164370062945582,1.4425704881179645e-05,0.0
7.1239999999994374,0.0039999999999995595,0.0,1.5703705399975851,0.11004890425112572,-0.0005163788875323096,1.4427333178509893e-05,0.0
7.127999999999437,0.0039999999999995595,0.0,1.5703705349087131,0.11004848269597733,-0.0005163207623529764,1.4428961960330023e-05,0.0
7.131999999999437,0.0039999999999995595,0.0,1.5703705298185098,0.1100480611557052,-0.0005162626307546733,1.4430591228783312e-05,0.0
7.135999999999436,0.0039999999999995595,0.0,1.5703705247269746,0.11004763963033413,-0.0005162044927355167,1.4432220983756955e-05,0.0
7.139999999999436,0.0039999999999995595,0.0,1.5703705196341073,0.11004721811988896,-0.0005161463482936229,1.4433851224671237e-05,0.0
7.143999999999435,0.0039999999999995595,0.0,1.5703705145399072,0.11004679662439451,-0.000516088197427107,1.4435481952375383e-05,0.0
7.147999999999435,0.0039999999999995595,0.0,1.5703705094443734,0.11004637514387565,-0.0005160300401340819,1.4437113166798079e-05,0.0
7.151999999999434,0.0039999999999995595,0.0,1.5703705043475056,0.11004595367835725,-0.0005159718764126606,1.4438744868599929e-05,0.0
7.155999999999434,0.0039999999999995595,0.0,1.5703704992493008,0.1100455322278642,-0.0005159137062609587,1.444037705651799e-05,0.0
7.1599999999994335,0.0039999999999995595,0.0,1.5703704941497634,0.1100451107924214,-0.0005158555296770782,1.4442009734808805e-05,0.0
7.163999999999433,0.0039999999999995595,0.0,1.5703704890488899,0.11004468937205376,-0.0005157973466591319,1.4443642899518976e-05,0.0
7.167999999999433,0.0039999999999995595,0.0,1.57037048394668,0.11004426796678625,-0.0005157391572052255,1.4445276553819872e-05,0.0
7.171999999999432,0.0039999999999995595,0.0,1.570370478843133,0.1100438465766438,-0.0005156809613134678,1.4446910694819544e-05,0.0
7.175999999999432,0.0039999999999995595,0.0,1.5703704737382485,0.1100434252016514,-0.0005156227589819633,1.4448545327118502e-05,0.0
7.179999999999431,0.0039999999999995595,0.0,1.5703704686320257,0.11004300384183403,-0.0005155645502088183,1.445018044650885e-05,0.0
7.183999999999431,0.0039999999999995595,0.0,1.570370463524464,0.1100425824972167,-0.0005155063349921406,1.4451816054987488e-05,0.0
7.18799999999943,0.0039999999999995595,0.0,1.570370458415563,0.11004216116782442,-0.0005154481133300298,1.4453452154370144e-05,0.0
7.19199999999943,0.0039999999999995595,0.0,1.5703704533053222,0.11004173985368225,-0.000515389885220586,1.4455088743291695e-05,0.0
7.1959999999994295,0.0039999999999995595,0.0,1.570370448193741,0.11004131855481522,-0.000515331650661907,1.4456725823665158e-05,0.0
7.199999999999429,0.0039999999999995595,0.0,1.5703704430808185,0.11004089727124841,-0.0005152734096520939,1.4458363393753893e-05,0.0
7.203999999999429,0.0039999999999995595,0.0,1.5703704379665544,0.11004047600300691,-0.0005152151621892453,1.4460001455151751e-05,0.0
7.207999999999428,0.0039999999999995595,0.0,1.5703704328509458,0.11004005475011583,-0.0005151569082714557,1.4461640007551153e-05,0.0
7.211999999999428,0.0039999999999995595,0.0,1.570370427733996,0.11003963351260028,-0.0005150986478968198,1.4463279052820358e-05,0.0
7.215999999999427,0.0039999999999995595,0.0,1.570370422615703,0.11003921229048541,-0.0005150403810634339,1.446491858803283e-05,0.0
7.219999999999427,0.0039999999999995595,0.0,1.5703704174960655,0.11003879108379638,-0.0005149821077693965,1.4466558614467392e-05,0.0
7.223999999999426,0.0039999999999995595,0.0,1.5703704123750837,0.11003836989255834,-0.0005149238280128004,1.4468199133898525e-05,0.0
7.227999999999426,0.0039999999999995595,0.0,1.5703704072527565,0.1100379487167965,-0.0005148655417917296,1.44698401478114e-05,0.0
7.2319999999994256,0.0039999999999995595,0.0,1.5703704021290832,0.11003752755653604,-0.0005148072491042758,1.4471481653600727e-05,0.0
7.235999999999425,0.0039999999999995595,0.0,1.5703703970040637,0.1100371064118022,-0.0005147489499485327,1.4473123651029623e-05,0.0
7.239999999999425,0.0039999999999995595,0.0,1.5703703918776966,0.11003668528262021,-0.0005146906443225882,1.4474766142384955e-05,0.0
7.243999999999424,0.0039999999999995595,0.0,1.5703703867499823,0.11003626416901532,-0.0005146323322245298,1.447640912754595e-05,0.0
7.247999999999424,0.0039999999999995595,0.0,1.5703703816209198,0.11003584307101281,-0.0005145740136524458,1.4478052606287481e-05,0.0
7.251999999999423,0.0039999999999995595,0.0,1.570370376490508,0.11003542198863797,-0.0005145156886044132,1.4479696580417769e-05,0.0
7.255999999999423,0.0039999999999995595,0.0,1.5703703713587474,0.11003500092191609,-0.0005144573570785238,1.4481341048067175e-05,0.0
7.2599999999994225,0.0039999999999995595,0.0,1.5703703662256363,0.1100345798708725,-0.0005143990190728596,1.4482986010460396e-05,0.0
7.263999999999422,0.0039999999999995595,0.0,1.5703703610911748,0.11003415883553255,-0.0005143406745855034,1.4484631467862414e-05,0.0
7.267999999999422,0.0039999999999995595,0.0,1.5703703559553597,0.11003373781592159,-0.0005142823236145293,1.448627742231689e-05,0.0
7.271999999999421,0.0039999999999995595,0.0,1.5703703508181948,0.11003331681206498,-0.0005142239661580199,1.44879238714207e-05,0.0
7.275999999999421,0.0039999999999995595,0.0,1.5703703456796776,0.11003289582398809,-0.0005141656022140501,1.4489570817069044e-05,0.0
7.27999999999942,0.0039999999999995595,0.0,1.5703703405398073,0.11003247485171637,-0.0005141072317807021,1.4491218258001572e-05,0.0
7.28399999999942,0.0039999999999995595,0.0,1.5703703353985836,0.1100320538952752,-0.0005140488548560464,1.4492866196822973e-05,0.0
7.287999999999419,0.0039999999999995595,0.0,1.5703703302560057,0.11003163295469007,-0.0005139904714381583,1.4494514632895986e-05,0.0
7.291999999999419,0.0039999999999995595,0.0,1.5703703251120726,0.11003121202998639,-0.0005139320815251138,1.449616356524696e-05,0.0
7.2959999999994185,0.0039999999999995595,0.0,1.5703703199667844,0.11003079112118964,-0.0005138736851149858,1.4497812995315951e-05,0.0
7.299999999999418,0.0039999999999995595,0.0,1.5703703148201398,0.11003037022832533,-0.0005138152822058477,1.4499462921433677e-05,0.0
7.303999999999418,0.0039999999999995595,0.0,1.5703703096721386,0.11002994935141895,-0.0005137568727957728,1.4501113345277482e-05,0.0
7.307999999999417,0.0039999999999995595,0.0,1.5703703045227808,0.11002952849049603,-0.0005136984568828273,1.4502764269476132e-05,0.0
7.311999999999417,0.0039999999999995595,0.0,1.570370299372065,0.1100291076455821,-0.0005136400344650776,1.4504415691634537e-05,0.0
7.315999999999416,0.0039999999999995595,0.0,1.5703702942199902,0.11002868681670273,-0.0005135816055405955,1.4506067611034021e-05,0.0
7.319999999999416,0.0039999999999995595,0.0,1.5703702890665563,0.11002826600388348,-0.000513523170107447,1.4507720030439565e-05,0.0
7.323999999999415,0.0039999999999995595,0.0,1.5703702839117628,0.11002784520714995,-0.0005134647281636947,1.4509372950148042e-05,0.0
7.327999999999415,0.0039999999999995595,0.0,1.5703702787556093,0.11002742442652774,-0.0005134062797074039,1.4511026368172059e-05,0.0
7.3319999999994145,0.0039999999999995595,0.0,1.570370273598095,0.11002700366204247,-0.0005133478247366351,1.4512680287255247e-05,0.0
7.335999999999414,0.0039999999999995595,0.0,1.5703702684392191,0.11002658291371979,-0.0005132893632494486,1.4514334707013474e-05,0.0
7.339999999999414,0.0039999999999995595,0.0,1.5703702632789793,0.11002616218158535,-0.0005132308952439092,1.451598962650898e-05,0.0
7.343999999999413,0.0039999999999995595,0.0,1.570370258117379,0.11002574146566484,-0.0005131724207180746,1.4517645047394098e-05,0.0
7.347999999999413,0.0039999999999995595,0.0,1.5703702529544152,0.11002532076598394,-0.0005131139396700004,1.4519300969443777e-05,0.0
7.351999999999412,0.0039999999999995595,0.0,1.570370247790088,0.11002490008256836,-0.0005130554520977538,1.4520957390241995e-05,0.0
7.355999999999412,0.0039999999999995595,0.0,1.5703702426243957,0.11002447941544383,-0.0005129969579993843,1.4522614315403686e-05,0.0
7.3599999999994115,0.0039999999999995595,0.0,1.5703702374573387,0.11002405876463607,-0.0005129384573729437,1.452427174306872e-05,0.0
7.363999999999411,0.0039999999999995595,0.0,1.5703702322889161,0.11002363813017088,-0.0005128799502164845,1.4525929672589356e-05,0.0
7.367999999999411,0.0039999999999995595,0.0,1.570370227119127,0.110023217512074,-0.0005128214365280698,1.452758810259718e-05,0.0
7.37199999999941,0.0039999999999995595,0.0,1.5703702219479712,0.11002279691037124,-0.0005127629163057451,1.4529247037385302e-05,0.0
7.37599999999941,0.0039999999999995595,0.0,1.5703702167754479,0.11002237632508842,-0.000512704389547557,1.4530906475457706e-05,0.0
7.379999999999409,0.0039999999999995595,0.0,1.5703702116015563,0.11002195575625136,-0.0005126458562515617,1.4532566416168494e-05,0.0
7.383999999999409,0.0039999999999995595,0.0,1.5703702064262963,0.11002153520388591,-0.0005125873164158059,1.4534226860116518e-05,0.0
7.387999999999408,0.0039999999999995595,0.0,1.5703702012496648,0.11002111466801791,-0.0005125287700383357,1.453588780900514e-05,0.0
7.391999999999408,0.0039999999999995595,0.0,1.5703701960716652,0.11002069414867326,-0.0005124702171171927,1.4537549263625849e-05,0.0
7.3959999999994075,0.0039999999999995595,0.0,1.5703701908922953,0.11002027364587784,-0.0005124116576504247,1.4539211221804196e-05,0.0
7.399999999999407,0.0039999999999995595,0.0,1.5703701857115546,0.1100198531596576,-0.0005123530916360775,1.4540873683604504e-05,0.0
7.403999999999407,0.0039999999999995595,0.0,1.5703701805294419,0.11001943269003842,-0.0005122945190721965,1.4542536650528041e-05,0.0
7.407999999999406,0.0039999999999995595,0.0,1.5703701753459567,0.11001901223704627,-0.0005122359399568234,1.4544200122988463e-05,0.0
7.411999999999406,0.0039999999999995595,0.0,1.5703701701610988,0.11001859180070711,-0.0005121773542879969,1.4545864102050821e-05,0.0
7.415999999999405,0.0039999999999995595,0.0,1.5703701649748674,0.11001817138104694,-0.0005121187620637561,1.454752858621571e-05,0.0
7.419999999999405,0.0039999999999995595,0.0,1.5703701597872617,0.11001775097809174,-0.0005120601632821381,1.4549193577944875e-05,0.0
7.423999999999404,0.0039999999999995595,0.0,1.5703701545982807,0.11001733059186754,-0.0005120015579411782,1.4550859075795467e-05,0.0
7.427999999999404,0.0039999999999995595,0.0,1.5703701494079247,0.11001691022240033,-0.0005119429460389119,1.4552525081435967e-05,0.0
7.4319999999994035,0.0039999999999995595,0.0,1.5703701442161906,0.1100164898697162,-0.0005118843275733738,1.4554191593703937e-05,0.0
7.435999999999403,0.0039999999999995595,0.0,1.570370139023082,0.1100160695338412,-0.000511825702542597,1.455585861377171e-05,0.0
7.439999999999403,0.0039999999999995595,0.0,1.570370133828596,0.11001564921480143,-0.0005117670709446197,1.4557526140656606e-05,0.0
7.443999999999402,0.0039999999999995595,0.0,1.5703701286327325,0.11001522891262298,-0.0005117084327774719,1.455919417610516e-05,0.0
7.447999999999402,0.0039999999999995595,0.0,1.5703701234354903,0.11001480862733197,-0.0005116497880391794,1.4560862720419918e-05,0.0
7.451999999999401,0.0039999999999995595,0.0,1.5703701182368692,0.11001438835895454,-0.0005115911367277732,1.4562531773576629e-05,0.0
7.455999999999401,0.0039999999999995595,0.0,1.5703701130368686,0.11001396810751683,-0.0005115324788412779,1.4564201336185186e-05,0.0
7.4599999999994,0.0039999999999995595,0.0,1.5703701078354873,0.11001354787304503,-0.0005114738143777226,1.4565871407164206e-05,0.0
7.4639999999994,0.0039999999999995595,0.0,1.5703701026327255,0.1100131276555653,-0.0005114151433351371,1.4567541986554511e-05,0.0
7.4679999999994,0.0039999999999995595,0.0,1.570370097428582,0.11001270745510387,-0.0005113564657115456,1.4569213076405858e-05,0.0
7.471999999999399,0.0039999999999995595,0.0,1.5703700922230561,0.11001228727168696,-0.00051129778150497,1.4570884677318469e-05,0.0
7.475999999999399,0.0039999999999995595,0.0,1.5703700870161477,0.1100118671053408,-0.0005112390907134334,1.4572556787360497e-05,0.0
7.479999999999398,0.0039999999999995595,0.0,1.5703700818078536,0.11001144695609165,-0.0005111803933349544,1.457422940938278e-05,0.0
7.483999999999398,0.0039999999999995595,0.0,1.5703700765981776,0.11001102682396578,-0.0005111216893675555,1.4575902541723407e-05,0.0
7.487999999999397,0.0039999999999995595,0.0,1.5703700713871172,0.11001060670898948,-0.0005110629788092522,1.4577576186233584e-05,0.0
7.491999999999397,0.0039999999999995595,0.0,1.5703700661746718,0.11001018661118907,-0.0005110042616580633,1.4579250342385652e-05,0.0
7.4959999999993965,0.0039999999999995595,0.0,1.5703700609608402,0.11000976653059086,-0.0005109455379120007,1.4580925011759648e-05,0.0
7.499999999999396,0.0039999999999995595,0.0,1.5703700557456222,0.1100093464672212,-0.0005108868075690837,1.4582600191235404e-05,0.0
7.503999999999396,0.0039999999999995595,0.0,1.5703700505290172,0.11000892642110645,-0.0005108280706273289,1.4584275883503372e-05,0.0
7.507999999999395,0.0039999999999995595,0.0,1.5703700453110245,0.11000850639227298,-0.0005107693270847515,1.458595208733895e-05,0.0
7.511999999999395,0.0039999999999995595,0.0,1.5703700400916436,0.11000808638074719,-0.0005107105769393607,1.4587628806167782e-05,0.0
7.515999999999394,0.0039999999999995595,0.0,1.5703700348708738,0.11000766638655549,-0.0005106518201891633,1.4589306038670435e-05,0.0
7.519999999999394,0.0039999999999995595,0.0,1.5703700296487146,0.1100072464097243,-0.0005105930568321715,1.4590983784777903e-05,0.0
7.523999999999393,0.0039999999999995595,0.0,1.5703700244251653,0.11000682645028008,-0.0005105342868663926,1.4592662043933435e-05,0.0
7.527999999999393,0.0039999999999995595,0.0,1.5703700192002252,0.1100064065082493,-0.000510475510289837,1.459434081764868e-05,0.0
7.5319999999993925,0.0039999999999995595,0.0,1.5703700139738916,0.11000598658365843,-0.000510416727100512,1.4596020104989309e-05,0.0
7.535999999999392,0.0039999999999995595,0.0,1.570370008746168,0.11000556667653397,-0.0005103579372964229,1.4597699907946564e-05,0.0
7.539999999999392,0.0039999999999995595,0.0,1.570370003517052,0.11000514678690243,-0.0005102991408755689,1.4599380227492292e-05,0.0
7.543999999999391,0.0039999999999995595,0.0,1.5703699982865427,0.11000472691479035,-0.0005102403378359531,1.460106106182483e-05,0.0
7.547999999999391,0.0039999999999995595,0.0,1.5703699930546395,0.1100043070602243,-0.0005101815281755791,1.4602742411185429e-05,0.0
7.55199999999939,0.0039999999999995595,0.0,1.5703699878213417,0.1100038872232308,-0.0005101227118924509,1.4604424275862432e-05,0.0
7.55599999999939,0.0039999999999995595,0.0,1.570369982586649,0.1100034674038365,-0.0005100638889845608,1.4606106659187554e-05,0.0
7.559999999999389,0.0039999999999995595,0.0,1.5703699773505602,0.11000304760206796,-0.0005100050594499068,1.460778955915386e-05,0.0
7.563999999999389,0.0039999999999995595,0.0,1.5703699721130755,0.11000262781795181,-0.0005099462232864854,1.4609472975578564e-05,0.0
7.5679999999993885,0.0039999999999995595,0.0,1.5703699668741935,0.11000220805151469,-0.0005098873804922925,1.4611156909977281e-05,0.0
7.571999999999388,0.0039999999999995595,0.0,1.570369961633912,0.11000178830278325,-0.0005098285310653261,1.4612841360474761e-05,0.0
7.575999999999388,0.0039999999999995595,0.0,1.5703699563922342,0.11000136857178418,-0.0005097696750035808,1.4614526328901569e-05,0.0
7.579999999999387,0.0039999999999995595,0.0,1.5703699511491573,0.11000094885854415,-0.0005097108123050473,1.4616211816247471e-05,0.0
7.583999999999387,0.0039999999999995595,0.0,1.5703699459046816,0.11000052916308989,-0.0005096519429677198,1.4617897820930183e-05,0.0
7.587999999999386,0.0039999999999995595,0.0,1.5703699406588052,0.11000010948544811,-0.0005095930669895851,1.4619584345166888e-05,0.0
7.591999999999386,0.0039999999999995595,0.0,1.5703699354115284,0.10999968982564556,-0.0005095341843686335,1.4621271387934594e-05,0.0
7.5959999999993855,0.0039999999999995595,0.0,1.57036993016285,0.109999270183709,-0.0005094752951028499,1.462295895080253e-05,0.0
7.599999999999385,0.0039999999999995595,0.0,1.5703699249127696,0.1099988505596652,-0.0005094163991902214,1.4624647033396352e-05,0.0
7.603999999999385,0.0039999999999995595,0.0,1.5703699196612873,0.10999843095354096,-0.0005093574966287347,1.4626335636038248e-05,0.0
7.607999999999384,0.0039999999999995595,0.0,1.5703699144084013,0.10999801136536311,-0.0005092985874163726,1.4628024758880753e-05,0.0
7.611999999999384,0.0039999999999995595,0.0,1.5703699091541092,0.10999759179515844,-0.0005092396715511174,1.4629714402026318e-05,0.0
7.615999999999383,0.0039999999999995595,0.0,1.5703699038984156,0.10999717224295386,-0.0005091807490309526,1.4631404566526592e-05,0.0
7.619999999999383,0.0039999999999995595,0.0,1.5703698986413162,0.10999675270877618,-0.0005091218198538609,1.4633095251104549e-05,0.0
7.623999999999382,0.0039999999999995595,0.0,1.5703698933828112,0.1099963331926523,-0.0005090628840178218,1.4634786457684986e-05,0.0
7.627999999999382,0.0039999999999995595,0.0,1.5703698881228996,0.10999591369460913,-0.0005090039415208081,1.4636478186843572e-05,0.0
7.6319999999993815,0.0039999999999995595,0.0,1.570369882861581,0.1099954942146736,-0.0005089449923608011,1.4638170437100483e-05,0.0
7.635999999999381,0.0039999999999995595,0.0,1.5703698775988555,0.10999507475287264,-0.0005088860365357767,1.4639863209809269e-05,0.0
7.639999999999381,0.0039999999999995595,0.0,1.5703698723347215,0.10999465530923318,-0.0005088270740437108,1.4641556505423235e-05,0.0
7.64399999999938,0.0039999999999995595,0.0,1.5703698670691786,0.10999423588378222,-0.0005087681048825726,1.464325032520382e-05,0.0
7.64799999999938,0.0039999999999995595,0.0,1.570369861802226,0.10999381647654675,-0.0005087091290503318,1.4644944668306346e-05,0.0
7.651999999999379,0.0039999999999995595,0.0,1.570369856533863,0.10999339708755376,-0.0005086501465449665,1.4646639533950808e-05,0.0
7.655999999999379,0.0039999999999995595,0.0,1.5703698512640898,0.10999297771683028,-0.0005085911573644435,1.4648334923284745e-05,0.0
7.659999999999378,0.0039999999999995595,0.0,1.5703698459929052,0.10999255836440337,-0.0005085321615067337,1.4650030837532628e-05,0.0
7.663999999999378,0.0039999999999995595,0.0,1.570369840720306,0.10999213903030008,-0.0005084731589698045,1.4651727275747178e-05,0.0
7.6679999999993775,0.0039999999999995595,0.0,1.5703698354462963,0.10999171971454748,-0.0005084141497516272,1.4653424238148016e-05,0.0
7.671999999999377,0.0039999999999995595,0.0,1.5703698301708735,0.10999130041717267,-0.0005083551338501567,1.4655121727482231e-05,0.0
7.675999999999377,0.0039999999999995595,0.0,1.5703698248940365,0.10999088113820277,-0.0005082961112633683,1.4656819740084116e-05,0.0
7.679999999999376,0.0039999999999995595,0.0,1.5703698196157851,0.1099904618776649,-0.0005082370819892218,1.4658518278895374e-05,0.0
7.683999999999376,0.0039999999999995595,0.0,1.5703698143361189,0.10999004263558622,-0.0005081780460256754,1.4660217345286143e-05,0.0
7.687999999999375,0.0039999999999995595,0.0,1.5703698090550369,0.10998962341199389,-0.0005081190033706923,1.4661916937025046e-05,0.0
7.691999999999375,0.0039999999999995595,0.0,1.5703698037725387,0.1099892042069151,-0.000508059954022232,1.4663617054410735e-05,0.0
7.6959999999993745,0.0039999999999995595,0.0,1.570369798488623,0.10998878502037705,-0.0005080008979782549,1.4665317699711744e-05,0.0
7.699999999999374,0.0039999999999995595,0.0,1.5703697932032872,0.10998836585240697,-0.0005079418352367129,1.4667018872562774e-05,0.0
7.703999999999374,0.0039999999999995595,0.0,1.5703697879165355,0.10998794670303208,-0.0005078827657955599,1.4668720574224779e-05,0.0
7.707999999999373,0.0039999999999995595,0.0,1.5703697826283651,0.10998752757227966,-0.0005078236896527552,1.4670422802642223e-05,0.0
7.711999999999373,0.0039999999999995595,0.0,1.5703697773387748,0.10998710846017697,-0.0005077646068062491,1.4672125559745831e-05,0.0
7.715999999999372,0.0039999999999995595,0.0,1.5703697720477643,0.1099866893667513,-0.0005077055172539952,1.4673828845088237e-05,0.0
7.719999999999372,0.0039999999999995595,0.0,1.5703697667553327,0.10998627029202995,-0.0005076464209939467,1.467553265833838e-05,0.0
7.723999999999371,0.0039999999999995595,0.0,1.5703697614614798,0.10998585123604027,-0.0005075873180240571,1.4677236999625136e-05,0.0
7.727999999999371,0.0039999999999995595,0.0,1.5703697561662044,0.10998543219880959,-0.0005075282083422752,1.4678941871704596e-05,0.0
7.7319999999993705,0.0039999999999995595,0.0,1.5703697508695063,0.10998501318036528,-0.0005074690919465431,1.4680647274452742e-05,0.0
7.73599999999937,0.0039999999999995595,0.0,1.5703697455713845,0.10998459418073472,-0.0005074099688348042,1.468235320732073e-05,0.0
7.73999999999937,0.0039999999999995595,0.0,1.570369740271839,0.10998417519994531,-0.0005073508390050063,1.4684059669556414e-05,0.0
7.743999999999369,0.0039999999999995595,0.0,1.570369734970869,0.10998375623802448,-0.0005072917024550945,1.4685766663246708e-05,0.0
7.747999999999369,0.0039999999999995595,0.0,1.5703697296684733,0.10998333729499964,-0.0005072325591830133,1.4687474186578695e-05,0.0
7.751999999999368,0.0039999999999995595,0.0,1.5703697243646517,0.10998291837089826,-0.0005071734091867033,1.4689182242043037e-05,0.0
7.755999999999368,0.0039999999999995595,0.0,1.5703697190594035,0.1099824994657478,-0.0005071142524641039,1.4690890828654414e-05,0.0
7.759999999999367,0.0039999999999995595,0.0,1.570369713752726,0.10998208057957576,-0.0005070550890131538,1.469259994820502e-05,0.0
7.763999999999367,0.0039999999999995595,0.0,1.5703697084446224,0.10998166171240964,-0.0005069959188317943,1.4694309597737138e-05,0.0
7.7679999999993665,0.0039999999999995595,0.0,1.5703697031350907,0.10998124286427696,-0.0005069367419179614,1.4696019781904557e-05,0.0
7.771999999999366,0.0039999999999995595,0.0,1.5703696978241293,0.10998082403520527,-0.0005068775582695854,1.4697730498860004e-05,0.0
7.775999999999366,0.0039999999999995595,0.0,1.5703696925117385,0.10998040522522212,-0.0005068183678846036,1.4699441749149307e-05,0.0
7.779999999999365,0.0039999999999995595,0.0,1.570369687197917,0.10997998643435511,-0.0005067591707609516,1.470115353154286e-05,0.0
7.783999999999365,0.0039999999999995595,0.0,1.5703696818826642,0.10997956766263182,-0.0005066999668965608,1.4702865847577566e-05,0.0
7.787999999999364,0.0039999999999995595,0.0,1.5703696765659796,0.10997914891007987,-0.0005066407562893604,1.4704578699174703e-05,0.0
7.791999999999364,0.0039999999999995595,0.0,1.570369671247863,0.1099787301767269,-0.0005065815389372809,1.4706292083806034e-05,0.0
7.795999999999363,0.0039999999999995595,0.0,1.570369665928311,0.10997831146260054,-0.0005065223148382482,1.4708006004345359e-05,0.0
7.799999999999363,0.0039999999999995595,0.0,1.5703696606073279,0.10997789276772846,-0.0005064630839901904,1.4709720459239025e-05,0.0
7.803999999999363,0.0039999999999995595,0.0,1.5703696552849102,0.10997747409213836,-0.0005064038463910355,1.4711435449115207e-05,0.0
7.807999999999362,0.0039999999999995595,0.0,1.5703696499610575,0.10997705543585794,-0.0005063446020387109,1.4713150974016284e-05,0.0
7.811999999999362,0.0039999999999995595,0.0,1.5703696446357693,0.10997663679891494,-0.0005062853509311387,1.4714867035128384e-05,0.0
7.815999999999361,0.0039999999999995595,0.0,1.5703696393090447,0.10997621818133707,-0.000506226093066245,1.4716583631645028e-05,0.0
7.819999999999361,0.0039999999999995595,0.0,1.5703696339808833,0.10997579958315212,-0.0005061668284419456,1.4718300766235246e-05,0.0
7.82399999999936,0.0039999999999995595,0.0,1.5703696286512845,0.10997538100438786,-0.0005061075570561603,1.4720018437158573e-05,0.0
7.82799999999936,0.0039999999999995595,0.0,1.5703696233202469,0.10997496244507207,-0.0005060482789068101,1.4721736644645209e-05,0.0
7.8319999999993595,0.0039999999999995595,0.0,1.5703696179877706,0.10997454390523258,-0.000505988993991812,1.4723455390502259e-05,0.0
7.835999999999359,0.0039999999999995595,0.0,1.5703696126538549,0.1099741253848972,-0.0005059297023090824,1.472517467370631e-05,0.0
7.839999999999359,0.0039999999999995595,0.0,1.5703696073184992,0.1099737068840938,-0.0005058704038565343,1.4726894495695109e-05,0.0
7.843999999999358,0.0039999999999995595,0.0,1.5703696019817026,0.10997328840285026,-0.0005058110986320828,1.4728614855523038e-05,0.0
7.847999999999358,0.0039999999999995595,0.0,1.5703695966434648,0.10997286994119443,-0.0005057517866336387,1.473033575444622e-05,0.0
7.851999999999357,0.0039999999999995595,0.0,1.5703695913037823,0.10997245149915423,-0.0005056924678591169,1.4732057191731506e-05,0.0
7.855999999999357,0.0039999999999995595,0.0,1.5703695859626596,0.1099720330767576,-0.0005056331423064288,1.4733779168039382e-05,0.0
7.859999999999356,0.0039999999999995595,0.0,1.5703695806200935,0.10997161467403246,-0.0005055738099734847,1.4735501684402715e-05,0.0
7.863999999999356,0.0039999999999995595,0.0,1.5703695752760831,0.10997119629100677,-0.000505514470858185,1.4737224742244219e-05,0.0
7.8679999999993555,0.0039999999999995595,0.0,1.570369569930628,0.10997077792770851,-0.000505455124958438,1.4738948339594794e-05,0.0
7.871999999999355,0.0039999999999995595,0.0,1.5703695645837275,0.10997035958416568,-0.0005053957722721489,1.4740672477661167e-05,0.0
7.875999999999355,0.0039999999999995595,0.0,1.5703695592353812,0.10996994126040628,-0.0005053364127972286,1.4742397155029045e-05,0.0
7.879999999999354,0.0039999999999995595,0.0,1.5703695538855884,0.10996952295645837,-0.000505277046531573,1.4744122376235257e-05,0.0
7.883999999999354,0.0039999999999995595,0.0,1.5703695485343483,0.10996910467234998,-0.000505217673473085,1.4745848137456908e-05,0.0
7.887999999999353,0.0039999999999995595,0.0,1.5703695431816604,0.10996868640810918,-0.0005051582936196703,1.4747574439969141e-05,0.0
7.891999999999353,0.0039999999999995595,0.0,1.5703695378275215,0.10996826816376405,-0.0005050989069692261,1.4749301284951572e-05,0.0
7.895999999999352,0.0039999999999995595,0.0,1.5703695324719358,0.10996784993934272,-0.0005050395135196476,1.4751028673636895e-05,0.0
7.899999999999352,0.0039999999999995595,0.0,1.5703695271148999,0.10996743173487329,-0.0005049801132688334,1.4752756603892541e-05,0.0
7.9039999999993515,0.0039999999999995595,0.0,1.5703695217564133,0.10996701355038392,-0.000504920706214674,1.4754485078982864e-05,0.0
7.907999999999351,0.0039999999999995595,0.0,1.5703695163964757,0.10996659538590275,-0.0005048612923550676,1.4756214096476037e-05,0.0
7.911999999999351,0.0039999999999995595,0.0,1.5703695110350864,0.10996617724145798,-0.0005048018716879093,1.475794365713171e-05,0.0
7.91599999999935,0.0039999999999995595,0.0,1.5703695056722444,0.10996575911707779,-0.0005047424442110911,1.4759673762476399e-05,0.0
7.91999999999935,0.0039999999999995595,0.0,1.5703695003079492,0.1099653410127904,-0.0005046830099225034,1.4761404411792347e-05,0.0
7.923999999999349,0.0039999999999995595,0.0,1.5703694949422005,0.10996492292862405,-0.0005046235688200392,1.4763135604891364e-05,0.0
7.927999999999349,0.0039999999999995595,0.0,1.570369489574997,0.10996450486460697,-0.000504564120901583,1.476486734445454e-05,0.0
7.9319999999993485,0.0039999999999995595,0.0,1.5703694842063385,0.10996408682076747,-0.0005045046661650228,1.4766599628601892e-05,0.0
7.935999999999348,0.0039999999999995595,0.0,1.5703694788362244,0.1099636687971338,-0.0005044452046082425,1.4768332459202383e-05,0.0
7.939999999999348,0.0039999999999995595,0.0,1.5703694734646532,0.10996325079373429,-0.0005043857362291265,1.477006583544911e-05,0.0
7.943999999999347,0.0039999999999995595,0.0,1.5703694680916254,0.10996283281059724,-0.0005043262610255614,1.4771799757521904e-05,0.0
7.947999999999347,0.0039999999999995595,0.0,1.5703694627171374,0.10996241484775102,-0.0005042667789954267,1.4773534226882496e-05,0.0
7.951999999999346,0.0039999999999995595,0.0,1.5703694573411935,0.10996199690522397,-0.0005042072901366013,1.4775269243377024e-05,0.0
7.955999999999346,0.0039999999999995595,0.0,1.5703694519637903,0.1099615789830445,-0.0005041477944469656,1.4777004807509923e-05,0.0
7.959999999999345,0.0039999999999995595,0.0,1.5703694465849272,0.10996116108124099,-0.0005040882919244041,1.4778740917344823e-05,0.0
7.963999999999345,0.0039999999999995595,0.0,1.5703694412046039,0.10996074319984185,-0.0005040287825667855,1.4780477577934714e-05,0.0
7.9679999999993445,0.0039999999999995595,0.0,1.5703694358228193,0.10996032533887554,-0.000503969266371988,1.4782214784104808e-05,0.0
7.971999999999344,0.0039999999999995595,0.0,1.5703694304395734,0.10995990749837051,-0.0005039097433378899,1.4783952540364421e-05,0.0
7.975999999999344,0.0039999999999995595,0.0,1.5703694250548652,0.10995948967835521,-0.0005038502134623665,1.4785690843512372e-05,0.0
7.979999999999343,0.0039999999999995595,0.0,1.5703694196686935,0.10995907187885816,-0.0005037906767432923,1.478742969533605e-05,0.0
7.983999999999343,0.0039999999999995595,0.0,1.5703694142810585,0.10995865409990785,-0.0005037311331785367,1.4789169098046836e-05,0.0
7.987999999999342,0.0039999999999995595,0.0,1.5703694088919593,0.10995823634153282,-0.0005036715827659609,1.4790909052079677e-05,0.0
7.991999999999342,0.0039999999999995595,0.0,1.5703694035013946,0.10995781860376161,-0.0005036120255034346,1.479264955607901e-05,0.0
7.995999999999341,0.0039999999999995595,0.0,1.5703693981093643,0.10995740088662279,-0.0005035524613888256,1.4794390610025449e-05,0.0
7.999999999999341,0.0039999999999995595,0.0,1.5703693927158677,0.10995698319014494,-0.0005034928904200019,1.4796132214722665e-05,0.0
8.003999999999342,0.004000000000001336,0.0,1.5703693873209041,0.10995656551435667,-0.0005034333125948278,1.4797874370307541e-05,0.0
