phase,sim_time,phase_time,x,y,z,yaw,tilt,speed,effort_fraction,joint_limit_excess,policy_vx,policy_vy,policy_wz,adapter_safety_state,nonfoot_floor_contacts
stand,0.04000000000000003,0.04000000000000003,0.02263569018452821,0.00048802407317217084,-0.007001725366569301,0.0008882349727204128,0.036685275679551745,0.9650056994497723,1.0,0.0010955387284942095,0,0,0,NOMINAL,0
stand,0.08000000000000006,0.08000000000000006,0.030402482673772137,0.0009056563367740209,-0.029524924875062912,-0.006495821728262127,0.049537006070317774,0.5659632433336903,1.0,0.0010938455894506064,0,0,0,NOMINAL,0
stand,0.12000000000000009,0.12000000000000009,-0.006942544064085512,0.00680394306973665,-0.05244464603678892,-0.014500753544781446,0.013266665073281503,0.9914517302846018,1.0,0,0,0,0,NOMINAL,0
stand,0.16000000000000011,0.16000000000000011,-0.04246991128197141,0.0075413926179676415,-0.04649999151906606,-0.014453760853859195,0.07029332967419356,0.9904649672840007,1.0,0,0,0,0,NOMINAL,0
stand,0.20000000000000015,0.20000000000000015,-0.06453380168715674,-0.0014622756669428858,-0.04094667004436699,-0.0072957828277512736,0.10609062351441613,0.33314885761829943,1.0,0,0,0,0,NOMINAL,0
stand,0.24000000000000019,0.24000000000000019,-0.08183946208927434,-0.0021244359259950823,-0.03910515812252067,0.003602156859270378,0.1328740448443053,0.5454227955786954,1.0,0,0,0,0,NOMINAL,0
stand,0.2800000000000002,0.2800000000000002,-0.08976583662616579,-0.00025231395605738435,-0.03955498676113343,0.00894664746888179,0.1430351225785196,0.16918528564999769,1.0,0,0,0,0,NOMINAL,0
stand,0.32000000000000023,0.32000000000000023,-0.0925300599820621,-0.0023008384729315827,-0.03881554468717871,0.00920187435812037,0.14324385665802705,0.19933784404196028,1.0,0,0,0,0,NOMINAL,0
stand,0.36000000000000026,0.36000000000000026,-0.09743544207175568,-0.008040434524651755,-0.03865748703423602,0.010977389068519253,0.14766961930785086,0.27416204630184776,1.0,0,0,0,0,NOMINAL,0
stand,0.4000000000000003,0.4000000000000003,-0.10675086847476062,-0.01852499666739997,-0.03820441805206587,0.017564968544036653,0.15992505557506462,0.21845843450636432,1.0,0,0,0,0,NOMINAL,0
stand,0.44000000000000034,0.44000000000000034,-0.10236327217012751,-0.020772269842156504,-0.03723350632253143,0.02583334147177374,0.14940864881032284,0.2873691484456519,1.0,0,0,0,0,NOMINAL,0
stand,0.48000000000000037,0.48000000000000037,-0.10379079284449332,-0.013367390532793254,-0.03826744834084669,0.03743428453059847,0.14781301875657812,0.5042914820386939,1.0,0.00016869306259817378,0,0,0,NOMINAL,0
stand,0.5199999999999981,0.5199999999999981,-0.11044836286897308,-0.0019255279946469761,-0.04073437716822916,0.04849240869303793,0.15631973306604352,0.052218218385960885,1.0,0,0,0,0,NOMINAL,0
stand,0.5599999999999937,0.5599999999999937,-0.10968731431539708,-0.009531237635932768,-0.03807620963298554,0.04578863363036508,0.15059416666873918,0.26424119992236605,1.0,0,0,0,0,NOMINAL,0
stand,0.5999999999999893,0.5999999999999893,-0.10854796368811455,-0.015254270900586616,-0.037920151872020254,0.04717503380968171,0.14512705569529283,0.1264863492354868,1.0,0,0,0,0,NOMINAL,0
stand,0.6399999999999849,0.6399999999999849,-0.11317693422254595,-0.019957202300822298,-0.04003566608771059,0.047192232321237565,0.1480840082346397,0.18535451749598453,1.0,0,0,0,0,NOMINAL,0
stand,0.6799999999999805,0.6799999999999805,-0.11311511333140664,-0.013872478940210884,-0.0405128707999567,0.053884784291482114,0.14080948154876036,0.2036537039174236,1.0,0,0,0,0,NOMINAL,0
stand,0.7199999999999761,0.7199999999999761,-0.11720084862833446,-0.009049162050868725,-0.04138746224709437,0.05921244136299043,0.14179475375129227,0.23902927835912496,1.0,0,0,0,0,NOMINAL,0
stand,0.7599999999999717,0.7599999999999717,-0.11758592815238095,-0.014239345229988602,-0.0399023910842264,0.06264625895285689,0.13826024972154455,0.17358271362306063,1.0,0,0,0,0,NOMINAL,0
stand,0.7999999999999673,0.7999999999999673,-0.11841424632815965,-0.02203046353679843,-0.039625659909135136,0.06389945945596248,0.13668632019653926,0.28447845008510747,1.0,0,0,0,0,NOMINAL,0
stand,0.8399999999999629,0.8399999999999629,-0.12362288489986646,-0.026825201035314786,-0.04010391127787344,0.06973509083447174,0.1434425615301379,0.21236199978575485,1.0,0,0,0,0,NOMINAL,0
stand,0.8799999999999585,0.8799999999999585,-0.12518028285697425,-0.02359388487597395,-0.039480602499467235,0.07820409235832966,0.14152334670804168,0.10717237839855456,1.0,0,0,0,0,NOMINAL,0
stand,0.9199999999999541,0.9199999999999541,-0.12617181298905816,-0.01688009943026057,-0.040819957659929136,0.08566593838898834,0.13846005521380417,0.28289882448486636,1.0,0,0,0,0,NOMINAL,0
stand,0.9599999999999497,0.9599999999999497,-0.12959963961309087,-0.0183392092020436,-0.040418479441010326,0.08978813513436484,0.14064919899168818,0.18125834610210087,1.0,0,0,0,0,NOMINAL,0
stand,0.9999999999999453,0.9999999999999453,-0.12763171906603213,-0.02656493841440944,-0.0400749674641079,0.08727787774791358,0.1354973017805061,0.26777620916689837,1.0,0,0,0,0,NOMINAL,0
stand,1.039999999999941,1.039999999999941,-0.13109121104029095,-0.03360585525083471,-0.040566494694564866,0.0907298992490357,0.1409711410303023,0.24000437391509188,1.0,0,0,0,0,NOMINAL,0
stand,1.0799999999999366,1.0799999999999366,-0.13503843914480027,-0.03139078693623252,-0.039145242376110015,0.09848999423996542,0.14321491852401785,0.10494940002021161,1.0,0,0,0,0,NOMINAL,0
stand,1.1199999999999322,1.1199999999999322,-0.13425712065292256,-0.025518855874765305,-0.04036967418551109,0.10688224269779133,0.13696946879048208,0.23101576989090195,1.0,0,0,0,0,NOMINAL,0
stand,1.1599999999999278,1.1599999999999278,-0.13841941783439513,-0.026308822722124037,-0.041088567980937254,0.11326715507977372,0.14026555680110567,0.2710767579051555,1.0,0,0,0,0,NOMINAL,0
stand,1.1999999999999234,1.1999999999999234,-0.13630466070100192,-0.035213298973487434,-0.04040837482481024,0.11292403329927127,0.1354077232885317,0.23739192013913096,1.0,0,0,0,0,NOMINAL,0
stand,1.239999999999919,1.239999999999919,-0.13750430389451787,-0.04217248817133882,-0.0407512796119084,0.116888816066398,0.13737581247582076,0.1727159234124183,1.0,0,0,0,0,NOMINAL,0
stand,1.2799999999999145,1.2799999999999145,-0.1409955035448431,-0.03655343646086741,-0.03998981150661342,0.12634001904673084,0.13833625601527705,0.26296303317324293,1.0,0,0,0,0,NOMINAL,0
stand,1.3199999999999101,1.3199999999999101,-0.13999089556146715,-0.03451042654724271,-0.040988029273273864,0.13173932782429149,0.13387288653016607,0.07113713791086353,0.8113957885067973,0,0,0,0,NOMINAL,0
stand,1.3599999999999057,1.3599999999999057,-0.14065768475516852,-0.03836924289501362,-0.040589088434092646,0.13492142354152328,0.13463843455021227,0.1137889845311306,1.0,0,0,0,0,NOMINAL,0
stand,1.3999999999999013,1.3999999999999013,-0.13962549557266796,-0.04370484130638732,-0.04068364172875436,0.13630017608331907,0.13429122942761204,0.17165924913668912,1.0,0,0,0,0,NOMINAL,0
stand,1.439999999999897,1.439999999999897,-0.14041967875846398,-0.0419726618059008,-0.040532547283693966,0.1439937804054133,0.13455935496604177,0.20596813550772078,1.0,0,0,0,0,NOMINAL,0
stand,1.4799999999998925,1.4799999999998925,-0.14055912522131797,-0.03814046161766254,-0.040400013883884936,0.14826675044437954,0.13332501439532957,0.06317148594829701,0.6439927070306228,0,0,0,0,NOMINAL,0
stand,1.519999999999888,1.519999999999888,-0.14040122599046778,-0.036812903988373114,-0.04070419573568645,0.15037706649623578,0.1328595605032481,0.018615730646571235,0.5029958946139702,0,0,0,0,NOMINAL,0
stand,1.5599999999998837,1.5599999999998837,-0.14055883311987213,-0.03792376251124983,-0.040762749088768986,0.15157656776727618,0.1338914605576582,0.040922647771666064,0.7058244917306923,0,0,0,0,NOMINAL,0
stand,1.5999999999998793,1.5999999999998793,-0.1402741153198264,-0.03850596687684285,-0.040647799036328196,0.15237750345208098,0.13399563186436353,0.012267221390788435,0.7752425914044337,0,0,0,0,NOMINAL,0
stand,1.639999999999875,1.639999999999875,-0.1399944311836898,-0.03768521934998496,-0.040434744995155134,0.15368545728089467,0.1334889145920333,0.02841685306010905,0.5953825168611356,0,0,0,0,NOMINAL,0
stand,1.6799999999998705,1.6799999999998705,-0.14010900736718712,-0.036249331285296935,-0.04038366081300909,0.15528572383392908,0.1332219279083911,0.0365515386484353,0.4527760216224344,0,0,0,0,NOMINAL,0
stand,1.719999999999866,1.719999999999866,-0.14010775825910488,-0.03563558332080945,-0.04043946868908933,0.1560061232236096,0.13294262244241775,0.00635764936011489,0.4419795169631843,0,0,0,0,NOMINAL,0
stand,1.7599999999998617,1.7599999999998617,-0.14008236730113813,-0.03564712755861768,-0.040531174649476774,0.1562873047651999,0.13267712883236002,0.0030388379119740956,0.4971588473463435,0,0,0,0,NOMINAL,0
stand,1.7999999999998573,1.7999999999998573,-0.1399266387298793,-0.03655956436840413,-0.04062962105111886,0.15625205007171344,0.13239998692742333,0.02920217792062943,0.576130423517683,0,0,0,0,NOMINAL,0
stand,1.8399999999998529,1.8399999999998529,-0.13961797828629438,-0.037403763236057555,-0.040644706436546336,0.15621403553555271,0.13181106155029004,0.01841326208686977,0.6558442547822291,0,0,0,0,NOMINAL,0
stand,1.8799999999998485,1.8799999999998485,-0.13940686686005885,-0.03774464115341873,-0.04064204910811587,0.15637779369532362,0.13124939745027314,0.006311478681343745,0.6411052140660803,0,0,0,0,NOMINAL,0
stand,1.919999999999844,1.919999999999844,-0.13934617429622323,-0.03778997704363507,-0.04060421626226642,0.1565498311402393,0.1309469225685395,0.0002428600412932975,0.5841497967952325,0,0,0,0,NOMINAL,0
stand,1.9599999999998396,1.9599999999998396,-0.13928625730417013,-0.03749796863316733,-0.0405485202718987,0.1568575738733554,0.1305987829471692,0.009749095825917129,0.537722569269224,0,0,0,0,NOMINAL,0
stand,1.9999999999998352,1.9999999999998352,-0.13928489707613112,-0.037156234287546705,-0.04054946396694147,0.15715053318005487,0.13034117453881638,0.0072424439461470985,0.5036897068388541,0,0,0,0,NOMINAL,0
stand,2.0399999999998486,2.0399999999998486,-0.13925553931385273,-0.03706357588323631,-0.04057356398119325,0.15730287360318995,0.1301436626147321,0.0013605851915248158,0.512456000368145,0,0,0,0,NOMINAL,0
stand,2.079999999999862,2.079999999999862,-0.13924656795656312,-0.037193113640815255,-0.04061698215810028,0.15737546686157686,0.13003367212782369,0.004841725437910035,0.5427378913864466,0,0,0,0,NOMINAL,0
stand,2.1199999999998753,2.1199999999998753,-0.13912602348427952,-0.0377640279649465,-0.04066171640451265,0.15718496820069364,0.12990548989100226,0.016906107829054575,0.5868297815879543,0,0,0,0,NOMINAL,0
stand,2.1599999999998887,2.1599999999998887,-0.1389304600217786,-0.038133528481354005,-0.04065798243592205,0.15711592593905205,0.1296171320879824,0.007360464527178985,0.6337459449404198,0,0,0,0,NOMINAL,0
stand,2.199999999999902,2.199999999999902,-0.13884981014138925,-0.03823453123173713,-0.04064148400795136,0.1571933568231463,0.12947085861248803,0.0015740523707923103,0.6046649671619155,0,0,0,0,NOMINAL,0
stand,2.2399999999999154,2.2399999999999154,-0.1388036258941664,-0.03815598697012288,-0.04057915004910486,0.15726880719117567,0.12938310949534768,0.003002653839025478,0.5711898483567092,0,0,0,0,NOMINAL,0
stand,2.2799999999999288,2.2799999999999288,-0.138836772047494,-0.03761007285688498,-0.040521339885524886,0.1575247349999597,0.1292349728679114,0.016518494689916723,0.5201309094917267,0,0,0,0,NOMINAL,0
stand,2.319999999999942,2.319999999999942,-0.13889425408969755,-0.03724792222953269,-0.0405309062788399,0.1577331835830352,0.129155147049438,0.0058469403844759,0.49490341277562777,0,0,0,0,NOMINAL,0
stand,2.3599999999999555,2.3599999999999555,-0.13888637285525735,-0.03715398503865933,-0.04055302835908165,0.15783488424967942,0.12902806941018005,0.001111957596439515,0.5066190926286162,0,0,0,0,NOMINAL,0
stand,2.399999999999969,2.399999999999969,-0.13889698299113343,-0.03724515522550506,-0.040593150550963686,0.15793389296418356,0.1289321666717487,0.003778671810794638,0.5355516770292411,0,0,0,0,NOMINAL,0
stand,2.439999999999982,2.439999999999982,-0.13879539124338797,-0.037742356664157144,-0.04064114156704755,0.1577601996012196,0.128782369196789,0.014914177611573955,0.5758766592432866,0,0,0,0,NOMINAL,0
stand,2.4799999999999955,2.4799999999999955,-0.13861120883644873,-0.038084155439945366,-0.04064177068498441,0.15766915525371616,0.12847142115491578,0.007052379521242988,0.6092585852634091,0,0,0,0,NOMINAL,0
stand,2.520000000000009,2.520000000000009,-0.13853220924241588,-0.03817967682066232,-0.0406286385002194,0.15773115669155094,0.12830425104885307,0.0015213424777662321,0.5927206759501172,0,0,0,0,NOMINAL,0
stand,2.5600000000000223,2.5600000000000223,-0.1385073679083278,-0.03811164681651111,-0.04057258726893664,0.15779300961014212,0.128251124760635,0.0026350844776635318,0.5631969852156423,0,0,0,0,NOMINAL,0
stand,2.6000000000000356,2.6000000000000356,-0.13855128718149248,-0.03761508898216095,-0.04051612485280035,0.15801537755258907,0.1281541248413641,0.01507312605639234,0.5183358061125735,0,0,0,0,NOMINAL,0
stand,2.640000000000049,2.640000000000049,-0.13862056538709888,-0.037275410911710806,-0.04052218754650774,0.1582055537981394,0.12812899812307185,0.005680091775770179,0.49222759848452674,0,0,0,0,NOMINAL,0
stand,2.6800000000000623,2.6800000000000623,-0.13862126055505325,-0.03719126446402286,-0.04054174122366844,0.15831485801551518,0.12805253362120278,0.0008791045394678148,0.5027709551285987,0,0,0,0,NOMINAL,0
stand,2.7200000000000757,2.7200000000000757,-0.1386521794489338,-0.03728619449969972,-0.040581018488626795,0.15842029783849046,0.12802181766084453,0.0037894529588085304,0.531272397103094,0,0,0,0,NOMINAL,0
stand,2.760000000000089,2.760000000000089,-0.13856360492199976,-0.037786601894158785,-0.040632752072237634,0.15825918415949153,0.12792797607161166,0.014971584809629852,0.571630550979647,0,0,0,0,NOMINAL,0
stand,2.8000000000001024,2.8000000000001024,-0.13840084797435373,-0.0381508596117354,-0.04063339109809203,0.15816534764634904,0.12769172540396284,0.007153979119275945,0.5988971416419465,0,0,0,0,NOMINAL,0
stand,2.8400000000001158,2.8400000000001158,-0.13832564534717068,-0.038258646370198914,-0.04061970620799351,0.1582287588769926,0.12756214504888805,0.0017540675290039444,0.5904329369087803,0,0,0,0,NOMINAL,0
stand,2.880000000000129,2.880000000000129,-0.13831468113788087,-0.03821239244982168,-0.040569267924650695,0.15828842607193633,0.12756515613476788,0.0021323407135387,0.5625287486497855,0,0,0,0,NOMINAL,0
stand,2.9200000000001425,2.9200000000001425,-0.13836120317038034,-0.037741186474585096,-0.040508527759030966,0.15851323497856432,0.12751005576653568,0.014494214907763417,0.5213832673401443,0,0,0,0,NOMINAL,0
stand,2.960000000000156,2.960000000000156,-0.1384469925523173,-0.037366709586798816,-0.040508804148252954,0.15873858340159044,0.12752359276538633,0.0069055641628872014,0.4904413736932282,0,0,0,0,NOMINAL,0
stand,3.000000000000169,3.000000000000169,-0.1384515210591181,-0.03726798398315183,-0.04052684854571307,0.15886332419177657,0.1274683903402596,0.0009197718357088268,0.49850101639215477,0,0,0,0,NOMINAL,0
stand,3.0400000000001826,3.0400000000001826,-0.13847787098081343,-0.03733886692132801,-0.04056437814607717,0.158981632897207,0.1274329798120497,0.0030533807249937305,0.5256646567185946,0,0,0,0,NOMINAL,0
stand,3.080000000000196,3.080000000000196,-0.1384122319071455,-0.03781137822921854,-0.04062079543221725,0.15883043859029547,0.1273754627180088,0.014238945487873376,0.5660052219799782,0,0,0,0,NOMINAL,0
stand,3.1200000000002093,3.1200000000002093,-0.13826301677590447,-0.03820802929471771,-0.04062571550353335,0.1587032581915662,0.12718440889299196,0.008139509139688455,0.5933410131255015,0,0,0,0,NOMINAL,0
stand,3.1600000000002226,3.1600000000002226,-0.13818353360681324,-0.03833302356395985,-0.04061252511008442,0.15875668045473815,0.12706681401074377,0.002005424581275951,0.5888848180677666,0,0,0,0,NOMINAL,0
stand,3.200000000000236,3.200000000000236,-0.1381808709918657,-0.038304352761498385,-0.04056681767844134,0.15881663040153624,0.12710508042189267,0.0018101230723032602,0.5625266864217225,0,0,0,0,NOMINAL,0
stand,3.2400000000002493,3.2400000000002493,-0.13822932283865674,-0.037857407308030055,-0.0405017047459179,0.15904828753739464,0.12708083597123587,0.013873899806010273,0.5240455197746923,0,0,0,0,NOMINAL,0
stand,3.2800000000002627,3.2800000000002627,-0.13832808284524464,-0.03744982207254577,-0.040496458553161856,0.1592972377101644,0.12711809308827787,0.008120914275157763,0.4891728340450563,0,0,0,0,NOMINAL,0
stand,3.320000000000276,3.320000000000276,-0.13834098937691802,-0.03733289702317504,-0.0405137933665511,0.15942890632314097,0.1270815149251311,0.0009717525416146131,0.49475986012860806,0,0,0,0,NOMINAL,0
stand,3.3600000000002894,3.3600000000002894,-0.1383660196265671,-0.037385585262931606,-0.040549167872846674,0.15954949554274267,0.1270480328032709,0.0025488804602537764,0.5206250605826118,0,0,0,0,NOMINAL,0
stand,3.400000000000303,3.400000000000303,-0.13831695985214001,-0.037835865719466004,-0.04060862321881037,0.15940441923550866,0.12701869592472861,0.013675459182152228,0.561233738916196,0,0,0,0,NOMINAL,0
stand,3.440000000000316,3.440000000000316,-0.13817439452330915,-0.03826179751591459,-0.04061720838681858,0.15924682019966335,0.12685954867824314,0.009132775463063387,0.5904862739493266,0,0,0,0,NOMINAL,0
stand,3.4800000000003295,3.4800000000003295,-0.13809072985646584,-0.038402980555114895,-0.04060421108081169,0.15928914515098627,0.12675166916343894,0.002205116173942953,0.5875863662036569,0,0,0,0,NOMINAL,0
stand,3.520000000000343,3.520000000000343,-0.13809141702526295,-0.03838824911827182,-0.04056272674599979,0.15934885195953027,0.1268105130162008,0.001577826645074854,0.5625626624267955,0,0,0,0,NOMINAL,0
stand,3.560000000000356,3.560000000000356,-0.13813971056550495,-0.037963263897407014,-0.04049443592957636,0.1595870315580172,0.12680508487704245,0.013293176435781307,0.526182801726302,0,0,0,0,NOMINAL,0
stand,3.6000000000003696,3.6000000000003696,-0.1382480347790296,-0.037530058933158285,-0.0404848260435825,0.15985272671232673,0.1268547065634833,0.009152648566643452,0.48824452630257437,0,0,0,0,NOMINAL,0
stand,3.640000000000383,3.640000000000383,-0.13826861204679203,-0.03739702083065748,-0.04050191680743414,0.15998415904243396,0.12682882309789364,0.0011122549186653565,0.4918770411559317,0,0,0,0,NOMINAL,0
stand,3.6800000000003963,3.6800000000003963,-0.13829257641111337,-0.037436841482775346,-0.0405356036253112,0.1601015002369045,0.12679451324736196,0.0021964600374902036,0.5165738458796244,0,0,0,0,NOMINAL,0
stand,3.7200000000004096,3.7200000000004096,-0.1382552836742675,-0.037868608069330914,-0.04059676007082332,0.159961046032903,0.12678344185709797,0.01319609149335385,0.5573780536378613,0,0,0,0,NOMINAL,0
stand,3.760000000000423,3.760000000000423,-0.13811744793060574,-0.03831635554229988,-0.04060795957272182,0.15978991879934104,0.12664747114765232,0.009872492792280129,0.5880226249321022,0,0,0,0,NOMINAL,0
stand,3.8000000000004364,3.8000000000004364,-0.13803152332355237,-0.03847045923453141,-0.0405948108166455,0.15982434571554782,0.12654806149441544,0.0023319515476193263,0.586388196771784,0,0,0,0,NOMINAL,0
stand,3.8400000000004497,3.8400000000004497,-0.13803317496977485,-0.03846558958891254,-0.040556481996750375,0.1598809320135255,0.1266179058993503,0.0014495629564754474,0.5624261427290804,0,0,0,0,NOMINAL,0
stand,3.880000000000463,3.880000000000463,-0.13808031800371723,-0.03805482768814959,-0.04048631376373374,0.16012198476913245,0.12662167003171618,0.012922269733854295,0.5272438203701246,0,0,0,0,NOMINAL,0
stand,3.9200000000004764,3.9200000000004764,-0.13819550704186423,-0.03760205875235999,-0.0404737438407241,0.16039718780557097,0.12667796758384897,0.00993375694354107,0.48723828774029965,0,0,0,0,NOMINAL,0
stand,3.96000000000049,3.96000000000049,-0.13822257500809929,-0.037456694899465535,-0.0404907062236281,0.1605250934222838,0.12666021924896878,0.0012468400758705333,0.48949867633013017,0,0,0,0,NOMINAL,0
stand,4.000000000000503,4.000000000000503,-0.13824549368571065,-0.03748755357848839,-0.040523307868551,0.16063759943104175,0.12662495857695932,0.0019551053768225835,0.5134035346269316,0,0,0,0,NOMINAL,0
stand,4.0400000000004805,4.0400000000004805,-0.13821607684105572,-0.03790669473318431,-0.04058550381860534,0.16049862665193307,0.1266270802562309,0.012877139097054055,0.5543932562471497,0,0,0,0,NOMINAL,0
stand,4.080000000000458,4.080000000000458,-0.1380811206788269,-0.03837002543754835,-0.04059833676370349,0.16032161273061016,0.12650835862834128,0.010402070130164427,0.5859938832250023,0,0,0,0,NOMINAL,0
stand,4.120000000000436,4.120000000000436,-0.1379944627776746,-0.03853321440345503,-0.04058487911071755,0.16035066316019123,0.12641753689308044,0.0023942320086600315,0.5852352681161282,0,0,0,0,NOMINAL,0
stand,4.160000000000414,4.160000000000414,-0.1379967216276249,-0.038534769850099085,-0.04054827504906319,0.16040309880615478,0.12649529036112173,0.001395285463428694,0.5619690585338545,0,0,0,0,NOMINAL,0
stand,4.200000000000392,4.200000000000392,-0.13804266280932634,-0.038133465244113464,-0.04047744439751412,0.1606437294502263,0.12650357317751815,0.012678213530348646,0.5274010826905687,0,0,0,0,NOMINAL,0
stand,4.24000000000037,4.24000000000037,-0.13816194631211895,-0.03766784052703822,-0.040463154266005004,0.16092268936877163,0.12656228301183242,0.01044496603070384,0.4862624677254334,0,0,0,0,NOMINAL,0
stand,4.2800000000003475,4.2800000000003475,-0.1381939779080466,-0.037514176604976544,-0.040480047996055674,0.1610462490913853,0.12654987527341724,0.0013504468057952794,0.4875890524103743,0,0,0,0,NOMINAL,0
stand,4.320000000000325,4.320000000000325,-0.1382155329658043,-0.03753847996834781,-0.04051188999165788,0.16115307785367444,0.12651230369949426,0.0017721136001027412,0.5108876452639816,0,0,0,0,NOMINAL,0
stand,4.360000000000303,4.360000000000303,-0.1381915520407319,-0.037947830406427234,-0.04057465914959499,0.16101333636769974,0.12652341220704427,0.012638050623679672,0.5519699655652704,0,0,0,0,NOMINAL,0
stand,4.400000000000281,4.400000000000281,-0.1380586887993259,-0.03842104153673843,-0.04058852438204557,0.1608309347858722,0.1264174141322756,0.010768336328245995,0.5841900123552338,0,0,0,0,NOMINAL,0
stand,4.440000000000259,4.440000000000259,-0.13797207690270027,-0.038590300785082424,-0.040574757222886414,0.16085501159364787,0.12633422530120716,0.0024193685285231075,0.5840889431220005,0,0,0,0,NOMINAL,0
stand,4.480000000000237,4.480000000000237,-0.1379747129909352,-0.03859603711728712,-0.04053926116163647,0.16090291737516313,0.12641760892791323,0.0013590345705890544,0.5613093369812517,0,0,0,0,NOMINAL,0
stand,4.5200000000002145,4.5200000000002145,-0.13801918739680524,-0.03820158428322382,-0.040468308022095965,0.16114129945976502,0.12642764897240583,0.012498901930446749,0.5271507801120991,0,0,0,0,NOMINAL,0
stand,4.560000000000192,4.560000000000192,-0.13814120827506102,-0.03772747265967381,-0.04045292363456315,0.16142081973953243,0.12648719981087816,0.010790831251003085,0.4853036149160115,0,0,0,0,NOMINAL,0
stand,4.60000000000017,4.60000000000017,-0.13817717768893056,-0.03756808043889651,-0.04046978496748434,0.16153979759991222,0.12647850993036822,0.0014301155547294753,0.4859594610067457,0,0,0,0,NOMINAL,0
stand,4.640000000000148,4.640000000000148,-0.13819731602367047,-0.037587514135570155,-0.04050112750547924,0.16164096726208158,0.12643799694349153,0.0016338099244548835,0.5088112710417764,0,0,0,0,NOMINAL,0
stand,4.680000000000126,4.680000000000126,-0.13817713563912354,-0.037989510791854475,-0.04056423691926504,0.161499520382866,0.12645529277041914,0.012462400081762243,0.549949673691639,0,0,0,0,NOMINAL,0
stand,4.720000000000104,4.720000000000104,-0.13804582329421233,-0.03846912603711954,-0.040578752561010664,0.16131181475094514,0.12635882938111295,0.011013856743171943,0.5826017165871994,0,0,0,0,NOMINAL,0
stand,4.7600000000000815,4.7600000000000815,-0.13795966796545767,-0.03864237099566022,-0.04056468307604844,0.16133052999554076,0.12628229523567633,0.0024252014523803837,0.5829871376682078,0,0,0,0,NOMINAL,0
stand,4.800000000000059,4.800000000000059,-0.13796239745073177,-0.03865078882342672,-0.0405299220096429,0.16137387675700982,0.1263696665377127,0.001328403555959824,0.5605497845968885,0,0,0,0,NOMINAL,0
stand,4.840000000000037,4.840000000000037,-0.1380054947362158,-0.03826108908504098,-0.0404590177378285,0.16160935925324557,0.12638014805417144,0.012373560076318303,0.5266633638477735,0,0,0,0,NOMINAL,0
stand,4.880000000000015,4.880000000000015,-0.1381292945946859,-0.03778105218354643,-0.040442948173452675,0.16188822187112648,0.12643946105685405,0.011034312084468586,0.4843138481296116,0,0,0,0,NOMINAL,0
stand,4.919999999999993,4.919999999999993,-0.13816835922221696,-0.03761756402812581,-0.040459821481403695,0.16200296824647323,0.12643323172971402,0.0014908690386841363,0.4844904286973102,0,0,0,0,NOMINAL,0
stand,4.959999999999971,4.959999999999971,-0.13818723486939896,-0.03763342733363112,-0.040490876774836794,0.16209878184550205,0.1263897026578614,0.0015319475212884355,0.5070435069525746,0,0,0,0,NOMINAL,0
stand,4.9999999999999485,4.9999999999999485,-0.1381694593131806,-0.03803024256928236,-0.04055422919071572,0.16195502215272448,0.12641097853276914,0.012341167319721161,0.5482439515526593,0,0,0,0,NOMINAL,0
perturb,5.039999999999926,0.03999999999997783,-0.13803934138977772,-0.038513954511403034,-0.040569142119711354,0.16176230358073415,0.12632179873951024,0.011173779582115795,0.5812159747041227,0,0,0,0,NOMINAL,0
perturb,5.079999999999904,0.07999999999995566,-0.1379539653022495,-0.03868973839385393,-0.04055477631292894,0.16177572167910678,0.1262512014491746,0.0024180419884739387,0.5819347909490852,0,0,0,0,NOMINAL,0
perturb,5.119999999999882,0.1199999999999335,-0.13795645710270263,-0.03869963852296678,-0.04052046438761032,0.1618144618051665,0.12634114322473525,0.0012986328192839069,0.5597290871633158,0,0,0,0,NOMINAL,0
perturb,5.15999999999986,0.15999999999991132,-0.13799842935046713,-0.038312788265413046,-0.040449701099589626,0.16204668951653348,0.12635138004627866,0.012298608541022573,0.525964460279854,0,0,0,0,NOMINAL,0
perturb,5.199999999999838,0.19999999999988916,-0.1381234639068063,-0.03782885851993415,-0.040433271498752255,0.16232433197630286,0.12641014495210906,0.01119410862963072,0.48328878624743443,0,0,0,0,NOMINAL,0
perturb,5.2399999999998155,0.239999999999867,-0.13816494158597997,-0.037662735034652665,-0.0404501815365503,0.16243535364340247,0.1264055554663138,0.001532702606096479,0.48315359886596726,0,0,0,0,NOMINAL,0
perturb,5.279999999999793,0.2799999999998448,-0.13818277057204906,-0.037676161076098405,-0.04048113192945052,0.16252631073414955,0.12635916181118909,0.0014616350700254505,0.5055267465006079,0,0,0,0,NOMINAL,0
perturb,5.319999999999771,0.31999999999982265,-0.13816682279810938,-0.03806986786270342,-0.0405446721394184,0.16237980219947842,0.12638358007720296,0.012270742649471436,0.5468085060211636,0,0,0,0,NOMINAL,0
perturb,5.359999999999749,0.3599999999998005,-0.1380374151703634,-0.038555943854189395,-0.0405597495444424,0.1621820778942628,0.12629957016092344,0.011269858402995107,0.5800347718959206,0,0,0,0,NOMINAL,0
perturb,5.399999999999727,0.3999999999997783,-0.1379529816852552,-0.0387329803048556,-0.040545109548982924,0.16219018450644937,0.1262341075877996,0.0023967346333299043,0.5809341580478788,0,0,0,0,NOMINAL,0
perturb,5.439999999999705,0.43999999999975614,-0.13795498739007378,-0.038743293034620804,-0.0405110107747542,0.16222436814975888,0.12632559697617207,0.001271536121219641,0.5588322377483936,0,0,0,0,NOMINAL,0
perturb,5.4799999999996825,0.479999999999734,-0.1379962809257809,-0.03835750450696517,-0.04044038712718232,0.16245334418234025,0.12633545624022996,0.012270803771186722,0.5250871932864788,0,0,0,0,NOMINAL,0
perturb,5.51999999999966,0.5199999999997118,-0.13812222581886527,-0.03787144736590339,-0.04042386835923678,0.16272960503807604,0.1263937879567321,0.011278973375261315,0.48222115038327645,0,0,0,0,NOMINAL,0
perturb,5.559999999999638,0.5599999999996896,-0.13816547262046439,-0.0377040122185697,-0.040440831970318246,0.16283746231820936,0.12639022104225334,0.0015566242158745714,0.48193244814780023,0,0,0,0,NOMINAL,0
perturb,5.599999999999616,0.5999999999996675,-0.13818253429956498,-0.03771608381135537,-0.04047185016681626,0.16292419489865728,0.12634136396483825,0.0014212917966304412,0.5042411211502197,0,0,0,0,NOMINAL,0
perturb,5.639999999999594,0.6399999999996453,-0.13816748551541835,-0.038108333703535634,-0.04053552842985953,0.1627745578218085,0.1263675593155776,0.012239809690340083,0.5456108264918159,0,0,0,0,NOMINAL,0
perturb,5.679999999999572,0.6799999999996231,-0.13803847968390145,-0.03859521417386721,-0.040550600809606124,0.16257215913484654,0.1262871339309632,0.011306210382108137,0.5790213456026461,0,0,0,0,NOMINAL,0
perturb,5.7199999999995494,0.719999999999601,-0.13795522466083088,-0.03877241407901662,-0.040535693436402856,0.16257528618810457,0.12622643696516878,0.002363410378825893,0.5799608681526913,0,0,0,0,NOMINAL,0
perturb,5.759999999999527,0.7599999999995788,-0.13795649699480164,-0.0387822233263566,-0.040501614640511545,0.16260487465078077,0.12631868612307642,0.0012485689391472609,0.5578692053525744,0,0,0,0,NOMINAL,0
perturb,5.799999999999505,0.7999999999995566,-0.13799758474972026,-0.03839586885571485,-0.04043113152371032,0.16283058821867688,0.12632829206820448,0.012286811132435425,0.5240617141324289,0,0,0,0,NOMINAL,0
perturb,5.839999999999483,0.8399999999995345,-0.13812428457087525,-0.03790905740698174,-0.04041474868506059,0.16310523626205045,0.1263865784201459,0.011303565238386416,0.48110651622624867,0,0,0,0,NOMINAL,0
perturb,5.879999999999461,0.8799999999995123,-0.1381688203711659,-0.037741419873108334,-0.04043177224880968,0.16321039233983986,0.12638370189376316,0.0015648053728523348,0.4807965742150982,0,0,0,0,NOMINAL,0
perturb,5.919999999999439,0.9199999999994901,-0.13818542045681495,-0.037753074412849905,-0.040462998781831794,0.1632935324572483,0.1263328887663316,0.0014062991931299456,0.5031448342927186,0,0,0,0,NOMINAL,0
perturb,5.959999999999416,0.959999999999468,-0.13817065091171454,-0.03814542743495446,-0.04052679187298302,0.16314042980703,0.12636006596685972,0.012246870634359551,0.5446186472305633,0,0,0,0,NOMINAL,0
perturb,5.999999999999394,0.9999999999994458,-0.13804179620152082,-0.03863200522504502,-0.040541693042152153,0.16293353708649483,0.1262819977408275,0.011296171508968791,0.5781629639927449,0,0,0,0,NOMINAL,0
perturb,6.039999999999372,1.0399999999994236,-0.13799216437213863,-0.0387588639919156,-0.04049975799951525,0.16298153090244644,0.12641765921216577,0.0018999925048685177,0.5790160042206379,0,0,0,0,NOMINAL,0
perturb,6.07999999999935,1.0799999999994014,-0.13806942678787468,-0.03817662668105584,-0.040348361569125794,0.1634957475715121,0.12681179902260725,0.021275403211988307,0.5366294035707125,0,0,0,0,NOMINAL,0
perturb,6.119999999999328,1.1199999999993793,-0.13845204239386802,-0.03616008739353432,-0.040155414320136175,0.1643118934429979,0.12722951521627582,0.06013827483606901,0.5078266180908454,0,0,0,0,NOMINAL,0
perturb,6.159999999999306,1.159999999999357,-0.13891783670371124,-0.03380720600046801,-0.040090586679961765,0.1652299187309038,0.12765892403524037,0.05644838526106245,0.5429146604957288,0,0,0,0,NOMINAL,0
perturb,6.199999999999283,1.199999999999335,-0.1392339584563901,-0.03217819581680438,-0.0400889525226893,0.16620333465608972,0.12808539766343635,0.03313123035262666,0.5755315326647003,0,0,0,0,NOMINAL,0
perturb,6.239999999999261,1.2399999999993128,-0.1393007904864271,-0.031458620316864104,-0.04010608165877091,0.16674490822587748,0.1281817833742558,0.0094787782962789,0.5706058522463567,0,0,0,0,NOMINAL,0
perturb,6.279999999999239,1.2799999999992906,-0.1392697073801932,-0.0314748704215195,-0.040174370236901374,0.16701888473090956,0.1279444411218375,0.007746105475315605,0.5053465502405067,0,0,0,0,NOMINAL,0
perturb,6.319999999999217,1.3199999999992684,-0.13905779837888865,-0.03290456217667518,-0.04033282863567038,0.1667726221036684,0.12760728128306523,0.046479359319180916,0.4898292384797043,0,0,0,0,NOMINAL,0
perturb,6.359999999999195,1.3599999999992463,-0.1386377579058282,-0.0350296938175116,-0.04043822281973488,0.16605375680888662,0.12703863696280404,0.054360803653992734,0.520740136854317,0,0,0,0,NOMINAL,0
perturb,6.399999999999173,1.399999999999224,-0.13817176004260662,-0.03688628614482318,-0.040482596513115365,0.16537190534694027,0.12632258842941807,0.04217236983253051,0.5644442725799551,0,0,0,0,NOMINAL,0
perturb,6.43999999999915,1.439999999999202,-0.1378450225237714,-0.03812798182211624,-0.040504777869765016,0.16493733476205716,0.12574480908247532,0.02570873116797029,0.5946570490654227,0,0,0,0,NOMINAL,0
perturb,6.479999999999128,1.4799999999991797,-0.13768378591051098,-0.03882276340333368,-0.040516086212337786,0.1646639987790047,0.12544144241946528,0.013197490387941348,0.5932227246859242,0,0,0,0,NOMINAL,0
perturb,6.519999999999106,1.5199999999991576,-0.1376168449298799,-0.03912273259083035,-0.04051905444318239,0.1645725290303335,0.12537612706826992,0.0048539443597402625,0.5791925150112726,0,0,0,0,NOMINAL,0
perturb,6.559999999999084,1.5599999999991354,-0.13763305920819557,-0.039242496450115925,-0.040505070185799505,0.1645488847477635,0.125568532120404,0.002109449710253305,0.5699355173877222,0,0,0,0,NOMINAL,0
perturb,6.599999999999062,1.5999999999991132,-0.13768642273939474,-0.03924536915174147,-0.04047193314229016,0.1645246528975695,0.12588309475488285,0.0021103234008388247,0.5555143809276463,0,0,0,0,NOMINAL,0
perturb,6.63999999999904,1.639999999999091,-0.13778779247605494,-0.03893545779144017,-0.040424802559123306,0.16456614922890275,0.1261532457517084,0.010262537558742553,0.5323396314723675,0,0,0,0,NOMINAL,0
perturb,6.679999999999017,1.679999999999069,-0.13793201515462525,-0.038577404310996204,-0.040414584017689874,0.1646633059950603,0.12641738975940522,0.008462818056103518,0.498474619062145,0,0,0,0,NOMINAL,0
perturb,6.719999999998995,1.7199999999990467,-0.13800025488404796,-0.038441746820334646,-0.04042244282055778,0.164713472040503,0.1265570485707472,0.0019303779521891529,0.4991097047294302,0,0,0,0,NOMINAL,0
perturb,6.759999999998973,1.7599999999990246,-0.13801111181818704,-0.038412858399819914,-0.04043978898626263,0.16473628908452542,0.12653860879031176,0.00034276529715897617,0.5152983009588518,0,0,0,0,NOMINAL,0
perturb,6.799999999998951,1.7999999999990024,-0.13804017903238786,-0.03859179367524605,-0.040482700483293006,0.16470269579275792,0.12657094100411656,0.0058331212033353955,0.5427982615020126,0,0,0,0,NOMINAL,0
perturb,6.839999999998929,1.8399999999989802,-0.13797879517124242,-0.03887491362737153,-0.040496944228334456,0.1646059716604824,0.12650676990386484,0.0068107122180338705,0.5668489832762441,0,0,0,0,NOMINAL,0
perturb,6.8799999999989065,1.879999999998958,-0.1379202500614818,-0.03896807220406617,-0.04048575060107872,0.164564241646556,0.1264178949400005,0.0012921651767478397,0.571818223435385,0,0,0,0,NOMINAL,0
perturb,6.919999999998884,1.919999999998936,-0.13791170193025856,-0.038918964611481026,-0.04045187672045386,0.1645287270464027,0.12642754565512662,0.002340678682514714,0.5489955675619885,0,0,0,0,NOMINAL,0
perturb,6.959999999998862,1.9599999999989137,-0.1379800406259128,-0.03842878283682655,-0.04038512742699458,0.16469769670515258,0.12638702882574576,0.01510534178802611,0.5141636589377078,0,0,0,0,NOMINAL,0
perturb,6.99999999999884,1.9999999999988916,-0.1381213422690077,-0.037935166039844155,-0.040375080214889704,0.16490300833203528,0.12641982531371473,0.0105797146055406,0.47562256081632737,0,0,0,0,NOMINAL,0
perturb,7.039999999998818,2.0399999999988694,-0.1381697997074525,-0.03776921057901236,-0.040393246606423974,0.1649685939908322,0.12638891586185053,0.0018140132872068431,0.4757300021075153,0,0,0,0,NOMINAL,0
perturb,7.079999999998796,2.079999999998847,-0.138174961651377,-0.0377566572350032,-0.04042100936818779,0.16501161040832918,0.12629775910942154,0.0008235762849307084,0.4961535716325743,0,0,0,0,NOMINAL,0
perturb,7.1199999999987735,2.119999999998825,-0.13817242327565082,-0.03809477068303278,-0.04048149680228641,0.164847715387875,0.12632831662819086,0.010831887695297783,0.5355342296222698,0,0,0,0,NOMINAL,0
perturb,7.159999999998751,2.159999999998803,-0.13805772428814028,-0.03857667552727098,-0.04049816806277399,0.16460330704635673,0.12628691362173633,0.011592452623566464,0.5692947135333121,0,0,0,0,NOMINAL,0
perturb,7.199999999998729,2.1999999999987807,-0.13797956523328994,-0.03876232699837052,-0.04048215076563835,0.16456724125653338,0.1262574197158584,0.002376795972098456,0.5730140166061369,0,0,0,0,NOMINAL,0
perturb,7.239999999998707,2.2399999999987585,-0.13798413367205314,-0.03878381251706384,-0.04045122041897947,0.16457747470148754,0.1263694945168938,0.0009989325113713603,0.5529824353647965,0,0,0,0,NOMINAL,0
perturb,7.279999999998685,2.2799999999987364,-0.13801239185132302,-0.038439711898891823,-0.040383681681193606,0.16476955670440746,0.12637864923715508,0.011029239917656659,0.5209466025434102,0,0,0,0,NOMINAL,0
perturb,7.319999999998663,2.319999999998714,-0.1381373673947518,-0.03794788168604189,-0.04036478527372739,0.16502215161307845,0.12642939432888248,0.011907362323460336,0.4770896996278488,0,0,0,0,NOMINAL,0
perturb,7.3599999999986405,2.359999999998692,-0.13819095775873935,-0.03777049916930845,-0.04038187933839446,0.16510980159844155,0.12643255505938175,0.0017575231552971102,0.4748625874347532,0,0,0,0,NOMINAL,0
perturb,7.399999999998618,2.39999999999867,-0.13820162049043172,-0.03777053918093192,-0.0404120726128787,0.16517037156091655,0.1263667377048529,0.0011376636511562929,0.4959314170443366,0,0,0,0,NOMINAL,0
perturb,7.439999999998596,2.4399999999986477,-0.13819591194602907,-0.038145798641022445,-0.04047624039010037,0.1649978406050367,0.12640525663111363,0.011840090318539491,0.5373837547488056,0,0,0,0,NOMINAL,0
perturb,7.479999999998574,2.4799999999986255,-0.13807355795107462,-0.0386463949883653,-0.04049288872418502,0.16476172072624887,0.1263503283426071,0.011847202277551618,0.5718064510959455,0,0,0,0,NOMINAL,0
perturb,7.519999999998552,2.5199999999986034,-0.13799347635050854,-0.03883390140607024,-0.04047716458309427,0.16473772883927623,0.12630647850231097,0.0023663736658671363,0.574379919454123,0,0,0,0,NOMINAL,0
perturb,7.55999999999853,2.559999999998581,-0.13799350785099618,-0.03884915131718891,-0.04044526759572512,0.16474612148415527,0.12639974294787418,0.001073755219260774,0.5532308390797074,0,0,0,0,NOMINAL,0
perturb,7.5999999999985075,2.599999999998559,-0.13802859702423942,-0.03847873425841241,-0.04037582081231533,0.16495053778308036,0.12639972652332987,0.011829178371137618,0.5198208880386747,0,0,0,0,NOMINAL,0
perturb,7.639999999998485,2.639999999998537,-0.13815829273913063,-0.03797879753027233,-0.040358437782995214,0.1652145136878032,0.12644565097086796,0.011909807823805178,0.4755739958097383,0,0,0,0,NOMINAL,0
perturb,7.679999999998463,2.6799999999985147,-0.1382112740180983,-0.03780157437698103,-0.04037603792987957,0.16530325522878772,0.12644113375232427,0.001745781474125721,0.47402300418799775,0,0,0,0,NOMINAL,0
perturb,7.719999999998441,2.7199999999984925,-0.13822277025416785,-0.03780289775147198,-0.04040695015219801,0.1653632349533943,0.1263726023187246,0.001155769804628771,0.4956137651725638,0,0,0,0,NOMINAL,0
perturb,7.759999999998419,2.7599999999984703,-0.13821537500772266,-0.0381803652758084,-0.04047091528556987,0.16519198086194273,0.12640902473260207,0.011892583432584721,0.5372918721205306,0,0,0,0,NOMINAL,0
perturb,7.799999999998397,2.799999999998448,-0.13809228899047432,-0.03867261866261616,-0.040486425936730186,0.1649578624591089,0.12635333333234153,0.011570430632727289,0.5716943307536636,0,0,0,0,NOMINAL,0
perturb,7.8399999999983745,2.839999999998426,-0.13801539259038048,-0.038852874621317604,-0.04047022361933283,0.16493118980534574,0.12631729674289716,0.002221386910428027,0.5734614140049069,0,0,0,0,NOMINAL,0
perturb,7.879999999998352,2.879999999998404,-0.13801367694481304,-0.03886153390313274,-0.04043677294386901,0.16493519716010144,0.12641253212645348,0.0011380520049279828,0.5516640161834692,0,0,0,0,NOMINAL,0
perturb,7.91999999999833,2.9199999999983817,-0.1380517662267413,-0.038477803631519876,-0.04036725990285863,0.16514160754623103,0.1264167608644433,0.012202929320471595,0.5176545955335247,0,0,0,0,NOMINAL,0
perturb,7.959999999998308,2.9599999999983595,-0.138181394195016,-0.03798513714116474,-0.04035142259600749,0.16540804630605813,0.12646872827492703,0.011542224548994654,0.47399866309122224,0,0,0,0,NOMINAL,0
perturb,7.999999999998286,2.9999999999983373,-0.13823283189352617,-0.03781489512926201,-0.04036896477795965,0.16549882504992616,0.1264661155692992,0.0016440605752466887,0.47331251695072324,0,0,0,0,NOMINAL,0
perturb,8.039999999998335,3.039999999998386,-0.13824600998222844,-0.03782229023341466,-0.0404009564654941,0.16556050387294888,0.12640107034140358,0.0012975139663571932,0.49567334347874364,0,0,0,0,NOMINAL,0
perturb,8.079999999998384,3.079999999998435,-0.13823422113022046,-0.03821116971618573,-0.04046509913871098,0.16538592171141692,0.12643360286109828,0.01217758839689082,0.5375819649539488,0,0,0,0,NOMINAL,0
perturb,8.119999999998432,3.119999999998484,-0.1381081914754297,-0.03869652825361129,-0.0404794214757406,0.16515078515613982,0.12637048156259384,0.011275147523343734,0.5718203879318994,0,0,0,0,NOMINAL,0
perturb,8.159999999998481,3.159999999998533,-0.13803367849228262,-0.038870076396638094,-0.04046306553661899,0.16512168146650977,0.12633642616153593,0.002102715727008757,0.5725885103935267,0,0,0,0,NOMINAL,0
perturb,8.19999999999853,3.1999999999985818,-0.13802962927783244,-0.038872732493114084,-0.04042844405285233,0.16512144143097085,0.12642812705404802,0.0011780552974061925,0.5501744675639685,0,0,0,0,NOMINAL,0
perturb,8.23999999999858,3.2399999999986306,-0.13807081715986927,-0.03847875455916306,-0.04035908849319882,0.1653269343309837,0.12643431201813923,0.012478601298401103,0.5155836219746603,0,0,0,0,NOMINAL,0
perturb,8.279999999998628,3.2799999999986795,-0.13820062351882154,-0.0379949648861072,-0.04034474033060978,0.16559320761371166,0.1264905918337272,0.011164561189319484,0.4726551061045108,0,0,0,0,NOMINAL,0
perturb,8.319999999998677,3.3199999999987284,-0.13825036418121958,-0.03783159060391078,-0.04036232233786466,0.16568504347578628,0.12648771184032387,0.001547574082344177,0.47277584110512105,0,0,0,0,NOMINAL,0
perturb,8.359999999998726,3.3599999999987773,-0.13826480456619464,-0.03784431290119928,-0.040395296239440694,0.16574717847582665,0.12642480755731203,0.0014205467602909259,0.49578944966038474,0,0,0,0,NOMINAL,0
perturb,8.399999999998775,3.399999999998826,-0.13824973177898253,-0.03824237713648108,-0.04045932003846489,0.16556998762768307,0.12645482367559555,0.012400094617548351,0.5378144105529246,0,0,0,0,NOMINAL,0
perturb,8.439999999998824,3.439999999998875,-0.13812192075120508,-0.03871962690626548,-0.0404725055882194,0.16533341819209468,0.12638633434371405,0.01096477961320281,0.5718092379783511,0,0,0,0,NOMINAL,0
perturb,8.479999999998872,3.479999999998924,-0.13804991712698705,-0.03888650889841078,-0.04045596846703706,0.16530107163321003,0.1263551287006779,0.001986664140957084,0.5717319467488303,0,0,0,0,NOMINAL,0
perturb,8.519999999998921,3.519999999998973,-0.1380440348621534,-0.03888353986493325,-0.04042019238924301,0.16529682304742063,0.1264444955897627,0.0012387951195402362,0.5487500391949317,0,0,0,0,NOMINAL,0
perturb,8.55999999999897,3.5599999999990217,-0.13808832326668505,-0.038479826158366925,-0.040351051160821653,0.1655009171342329,0.12645300328460365,0.012743550335717193,0.5136070726671258,0,0,0,0,NOMINAL,0
perturb,8.599999999999019,3.5999999999990706,-0.13821843775851775,-0.03800426056389697,-0.04033801437421996,0.16576630812108223,0.12651371574995265,0.010819761632414637,0.47138072621886346,0,0,0,0,NOMINAL,0
perturb,8.639999999999068,3.6399999999991195,-0.13826675220027568,-0.0378469896155003,-0.04035563130434033,0.16585891557931018,0.12651081818232104,0.0014633009593277959,0.47221066561018077,0,0,0,0,NOMINAL,0
perturb,8.679999999999117,3.6799999999991684,-0.13828220310680076,-0.03786436432174996,-0.04038951918649123,0.16592111486273317,0.1264496766575551,0.0015283826277408465,0.4958183543186918,0,0,0,0,NOMINAL,0
perturb,8.719999999999166,3.7199999999992173,-0.13826413939548768,-0.0382704303116557,-0.040453385322364074,0.1657418275943899,0.12647727478521914,0.012599655355016668,0.5379397360572394,0,0,0,0,NOMINAL,0
perturb,8.759999999999215,3.759999999999266,-0.13813493970625476,-0.03873995695306757,-0.040465583445352706,0.1655041967689991,0.12640393637622352,0.010675593896024314,0.5716608053664239,0,0,0,0,NOMINAL,0
perturb,8.799999999999264,3.799999999999315,-0.1380652074389258,-0.03890092096348166,-0.04044889394713453,0.1654685782714358,0.12637503539600403,0.0018856719458386151,0.5708791213050912,0,0,0,0,NOMINAL,0
perturb,8.839999999999312,3.839999999999364,-0.13805773174107763,-0.03889309917880461,-0.04041209977207472,0.16546074085893672,0.12646200836408814,0.001303086947606829,0.5474087202657762,0,0,0,0,NOMINAL,0
perturb,8.879999999999361,3.879999999999413,-0.13810450413683725,-0.03848111523765981,-0.040343233190013074,0.16566334839924304,0.1264719238637698,0.012967673105854236,0.5117817095523255,0,0,0,0,NOMINAL,0
perturb,8.91999999999941,3.9199999999994617,-0.13823490342169928,-0.03801297036137767,-0.04033135077739095,0.1659277134216436,0.12653638521423827,0.010516565710883361,0.4701855051060344,0,0,0,0,NOMINAL,0
perturb,8.959999999999459,3.9599999999995106,-0.13828207229595313,-0.03786098988842237,-0.040349015379117295,0.16602082308053767,0.12653349337801695,0.001390649240214431,0.47163290520868534,0,0,0,0,NOMINAL,0
perturb,8.999999999999508,3.9999999999995595,-0.1382983305532265,-0.037882387116164026,-0.04038372188557045,0.16608275550874496,0.1264738369797042,0.001622258839573656,0.4957599861125035,0,0,0,0,NOMINAL,0
perturb,9.039999999999557,4.039999999999608,-0.13827777972686703,-0.038295300306888484,-0.0404474240533676,0.16590151458935953,0.12649964647060769,0.012777060813867468,0.5379612954705915,0,0,0,0,NOMINAL,0
perturb,9.079999999999606,4.079999999999657,-0.13814749405594912,-0.03875792637857794,-0.040458729185633154,0.16566295084073307,0.12642238656098395,0.010417732179882943,0.5714290087975776,0,0,0,0,NOMINAL,0
perturb,9.119999999999655,4.119999999999706,-0.1380798137244572,-0.038913725477480565,-0.04044189978007269,0.16562414338942869,0.12639570373345532,0.001796823400668993,0.5700401139563964,0,0,0,0,NOMINAL,0
perturb,9.159999999999703,4.159999999999755,-0.13807115429371616,-0.03890183891750119,-0.04040423620542999,0.16561315644123398,0.1264809056345011,0.0013659078281040129,0.54615948527596,0,0,0,0,NOMINAL,0
perturb,9.199999999999752,4.199999999999804,-0.13812022670604718,-0.0384831509369271,-0.04033565399903789,0.16581429882917317,0.12649229553650806,0.01314963983939174,0.5101382245457724,0,0,0,0,NOMINAL,0
perturb,9.239999999999801,4.239999999999853,-0.13825070210392043,-0.0380213939841114,-0.04032476599712123,0.1660777807972885,0.12655953053138455,0.010256555514535382,0.46909496163958453,0,0,0,0,NOMINAL,0
perturb,9.27999999999985,4.279999999999902,-0.1382968830266619,-0.0378738428003428,-0.040342485413380175,0.16617119489206653,0.12655644887374434,0.0013304089976864835,0.4710543569567709,0,0,0,0,NOMINAL,0
perturb,9.319999999999899,4.3199999999999505,-0.13831375928643663,-0.03789854206851569,-0.040377866480878155,0.16623256716222337,0.12649795915300066,0.0016998449486199407,0.4956032563732929,0,0,0,0,NOMINAL,0
perturb,9.359999999999948,4.359999999999999,-0.13829129613989713,-0.038316939020902545,-0.040441363601260556,0.16604949754442028,0.12652262012742943,0.012919743078424188,0.5378629440749434,0,0,0,0,NOMINAL,0
perturb,9.399999999999997,4.400000000000048,-0.13816012433467276,-0.03877374964813306,-0.04045192855231608,0.16580984181668776,0.12644227857967327,0.010204586775177018,0.5711018945178282,0,0,0,0,NOMINAL,0
perturb,9.440000000000046,4.440000000000097,-0.13809418394207382,-0.03892528028786416,-0.04043497741140501,0.16576810667982772,0.12641761639528845,0.0017208513847276421,0.5692236766615729,0,0,0,0,NOMINAL,0
perturb,9.480000000000095,4.480000000000146,-0.1380845285280324,-0.038910004069222064,-0.040396587724420396,0.16575435295276367,0.12650131612534501,0.0014228317128322334,0.5450080550004529,0,0,0,0,NOMINAL,0
perturb,9.520000000000143,4.520000000000195,-0.1381353460755569,-0.03848585725824812,-0.040328325510515566,0.16595417947440175,0.12651359752698849,0.013297265241141092,0.5086531148940305,0,0,0,0,NOMINAL,0
perturb,9.560000000000192,4.560000000000244,-0.13826593101183224,-0.03802963323289048,-0.04031828268399154,0.1662167613098452,0.12658317263506147,0.010036171560995979,0.4680974350788429,0,0,0,0,NOMINAL,0
perturb,9.600000000000241,4.600000000000293,-0.1383113926611149,-0.037885779169676614,-0.040336042619511056,0.16631020842265845,0.12657998897897882,0.0012811536932468444,0.4704789310497614,0,0,0,0,NOMINAL,0
perturb,9.64000000000029,4.640000000000342,-0.13832861395586954,-0.037913080884396155,-0.040371975696606034,0.1663708541917124,0.12652211024721066,0.0017608438199535358,0.4953563510500287,0,0,0,0,NOMINAL,0
perturb,9.680000000000339,4.6800000000003905,-0.13830458908128507,-0.03833565466978714,-0.04043527909479451,0.16618612351925793,0.1265457446172461,0.013027438295981946,0.5376457559836378,0,0,0,0,NOMINAL,0
perturb,9.720000000000388,4.720000000000439,-0.13817291107124505,-0.03878752792119091,-0.040445235023528786,0.1659453933003248,0.12646320935834124,0.010029131758812976,0.5706831658683741,0,0,0,0,NOMINAL,0
perturb,9.760000000000437,4.760000000000488,-0.13810853257976757,-0.038935608003415,-0.04042817545298004,0.16590121526643967,0.12644045688894107,0.0016566730965991588,0.5684246761609847,0,0,0,0,NOMINAL,0
perturb,9.800000000000486,4.800000000000537,-0.1380980892498108,-0.03891756803974507,-0.040389203128604785,0.16588500277788912,0.12652288887587815,0.0014722923302930586,0.5439482295910759,0,0,0,0,NOMINAL,0
perturb,9.840000000000535,4.840000000000586,-0.13815029338553034,-0.03848916933759528,-0.04032125658461283,0.16608354254746296,0.12653577197767432,0.013411498122726349,0.5073237490785201,0,0,0,0,NOMINAL,0
perturb,9.880000000000583,4.880000000000635,-0.13828091372376808,-0.038037576196912934,-0.04031190095444567,0.16634532636850266,0.12660708890323744,0.009857589052584494,0.46718689971274335,0,0,0,0,NOMINAL,0
perturb,9.920000000000632,4.920000000000684,-0.13832582893840425,-0.0378966772817839,-0.04032969903275744,0.16643836299486836,0.12660378178460027,0.0012408872552469791,0.4699037995567173,0,0,0,0,NOMINAL,0
perturb,9.960000000000681,4.960000000000733,-0.13834330448381063,-0.03792605910120314,-0.040366063160182576,0.16649820223030748,0.1265464018260614,0.0018093941972098487,0.4950365353287696,0,0,0,0,NOMINAL,0
perturb,10.00000000000073,5.000000000000782,-0.13831811186961138,-0.038351761819858866,-0.040429154620148844,0.1663119667459402,0.12656943613675914,0.01310693730355936,0.5373327262718874,0,0,0,0,NOMINAL,0
walk,10.040000000000779,0.040000000000048885,-0.12557543314637518,-0.03822901416491932,-0.04018478771938316,0.16897758084267922,0.11039987718226486,0.46283947358634164,1.0,0,0.5,0,0,NOMINAL,0
walk,10.080000000000828,0.08000000000009777,-0.11557392212071259,-0.03864111742960147,-0.040369031440143824,0.16924660317154566,0.10317351903341787,0.17509359463634114,1.0,0,0.5,0,0,NOMINAL,0
walk,10.120000000000877,0.12000000000014666,-0.10865241004341218,-0.03294605111917414,-0.04171963576118497,0.1724866201653993,0.10093267549991305,0.2722466222389772,0.9498333003846534,0,0.5,0,0,NOMINAL,0
walk,10.160000000000926,0.16000000000019554,-0.09953071968579055,-0.028150641664076978,-0.044370488213364846,0.18167633517317888,0.09905334002503263,0.263605953709445,1.0,0,0.5,0,0,NOMINAL,0
walk,10.200000000000975,0.20000000000024443,-0.08775373815432758,-0.032309009813560455,-0.0440440158049098,0.19762767659493644,0.09929904578715246,0.32663930764447374,1.0,0.00014775659237079732,0.5,0,0,NOMINAL,0
walk,10.240000000001023,0.2400000000002933,-0.07515698590294533,-0.0344071858368226,-0.04493096626137179,0.21990207757787356,0.10066671582829108,0.33574942120109635,1.0,0.00044785899532707817,0.5,0,0,NOMINAL,0
walk,10.280000000001072,0.2800000000003422,-0.0638612207682382,-0.03367579997370379,-0.047771199865870986,0.2257230552694194,0.10307741202327966,0.281796424533081,1.0,0.0004514709355019636,0.5,0,0,NOMINAL,0
walk,10.320000000001121,0.3200000000003911,-0.0486941579072071,-0.02776696135046701,-0.045779168101532576,0.22131865813073678,0.09402616436783044,0.7368842535308079,1.0,0,0.5,0,0,NOMINAL,0
walk,10.36000000000117,0.36000000000043997,-0.026514234661154476,-0.028700127049885955,-0.043234660534048425,0.2228471027635396,0.08021311067059798,0.4095744599892304,1.0,0,0.5,0,0,NOMINAL,0
walk,10.400000000001219,0.40000000000048885,-0.032535684203449766,-0.03394070570679239,-0.04124529195755294,0.22780145151999226,0.10640168945672542,0.5149328313693992,1.0,1.2825953967187312e-05,0.5,0,0,NOMINAL,0
walk,10.440000000001268,0.44000000000053774,-0.023257570195451268,-0.02341732520646189,-0.04406725584476565,0.23030647234205198,0.10142097319343682,0.9135993859090884,1.0,0.00019856642360491748,0.5,0,0,NOMINAL,0
walk,10.480000000001317,0.4800000000005866,-0.0019246698204151804,0.010880209880882424,-0.051031733464172745,0.2408785005334099,0.07463988388147944,1.0299674169241653,1.0,0.0002863329118894142,0.5,0,0,NOMINAL,0
walk,10.520000000001366,0.5200000000006355,0.018969088194462504,0.01082029821501972,-0.04794417862200391,0.2371379913108326,0.05703492622460202,0.6096221792441135,1.0,0,0.5,0,0,NOMINAL,0
walk,10.560000000001414,0.5600000000006844,0.03531098529057885,0.010919353280199261,-0.042879851469211416,0.2452224562144701,0.044429736123731675,0.4764964968876698,1.0,0,0.5,0,0,NOMINAL,0
walk,10.600000000001463,0.6000000000007333,0.050645885796892394,0.02109848140209865,-0.04188381234613347,0.25506454759020863,0.03756365414020875,0.47612140871482567,1.0,0.001265198377170651,0.5,0,0,NOMINAL,0
walk,10.640000000001512,0.6400000000007822,0.07368078492840674,0.02062570520368871,-0.04469652989984351,0.24790159165184322,0.01827343287416968,0.5496341287124303,1.0,0.0011598111776567844,0.5,0,0,NOMINAL,0
walk,10.680000000001561,0.680000000000831,0.09720345345439341,0.024060405191429327,-0.048036213394897206,0.23486364691394382,0.006986855129140038,0.5972713787548388,1.0,0.0014180287950371683,0.5,0,0,NOMINAL,0
walk,10.72000000000161,0.7200000000008799,0.10967887835057018,0.033440058853061456,-0.04967975812573458,0.22296618055946385,0.01798679276521365,0.3118897668332715,1.0,0.0012535755709995845,0.5,0,0,NOMINAL,0
walk,10.760000000001659,0.7600000000009288,0.093985152950048,0.0354376725022282,-0.04853962836933544,0.21230390083545647,0.06100782168668322,0.6573657199266657,1.0,0.0006612585092012267,0.5,0,0,NOMINAL,0
walk,10.800000000001708,0.8000000000009777,0.09845282507295122,0.038563376171896285,-0.04796443684249856,0.21299778169476768,0.08011645918868902,0.7619764587180621,1.0,0.0014020126179272207,0.5,0,0,NOMINAL,0
walk,10.840000000001757,0.8400000000010266,0.12344140350273439,0.049633338621286376,-0.05188144102293091,0.2156964903155392,0.06729531141741839,0.734477986144656,1.0,0.00206774720967275,0.5,0,0,NOMINAL,0
walk,10.880000000001806,0.8800000000010755,0.14322739006308235,0.06092879948508096,-0.05709932288948476,0.21007563341217572,0.06403555908888016,0.42437194400663836,1.0,0.0017553564301427368,0.5,0,0,NOMINAL,0
walk,10.920000000001854,0.9200000000011244,0.16513312447832568,0.06196430008833513,-0.06648685444666949,0.20348925621214817,0.050670961766624424,0.6395453284006009,1.0,0.0009382180954935696,0.5,0,0,NOMINAL,0
walk,10.960000000001903,0.9600000000011732,0.18493099946917593,0.058055917444619826,-0.0704646286375828,0.19113947740631318,0.03795828129220763,0.7562622999535319,1.0,0.00017535157038524928,0.5,0,0,NOMINAL,0
walk,11.000000000001952,1.0000000000012221,0.20588139045331258,0.04970890480706685,-0.06889902557935935,0.1725165687009127,0.030197265759112305,0.4903283814334152,1.0,0,0.5,0,0,NOMINAL,0
walk,11.040000000002001,1.040000000001271,0.22651048084787426,0.05608741838687466,-0.06387590090109758,0.1516746013995275,0.019936376972221687,0.6761359672035336,1.0,0.0018483829414854222,0.5,0,0,NOMINAL,0
walk,11.08000000000205,1.08000000000132,0.23705908599046743,0.06230127556023637,-0.05850154836393949,0.14325469552574574,0.02602521638047489,0.21261828099958038,1.0,0.0018495894659366623,0.5,0,0,NOMINAL,0
walk,11.120000000002099,1.1200000000013688,0.24334249477599423,0.08265331702022795,-0.05981820559697364,0.14876784913932467,0.04511207294729581,1.0013638812615389,1.0,0.0013174603388538928,0.5,0,0,NOMINAL,0
walk,11.160000000002148,1.1600000000014177,0.2599308572965385,0.10674585762936682,-0.0640331901670707,0.16317431847593267,0.06247792709568255,0.3100454516704576,1.0,0.0013803206420078993,0.5,0,0,NOMINAL,0
walk,11.200000000002197,1.2000000000014666,0.260512741940778,0.09316354986667076,-0.06044479425212857,0.15571221010078834,0.05589484220107513,0.7315817327554832,1.0,0,0.5,0,0,NOMINAL,0
walk,11.240000000002246,1.2400000000015154,0.25660301265987145,0.07314465060399883,-0.051891015951359226,0.14755321751284925,0.07087069724162995,0.3733238983317565,1.0,0,0.5,0,0,NOMINAL,0
walk,11.280000000002294,1.2800000000015643,0.27893624213615287,0.06514501645440875,-0.04625464834203378,0.14723131896739478,0.05976908057927535,1.0317686979370995,1.0,0,0.5,0,0,NOMINAL,0
walk,11.320000000002343,1.3200000000016132,0.30850437807170605,0.06758518467466516,-0.045066311187612194,0.14687791584668547,0.045559981314994585,0.4809257584996837,1.0,0.00029390143948086094,0.5,0,0,NOMINAL,0
walk,11.360000000002392,1.360000000001662,0.32414694343145756,0.07425522647594526,-0.046199730583709256,0.1416127222632113,0.04103529287500043,0.3884975101270304,1.0,0.0002740673232194873,0.5,0,0,NOMINAL,0
walk,11.400000000002441,1.400000000001711,0.32374312711683867,0.08228850219697496,-0.044842186231355684,0.13443478064208447,0.043779476849313874,0.18781236489557976,1.0,0,0.5,0,0,NOMINAL,0
walk,11.44000000000249,1.4400000000017599,0.3263752093580273,0.09074994300793131,-0.044238076055580645,0.13636893415236065,0.05502052968665352,0.2725259290988527,1.0,0,0.5,0,0,NOMINAL,0
walk,11.480000000002539,1.4800000000018088,0.3349084001367907,0.09871243312479171,-0.04505462829312041,0.1574202876550788,0.06562928977978133,0.28697757438413685,1.0,0.0014395932178112767,0.5,0,0,NOMINAL,0
walk,11.520000000002588,1.5200000000018576,0.34410995442050885,0.10243987152855832,-0.043713975829547155,0.18572760243312145,0.07666402976593581,0.3802884301424858,1.0,0.001418945344837025,0.5,0,0,NOMINAL,0
walk,11.560000000002637,1.5600000000019065,0.35811652888583756,0.10272074249630185,-0.04117803367713234,0.21151779593020864,0.07983777284156794,0.301814594165925,1.0,0.000965769358607776,0.5,0,0,NOMINAL,0
walk,11.600000000002685,1.6000000000019554,0.3732173687950278,0.103219432834187,-0.04280839253419034,0.2277667579370879,0.08061596369749473,0.4925910965287581,1.0,0.0006122954049774598,0.5,0,0,NOMINAL,0
walk,11.640000000002734,1.6400000000020043,0.4076907736768022,0.0957842740571113,-0.049073091347709624,0.22343706123761167,0.05390118790123081,1.1515483519350254,1.0,0.0016351483924722395,0.5,0,0,NOMINAL,0
walk,11.680000000002783,1.6800000000020532,0.44572325190304674,0.09018109324365113,-0.051119345731787724,0.20794150203537096,0.03456459886147452,0.6326676332545916,1.0,0.001733905919714086,0.5,0,0,NOMINAL,0
walk,11.720000000002832,1.720000000002102,0.4580896766043656,0.09485004064169421,-0.04442614392243068,0.20328316744186783,0.031173938855864346,0.08283076656409967,1.0,0.0010868161432656322,0.5,0,0,NOMINAL,0
walk,11.760000000002881,1.760000000002151,0.4545628884724342,0.09068718413819425,-0.04120712602908467,0.19133763807897394,0.055301852170104644,0.19431224574883738,1.0,0,0.5,0,0,NOMINAL,0
walk,11.80000000000293,1.8000000000021998,0.4655150741281143,0.09766469375392683,-0.04162644415127789,0.1906727929359609,0.05623729170750213,0.5892607079994163,1.0,0,0.5,0,0,NOMINAL,0
walk,11.840000000002979,1.8400000000022487,0.4820616050782547,0.11698684105673622,-0.0446440748864332,0.21259739737729463,0.05103386015296294,0.7708792699012881,1.0,0.0016220002629635016,0.5,0,0,NOMINAL,0
walk,11.880000000003028,1.8800000000022976,0.5073122773914,0.12209405715871491,-0.045810847110419134,0.22936801442261345,0.0394021996554555,0.7348602928137351,1.0,0.0018640381563784305,0.5,0,0,NOMINAL,0
walk,11.920000000003077,1.9200000000023465,0.5234361199588183,0.11807434542291201,-0.04323031995464562,0.2483001939426302,0.03459335298011938,0.180162901921737,1.0,0.0012917350046819163,0.5,0,0,NOMINAL,0
walk,11.960000000003125,1.9600000000023954,0.5382064067117273,0.11629166020348158,-0.043115814649864026,0.2635813896588657,0.03532848944016856,0.5245060206947263,1.0,0.0005955246600132781,0.5,0,0,NOMINAL,0
walk,12.000000000003174,2.0000000000024443,0.5572381399694747,0.11266706883070393,-0.04564874146384432,0.2517711238654895,0.035828169799529054,0.35212593015703547,1.0,0.0011063200120274416,0.5,0,0,NOMINAL,0
walk,12.040000000003223,2.040000000002493,0.5703713046042324,0.11117604017756966,-0.0468085854853134,0.22770741670466604,0.0472772574862829,0.27840098461754487,1.0,0.001547771638211564,0.5,0,0,NOMINAL,0
walk,12.080000000003272,2.080000000002542,0.5789353113962232,0.11925899402961558,-0.043532049282018884,0.2077493136005852,0.05812227466368547,0.28457953024920085,1.0,0.0013586974460123376,0.5,0,0,NOMINAL,0
walk,12.120000000003321,2.120000000002591,0.5779604835517528,0.1256167160338682,-0.04186631385921873,0.18735721477373946,0.08743304682573762,0.21930955941174626,1.0,0.0007152208028296904,0.5,0,0,NOMINAL,0
walk,12.16000000000337,2.16000000000264,0.5931344555032507,0.1440904680381342,-0.044592188335715946,0.19510489320345453,0.0939564554160065,0.9782452910245709,1.0,0.00036703875868066666,0.5,0,0,NOMINAL,0
walk,12.200000000003419,2.2000000000026887,0.6204979813019663,0.1623195309499692,-0.04558020699085836,0.21495595428169784,0.08763885614093125,0.6358472737571564,1.0,0.0025593131587025933,0.5,0,0,NOMINAL,0
walk,12.240000000003468,2.2400000000027376,0.6435453788213356,0.16648473402847755,-0.03976627831398875,0.22052634756736444,0.08062871397029103,0.5163695514473906,1.0,0.0022054919352346063,0.5,0,0,NOMINAL,0
walk,12.280000000003517,2.2800000000027865,0.6566279719940702,0.17513215536156168,-0.03831022187025031,0.22077304508922782,0.0893583470040785,0.30898014592432593,1.0,0.0010925567493692346,0.5,0,0,NOMINAL,0
walk,12.320000000003565,2.3200000000028353,0.6809738276622896,0.17444619349912283,-0.04274421626776796,0.21604347789931233,0.0754178718361378,0.8440851100643374,1.0,0,0.5,0,0,NOMINAL,0
walk,12.360000000003614,2.3600000000028842,0.716142480873417,0.15257507144855514,-0.05130831881220993,0.2025451538336852,0.03685054358093018,1.2360368771684223,1.0,0,0.5,0,0,NOMINAL,0
walk,12.400000000003663,2.400000000002933,0.7457021708572461,0.1440050107854554,-0.053578232246537606,0.1914685118003897,0.028708272054971687,0.36800515955303553,1.0,0,0.5,0,0,NOMINAL,0
walk,12.440000000003712,2.440000000002982,0.7533484432826082,0.1528415032071477,-0.047516614530411734,0.18981827964217915,0.02917341896077882,0.20595330686087074,1.0,0,0.5,0,0,NOMINAL,0
walk,12.480000000003761,2.480000000003031,0.7624811777902005,0.1509613456921254,-0.04333287531748072,0.1777570190845175,0.03999868465496602,0.1738214606437793,1.0,0,0.5,0,0,NOMINAL,0
walk,12.52000000000381,2.5200000000030798,0.7795363063102371,0.1660132443133005,-0.04513111912514359,0.1787566754950207,0.033665316882130175,0.8438303862432951,1.0,0,0.5,0,0,NOMINAL,0
walk,12.560000000003859,2.5600000000031287,0.8123191977092777,0.1767517988889258,-0.04756230570806635,0.19680636439814989,0.01587886606342871,0.8909201905742051,1.0,0.002110245379882374,0.5,0,0,NOMINAL,0
walk,12.600000000003908,2.6000000000031775,0.82407694403833,0.16882385737340588,-0.04724534229985863,0.20996578039436675,0.020902656966509486,0.3544098603585224,1.0,0.001990308604773995,0.5,0,0,NOMINAL,0
walk,12.640000000003957,2.6400000000032264,0.835522162739292,0.15948795850077863,-0.047589656635215555,0.22178582812559666,0.04514331338853416,0.5221807408081928,1.0,0.0004001853396601532,0.5,0,0,NOMINAL,0
walk,12.680000000004005,2.6800000000032753,0.8563005307884702,0.1616480934743504,-0.049044827495125426,0.21336652114102128,0.049809618696790535,0.5361124211447366,1.0,0,0.5,0,0,NOMINAL,0
walk,12.720000000004054,2.720000000003324,0.8657669736673074,0.16274194584635895,-0.04316796867373666,0.20219101525951458,0.06299280451182707,0.2502672068430665,1.0,0.0005506187257444752,0.5,0,0,NOMINAL,0
walk,12.760000000004103,2.760000000003373,0.8671570389233266,0.15435570589068673,-0.03836863628024173,0.20335179245171298,0.09408955636101561,0.22841541744445862,1.0,0.0005732679203520829,0.5,0,0,NOMINAL,0
walk,12.800000000004152,2.800000000003422,0.8658211137430153,0.14881723877744232,-0.03712689982822818,0.20476738023418617,0.12509791658391708,0.01862097861248203,1.0,0.00028509353471608965,0.5,0,0,NOMINAL,0
walk,12.840000000004201,2.840000000003471,0.8841929298102834,0.169610463503357,-0.043167985861826394,0.21213303797136374,0.10948219737975351,1.1561574320341435,1.0,0,0.5,0,0,NOMINAL,0
walk,12.88000000000425,2.8800000000035197,0.9086755244577953,0.20713504215339973,-0.050675596906257586,0.22746098732527306,0.0879891669722274,0.9799485113049796,1.0,0,0.5,0,0,NOMINAL,0
walk,12.920000000004299,2.9200000000035686,0.9319234982979783,0.20239598613758372,-0.04633985203046711,0.22276719015119537,0.07505177778292575,0.662727123114353,1.0,0,0.5,0,0,NOMINAL,0
walk,12.960000000004348,2.9600000000036175,0.9455849793889246,0.20146113728067516,-0.041371369773635445,0.22779432399656763,0.07638556352409544,0.35747245307965736,1.0,0,0.5,0,0,NOMINAL,0
walk,13.000000000004396,3.0000000000036664,0.9687872515333857,0.21298561990500373,-0.040617103460986896,0.2361071819827353,0.06254405325990423,0.793022921670446,1.0,0,0.5,0,0,NOMINAL,0
walk,13.040000000004445,3.0400000000037153,1.00071833463501,0.21008103812146692,-0.04438843861237228,0.2253839288840786,0.03736573514828005,0.7743245673041373,1.0,9.915180926385339e-05,0.5,0,0,NOMINAL,0
walk,13.080000000004494,3.080000000003764,1.0291666335218839,0.20511957784059984,-0.04722279279762642,0.20457098887688566,0.0294947330374402,0.7472417833044498,1.0,0.0009465129471328938,0.5,0,0,NOMINAL,0
walk,13.120000000004543,3.120000000003813,1.0483760947800627,0.2142865755869958,-0.04674573077994949,0.19315899376643847,0.020301643281476725,0.5015685847906153,1.0,0.0008626030321395781,0.5,0,0,NOMINAL,0
walk,13.160000000004592,3.160000000003862,1.0490974845420664,0.22185871408942592,-0.04458732863154336,0.1735510231760006,0.03608454412046013,0.18565263304542284,1.0,6.227065411649809e-06,0.5,0,0,NOMINAL,0
walk,13.200000000004641,3.200000000003911,1.059708120849772,0.23325512922981173,-0.045230329257173255,0.1777872786688044,0.04691706292611877,0.5598626575807674,1.0,0,0.5,0,0,NOMINAL,0
walk,13.24000000000469,3.2400000000039597,1.0820585902581004,0.24193431751911612,-0.046287609759749875,0.20472586662291503,0.04355108461598409,0.5829643763393018,1.0,0.0030514092590231867,0.5,0,0,NOMINAL,0
walk,13.280000000004739,3.2800000000040086,1.0957654738484643,0.23941149513265167,-0.04502139504550394,0.22382138312249872,0.048617943176851704,0.1598150802182509,1.0,0.0028669110140926305,0.5,0,0,NOMINAL,0
walk,13.320000000004788,3.3200000000040575,1.1093363988331113,0.23780923460362172,-0.04709998546892617,0.2376423767408257,0.057141223180753084,0.507464504843148,1.0,0.0014252595893709636,0.5,0,0,NOMINAL,0
walk,13.360000000004836,3.3600000000041064,1.1427301549306377,0.23655917746400967,-0.0537549311746967,0.23092356705282396,0.038759053047915194,1.1057738468004064,1.0,0.0014896591999480032,0.5,0,0,NOMINAL,0
walk,13.400000000004885,3.4000000000041553,1.1713612541254972,0.23921995857477477,-0.052464315164830154,0.2196549748518432,0.02790429118857855,0.4324562946277709,1.0,0.0020402976867323766,0.5,0,0,NOMINAL,0
walk,13.440000000004934,3.440000000004204,1.1826377522275946,0.23970844632096383,-0.044100685081847585,0.21238242610629343,0.035794396670331574,0.1300096639610648,1.0,0.0012362071357366502,0.5,0,0,NOMINAL,0
walk,13.480000000004983,3.480000000004253,1.1764113372922718,0.2314269754996477,-0.040247980149299326,0.2060859430404432,0.07303789074603327,0.38165253217404155,1.0,0.000651348550499736,0.5,0,0,NOMINAL,0
walk,13.520000000005032,3.520000000004302,1.186505016836961,0.23641916133376945,-0.04104636031804172,0.20752229549683443,0.07940170044192503,0.6868093446197059,1.0,0,0.5,0,0,NOMINAL,0
walk,13.56000000000508,3.560000000004351,1.2042236796234775,0.26451010190160973,-0.04675178408899317,0.2260301651087682,0.06717998237427975,1.0607220231022148,1.0,0.0006945024996225307,0.5,0,0,NOMINAL,0
walk,13.60000000000513,3.6000000000043997,1.2299315503195023,0.27484381319398354,-0.04876566899324939,0.2360317891430482,0.054232119721497996,0.6276847327518215,1.0,0.0015731879993853993,0.5,0,0,NOMINAL,0
walk,13.640000000005179,3.6400000000044486,1.248698327024696,0.26887433878734834,-0.04375780428170029,0.24527187082004423,0.04265531164564621,0.4470549513736872,1.0,0,0.5,0,0,NOMINAL,0
walk,13.680000000005228,3.6800000000044975,1.2633983909225017,0.27319240470228756,-0.04180853175490727,0.260947398980994,0.04115901532173544,0.39763182076344544,1.0,4.64552402782324e-05,0.5,0,0,NOMINAL,0
walk,13.720000000005276,3.7200000000045463,1.2826040546244815,0.2678456692220398,-0.044024971436623025,0.25724844623125237,0.03727329217407328,0.48226102888672745,1.0,5.981591702706371e-05,0.5,0,0,NOMINAL,0
walk,13.760000000005325,3.760000000004595,1.3017026557220919,0.2674556290004965,-0.04651614385485667,0.24315588692719223,0.03869851394419467,0.5067539130827865,1.0,0.0012706737977352758,0.5,0,0,NOMINAL,0
walk,13.800000000005374,3.800000000004644,1.3170367554218325,0.2776379903390105,-0.045488599204402,0.22919486624672616,0.03848711379170721,0.38837461189169936,1.0,0.0012390468114769698,0.5,0,0,NOMINAL,0
walk,13.840000000005423,3.840000000004693,1.31563409572463,0.28446598764597525,-0.04388850964732658,0.2108866086641872,0.06938597169820208,0.255199080748262,1.0,0.0007935695013583726,0.5,0,0,NOMINAL,0
walk,13.880000000005472,3.880000000004742,1.3269659623798264,0.2985332722680482,-0.045943043038152234,0.21803617605530964,0.08386648698161386,0.7722327599238308,1.0,0.0004459971925771566,0.5,0,0,NOMINAL,0
walk,13.92000000000552,3.9200000000047908,1.3494054139602978,0.3096980575563284,-0.04477192370685552,0.2372262888388577,0.08218474740928462,0.5804896819439243,1.0,0.002382677478619749,0.5,0,0,NOMINAL,0
walk,13.96000000000557,3.9600000000048396,1.3708471357118868,0.31615016328920126,-0.04044856595967684,0.24790981678010626,0.07965038380890561,0.5129043163628964,1.0,0.001994059122477219,0.5,0,0,NOMINAL,0
walk,14.000000000005619,4.0000000000048885,1.3814237656418538,0.323645499421168,-0.04063669569887646,0.2477540123186514,0.09226668877906558,0.2247597051912309,1.0,0.0011303294431833399,0.5,0,0,NOMINAL,0
walk,14.040000000005668,4.040000000004937,1.410783657025225,0.32274586618925616,-0.04689629197067388,0.24184672120076842,0.07277968547254435,1.084551186879324,1.0,0,0.5,0,0,NOMINAL,0
walk,14.080000000005716,4.080000000004986,1.453775684333346,0.30145241411617313,-0.05583152357677851,0.22672230957860434,0.032194192630932345,1.2044653744526113,1.0,0,0.5,0,0,NOMINAL,0
walk,14.120000000005765,4.120000000005035,1.4770753532154215,0.30383176303929743,-0.05299259815354862,0.224799693865163,0.024540157295476945,0.4772695689442439,1.0,0,0.5,0,0,NOMINAL,0
walk,14.160000000005814,4.160000000005084,1.4850459005622625,0.31114918301901867,-0.04613547840382876,0.22056346464548265,0.029963446937265107,0.16228593595375845,1.0,0,0.5,0,0,NOMINAL,0
walk,14.200000000005863,4.200000000005133,1.493672108745752,0.3079538806955735,-0.04312068660321451,0.21001665823954782,0.043368677149490685,0.20160908834309635,1.0,0,0.5,0,0,NOMINAL,0
walk,14.240000000005912,4.240000000005182,1.5095542947292082,0.32066945734402114,-0.045018674033695666,0.22065914422132762,0.04269883852307804,0.7427910796050357,1.0,0,0.5,0,0,NOMINAL,0
walk,14.28000000000596,4.280000000005231,1.5371500327026157,0.33105670594225606,-0.04722497246379927,0.2463680263083159,0.03061700560282662,0.7796744985187664,1.0,0.0022057611763358575,0.5,0,0,NOMINAL,0
walk,14.32000000000601,4.32000000000528,1.5546867486339169,0.32345088620306256,-0.04536708002615814,0.2675150242640942,0.026582891802357574,0.3156646366870953,1.0,0.0019777199681121345,0.5,0,0,NOMINAL,0
walk,14.360000000006059,4.3600000000053285,1.5661154854870554,0.3139905991784796,-0.045394774605977246,0.2939615648382502,0.04498174185661638,0.460141995479882,1.0,0.0008646400837171989,0.5,0,0,NOMINAL,0
walk,14.400000000006107,4.400000000005377,1.5935978024268587,0.3102779612142624,-0.04880281659237676,0.2934274490270153,0.04707659359688107,0.9185885557970442,1.0,0.0002859254834212628,0.5,0,0,NOMINAL,0
walk,14.440000000006156,4.440000000005426,1.622748403865959,0.31758260975029173,-0.046630474840601246,0.2882016440362578,0.038781081351812054,0.5882633613723922,1.0,0.0020450344958777254,0.5,0,0,NOMINAL,0
walk,14.480000000006205,4.480000000005475,1.6270567463013308,0.31608909399733137,-0.04202761181051214,0.2906853057341486,0.05177436019838404,0.3010859176978428,1.0,0.001759740653494192,0.5,0,0,NOMINAL,0
walk,14.520000000006254,4.520000000005524,1.6217480036426184,0.31120644159956146,-0.03974123022451803,0.2872275058199052,0.08357997260947486,0.038226763351797394,1.0,0.0002834553030475436,0.5,0,0,NOMINAL,0
walk,14.560000000006303,4.560000000005573,1.633994330837711,0.32294217910850564,-0.04301159165179373,0.2923212749377875,0.0828709313103598,0.7393336745742398,1.0,0,0.5,0,0,NOMINAL,0
walk,14.600000000006352,4.600000000005622,1.6527038859394674,0.3525206627294326,-0.04929450146170815,0.31075840108200187,0.0725080108455361,1.1310056809350937,1.0,0.0005061956840801187,0.5,0,0,NOMINAL,0
walk,14.6400000000064,4.640000000005671,1.6818914985980034,0.3562812840390078,-0.04715774140263838,0.3149298390535348,0.05460385114322286,0.7115432886530227,1.0,0.0015674252421017897,0.5,0,0,NOMINAL,0
walk,14.68000000000645,4.68000000000572,1.7037439774059813,0.3604352703728062,-0.04198438554095699,0.32653372776409545,0.0453054171137937,0.563429781109257,1.0,0.0006856452684708874,0.5,0,0,NOMINAL,0
walk,14.720000000006499,4.7200000000057685,1.7169579013717862,0.37058472697034567,-0.040962783970092835,0.3332636775099766,0.05112473685336165,0.369354398376778,1.0,0.0007675684708876091,0.5,0,0,NOMINAL,0
walk,14.760000000006547,4.760000000005817,1.739338203313625,0.3648884506968656,-0.04377100682680976,0.3246265287254793,0.03842287012939391,0.6725552665393595,1.0,0.0007413438707567157,0.5,0,0,NOMINAL,0
walk,14.800000000006596,4.800000000005866,1.7621853147059285,0.35278851236970227,-0.045612256221982325,0.3007028097422973,0.039041908271852964,0.6962860823175434,1.0,0.0009439188518723398,0.5,0,0,NOMINAL,0
walk,14.840000000006645,4.840000000005915,1.7812464601406088,0.35677743872805917,-0.046171200580586096,0.2781351132181176,0.038280214250655316,0.5728178187239112,1.0,0.0007761428987449389,0.5,0,0,NOMINAL,0
walk,14.880000000006694,4.880000000005964,1.7834513554523557,0.36456530077849586,-0.04336707410154779,0.25665102182147365,0.05383906085599382,0.15577316475429698,1.0,0.0005518406328856475,0.5,0,0,NOMINAL,0
walk,14.920000000006743,4.920000000006013,1.7955482049861033,0.37624479605323297,-0.04307754768238154,0.2531998921434114,0.05951822788570447,0.6957487452092161,1.0,0.0003037544629210399,0.5,0,0,NOMINAL,0
walk,14.960000000006792,4.960000000006062,1.8166542900566547,0.3972096130900563,-0.04576759123444091,0.2767150720155969,0.05793664435129696,0.7979052948932754,1.0,0.0020117276179083296,0.5,0,0,NOMINAL,0
walk,15.00000000000684,5.000000000006111,1.8415105985923395,0.3980895464503373,-0.04380818363488042,0.28306127477965953,0.046938440090189264,0.4759517398844618,1.0,0.0020236774295663497,0.5,0,0,NOMINAL,0
walk,15.04000000000689,5.0400000000061596,1.8562568086171598,0.3987026815868228,-0.04250121302265734,0.29788211075681553,0.05008374780072559,0.3245987720907281,1.0,0.0011039029194313615,0.5,0,0,NOMINAL,0
walk,15.080000000006939,5.080000000006208,1.8745712754653436,0.39874654489318595,-0.0448719163241222,0.29784428485725356,0.049945286150143875,0.5482293678620734,1.0,0.00011726026293579297,0.5,0,0,NOMINAL,0
walk,15.120000000006987,5.120000000006257,1.9059938535201983,0.3944135674444726,-0.04919490114352513,0.2790900535358823,0.036215875739056706,1.1723323451625984,1.0,0.0012411088882552774,0.5,0,0,NOMINAL,0
walk,15.160000000007036,5.160000000006306,1.942278482109004,0.40075130895849886,-0.047940429105116,0.2627842727414597,0.02081696230115894,0.75285997944382,1.0,0.0016869798442588047,0.5,0,0,NOMINAL,0
walk,15.200000000007085,5.200000000006355,1.9486163134226777,0.4033785253302958,-0.043448616289223696,0.2558654381175878,0.02801519821784578,0.23268690441797935,1.0,0.001133883279593225,0.5,0,0,NOMINAL,0
walk,15.240000000007134,5.240000000006404,1.9479579784118348,0.4024077045826556,-0.0413262346856957,0.24563724583163038,0.054374752222199216,0.13489595125486012,1.0,0,0.5,0,0,NOMINAL,0
walk,15.280000000007183,5.280000000006453,1.9595383373275712,0.4211397136317346,-0.04453797624600794,0.25890375581060665,0.05703974007178388,0.7849729573577217,1.0,0,0.5,0,0,NOMINAL,0
walk,15.320000000007232,5.320000000006502,1.9793789147009273,0.44032166170970627,-0.0466113750170178,0.28913838212548554,0.05750563062318321,0.5566134293597569,1.0,0.0021301252125630644,0.5,0,0,NOMINAL,0
walk,15.36000000000728,5.360000000006551,1.9989316772499992,0.4398588202330808,-0.04230887494806652,0.30695513258833396,0.05180117985464579,0.34594730390117284,1.0,0.0019191189239225375,0.5,0,0,NOMINAL,0
walk,15.40000000000733,5.4000000000065995,2.0107140703572255,0.4411392710813685,-0.04164146564576393,0.32152711125215894,0.05876226086340656,0.29304884527592856,1.0,0.0010214782463469395,0.5,0,0,NOMINAL,0
walk,15.440000000007378,5.440000000006648,2.0371445282280023,0.4388407021987903,-0.046124272156734966,0.3172025142088953,0.04457261059750079,0.886524966021355,1.0,0,0.5,0,0,NOMINAL,0
walk,15.480000000007427,5.480000000006697,2.070579983240283,0.429668703840353,-0.0503110799704971,0.2937917182442035,0.03597814340614741,0.7190154240137628,1.0,0.001031944058898461,0.5,0,0,NOMINAL,0
walk,15.520000000007476,5.520000000006746,2.08747570155411,0.4385303367044472,-0.04584133898997883,0.28246782541742416,0.03005509834884965,0.42313510803479104,1.0,0.0010336661252638676,0.5,0,0,NOMINAL,0
walk,15.560000000007525,5.560000000006795,2.0870255036643863,0.4378068727336374,-0.04208134217284921,0.26624978577250186,0.05241323329333272,0.2782730400289125,1.0,0.0005098481760701701,0.5,0,0,NOMINAL,0
walk,15.600000000007574,5.600000000006844,2.096785449068082,0.44455439271874486,-0.04150388872761721,0.26306356000773606,0.05976580102632127,0.5932397339092172,1.0,0.0001139632556032203,0.5,0,0,NOMINAL,0
walk,15.640000000007623,5.640000000006893,2.113506687879197,0.4663575537798701,-0.044525707432451225,0.28426551558704677,0.05651806243576962,0.8626077894469995,1.0,0.0020880019351770668,0.5,0,0,NOMINAL,0
walk,15.680000000007672,5.680000000006942,2.1423218185566952,0.475925864053414,-0.045455045802293675,0.298462123594026,0.04260387463865049,0.816789809996388,1.0,0.0021907526909603833,0.5,0,0,NOMINAL,0
walk,15.72000000000772,5.720000000006991,2.160362456865084,0.47559492886486493,-0.0427104904416752,0.3124237349322987,0.03750955038121873,0.17368423942092745,1.0,0.001422157585108966,0.5,0,0,NOMINAL,0
walk,15.76000000000777,5.7600000000070395,2.1751318224027676,0.4781033382744335,-0.042415896726029266,0.3267132996480322,0.03954673611384684,0.5321239074198567,1.0,0.0005591546820358366,0.5,0,0,NOMINAL,0
walk,15.800000000007818,5.800000000007088,2.193734993653015,0.47534548717736197,-0.04544851512025302,0.3190558191747471,0.04005093342819946,0.36201046248675306,1.0,0.0003736317712159717,0.5,0,0,NOMINAL,0
walk,15.840000000007867,5.840000000007137,2.211091728852926,0.4707396362615552,-0.046918161585165194,0.2955759834869502,0.05116945739333429,0.65083702512669,1.0,0.000834804225745821,0.5,0,0,NOMINAL,0
walk,15.880000000007916,5.880000000007186,2.2278122072068913,0.4797631659395809,-0.04402659627512015,0.27764383049156377,0.050567623265233674,0.48159834592471107,1.0,0.0008854231839105734,0.5,0,0,NOMINAL,0
walk,15.920000000007965,5.920000000007235,2.2294267490008517,0.4825758388377513,-0.040997010931270034,0.2606929529801639,0.0748108608452121,0.1961438551127922,1.0,0.0005600562368144144,0.5,0,0,NOMINAL,0
walk,15.960000000008014,5.960000000007284,2.239217296759109,0.4904428455385795,-0.04126373077665688,0.2605255263732586,0.08570581925956394,0.5992667824067458,1.0,0.00040587048986688156,0.5,0,0,NOMINAL,0
walk,16.00000000000806,6.000000000007331,2.2564807723916918,0.5183874822433918,-0.046394560503310325,0.28158561237229796,0.08276862033600585,1.1792029784717566,1.0,0.0019019792656339968,0.5,0,0,NOMINAL,0
walk,16.040000000007968,6.040000000007238,2.291844832153374,0.5254724675759147,-0.04639570794720665,0.2846612843092729,0.056302865722272784,0.9087421641352817,1.0,0.0020054034902139972,0.5,0,0,NOMINAL,0
walk,16.080000000007875,6.080000000007145,2.3146914874956486,0.52680461000505,-0.042714053146056544,0.29154340109607324,0.0446774402204397,0.3743243765187725,1.0,0,0.5,0,0,NOMINAL,0
walk,16.12000000000778,6.120000000007051,2.3278221473050658,0.533418712012515,-0.04236418457794965,0.30310618819523466,0.04988705826458789,0.41361212012191384,1.0,0,0.5,0,0,NOMINAL,0
walk,16.160000000007688,6.160000000006958,2.3520607095896544,0.5317007976776572,-0.04637087390170218,0.29648467691596925,0.0396362808582527,0.6857761730969001,1.0,0,0.5,0,0,NOMINAL,0
walk,16.200000000007595,6.200000000006865,2.377649556126096,0.5249031122757145,-0.04861885465521359,0.27371402342561496,0.04182665231653275,0.5218296663465823,1.0,0,0.5,0,0,NOMINAL,0
walk,16.2400000000075,6.240000000006772,2.389526892959712,0.5325492199559808,-0.04357745591115777,0.2607090380256986,0.04606431286229666,0.3410809691488554,1.0,0.0005687951514571468,0.5,0,0,NOMINAL,0
walk,16.28000000000741,6.2800000000066785,2.388631236896151,0.5324993045859752,-0.04012387314051574,0.24540310746624902,0.0729559399392823,0.21590568443970584,1.0,0.00044480556437993465,0.5,0,0,NOMINAL,0
walk,16.320000000007315,6.320000000006585,2.4007601494908815,0.5420308120221341,-0.040415786039582506,0.24629240734664865,0.076976119486026,0.7043149138735405,1.0,0.00021661038251428167,0.5,0,0,NOMINAL,0
walk,16.360000000007222,6.360000000006492,2.4192790303220923,0.5687390233319599,-0.04479372799508625,0.26867180427591936,0.06782042030591728,1.021570386946873,1.0,0.0020613326773061924,0.5,0,0,NOMINAL,0
walk,16.40000000000713,6.400000000006399,2.4503277997090693,0.5795704372091831,-0.04647822545615611,0.28091646046347835,0.04782564107196745,0.8183586139799292,1.0,0.002087965241767043,0.5,0,0,NOMINAL,0
walk,16.440000000007036,6.440000000006306,2.4725307239123566,0.5776845868241238,-0.043325496146189246,0.2942699463483768,0.03595335422037153,0.33934730084886644,1.0,0.0007271112333658939,0.5,0,0,NOMINAL,0
walk,16.480000000006942,6.480000000006212,2.4857136217871583,0.579527743520866,-0.04293458972553814,0.3102384736568312,0.04181086860741355,0.39657888096894944,1.0,4.541743321229607e-05,0.5,0,0,NOMINAL,0
walk,16.52000000000685,6.520000000006119,2.5071595572081296,0.5787304821223878,-0.04605952516133571,0.30074681021277605,0.04106941650978663,0.543508217139005,1.0,2.498608925006236e-05,0.5,0,0,NOMINAL,0
walk,16.560000000006756,6.560000000006026,2.5266778167316466,0.5791597162542247,-0.04683309498649461,0.27919712154145565,0.04629976131810347,0.38501428401008514,1.0,0.0014231037438112578,0.5,0,0,NOMINAL,0
walk,16.600000000006663,6.600000000005933,2.5353788219922175,0.5856282834381042,-0.04233468017303455,0.26649712790449237,0.0569411975216942,0.1376488573988314,1.0,0.0013320866327163397,0.5,0,0,NOMINAL,0
walk,16.64000000000657,6.6400000000058395,2.533130481580195,0.586593967459357,-0.04001031071591799,0.2540281818670714,0.0877770889862732,0.12424609092320722,1.0,0.0005836331976235267,0.5,0,0,NOMINAL,0
walk,16.680000000006476,6.680000000005746,2.546737276950247,0.6004336410905559,-0.042335428906451596,0.25988792211841893,0.08972288516827062,0.8261874294545726,1.0,7.287095939610965e-05,0.5,0,0,NOMINAL,0
walk,16.720000000006383,6.720000000005653,2.5697407449202663,0.6284970521456846,-0.047213672762187554,0.2837858942877383,0.07955579576223372,1.1571471550097838,1.0,0.0016931310151764765,0.5,0,0,NOMINAL,0
walk,16.76000000000629,6.76000000000556,2.6045433769519337,0.632597886841534,-0.04548460149855106,0.29002198720246447,0.05296307947758505,0.8256849972592358,1.0,0.0017383247985952052,0.5,0,0,NOMINAL,0
walk,16.800000000006197,6.800000000005467,2.6236580046505384,0.636426382887926,-0.04225258028500601,0.30200433322450476,0.04753532602622822,0.34117886274774023,1.0,0,0.5,0,0,NOMINAL,0
walk,16.840000000006103,6.840000000005373,2.6381303380762238,0.6429138553870309,-0.0422369254207977,0.30947363232498326,0.05026523467282058,0.48944028878601625,1.0,0,0.5,0,0,NOMINAL,0
walk,16.88000000000601,6.88000000000528,2.66384206255629,0.6382989522478625,-0.046315012188411185,0.2964019645842219,0.03699068136078659,0.6969391526986504,1.0,0.0008921166070200571,0.5,0,0,NOMINAL,0
walk,16.920000000005917,6.920000000005187,2.688901404603641,0.6293836423720739,-0.04865534975281432,0.26923525589370395,0.04228874499171381,0.5121777056032822,1.0,0.0012707901036064896,0.5,0,0,NOMINAL,0
walk,16.960000000005824,6.960000000005094,2.700261325266493,0.6375495891643996,-0.0440037320855064,0.2563250942227031,0.04523722015787451,0.33073175911475466,1.0,0.001038773187867304,0.5,0,0,NOMINAL,0
walk,17.00000000000573,7.0000000000050004,2.7007191793334355,0.6381944660044847,-0.040586709360299324,0.23867070968907667,0.06865094975845812,0.11597886079895249,1.0,0.00013051209384701363,0.5,0,0,NOMINAL,0
walk,17.040000000005637,7.040000000004907,2.713749532814481,0.6495540183119126,-0.0406551137889706,0.23865194376203666,0.06966260071635536,0.7218688746522555,1.0,0,0.5,0,0,NOMINAL,0
walk,17.080000000005544,7.080000000004814,2.7328833620374775,0.6745711629258669,-0.04391965276406431,0.2617894949026679,0.06158406870148527,0.9657020499962351,1.0,0.0021781960402212147,0.5,0,0,NOMINAL,0
walk,17.12000000000545,7.120000000004721,2.765532877335981,0.6840409097382292,-0.04516572135111823,0.2761128878692674,0.04069808103955374,0.8859678233343293,1.0,0.002190816655616413,0.5,0,0,NOMINAL,0
walk,17.160000000005358,7.1600000000046276,2.7823625195672204,0.6827817150561345,-0.04318140890994067,0.2914220262628221,0.03816895751754896,0.09651826165162139,1.0,0.001319621823928799,0.5,0,0,NOMINAL,0
walk,17.200000000005264,7.200000000004534,2.7980656481679658,0.6832580714440409,-0.04325758675361769,0.3051880239831063,0.04160489202533114,0.5761164670573327,1.0,0.0003774460191472945,0.5,0,0,NOMINAL,0
walk,17.24000000000517,7.240000000004441,2.820597218809667,0.6831160688060042,-0.046552668674646504,0.29244227069419265,0.039562061005513675,0.4971190032272304,1.0,0.0004283949240128529,0.5,0,0,NOMINAL,0
walk,17.280000000005078,7.280000000004348,2.8374031535079487,0.6822378998934737,-0.046883405200073495,0.2689415012312601,0.04946799735986944,0.28246275075117694,1.0,0.0012510077540769794,0.5,0,0,NOMINAL,0
walk,17.320000000004985,7.320000000004255,2.8447775331556913,0.6875079631559124,-0.04167108398875047,0.25422467710431634,0.06337006481856101,0.15867990856437866,1.0,0.001097617168353998,0.5,0,0,NOMINAL,0
walk,17.36000000000489,7.360000000004161,2.842700646632866,0.687908299454109,-0.03912160120732679,0.24177386309392773,0.09454125951079236,0.14411433977750573,1.0,0.0005661528134636201,0.5,0,0,NOMINAL,0
walk,17.4000000000048,7.400000000004068,2.8570314880239183,0.7023936261892707,-0.041430523606844766,0.2478310738883575,0.09480112158754135,0.8942222385609243,1.0,0,0.5,0,0,NOMINAL,0
walk,17.440000000004705,7.440000000003975,2.8807262672430136,0.7323447675911212,-0.04670757933251826,0.27148944824724974,0.08254310461967841,1.2166369344933465,1.0,0.0016197809625525946,0.5,0,0,NOMINAL,0
walk,17.480000000004612,7.480000000003882,2.9156834216245744,0.736976733845628,-0.045486901822619726,0.2740792069333833,0.05565518563565268,0.800581760247039,1.0,0.0016691518569754238,0.5,0,0,NOMINAL,0
walk,17.52000000000452,7.5200000000037885,2.9368692637717264,0.740359982887093,-0.04215191282277224,0.2835021605396023,0.046788112835966594,0.42572351846976864,1.0,0,0.5,0,0,NOMINAL,0
walk,17.560000000004425,7.560000000003695,2.9519387591851127,0.7465512349631679,-0.042167302391671366,0.2915226082199458,0.04839707078594997,0.4650949311445834,1.0,0,0.5,0,0,NOMINAL,0
walk,17.600000000004332,7.600000000003602,2.975931121050565,0.7420940210059628,-0.045818758126519206,0.27848305072736756,0.03820253939955182,0.6116940838664143,1.0,0.00022191826949073025,0.5,0,0,NOMINAL,0
walk,17.64000000000424,7.640000000003509,2.9977570734510617,0.733384969904981,-0.04775248024616031,0.2509403106001759,0.046747560139148096,0.4748395691435471,1.0,0.000977959153725385,0.5,0,0,NOMINAL,0
walk,17.680000000004146,7.680000000003416,3.0079373799106888,0.7407918895803388,-0.04342501004678284,0.2382159601466066,0.05350766558398534,0.33367382901395803,1.0,0.0008938637397742278,0.5,0,0,NOMINAL,0
walk,17.720000000004053,7.720000000003322,3.009410580919567,0.7419918090467627,-0.03999516270229136,0.22187497388925626,0.0767706045521694,0.08182858633524775,1.0,0.00012549965542045762,0.5,0,0,NOMINAL,0
walk,17.76000000000396,7.760000000003229,3.0236638515726555,0.7536322725636796,-0.040238536190284696,0.22320703430901823,0.07688479528130204,0.7499349536542664,1.0,0,0.5,0,0,NOMINAL,0
walk,17.800000000003866,7.800000000003136,3.043461038065264,0.7800770778100221,-0.04402673136008872,0.24633906442810677,0.0678937843011458,1.0191093359644203,1.0,0.0020938477568497927,0.5,0,0,NOMINAL,0
walk,17.840000000003773,7.840000000003043,3.0768255760742984,0.7895453699257624,-0.045558332896888896,0.2590133697421883,0.045666187617172074,0.8937366116568238,1.0,0.002110013455465561,0.5,0,0,NOMINAL,0
walk,17.88000000000368,7.8800000000029495,3.0960664509308002,0.788086440594834,-0.043142278592391996,0.27289994866182754,0.039541806420005716,0.19074055414486013,1.0,0.0010286016335539893,0.5,0,0,NOMINAL,0
walk,17.920000000003586,7.920000000002856,3.111460100620263,0.7894647577288809,-0.04299188196016906,0.28646176951204405,0.04324020202457718,0.5306224166541573,1.0,0.0001578303704867907,0.5,0,0,NOMINAL,0
walk,17.960000000003493,7.960000000002763,3.133469223939724,0.7892941939417641,-0.04618971319805273,0.2744320152516622,0.04156014190775198,0.4910844927166297,1.0,0.00011951014576206129,0.5,0,0,NOMINAL,0
walk,18.0000000000034,8.00000000000267,3.150355199454337,0.7884835672515053,-0.04676996634031296,0.2507157376314603,0.051125151385557475,0.2934389298690659,1.0,0.0011389306740150601,0.5,0,0,NOMINAL,0
walk,18.040000000003307,8.040000000002577,3.158186809393346,0.7944271502796952,-0.04177415478760151,0.23533704788525434,0.06473747725699082,0.1878284476719426,1.0,0.0010476275204032667,0.5,0,0,NOMINAL,0
walk,18.080000000003214,8.080000000002483,3.1563640831004296,0.7955031041204121,-0.03923627876344773,0.22246020762222543,0.09583645643186432,0.15435926988608056,1.0,0.0005492305093983763,0.5,0,0,NOMINAL,0
walk,18.12000000000312,8.12000000000239,3.1706639292212135,0.809777062530519,-0.041431414731490854,0.22858169774979104,0.09719286552079387,0.8957854737053075,1.0,2.4725734528242813e-05,0.5,0,0,NOMINAL,0
walk,18.160000000003027,8.160000000002297,3.1953672633256716,0.8396562894336649,-0.04678246953346796,0.25192322773391534,0.08468287365856884,1.2347841072326888,1.0,0.0016493423786782245,0.5,0,0,NOMINAL,0
walk,18.200000000002934,8.200000000002204,3.231406303312276,0.8433664952214295,-0.04552199831855152,0.25426705436996216,0.05604684414632554,0.8215340647655559,1.0,0.0016977252933615633,0.5,0,0,NOMINAL,0
walk,18.24000000000284,8.24000000000211,3.252596871479744,0.8462509691000889,-0.042254565015892205,0.26347771025185934,0.04716238118817194,0.4124736181397033,1.0,0,0.5,0,0,NOMINAL,0
walk,18.280000000002747,8.280000000002017,3.26775633107058,0.8524449836495523,-0.042290168097972126,0.2715831827229884,0.048958524082313645,0.4716204574850605,1.0,0,0.5,0,0,NOMINAL,0
walk,18.320000000002654,8.320000000001924,3.292731736463184,0.8482267590699312,-0.04617831824368251,0.2584843134087675,0.037436979198575686,0.66065031302496,1.0,0.000246618210193668,0.5,0,0,NOMINAL,0
walk,18.36000000000256,8.36000000000183,3.3163616030359497,0.8402290215319373,-0.04823015402049217,0.23147644319662278,0.043372110956892085,0.4744058979620132,1.0,0.0010294265149343677,0.5,0,0,NOMINAL,0
walk,18.400000000002468,8.400000000001738,3.3273356728945798,0.8476979229476889,-0.043432261706405385,0.21936708530994165,0.04848522964897093,0.2921733115702665,1.0,0.0009346639997586074,0.5,0,0,NOMINAL,0
walk,18.440000000002374,8.440000000001644,3.3276108372283413,0.8480273176251616,-0.0400584495610453,0.2034461928406964,0.0733669292582788,0.09841510646066566,1.0,3.735101158452498e-05,0.5,0,0,NOMINAL,0
walk,18.48000000000228,8.480000000001551,3.341433937923513,0.8591165118917363,-0.040281344538360714,0.2047340431199972,0.07406586394072812,0.7347247695154685,1.0,0,0.5,0,0,NOMINAL,0
walk,18.520000000002188,8.520000000001458,3.3613318961301504,0.8845738108568596,-0.043943632131301806,0.2276921169506891,0.06498113021515532,0.9896739766753452,1.0,0.002099592309779611,0.5,0,0,NOMINAL,0
walk,18.560000000002095,8.560000000001365,3.393740561362205,0.8941953754719055,-0.04571770921430555,0.24237725275906336,0.04438771959955886,0.8715563488689729,1.0,0.0021167794431756898,0.5,0,0,NOMINAL,0
walk,18.600000000002,8.600000000001272,3.4130180035035123,0.8919326598701661,-0.0433039540578211,0.257496574217223,0.03796990166505474,0.19473257784295062,1.0,0.0011315827235345323,0.5,0,0,NOMINAL,0
walk,18.64000000000191,8.640000000001178,3.427942805686339,0.8926808472756418,-0.04309658683916906,0.2726322836070362,0.04258664054865821,0.5108359181303581,1.0,0.0003139397204679483,0.5,0,0,NOMINAL,0
walk,18.680000000001815,8.680000000001085,3.449954490603846,0.8919788927752595,-0.04620178739880555,0.26134717669402513,0.04153949771679889,0.5046945704758299,1.0,0.0002002124292038257,0.5,0,0,NOMINAL,0
walk,18.720000000001722,8.720000000000992,3.467510211196169,0.8914543213644928,-0.04669251447088942,0.23866967697522476,0.05001787963304165,0.3200582183179531,1.0,0.0011908351465968411,0.5,0,0,NOMINAL,0
walk,18.76000000000163,8.760000000000899,3.4757601487505827,0.8973378915572585,-0.0418018104438406,0.2247848019509646,0.06266517081598577,0.1566433612260756,1.0,0.0010921730425264733,0.5,0,0,NOMINAL,0
walk,18.800000000001535,8.800000000000805,3.4736251712146324,0.8981979124963142,-0.03935552417885133,0.21280019279481088,0.09406084116932749,0.1391676506610031,1.0,0.000521250436826363,0.5,0,0,NOMINAL,0
walk,18.840000000001442,8.840000000000712,3.4882043840720427,0.9122749108605672,-0.041632636421632986,0.2190286797874924,0.09505337572347693,0.8849364595919452,1.0,0,0.5,0,0,NOMINAL,0
walk,18.88000000000135,8.880000000000619,3.5130203141669476,0.9414600586957762,-0.04691347242291085,0.24241434413994353,0.08287512944294446,1.224571052017987,1.0,0.001628821060212251,0.5,0,0,NOMINAL,0
walk,18.920000000001256,8.920000000000526,3.548846400323267,0.944838932802103,-0.04555126871334471,0.24570784396810205,0.05492747880721947,0.8170339697320802,1.0,0.0016844393337931156,0.5,0,0,NOMINAL,0
walk,18.960000000001163,8.960000000000433,3.5700462477643797,0.9477610738912698,-0.042230280608340276,0.2556784340741878,0.04639669224453585,0.416306294159418,1.0,0,0.5,0,0,NOMINAL,0
walk,19.00000000000107,9.00000000000034,3.58470501473106,0.9538110458117001,-0.04221290839815455,0.26385306301779776,0.04914998951795499,0.4533889664814697,1.0,0,0.5,0,0,NOMINAL,0
walk,19.040000000000976,9.040000000000246,3.6094283224895145,0.9490694046904408,-0.04607762964673202,0.25117597690957655,0.03764855395327442,0.6673304042907576,1.0,0.00044132220679944054,0.5,0,0,NOMINAL,0
walk,19.080000000000883,9.080000000000153,3.6332938831986366,0.9401330651592179,-0.04822926941909878,0.22399290372943617,0.043482984958227014,0.4992266892458787,1.0,0.0011231285734289948,0.5,0,0,NOMINAL,0
walk,19.12000000000079,9.12000000000006,3.6447933402147985,0.9476063877529217,-0.043602532479370064,0.21140093111570255,0.047945650951315366,0.3188447156748887,1.0,0.0009972050369829618,0.5,0,0,NOMINAL,0
walk,19.160000000000696,9.159999999999966,3.6451540662174526,0.9480067421003053,-0.04019658082819746,0.19504077820120239,0.07259570809077388,0.11995928261827815,1.0,0.00011606406169652712,0.5,0,0,NOMINAL,0
walk,19.200000000000603,9.199999999999873,3.6588425726778895,0.9585843590139783,-0.04030094511213328,0.1959400068422114,0.07391389299305891,0.7265213336995843,1.0,0,0.5,0,0,NOMINAL,0
walk,19.24000000000051,9.23999999999978,3.6788572633384455,0.9838594214750691,-0.043991675629552,0.2188107350937158,0.06511174072265713,0.9934423577883423,1.0,0.0021106234656364155,0.5,0,0,NOMINAL,0
walk,19.280000000000417,9.279999999999687,3.7116084618380496,0.99299655183439,-0.04578123087189448,0.23303925384919702,0.044229940834758376,0.8802477426715776,1.0,0.0021278630001866517,0.5,0,0,NOMINAL,0
walk,19.320000000000324,9.319999999999593,3.7309290720263237,0.9904076238275633,-0.043328875793139855,0.2478494388984739,0.03768843285320046,0.19318428830875242,1.0,0.0011427180111676393,0.5,0,0,NOMINAL,0
walk,19.36000000000023,9.3599999999995,3.745823258255792,0.9909446229935425,-0.04310025753441687,0.26274346110846,0.04239774008778627,0.5102476138769414,1.0,0.0003166939416105538,0.5,0,0,NOMINAL,0
walk,19.400000000000137,9.399999999999407,3.7676366603874025,0.9902593766791765,-0.046184214320225424,0.25126646992605245,0.041453621881912414,0.4938404304852126,1.0,0.00020637296116391787,0.5,0,0,NOMINAL,0
walk,19.440000000000044,9.439999999999314,3.784647147765393,0.9896520347177747,-0.046629996713916065,0.22850727903444448,0.05033533535512968,0.30474515628295606,1.0,0.0012547262374263156,0.5,0,0,NOMINAL,0
walk,19.47999999999995,9.47999999999922,3.792867479311143,0.9952654940897235,-0.04177104661060814,0.2140568488384473,0.0634617927695378,0.16537635803039283,1.0,0.0011438806591955776,0.5,0,0,NOMINAL,0
walk,19.519999999999857,9.519999999999127,3.7907241008612376,0.9962062363013096,-0.039377465384886255,0.2019943413658587,0.0950385371692611,0.15407205912543775,1.0,0.0005802014722691807,0.5,0,0,NOMINAL,0
walk,19.559999999999764,9.559999999999034,3.8054034125446083,1.0102180523974367,-0.04175726332765046,0.20823702727606525,0.09635871225856724,0.8931228776992906,1.0,3.0331234070943212e-05,0.5,0,0,NOMINAL,0
walk,19.59999999999967,9.599999999998941,3.83090784191016,1.0391814091913825,-0.04707413124568816,0.23157978976104415,0.08419490705774921,1.2054020460876333,1.0,0.0015941655255477113,0.5,0,0,NOMINAL,0
walk,19.639999999999578,9.639999999998848,3.8666758029949815,1.0416221359892233,-0.045437699756767376,0.2349411439915706,0.056101160703533125,0.8232789807066168,1.0,0.0016513341570297572,0.5,0,0,NOMINAL,0
walk,19.679999999999485,9.679999999998754,3.887078363403053,1.0447886759204665,-0.042059945078410085,0.2450874509197224,0.048863822103566434,0.39591342423398795,1.0,0,0.5,0,0,NOMINAL,0
walk,19.71999999999939,9.719999999998661,3.9025027982926495,1.0511827810845036,-0.04205389019325519,0.2521878080169852,0.050652286224127145,0.4909787336021889,1.0,0,0.5,0,0,NOMINAL,0
walk,19.759999999999298,9.759999999998568,3.9281039115926144,1.0454532024452923,-0.04618750477707999,0.2385540692820032,0.03676307643576222,0.6940191687978778,1.0,0.000615924246867731,0.5,0,0,NOMINAL,0
walk,19.799999999999205,9.799999999998475,3.952521771037851,1.0356366766460872,-0.04856318017773555,0.21130522376426503,0.04170011333182813,0.5060819565331639,1.0,0.0011805133642784184,0.5,0,0,NOMINAL,0
walk,19.83999999999911,9.839999999998382,3.9642732687541677,1.0429378212465858,-0.04392962550812321,0.1992289882458479,0.045328983816816174,0.31441396315863807,1.0,0.001013125409112585,0.5,0,0,NOMINAL,0
walk,19.87999999999902,9.879999999998288,3.9650046331516204,1.0434383596451946,-0.04048203553792101,0.18233701363356022,0.0687291151650406,0.09404866797346498,1.0,1.2665900532325467e-05,0.5,0,0,NOMINAL,0
walk,19.919999999998925,9.919999999998195,3.978802836943346,1.0543072605441257,-0.040526927884166085,0.18248129708405972,0.06943910222515172,0.7260601656854728,1.0,0,0.5,0,0,NOMINAL,0
walk,19.959999999998832,9.959999999998102,3.99917732802538,1.0784304714203174,-0.04378749661356153,0.2052303019594645,0.061407177274448964,0.9586916709221017,1.0,0.002116880109540832,0.5,0,0,NOMINAL,0
walk,19.99999999999874,9.999999999998009,4.0317598268916335,1.0868254646860034,-0.04521244371968619,0.21991756415364955,0.0416028549814795,0.8820251913450075,1.0,0.002135385992380571,0.5,0,0,NOMINAL,0
turn,20.039999999998646,0.03999999999990678,4.033877240783652,1.0783923885143756,-0.04229032885563897,0.22937445870663717,0.06007047755734389,0.599985636517347,1.0,0.0012937637987345254,0,0,0.6,NOMINAL,0
turn,20.079999999998552,0.07999999999981355,4.033244979383384,1.0727171234595456,-0.04195080942334276,0.24899813251937852,0.08766983786478902,0.460427501999086,1.0,0,0,0,0.6,NOMINAL,0
turn,20.11999999999846,0.11999999999972033,4.068160546561663,1.0646380219013696,-0.0484097653339967,0.25548713785296384,0.06773113825003026,1.1164977080391796,1.0,0,0,0,0.6,NOMINAL,0
turn,20.159999999998366,0.1599999999996271,4.084137402541864,1.0770719030230662,-0.04711693088695515,0.2796755029114841,0.05537671425481445,0.36685440559093047,1.0,0,0,0,0.6,NOMINAL,0
turn,20.199999999998273,0.19999999999953388,4.077766058422981,1.084228527018261,-0.04350096461076532,0.31049588271592854,0.07829406825630388,0.26513412962589933,1.0,0,0,0,0.6,NOMINAL,0
turn,20.23999999999818,0.23999999999944066,4.074072207830516,1.089953369542473,-0.043946398576412735,0.34727534730435383,0.09865309730777139,0.025546215567782613,1.0,0,0,0,0.6,NOMINAL,0
turn,20.279999999998086,0.27999999999934744,4.07846839963336,1.0802213363700024,-0.04239244313456219,0.38077471113931705,0.10891620173060436,0.3801545974114996,1.0,0,0,0,0.6,NOMINAL,0
turn,20.319999999997993,0.3199999999992542,4.086977871251426,1.0703279256798888,-0.04278143947869475,0.4070397742008074,0.11450819299883618,0.3223354593841872,1.0,0,0,0,0.6,NOMINAL,0
turn,20.3599999999979,0.359999999999161,4.095341496981537,1.0666720296811274,-0.04395230539513996,0.4307142720597311,0.11516353283052824,0.2821409651966971,1.0,0,0,0,0.6,NOMINAL,0
turn,20.399999999997807,0.39999999999906777,4.1022830606007235,1.0627218763165178,-0.04071163495185602,0.4419282512105707,0.11304590012906136,0.4265172882157379,1.0,0,0,0,0.6,NOMINAL,0
turn,20.439999999997713,0.43999999999897454,4.102223712573623,1.0539670944321127,-0.03805512601250265,0.4665398770429814,0.12195964574997617,0.3199660704462887,1.0,0,0,0,0.6,NOMINAL,0
turn,20.47999999999762,0.4799999999988813,4.104142454364385,1.0561155465282546,-0.03854406098784394,0.4994758534001874,0.11683206302999034,0.2779101421502923,1.0,0,0,0,0.6,NOMINAL,0
turn,20.519999999997527,0.5199999999987881,4.105526809121226,1.0724295400541413,-0.043995286625985466,0.5336399015386741,0.10052217062307134,0.2973837552619891,1.0,0,0,0,0.6,NOMINAL,0
turn,20.559999999997434,0.5599999999986949,4.1068913894758206,1.0603013999917388,-0.044031982072266766,0.5617281191261242,0.10542666526129742,0.5486246038587476,1.0,0,0,0,0.6,NOMINAL,0
turn,20.59999999999734,0.5999999999986017,4.112929405908646,1.0465419740794295,-0.04262378192831129,0.5909024365702886,0.10901766116500149,0.3293686842577871,1.0,0,0,0,0.6,NOMINAL,0
turn,20.639999999997247,0.6399999999985084,4.120026800566997,1.0414334944831816,-0.042851643007696914,0.6123322792536987,0.10697219925287714,0.11981493411814763,1.0,0,0,0,0.6,NOMINAL,0
turn,20.679999999997154,0.6799999999984152,4.117761635156103,1.043186234429802,-0.0424217936461268,0.6325816026557849,0.109005229190884,0.18569344685691047,0.7444136688094396,0,0,0,0.6,NOMINAL,0
turn,20.71999999999706,0.719999999998322,4.114240343448049,1.0460272426972506,-0.04194720165597102,0.6561885564018946,0.11280480557426734,0.08507442703831151,0.8803369757458409,0,0,0,0.6,NOMINAL,0
turn,20.759999999996968,0.7599999999982288,4.112923378935308,1.0411946591610235,-0.040836278265162375,0.6735941849680429,0.12216207470291658,0.1605392680819362,0.810132840071915,0,0,0,0.6,NOMINAL,0
turn,20.799999999996874,0.7999999999981355,4.1159750936841215,1.0369311967542354,-0.040428436803403904,0.6914010620414025,0.12562532028085885,0.17270368511481282,1.0,0,0,0,0.6,NOMINAL,0
turn,20.83999999999678,0.8399999999980423,4.122195523452974,1.0336579319228214,-0.041652206203913085,0.7079526908851763,0.12520045802154334,0.0837155762136386,1.0,0,0,0,0.6,NOMINAL,0
turn,20.879999999996688,0.8799999999979491,4.1197218632851165,1.0392853417121968,-0.04146402223628344,0.7203140768730172,0.12353041176144682,0.2607323586246094,0.9792888601109907,0,0,0,0.6,NOMINAL,0
turn,20.919999999996595,0.9199999999978559,4.115900913669985,1.040758020410287,-0.041260033556747455,0.7292033279245868,0.12746580429718868,0.09258458339019801,1.0,0,0,0,0.6,NOMINAL,0
turn,20.9599999999965,0.9599999999977626,4.114572198218852,1.0399712332208186,-0.04128848709465887,0.7381612366552529,0.13045746787070928,0.019424240151145456,0.7247697096748689,0,0,0,0.6,NOMINAL,0
turn,20.999999999996408,0.9999999999976694,4.116830009751944,1.037732879666578,-0.04144522222873889,0.7460447091930145,0.1303522571337126,0.1158164176798542,0.6748708698229882,0,0,0,0.6,NOMINAL,0
turn,21.039999999996315,1.0399999999975762,4.119530339592087,1.036985731219344,-0.04150483808489132,0.7524507079660726,0.1283098938404779,0.051796827945270484,0.745629544276134,0,0,0,0.6,NOMINAL,0
turn,21.07999999999622,1.079999999997483,4.120516379271088,1.0379942096421282,-0.04166848947667724,0.7564685362344,0.12642992922157112,0.038208141845679465,0.5641879394724267,0,0,0,0.6,NOMINAL,0
turn,21.11999999999613,1.1199999999973898,4.119042724463087,1.0399357694676339,-0.041596127865123476,0.7597652966775734,0.12602906149290102,0.07215751552691593,0.4596813985567348,0,0,0,0.6,NOMINAL,0
turn,21.159999999996035,1.1599999999972965,4.117740633354592,1.0410911992432668,-0.041631311349901855,0.7613981423715053,0.12613972136065496,0.030573602593189506,0.4723669685339207,0,0,0,0.6,NOMINAL,0
turn,21.199999999995942,1.1999999999972033,4.117336614638826,1.0412844314471665,-0.04169568219677244,0.7628786258836623,0.12615153982566743,0.002735399632888261,0.4636772044903053,0,0,0,0.6,NOMINAL,0
turn,21.23999999999585,1.23999999999711,4.117696430052443,1.0410064244777908,-0.041788407021243826,0.7643295968522844,0.1258108491016902,0.015333094702957685,0.4456058678372579,0,0,0,0.6,NOMINAL,0
turn,21.279999999995756,1.2799999999970169,4.118480854952608,1.040817429191306,-0.04182650009759018,0.7657115193712996,0.12504355650238494,0.020442791082018366,0.4854207875280512,0,0,0,0.6,NOMINAL,0
turn,21.319999999995662,1.3199999999969236,4.118891384805172,1.0408200069795588,-0.04180389866253708,0.7668067691994116,0.1246997456593741,0.005355581429307311,0.4891864473378962,0,0,0,0.6,NOMINAL,0
turn,21.35999999999557,1.3599999999968304,4.118949156785881,1.040898822550255,-0.04176782709206547,0.7675776910746412,0.12483292615260297,0.002628078858895354,0.46686368414490625,0,0,0,0.6,NOMINAL,0
turn,21.399999999995476,1.3999999999967372,4.1189883201578255,1.0414394646364562,-0.041744886204139055,0.7683922669946103,0.12444251786477704,0.018275255741158236,0.4432896590558963,0,0,0,0.6,NOMINAL,0
turn,21.439999999995383,1.439999999996644,4.118827037078264,1.041846981730987,-0.04174713495849844,0.7689886094296887,0.12433738551823305,0.008742949343054453,0.411706161295081,0,0,0,0.6,NOMINAL,0
turn,21.47999999999529,1.4799999999965507,4.11882198827853,1.0418929149505824,-0.04175578889811483,0.7695525710017185,0.12441269261343954,0.003894538128723293,0.41278749098444306,0,0,0,0.6,NOMINAL,0
turn,21.519999999995196,1.5199999999964575,4.119037524789441,1.0417139744402608,-0.04180419676742267,0.770204453826342,0.12442278481782872,0.008264077793840594,0.4357273932234733,0,0,0,0.6,NOMINAL,0
turn,21.559999999995103,1.5599999999963643,4.119629803576419,1.0414136116254955,-0.04188841311060598,0.7709178253466098,0.12419535973151109,0.01872450372799165,0.48066797208405626,0,0,0,0.6,NOMINAL,0
turn,21.59999999999501,1.599999999996271,4.120317924939652,1.041173245732798,-0.041910196782801404,0.7716454547199532,0.12392649326908821,0.0160464586620299,0.5150837120966942,0,0,0,0.6,NOMINAL,0
turn,21.639999999994917,1.6399999999961778,4.120605974427602,1.0410723869076275,-0.0418875390587403,0.7721601616379576,0.12403900958906959,0.0037506019986149673,0.5123198971133548,0,0,0,0.6,NOMINAL,0
turn,21.679999999994823,1.6799999999960846,4.1206601401868745,1.0410394660967324,-0.04185927484488913,0.7724328973104978,0.12433762980454839,0.00021506490340868984,0.49674876977898347,0,0,0,0.6,NOMINAL,0
turn,21.71999999999473,1.7199999999959914,4.120702734633261,1.0413174097229458,-0.04184891554338815,0.7727666653981573,0.12414625526898025,0.010760332737252581,0.4781295144921028,0,0,0,0.6,NOMINAL,0
turn,21.759999999994637,1.7599999999958982,4.120465578747821,1.0416110905559728,-0.041843779285878145,0.7730861695990185,0.12403208597002623,0.010254541533542761,0.43804232754067246,0,0,0,0.6,NOMINAL,0
turn,21.799999999994544,1.799999999995805,4.120374142992784,1.0417162575966716,-0.04187480952861107,0.7732342112311803,0.12382287510508468,0.0015596778550043097,0.435766490977324,0,0,0,0.6,NOMINAL,0
turn,21.83999999999445,1.8399999999957117,4.120436216610917,1.0416827683448153,-0.0419138792496947,0.7734161974645124,0.1235257264217713,0.0033419763282393497,0.4487910760542082,0,0,0,0.6,NOMINAL,0
turn,21.879999999994357,1.8799999999956185,4.1206594030476555,1.041413847850721,-0.041968579495157345,0.7737038361701104,0.12339326709009597,0.010380420317809213,0.4836328850895446,0,0,0,0.6,NOMINAL,0
turn,21.919999999994264,1.9199999999955253,4.121099783682545,1.0411254119364457,-0.041992184277556376,0.774030946356462,0.12320762706978418,0.01312673544211941,0.5148295001507835,0,0,0,0.6,NOMINAL,0
turn,21.95999999999417,1.959999999995432,4.121335780187796,1.0410333753470737,-0.04197466756918452,0.7743351803822164,0.12317990982910772,0.003275974717755486,0.5237390520636294,0,0,0,0.6,NOMINAL,0
turn,21.999999999994078,1.9999999999953388,4.1213584294868655,1.041014901589985,-0.04194294333205961,0.7745061440286439,0.12340102043775687,0.0010078858347384097,0.5071958099833843,0,0,0,0.6,NOMINAL,0
turn,22.039999999993984,2.0399999999952456,4.1212808350461305,1.0413057423767598,-0.041896554659540584,0.774789209217276,0.12330996422015196,0.01060566602836926,0.48552260364605976,0,0,0,0.6,NOMINAL,0
turn,22.07999999999389,2.0799999999951524,4.120938141856286,1.0416204896698573,-0.041877613238132765,0.7750353673266583,0.12332014881959502,0.012119578992839674,0.43608332582977005,0,0,0,0.6,NOMINAL,0
turn,22.119999999993798,2.119999999995059,4.120771054825614,1.0417644043640397,-0.04190334175529626,0.7751253807871772,0.12320775339429427,0.0021909837384604097,0.4344124773632431,0,0,0,0.6,NOMINAL,0
turn,22.159999999993705,2.159999999994966,4.120778591540355,1.0417653211039406,-0.04193551780028363,0.7752083189607067,0.12300515716405316,0.0018527118452172082,0.4481547566074185,0,0,0,0.6,NOMINAL,0
turn,22.19999999999361,2.1999999999948727,4.1209673145420105,1.0415217598516318,-0.041986451959334065,0.7753826104693171,0.12296809152444561,0.009568820292660131,0.48460359398399966,0,0,0,0.6,NOMINAL,0
turn,22.23999999999352,2.2399999999947795,4.121384522114019,1.0412652491727057,-0.04200529503484353,0.77560236088744,0.12286376205413922,0.012323666532674627,0.5163172433535214,0,0,0,0.6,NOMINAL,0
turn,22.279999999993425,2.2799999999946863,4.121594221529689,1.0411810669701171,-0.04198210742271296,0.7758480918243964,0.12293319180427967,0.0026611785394436397,0.5245848612343077,0,0,0,0.6,NOMINAL,0
turn,22.319999999993332,2.319999999994593,4.121603194347097,1.0411659331622827,-0.04194673234140503,0.7759899166899219,0.12321176444194445,0.001178866441909227,0.5062954926726209,0,0,0,0.6,NOMINAL,0
turn,22.35999999999324,2.3599999999945,4.121507655351925,1.0414881402370255,-0.04190138102888772,0.7762537322277284,0.12310603968863672,0.011774433359320418,0.4841246878145242,0,0,0,0.6,NOMINAL,0
turn,22.399999999993145,2.3999999999944066,4.121152237795182,1.0418024543871185,-0.041889375558928674,0.7764440655364726,0.1231031006871188,0.01221700237645483,0.4352159825984003,0,0,0,0.6,NOMINAL,0
turn,22.439999999993052,2.4399999999943134,4.121006887743629,1.041922321426193,-0.04191741320235707,0.7764796593976689,0.12295718887497409,0.0015087827538053863,0.4351406158951969,0,0,0,0.6,NOMINAL,0
turn,22.47999999999296,2.47999999999422,4.121025646197498,1.041892485243885,-0.04195583061289322,0.776574415228413,0.12273695430082131,0.002368068849143276,0.4508380423030888,0,0,0,0.6,NOMINAL,0
turn,22.519999999992866,2.519999999994127,4.12126217932079,1.0415962600552426,-0.04201258009365773,0.7766684476387277,0.12268744005015886,0.011709104208883424,0.49141695212030606,0,0,0,0.6,NOMINAL,0
turn,22.559999999992773,2.5599999999940337,4.121703590187344,1.0413266357180102,-0.042025336184736764,0.7768330864847469,0.12256230673006137,0.012475446381252217,0.5244335501755507,0,0,0,0.6,NOMINAL,0
turn,22.59999999999268,2.5999999999939405,4.121901403879541,1.0412421955892075,-0.04200248651206427,0.7770621616685386,0.12263599211016991,0.002245052422388681,0.5260314816438322,0,0,0,0.6,NOMINAL,0
turn,22.639999999992586,2.6399999999938473,4.121902569626412,1.0412379826650993,-0.04196602011996672,0.7771829090869474,0.12290111153178576,0.0013720133195085067,0.5074232913353852,0,0,0,0.6,NOMINAL,0
turn,22.679999999992493,2.679999999993754,4.121757395198613,1.0415784175060874,-0.041919270151298635,0.7774143850886016,0.12280445622736506,0.012617739495587182,0.48444890181732286,0,0,0,0.6,NOMINAL,0
turn,22.7199999999924,2.719999999993661,4.121382508840121,1.0418682179434822,-0.04191482492764669,0.777560482159606,0.12282394879475327,0.011962294983986679,0.4365771361640048,0,0,0,0.6,NOMINAL,0
turn,22.759999999992306,2.7599999999935676,4.12125647692158,1.0419656769783752,-0.04194402854997938,0.7775816622670721,0.12266196530376593,0.0012095883778920253,0.4388117053375644,0,0,0,0.6,NOMINAL,0
turn,22.799999999992213,2.7999999999934744,4.1212778602984335,1.0419099498805047,-0.041986204127327696,0.7776766997880646,0.12245563935512485,0.002722900772154821,0.4568217057380816,0,0,0,0.6,NOMINAL,0
turn,22.83999999999212,2.839999999993381,4.121541606231783,1.0415863734599902,-0.0420418843354909,0.7777424086713051,0.12241462438038384,0.012816250611141417,0.49808392379995586,0,0,0,0.6,NOMINAL,0
turn,22.879999999992027,2.879999999993288,4.121972917892577,1.0413384475076113,-0.04204667205348393,0.7778850807985725,0.12228851045133074,0.011498699375184197,0.5316889522227431,0,0,0,0.6,NOMINAL,0
turn,22.919999999991933,2.9199999999931947,4.1221405303000145,1.0412653090820914,-0.0420224837447659,0.7780793478660627,0.12238871094943371,0.0015512662721288656,0.5258217768929899,0,0,0,0.6,NOMINAL,0
turn,22.95999999999184,2.9599999999931015,4.122140025060145,1.0412947948408318,-0.04198378332718158,0.7781700402303214,0.12261183684578113,0.0017359268977312021,0.5072766945236987,0,0,0,0.6,NOMINAL,0
turn,22.999999999991747,2.9999999999930083,4.121937248056976,1.0416559705434485,-0.041937922126859185,0.7783692927872258,0.12253203797086026,0.013545504608053918,0.48156258918237255,0,0,0,0.6,NOMINAL,0
turn,23.039999999991654,3.039999999992915,4.121550357732962,1.0419151717869297,-0.041941322107407746,0.778490745063446,0.12257851883695023,0.011262479826631956,0.437002573447715,0,0,0,0.6,NOMINAL,0
turn,23.07999999999156,3.079999999992822,4.121445180507295,1.0419966871265571,-0.04197228555709474,0.7785236392837767,0.12239674428022582,0.00137939242004341,0.44181742883407454,0,0,0,0.6,NOMINAL,0
turn,23.119999999991467,3.1199999999927286,4.12146071477461,1.041916730440261,-0.04201688938148632,0.7786249405213358,0.12222168967703077,0.0030724349170240567,0.4624188663463007,0,0,0,0.6,NOMINAL,0
turn,23.159999999991374,3.1599999999926354,4.121755173584731,1.0415693920085698,-0.042070473367352576,0.7786733962954371,0.12218826092474433,0.01389435013499302,0.5042087760652384,0,0,0,0.6,NOMINAL,0
turn,23.19999999999128,3.199999999992542,4.122174726667789,1.041347897300596,-0.042069917560317326,0.7788042740196951,0.12205715223567042,0.010590196309137013,0.5368481421829624,0,0,0,0.6,NOMINAL,0
turn,23.239999999991188,3.239999999992449,4.1223187991346375,1.0412831019005893,-0.04204470434830454,0.77897227699476,0.12217935854436857,0.0011610218235187366,0.5273055444123825,0,0,0,0.6,NOMINAL,0
turn,23.279999999991094,3.2799999999923557,4.122330369643899,1.041347677986703,-0.04200525326548287,0.7790444145101588,0.12234228632029416,0.002196128434058835,0.5078586390009311,0,0,0,0.6,NOMINAL,0
turn,23.319999999991,3.3199999999922625,4.122087358550517,1.0417118091596287,-0.041960086528069554,0.7792175079715532,0.1222838174627373,0.013826868544579327,0.47891911596774445,0,0,0,0.6,NOMINAL,0
turn,23.359999999990908,3.3599999999921693,4.121703133228457,1.041936071822023,-0.04196781663830602,0.7793233843518924,0.12235199835080945,0.010468505456816806,0.43781014643753907,0,0,0,0.6,NOMINAL,0
turn,23.399999999990815,3.399999999992076,4.121614902536838,1.0420068445423325,-0.04200046462586479,0.7793643769996161,0.12215124675108952,0.0015807150570244096,0.4441246506781729,0,0,0,0.6,NOMINAL,0
turn,23.43999999999072,3.439999999991983,4.121622227939658,1.0419062338276361,-0.04204658884091528,0.7794706585460189,0.12200765745019097,0.0035954594895046404,0.46728660804786265,0,0,0,0.6,NOMINAL,0
turn,23.47999999999063,3.4799999999918896,4.12193640678722,1.041545053984936,-0.04209871775283901,0.7795055446534906,0.12198041750865005,0.014495962751957074,0.5092864137598921,0,0,0,0.6,NOMINAL,0
turn,23.519999999990535,3.5199999999917964,4.122340982373493,1.0413471492198574,-0.042094894031436736,0.7796329653886279,0.12184609819795386,0.009860633266690538,0.5406410691948854,0,0,0,0.6,NOMINAL,0
turn,23.559999999990442,3.559999999991703,4.122464252138589,1.0412865110730882,-0.04206894189241892,0.7797799012645874,0.12198760174284229,0.0009125328825110503,0.5288666514577184,0,0,0,0.6,NOMINAL,0
turn,23.59999999999035,3.59999999999161,4.122486173321712,1.0413843031638033,-0.042029739604787335,0.7798401963111476,0.12209082547366577,0.0031644722775419428,0.508606984623906,0,0,0,0.6,NOMINAL,0
turn,23.639999999990255,3.6399999999915167,4.12221499344889,1.0417419352625175,-0.04198505360851693,0.7799887243387521,0.12205568134783377,0.013723946849300405,0.47637745256803904,0,0,0,0.6,NOMINAL,0
turn,23.679999999990162,3.6799999999914235,4.1218389400572555,1.041934226690446,-0.04199624568886628,0.7800810725929301,0.12214350977859433,0.00955252344657062,0.4396077327613983,0,0,0,0.6,NOMINAL,0
turn,23.71999999999007,3.7199999999913302,4.121766438557741,1.041996215130821,-0.04202987307821328,0.7801267817819854,0.12193001256580777,0.0017569955145754397,0.4470038074264217,0,0,0,0.6,NOMINAL,0
turn,23.759999999989976,3.759999999991237,4.121768355929873,1.0418774263228812,-0.04207567873578003,0.7802322537816786,0.12181735796704551,0.004198995974718752,0.47167301143957946,0,0,0,0.6,NOMINAL,0
turn,23.799999999989883,3.799999999991144,4.1220924688434115,1.0415146699677127,-0.04212589968181977,0.7802535312996866,0.12179142234356694,0.014587545153400059,0.5131841774607493,0,0,0,0.6,NOMINAL,0
turn,23.83999999998979,3.8399999999910506,4.122480751221294,1.0413344108243427,-0.04211967184182491,0.7803832754338126,0.12165990560171527,0.009149939397051044,0.5429676499822105,0,0,0,0.6,NOMINAL,0
turn,23.879999999989696,3.8799999999909573,4.122585702320751,1.0412771989144998,-0.04209332531443921,0.7805113963286938,0.12181671020133221,0.000805396881799269,0.5298637006288476,0,0,0,0.6,NOMINAL,0
turn,23.919999999989603,3.919999999990864,4.122610777466816,1.0413967821029966,-0.04205478802583951,0.7805606694124858,0.12188057205298371,0.003963106379058947,0.5093141592094156,0,0,0,0.6,NOMINAL,0
turn,23.95999999998951,3.959999999990771,4.122323824692511,1.041747545850682,-0.04201089964732666,0.7806885075309216,0.1218574573534601,0.013626975207526657,0.4753108252300002,0,0,0,0.6,NOMINAL,0
turn,23.999999999989416,3.9999999999906777,4.121957799228958,1.0419214420456409,-0.042024555911201265,0.7807653338734198,0.12194800111630935,0.0088535880181973,0.4416532526173976,0,0,0,0.6,NOMINAL,0
turn,24.039999999989323,4.0399999999905845,4.121895211169313,1.0419769079083672,-0.04205876317403898,0.7808106978982975,0.12172704838862332,0.0018730277271334322,0.4497420102912461,0,0,0,0.6,NOMINAL,0
turn,24.07999999998923,4.079999999990491,4.121894880329872,1.0418436989142825,-0.04210385054471104,0.7809111304484531,0.12163803197060988,0.004896411481217301,0.47543312005238764,0,0,0,0.6,NOMINAL,0
turn,24.119999999989137,4.119999999990398,4.122225365225236,1.0414821760135462,-0.04215255836267261,0.7809209414623517,0.12161137786524402,0.014532938307340515,0.5163470237867445,0,0,0,0.6,NOMINAL,0
turn,24.159999999989044,4.159999999990305,4.12260065336044,1.041312235558269,-0.04214461097351355,0.7810495332478334,0.1214868554000498,0.008581687823830831,0.5448067137535052,0,0,0,0.6,NOMINAL,0
turn,24.19999999998895,4.199999999990212,4.122691919972644,1.0412566002293342,-0.04211777332718998,0.7811633591724464,0.12165798826359109,0.0008326518308142051,0.5309976700317802,0,0,0,0.6,NOMINAL,0
turn,24.239999999988857,4.239999999990118,4.122717762287077,1.041390732629134,-0.04207981377639199,0.7812025934456945,0.12169785425343985,0.004537235365863138,0.5103287816214347,0,0,0,0.6,NOMINAL,0
turn,24.279999999988764,4.279999999990025,4.122421228753292,1.041738129556614,-0.04203661255389979,0.7813166939259841,0.1216807565564919,0.013616615057049275,0.4752816778792391,0,0,0,0.6,NOMINAL,0
turn,24.31999999998867,4.319999999989932,4.122063535971223,1.0419027346880403,-0.04205192447077638,0.7813808389586285,0.12176815754627106,0.008388407685777564,0.4436373370069974,0,0,0,0.6,NOMINAL,0
turn,24.359999999988577,4.359999999989839,4.122005477068572,1.0419535992958828,-0.0420865255768058,0.7814231971021351,0.12154485227188375,0.0018808896194449163,0.45215968907151805,0,0,0,0.6,NOMINAL,0
turn,24.399999999988484,4.3999999999897454,4.122004852788894,1.0418102141209473,-0.04213128245540215,0.7815174676515222,0.1214712680627188,0.005410617675857307,0.4786111759935457,0,0,0,0.6,NOMINAL,0
turn,24.43999999998839,4.439999999989652,4.122340440387779,1.0414488718318198,-0.042179038191837055,0.7815205974706981,0.12144421040147103,0.014526487264350954,0.5191927660331227,0,0,0,0.6,NOMINAL,0
turn,24.479999999988298,4.479999999989559,4.122706810966267,1.0412841207563375,-0.04216984808671333,0.7816475066589393,0.12132727137074545,0.008196374657239089,0.5467690102915669,0,0,0,0.6,NOMINAL,0
turn,24.519999999988205,4.519999999989466,4.122788582698717,1.041229083745834,-0.042142510966584903,0.7817511466765661,0.12150977963918388,0.0009253954636972506,0.5324316048589074,0,0,0,0.6,NOMINAL,0
turn,24.55999999998811,4.5599999999893726,4.122814673425736,1.0413749973247903,-0.04210484967929949,0.7817821311718678,0.12153166982394398,0.005029718983123472,0.5116379431592666,0,0,0,0.6,NOMINAL,0
turn,24.599999999988018,4.599999999989279,4.122510016463149,1.0417214692118963,-0.04206208731326349,0.7818867899035207,0.12151857569963503,0.013681120128827114,0.4756366221507122,0,0,0,0.6,NOMINAL,0
turn,24.639999999987925,4.639999999989186,4.122158947078486,1.041881232159814,-0.0420787465604009,0.7819408214154736,0.1216007357567129,0.00804411835118026,0.44552494551143845,0,0,0,0.6,NOMINAL,0
turn,24.67999999998783,4.679999999989093,4.122103466922251,1.041928871064233,-0.04211376688602379,0.7819798023362475,0.12137586306195622,0.0017924265848119178,0.45437405203517955,0,0,0,0.6,NOMINAL,0
turn,24.71999999998774,4.719999999989,4.122103403456951,1.0417765433130244,-0.042158478419085293,0.7820668572931658,0.12131414234967039,0.005838201480365098,0.4815462690692938,0,0,0,0.6,NOMINAL,0
turn,24.759999999987645,4.759999999988906,4.122444012110318,1.0414142126728927,-0.04220552893371803,0.7820668031805752,0.12128647744301274,0.014562918889902918,0.5219557739777169,0,0,0,0.6,NOMINAL,0
turn,24.799999999987552,4.799999999988813,4.122803215816107,1.0412525224117377,-0.04219525010315504,0.7821934688185621,0.12117679305569044,0.007891192149395593,0.548826512407571,0,0,0,0.6,NOMINAL,0
turn,24.83999999998746,4.83999999998872,4.122877547825856,1.0411978040411598,-0.042167388643906276,0.7822893974575368,0.12136873689024381,0.0010401486031165095,0.5340233445002988,0,0,0,0.6,NOMINAL,0
turn,24.879999999987366,4.879999999988627,4.122903437213401,1.0413546920988146,-0.042129802854946906,0.7823140865604693,0.1213749667302324,0.005527168114761739,0.5130689683584643,0,0,0,0.6,NOMINAL,0
turn,24.919999999987272,4.9199999999885335,4.122590703219978,1.04170143240077,-0.04208741365460754,0.7824117998990513,0.12136567067453317,0.013785699553023395,0.47607844483945727,0,0,0,0.6,NOMINAL,0
turn,24.95999999998718,4.95999999998844,4.122247878023927,1.041861448606711,-0.04210538062679431,0.7824561306045864,0.12143573294170809,0.0076566486359126275,0.44733477953609674,0,0,0,0.6,NOMINAL,0
turn,24.999999999987086,4.999999999988347,4.122195043788161,1.041907657605682,-0.04214083917322199,0.7824916803622523,0.12120808439177234,0.0016819690955130753,0.45650148635783067,0,0,0,0.6,NOMINAL,0
stop,25.039999999986993,0.03999999999990678,4.1216949543958705,1.0420093538783084,-0.04185920849461294,0.767466561343429,0.12109895960776462,0.022885902850199636,0.6651389790702177,0,0,0,0,NOMINAL,0
stop,25.0799999999869,0.07999999999981355,4.121554375910466,1.0416727799581478,-0.04167258825463134,0.7530052365432887,0.1211788081666592,0.01726022850750759,0.5306217791249772,0,0,0,0,NOMINAL,0
stop,25.119999999986806,0.11999999999972033,4.121608192269245,1.04125036711762,-0.04150954034993672,0.7423068387500371,0.1213903632523187,0.007333213189619905,0.5683148088991256,0,0,0,0,NOMINAL,0
stop,25.159999999986713,0.1599999999996271,4.121679255070783,1.041235773875104,-0.04137386500185659,0.7335881678583085,0.1213072796434855,0.003360100115208428,0.5826087607157878,0,0,0,0,NOMINAL,0
stop,25.19999999998662,0.19999999999953388,4.121708439008113,1.0418035315083807,-0.04125181272532216,0.7270426023489543,0.12078670279890893,0.017119225561308203,0.5693869172186107,0,0,0,0,NOMINAL,0
stop,25.239999999986527,0.23999999999944066,4.121482534645273,1.0424955636719497,-0.04111855504904488,0.7221676916495074,0.12057770218004779,0.01847341780973257,0.5322481507666488,0,0,0,0,NOMINAL,0
stop,25.279999999986433,0.27999999999934744,4.121005852638829,1.04309925317658,-0.04099964520561616,0.7183351464740392,0.1208283348584232,0.018949121673166286,0.5015860880233489,0,0,0,0,NOMINAL,0
stop,25.31999999998634,0.3199999999992542,4.1204867033711405,1.0435821496599158,-0.04091903746923983,0.7153276741681092,0.12119576730800387,0.01612766477972428,0.4882577089284949,0,0,0,0,NOMINAL,0
stop,25.359999999986247,0.359999999999161,4.120098295621049,1.0439001697662973,-0.040871689177147716,0.7131174795765065,0.12145222224950643,0.009972527882128171,0.5020574920580213,0,0,0,0,NOMINAL,0
stop,25.399999999986154,0.39999999999906777,4.119930728122149,1.044052130720767,-0.04084835134867764,0.7115810062398537,0.12150659986800316,0.003082096094549899,0.5109339683001889,0,0,0,0,NOMINAL,0
stop,25.43999999998606,0.43999999999897454,4.119895042748041,1.044105056206581,-0.04083744022657797,0.7104579997650693,0.12142462929265406,0.0005969683537573538,0.512815844874745,0,0,0,0,NOMINAL,0
stop,25.479999999985967,0.4799999999988813,4.119906191611526,1.0439777681139055,-0.040811819649313734,0.7093026795063604,0.12147187369795842,0.004814146357483807,0.5178384238830648,0,0,0,0,NOMINAL,0
stop,25.519999999985874,0.5199999999987881,4.120132062735371,1.0437414489039654,-0.040795743211096434,0.7080293363775411,0.1214568546419441,0.00878849169650719,0.5150275537018888,0,0,0,0,NOMINAL,0
stop,25.55999999998578,0.5599999999986949,4.12034470761142,1.0436212132247824,-0.04076937641347929,0.7069807183091397,0.12141530467968087,0.003984917525697449,0.52572939512847,0,0,0,0,NOMINAL,0
stop,25.599999999985688,0.5999999999986017,4.120316357993006,1.0435585871358581,-0.0407290653786452,0.7062518111205497,0.12168176935379625,0.0028397396225252774,0.5278629483925124,0,0,0,0,NOMINAL,0
stop,25.639999999985594,0.6399999999985084,4.120308814055141,1.043646551042322,-0.04069718920264453,0.7056470998941192,0.12179834918103409,0.003698409470142366,0.5143777566123171,0,0,0,0,NOMINAL,0
stop,25.6799999999855,0.6799999999984152,4.12022268398921,1.043911684509825,-0.04065871919667249,0.704872052551795,0.12176550922367715,0.008226345138423618,0.4922064579757477,0,0,0,0,NOMINAL,0
stop,25.719999999985408,0.719999999998322,4.119956496027421,1.0442198097073576,-0.040631851901286396,0.704009543490115,0.12181319890286241,0.010000629420675337,0.46592640958526355,0,0,0,0,NOMINAL,0
stop,25.759999999985315,0.7599999999982288,4.119712589244861,1.0442969941550402,-0.04063066011683985,0.7034160449705102,0.12201706985469837,0.005169104549462336,0.46211399006041454,0,0,0,0,NOMINAL,0
stop,25.79999999998522,0.7999999999981355,4.119645535218294,1.044305307057291,-0.040644388428818234,0.7030648813014423,0.12203552511665657,0.0003164148482307035,0.48678391135941146,0,0,0,0,NOMINAL,0
stop,25.839999999985128,0.8399999999980423,4.119773197419282,1.0440874271482492,-0.04067311044551351,0.7024574815738572,0.1221052486599029,0.00829363568936497,0.5079376905849238,0,0,0,0,NOMINAL,0
stop,25.879999999985035,0.8799999999979491,4.120112509601638,1.0437554734520509,-0.0406851995571246,0.7016477983921713,0.12216743847249663,0.012009266572303494,0.5307762756476336,0,0,0,0,NOMINAL,0
stop,25.91999999998494,0.9199999999978559,4.120363916862841,1.0436315440870831,-0.040664123545343656,0.7010445708714551,0.12220944613818231,0.0044992069577735735,0.549750922251743,0,0,0,0,NOMINAL,0
stop,25.95999999998485,0.9599999999977626,4.120380993535541,1.0436097932409198,-0.04062754778852044,0.7006815244584654,0.12247918972869878,0.0015913884268409916,0.5440138728605345,0,0,0,0,NOMINAL,0
stop,25.999999999984755,0.9999999999976694,4.120355471134428,1.0437843294069518,-0.0405774533705104,0.7003246016704348,0.12256933196939752,0.006402365090372531,0.5144953140289732,0,0,0,0,NOMINAL,0
stop,26.039999999984662,1.0399999999975762,4.119984947994894,1.0442693484285757,-0.04052900804540028,0.7000338655413223,0.12255133402743658,0.017774254897995445,0.4709386143631917,0,0,0,0,NOMINAL,0
stop,26.07999999998457,1.079999999997483,4.119617775656417,1.0445298807859824,-0.040538006153744574,0.6997513689140801,0.12265036927546923,0.008069320602685165,0.44961946292381344,0,0,0,0,NOMINAL,0
stop,26.119999999984476,1.1199999999973898,4.119484588095347,1.0445854602574778,-0.040562769954167785,0.6995104478991104,0.12261807788381089,0.001657362168963131,0.4718644222550301,0,0,0,0,NOMINAL,0
stop,26.159999999984382,1.1599999999972965,4.119483187338039,1.0444452668539341,-0.04061227011344896,0.6992542978949103,0.12262814149450872,0.0047984569277456385,0.494874628145946,0,0,0,0,NOMINAL,0
stop,26.19999999998429,1.1999999999972033,4.119849772294465,1.0439734796826239,-0.040652073352027654,0.6987069453124559,0.12270120339348245,0.017467321746492175,0.5393473633124123,0,0,0,0,NOMINAL,0
stop,26.239999999984196,1.23999999999711,4.120207121224495,1.0437293433614463,-0.04063575601061966,0.6981533805910741,0.12266865170201346,0.0076828660134092945,0.5691349282071707,0,0,0,0,NOMINAL,0
stop,26.279999999984103,1.2799999999970169,4.120257369264659,1.0436686535342519,-0.04059801191226415,0.6978359566905697,0.12289490617650879,0.001976986219568341,0.5598879842991318,0,0,0,0,NOMINAL,0
stop,26.31999999998401,1.3199999999969236,4.120248990619871,1.043847416151966,-0.04053621505277298,0.6975569734812109,0.1229589562329422,0.006978552471844031,0.5247454952301909,0,0,0,0,NOMINAL,0
stop,26.359999999983916,1.3599999999968304,4.119820677943899,1.0444029225497118,-0.040477438400775764,0.6974847938573471,0.12294783840662757,0.02077374387314531,0.4694067338086699,0,0,0,0,NOMINAL,0
stop,26.399999999983823,1.3999999999967372,4.11940083114049,1.04470815581257,-0.040488588415807825,0.6974091809707491,0.12308702715336843,0.009074636935840274,0.43703662755252415,0,0,0,0,NOMINAL,0
stop,26.43999999998373,1.439999999996644,4.119258083701098,1.0447738964845987,-0.04051465277182703,0.6972379994762368,0.123078145152463,0.0017772321012311635,0.4609221681539137,0,0,0,0,NOMINAL,0
stop,26.479999999983637,1.4799999999965507,4.11924480245981,1.04462794006201,-0.040570738573369874,0.6970470421818243,0.1231179423617028,0.004898034067090741,0.490187367117735,0,0,0,0,NOMINAL,0
stop,26.519999999983543,1.5199999999964575,4.119629470302074,1.0441234660769467,-0.04061429963603207,0.696601740441752,0.12320687731743622,0.01872960802117813,0.5429854266562515,0,0,0,0,NOMINAL,0
stop,26.55999999998345,1.5599999999963643,4.119992010587586,1.0438743292514823,-0.04059740977212271,0.6961480799195525,0.12316175410360584,0.007552854599781999,0.5722108745067855,0,0,0,0,NOMINAL,0
stop,26.599999999983357,1.599999999996271,4.120048225988275,1.0438183466606872,-0.04056109543262329,0.6958721034283675,0.12335690079646648,0.0017021878543801783,0.5610154737937153,0,0,0,0,NOMINAL,0
stop,26.639999999983264,1.6399999999961778,4.120032885700554,1.0440005847931815,-0.040498141917192566,0.6956281247545026,0.12340315775184678,0.007073645747257378,0.5246126434871904,0,0,0,0,NOMINAL,0
stop,26.67999999998317,1.6799999999960846,4.119598965903679,1.0445531727568576,-0.04044203448170347,0.6956197357459527,0.12338585134946556,0.02070796384406913,0.46809298028549523,0,0,0,0,NOMINAL,0
stop,26.719999999983077,1.7199999999959914,4.11919751027906,1.0448381941460962,-0.04045615185436021,0.6955847205034512,0.12351587442245843,0.008203128345193931,0.43823943547989,0,0,0,0,NOMINAL,0
stop,26.759999999982984,1.7599999999958982,4.119073526213364,1.0448984085467383,-0.04048365515899178,0.6954363140429204,0.12348456066003738,0.0013842738366560959,0.45052536178029173,0,0,0,0,NOMINAL,0
stop,26.79999999998289,1.799999999995805,4.119067110266864,1.0447331956880428,-0.040540660846827635,0.6952519939744223,0.12353578291658183,0.005646253219718134,0.4933524863037599,0,0,0,0,NOMINAL,0
stop,26.839999999982798,1.8399999999957117,4.119458173025941,1.044228665307607,-0.040583781368001275,0.6948343512230928,0.12361019558072295,0.01864049309077999,0.5451548380276431,0,0,0,0,NOMINAL,0
stop,26.879999999982704,1.8799999999956185,4.119804203626668,1.0439938345982434,-0.040566476219545844,0.6944315870315517,0.12355369790275511,0.006838572600509226,0.5725774633248182,0,0,0,0,NOMINAL,0
stop,26.91999999998261,1.9199999999955253,4.119857933970519,1.0439448273563796,-0.04053143306894899,0.6941821332731143,0.12372778869646615,0.0014214513435888525,0.5605337585682975,0,0,0,0,NOMINAL,0
stop,26.959999999982518,1.959999999995432,4.119834480285109,1.0441323579587698,-0.04046850278739717,0.6939659707321589,0.12376000747228455,0.007197745483386786,0.5238658499285401,0,0,0,0,NOMINAL,0
stop,26.999999999982425,1.9999999999953388,4.119403311992339,1.044675602608262,-0.040415351724251904,0.693987565563313,0.12374156970187718,0.02028916560687181,0.46759602513051884,0,0,0,0,NOMINAL,0
stop,27.03999999998233,2.0399999999952456,4.119021286218293,1.044944089283509,-0.040430775269443275,0.6939662277537242,0.12386565959389179,0.007516692200851402,0.4400963670183858,0,0,0,0,NOMINAL,0
stop,27.07999999998224,2.0799999999951524,4.118910730727583,1.0450005596968952,-0.0404584544959669,0.6938322186151787,0.12382475291190831,0.0011236958783217572,0.45302082131414845,0,0,0,0,NOMINAL,0
stop,27.119999999982145,2.119999999995059,4.118910110883929,1.0448310819921889,-0.040515025702575716,0.6936532536805032,0.12387759690921915,0.005848547673122742,0.4953426634721337,0,0,0,0,NOMINAL,0
stop,27.159999999982052,2.159999999994966,4.119298096510368,1.0443356461327424,-0.04055785423769237,0.6932511579325245,0.12394211462906274,0.01828410735806917,0.5458332009752305,0,0,0,0,NOMINAL,0
stop,27.19999999998196,2.1999999999948727,4.119626880755595,1.044109181766544,-0.04054060090339224,0.6928793510190107,0.12388621509262156,0.006312330051935667,0.5721046001397102,0,0,0,0,NOMINAL,0
stop,27.239999999981865,2.2399999999947795,4.119678114945838,1.0440632842608006,-0.04050668019896314,0.6926510671011334,0.1240459762316003,0.0012445238353956287,0.559841687437698,0,0,0,0,NOMINAL,0
stop,27.279999999981772,2.2799999999946863,4.119651579578254,1.0442517982310762,-0.040444500006205,0.6924549036091213,0.12406477405369161,0.007159531465394519,0.5234010784958274,0,0,0,0,NOMINAL,0
stop,27.31999999998168,2.319999999994593,4.119228124783729,1.0447838293407716,-0.04039342036945538,0.6924948663811632,0.12404201840928286,0.01980896695330167,0.467829448988615,0,0,0,0,NOMINAL,0
stop,27.359999999981586,2.3599999999945,4.118862101564765,1.0450405788141495,-0.04040933171712423,0.6924837367654557,0.12415871341093607,0.0070630886412534075,0.4417855233307269,0,0,0,0,NOMINAL,0
stop,27.399999999981492,2.3999999999944066,4.118761476744138,1.0450950738206997,-0.04043698711067281,0.6923631863081884,0.12411036405151828,0.0009203295467598573,0.4550026939028546,0,0,0,0,NOMINAL,0
stop,27.4399999999814,2.4399999999943134,4.118765208450748,1.0449256892783596,-0.04049306547663484,0.6921911160110481,0.12416123848823175,0.005883733693573112,0.49665234829813415,0,0,0,0,NOMINAL,0
stop,27.479999999981306,2.47999999999422,4.1191486073519465,1.0444389414138504,-0.04053584882604548,0.6918007124024722,0.1242188009667499,0.017955990735754063,0.546024451115273,0,0,0,0,NOMINAL,0
stop,27.519999999981213,2.519999999994127,4.119463241145486,1.0442163102964976,-0.04051875947983221,0.6914522715969912,0.12416742042239653,0.005976898694198257,0.5715113303532772,0,0,0,0,NOMINAL,0
stop,27.55999999998112,2.5599999999940337,4.119512966475062,1.0441718598217786,-0.040485739360585256,0.6912417232150718,0.1243165961643698,0.001112556100228146,0.5591982585517927,0,0,0,0,NOMINAL,0
stop,27.599999999981026,2.5999999999939405,4.119485760466383,1.0443593457819418,-0.040424394046427004,0.6910615299654946,0.12432563283646962,0.0070578601816649825,0.5231048540042071,0,0,0,0,NOMINAL,0
stop,27.639999999980933,2.6399999999938473,4.119071018460248,1.044880798606494,-0.04037469071332411,0.6911152064558922,0.12430030835184872,0.019367211101650482,0.4683783964311386,0,0,0,0,NOMINAL,0
stop,27.67999999998084,2.679999999993754,4.118717405890976,1.0451288068808304,-0.04039057162759349,0.6911145009761517,0.1244128734038518,0.0067618268627662416,0.4432781544024438,0,0,0,0,NOMINAL,0
stop,27.719999999980747,2.719999999993661,4.1186243119947825,1.0451821923578832,-0.040418065444733045,0.6910073432509751,0.12435990937381032,0.0007550940520473215,0.4566198911029245,0,0,0,0,NOMINAL,0
stop,27.759999999980653,2.7599999999935676,4.11863126298012,1.045015434742184,-0.04047375217873123,0.6908442775503651,0.12440687459886449,0.005818088054947983,0.4975391484012534,0,0,0,0,NOMINAL,0
stop,27.79999999998056,2.7999999999934744,4.119009357661518,1.044537191202754,-0.04051669189648913,0.6904651571425078,0.12445832883130595,0.017640186744247322,0.5459439509897948,0,0,0,0,NOMINAL,0
stop,27.839999999980467,2.839999999993381,4.119312892611001,1.0443175208581457,-0.04049976259614152,0.6901356470116778,0.12440933218855434,0.005748340166258916,0.5708832071005262,0,0,0,0,NOMINAL,0
stop,27.879999999980374,2.879999999993288,4.119362088245316,1.044273850435949,-0.04046771759734268,0.6899394846024803,0.12454856534650152,0.0010069384432136875,0.5586047344000572,0,0,0,0,NOMINAL,0
stop,27.91999999998028,2.9199999999931947,4.119335770041321,1.0444578889416705,-0.040407310464023884,0.6897713043930493,0.12455113810592623,0.006884087957012128,0.5229700199839578,0,0,0,0,NOMINAL,0
stop,27.959999999980187,2.9599999999931015,4.118929335530873,1.0449696260875871,-0.040358391226844016,0.6898355932582032,0.12452459127936547,0.018990436505383325,0.4691456340376854,0,0,0,0,NOMINAL,0
stop,27.999999999980094,2.9999999999930083,4.118585498775062,1.0452117015158102,-0.04037404164991166,0.6898453794049482,0.12463425103699899,0.006547745337913663,0.4445139445748653,0,0,0,0,NOMINAL,0
stop,28.03999999998,3.039999999992915,4.118498016849291,1.045264568000663,-0.04040128079102183,0.6897509018869068,0.12457913784512431,0.0006386901903434508,0.45784687724005724,0,0,0,0,NOMINAL,0
stop,28.079999999979908,3.079999999992822,4.118506603591375,1.0451018746178933,-0.04045658060434568,0.6895984399133365,0.12462240028331217,0.005685060377766168,0.49806236704657536,0,0,0,0,NOMINAL,0
stop,28.119999999979814,3.1199999999927286,4.118879107851213,1.044630565483888,-0.04049979756240279,0.6892305263967298,0.12466983715213045,0.01738208850738094,0.5457084340770867,0,0,0,0,NOMINAL,0
stop,28.15999999997972,3.1599999999926354,4.119175966918299,1.0444130359332213,-0.04048331188064066,0.688915956106859,0.12461940489345365,0.0056496618258705805,0.5702921006956461,0,0,0,0,NOMINAL,0
stop,28.199999999979628,3.199999999992542,4.119225516107144,1.0443695738177867,-0.040452219846377244,0.6887317865976116,0.12474916528853933,0.0009427037364400746,0.5581534869970738,0,0,0,0,NOMINAL,0
stop,28.239999999979535,3.239999999992449,4.119200801129273,1.044547946215573,-0.040392647006748515,0.6885725080642666,0.12474889996387463,0.00665029374435781,0.5229896973131438,0,0,0,0,NOMINAL,0
stop,28.27999999997944,3.2799999999923557,4.118802041820679,1.0450506139772187,-0.0403440106175402,0.6886460595440442,0.12472249612011464,0.01866925609888914,0.4700920779671611,0,0,0,0,NOMINAL,0
stop,28.31999999997935,3.3199999999922625,4.118465872292566,1.045289241251017,-0.0403593413670148,0.6886671472789695,0.12482968487845184,0.006399100224689437,0.44555128552877493,0,0,0,0,NOMINAL,0
stop,28.359999999979255,3.3599999999921693,4.118382312495983,1.0453420599437564,-0.04038624533756752,0.6885845101334955,0.1247743019170594,0.0005690246175441382,0.4587490105171446,0,0,0,0,NOMINAL,0
stop,28.399999999979162,3.399999999992076,4.118390879089415,1.045185095830158,-0.04044109437987809,0.6884442034917702,0.12481362356743732,0.005474003641152502,0.4982584351402813,0,0,0,0,NOMINAL,0
stop,28.43999999997907,3.439999999991983,4.118757322852447,1.0447194355698606,-0.04048483508483843,0.6880877473989804,0.12485882826342959,0.017174751340342326,0.5453154010704667,0,0,0,0,NOMINAL,0
stop,28.479999999978975,3.4799999999918896,4.119050950221957,1.044503160291709,-0.04046899144803895,0.6877850059927034,0.12480420837300817,0.0056501315951738565,0.56979385908266,0,0,0,0,NOMINAL,0
stop,28.519999999978882,3.5199999999917964,4.119101412857093,1.0444594006096424,-0.04043878725207824,0.6876111500996444,0.12492503524724294,0.0009130560460209766,0.5578350890430336,0,0,0,0,NOMINAL,0
stop,28.55999999997879,3.559999999991703,4.1190790449218735,1.0446301706609404,-0.04038000916324687,0.6874583825628078,0.12492475842472779,0.006359874615483697,0.523157894396511,0,0,0,0,NOMINAL,0
stop,28.599999999978696,3.59999999999161,4.118687348908183,1.0451242388941444,-0.04033117276175026,0.6875397004762589,0.12489967646454493,0.01839858642399694,0.4712337903577302,0,0,0,0,NOMINAL,0
stop,28.639999999978603,3.6399999999915167,4.1183567758923045,1.0453618667776894,-0.04034610273999897,0.6875728882503446,0.1250046071167279,0.006313162713744997,0.4463929837136438,0,0,0,0,NOMINAL,0
stop,28.67999999997851,3.6799999999914235,4.118275601951024,1.0454151405113616,-0.04037259593091521,0.6875013474900273,0.1249505502199841,0.0005407594687945506,0.4593454928081102,0,0,0,0,NOMINAL,0
stop,28.719999999978416,3.7199999999913302,4.11828315739666,1.0452652361836325,-0.04042694652356643,0.6873757952300683,0.12498537612314924,0.005191955757720429,0.498151159996234,0,0,0,0,NOMINAL,0
stop,28.759999999978323,3.759999999991237,4.118643287869811,1.0448039641833453,-0.04047147621369651,0.6870312825904455,0.12502982125810697,0.0170176542505656,0.5447930204745791,0,0,0,0,NOMINAL,0
stop,28.79999999997823,3.799999999991144,4.1189368438936835,1.0445881016669767,-0.04045646290917476,0.6867369536966129,0.12496839723104135,0.00574202918920177,0.5693970656755597,0,0,0,0,NOMINAL,0
stop,28.839999999978136,3.8399999999910506,4.1189887207019975,1.0445435214267251,-0.04042708632526611,0.686571707636338,0.12508073430570005,0.0009170755348281497,0.5576723876556727,0,0,0,0,NOMINAL,0
stop,28.879999999978043,3.8799999999909573,4.118969438597751,1.0447056471842306,-0.040369116197924916,0.6864240158521764,0.12508200219813484,0.006054804404741888,0.523462377436267,0,0,0,0,NOMINAL,0
stop,28.91999999997795,3.919999999990864,4.1185842250311,1.045191554544851,-0.04031962207158604,0.6865123472344808,0.12505948011714352,0.01816900402064362,0.4725363865329742,0,0,0,0,NOMINAL,0
stop,28.959999999977857,3.959999999990771,4.118257246888238,1.0454301889691786,-0.040334018425456995,0.6865583719633669,0.1251629261389958,0.006285160716086965,0.44705995237150326,0,0,0,0,NOMINAL,0
stop,28.999999999977764,3.9999999999906777,4.118177061324839,1.0454844014840543,-0.040360050004498264,0.6864971073987103,0.12511156818928923,0.0005497255358145349,0.4596514844446142,0,0,0,0,NOMINAL,0
stop,29.03999999997767,4.0399999999905845,4.1181831691533475,1.0453428220706955,-0.040413865706702586,0.6863871667544502,0.1251406204574822,0.0048473517431497845,0.49775246190671446,0,0,0,0,NOMINAL,0
stop,29.079999999977577,4.079999999990491,4.118536570665437,1.0448846114298753,-0.040459427499298775,0.686054526755911,0.12518589307079067,0.016906353665394922,0.5441462226564485,0,0,0,0,NOMINAL,0
stop,29.119999999977484,4.119999999990398,4.118832479348893,1.0446675769354274,-0.04044543019649649,0.6857654801849234,0.12511656702289928,0.0059159131552052975,0.5691046998687913,0,0,0,0,NOMINAL,0
stop,29.15999999997739,4.159999999990305,4.118886275565515,1.0446215922788813,-0.040416837810569026,0.6856073363190219,0.12522067028487205,0.0009470288990432847,0.5576831064901143,0,0,0,0,NOMINAL,0
stop,29.199999999977297,4.199999999990212,4.118871352401167,1.0447758069115949,-0.04035987731924133,0.6854649883021728,0.12522217569032865,0.005812516716067086,0.52389836142863,0,0,0,0,NOMINAL,0
stop,29.239999999977204,4.239999999990118,4.118492424085737,1.0452533214117525,-0.04030925667008007,0.6855601959918048,0.1252042684386803,0.01794264712033504,0.4739598941975463,0,0,0,0,NOMINAL,0
stop,29.27999999997711,4.279999999990025,4.118166249080474,1.0454941068402626,-0.04032276769257581,0.6856201273391435,0.12530904669623172,0.006334887756431872,0.44762688881646046,0,0,0,0,NOMINAL,0
stop,29.319999999977018,4.319999999989932,4.118085761935079,1.0455497976454389,-0.04034833626694378,0.6855688010597746,0.12526100034962498,0.0005849567647481858,0.4597543270004773,0,0,0,0,NOMINAL,0
stop,29.359999999976925,4.359999999989839,4.118090710674637,1.045417921601977,-0.04040163599721942,0.6854745488741217,0.12528141097592377,0.0044526002790117435,0.49708717756882065,0,0,0,0,NOMINAL,0
stop,29.39999999997683,4.3999999999897454,4.118436683584207,1.0449622367723037,-0.04044846149390244,0.6851534615539971,0.12532800802838628,0.016812057595710275,0.5433493578744591,0,0,0,0,NOMINAL,0
stop,29.439999999976738,4.439999999989652,4.118735360689918,1.0447408636095221,-0.04043560375179804,0.6848666173119857,0.12525339298764843,0.006107540633446164,0.5688591734814373,0,0,0,0,NOMINAL,0
stop,29.479999999976645,4.479999999989559,4.118791122325808,1.0446923669726087,-0.04040780253312634,0.6847143810737912,0.1253500405058957,0.0009749441049433998,0.5578120443869106,0,0,0,0,NOMINAL,0
stop,29.51999999997655,4.519999999989466,4.118781381721631,1.0448393558980422,-0.0403518941183039,0.6845769787524387,0.12534982153825994,0.005517296808480242,0.5244200703371189,0,0,0,0,NOMINAL,0
stop,29.55999999997646,4.5599999999893726,4.118408108237428,1.0453090962604064,-0.04029996682538437,0.6846784134406773,0.12533608013312922,0.017742890598215613,0.4752949947645894,0,0,0,0,NOMINAL,0
stop,29.599999999976365,4.599999999989279,4.1180814250546325,1.045552832180381,-0.040312453399570174,0.68475247811239,0.12544219865323095,0.006453887612952199,0.44810014621746763,0,0,0,0,NOMINAL,0
stop,29.639999999976272,4.639999999989186,4.117999929658145,1.045610157351186,-0.04033755150320503,0.6847106632654643,0.12539754373752357,0.0006191434443712827,0.45975433427485474,0,0,0,0,NOMINAL,0
stop,29.67999999997618,4.679999999989093,4.118004957425273,1.0454876186337372,-0.04039045231279896,0.6846303051683528,0.12540832314882502,0.004100854929601227,0.496379410602706,0,0,0,0,NOMINAL,0
stop,29.719999999976086,4.719999999989,4.118343664447263,1.045034504339545,-0.04043840408960951,0.6843196377200459,0.12545684903904167,0.016710129401313993,0.5425344156031795,0,0,0,0,NOMINAL,0
stop,29.759999999975992,4.759999999988906,4.118644631061229,1.044808118507445,-0.0404265946332199,0.6840340369308568,0.12537960490258215,0.006286220589464464,0.5686198310058977,0,0,0,0,NOMINAL,0
stop,29.7999999999759,4.799999999988813,4.118702080033091,1.0447568582928397,-0.04039948222461954,0.6838870992691028,0.1254707156551295,0.0009985255734976813,0.5579170440458083,0,0,0,0,NOMINAL,0
stop,29.839999999975806,4.83999999998872,4.118696095387532,1.044897269866466,-0.04034442545994295,0.6837547847152861,0.12547026947283327,0.005215767179350438,0.5248587955524894,0,0,0,0,NOMINAL,0
stop,29.879999999975713,4.879999999988627,4.118328081333499,1.0453601590548394,-0.04029144665492683,0.6838625210188496,0.1254597908149722,0.017553126513323566,0.47640038918364586,0,0,0,0,NOMINAL,0
stop,29.91999999997562,4.9199999999885335,4.1180013834467735,1.0456066615451256,-0.04030297956558886,0.6839497828834917,0.12556620700949944,0.0065669386022595595,0.4485123400327565,0,0,0,0,NOMINAL,0
stop,29.959999999975526,4.95999999998844,4.1179191588370045,1.0456654706115307,-0.04032763316788903,0.6839169280995975,0.12552436220024837,0.0006403202656654416,0.4597632125505236,0,0,0,0,NOMINAL,0
stop,29.999999999975433,4.999999999988347,4.1179250032769135,1.0455512087285468,-0.04038013545564198,0.6838488712631148,0.1255260056310813,0.0038088839634823767,0.4957233294364118,0,0,0,0,NOMINAL,0
