t,dt,force_n,tilt_rad,x,y,speed_m_s,effort_nm
0.004,0.004,0.0,0.0,-4.2767836703759016e-20,7.512001852942428e-20,4.321762617903042e-17,0.0
0.008,0.004,0.0,0.0,-8.422214197208686e-20,1.683638814411784e-19,6.493358919695238e-17,1.0021494745160453e-15
0.012,0.004,0.0,0.0,-1.3015167072495155e-19,2.981682992375545e-19,1.0663985617395476e-16,1.2067034462337217e-15
0.016,0.004,0.0,0.0,-1.8842560257283084e-19,4.881655042978289e-19,1.8547421283626825e-16,2.4244866966895364e-15
0.020000000000000004,0.0040000000000000036,0.0,0.0,-2.2948311447855e-19,7.913081913635469e-19,3.3429531574789234e-16,4.6026271924756184e-15
0.024000000000000007,0.0040000000000000036,0.0,1.2020167404189313e-06,5.621764921300144e-07,-2.263057284341796e-08,0.0002811242629184241,8.711390821754545e-15
0.02800000000000001,0.0040000000000000036,0.0,1.276465162446708e-06,-7.246994441850564e-07,-1.0788174775120605e-07,0.0005386144545765681,0.20500198476634487
0.032000000000000015,0.0040000000000000036,0.0,1.4523090931971896e-06,-4.414509454339562e-06,-1.9269393990745616e-07,0.0010392904704387873,0.33209089118082424
0.03600000000000002,0.0040000000000000036,0.0,4.0341712003083505e-06,-9.538768525615426e-06,-2.499088294406186e-07,0.0013481258719139745,0.40313161033827594
0.04000000000000002,0.0040000000000000036,0.0,6.378863213555757e-06,-1.535781288147688e-05,-2.715167599581185e-07,0.001477162969395632,0.4395908439186103
0.044000000000000025,0.0040000000000000036,0.0,7.487414624723541e-06,-2.1232787905720515e-05,-2.5803304132973585e-07,0.0014549552931152484,0.4559878965868083
0.04800000000000003,0.0040000000000000036,0.0,6.760382747898116e-06,-2.6660646096761357e-05,-2.140289015265554e-07,0.0013159786918441158,0.46144296512469574
0.05200000000000003,0.0040000000000000036,0.0,4.3350343820152716e-06,-3.127437358231561e-05,-1.4554059199903409e-07,0.0010934428872286723,0.4615420938563215
0.056000000000000036,0.0040000000000000036,0.0,5.327972646017224e-06,-3.482731653763088e-05,-5.865865889364391e-08,0.0008161510246155334,0.4595899744329801
0.06000000000000004,0.0040000000000000036,0.0,1.34161684397008e-05,-3.7171939318278846e-05,4.116337357429015e-08,0.0005075924151067433,0.45744299092734364
0.06400000000000004,0.0040000000000000036,0.0,2.5123225200529594e-05,-3.823310864194396e-05,1.496174632111371e-07,0.00018420904884824181,0.4560573065049892
0.06800000000000005,0.0040000000000000036,0.0,3.9888449109697045e-05,-3.793364853358234e-05,2.641951821747171e-07,0.00016623026000875166,0.4558324806781628
0.07200000000000005,0.0040000000000000036,0.0,5.756736119084654e-05,-3.6236434253584945e-05,3.8264175734254993e-07,0.0005133323133518786,0.4568110900139842
0.07600000000000005,0.0040000000000000036,0.0,7.793685382096182e-05,-3.32029325694277e-05,5.019869516807239e-07,0.0008410048410477275,0.45886866273335786
0.08000000000000006,0.0040000000000000036,0.0,0.0001006917728266634,-2.896393377102145e-05,6.19159519964144e-07,0.001132742189537804,0.4618605108576691
0.08400000000000006,0.0040000000000000036,0.0,0.0001254807895146779,-2.3690181219889127e-05,7.315195948927299e-07,0.0013800864064317379,0.4656430411898101
0.08800000000000006,0.0040000000000000036,0.0,0.0001519403425900744,-1.7568653223988503e-05,8.37132589393748e-07,0.0015802430855323551,0.47007942400995495
0.09200000000000007,0.0040000000000000036,0.0,0.0001797082254092923,-1.0793517862555216e-05,9.345475436434553e-07,0.001730821952963691,0.47504268306083175
0.09600000000000007,0.0040000000000000036,0.0,0.0002084048813417377,-3.5797365256261306e-06,1.0230709498747112e-06,0.0018266254654647057,0.4804237355107633
0.10000000000000007,0.0040000000000000036,0.0,0.0002376694781671311,3.860822097680906e-06,1.1030043267528216e-06,0.0018706179419026778,0.4861191998403591
0.10400000000000008,0.0040000000000000036,0.0,0.00026720612090413434,1.1351208615829988e-05,1.1745895274716374e-06,0.0018736003657583245,0.49202920799004685
0.10800000000000008,0.0040000000000000036,0.0,0.0002968227975520894,1.8777375717349132e-05,1.2381664520204746e-06,0.0018524579020374823,0.49807106493872916
0.11200000000000009,0.0040000000000000036,0.0,0.00032643891463830283,2.6094130169523294e-05,1.2947030880861382e-06,0.0018242552350224617,0.5041683325466534
0.11600000000000009,0.0040000000000000036,0.0,0.00035604556539488286,3.330063210732025e-05,1.3454484663755786e-06,0.0017968152874137896,0.5102489875877724
0.12000000000000009,0.0040000000000000036,0.0,0.0003856544293946328,4.040902774110822e-05,1.3916956689374799e-06,0.0017731212115439873,0.5162514417316209
0.1240000000000001,0.0040000000000000036,0.0,0.00041529069645356736,4.7440482737714894e-05,1.434653038591254e-06,0.0017551983108276548,0.5221273299930793
0.12800000000000009,0.00399999999999999,0.0,0.00044498719245882995,5.4421813863295435e-05,1.475376576714551e-06,0.0017442679485286448,0.5278411237549087
0.1320000000000001,0.0040000000000000036,0.0,0.00047477968817315994,6.138273877942853e-05,1.5147412295732988e-06,0.0017409008516051955,0.5333685755823965
0.1360000000000001,0.0040000000000000036,0.0,0.0005047032791276001,6.835370000006342e-05,1.5534362197532065e-06,0.0017451569861794034,0.5386947449543315
0.1400000000000001,0.0040000000000000036,0.0,0.0005347870231310182,7.535872435371864e-05,1.5920596412608175e-06,0.001753972840722157,0.5386947449543315
0.1440000000000001,0.0040000000000000036,0.0,0.0005650576090338652,8.241415836538474e-05,1.631180419943557e-06,0.0017688078841956313,0.543812016191225
0.1480000000000001,0.0040000000000000036,0.0,0.0005955511945464734,8.955481668785815e-05,1.6709372233518983e-06,0.0017921527968283613,0.5492236942847872
0.1520000000000001,0.0040000000000000036,0.0,0.0006262950267240535,9.681081829243624e-05,1.7113507238187394e-06,0.00182254587719739,0.5543467428404449
0.1560000000000001,0.0040000000000000036,0.0,0.0006573032121231647,0.00010420474555166631,1.7523751847623196e-06,0.0018581474054569385,0.5591517009129906
0.16000000000000011,0.0040000000000000036,0.0,0.0006885781151030608,0.00011175244663013993,1.7939124263001665e-06,0.001897336648639518,0.5636712784143825
0.16400000000000012,0.0040000000000000036,0.0,0.0007201120215920875,0.00011946398229677417,1.835823297379824e-06,0.0019387167524320768,0.5679379520414365
0.16800000000000012,0.0040000000000000036,0.0,0.0007518885408901039,0.0001273443900480967,1.8779391534708329e-06,0.00198107152761732,0.5719780956798377
0.17200000000000013,0.0040000000000000036,0.0,0.0007838837990641409,0.0001353943078327998,1.9200727664773227e-06,0.0020233344812803163,0.5758129125884974
0.17600000000000013,0.0040000000000000036,0.0,0.0008160674978114019,0.00014361051206159486,1.9620280923452556e-06,0.00206457006550814,0.5794597413050856
0.18000000000000013,0.0040000000000000036,0.0,0.0008484038854363957,0.0001519864042963517,2.003608588071413e-06,0.0021039623222385163,0.5829330478482209
0.18400000000000014,0.0040000000000000036,0.0,0.000880852663675448,0.00016051246517472374,2.044623979166643e-06,0.0021408074079839043,0.5862451303951138
0.18800000000000014,0.0040000000000000036,0.0,0.0009133698423325112,0.00016917668429457564,2.0848955144905513e-06,0.0021745078545862607,0.5894066191081024
0.19200000000000014,0.0040000000000000036,0.0,0.0009459085423450363,0.0001779649691117414,2.124259826229402e-06,0.002204567348350272,0.592426835054099
0.19600000000000015,0.0040000000000000036,0.0,0.0009784197487014783,0.0001868615328618405,2.162571555818772e-06,0.0022305853902972,0.5953140521514921
0.20000000000000015,0.0040000000000000036,0.0,0.001010853008868298,0.0001958492600829654,2.1997049248287937e-06,0.0022522515533825336,0.5980756917749165
0.20400000000000015,0.0040000000000000036,0.0,0.0010431570758279514,0.00020491004784008488,2.2355544310378905e-06,0.002269339260921628,0.6007184700089547
0.20800000000000016,0.0040000000000000036,0.0,0.0010752746684089516,0.00021402588814065305,2.2700086814730233e-06,0.002282082644003225,0.6056714364588184
0.21200000000000016,0.0040000000000000036,0.0,0.0011071330553028436,0.0002231769537933046,2.302943963852761e-06,0.0022891989188812767,0.6077528040651408
0.21600000000000016,0.0040000000000000036,0.0,0.001138673714155286,0.00023233787288566888,2.334357103018576e-06,0.002290140670865275,0.6097987635622275
0.22000000000000017,0.0040000000000000036,0.0,0.0011698428886217573,0.0002414856769575399,2.3642460619879236e-06,0.0022854663005311675,0.6117970980806079
0.22400000000000017,0.0040000000000000036,0.0,0.0012005907806177554,0.00025059924822136946,2.3926143656093768e-06,0.0022756132955314835,0.6137400080021816
0.22800000000000017,0.0040000000000000036,0.0,0.0012308710693448564,0.0002596589935203006,2.4194733984888004e-06,0.0022609483170527205,0.6156228036366488
0.23200000000000018,0.0040000000000000036,0.0,0.0012606406280399405,0.00026864665723315623,2.4448433163597043e-06,0.0022417976918316478,0.6174429745411943
0.23600000000000018,0.0040000000000000036,0.0,0.0012898593563316202,0.0002775452168048947,2.4687530737259283e-06,0.002218465356144438,0.6191995276314831
0.24000000000000019,0.0040000000000000036,0.0,0.0013184900747191279,0.0002863388250655228,2.491239908934817e-06,0.00219124283770443,0.6208925170345047
0.2440000000000002,0.0040000000000000036,0.0,0.0013464984500715998,0.00029501277682256557,2.512348516339377e-06,0.0021604142570680715,0.6225227106526777
0.2480000000000002,0.0040000000000000036,0.0,0.0013738529310421098,0.00030355348586377854,2.5321300593016383e-06,0.002126258283872259,0.6240913541464024
0.25200000000000017,0.003999999999999976,0.0,0.0014005246839041245,0.00031194846411148865,2.550641124926472e-06,0.0020890483005333842,0.6256000042886184
0.25600000000000017,0.0040000000000000036,0.0,0.0014264875207088148,0.00032018629828516683,2.5679426852906366e-06,0.0020490515801355816,0.6270504116797115
0.2600000000000002,0.0040000000000000036,0.0,0.0014517178189647675,0.00032825662174351477,2.5840991054376954e-06,0.0020065279936335246,0.6284444385513334
0.2640000000000002,0.0040000000000000036,0.0,0.001476194431277358,0.00033615008064055414,2.599177221226249e-06,0.001961728570513149,0.6297840014854953
0.2680000000000002,0.0040000000000000036,0.0,0.0014998985861996894,0.000343858294435099,2.6132454988138368e-06,0.0019148941117603342,0.6310710318014489
0.2720000000000002,0.0040000000000000036,0.0,0.0015228137811154033,0.000351373811331318,2.6263732799788322e-06,0.0018662539717231351,0.63230744845076
0.2760000000000002,0.0040000000000000036,0.0,0.0015449256702163626,0.00035869005952571064,2.638630112581794e-06,0.0018160250714421735,0.633495139749791
0.2800000000000002,0.0040000000000000036,0.0,0.0015662351983031374,0.0003658077933795045,2.6500817759296033e-06,0.0017676603841601834,0.633495139749791
0.2840000000000002,0.0040000000000000036,0.0,0.0015867666109710208,0.00037273841105093955,2.6607839049113194e-06,0.0017202338076389638,0.634635951340953
0.2880000000000002,0.0040000000000000036,0.0,0.0016065022195039262,0.00037947245685065876,2.6708000600094035e-06,0.0016704420428350054,0.6358446120508117
0.2920000000000002,0.0040000000000000036,0.0,0.0016254258618676766,0.0003860010919927733,2.6801937427996382e-06,0.0016185843953737916,0.6369921965748845
0.2960000000000002,0.0040000000000000036,0.0,0.001643525254844904,0.00039231755621374183,2.689028209363386e-06,0.001565159942562831,0.6380728738432784
0.3000000000000002,0.0040000000000000036,0.0,0.001660791432591055,0.00039841681453767837,2.6973654693475967e-06,0.0015105694465891667,0.6390941738163416
0.3040000000000002,0.0040000000000000036,0.0,0.0016772180607958578,0.0004042951290954743,2.7052652922427936e-06,0.0014551140992940202,0.6400631911741929
0.3080000000000002,0.0040000000000000036,0.0,0.0016928009188427982,0.000409949740538369,2.7127846211972787e-06,0.0013990223684377883,0.6409854211427812
0.3120000000000002,0.0040000000000000036,0.0,0.001707537529575006,0.0004153786443387691,2.719977284209718e-06,0.0013424716380253682,0.6418650794645455
0.3160000000000002,0.0040000000000000036,0.0,0.0017214268920380845,0.0004205804329615126,2.7268938713245813e-06,0.001285603078057745,0.6427054708373163
0.32000000000000023,0.0040000000000000036,0.0,0.0017344692848436031,0.00042555418228501637,2.7335816949191547e-06,0.0012285316374888854,0.6435092603266872
0.32400000000000023,0.0040000000000000036,0.0,0.001746666117423445,0.00043029936787296406,2.740084788599073e-06,0.0011713528107440284,0.6442786612293296
0.32800000000000024,0.0040000000000000036,0.0,0.0017580198145341786,0.00043481580172324396,2.7464439223004777e-06,0.0011141473064443525,0.6450155637589255
0.33200000000000024,0.0040000000000000036,0.0,0.0017685337249539865,0.00043910358341297303,2.7526966232785244e-06,0.0010569843542400468,0.6457216231725039
0.33600000000000024,0.0040000000000000036,0.0,0.0017782120472600352,0.00044316306167889664,2.7588771988530406e-06,0.0009999241227979028,0.6463983202656806
0.34000000000000025,0.0040000000000000036,0.0,0.0017870597694577782,0.00044699480382743895,2.7650167602162615e-06,0.0009430195507669978,0.6470470030599487
0.34400000000000025,0.0040000000000000036,0.0,0.0017950826183908586,0.00045059957122925784,2.771143247800035e-06,0.0008863177821594667,0.6476689156848886
0.34800000000000025,0.0040000000000000036,0.0,0.0018022870180606863,0.0004539782996967323,2.7772814595979725e-06,0.0008298613269200254,0.6482652185363554
0.35200000000000026,0.0040000000000000036,0.0,0.0018086800541676463,0.00045713208388460446,2.7834530839195897e-06,0.0007736890225853897,0.6488370024863168
0.35600000000000026,0.0040000000000000036,0.0,0.0018142694452390835,0.0004600621650684041,2.7896767380308683e-06,0.0007178368446550672,0.6493852990314655
0.36000000000000026,0.0040000000000000036,0.0,0.0018190635174212487,0.00046276992179025803,2.795968013921401e-06,0.0006623385957687832,0.6499110876641295
0.36400000000000027,0.0040000000000000036,0.0,0.0018230711839195737,0.0004652568629477888,2.8023395322961885e-06,0.0006072264930321099,0.6504153013384657
0.36800000000000027,0.0040000000000000036,0.0,0.0018263019277306094,0.0004675246229583815,2.8088010055274053e-06,0.0005525316664212581,0.6508988306256928
0.3720000000000003,0.0040000000000000036,0.0,0.0018287657864997405,0.00046957495867034314,2.8153593101862746e-06,0.0004982845775360208,0.6513625269625487
0.3760000000000003,0.0040000000000000036,0.0,0.0018304733402047706,0.0004714097477219569,2.82201856939781e-06,0.0004445153660721923,0.6518072052677187
0.3800000000000003,0.0040000000000000036,0.0,0.0018314356995975376,0.0004730309880736419,2.8287802453218714e-06,0.0003912541306909998,0.6522336461137147
0.3840000000000003,0.0040000000000000036,0.0,0.0018316644967629895,0.0004744407984600912,2.835643241458703e-06,0.0003385311514457264,0.6526425975817818
0.3880000000000003,0.0040000000000000036,0.0,0.0018311718754667778,0.00047564141952982343,2.8426040149283045e-06,0.0002863770632525634,0.6530347768869454
0.3920000000000003,0.0040000000000000036,0.0,0.0018299709724530944,0.00047663555801612814,2.851381580942371e-06,0.00023506382813134516,0.6534108718329849
0.3960000000000003,0.0040000000000000036,0.0,0.001828076401676916,0.00047742681801008955,2.861330932138069e-06,0.00018441790925773018,0.653771175177068
0.4000000000000003,0.0040000000000000036,0.0,0.0018255011495514873,0.00047801737970347104,2.8700642154641065e-06,0.00013447147489678872,0.6541533330577324
0.4040000000000003,0.0040000000000000036,0.0,0.0018222596901332265,0.00047841034318743373,2.877871208174208e-06,8.519086353182362e-05,0.6545421308826741
0.4080000000000003,0.0040000000000000036,0.0,0.0018183523687209607,0.0004785977538675671,2.885037763560432e-06,3.147815172982039e-05,0.6553850390491818
0.4120000000000003,0.0040000000000000036,0.0,0.0018137669284197574,0.0004785602945290759,2.8917517570500844e-06,2.3545038186105888e-05,0.6558186065648839
0.4160000000000003,0.0040000000000000036,0.0,0.001808542000855658,0.00047831599846213344,2.898162814960305e-06,7.42738713166337e-05,0.6562596288922974
0.4200000000000003,0.0040000000000000036,0.0,0.0018027088653322116,0.00047787800021618107,2.904373905911992e-06,0.00012199436681791187,0.6567049874912818
0.4240000000000003,0.0040000000000000036,0.0,0.0017962939428359216,0.00047725617841191123,2.91045386335795e-06,0.0001674090765931863,0.657152588035604
0.4280000000000003,0.0040000000000000036,0.0,0.00178932047692507,0.00047645826080021473,2.9164463879306884e-06,0.00021099789158796276,0.6576010258815819
0.43200000000000033,0.0040000000000000036,0.0,0.0017818096657590252,0.00047549056758831133,2.9223765851492127e-06,0.0002530750149481928,0.6580493604414139
0.43600000000000033,0.0040000000000000036,0.0,0.0017737814228770007,0.00047435851159598056,2.9282557639490425e-06,0.0002938421717111205,0.6584969631561426
0.44000000000000034,0.0040000000000000036,0.0,0.0017652548876744677,0.0004730669349540975,2.9340849976091303e-06,0.0003334251877109195,0.6589434151463124
0.44400000000000034,0.0040000000000000036,0.0,0.0017562487664693012,0.0004716203358538438,2.9398577964062504e-06,0.00037189872801260117,0.6593884383576999
0.44800000000000034,0.0040000000000000036,0.0,0.0017467815584438567,0.0004700230212212395,2.9455621369552364e-06,0.0004093030032050434,0.6598318492701577
0.45200000000000035,0.0040000000000000036,0.0,0.0017368717038684805,0.00046827920934967187,2.9511820204468796e-06,0.000445655075032734,0.660273527793346
0.45600000000000035,0.0040000000000000036,0.0,0.0017265376785284797,0.00046639309858556224,2.956698683393107e-06,0.00048095653931379495,0.6607133963774507
0.46000000000000035,0.0040000000000000036,0.0,0.0017157980520938743,0.0004643689128509524,2.96209154835883e-06,0.0005151987791386683,0.6611514059904356
0.46400000000000036,0.0040000000000000036,0.0,0.0017046715205243563,0.00046221093123811685,2.9673389780770932e-06,0.0005483665863198952,0.6615875267085632
0.46800000000000036,0.0040000000000000036,0.0,0.0016931769211018584,0.0004599235065433958,2.972418879319246e-06,0.0005804406837796321,0.6620217414047754
0.47200000000000036,0.0040000000000000036,0.0,0.0016813332350837712,0.0004575110760290318,2.977309190320366e-06,0.0006113995040506057,0.662454041516422
0.47600000000000037,0.0040000000000000036,0.0,0.0016691595810156398,0.00045497816665028974,2.981988276700529e-06,0.0006412204605391818,0.6628844242080988
0.48000000000000037,0.0040000000000000036,0.0,0.0016566752020512883,0.00045232939628466005,2.986435254599133e-06,0.0006698808692574246,0.6633128904701566
0.4840000000000004,0.0040000000000000036,0.0,0.001643899448424183,0.00044956947203290146,2.9906302549351075e-06,0.0006973586262280657,0.6637394438444977
0.4880000000000004,0.0040000000000000036,0.0,0.0016308517568077322,0.0004467031863495523,2.994554639447228e-06,0.0007236327109450336,0.6641640895707541
0.4920000000000004,0.0040000000000000036,0.0,0.0016175516270994475,0.0004437354115510607,2.9981911768067465e-06,0.0007486835632014937,0.6645868340140856
0.4960000000000004,0.0040000000000000036,0.0,0.0016040185971990424,0.00044067109310806543,3.0015241848082812e-06,0.0007724933653539612,0.6650076842815565
0.5000000000000003,0.003999999999999948,0.0,0.0015902722175811614,0.00043751524203151834,3.0045396437336874e-06,0.000795046252034079,0.6654266479647509
0.5040000000000003,0.0040000000000000036,0.0,0.001576336982822567,0.0004342785616999805,3.00722862101578e-06,0.0008135110488727346,0.6654266479647509
0.5080000000000003,0.0040000000000000036,0.0,0.0015622401614599107,0.0004309783300283626,3.0095898584205233e-06,0.0008296607410989466,0.6658437329668676
0.5120000000000003,0.0040000000000000036,0.0,0.00154798784799762,0.00042761079465962525,3.011611493473719e-06,0.000846761982363611,0.6662644776050171
0.5160000000000003,0.0040000000000000036,0.0,0.0015335871667259365,0.0004241729504942957,3.01328330023749e-06,0.0008643991081911144,0.6666821700291051
0.5200000000000004,0.0040000000000000036,0.0,0.0015190497072494855,0.00042066478296440095,3.014598377173476e-06,0.0008818743958717887,0.6670971016827506
0.5240000000000004,0.0040000000000000036,0.0,0.0015043903324491127,0.00041708849067792215,3.0155526597125282e-06,0.0008986928397174617,0.6675095755475297
0.5280000000000004,0.0040000000000000036,0.0,0.001489625947763488,0.0004134476926026248,3.0161444966905934e-06,0.0009145396842384645,0.6679198006210447
0.5320000000000004,0.0040000000000000036,0.0,0.001474774654408085,0.0004097468874492894,3.0163743702090795e-06,0.000929220920595373,0.668327918656122
0.5360000000000004,0.0040000000000000036,0.0,0.0014598551985878126,0.0004059911066486001,3.016244709796301e-06,0.0009426198685803521,0.6687340262952346
0.5400000000000004,0.0040000000000000036,0.0,0.0014448866151043857,0.00040218569311079787,3.015759758756678e-06,0.0009546692174988587,0.669138190246967
0.5440000000000004,0.0040000000000000036,0.0,0.0014298879940523243,0.00039833615919626316,3.0149254677787874e-06,0.0009653334451618405,0.6695404574161911
0.5480000000000004,0.0040000000000000036,0.0,0.0014148783252400448,0.00039444809433370306,3.0137494025632645e-06,0.0009745977928610267,0.6699408616166018
0.5520000000000004,0.0040000000000000036,0.0,0.0013998763918752028,0.0003905271038454488,3.0122406585075845e-06,0.0009824613245773956,0.6703394280061736
0.5560000000000004,0.0040000000000000036,0.0,0.001384900696596901,0.0003865787675300356,3.0104097785539457e-06,0.0009889325213092036,0.6707361760138965
0.5600000000000004,0.0040000000000000036,0.0,0.0013699694076136771,0.0003826086108999923,3.0082686721880235e-06,0.0009940264481169403,0.6711311212693404
0.5640000000000004,0.0040000000000000036,0.0,0.0013551003192886928,0.0003786220846651883,3.005830533974648e-06,0.0009977628983186045,0.6715242768740549
0.5680000000000004,0.0040000000000000036,0.0,0.00134031082161371,0.0003746245497145914,3.003109760784136e-06,0.0010001651473063292,0.6719156542389361
0.5720000000000004,0.0040000000000000036,0.0,0.0013256178766318225,0.0003706212658733069,3.0001218672076303e-06,0.001001259089723395,0.6723052636355795
0.5760000000000004,0.0040000000000000036,0.0,0.0013110379999539134,0.00036661738334118824,2.9968833986190347e-06,0.0010010726209781948,0.6726931145592826
0.5800000000000004,0.0040000000000000036,0.0,0.0012965872457746947,0.0003626179361057151,2.9934118417580624e-06,0.0009996351777544178,0.6730792159681023
0.5840000000000004,0.0040000000000000036,0.0,0.001282280105312608,0.0003586291873240375,2.9897171173133934e-06,0.0009963022947386778,0.6730792159681023
0.5880000000000004,0.0040000000000000036,0.0,0.0012681271709223093,0.0003546570176080967,2.9858061902699927e-06,0.000992375090546997,0.673846204279078
0.5920000000000004,0.0040000000000000036,0.0,0.0012541444826735732,0.0003507007464338216,2.981727621733225e-06,0.0009881113332014663,0.6742320946955629
0.5960000000000004,0.0040000000000000036,0.0,0.0012403464012081034,0.0003467650379342557,2.9775004008302e-06,0.0009826014334525855,0.6746102521111202
0.6000000000000004,0.0040000000000000036,0.0,0.0012267480875699148,0.00034285530175246897,2.973143386820742e-06,0.0009757647796035391,0.6749869527276621
0.6040000000000004,0.0040000000000000036,0.0,0.0012133637936626782,0.000338976547247471,2.9686762200828387e-06,0.0009677046623012593,0.675362202797841
0.6080000000000004,0.0040000000000000036,0.0,0.001200209832157347,0.00033513359227110764,2.9641285167688334e-06,0.0009584082039981013,0.6761080868345154
0.6120000000000004,0.0040000000000000036,0.0,0.001187308685054465,0.00033133215460044897,2.959544141041499e-06,0.0009476192106544068,0.6764738451787398
0.6160000000000004,0.0040000000000000036,0.0,0.0011746742012270213,0.00032757798616451004,2.9549349775810604e-06,0.0009354644309585519,0.6768390619832145
0.6200000000000004,0.0040000000000000036,0.0,0.0011623184360454323,0.00032387586268310757,2.950315483456185e-06,0.0009221647339460671,0.6772033838536115
0.6240000000000004,0.0040000000000000036,0.0,0.0011502521217541294,0.0003202298921913091,2.9457019885266788e-06,0.0009078722327192676,0.67756657344098
0.6280000000000004,0.0040000000000000036,0.0,0.001138484967802768,0.0003166437122069408,2.9411121142088247e-06,0.0008926950912436369,0.6779284723311241
0.6320000000000005,0.0040000000000000036,0.0,0.0011270258554271064,0.00031312061587353355,2.936564292604894e-06,0.0008767133427877289,0.6782889756663025
0.6360000000000005,0.0040000000000000036,0.0,0.001115882961274555,0.0003096636328363648,2.9320773695032797e-06,0.0008599889708740709,0.6786480148515562
0.6400000000000005,0.0040000000000000036,0.0,0.0011050638394616617,0.00030627558126998457,2.9276702768293224e-06,0.000842572334746009,0.6790055458043234
0.6440000000000005,0.0040000000000000036,0.0,0.0010945754743253138,0.00030295910150400995,2.9233617621277082e-06,0.0008245062698571734,0.6793615409894194
0.6480000000000005,0.0040000000000000036,0.0,0.0010844243155054211,0.0002997166778843141,2.9191701651661104e-06,0.0008058287116993346,0.6797159840303705
0.6520000000000005,0.0040000000000000036,0.0,0.0010746163017657634,0.00029655065308205043,2.9151132330386864e-06,0.0007865743825538941,0.6800688660694526
0.6560000000000005,0.0040000000000000036,0.0,0.0010651568780477632,0.00029346323752355686,2.9112079672536702e-06,0.0007667758835193831,0.6804201833120216
0.6600000000000005,0.0040000000000000036,0.0,0.00105605100665281,0.00029045651563935627,2.9074704973674507e-06,0.0007464644084688346,0.680769935371421
0.6640000000000005,0.0040000000000000036,0.0,0.0010473031761023847,0.0002875324500147674,2.9039159767870467e-06,0.0007256702166848635,0.6811181241542781
0.6680000000000005,0.0040000000000000036,0.0,0.0010389174081865014,0.0002846928841367023,2.9005584972622722e-06,0.0007044229502836617,0.6814647531101231
0.6720000000000005,0.0040000000000000036,0.0,0.0010308972632169177,0.0002819395441873565,2.8974110194164457e-06,0.0006827518505358184,0.6818098267263976
0.6760000000000005,0.0040000000000000036,0.0,0.0010232458449218765,0.00027927404018235086,2.894485316986723e-06,0.0006606859070578909,0.6821533501886096
0.6800000000000005,0.0040000000000000036,0.0,0.0010159658047626835,0.0002766978666547322,2.891791933197474e-06,0.0006382539612181813,0.6824953291515884
0.6840000000000005,0.0040000000000000036,0.0,0.0010090593455459413,0.0002742124030256155,2.8893401476256216e-06,0.0006154847772304815,0.6828357695854211
0.6880000000000005,0.0040000000000000036,0.0,0.001002528225968715,0.00027181891376376534,2.8871379527010577e-06,0.0005924070895222902,0.6831746776715882
0.6920000000000005,0.0040000000000000036,0.0,0.0009963737642489845,0.0002695185484115437,2.8851920387939333e-06,0.0005690496319537549,0.6835120597328237
0.6960000000000005,0.0040000000000000036,0.0,0.0009905968421403879,0.0002673123415381875,2.8835077871784237e-06,0.0005454411526158473,0.6838479221856301
0.7000000000000005,0.0040000000000000036,0.0,0.0009851979099009406,0.00026520121266996005,2.882089270311001e-06,0.0005216104168256048,0.6841822715079977
0.7040000000000005,0.0040000000000000036,0.0,0.0009801769900791447,0.00026318596623844205,2.880939258888983e-06,0.0004975862002500271,0.6845151142173329
0.7080000000000005,0.0040000000000000036,0.0,0.0009755336833450698,0.0002612672915817742,2.880059235264265e-06,0.00047339727368212543,0.6848464568552336
0.7120000000000005,0.0040000000000000036,0.0,0.000971267172969532,0.00025944576302837206,2.8794494128857127e-06,0.00044907238074340914,0.6851763059768509
0.7160000000000005,0.0040000000000000036,0.0,0.000967376231646798,0.00025772184008802734,2.879108761338784e-06,0.0004246402096350816,0.6855046681433262
0.7200000000000005,0.0040000000000000036,0.0,0.0009638592266401176,0.00025609586777118284,2.879035036674814e-06,0.00040012935994308726,0.685831549916279
0.7240000000000005,0.0040000000000000036,0.0,0.000960714127066542,0.0002545680770533843,2.8792248167661897e-06,0.00037556830543535215,0.6861569578536799
0.7280000000000005,0.0040000000000000036,0.0,0.0009579385105166463,0.0002531385854983796,2.879673541478443e-06,0.00035098535372206656,0.6864808985066344
0.7320000000000005,0.0040000000000000036,0.0,0.0009555295713484216,0.0002518073980500564,2.8803755571241765e-06,0.0003264086035957783,0.6868033784167836
0.7360000000000005,0.0040000000000000036,0.0,0.0009534841279139039,0.00025057440800038195,2.8813241651350668e-06,0.0003018659008047655,0.6871244041141225
0.7400000000000005,0.0040000000000000036,0.0,0.0009517986313984076,0.00024943939813769014,2.882511674542611e-06,0.0002773847929832367,0.6874439821150969
0.7440000000000005,0.0040000000000000036,0.0,0.0009504691747846179,0.0002484020420771024,2.8839294579383842e-06,0.0002529924843981449,0.6877621189208915
0.7480000000000006,0.0040000000000000036,0.0,0.0009494915017074348,0.0002474619057725684,2.8855680106705945e-06,0.00022871579115981124,0.6880788210158612
0.7520000000000006,0.0040000000000000036,0.0,0.0009488610171832669,0.0002466184492079318,2.887417013057008e-06,0.00020458109754923823,0.6883940948660568
0.7560000000000006,0.0040000000000000036,0.0,0.0009485727967000958,0.0002458710282626404,2.8894653947787113e-06,0.0001806143142029526,0.6887079469178394
0.7600000000000006,0.0040000000000000036,0.0,0.0009486215972746378,0.0002452188967461204,2.8917014018037323e-06,0.00015684083920301692,0.6890203835965518
0.7640000000000006,0.0040000000000000036,0.0,0.0009490018681200229,0.0002446612085935434,2.894112665034912e-06,0.00013328552394348855,0.6893314113052563
0.7680000000000006,0.0040000000000000036,0.0,0.0009497077620685281,0.00024419702021459257,2.8966862704979187e-06,0.00010997264815567737,0.6896410364235219
0.7720000000000006,0.0040000000000000036,0.0,0.0009507331466689907,0.00024382529298597728,2.8994088307866516e-06,8.692591685411651e-05,0.6899492653062713
0.7760000000000006,0.0040000000000000036,0.0,0.0009520716158664417,0.0002435448958777516,2.9022665572005247e-06,6.416852656122855e-05,0.6902561042826749
0.7800000000000006,0.0040000000000000036,0.0,0.0009537165025808903,0.0002433546082030282,2.905245332395935e-06,4.172354678372713e-05,0.6905615596551057
0.7840000000000006,0.0040000000000000036,0.0,0.0009556608897050808,0.0002432531224803516,2.908330783147851e-06,1.96170458659335e-05,0.6908656376981452
0.7880000000000006,0.0040000000000000036,0.0,0.0009578976234562572,0.00024323904739784787,2.9115083529302122e-06,2.3034142265086924e-06,0.6911683446576482
0.7920000000000006,0.0040000000000000036,0.0,0.0009604193254363234,0.00024331091086823872,2.9147633739120377e-06,2.356293345635729e-05,0.6914696867498652
0.7960000000000006,0.0040000000000000036,0.0,0.0009632184047792369,0.0002434671631639184,2.91808113801711e-06,4.455254383570697e-05,0.6917696701606203
0.8000000000000006,0.0040000000000000036,0.0,0.0009662870715135536,0.00024370618012148912,2.9214469667802186e-06,6.513535399924179e-05,0.692068301044554
0.8040000000000006,0.0040000000000000036,0.0,0.0009696173485759275,0.00024402626640545038,2.9248462797561033e-06,8.529078197172592e-05,0.6923655855244212
0.8080000000000006,0.0040000000000000036,0.0,0.0009732010851155603,0.0002444256588210937,2.9282646610380445e-06,0.00010500143224783203,0.6926615296904526
0.8120000000000006,0.0040000000000000036,0.0,0.0009770299685476348,0.000244902529667078,2.931687923650083e-06,0.00012425117483043856,0.692956139599774
0.8160000000000006,0.0040000000000000036,0.0,0.0009810955380991897,0.0002454549901186298,2.9351021716162372e-06,0.00014302485305196495,0.6932494212758916
0.8200000000000006,0.0040000000000000036,0.0,0.0009853891968752396,0.00024608109363279796,2.938493859397675e-06,0.00016130821094390932,0.6935413807082318
0.8240000000000006,0.0040000000000000036,0.0,0.0009899022246239774,0.0002467788393677186,2.9418498484108588e-06,0.00017908786979375552,0.6938320238517485
0.8280000000000006,0.0040000000000000036,0.0,0.0009946257905212028,0.0002475461756083585,2.9451574604773484e-06,0.00019635131855809924,0.6941213566265871
0.8320000000000006,0.0040000000000000036,0.0,0.0009995509652111964,0.00024838100319173886,2.948404528040965e-06,0.0002130869083601836,0.6944093849178077
0.8360000000000006,0.0040000000000000036,0.0,0.0010046687335881898,0.0002492811789251642,2.9515794409049478e-06,0.00022928384784879518,0.6946961145751741
0.8400000000000006,0.0040000000000000036,0.0,0.0010099700067819919,0.0002502445189914762,2.9546711893442323e-06,0.0002449321982307025,0.6949815514129967
0.8440000000000006,0.0040000000000000036,0.0,0.0010154456341757456,0.0002512688023358481,2.9576694034138867e-06,0.00026002286753610117,0.6952657012100377
0.8480000000000006,0.0040000000000000036,0.0,0.0010210864156045881,0.00025235177402909944,2.960564388462114e-06,0.0002745476039676108,0.6955485697094728
0.8520000000000006,0.0040000000000000036,0.0,0.0010268831128018006,0.00025349114860295254,2.9633471566741163e-06,0.00028849898830304085,0.6958301626189142
0.8560000000000006,0.0040000000000000036,0.0,0.0010328264614645375,0.00025468461335305636,2.9660094544847356e-06,0.00030187042538586063,0.6961104856104858
0.8600000000000007,0.0040000000000000036,0.0,0.0010389071817292546,0.00025592983160599447,2.9685437859671845e-06,0.00031465613475415496,0.6963895443209561
0.8640000000000007,0.0040000000000000036,0.0,0.001045115990585669,0.00025722444594684273,2.9709434321870924e-06,0.00032685114047434105,0.6966673443519292
0.8680000000000007,0.0040000000000000036,0.0,0.0010514436117854851,0.00025856608140415827,2.9732024662263742e-06,0.0003384512602409162,0.6969438912700844
0.8720000000000007,0.0040000000000000036,0.0,0.001057880787203899,0.00025995234858958453,2.9753157642798785e-06,0.0003494530938086125,0.6972191906074708
0.8760000000000007,0.0040000000000000036,0.0,0.0010644182872761845,0.00026138084678950665,2.9772790124920736e-06,0.0003598540108090029,0.6974932478618542
0.8800000000000007,0.0040000000000000036,0.0,0.0010710469213604547,0.0002628491670064269,2.979088709946272e-06,0.00036965213801127937,0.6977660684971084
0.8840000000000007,0.0040000000000000036,0.0,0.0010777575474005146,0.0002643548949479486,2.980742167573361e-06,0.0003788463460700158,0.698037657943661
0.8880000000000007,0.0040000000000000036,0.0,0.001084541082346466,0.00026589561396142287,2.9822375031359287e-06,0.00038743623580518897,0.6983080215989765
0.8920000000000007,0.0040000000000000036,0.0,0.0010913885113665444,0.0002674689079124825,2.983573632566751e-06,0.0003954221240501979,0.6985771648280894
0.8960000000000007,0.0040000000000000036,0.0,0.0010982908973217178,0.00026907236400583315,2.984750257540156e-06,0.0004028050291042684,0.6988450929641769
0.9000000000000007,0.0040000000000000036,0.0,0.0011052393896966769,0.0002707035755467744,2.9857678496187135e-06,0.00040958665581083747,0.6991118113091688
0.9040000000000007,0.0040000000000000036,0.0,0.0011122252335227447,0.0002723601446420377,2.9866276309820064e-06,0.00041576938029304285,0.699377325134394
0.9080000000000007,0.0040000000000000036,0.0,0.0011192397778138174,0.0002740396848386271,2.987331551941334e-06,0.000421356234365653,0.6996416396812608
0.9120000000000007,0.0040000000000000036,0.0,0.0011262744838525906,0.00027573982369941586,2.9878822655618054e-06,0.00042635088964246905,0.6999047601619702
0.9160000000000007,0.0040000000000000036,0.0,0.0011333209332593513,0.0002774582053143215,2.9882830992465294e-06,0.00043075764135294166,0.7001666917602521
0.9200000000000007,0.0040000000000000036,0.0,0.0011403708354900744,0.00027919249274594696,2.988538023835768e-06,0.0004345813918871694,0.7004274396321298
0.9240000000000007,0.0040000000000000036,0.0,0.0011474160354952199,0.00028094037040863034,2.988651620226747e-06,0.00043782763407873007,0.7006870089067058
0.9280000000000007,0.0040000000000000036,0.0,0.0011544485205065298,0.00028269954637988933,2.988629043780851e-06,0.0004405024342377942,0.7009454046869643
0.9320000000000007,0.0040000000000000036,0.0,0.001161460427361217,0.00028446775464330005,2.9884759866922853e-06,0.00044261241494970426,0.701202632050589
0.9360000000000007,0.0040000000000000036,0.0,0.001168444048761771,0.0002862427572618905,2.9881986386197346e-06,0.000444164737642758,0.7014586960507936
0.9400000000000007,0.0040000000000000036,0.0,0.0011753918392146498,0.0002880223464811708,2.98780364583706e-06,0.0004451670849436499,0.7017136017171576
0.9440000000000007,0.0040000000000000036,0.0,0.0011822964218268018,0.00028980434676097037,2.9872980689878708e-06,0.000445627642824886,0.7019673540564685
0.9480000000000007,0.0040000000000000036,0.0,0.0011891505931644574,0.0002915866167353005,2.98668933973503e-06,0.0004455550825631521,0.7022199580535647
0.9520000000000007,0.0040000000000000036,0.0,0.0011959473290780647,0.000293367051099496,2.9859852166028702e-06,0.00044495854251154525,0.702471418672178
0.9560000000000007,0.0040000000000000036,0.0,0.0012026797896500813,0.00029514358242394966,2.985193740225417e-06,0.0004438476097042609,0.7027217408557639
0.9600000000000007,0.0040000000000000036,0.0,0.0012093413238927395,0.0002969141828938019,2.984323188156481e-06,0.000442232301305776,0.7029709295283302
0.9640000000000007,0.0040000000000000036,0.0,0.0012159254745211163,0.00029867686597399986,2.983382029571636e-06,0.00044012304591662993,0.7032189895952486
0.9680000000000007,0.0040000000000000036,0.0,0.0012224259818415368,0.0003004296879992031,2.9823788799321955e-06,0.00043753066475117505,0.7034659259440498
0.9720000000000008,0.0040000000000000036,0.0,0.0012288367876428317,0.00030217074968806406,2.981322456017045e-06,0.0004344663527030651,0.7037117434452036
0.9760000000000008,0.0040000000000000036,0.0,0.0012351520389512762,0.000303898197581495,2.9802215314385133e-06,0.00043094165931627937,0.7039564469528713
0.9800000000000008,0.0040000000000000036,0.0,0.0012413660915155523,0.0003056102254045732,2.9790848927691777e-06,0.00042696846967343904,0.7042000413056378
0.9840000000000008,0.0040000000000000036,0.0,0.0012474735120918568,0.0003073050753518345,2.9779212966086847e-06,0.0004225589852255091,0.7044425313272149
0.9880000000000008,0.0040000000000000036,0.0,0.0012534690819996767,0.00030898103929575193,2.9767394277616675e-06,0.0004177257045773264,0.7046839218271117
0.9920000000000008,0.0040000000000000036,0.0,0.0012593477990334551,0.0003106364599182926,2.9755478585766875e-06,0.00041248140424734184,0.7049242176012759
0.9960000000000008,0.0040000000000000036,0.0,0.0012651048796630978,0.00031226973176550556,2.9743550097942653e-06,0.00040683911942352,0.7051634234326944
1.0000000000000007,0.0039999999999998925,0.0,0.0012707357609363368,0.00031387930222518496,2.973169112923239e-06,0.0004008121247333284,0.7054015440919659
1.0040000000000007,0.0040000000000000036,0.0,0.0012762361020380948,0.0003154636724277256,2.9719981743352277e-06,0.0003944139150491108,0.7056385843378228
1.0080000000000007,0.0040000000000000036,0.0,0.0012816017857216154,0.0003170213980703683,2.970849941294396e-06,0.00038765818634623237,0.7058745489176234
1.0120000000000007,0.0040000000000000036,0.0,0.0012868289188681008,0.00031855109016511803,2.9697318699138524e-06,0.00038055881663825834,0.7061094425677942
1.0160000000000007,0.0040000000000000036,0.0,0.0012919138336019446,0.0003200514157106942,2.9686510951846936e-06,0.00037312984700703524,0.7063432700142311
1.0200000000000007,0.0040000000000000036,0.0,0.0012968530876874228,0.0003215210982889647,2.967614403266952e-06,0.0003653854627494593,0.7065760359726598
1.0240000000000007,0.0040000000000000036,0.0,0.0013016434644207355,0.0003229589185863746,2.9666282060198097e-06,0.00035733997465868436,0.7068077451489436
1.0280000000000007,0.0040000000000000036,0.0,0.001306281972986588,0.00032436371484098603,2.965698517955866e-06,0.00034900780046354086,0.7070384022393531
1.0320000000000007,0.0040000000000000036,0.0,0.0013107658478473945,0.0003257343832158061,2.964830935581686e-06,0.0003404034464419211,0.7072680119307835
1.0360000000000007,0.0040000000000000036,0.0,0.0013150925481348712,0.0003270698780991678,2.9640306191464394e-06,0.0003315414892311776,0.7074965789009298
1.0400000000000007,0.0040000000000000036,0.0,0.0013192597568906746,0.00032836921233299576,2.9633022769670265e-06,0.0003224365578508829,0.7077241078184141
1.0440000000000007,0.0040000000000000036,0.0,0.0013232653800889598,0.0003296314573698744,2.9626501522657338e-06,0.00031310331595965033,0.7079506033428664
1.0480000000000007,0.0040000000000000036,0.0,0.0013271075448714363,0.0003308557433598923,2.9620780125898647e-06,0.00030355644436125056,0.7081760701249625
1.0520000000000007,0.0040000000000000036,0.0,0.0013307845986884569,0.00033204125916832324,2.9615891416768632e-06,0.0002938106237781329,0.708400512806414
1.0560000000000007,0.0040000000000000036,0.0,0.0013342951068395664,0.0003331872523252572,2.9611863338670424e-06,0.00028388051791066013,0.7086239360199166
1.0600000000000007,0.0040000000000000036,0.0,0.0013376378508557708,0.0003342930289083692,2.960871891082072e-06,0.00027378075679559516,0.7088463443890559
1.0640000000000007,0.0040000000000000036,0.0,0.0013408118262208714,0.00033535795336007133,2.9606476222221706e-06,0.00026352592048297724,0.7090677425281706
1.0680000000000007,0.0040000000000000036,0.0,0.0013438162396926794,0.00033638144824034465,2.9605148448530197e-06,0.0002531305230368745,0.7092881350421788
1.0720000000000007,0.0040000000000000036,0.0,0.0013466505071364678,0.0003373629939166247,2.9604743895943135e-06,0.0002426089968898973,0.7095075265263618
1.0760000000000007,0.0040000000000000036,0.0,0.0013493142501329687,0.00033830212819213607,2.960526606300369e-06,0.00023197567754739868,0.7097259215661096
1.0800000000000007,0.0040000000000000036,0.0,0.0013518072933452684,0.0003391984458741687,2.9606713727896166e-06,0.00022124478866840822,0.7099433247366493
1.0840000000000007,0.0040000000000000036,0.0,0.0013541296613167294,0.0003400515982837671,2.9609081057066236e-06,0.0002104304275228143,0.7101597406027109
1.0880000000000007,0.0040000000000000036,0.0,0.0013562815747002264,0.00034086129270842355,2.961235773093755e-06,0.00019954655084896303,0.7103751737181908
1.0920000000000007,0.0040000000000000036,0.0,0.0013582634472237615,0.00034162729179935063,2.9616529091667716e-06,0.00018860696111126812,0.7105896286257684
1.0960000000000008,0.0040000000000000036,0.0,0.0013600758815787157,0.00034234941291497607,2.962157630803875e-06,0.0001776252931763583,0.7108031098565106
1.1000000000000008,0.0040000000000000036,0.0,0.0013617196657789417,0.00034302752741233004,2.962747655763825e-06,0.00016661500141360472,0.7110156219294463
1.1040000000000008,0.0040000000000000036,0.0,0.0013631957688333015,0.0003436615598880243,2.9634203223327506e-06,0.00015558934723398904,0.7112271693511171
1.1080000000000008,0.0040000000000000036,0.0,0.001364505337106291,0.00034425148737055646,2.964172610607253e-06,0.00014456138707637277,0.7114377566151165
1.1120000000000008,0.0040000000000000036,0.0,0.0013656496893959874,0.0003447973384656953,2.965001164898665e-06,0.00013354396085599134,0.711647388201607
1.1160000000000008,0.0040000000000000036,0.0,0.001366630313077178,0.0003452991924567368,2.9659023173722092e-06,0.000122549680896081,0.7118560685768326
1.1200000000000008,0.0040000000000000036,0.0,0.001367448859176026,0.0003457571783614254,2.9668721128040854e-06,0.00011159092136480136,0.7120638021926096
1.1240000000000008,0.0040000000000000036,0.0,0.001368107137743361,0.0003461714739473724,2.967906334077379e-06,0.00010067980826724162,0.71227059348582
1.1280000000000008,0.0040000000000000036,0.0,0.0013686071134256103,0.0003465423047078079,2.969000528439073e-06,8.982821007052481e-05,0.7124764468778945
1.1320000000000008,0.0040000000000000036,0.0,0.001368950900078942,0.0003468699427995105,2.9701500344971276e-06,7.904772912157444e-05,0.7126813667742927
1.1360000000000008,0.0040000000000000036,0.0,0.0013691407564363142,0.00034715470594479255,2.971350009545657e-06,6.834969421394125e-05,0.7128853575639861
1.1400000000000008,0.0040000000000000036,0.0,0.0013691790802926455,0.00034739695629940135,2.9725954571937106e-06,5.7745155137078846e-05,0.7130884236189383
1.1440000000000008,0.0040000000000000036,0.0,0.0013690684042702791,0.00034759709928822727,2.973881255252855e-06,4.724488149657518e-05,0.7132905692935984
1.1480000000000008,0.0040000000000000036,0.0,0.001368811389981628,0.00034775558241068944,2.9752021837170433e-06,3.6859373059662976e-05,0.7134917989243946
1.1520000000000008,0.0040000000000000036,0.0,0.001368410823001336,0.00034787289401768957,2.976552952336191e-06,2.659891075977401e-05,0.7136921168292348
1.1560000000000008,0.0040000000000000036,0.0,0.0013678696076544193,0.0003479495620620219,2.9779282282940685e-06,1.6473817899739662e-05,0.7138915273070294
1.1600000000000008,0.0040000000000000036,0.0,0.0013671907615187022,0.0003479861528241157,2.979322663336954e-06,6.497158259841318e-06,0.7140900346372193
1.1640000000000008,0.0040000000000000036,0.0,0.0013663774101891181,0.00034798326961499765,2.980730920482925e-06,3.3600476233172025e-06,0.71428764307932
1.1680000000000008,0.0040000000000000036,0.0,0.0013654327817969878,0.00034794155145834486,2.9821477001315557e-06,1.3013405411463076e-05,0.7144843568724988
1.1720000000000008,0.0040000000000000036,0.0,0.0013643602013448965,0.00034786167175347314,2.983567765327743e-06,2.250787230306379e-05,0.7146801802351334
1.1760000000000008,0.0040000000000000036,0.0,0.0013631630856509986,0.0003477443369211406,2.984985966368368e-06,3.1824768615800284e-05,0.7148751173644362
1.1800000000000008,0.0040000000000000036,0.0,0.0013618449375831622,0.00034759028503400204,2.9863972643585856e-06,4.0955440048676964e-05,0.715069172436076
1.1840000000000008,0.0040000000000000036,0.0,0.0013604093406209305,0.00034740028443352826,2.987796753691826e-06,4.989220108053146e-05,0.7152623496038265
1.1880000000000008,0.0040000000000000036,0.0,0.00135885995340268,0.00034717513233522326,2.9891796835473224e-06,5.862784734611161e-05,0.7154546529992456
1.1920000000000008,0.0040000000000000036,0.0,0.0013572005041588178,0.0003469156534239156,2.990541478138149e-06,6.715556832766198e-05,0.7156460867313742
1.1960000000000008,0.0040000000000000036,0.0,0.0013554347854229248,0.0003466226984409166,2.991877755603693e-06,7.54689240945286e-05,0.7158366548864681
1.2000000000000008,0.0040000000000000036,0.0,0.0013535666484332744,0.0003462971427647897,2.9931843456530004e-06,8.356183777589435e-05,0.7160263615277535
1.2040000000000008,0.0040000000000000036,0.0,0.0013515999974530607,0.0003459398849874763,2.994457305743283e-06,9.142859282610759e-05,0.7162152106952148
1.2080000000000009,0.0040000000000000036,0.0,0.0013495387850632693,0.00034555184548747375,2.9956929358526516e-06,9.906383186631354e-05,0.7164032064054077
1.2120000000000009,0.0040000000000000036,0.0,0.0013473870060355367,0.00034513396500177143,2.9968877917489287e-06,0.00010646255596875604,0.7165903526513067
1.2160000000000009,0.0040000000000000036,0.0,0.0013451486924803077,0.0003446872031981821,2.99803869676895e-06,0.0001136201239437552,0.7167766534021758
1.2200000000000009,0.0040000000000000036,0.0,0.0013428279082885115,0.00034421253724971975,2.9991427519214367e-06,0.00012053225142787802,0.7169621126034748
1.2240000000000009,0.0040000000000000036,0.0,0.0013404287443383647,0.00034371096041261397,3.0001973445511827e-06,0.0001271950096896309,0.7171467341767935
1.2280000000000009,0.0040000000000000036,0.0,0.001337955312641217,0.00034318348060953795,3.001200155386733e-06,0.00013360482411100012,0.7173305220198161
1.2320000000000009,0.0040000000000000036,0.0,0.0013354117418145678,0.00034263111901958594,3.002149163941782e-06,0.0001397584723226675,0.7175134800063103
1.2360000000000009,0.0040000000000000036,0.0,0.001332802171892248,0.00034205490867651245,3.003042652459136e-06,0.00014565308199107545,0.7176956119861517
1.2400000000000009,0.0040000000000000036,0.0,0.0013301307491234643,0.0003414558930767059,3.003879208209241e-06,0.00015128612825294135,0.7178769217853748
1.2440000000000009,0.0040000000000000036,0.0,0.001327401621423109,0.0003408351247983313,3.0046577242519078e-06,0.00015665543080386836,0.718057413206247
1.2480000000000009,0.0040000000000000036,0.0,0.0013246189332200232,0.0003401936641330462,3.005377398713587e-06,0.00016175915064713247,0.7182370900273753
1.252000000000001,0.0040000000000000036,0.0,0.0013217868210338424,0.0003395325777316517,3.006037732596986e-06,0.0001665957865058229,0.718415956003834
1.256000000000001,0.0040000000000000036,0.0,0.0013189094085249845,0.0003388529372650184,3.0066385261339772e-06,0.0001711641709082192,0.7185940148673223
1.260000000000001,0.0040000000000000036,0.0,0.0013159908022725476,0.00033815581810155187,3.007179873719213e-06,0.0001754634659626971,0.7187712703263418
1.264000000000001,0.0040000000000000036,0.0,0.0013130350871057624,0.0003374422980024654,3.007662157581999e-06,0.0001794931588176301,0.7189477260663955
1.268000000000001,0.0040000000000000036,0.0,0.0013100463216590209,0.0003367134558360575,3.008086040078776e-06,0.0001832530568271811,0.719123385750212
1.272000000000001,0.0040000000000000036,0.0,0.0013070285344086204,0.0003359703703121632,3.008452454878012e-06,0.00018674328242951766,0.7192982530179887
1.276000000000001,0.0040000000000000036,0.0,0.001303985719433405,0.00033521411873790196,3.008762596979094e-06,0.00018996426774512228,0.7194723314876522
1.280000000000001,0.0040000000000000036,0.0,0.0013009218320669295,0.0003344457757958022,3.009017911611702e-06,0.0001929167489124276,0.7196456247551362
1.284000000000001,0.0040000000000000036,0.0,0.0012978407854679476,0.00033366641234534194,3.009220082167958e-06,0.00019560176016234282,0.7198181363946756
1.288000000000001,0.0040000000000000036,0.0,0.0012947464464981137,0.00033287709424889805,3.009371017242776e-06,0.00019802062765155216,0.7199898699591141
1.292000000000001,0.0040000000000000036,0.0,0.001291642632102191,0.00033207888122305175,3.0094728367545334e-06,0.0002001749630603412,0.7201608289802258
1.296000000000001,0.0040000000000000036,0.0,0.0012885331056001756,0.0003312728257161623,3.009527857425873e-06,0.0002020666569649028,0.7203310169690471
1.300000000000001,0.0040000000000000036,0.0,0.0012854215735855028,0.00033045997181306396,3.0095385775491147e-06,0.00020369787200135702,0.7205004374162179
1.304000000000001,0.0040000000000000036,0.0,0.0012823116822327436,0.00032964135416769765,3.0095076612076445e-06,0.00020507103582769728,0.7206690937923311
1.308000000000001,0.0040000000000000036,0.0,0.0012792070143991044,0.0003288179969644579,3.009437921951112e-06,0.00020618883389425966,0.7208369895482879
1.312000000000001,0.0040000000000000036,0.0,0.0012761110861474179,0.0003279909129089631,3.0093323060780264e-06,0.0002070542020411419,0.7210041281156577
1.316000000000001,0.0040000000000000036,0.0,0.0012730273443443624,0.00032716110224894376,3.00919387563548e-06,0.00020767031892263257,0.7211705129070424
1.320000000000001,0.0040000000000000036,0.0,0.0012699591632610125,0.0003263295518258754,3.009025791373484e-06,0.00020804059828269627,0.7213361473164492
1.324000000000001,0.0040000000000000036,0.0,0.0012669098423568298,0.00032549723415792396,3.0088312952122017e-06,0.00020816868108539886,0.721501034719637
1.328000000000001,0.0040000000000000036,0.0,0.0012638826035178152,0.00032466510655477664,3.0086136929241354e-06,0.00020805842750908402,0.7216651784745
1.332000000000001,0.0040000000000000036,0.0,0.0012608805886278232,0.00032383411026483096,3.0083763367582016e-06,0.00020771390882468686,0.721828581921423
1.336000000000001,0.0040000000000000036,0.0,0.0012579068572217897,0.0003230051696551978,3.00812260828515e-06,0.0002071393991621711,0.7219912483836368
1.340000000000001,0.0040000000000000036,0.0,0.0012549643845841574,0.00032217919142492,3.007855901319312e-06,0.00020633936718056554,0.7221531811675738
1.344000000000001,0.0040000000000000036,0.0,0.0012520560594212091,0.00032135706385176804,3.0075796052793005e-06,0.00020531846764892202,0.7223143835632118
1.348000000000001,0.0040000000000000036,0.0,0.0012491846820861384,0.00032053965607293096,3.0072970887222193e-06,0.0002040815329527036,0.7224748588444148
1.352000000000001,0.0040000000000000036,0.0,0.001246352963106811,0.00031972781739985815,3.0070116834774618e-06,0.0002026335645374504,0.7226346102692592
1.356000000000001,0.0040000000000000036,0.0,0.00124356352104701,0.00031892237666749366,3.006726669210044e-06,0.00020097972429542022,0.722793641080356
1.360000000000001,0.0040000000000000036,0.0,0.0012408188813092748,0.0003181241416180773,3.0064452585737066e-06,0.00019912532591179687,0.7229519545051573
1.364000000000001,0.0040000000000000036,0.0,0.0012381214747363466,0.0003173338983196497,3.0061705829713913e-06,0.0001970758261791669,0.723109553756255
1.368000000000001,0.0040000000000000036,0.0,0.001235473636644831,0.00031655241061936306,3.0059056789443663e-06,0.00019483681628875094,0.7232664420316641
1.372000000000001,0.0040000000000000036,0.0,0.0012328776052244954,0.00031578041963164816,3.005653475402026e-06,0.0001924140131121738,0.7234226225150946
1.376000000000001,0.0040000000000000036,0.0,0.0012303355208352375,0.0003150186432612557,3.005416781602582e-06,0.00018981325048176445,0.7235780983762088
1.380000000000001,0.0040000000000000036,0.0,0.0012278494254987196,0.0003142677757611355,3.0051982759336326e-06,0.00018704047048273645,0.7237328727708637
1.384000000000001,0.0040000000000000036,0.0,0.0012254212614162155,0.00031352848732509324,3.0050004955043203e-06,0.0001841017147610443,0.7238869488413383
1.388000000000001,0.0040000000000000036,0.0,0.0012230528712289502,0.0003128014237151163,3.004825826779074e-06,0.0001810031158642243,0.7240403297165492
1.392000000000001,0.0040000000000000036,0.0,0.0012207459971407533,0.00031208720592321886,3.004676496982926e-06,0.0001777508886184233,0.7241930185122432
1.396000000000001,0.0040000000000000036,0.0,0.001218502280442292,0.0003113864298676333,3.0045545665179807e-06,0.0001743513215552156,0.7243450183311844
1.400000000000001,0.0040000000000000036,0.0,0.0012163232617217242,0.0003106996661231162,3.004461922328117e-06,0.0001708107683950907,0.7244963322633154
1.404000000000001,0.0040000000000000036,0.0,0.001214210380403896,0.00031002745968511895,3.004400272254726e-06,0.00016713563959857577,0.7246469633859096
1.408000000000001,0.0040000000000000036,0.0,0.0012121649751714225,0.00030937032976752817,3.0043711403740937e-06,0.00016333239399202347,0.7247969147637041
1.412000000000001,0.0040000000000000036,0.0,0.0012101871945885065,0.0003087282734110001,3.00437564958404e-06,0.00015965568960120424,0.7247969147637041
1.416000000000001,0.0040000000000000036,0.0,0.001208275269691465,0.0003081004846977191,3.0044143373157627e-06,0.0001560359134796767,0.7249461894490175
1.420000000000001,0.0040000000000000036,0.0,0.0012064308766619766,0.00030748775589622664,3.0044883970437826e-06,0.00015221604615276032,0.7250966828788612
1.424000000000001,0.0040000000000000036,0.0,0.0012046556210093841,0.00030689086521706676,3.0045988687336755e-06,0.0001482096633006713,0.7252461132175039
1.428000000000001,0.0040000000000000036,0.0,0.0012029508639934347,0.000306310472614438,3.0047464866061385e-06,0.00014404553785434744,0.7253945821769335
1.432000000000001,0.0040000000000000036,0.0,0.0012013177469232038,0.0003057471352994409,3.0049317163103885e-06,0.0001397477553638713,0.7255421846526474
1.436000000000001,0.0040000000000000036,0.0,0.0011997572266746433,0.0003052013302999456,3.0051547903420803e-06,0.00013533512611615958,0.7256889865766856
1.440000000000001,0.0040000000000000036,0.0,0.0011982701029513868,0.00030467347147592746,3.0054157329267696e-06,0.0001308225834016799,0.7258350340039528
1.444000000000001,0.0040000000000000036,0.0,0.001196857037737001,0.00030416392131425404,3.0057143775809785e-06,0.00012622238459582234,0.7259803592842614
1.448000000000001,0.0040000000000000036,0.0,0.0011955198644537438,0.00030367373603056746,3.006049960306328e-06,0.00012117639301886346,0.7262689285564276
1.452000000000001,0.0040000000000000036,0.0,0.001194262122414218,0.0003032049233217158,3.006420955934362e-06,0.00011587921968326692,0.726410379208749
1.456000000000001,0.0040000000000000036,0.0,0.0011930826871015799,0.00030275685510678735,3.006826989378188e-06,0.00011072124350157733,0.7265515680068494
1.460000000000001,0.0040000000000000036,0.0,0.0011919794983894104,0.0003023283943396234,3.0072680818715475e-06,0.00010602333469962062,0.7265515680068494
1.464000000000001,0.0040000000000000036,0.0,0.0011909488710325055,0.0003019175018352722,3.0077449239794335e-06,0.00010159003423829182,0.7266923768717876
1.468000000000001,0.0040000000000000036,0.0,0.0011899929488749194,0.00030152567199591684,3.008255419506296e-06,9.655993176382904e-05,0.7269757561873662
1.472000000000001,0.0040000000000000036,0.0,0.0011891157252267724,0.0003011555441308735,3.008796369492235e-06,9.117972334205034e-05,0.7271143932434679
1.476000000000001,0.0040000000000000036,0.0,0.00118831584103099,0.00030080649082006583,3.0093667763869637e-06,8.594085517941003e-05,0.727252660893627
1.480000000000001,0.0040000000000000036,0.0,0.0011875909341610938,0.0003004772732086314,3.0099662625707865e-06,8.120676215970226e-05,0.727252660893627
1.484000000000001,0.0040000000000000036,0.0,0.0011869370494810793,0.00030016565903106455,3.0105954981874573e-06,7.675955741871626e-05,0.7273904797135129
1.488000000000001,0.0040000000000000036,0.0,0.0011863562215623062,0.0002998732792950489,3.0112514522256673e-06,7.166565715248164e-05,0.7276676992300024
1.492000000000001,0.0040000000000000036,0.0,0.0011858509772428387,0.00029960211040199516,3.011930598406871e-06,6.662649011673052e-05,0.7276676992300024
1.496000000000001,0.0040000000000000036,0.0,0.0011854165818908243,0.00029934939916023885,3.0126337635733248e-06,6.199217363803552e-05,0.7278032813732068
1.500000000000001,0.0040000000000000036,0.0,0.0011850529848812775,0.0002991154976008243,3.013358662354436e-06,5.7252156603975075e-05,0.7279402017294462
1.5040000000000011,0.0040000000000000036,0.0,0.0011847616622743058,0.0002989018202073804,3.0141019941524095e-06,5.193950871041395e-05,0.7282116693903601
1.5080000000000011,0.0040000000000000036,0.0,0.0011845453517951674,0.0002987107333064616,3.014859024524284e-06,4.6377471883903975e-05,0.7283445976447547
1.5120000000000011,0.0040000000000000036,0.0,0.001184400266229213,0.000298540197014908,3.0156292480762713e-06,4.151301491649037e-05,0.7283445976447547
1.5160000000000011,0.0040000000000000036,0.0,0.0011843215726672748,0.0002983873689838564,3.0164134632080616e-06,3.706470950116523e-05,0.7284772247879006
1.5200000000000011,0.0040000000000000036,0.0,0.0011843090530765702,0.00029825261645315154,3.0172092027416157e-06,3.2507762566630805e-05,0.7286111343430953
1.5240000000000011,0.0040000000000000036,0.0,0.0011843626461872845,0.00029813642343591974,3.0180139510387992e-06,2.784496365490586e-05,0.7287442390432709
1.5280000000000011,0.0040000000000000036,0.0,0.00118448192208088,0.0002980390547581748,3.0188252786940256e-06,2.3129580257096832e-05,0.7288765841274546
1.5320000000000011,0.0040000000000000036,0.0,0.001184666133774685,0.00029796058959276247,3.0196408394749435e-06,1.840402049608175e-05,0.7290082230908557
1.5360000000000011,0.0040000000000000036,0.0,0.0011849143037118888,0.00029790097734386445,3.020458369333596e-06,1.3697806880292332e-05,0.7291391933414141
1.5400000000000011,0.0040000000000000036,0.0,0.0011852264801428154,0.00029786098310758357,3.021274810858657e-06,8.579102408716278e-06,0.72939922557317
1.5440000000000011,0.0040000000000000036,0.0,0.0011856038358474587,0.000297842381340107,3.022085803997615e-06,3.351541078280103e-06,0.7295266814178949
1.5480000000000012,0.0040000000000000036,0.0,0.001186041828663433,0.0002978427290377416,3.022890858284948e-06,1.1211187230214687e-06,0.7295266814178949
1.5520000000000012,0.0040000000000000036,0.0,0.00118653537543181,0.000297858955393469,3.023690663989276e-06,5.080669182615023e-06,0.7296538978901504
1.5560000000000012,0.0040000000000000036,0.0,0.001187084790313985,0.00029789209108030103,3.024482490212742e-06,9.556963301879448e-06,0.7299101073632474
1.5600000000000012,0.0040000000000000036,0.0,0.0011876917549300673,0.00029794437526719386,3.025262351391062e-06,1.4246831487285988e-05,0.7300355109401552
1.5640000000000012,0.0040000000000000036,0.0,0.0011883531159088381,0.0002980144542656384,3.0260289928443454e-06,1.862309317521883e-05,0.7301606032090043
1.5680000000000012,0.0040000000000000036,0.0,0.0011890662154839325,0.0002981013050118676,3.0267811481508966e-06,2.2759977566131952e-05,0.7302853045390408
1.5720000000000012,0.0040000000000000036,0.0,0.0011898287230703408,0.00029820412403390575,3.0275175589172013e-06,2.6706798081392325e-05,0.7304095611999224
1.5760000000000012,0.0040000000000000036,0.0,0.0011906385226365518,0.0002983222527526061,3.028236996630987e-06,3.0496041807309026e-05,0.7305333372964673
1.5800000000000012,0.0040000000000000036,0.0,0.0011914936361921884,0.0002984551272408943,3.0289382832714203e-06,3.414886574778309e-05,0.7306566091652914
1.5840000000000012,0.0040000000000000036,0.0,0.0011923912965372731,0.0002986014807439718,3.029620709128802e-06,3.72969321663352e-05,0.7306566091652914
1.5880000000000012,0.0040000000000000036,0.0,0.001193327910442746,0.0002987591326317094,3.03028440054928e-06,4.016331818958335e-05,0.7307793615042659
1.5920000000000012,0.0040000000000000036,0.0,0.0011943042368453023,0.0002989295154478899,3.0309278724734325e-06,4.3595126368779385e-05,0.731026052714464
1.5960000000000012,0.0040000000000000036,0.0,0.0011953209841755168,0.00029911422103008514,3.031549307437116e-06,4.6922810126627426e-05,0.731026052714464
1.6000000000000012,0.0040000000000000036,0.0,0.0011963746663034875,0.00029931131999361133,3.0321485537703587e-06,5.0211143029199335e-05,0.7312683883268181
1.6040000000000012,0.0040000000000000036,0.0,0.0011974657093805849,0.0002995224595926963,3.0327242540124915e-06,5.364092676942187e-05,0.7313878671571262
1.6080000000000012,0.0040000000000000036,0.0,0.001198591217465789,0.0002997464993974551,3.033275934139352e-06,5.68027779562697e-05,0.7315069949495345
1.6120000000000012,0.0040000000000000036,0.0,0.0011997479990943308,0.00029998188934629116,3.033803304129655e-06,5.9428083696847664e-05,0.7315069949495345
1.6160000000000012,0.0040000000000000036,0.0,0.001200933308921065,0.0003002271617525843,3.0343063990221782e-06,6.209352886545969e-05,0.7317454843416108
1.6200000000000012,0.0040000000000000036,0.0,0.0012021476927793501,0.0003004840724556733,3.03478499755146e-06,6.493654919510312e-05,0.7318629558521413
1.6240000000000012,0.0040000000000000036,0.0,0.0012033885534174676,0.00030075166691768957,3.035239027208992e-06,6.755310997071104e-05,0.7319800381313222
1.6280000000000012,0.0040000000000000036,0.0,0.001204653552360635,0.0003010291550966731,3.035668558368099e-06,6.99802244539125e-05,0.7320966880369848
1.6320000000000012,0.0040000000000000036,0.0,0.001205940526676658,0.00030131585598004533,3.0360737901264735e-06,7.224241689690276e-05,0.7322128767143908
1.6360000000000012,0.0040000000000000036,0.0,0.001207247433568868,0.00030161116071591987,3.0364550410121714e-06,7.435591402931127e-05,0.7323285851710329
1.6400000000000012,0.0040000000000000036,0.0,0.0012085718586278497,0.00030191398618087807,3.0368124974302015e-06,7.607042795646685e-05,0.7323285851710329
1.6440000000000012,0.0040000000000000036,0.0,0.0012099111885163429,0.000302222672185162,3.037146214496106e-06,7.755670855752305e-05,0.7324438011903536
1.6480000000000012,0.0040000000000000036,0.0,0.0012112652730600201,0.00030253806604525714,3.037457481096834e-06,7.939225058259516e-05,0.7326753403759522
1.6520000000000012,0.0040000000000000036,0.0,0.0012126340605428043,0.0003028615127839241,3.0377479012887567e-06,8.133328023738445e-05,0.7327885143623596
1.6560000000000012,0.0040000000000000036,0.0,0.0012140149226957508,0.0003031919830286499,3.0380180294912283e-06,8.303077363444325e-05,0.7329013486446031
1.6600000000000013,0.0040000000000000036,0.0,0.001215405532160275,0.0003035286342780227,3.0382685845773166e-06,8.45268622961684e-05,0.7330137904701105
1.6640000000000013,0.0040000000000000036,0.0,0.0012168037699338535,0.00030387074910897123,3.038500416502107e-06,8.584977982472961e-05,0.733125804233075
1.6680000000000013,0.0040000000000000036,0.0,0.0012182076636373014,0.00030421769428148925,3.0387144827694456e-06,8.701856622431831e-05,0.7332373662257202
1.6720000000000013,0.0040000000000000036,0.0,0.001219615140089916,0.0003045685386955987,3.038911372258576e-06,8.786865261479641e-05,0.7332373662257202
1.6760000000000013,0.0040000000000000036,0.0,0.0012210242721930168,0.0003049220060538126,3.039091154985476e-06,8.853212209514367e-05,0.7333484609496053
1.6800000000000013,0.0040000000000000036,0.0,0.0012224342463712462,0.00030527820653911456,3.039255532806865e-06,8.92253739042686e-05,0.7334604851500393
1.6840000000000013,0.0040000000000000036,0.0,0.0012238442161457926,0.0003056372168343332,3.0394061436698866e-06,8.992388490631859e-05,0.7335717337019543
1.6880000000000013,0.0040000000000000036,0.0,0.0012252531821753216,0.0003059992148569495,3.0395450395059733e-06,9.072978986657386e-05,0.7337921831385492
1.6920000000000013,0.0040000000000000036,0.0,0.0012266596818733197,0.0003063642681516388,3.0396743813673303e-06,9.136719386427538e-05,0.7337921831385492
1.6960000000000013,0.0040000000000000036,0.0,0.0012280615945082158,0.0003067309355913641,3.0397938288074047e-06,9.174321862957522e-05,0.7339001058860438
1.7000000000000013,0.0040000000000000036,0.0,0.0012294574636709482,0.00030709884265071565,3.039904894922715e-06,9.203679072648452e-05,0.7340091452244184
1.7040000000000013,0.0040000000000000036,0.0,0.0012308460145609513,0.00030746792255942823,3.040009629730464e-06,9.236069175770475e-05,0.734225421092617
1.7080000000000013,0.0040000000000000036,0.0,0.0012322256177913333,0.0003078380553771592,3.040110226664867e-06,9.252504373051278e-05,0.734225421092617
1.7120000000000013,0.0040000000000000036,0.0,0.0012335946432610334,0.00030820809269131385,3.0402063400192063e-06,9.247316430671563e-05,0.7343313451150545
1.7160000000000013,0.0040000000000000036,0.0,0.0012349517112109538,0.00030857764725186147,3.0402994324744447e-06,9.233375730027132e-05,0.7344383825642166
1.7200000000000013,0.0040000000000000036,0.0,0.001236295602168335,0.00030894642133886884,3.0403909912100915e-06,9.211735559200167e-05,0.7345448348900505
1.7240000000000013,0.0040000000000000036,0.0,0.001237625066396283,0.0003093140800668964,3.0404824246980218e-06,9.181473745974725e-05,0.7346507187691723
1.7280000000000013,0.0040000000000000036,0.0,0.0012389388315354544,0.0003096802565396211,3.0405750689335357e-06,9.14189660334334e-05,0.7347560637098898
1.7320000000000013,0.0040000000000000036,0.0,0.0012402354349945821,0.0003100446183545888,3.0406706139140396e-06,9.095242821830166e-05,0.7349652142252884
1.7360000000000013,0.0040000000000000036,0.0,0.0012415131111031168,0.00031040678660092556,3.0407708937338972e-06,9.035417122789126e-05,0.7349652142252884
1.7400000000000013,0.0040000000000000036,0.0,0.0012427708686470933,0.00031076615542732604,3.0408760188398514e-06,8.963101725159887e-05,0.7351713385035133
1.7440000000000013,0.0040000000000000036,0.0,0.0012440069732226825,0.00031112230943020644,3.040987701260355e-06,8.879516669994414e-05,0.7351713385035133
1.7480000000000013,0.0040000000000000036,0.0,0.0012452209992968417,0.00031147483609123754,3.0411058224442295e-06,8.786590873716656e-05,0.7352730943637988
1.7520000000000013,0.0040000000000000036,0.0,0.001246411912751319,0.00031182341224088425,3.0412314852649023e-06,8.68591897956216e-05,0.7353758946313571
1.7560000000000013,0.0040000000000000036,0.0,0.001247578432551702,0.0003121676848363076,3.0413660473906816e-06,8.574768880308826e-05,0.7355797759741782
1.7600000000000013,0.0040000000000000036,0.0,0.0012487186194978194,0.0003125071352475619,3.0415111224127557e-06,8.451527732425971e-05,0.7356796203517952
1.7640000000000013,0.0040000000000000036,0.0,0.001249831844701923,0.0003128414787876957,3.0416670232880826e-06,8.324005620985536e-05,0.7356796203517952
1.7680000000000013,0.0040000000000000036,0.0,0.0012509182742237125,0.00031317067070511594,3.0418338045325263e-06,8.193210135946393e-05,0.7357792443555367
1.7720000000000014,0.0040000000000000036,0.0,0.001251976659716961,0.00031349427980261347,3.042012376472617e-06,8.048326750402717e-05,0.7359798364645136
1.7760000000000014,0.0040000000000000036,0.0,0.0012530050625123188,0.00031381164983804107,3.0422038051581275e-06,7.890727344112717e-05,0.7360779914807637
1.7800000000000014,0.0040000000000000036,0.0,0.0012540032564215297,0.0003141227063946361,3.042408374205342e-06,7.735373371969064e-05,0.7360779914807637
1.7840000000000014,0.0040000000000000036,0.0,0.0012549718055762313,0.0003144276543440985,3.042626239417425e-06,7.580705492772108e-05,0.7361758942764117
1.7880000000000014,0.0040000000000000036,0.0,0.0012559095138244675,0.0003147259998292485,3.042857839828603e-06,7.408578981315202e-05,0.7363729570700053
1.7920000000000014,0.0040000000000000036,0.0,0.0012568148930948674,0.0003150171437317311,3.043103598083385e-06,7.232856404584775e-05,0.7363729570700053
1.7960000000000014,0.0040000000000000036,0.0,0.0012576888308081639,0.0003153014965050267,3.0433637143855595e-06,7.061391404232937e-05,0.7364693648747649
1.8000000000000014,0.0040000000000000036,0.0,0.0012585307351684215,0.0003155787989638253,3.0436383198495725e-06,6.883182601410529e-05,0.7365667435804661
1.8040000000000014,0.0040000000000000036,0.0,0.001259340007288303,0.00031584877278074714,3.043927494774758e-06,6.698222155056356e-05,0.7366635588047465
1.8080000000000014,0.0040000000000000036,0.0,0.0012601155994775022,0.00031611090462900504,3.0442310979600484e-06,6.493982916010639e-05,0.7368556072459733
1.8120000000000014,0.0040000000000000036,0.0,0.0012608562497464799,0.0003163645970013169,3.0445488605249343e-06,6.290136376261172e-05,0.7368556072459733
1.8160000000000014,0.0040000000000000036,0.0,0.0012615633453268511,0.0003166105818295961,3.044881076239747e-06,6.0963096329313896e-05,0.7369496798184599
1.8200000000000014,0.0040000000000000036,0.0,0.0012622365398555493,0.00031684867109650226,3.0452274693465742e-06,5.897223616661632e-05,0.7370447521452853
1.8240000000000014,0.0040000000000000036,0.0,0.0012628754314577785,0.0003170786270967702,3.0455877139723493e-06,5.692428537323219e-05,0.7371393104211063
1.8280000000000014,0.0040000000000000036,0.0,0.0012634796993367873,0.0003173002483415388,3.04596142905038e-06,5.4828569533107915e-05,0.7372333672918847
1.8320000000000014,0.0040000000000000036,0.0,0.0012640491049747341,0.0003175133702264314,3.0463481800769036e-06,5.269378143231721e-05,0.7373269475239456
1.8360000000000014,0.0040000000000000036,0.0,0.001264583480194105,0.00031771785747930454,3.0467474814135094e-06,5.0526806379507564e-05,0.7374200686905121
1.8400000000000014,0.0040000000000000036,0.0,0.0012650827171240032,0.00031791359805335897,3.0471587993471814e-06,4.833314172204963e-05,0.7375127435189892
1.8440000000000014,0.0040000000000000036,0.0,0.0012655467612879868,0.0003181004989382396,3.0475815555511346e-06,4.611734051279629e-05,0.7376049813864827
1.8480000000000014,0.0040000000000000036,0.0,0.0012659756068357235,0.00031827848336297385,3.0480151306855155e-06,4.3883325462450115e-05,0.7376967893185762
1.8520000000000014,0.0040000000000000036,0.0,0.001266369293120822,0.000318447488926806,3.048458868128635e-06,4.16345971216614e-05,0.7377881727017793
1.8560000000000014,0.0040000000000000036,0.0,0.0012667279020058876,0.00031860746633685677,3.048912077687005e-06,3.9374369801624353e-05,0.7378791357924983
1.8600000000000014,0.0040000000000000036,0.0,0.0012670515562419502,0.0003187583785399723,3.049374039296609e-06,3.7105659772019405e-05,0.7379696820748207
1.8640000000000014,0.0040000000000000036,0.0,0.0012673404176924597,0.0003189002001093865,3.049844006734019e-06,3.48313422128653e-05,0.7380598145079786
1.8680000000000014,0.0040000000000000036,0.0,0.001267594686101668,0.0003190329167951621,3.050321211411611e-06,3.255418776429406e-05,0.73814953569538
1.8720000000000014,0.0040000000000000036,0.0,0.0012678145982304063,0.00031915652517902214,3.050804866108457e-06,3.0276885774659322e-05,0.7382388479990808
1.8760000000000014,0.0040000000000000036,0.0,0.0012680004264823946,0.00031927103239485924,3.0512941687437156e-06,2.8002058883635114e-05,0.7383277536168572
1.8800000000000014,0.0040000000000000036,0.0,0.0012681524780713397,0.0003193764558897,3.051788306353454e-06,2.573227196921299e-05,0.7384162546339038
1.8840000000000015,0.0040000000000000036,0.0,0.0012682710941146593,0.00031947282320863543,3.052286458834341e-06,2.3470037425751423e-05,0.7385043530574347
1.8880000000000015,0.0040000000000000036,0.0,0.0012683566487406385,0.00031956017179297566,3.052787802732544e-06,2.1217818081582393e-05,0.7385920508397845
1.8920000000000015,0.0040000000000000036,0.0,0.0012684095481206713,0.00031963854878454295,3.0532915151732986e-06,1.8978028610705578e-05,0.7386793498938424
1.8960000000000015,0.0040000000000000036,0.0,0.0012684302292507088,0.0003197080108314764,3.0537967776284747e-06,1.6753036077668024e-05,0.7387662521033315
1.9000000000000015,0.0040000000000000036,0.0,0.0012684191595313617,0.0003197686238924802,3.0543027796212294e-06,1.4545160126762751e-05,0.7388527593296565
1.9040000000000015,0.0040000000000000036,0.0,0.0012683768353952015,0.0003198204630374791,3.0548087223778813e-06,1.235667345861757e-05,0.7389388734164716
1.9080000000000015,0.0040000000000000036,0.0,0.0012683037813808443,0.00031986361224335355,3.05531382239025e-06,1.0189803818789701e-05,0.7390245961927099
1.9120000000000015,0.0040000000000000036,0.0,0.0012682005493903357,0.00031989816418387666,3.0558173148014257e-06,8.046740869420075e-06,0.7391099294746039
1.9160000000000015,0.0040000000000000036,0.0,0.0012680677172535759,0.000319924220013308,3.056318456748647e-06,5.929660376216618e-06,0.7391948750670222
1.9200000000000015,0.0040000000000000036,0.0,0.0012679058880869596,0.00031994188914332843,3.056816530455745e-06,3.840830741560333e-06,0.7392794347643565
1.9240000000000015,0.0040000000000000036,0.0,0.001267715689219877,0.0003199512890131687,3.0573108462036366e-06,1.7834580484769941e-06,0.7393636103511119
1.9280000000000015,0.0040000000000000036,0.0,0.0012674977708630162,0.0003199525448529005,3.0578007452486845e-06,2.771220650576635e-07,0.7394474036022977
1.9320000000000015,0.0040000000000000036,0.0,0.0012672528051304558,0.00031994578943998336,3.0582856022640952e-06,2.2460341505256557e-06,0.7395308162836844
1.9360000000000015,0.0040000000000000036,0.0,0.0012669814851521786,0.0003199311628492223,3.058764827851739e-06,4.203100798276525e-06,0.7396138501519788
1.9400000000000015,0.0040000000000000036,0.0,0.0012666845239257228,0.0003199088121963762,3.0592378706569298e-06,6.1239240415742775e-06,0.7396965069549398
1.9440000000000015,0.0040000000000000036,0.0,0.0012663626529057202,0.0003198788913756969,3.059704219343203e-06,8.006100990231939e-06,0.7397787884314607
1.9480000000000015,0.0040000000000000036,0.0,0.001266016621382273,0.0003198415607917466,3.060163404322458e-06,9.847862396865421e-06,0.7398606963116262
1.9520000000000015,0.0040000000000000036,0.0,0.001265647194894436,0.00031979698708586824,3.060614999276705e-06,1.164761178393772e-05,0.7399422323167573
1.9560000000000015,0.0040000000000000036,0.0,0.001265255154343292,0.0003197453428577314,3.0610586224055922e-06,1.3403853633249299e-05,0.7400233981594453
1.9600000000000015,0.0040000000000000036,0.0,0.0012648408992345789,0.00031968645803442556,3.061493780799539e-06,1.528931549979698e-05,0.7401846261644113
1.9640000000000015,0.0040000000000000036,0.0,0.0012644045230232447,0.00031961978184415777,3.0619197453440985e-06,1.718140918509875e-05,0.7402636684717827
1.9680000000000015,0.0040000000000000036,0.0,0.001263947741546986,0.0003195460871047119,3.0623363859904446e-06,1.889502400124974e-05,0.7403425698321255
1.9720000000000015,0.0040000000000000036,0.0,0.001263472286664954,0.0003194662518003315,3.062743670099365e-06,2.0323070976228562e-05,0.7403425698321255
1.9760000000000015,0.0040000000000000036,0.0,0.001262979966857425,0.00031938139180488485,3.0631417895900574e-06,2.1583416132957018e-05,0.740421263517613
1.9800000000000015,0.0040000000000000036,0.0,0.0012624711963805798,0.0003192914274820135,3.063530670586633e-06,2.2869867580481446e-05,0.7405007045826372
1.9840000000000015,0.0040000000000000036,0.0,0.0012619460027571538,0.00031919592686385285,3.063910193936874e-06,2.4336049913033856e-05,0.7406581487798907
1.9880000000000015,0.0040000000000000036,0.0,0.0012614043591364474,0.0003190942253531607,3.0642801800444008e-06,2.5840819933080216e-05,0.7407352169679617
1.9920000000000015,0.0040000000000000036,0.0,0.0012608477716109714,0.0003189869583525489,3.0646406732692187e-06,2.719766732754523e-05,0.7408121002391165
1.9960000000000016,0.0040000000000000036,0.0,0.0012602775187929227,0.0003188746139916986,3.0649917524711735e-06,2.8439750168251513e-05,0.7408887489186302
2.0000000000000013,0.0039999999999997815,0.0,0.0012596947268128209,0.00031875758251876263,3.0653335390288003e-06,2.9589085191453603e-05,0.740965128850508
2.004000000000001,0.0039999999999995595,0.0,0.0012591004193523495,0.00031863618940647164,3.0656661990703525e-06,3.0660223575833073e-05,0.7410412168569808
2.0080000000000005,0.0039999999999995595,0.0,0.0012584955508519093,0.0003185107175118738,3.0659899427513514e-06,3.1662721183338596e-05,0.7411169974503916
2.012,0.0039999999999995595,0.0,0.0012578810292025024,0.0003183814218839276,3.066305022322282e-06,3.260279755461752e-05,0.7411924604881127
2.0159999999999996,0.0039999999999995595,0.0,0.0012572577303655665,0.0003182485396345654,3.0666117292648127e-06,3.348444986047971e-05,0.7412675995193067
2.019999999999999,0.0039999999999995595,0.0,0.0012566266788572814,0.0003181125134811386,3.0669103037325226e-06,3.420173820219016e-05,0.7412675995193067
2.0239999999999987,0.0039999999999995595,0.0,0.001255988738008188,0.00031797378479458743,3.0672010328022943e-06,3.4946753519499395e-05,0.7414178418554439
2.0279999999999982,0.0039999999999995595,0.0,0.001255343954977944,0.0003178317379902668,3.067484637601522e-06,3.575200913681629e-05,0.7414917898670407
2.031999999999998,0.0039999999999995595,0.0,0.0012546933590130817,0.0003176867238688917,3.0677614942345103e-06,3.6473094345426804e-05,0.7415654690577714
2.0359999999999974,0.0039999999999995595,0.0,0.0012540379003096068,0.00031753904570837966,3.068032009984897e-06,3.712069733568434e-05,0.7416388606638588
2.039999999999997,0.0039999999999995595,0.0,0.0012533784741190976,0.000317388975284701,3.0682966221119254e-06,3.7701903979887945e-05,0.7417119519738317
2.0439999999999965,0.0039999999999995595,0.0,0.0012527159362347659,0.00031723676346502415,3.068555794838586e-06,3.822142139066785e-05,0.7417847345933672
2.047999999999996,0.0039999999999995595,0.0,0.001252051112931852,0.000317082647170519,3.0688100155014234e-06,3.8682396083073796e-05,0.7418572031713857
2.0519999999999956,0.0039999999999995595,0.0,0.0012513848078275272,0.0003169268539137152,3.069059790489873e-06,3.908696045759514e-05,0.7419293544822134
2.055999999999995,0.0039999999999995595,0.0,0.001250717805827361,0.0003167696047171118,3.069305641233184e-06,3.943659743740442e-05,0.7420011867734743
2.0599999999999947,0.0039999999999995595,0.0,0.001250050875480334,0.000316611115952584,3.0695481003658767e-06,3.9732383501594235e-05,0.742072699307697
2.0639999999999943,0.0039999999999995595,0.0,0.0012493847702700763,0.0003164516004622422,3.069787707988841e-06,3.9975150437148046e-05,0.7421438920427668
2.067999999999994,0.0039999999999995595,0.0,0.0012487202295499724,0.00031629126820177303,3.0700250082207104e-06,4.016559276529178e-05,0.7422147654106296
2.0719999999999934,0.0039999999999995595,0.0,0.0012480579782315493,0.00031613032656740633,3.0702605459005476e-06,4.0304338843368646e-05,0.74228532016485
2.075999999999993,0.0039999999999995595,0.0,0.001247398727090865,0.00031596898051433706,3.0704948635353233e-06,4.039199764724112e-05,0.7423555572760439
2.0799999999999925,0.0039999999999995595,0.0,0.0012467431721816275,0.0003158074325388758,3.0707284983770253e-06,4.0429189245858515e-05,0.7424254778603968
2.083999999999992,0.0039999999999995595,0.0,0.0012460919944212029,0.00031564588257288964,3.070961979659821e-06,4.041656431082377e-05,0.7424950831309391
2.0879999999999916,0.0039999999999995595,0.0,0.001245445859083039,0.00031548452782326946,3.0711958259715793e-06,4.0354816223629396e-05,0.7425643743644051
2.091999999999991,0.0039999999999995595,0.0,0.001244805415284675,0.00031532356257857043,3.0714305428633845e-06,4.024468817388981e-05,0.7426333528787351
2.0959999999999908,0.0039999999999995595,0.0,0.0012441712952931934,0.00031516317799788404,3.07166662054041e-06,4.008697684255546e-05,0.7427020200178218
2.0999999999999903,0.0039999999999995595,0.0,0.0012435441141834904,0.00031500356189222975,3.071904531687036e-06,3.9882533753866994e-05,0.7427703771411844
2.10399999999999,0.0039999999999995595,0.0,0.0012429244692257052,0.000314844898505515,3.0721447294935853e-06,3.963226502403122e-05,0.7428384256169778
2.1079999999999894,0.0039999999999995595,0.0,0.0012423129391799512,0.0003146873682999179,3.072387645827738e-06,3.933713001054241e-05,0.7429061668172705
2.111999999999989,0.0039999999999995595,0.0,0.0012417100840348778,0.0003145311477490186,3.072633689529497e-06,3.899813920467851e-05,0.7429736021148522
2.1159999999999886,0.0039999999999995595,0.0,0.0012411164447446825,0.0003143764091409483,3.072883244914825e-06,3.861635161172257e-05,0.7430407328810746
2.119999999999988,0.0039999999999995595,0.0,0.0012405325422489366,0.00031422332039307815,3.073136670344596e-06,3.819287179043104e-05,0.7431075604843999
2.1239999999999877,0.0039999999999995595,0.0,0.0012399588779221276,0.0003140720448792209,3.073394297024809e-06,3.7728846676425356e-05,0.7431740862894157
2.1279999999999872,0.0039999999999995595,0.0,0.0012393959324122747,0.0003139227412699285,3.0736564280173424e-06,3.722546228191999e-05,0.7432403116561763
2.131999999999987,0.0039999999999995595,0.0,0.0012388441659107973,0.00031377556338617644,3.0739233372926657e-06,3.668394033672988e-05,0.7433062379397577
2.1359999999999864,0.0039999999999995595,0.0,0.0012383040178860507,0.0003136306600664953,3.0741952690185558e-06,3.610553492907986e-05,0.7433718664899582
2.139999999999986,0.0039999999999995595,0.0,0.0012377759065482288,0.0003134881750474459,3.0744724369996678e-06,3.5491529178798826e-05,0.7434371986511032
2.1439999999999855,0.0039999999999995595,0.0,0.0012372602290322149,0.0003133482468572098,3.0747550243055245e-06,3.48432319762489e-05,0.7435022357619137
2.147999999999985,0.0039999999999995595,0.0,0.0012367573609542543,0.0003132110087219601,3.0750431830129823e-06,3.4161974809315795e-05,0.743566979155421
2.1519999999999846,0.0039999999999995595,0.0,0.0012362676566879769,0.0003130765884846126,3.0753370341094632e-06,3.344910869631723e-05,0.7436314301589155
2.155999999999984,0.0039999999999995595,0.0,0.0012357914490144495,0.00031294510853548785,3.075636667667383e-06,3.270600123779515e-05,0.7436955900939138
2.1599999999999837,0.0039999999999995595,0.0,0.001235329049223243,0.00031281668575439993,3.0759421429302474e-06,3.1934033790687136e-05,0.7437594602761416
2.1639999999999833,0.0039999999999995595,0.0,0.0012348807468567948,0.00031269143146364273,3.0762534887789446e-06,3.113459877798341e-05,0.7438230420155273
2.167999999999983,0.0039999999999995595,0.0,0.0012344468101766004,0.00031256945139134364,3.076570704252276e-06,3.0309097131485906e-05,0.7438863366162021
2.1719999999999824,0.0039999999999995595,0.0,0.0012340274860936419,0.00031245084564464386,3.0768937591304444e-06,2.9458935867075213e-05,0.7439493453765016
2.175999999999982,0.0039999999999995595,0.0,0.0012336229999218662,0.00031233570869217733,3.0772225947716084e-06,2.8585525796064238e-05,0.744012069588976
2.1799999999999815,0.0039999999999995595,0.0,0.001233233555944761,0.0003122241293553249,3.0775571250199715e-06,2.769027936236937e-05,0.7440745105403977
2.183999999999981,0.0039999999999995595,0.0,0.0012328593371760121,0.000312116190807742,3.0778972371805762e-06,2.6774608607078567e-05,0.7441366695117733
2.1879999999999806,0.0039999999999995595,0.0,0.0012325005058439176,0.0003120119705826723,3.0782427931732844e-06,2.5839923253603673e-05,0.7441985477783533
2.19199999999998,0.0039999999999995595,0.0,0.001232157203429788,0.00031191154058758956,3.0785936307976747e-06,2.4887628904682005e-05,0.7442601466096439
2.1959999999999797,0.0039999999999995595,0.0,0.0012318295508002433,0.0003118149671257334,3.0789495649952176e-06,2.391912534750033e-05,0.7443214672694187
2.1999999999999793,0.0039999999999995595,0.0,0.0012315176487040938,0.00031172231092413497,3.0793103892926408e-06,2.2935804958831385e-05,0.7443825110157305
2.203999999999979,0.0039999999999995595,0.0,0.0012312215775523879,0.00031163362716775004,3.0796758772682604e-06,2.1939051205009726e-05,0.7444432791009208
2.2079999999999784,0.0039999999999995595,0.0,0.0012309413982842668,0.0003115489655393609,3.080045783996539e-06,2.0930237225046408e-05,0.7445037727716362
2.211999999999978,0.0039999999999995595,0.0,0.0012306771519748445,0.00031146837026490296,3.0804198477917753e-06,1.9910724500773334e-05,0.74456399326883
2.2159999999999775,0.0039999999999995595,0.0,0.0012304288608900485,0.00031139188016394515,3.0807977918095784e-06,1.888186159309539e-05,0.7446239418277788
2.219999999999977,0.0039999999999995595,0.0,0.0012301965281025459,0.0003113195287050413,3.081179325720031e-06,1.784498295168613e-05,0.7446836196780895
2.2239999999999767,0.0039999999999995595,0.0,0.0012299801382843428,0.0003112513440657064,3.081564147395413e-06,1.680140778869879e-05,0.7447430280437093
2.227999999999976,0.0039999999999995595,0.0,0.0012297796578719475,0.0003111873491968026,3.0819519446414827e-06,1.5752439009039842e-05,0.7448021681429354
2.231999999999976,0.0039999999999995595,0.0,0.0012295950354158356,0.0003111275618911254,3.082342396970349e-06,1.46993622012299e-05,0.7448610411884233
2.2359999999999753,0.0039999999999995595,0.0,0.0012294262019337276,0.0003110719948560058,3.0827351773447345e-06,1.3643444686952083e-05,0.7449196483871942
2.239999999999975,0.0039999999999995595,0.0,0.0012292730715385048,0.0003110206557897618,3.083129953864629e-06,1.258593462933785e-05,0.7449779909406459
2.2439999999999745,0.0039999999999995595,0.0,0.0012291355414375967,0.0003109735474618414,3.0835263915714117e-06,1.1528060215118985e-05,0.7450360700445603
2.247999999999974,0.0039999999999995595,0.0,0.001229013492658208,0.0003109306677965149,3.0839241540658686e-06,1.047102892429156e-05,0.7450938868891102
2.2519999999999736,0.0039999999999995595,0.0,0.0012289067903243302,0.00031089200995998797,3.084322905248255e-06,9.416026931096277e-06,0.745151442658871
2.255999999999973,0.0039999999999995595,0.0,0.0012288152841174987,0.00031085756245080327,3.084722310931603e-06,8.36421871664149e-06,0.7452087385328313
2.2599999999999727,0.0039999999999995595,0.0,0.0012287388086501794,0.00031082730919341573,3.0851220403960754e-06,7.316747065975539e-06,0.7452657756843998
2.2639999999999723,0.0039999999999995595,0.0,0.001228677184113005,0.0003108012296348246,3.085521767950259e-06,6.274733851473113e-06,0.7453225552814172
2.267999999999972,0.0039999999999995595,0.0,0.0012286302163825055,0.0003107792988441546,3.085921174410019e-06,5.2392826198547e-06,0.7453790784861677
2.2719999999999714,0.0039999999999995595,0.0,0.001228597697854103,0.0003107614876150693,3.0863199484787857e-06,4.211485945799374e-06,0.7454353464553919
2.275999999999971,0.0039999999999995595,0.0,0.001228579407735216,0.0003107477625709134,3.0867177881422797e-06,3.1924479056730373e-06,0.745491360340299
2.2799999999999705,0.0039999999999995595,0.0,0.0012285751123403703,0.0003107380862724726,3.087114401894171e-06,2.1833696452754344e-06,0.7455471212865811
2.28399999999997,0.0039999999999995595,0.0,0.0012285845659303623,0.0003107324173282303,3.0875095099866856e-06,1.1860645804341667e-06,0.7456026304344283
2.2879999999999696,0.0039999999999995595,0.0,0.0012286075111012404,0.00031073071050702393,3.087902845436036e-06,2.1781448614827575e-07,0.7456578889185461
2.291999999999969,0.0039999999999995595,0.0,0.0012286436789036377,0.00031073291685296625,3.088294155123485e-06,7.869208492496053e-07,0.7457128978681726
2.2959999999999687,0.0039999999999995595,0.0,0.0012286927900477295,0.0003107389838025255,3.0886832007213754e-06,1.7452793401541213e-06,0.7457676584070987
2.2999999999999683,0.0039999999999995595,0.0,0.0012287545545730666,0.0003107488553036338,3.0890697594585924e-06,2.6918143908241297e-06,0.7458221716536867
2.303999999999968,0.0039999999999995595,0.0,0.0012288286730554197,0.000310762471936698,3.089453624972054e-06,3.623786833896811e-06,0.745876438720896
2.3079999999999674,0.0039999999999995595,0.0,0.0012289148367299531,0.00031077977103737984,3.0898346078832363e-06,4.540073209071152e-06,0.7459304607163019
2.311999999999967,0.0039999999999995595,0.0,0.0012290127281570206,0.00031080068682101555,3.090212536348656e-06,5.439801951759501e-06,0.7459842387421244
2.3159999999999665,0.0039999999999995595,0.0,0.0012291220215268723,0.00031082515050853465,3.090587256537528e-06,6.322191636047123e-06,0.7460377738952538
2.319999999999966,0.0039999999999995595,0.0,0.0012292423835968066,0.00031085309045373455,3.090958632941054e-06,7.186513790445865e-06,0.7460910672672777
2.3239999999999656,0.0039999999999995595,0.0,0.001229373473634611,0.00031088443227177067,3.091326548679474e-06,8.032081239216379e-06,0.7461441199445125
2.327999999999965,0.0039999999999995595,0.0,0.0012295149442650992,0.000310919098968713,3.091690905683188e-06,8.858243722491874e-06,0.7461969330080328
2.3319999999999648,0.0039999999999995595,0.0,0.001229666442225749,0.000310957011072019,3.0920516247411977e-06,9.664386052527813e-06,0.7462495075337053
2.3359999999999643,0.0039999999999995595,0.0,0.0012298276082188427,0.00031099808676177186,3.0924086454095435e-06,1.0449927280295866e-05,0.7463018445922212
2.339999999999964,0.0039999999999995595,0.0,0.001229998078027087,0.0003110422420025299,3.0927619259700947e-06,1.1214320301615009e-05,0.7463539452491325
2.3439999999999634,0.0039999999999995595,0.0,0.0012301774825449125,0.0003110893906756416,3.0931114432010392e-06,1.1957051656730223e-05,0.7464058105648889
2.347999999999963,0.0039999999999995595,0.0,0.0012303654488017995,0.0003111394447118569,3.093457192072871e-06,1.2677641413634807e-05,0.7464574415948744
2.3519999999999626,0.0039999999999995595,0.0,0.0012305615999916029,0.0003111923142240955,3.0937991854099773e-06,1.3375643085354904e-05,0.7465088393894483
2.355999999999962,0.0039999999999995595,0.0,0.001230765556132553,0.00031124790764020503,3.0941374534141563e-06,1.4050643544800026e-05,0.7465600049939818
2.3599999999999617,0.0039999999999995595,0.0,0.0012309769346356017,0.0003113061318355714,3.0944720431020074e-06,1.4702262929465808e-05,0.7466109394489029
2.3639999999999612,0.0039999999999995595,0.0,0.0012311953508712848,0.0003113668922654081,3.094803017777e-06,1.533015451882434e-05,0.7466616437897351
2.367999999999961,0.0039999999999995595,0.0,0.001231420418194051,0.00031143009309659095,3.095130456326689e-06,1.593400458843022e-05,0.7467121190471432
2.3719999999999604,0.0039999999999995595,0.0,0.0012316517489570856,0.0003114956373388832,3.0954544524688554e-06,1.6513532231395487e-05,0.746762366246972
2.37599999999996,0.0039999999999995595,0.0,0.001231888954713789,0.0003115634269754056,3.0957751140695776e-06,1.7068489148165677e-05,0.7468123864102967
2.3799999999999595,0.0039999999999995595,0.0,0.0012321316467782963,0.0003116333630922024,3.096092562199116e-06,1.7598659402684314e-05,0.7468621805534597
2.383999999999959,0.0039999999999995595,0.0,0.0012323794363337114,0.00031170534600677234,3.096406930260812e-06,1.8103859148199523e-05,0.7469117496881227
2.3879999999999586,0.0039999999999995595,0.0,0.0012326319356198297,0.00031177927539541804,3.096718363111076e-06,1.8583936317445982e-05,0.7469610948213072
2.391999999999958,0.0039999999999995595,0.0,0.001232888757497247,0.00031185505041928,3.0970270161780793e-06,1.9038770282095944e-05,0.7470102169554392
2.3959999999999577,0.0039999999999995595,0.0,0.0012331495166313135,0.00031193256984893877,3.0973330543087437e-06,1.9468271482788128e-05,0.7470591170883989
2.3999999999999573,0.0039999999999995595,0.0,0.0012334138292331234,0.00031201173218743514,3.097636650862534e-06,1.9872381022846353e-05,0.7471077962135618
2.403999999999957,0.0039999999999995595,0.0,0.00123368131423944,0.00031209243579160466,3.0979379867170117e-06,2.0251070238219954e-05,0.7471562553198444
2.4079999999999564,0.0039999999999995595,0.0,0.0012339515929602743,0.0003121745789915966,3.098237249003847e-06,2.0604340232757696e-05,0.747204495391748
2.411999999999956,0.0039999999999995595,0.0,0.0012342242898950484,0.0003122580602084771,3.0985346302547686e-06,2.093222139310006e-05,0.7472525174094065
2.4159999999999555,0.0039999999999995595,0.0,0.0012344990330068336,0.00031234277806979567,3.09883032733099e-06,2.123477286889488e-05,0.7473003223486281
2.419999999999955,0.0039999999999995595,0.0,0.0012347754543546485,0.00031242863152300925,3.0991245402883984e-06,2.151208203092086e-05,0.7473479111809382
2.4239999999999546,0.0039999999999995595,0.0,0.0012350531897348852,0.00031251551994666886,3.0994174714162124e-06,2.176426390438979e-05,0.7473952848736207
2.427999999999954,0.0039999999999995595,0.0,0.0012353318800296324,0.0003126033432592732,3.0997093241044545e-06,2.1991460579030772e-05,0.7474424443897607
2.4319999999999538,0.0039999999999995595,0.0,0.00123561117066515,0.00031269200202569867,3.1000003018732267e-06,2.219384059630898e-05,0.7474893906882876
2.4359999999999533,0.0039999999999995595,0.0,0.0012358907125073028,0.00031278139756111455,3.1002906073940517e-06,2.2371598315340723e-05,0.7475361247240119
2.439999999999953,0.0039999999999995595,0.0,0.0012361701617668137,0.00031287143203230473,3.1005804414946064e-06,2.2524953258625773e-05,0.7475826474476652
2.4439999999999524,0.0039999999999995595,0.0,0.0012364491807117792,0.0003129620085563258,3.1008700021778575e-06,2.2654149440827873e-05,0.747628959805939
2.447999999999952,0.0039999999999995595,0.0,0.0012367274376601219,0.00031305303129641613,3.101159483755386e-06,2.275945467647228e-05,0.7476750627415208
2.4519999999999516,0.0039999999999995595,0.0,0.0012370046075096802,0.0003131444055550999,3.101449075952528e-06,2.284115987423306e-05,0.7477209571931291
2.455999999999951,0.0039999999999995595,0.0,0.0012372803715489293,0.00031323603786442,3.1017389630944915e-06,2.2899578315565838e-05,0.7477666440955475
2.4599999999999507,0.0039999999999995595,0.0,0.0012375544182540213,0.0003133278360732418,3.1020293233066736e-06,2.2935044916915334e-05,0.7478121243796587
2.4639999999999502,0.0039999999999995595,0.0,0.0012378264433665492,0.0003134197094315714,3.102320327808188e-06,2.2947915480952394e-05,0.7478573989724768
2.46799999999995,0.0039999999999995595,0.0,0.0012380961498809214,0.0003135115686718467,3.1026121401549254e-06,2.2938565936213508e-05,0.7479024687971749
2.4719999999999493,0.0039999999999995595,0.0,0.001238363248479462,0.0003136033260871488,3.1029049156903942e-06,2.29073915642806e-05,0.7479473347731163
2.475999999999949,0.0039999999999995595,0.0,0.001238627457697562,0.00031369489560630005,3.103198800837301e-06,2.2854806217755755e-05,0.7479919978158805
2.4799999999999485,0.0039999999999995595,0.0,0.001238888504357052,0.0003137861928658123,3.1034939326843235e-06,2.2781241532245167e-05,0.7480364588372914
2.483999999999948,0.0039999999999995595,0.0,0.001239146123102725,0.0003138771352786515,3.103790438480167e-06,2.2687146126499547e-05,0.7480807187454404
2.4879999999999476,0.0039999999999995595,0.0,0.0012394000572828279,0.00031396764209979083,3.1040884352045497e-06,2.257298479899083e-05,0.7481247784447068
2.491999999999947,0.0039999999999995595,0.0,0.001239650058663985,0.00031405763448854137,3.10438802922143e-06,2.2439237719987033e-05,0.7481686388357862
2.4959999999999467,0.0039999999999995595,0.0,0.0012398958878626694,0.00031414703556762363,3.1046893159744678e-06,2.2286399615879968e-05,0.7482123008157048
2.4999999999999463,0.0039999999999995595,0.0,0.00124013731414942,0.00031423577047898167,3.104992379774526e-06,2.2114978954011495e-05,0.7482557652778409
2.503999999999946,0.0039999999999995595,0.0,0.001240374115969341,0.00031432376643632004,3.10529729364526e-06,2.1925497122242796e-05,0.7482990331119423
2.5079999999999454,0.0039999999999995595,0.0,0.0012406060805671614,0.0003144109527743635,3.1056041191604685e-06,2.1718487609497062e-05,0.7483421052041426
2.511999999999945,0.0039999999999995595,0.0,0.001240833004507578,0.0003144972609948314,3.1059129063962096e-06,2.1494495184347592e-05,0.7483849824369747
2.5159999999999445,0.0039999999999995595,0.0,0.0012410546936584567,0.0003145826248091337,3.106223693961048e-06,2.1254075075165997e-05,0.7484276656893861
2.519999999999944,0.0039999999999995595,0.0,0.0012412709629059742,0.0003146669801777917,3.1065365089896645e-06,2.0997792151754625e-05,0.7484701558367506
2.5239999999999436,0.0039999999999995595,0.0,0.0012414816368540472,0.0003147502653465908,3.1068513673484555e-06,2.0726220109464764e-05,0.7485124537508787
2.527999999999943,0.0039999999999995595,0.0,0.0012416865491822083,0.00031483242087947767,3.107168273677019e-06,2.043994065504612e-05,0.7485545603000279
2.5319999999999427,0.0039999999999995595,0.0,0.0012418855434348942,0.00031491338968822277,3.1074872217945402e-06,2.013954270044603e-05,0.748596476348911
2.5359999999999423,0.0039999999999995595,0.0,0.0012420784721121146,0.0003149931170588682,3.1078081948125396e-06,1.982562155949799e-05,0.7486382027587076
2.539999999999942,0.0039999999999995595,0.0,0.00124226519763825,0.0003150715506749717,3.108131165353101e-06,1.9498778148313934e-05,0.7486797403870633
2.5439999999999414,0.0039999999999995595,0.0,0.0012424455917220544,0.00031514864063768663,3.1084560962104677e-06,1.9159618197149366e-05,0.7487210900881036
2.547999999999941,0.0039999999999995595,0.0,0.0012426195354325587,0.000315224339482703,3.1087829404542097e-06,1.8808751466824466e-05,0.7487622527124305
2.5519999999999405,0.0039999999999995595,0.0,0.0012427869195434998,0.00031529860219408023,3.1091116420336756e-06,1.844679097406134e-05,0.7488032291071348
2.55599999999994,0.0039999999999995595,0.0,0.001242947644163531,0.0003153713862150122,3.1094421362127533e-06,1.8074352227316843e-05,0.7488440201157954
2.5599999999999397,0.0039999999999995595,0.0,0.001243101618546007,0.0003154426514555577,3.109774350034463e-06,1.769205247033739e-05,0.7488846265784815
2.563999999999939,0.0039999999999995595,0.0,0.0012432487616139852,0.00031551236029738253,3.110108202881926e-06,1.730050993832359e-05,0.748925049331757
2.5679999999999388,0.0039999999999995595,0.0,0.0012433890013247807,0.00031558047759555234,3.110443607031066e-06,1.690034312322296e-05,0.7489652892086794
2.5719999999999383,0.0039999999999995595,0.0,0.0012435223697444112,0.00031564702092842654,3.110780538019282e-06,1.6517271547038884e-05,0.7489652892086794
2.575999999999938,0.0039999999999995595,0.0,0.0012436489498741535,0.00031571202617571476,3.111119034717858e-06,1.6113520075407984e-05,0.7490457288916775
2.5799999999999375,0.0039999999999995595,0.0,0.0012437683673651133,0.0003157752863541803,3.111458772063182e-06,1.5677081205826618e-05,0.7490853188427057
2.583999999999937,0.0039999999999995595,0.0,0.0012438806202637483,0.00031583679807021707,3.111799639525161e-06,1.5239449639810954e-05,0.7491247618624554
2.5879999999999366,0.0039999999999995595,0.0,0.0012439857045300133,0.00031589655351084813,3.1121415216280025e-06,1.4799668372126692e-05,0.7491640488483114
2.591999999999936,0.0039999999999995595,0.0,0.0012440836177861586,0.0003159545424555321,3.1124842997955903e-06,1.435724113085667e-05,0.7492031736206997
2.5959999999999357,0.0039999999999995595,0.0,0.0012441743606543976,0.00031601075370957997,3.1128278535384684e-06,1.3911999094988933e-05,0.7492421321002075
2.5999999999999353,0.0039999999999995595,0.0,0.0012442579388972275,0.00031606517611508365,3.1131720611419723e-06,1.346400380157495e-05,0.7492809216967468
2.603999999999935,0.0039999999999995595,0.0,0.001244334363772777,0.0003161177992564825,3.1135168001999716e-06,1.3013477119846841e-05,0.749319540865703
2.6079999999999344,0.0039999999999995595,0.0,0.0012444036531042144,0.00031616861394718907,3.1138619480724916e-06,1.2560751122551316e-05,0.7493579887904165
2.611999999999934,0.0039999999999995595,0.0,0.0012444658314571817,0.00031621761256020426,3.114207382261587e-06,1.2106232409232839e-05,0.7493962651576941
2.6159999999999335,0.0039999999999995595,0.0,0.001244520930496157,0.00031626478924805094,3.1145529809062883e-06,1.165037681367251e-05,0.7494343700005425
2.619999999999933,0.0039999999999995595,0.0,0.0012445689889844867,0.000316310140084384,3.114898623169242e-06,1.1193671512980237e-05,0.7494723035887629
2.6239999999999326,0.0039999999999995595,0.0,0.0012446100528742138,0.0003163536631502293,3.1152441896734106e-06,1.0736622377272585e-05,0.7495100663532847
2.627999999999932,0.0039999999999995595,0.0,0.00124464417530728,0.00031639535858101744,3.11558956303345e-06,1.0279745007035412e-05,0.7495476588340572
2.6319999999999317,0.0039999999999995595,0.0,0.001244671416349718,0.0003164352285857829,3.1159346283533435e-06,9.823558364930178e-06,0.7495850816442985
2.6359999999999313,0.0039999999999995595,0.0,0.0012446918430832341,0.000316473277446464,3.1162792736981557e-06,9.368580212453868e-06,0.7496223354460383
2.639999999999931,0.0039999999999995595,0.0,0.0012447055290729537,0.0003165095115028645,3.116623390549476e-06,8.915323816376369e-06,0.7496594209334192
2.6439999999999304,0.0039999999999995595,0.0,0.0012447125548168696,0.00031654393912715085,3.1169668743422833e-06,8.4642955389788e-06,0.749696338821319
2.64799999999993,0.0039999999999995595,0.0,0.0012447130068578406,0.0003165765706906131,3.117309624888512e-06,8.015993052619296e-06,0.7497330898376076
2.6519999999999295,0.0039999999999995595,0.0,0.001244706978144802,0.0003166074185245898,3.117651546823101e-06,7.570903987738953e-06,0.7497696747178827
2.655999999999929,0.0039999999999995595,0.0,0.001244694567591643,0.0003166364968769121,3.11799255000957e-06,7.129504899300699e-06,0.749806094201891
2.6599999999999286,0.0039999999999995595,0.0,0.001244675879725669,0.00031666382186484735,3.118332549917763e-06,6.692260459054987e-06,0.7498423490311004
2.663999999999928,0.0039999999999995595,0.0,0.0012446510248715938,0.00031668941142523567,3.118671467934353e-06,6.259622815472723e-06,0.7498784399470504
2.6679999999999278,0.0039999999999995595,0.0,0.0012446201183546719,0.000316713285262353,3.1190092316555614e-06,5.8320310878173004e-06,0.7499143676902315
2.6719999999999273,0.0039999999999995595,0.0,0.0012445832807744688,0.0003167354647938978,3.1193457752224483e-06,5.40991096531361e-06,0.749950132999329
2.675999999999927,0.0039999999999995595,0.0,0.001244540637743698,0.00031675597309541,3.11968103949945e-06,4.993674398534093e-06,0.7499857366107063
2.6799999999999264,0.0039999999999995595,0.0,0.0012444923193596176,0.00031677483484337756,3.120014972282365e-06,4.583719384390996e-06,0.7500211792580584
2.683999999999926,0.0039999999999995595,0.0,0.0012444384599431515,0.00031679207625724107,3.1203475283762495e-06,4.1804298487654625e-06,0.7500564616721792
2.6879999999999256,0.0039999999999995595,0.0,0.00124437919840264,0.00031680772504046994,3.120678669735809e-06,3.78417565206294e-06,0.7500915845808038
2.691999999999925,0.0039999999999995595,0.0,0.0012443146772594743,0.00031682181032086543,3.1210083655427508e-06,3.3953127698071123e-06,0.750126548708507
2.6959999999999247,0.0039999999999995595,0.0,0.0012442450427442926,0.0003168343625902307,3.1213365921865817e-06,3.0141837514985563e-06,0.7501613547766355
2.6999999999999242,0.0039999999999995595,0.0,0.0012441704448040336,0.0003168454136435339,3.1216633332731232e-06,2.641118672073984e-06,0.7501960035032669
2.703999999999924,0.0039999999999995595,0.0,0.0012440910363951307,0.0003168549965176678,3.12198857956496e-06,2.2764370320695245e-06,0.7502304956031848
2.7079999999999234,0.0039999999999995595,0.0,0.0012440069734904198,0.0003168631454299244,3.1223123289242226e-06,1.9204517070070807e-06,0.7502648317878674
2.711999999999923,0.0039999999999995595,0.0,0.001243918414907531,0.0003168698957162694,3.122634586114024e-06,1.5734777901541453e-06,0.7502990127654833
2.7159999999999225,0.0039999999999995595,0.0,0.0012438255218693952,0.0003168752837695082,3.1229553626481374e-06,1.2358549903440579e-06,0.7503330392408942
2.719999999999922,0.0039999999999995595,0.0,0.001243728458010823,0.00031687934697743024,3.1232746766440668e-06,9.080157257591865e-07,0.7503669119156609
2.7239999999999216,0.0039999999999995595,0.0,0.0012436273890279069,0.00031688212366101057,3.1235925525912075e-06,5.907624690321525e-07,0.7504006314880534
2.727999999999921,0.0039999999999995595,0.0,0.001243522482327149,0.0003168836530127383,3.123909021078016e-06,2.872610163300267e-07,0.750434198653064
2.7319999999999207,0.0039999999999995595,0.0,0.0012434139069421478,0.0003168839750351403,3.1242241185094388e-06,8.21735760541396e-08,0.7504676141024187
2.7359999999999203,0.0039999999999995595,0.0,0.0012433018335393836,0.0003168831304795684,3.1245378868366067e-06,3.21773559438695e-07,0.7505008785245935
2.73999999999992,0.0039999999999995595,0.0,0.0012431864336201112,0.00031688116078530627,3.124850373201712e-06,5.957591240349318e-07,0.7505339926048283
2.7439999999999194,0.0039999999999995595,0.0,0.0012430678797933801,0.0003168781080190613,3.1251616296387664e-06,8.621320410699265e-07,0.7505669570251468
2.747999999999919,0.0039999999999995595,0.0,0.0012429463453344396,0.00031687401481489446,3.125471712738495e-06,1.1186069161742907e-06,0.7505997724643713
2.7519999999999185,0.0039999999999995595,0.0,0.001242822004100001,0.00031686892431463383,3.1257806831715578e-06,1.3645916772940727e-06,0.7506324395981404
2.755999999999918,0.0039999999999995595,0.0,0.0012426950301752107,0.00031686288010883206,3.12608860541471e-06,1.5998163268863095e-06,0.7506649590989277
2.7599999999999176,0.0039999999999995595,0.0,0.001242565597877574,0.0003168559261783099,3.126395547345329e-06,1.824116557800034e-06,0.7506973316360608
2.763999999999917,0.0039999999999995595,0.0,0.0012424338812244936,0.00031684810683633443,3.1267015797545043e-06,2.0373773506087587e-06,0.7507295578757376
2.7679999999999167,0.0039999999999995595,0.0,0.0012423000541151707,0.0003168394666714754,3.1270067760305333e-06,2.239513635197227e-06,0.7507616384810447
2.7719999999999163,0.0039999999999995595,0.0,0.001242164289707973,0.0003168300504911884,3.1273112117089164e-06,2.4304623252521857e-06,0.7507935741119812
2.775999999999916,0.0039999999999995595,0.0,0.0012420267607804085,0.0003168199032661606,3.1276149640282642e-06,2.610178552842345e-06,0.7508253654254712
2.7799999999999154,0.0039999999999995595,0.0,0.001241887638926912,0.0003168090700754653,3.1279181115859595e-06,2.7786336638211207e-06,0.7508570130753874
2.783999999999915,0.0039999999999995595,0.0,0.0012417470950075494,0.00031679759605255704,3.128220733857498e-06,2.9358140297231327e-06,0.7508885177125657
2.7879999999999145,0.0039999999999995595,0.0,0.001241605298255499,0.0003167855263321555,3.1285229108357006e-06,3.0817202632646114e-06,0.7509198799848277
2.791999999999914,0.0039999999999995595,0.0,0.001241462416725098,0.00031677290599805397,3.128824722628977e-06,3.216366646909022e-06,0.7509511005369964
2.7959999999999137,0.0039999999999995595,0.0,0.0012413186169349952,0.0003167597800318874,3.129126249026937e-06,3.3397806807518857e-06,0.7509821800109182
2.7999999999999132,0.0039999999999995595,0.0,0.001241174063421366,0.0003167461932628922,3.1294275691478348e-06,3.4520026939829577e-06,0.7510131190454779
2.803999999999913,0.0039999999999995595,0.0,0.001241028919095712,0.0003167321903186957,3.1297287611490646e-06,3.5530854937249993e-06,0.7510439182766142
2.8079999999999123,0.0039999999999995595,0.0,0.0012408833445290356,0.0003167178155771823,3.1300299017327746e-06,3.643094031746405e-06,0.7510745783373485
2.811999999999912,0.0039999999999995595,0.0,0.0012407374982195765,0.0003167031131194436,3.130331065819614e-06,3.7221050865636495e-06,0.7511050998577908
2.8159999999999115,0.0039999999999995595,0.0,0.00124059153632357,0.000316688126683863,3.1306323262657086e-06,3.790206947546671e-06,0.751135483465163
2.819999999999911,0.0039999999999995595,0.0,0.0012404456123856103,0.0003166728996213607,3.1309337535757112e-06,3.84749909972068e-06,0.7511657297838146
2.8239999999999106,0.0039999999999995595,0.0,0.0012402998774266752,0.0003166574748518255,3.1312354155181356e-06,3.894091908686321e-06,0.7511958394352397
2.82799999999991,0.0039999999999995595,0.0,0.0012401544795844137,0.00031664189482176643,3.1315373769508805e-06,3.930106302104888e-06,0.7512258130380931
2.8319999999999097,0.0039999999999995595,0.0,0.0012400095642902053,0.00031662620146321056,3.1318396994788827e-06,3.95567344627985e-06,0.751255651208208
2.8359999999999093,0.0039999999999995595,0.0,0.0012398652737298315,0.0003166104361538644,3.1321424412912677e-06,3.970934424810501e-06,0.7512853545586091
2.839999999999909,0.0039999999999995595,0.0,0.0012397217471096077,0.0003165946396785699,3.1324456569561616e-06,3.976039904324218e-06,0.7513149236995262
2.8439999999999084,0.0039999999999995595,0.0,0.0012395791203851782,0.00031657885219208624,3.1327493971592397e-06,3.9711498020645736e-06,0.7513443592384188
2.847999999999908,0.0039999999999995595,0.0,0.0012394375261691472,0.00031656311318319883,3.1330537085667674e-06,3.956432948504155e-06,0.7513736617799809
2.8519999999999075,0.0039999999999995595,0.0,0.0012392970936385402,0.0003165474614401888,3.133358633684715e-06,3.9320667460219385e-06,0.7514028319261581
2.855999999999907,0.0039999999999995595,0.0,0.001239157948352507,0.0003165319350176741,3.133664210761746e-06,3.898236824669209e-06,0.7514318702761629
2.8599999999999066,0.0039999999999995595,0.0,0.0012390202124282447,0.0003165165712048442,3.13397047365941e-06,3.855136692500665e-06,0.7514607774264859
2.863999999999906,0.0039999999999995595,0.0,0.0012388840041792756,0.00031650140649509834,3.134277451774963e-06,3.8029673869990444e-06,0.7514895539709122
2.8679999999999057,0.0039999999999995595,0.0,0.001238749438291183,0.00031648647655710144,3.1345851699921647e-06,3.741937122120068e-06,0.7515182005005306
2.8719999999999053,0.0039999999999995595,0.0,0.001238616625369979,0.000316471816207268,3.1348936486539997e-06,3.6722609352951925e-06,0.7515467176037497
2.875999999999905,0.0039999999999995595,0.0,0.0012384856723865918,0.00031645745938367864,3.135202903570023e-06,3.5941603340148266e-06,0.7515751058663044
2.8799999999999044,0.0039999999999995595,0.0,0.00123835668213544,0.00031644343912144723,3.13551294603091e-06,3.507862941209188e-06,0.7516033658712736
2.883999999999904,0.0039999999999995595,0.0,0.0012382297536789502,0.0003164297875295372,3.135823782787084e-06,3.413602140657488e-06,0.7516314981990869
2.8879999999999035,0.0039999999999995595,0.0,0.001238104981716305,0.0003164165357690344,3.1361354162470444e-06,3.3116167310417227e-06,0.7516595034275437
2.891999999999903,0.0039999999999995595,0.0,0.0012379824570279967,0.00031640371403286255,3.1364478444606246e-06,3.2021505785003276e-06,0.7516873821318112
2.8959999999999027,0.0039999999999995595,0.0,0.0012378622662031703,0.0003163913515269625,3.1367610611332123e-06,3.0854522767858963e-06,0.7517151348844419
2.899999999999902,0.0039999999999995595,0.0,0.0012377444918153448,0.0003163794764529277,3.137075055864516e-06,2.961774817308072e-06,0.7517427622553869
2.9039999999999018,0.0039999999999995595,0.0,0.0012376292119703506,0.0003163681159920858,3.1373898142467224e-06,2.8313752719943873e-06,0.7517702648120006
2.9079999999999013,0.0039999999999995595,0.0,0.001237516500840938,0.0003163572962910253,3.1377053179838844e-06,2.6945144965455297e-06,0.751797643119053
2.911999999999901,0.0039999999999995595,0.0,0.0012374063740228532,0.00031634702043980753,3.1380215781200216e-06,2.562480869698906e-06,0.751797643119053
2.9159999999999004,0.0039999999999995595,0.0,0.0012372987475911348,0.0003163372539434266,3.138338692359294e-06,2.4329228590703347e-06,0.7518248977387386
2.9199999999999,0.0039999999999995595,0.0,0.001237193707179482,0.0003163280321093098,3.13865666946807e-06,2.294383693364022e-06,0.7518523705701108
2.9239999999998996,0.0039999999999995595,0.0,0.0012370913368194092,0.00031631939072620916,3.1389754925320984e-06,2.147162236288493e-06,0.7518796524847237
2.927999999999899,0.0039999999999995595,0.0,0.0012369917121166378,0.000316311361683193,3.1392951322947055e-06,1.9922245974595026e-06,0.7519067605645905
2.9319999999998987,0.0039999999999995595,0.0,0.0012368949000664397,0.0003163039733426041,3.13961554993463e-06,1.8304167883082755e-06,0.7519337110425185
2.9359999999998982,0.0039999999999995595,0.0,0.001236800960395152,0.00031629725116088153,3.1399366998352707e-06,1.6624431903636898e-06,0.7519605153781996
2.939999999999898,0.0039999999999995595,0.0,0.0012367099462741392,0.00031629121814080334,3.1402585318204436e-06,1.4889100037273125e-06,0.751987181715764
2.9439999999998974,0.0039999999999995595,0.0,0.0012366219050342889,0.0003162858951387341,3.1405809928457058e-06,1.3103613607450038e-06,0.752013715863124
2.947999999999897,0.0039999999999995595,0.0,0.0012365368782525181,0.00031628130107810127,3.140904028351146e-06,1.1273071791522865e-06,0.7520401219842916
2.9519999999998965,0.0039999999999995595,0.0,0.0012364549022874656,0.0003162774531050287,3.141227583209111e-06,9.402517789260905e-07,0.7520664030981937
2.955999999999896,0.0039999999999995595,0.0,0.0012363760082768054,0.00031627436670833206,3.1415516024643775e-06,7.497424916042389e-07,0.7520925614337186
2.9599999999998956,0.0039999999999995595,0.0,0.001236300222673558,0.0003162720558172156,3.141876031688694e-06,5.565021798610202e-07,0.752118598678318
2.963999999999895,0.0039999999999995595,0.0,0.0012362275671541246,0.0003162705328845496,3.142200817405542e-06,3.61978733421513e-07,0.7521445161498084
2.9679999999998947,0.0039999999999995595,0.0,0.0012361581277718294,0.0003162698473021425,3.1425258679873803e-06,1.5597075487087192e-07,0.7521959958649976
2.9719999999998943,0.0039999999999995595,0.0,0.0012360920839845628,0.00031627009926623554,3.142850993813047e-06,1.280190218792945e-07,0.7522212387483946
2.975999999999894,0.0039999999999995595,0.0,0.0012360293698685286,0.0003162712519993517,3.1431761200394015e-06,3.323936472489758e-07,0.7522464330670113
2.9799999999998934,0.0039999999999995595,0.0,0.001235969937244844,0.00031627328116657857,3.143501183476818e-06,5.463706292011325e-07,0.7522715590529006
2.983999999999893,0.0039999999999995595,0.0,0.0012359137486785826,0.0003162761706785323,3.1438261302555558e-06,7.59024660164686e-07,0.7522966030118022
2.9879999999998925,0.0039999999999995595,0.0,0.0012358607735296514,0.000316279909882443,3.144150913637529e-06,9.700374187124574e-07,0.752321555561357
2.991999999999892,0.0039999999999995595,0.0,0.0012358109852600072,0.00031628449167334316,3.1444754919266014e-06,1.1797853345234097e-06,0.7523464103522555
2.9959999999998916,0.0039999999999995595,0.0,0.001235764358739993,0.0003162899112154724,3.1447998268254492e-06,1.3886130312289234e-06,0.7523711631535148
2.999999999999891,0.0039999999999995595,0.0,0.0012357208013387784,0.000316296122929787,3.1451239125550273e-06,1.575687116103818e-06,0.7523711631535148
3.0039999999998908,0.0039999999999995595,0.0,0.0012356801228151412,0.00031630302326484663,3.1454478359486726e-06,1.7505270315400787e-06,0.7523958112054229
3.0079999999998903,0.0039999999999995595,0.0,0.0012356424455594057,0.0003163107025961694,3.1457715732806408e-06,1.9598548617891667e-06,0.7524453412710705
3.01199999999989,0.0039999999999995595,0.0,0.0012356079836948312,0.0003163193088235437,3.1460949823964996e-06,2.188906659156389e-06,0.7524695591061867
3.0159999999998894,0.0039999999999995595,0.0,0.0012355766566212634,0.0003163288065957232,3.146418003238791e-06,2.409909661001482e-06,0.7524937013743032
3.019999999999889,0.0039999999999995595,0.0,0.0012355483979933177,0.0003163391707820466,3.1467405818537127e-06,2.6251441250726648e-06,0.7525177582392321
3.0239999999998886,0.0039999999999995595,0.0,0.0012355231501526254,0.000316350382883739,3.1470626695420574e-06,2.8360856479966634e-06,0.7525417228847402
3.027999999999888,0.0039999999999995595,0.0,0.0012355008604459804,0.00031636242863994216,3.147384222304402e-06,3.0436721575670804e-06,0.7525655906722764
3.0319999999998877,0.0039999999999995595,0.0,0.001235481479070445,0.0003163752964271244,3.147705200291348e-06,3.2484815954605553e-06,0.7525893585132828
3.0359999999998872,0.0039999999999995595,0.0,0.0012354649574572605,0.0003163889761856372,3.1480255675417333e-06,3.450850150728422e-06,0.7526130244115162
3.039999999999887,0.0039999999999995595,0.0,0.0012354512469251204,0.0003164034586969415,3.148345291526784e-06,3.6509510099329834e-06,0.7526365871345527
3.0439999999998864,0.0039999999999995595,0.0,0.0012354402979623633,0.00031641873509475504,3.1486643429570944e-06,3.8488469678512056e-06,0.7526600459807982
3.047999999999886,0.0039999999999995595,0.0,0.0012354320601381794,0.0003164347965328291,3.1489826956809775e-06,4.044525708301265e-06,0.7526834006157179
3.0519999999998855,0.0039999999999995595,0.0,0.0012354264816543574,0.00031645163395823496,3.149300326579546e-06,4.2379236215013805e-06,0.7527066509575108
3.055999999999885,0.0039999999999995595,0.0,0.0012354235086274388,0.0003164692379563292,3.1496172155472195e-06,4.428942031673148e-06,0.7527297970977296
3.0599999999998846,0.0039999999999995595,0.0,0.0012354230858986099,0.0003164875986449744,3.1499333455202e-06,4.6174583847368256e-06,0.7527528392463952
3.063999999999884,0.0039999999999995595,0.0,0.0012354251562260474,0.00031650670560312664,3.1502487024793696e-06,4.8033340934298406e-06,0.7527757776941644
3.0679999999998837,0.0039999999999995595,0.0,0.0012354296604658124,0.00031652654782384464,3.1505632754682553e-06,4.9864201380036315e-06,0.7527986127863165
3.0719999999998833,0.0039999999999995595,0.0,0.0012354365380223703,0.0003165471136850524,3.150877056677268e-06,5.16656116676086e-06,0.7528213449048926
3.075999999999883,0.0039999999999995595,0.0,0.0012354457260410172,0.0003165683909335209,3.1511900414464196e-06,5.343598566135163e-06,0.7528439744564469
3.0799999999998824,0.0039999999999995595,0.0,0.001235457160307768,0.0003165903666789597,3.151502228273398e-06,5.5173728259269665e-06,0.7528665018636557
3.083999999999882,0.0039999999999995595,0.0,0.0012354707748012787,0.0003166130273960307,3.151813618856997e-06,5.687725404024549e-06,0.752888927559567
3.0879999999998815,0.0039999999999995595,0.0,0.0012354865018738346,0.0003166363589327085,3.1521242180735418e-06,5.854500226163223e-06,0.7529112519836622
3.091999999999881,0.0039999999999995595,0.0,0.0012355042724323344,0.0003166603465238276,3.1524340338719444e-06,6.01754491841691e-06,0.7529334755791575
3.0959999999998806,0.0039999999999995595,0.0,0.0012355240159395446,0.00031668497480890945,3.1527430772529636e-06,6.1767118252124025e-06,0.7529555987911563
3.09999999999988,0.0039999999999995595,0.0,0.001235545660684919,0.0003167102278535641,3.1530513621384457e-06,6.331858861225465e-06,0.752977622065387
3.1039999999998797,0.0039999999999995595,0.0,0.0012355691336061072,0.0003167360891738751,3.153358905310081e-06,6.482850222055451e-06,0.7529995458473348
3.1079999999998793,0.0039999999999995595,0.0,0.0012355943604698814,0.0003167625417632686,3.153665726261686e-06,6.629556974887714e-06,0.7530213705816544
3.111999999999879,0.0039999999999995595,0.0,0.0012356212663225798,0.0003167895681214278,3.1539718470654823e-06,6.77185754260034e-06,0.7530430967117713
3.1159999999998784,0.0039999999999995595,0.0,0.001235649775131825,0.00031681715028487493,3.154277291984298e-06,6.909638095672621e-06,0.753064724679609
3.119999999999878,0.0039999999999995595,0.0,0.001235679810057191,0.00031684526985887283,3.154582087533566e-06,7.0427928636987325e-06,0.7530862549254175
3.1239999999998775,0.0039999999999995595,0.0,0.0012357112938106499,0.0003168739080503278,3.1548862622438002e-06,7.171224362815896e-06,0.753107687887646
3.127999999999877,0.0039999999999995595,0.0,0.0012357441484778704,0.0003169030457014249,3.155189846363258e-06,7.2948435630864445e-06,0.753129024002876
3.1319999999998767,0.0039999999999995595,0.0,0.0012357782956090267,0.0003169326633237411,3.155492871681987e-06,7.41356999183595e-06,0.7531502637057798
3.135999999999876,0.0039999999999995595,0.0,0.001235813656489227,0.0003169627411326016,3.155795371291194e-06,7.527331779759615e-06,0.7531714074290972
3.139999999999876,0.0039999999999995595,0.0,0.0012358501524088533,0.000316993259081482,3.1560973793593762e-06,7.6360656602012e-06,0.7531924556036249
3.1439999999998753,0.0039999999999995595,0.0,0.0012358877042151467,0.0003170241968962715,3.1563989308780552e-06,7.73971692283215e-06,0.7532134086582216
3.147999999999875,0.0039999999999995595,0.0,0.0012359262330316103,0.0003170555341092424,3.156700061524706e-06,7.838239330653084e-06,0.7532342670198143
3.1519999999998745,0.0039999999999995595,0.0,0.001235965659899309,0.0003170872500925814,3.1570008074041174e-06,7.931595001505598e-06,0.7532550311134112
3.155999999999874,0.0039999999999995595,0.0,0.0012360059064062455,0.0003171193240913668,3.1573012047918936e-06,8.019754262337496e-06,0.7532757013621171
3.1599999999998736,0.0039999999999995595,0.0,0.0012360468940590759,0.0003171517352558933,3.1576012899729435e-06,8.102695479750567e-06,0.7532962781871512
3.163999999999873,0.0039999999999995595,0.0,0.0012360885450021567,0.0003171844626732532,3.157901099030084e-06,8.180404869478976e-06,0.7533167620078639
3.1679999999998727,0.0039999999999995595,0.0,0.0012361307818382534,0.00031721748539810746,3.1582006676527842e-06,8.2528762885514e-06,0.7533371532417567
3.1719999999998723,0.0039999999999995595,0.0,0.0012361735278982892,0.0003172507824825946,3.158500030970432e-06,8.320111017394479e-06,0.7533574523044984
3.175999999999872,0.0039999999999995595,0.0,0.0012362167068823257,0.00031728433300533276,3.1587992233552714e-06,8.38211752981627e-06,0.7533776596099448
3.1799999999998714,0.0039999999999995595,0.0,0.001236260243668037,0.00031731811609948194,3.1590982782998914e-06,8.438911256895484e-06,0.7533977755701533
3.183999999999871,0.0039999999999995595,0.0,0.001236304063592329,0.0003173521109798454,3.15939722825747e-06,8.490514344511748e-06,0.753417800595402
3.1879999999998705,0.0039999999999995595,0.0,0.00123634809325964,0.0003173862969690022,3.1596961045184124e-06,8.536955411197196e-06,0.7534377350942018
3.19199999999987,0.0039999999999995595,0.0,0.00123639226000309,0.0003174206535224639,3.1599949370546412e-06,8.578269303275338e-06,0.7534575794733162
3.1959999999998696,0.0039999999999995595,0.0,0.001236436492512999,0.00031745516025285224,3.1602937544111384e-06,8.614496850728004e-06,0.7534773341377696
3.199999999999869,0.0039999999999995595,0.0,0.0012364807202979696,0.00031748979695311457,3.1605925836674515e-06,8.645684626933171e-06,0.7534969994908657
3.2039999999998687,0.0039999999999995595,0.0,0.0012365248744030434,0.00031752454361878325,3.16089145024961e-06,8.671884709941333e-06,0.7535165759341964
3.2079999999998683,0.0039999999999995595,0.0,0.0012365688869604935,0.000317559380469282,3.1611903780298706e-06,8.693154444807281e-06,0.7535360638676534
3.211999999999868,0.0039999999999995595,0.0,0.0012366126914589084,0.0003175942879683214,3.1614893891459235e-06,8.709556218421598e-06,0.7535554636894389
3.2159999999998674,0.0039999999999995595,0.0,0.0012366562228326343,0.00031762924684338004,3.1617885039272756e-06,8.721157230110056e-06,0.7535747757960781
3.219999999999867,0.0039999999999995595,0.0,0.0012366994173716192,0.0003176642381043037,3.1620877408954605e-06,8.728029273410464e-06,0.7535940005824268
3.2239999999998665,0.0039999999999995595,0.0,0.001236742212990327,0.0003176992430610315,3.1623871167341534e-06,8.73024851868502e-06,0.7536131384416763
3.227999999999866,0.0039999999999995595,0.0,0.0012367845489579703,0.00031773424334048705,3.1626866463219486e-06,8.727895305672748e-06,0.7536321897653692
3.2319999999998656,0.0039999999999995595,0.0,0.0012368263662571196,0.00031776922090263416,3.1629863426226207e-06,8.721053935075076e-06,0.7536511549433986
3.235999999999865,0.0039999999999995595,0.0,0.0012368676074934171,0.0003178041580557347,3.163286216724664e-06,8.709812472265378e-06,0.753670034364018
3.2399999999998648,0.0039999999999995595,0.0,0.0012369082169848065,0.0003178390374708201,3.1635862778837677e-06,8.694262549414098e-06,0.7536888284138512
3.2439999999998643,0.0039999999999995595,0.0,0.0012369481405814652,0.00031787384219538904,3.163886533582873e-06,8.674499174419622e-06,0.7537075374778931
3.247999999999864,0.0039999999999995595,0.0,0.0012369873260242748,0.0003179085556663573,3.1641869894818887e-06,8.650620544309099e-06,0.7537261619395165
3.2519999999998634,0.0039999999999995595,0.0,0.0012370257226749664,0.0003179431617222715,3.1644876494611734e-06,8.622727862567588e-06,0.7537447021804774
3.255999999999863,0.0039999999999995595,0.0,0.001237063281964286,0.00031797764461479394,3.16478851567019e-06,8.590925157117864e-06,0.7537631585809198
3.2599999999998626,0.0039999999999995595,0.0,0.0012370999567631452,0.00031801198901948533,3.165089588614628e-06,8.555319106330639e-06,0.7537815315193804
3.263999999999862,0.0039999999999995595,0.0,0.001237135702010266,0.00031804618004588483,3.1653908671861412e-06,8.51601886341994e-06,0.753799821372791
3.2679999999998617,0.0039999999999995595,0.0,0.001237170474621805,0.0003180802032469027,3.1656923487098867e-06,8.473135884916609e-06,0.7538180285164845
3.2719999999998612,0.0039999999999995595,0.0,0.0012372042330420544,0.00031811404462753505,3.1659940290287243e-06,8.426783762602655e-06,0.7538361533241956
3.275999999999861,0.0039999999999995595,0.0,0.001237236937871033,0.00031814769065290836,3.166295902581336e-06,8.377078055937274e-06,0.7538541961680679
3.2799999999998604,0.0039999999999995595,0.0,0.0012372685515946672,0.00031818112825566337,3.166597962426959e-06,8.324136127096493e-06,0.7538721574186537
3.28399999999986,0.0039999999999995595,0.0,0.0012372990385842173,0.0003182143448426783,3.166900200384848e-06,8.268076976498209e-06,0.7538900374449187
3.2879999999998595,0.0039999999999995595,0.0,0.0012373283650059898,0.00031824732830114714,3.1672026070673e-06,8.209021082284695e-06,0.7539078366142444
3.291999999999859,0.0039999999999995595,0.0,0.001237356499269432,0.00031828006700401713,3.16750517200455e-06,8.147090240067443e-06,0.7539255552924327
3.2959999999998586,0.0039999999999995595,0.0,0.0012373834113087764,0.0003183125498147831,3.1678078837238073e-06,8.082407401967813e-06,0.753943193843706
3.299999999999858,0.0039999999999995595,0.0,0.0012374090733900708,0.00031834476609165504,3.1681107297945767e-06,8.015096521496066e-06,0.7539607526307113
3.3039999999998577,0.0039999999999995595,0.0,0.0012374334594826076,0.0003183767056910951,3.1684136969674e-06,7.945282395416593e-06,0.7539782320145229
3.3079999999998573,0.0039999999999995595,0.0,0.0012374565455276368,0.0003184083589707409,3.1687167712715323e-06,7.873090510917535e-06,0.753995632354645
3.311999999999857,0.0039999999999995595,0.0,0.0012374783093482048,0.00031843971679170553,3.169019938032211e-06,7.798646890160522e-06,0.7540129540090138
3.3159999999998564,0.0039999999999995595,0.0,0.0012374987308281745,0.0003184707705202813,3.1693231820894957e-06,7.722077941531128e-06,0.7540301973340021
3.319999999999856,0.0039999999999995595,0.0,0.0012375177916426861,0.00031850151202903024,3.169626487738412e-06,7.643510306778453e-06,0.754047362684419
3.3239999999998555,0.0039999999999995595,0.0,0.0012375354754372346,0.00031853193369728707,3.1699298388976702e-06,7.563070714785977e-06,0.7540644504135152
3.327999999999855,0.0039999999999995595,0.0,0.0012375517676479143,0.00031856202841107643,3.1702332192287223e-06,7.480885835611687e-06,0.7540814608729849
3.3319999999998546,0.0039999999999995595,0.0,0.001237566655680549,0.0003185917895624484,3.1705366121921814e-06,7.397082135499391e-06,0.7540983944129697
3.335999999999854,0.0039999999999995595,0.0,0.0012375801287310012,0.0003186212110482476,3.170840001085953e-06,7.311785735261563e-06,0.754115251382059
3.3399999999998538,0.0039999999999995595,0.0,0.0012375921777849422,0.00031865028726831934,3.1711433692052455e-06,7.2251222714853165e-06,0.754132032127296
3.3439999999998533,0.0039999999999995595,0.0,0.0012376027957970656,0.00031867901312316655,3.1714466998934956e-06,7.137216758909241e-06,0.7541487369941783
3.347999999999853,0.0039999999999995595,0.0,0.001237611977332083,0.00031870738401106887,3.1717499766221615e-06,7.048193456491863e-06,0.7541653663266632
3.3519999999998524,0.0039999999999995595,0.0,0.0012376197188337119,0.0003187353958246742,3.172053183074843e-06,6.958175737537235e-06,0.7541819204671704
3.355999999999852,0.0039999999999995595,0.0,0.0012376260183554453,0.00031876304494707526,3.1723563032213694e-06,6.867285960137008e-06,0.7541983997565851
3.3599999999998515,0.0039999999999995595,0.0,0.0012376308758295968,0.0003187903282473787,3.1726593213434933e-06,6.775645342060956e-06,0.754214804534262
3.363999999999851,0.0039999999999995595,0.0,0.0012376342927981352,0.00031881724307578763,3.172962222171394e-06,6.683373839593874e-06,0.7542311351380279
3.3679999999998507,0.0039999999999995595,0.0,0.0012376362724126715,0.00031884378725821025,3.1732649909210476e-06,6.590590030717043e-06,0.7542473919041878
3.3719999999998502,0.0039999999999995595,0.0,0.0012376368194344733,0.0003188699590904035,3.1735676133461948e-06,6.497410998673016e-06,0.7542635751675261
3.37599999999985,0.0039999999999995595,0.0,0.0012376359402345063,0.0003188957573316709,3.1738700757658827e-06,6.403952221917701e-06,0.7542796852613135
3.3799999999998493,0.0039999999999995595,0.0,0.0012376336428832108,0.00031892118119813024,3.1741723651659575e-06,6.310327467758229e-06,0.7542957225173104
3.383999999999849,0.0039999999999995595,0.0,0.0012376299366123654,0.00031894623035556456,3.174474469203886e-06,6.216648689071287e-06,0.7543116872657692
3.3879999999998485,0.0039999999999995595,0.0,0.0012376248325328524,0.00031897090491187006,3.174776376284646e-06,6.123025924366251e-06,0.7543275798354412
3.391999999999848,0.0039999999999995595,0.0,0.0012376183429171597,0.000318995205409126,3.175078075579553e-06,6.0295672046060935e-06,0.7543434005535807
3.3959999999998476,0.0039999999999995595,0.0,0.0012376104815583703,0.00031901913281529606,3.1753795570870097e-06,5.9363784618314375e-06,0.7543591497459509
3.399999999999847,0.0039999999999995595,0.0,0.0012376012635012328,0.00031904268851557226,3.175680811543266e-06,5.8435634407115405e-06,0.7543748277368224
3.4039999999998467,0.0039999999999995595,0.0,0.0012375907052217853,0.00031906587430340094,3.1759818306349263e-06,5.7512236211761305e-06,0.7543904348489916
3.4079999999998463,0.0039999999999995595,0.0,0.0012375788244481669,0.00031908869237118,3.176282606865967e-06,5.65945813547199e-06,0.7544059714037727
3.411999999999846,0.0039999999999995595,0.0,0.001237565640160864,0.00031911114530066247,3.1765831336660787e-06,5.568363697936895e-06,0.7544214377210098
3.4159999999998454,0.0039999999999995595,0.0,0.0012375511725032594,0.0003191332360530769,3.1768834053618028e-06,5.478034533277288e-06,0.7544368341190798
3.419999999999845,0.0039999999999995595,0.0,0.00123753544260248,0.00031915496795898335,3.1771834171523047e-06,5.388562312914759e-06,0.7544521609148997
3.4239999999998445,0.0039999999999995595,0.0,0.0012375184730182398,0.0003191763447078844,3.177483165148948e-06,5.300036094042834e-06,0.7544674184239321
3.427999999999844,0.0039999999999995595,0.0,0.0012375002871151536,0.0003191973703376044,3.1777826463343767e-06,5.2125422634941905e-06,0.7544826069601903
3.4319999999998436,0.0039999999999995595,0.0,0.0012374809094218904,0.0003192180492234581,3.1780818586203044e-06,5.1261644854261134e-06,0.7544977268362454
3.435999999999843,0.0039999999999995595,0.0,0.0012374603653623434,0.00031923838606722166,3.178380800784791e-06,5.040983653209932e-06,0.7545127783632309
3.4399999999998427,0.0039999999999995595,0.0,0.0012374386811662222,0.00031925838588592586,3.178679472448269e-06,4.95707784582443e-06,0.7545277618508502
3.4439999999998423,0.0039999999999995595,0.0,0.0012374158842282492,0.00031927805400048663,3.1789778741404795e-06,4.874522288872314e-06,0.7545426776073824
3.447999999999842,0.0039999999999995595,0.0,0.0012373920024804513,0.00031929739602418704,3.179276007093247e-06,4.793389317428394e-06,0.7545575259396881
3.4519999999998414,0.0039999999999995595,0.0,0.0012373670647513552,0.0003193164178510355,3.1795738734691152e-06,4.713748347562481e-06,0.7545723071532158
3.455999999999841,0.0039999999999995595,0.0,0.0012373411007663233,0.00031933512564400786,3.1798714761416067e-06,4.635665846251337e-06,0.7545870215520109
3.4599999999998405,0.0039999999999995595,0.0,0.0012373141405197954,0.00031935352582319236,3.1801688187019225e-06,4.559205309995672e-06,0.7546016694387201
3.46399999999984,0.0039999999999995595,0.0,0.0012372862151728667,0.000319371625053853,3.180465905415905e-06,4.484427244040966e-06,0.7546162511145986
3.4679999999998397,0.0039999999999995595,0.0,0.0012372573560666025,0.00031938943023442296,3.1807627412156334e-06,4.411389146681159e-06,0.7546307668795161
3.471999999999839,0.0039999999999995595,0.0,0.0012372275953504432,0.0003194069484844479,3.18105933168455e-06,4.3401454973557356e-06,0.754645217031964
3.4759999999998388,0.0039999999999995595,0.0,0.0012371969654441151,0.00031942418713249587,3.181355682957269e-06,4.2707477493028345e-06,0.7546596018690624
3.4799999999998383,0.0039999999999995595,0.0,0.0012371654994865905,0.0003194411537040397,3.181651801702956e-06,4.203244323145571e-06,0.7546739216865679
3.483999999999838,0.0039999999999995595,0.0,0.001237133230797956,0.0003194578559093344,3.181947695069183e-06,4.1376806074492416e-06,0.7546881767788782
3.4879999999998375,0.0039999999999995595,0.0,0.0012371001931488874,0.00031947430163129675,3.1822433706411914e-06,4.074098958904323e-06,0.7547023674390415
3.491999999999837,0.0039999999999995595,0.0,0.0012370664206711778,0.00031949049891340556,3.182538836400848e-06,4.0125387103612385e-06,0.754716493958761
3.4959999999998366,0.0039999999999995595,0.0,0.001237031947768243,0.0003195064559476365,3.1828341006795625e-06,3.953036177584081e-06,0.7547305566284055
3.499999999999836,0.0039999999999995595,0.0,0.0012369968090256075,0.00031952218106243364,3.1831291720399363e-06,3.895624671526495e-06,0.7547445557370099
3.5039999999998357,0.0039999999999995595,0.0,0.0012369610392111204,0.00031953768271074574,3.1834240593607556e-06,3.840334515422903e-06,0.7547584915722884
3.5079999999998353,0.0039999999999995595,0.0,0.0012369246733649202,0.00031955296945813185,3.183718771684682e-06,3.787193061346552e-06,0.7547723644206389
3.511999999999835,0.0039999999999995595,0.0,0.001236887746350851,0.000319568049970945,3.184013318191081e-06,3.7362247117810964e-06,0.7547861745671492
3.5159999999998344,0.0039999999999995595,0.0,0.001236850293395173,0.0003195829330046115,3.184307708151385e-06,3.687450944210127e-06,0.7547999222956051
3.519999999999834,0.0039999999999995595,0.0,0.001236812349548181,0.0003195976273920089,3.1846019508213484e-06,3.640890336078114e-06,0.7548136078884939
3.5239999999998335,0.0039999999999995595,0.0,0.0012367739499536258,0.00031961214203197444,3.1848960555797474e-06,3.596558601151914e-06,0.7548272316270201
3.527999999999833,0.0039999999999995595,0.0,0.001236735129579551,0.0003196264858779193,3.1851900316589247e-06,3.5544686105845432e-06,0.7548407937911009
3.5319999999998326,0.0039999999999995595,0.0,0.0012366959233979368,0.0003196406679265887,3.185483888237626e-06,3.5146304373777136e-06,0.7548542946593764
3.535999999999832,0.0039999999999995595,0.0,0.001236656366205262,0.0003196546972069676,3.1857776343383935e-06,3.4770513886809946e-06,0.7548677345092188
3.5399999999998317,0.0039999999999995595,0.0,0.0012366164926225793,0.0003196685827693424,3.186071278809037e-06,3.4417360481505346e-06,0.7548811136167392
3.5439999999998313,0.0039999999999995595,0.0,0.0012365763370955818,0.000319682333674525,3.186364830266508e-06,3.408686316205606e-06,0.754894432256791
3.547999999999831,0.0039999999999995595,0.0,0.0012365359336253027,0.0003196959589832527,3.186658297068533e-06,3.377901455136704e-06,0.7549076907029776
3.5519999999998304,0.0039999999999995595,0.0,0.0012364953161272672,0.0003197094677457671,3.186951687276292e-06,3.3493781349679047e-06,0.7549208892276587
3.55599999999983,0.0039999999999995595,0.0,0.0012364545182519608,0.0003197228689915864,3.187245008617607e-06,3.323110481583876e-06,0.7549340281019579
3.5599999999998295,0.0039999999999995595,0.0,0.0012364135731154579,0.0003197361717194748,3.1875382684299106e-06,3.2990901289398373e-06,0.7549471075957637
3.563999999999829,0.0039999999999995595,0.0,0.0012363725134789704,0.0003197493848876215,3.1878314737552564e-06,3.277306269121726e-06,0.7549601279777478
3.5679999999998286,0.0039999999999995595,0.0,0.0012363313718386246,0.0003197625174040196,3.188124631143615e-06,3.257745704727712e-06,0.7549730895153522
3.571999999999828,0.0039999999999995595,0.0,0.0012362901799764286,0.000319775578117078,3.188417746694789e-06,3.240392908536977e-06,0.7549859924748097
3.5759999999998278,0.0039999999999995595,0.0,0.0012362489695888108,0.00031978857580645606,3.188710826065803e-06,3.2252300780842756e-06,0.7549988371211471
3.5799999999998273,0.0039999999999995595,0.0,0.0012362077714783357,0.0003198015191741286,3.189003874402932e-06,3.2122371948764305e-06,0.7550116237181879
3.583999999999827,0.0039999999999995595,0.0,0.0012361666160924261,0.00031981441683568904,3.1892968963641834e-06,3.201392083736138e-06,0.7550243525285583
3.5879999999998264,0.0039999999999995595,0.0,0.0012361255334334834,0.00031982727731190945,3.1895898961155943e-06,3.1926704794991e-06,0.7550370238136997
3.591999999999826,0.0039999999999995595,0.0,0.0012360845526995273,0.00031984010902052606,3.1898828773108443e-06,3.186046079689788e-06,0.7550496378338628
3.5959999999998256,0.0039999999999995595,0.0,0.0012360437025535048,0.0003198529202682943,3.190175843042376e-06,3.1814906163163386e-06,0.755062194848118
3.599999999999825,0.0039999999999995595,0.0,0.0012360030112129972,0.0003198657192433014,3.190468795879047e-06,3.1789739184793715e-06,0.7550746951143645
3.6039999999998247,0.0039999999999995595,0.0,0.0012359625060009813,0.00031987851400753624,3.1907617378568873e-06,3.178463977810473e-06,0.7550871388893312
3.6079999999998242,0.0039999999999995595,0.0,0.0012359222136151327,0.00031989131248973243,3.191054670475059e-06,3.1799270162924546e-06,0.7550995264285832
3.611999999999824,0.0039999999999995595,0.0,0.0012358821602175122,0.0003199041224784771,3.191347594711267e-06,3.183327553124382e-06,0.7551118579865276
3.6159999999998234,0.0039999999999995595,0.0,0.00123584237107509,0.000319916951615593,3.191640511000628e-06,3.1886284728127444e-06,0.7551241338164166
3.619999999999823,0.0039999999999995595,0.0,0.0012358028709189015,0.00031992980738979434,3.1919334192577e-06,3.195791095052808e-06,0.7551363541703543
3.6239999999998225,0.0039999999999995595,0.0,0.0012357636835845418,0.00031994269713062523,3.192226318901631e-06,3.2047752426015492e-06,0.7551485192992997
3.627999999999822,0.0039999999999995595,0.0,0.0012357248321916527,0.0003199556280026863,3.1925192088669985e-06,3.2155393178219063e-06,0.7551606294530775
3.6319999999998216,0.0039999999999995595,0.0,0.0012356863391437478,0.00031996860700012606,3.192812087589354e-06,3.2280403626332837e-06,0.7551726848803751
3.635999999999821,0.0039999999999995595,0.0,0.0012356482259483388,0.0003199816409414263,3.193104953032788e-06,3.2422341370299453e-06,0.7551846858287485
3.6399999999998207,0.0039999999999995595,0.0,0.0012356105134862883,0.00031999473646447175,3.1933978027526032e-06,3.2580751885953337e-06,0.7551966325446303
3.6439999999998203,0.0039999999999995595,0.0,0.0012355732216522267,0.0003200079000219069,3.193690633847733e-06,3.275516923226999e-06,0.7552085252733343
3.64799999999982,0.0039999999999995595,0.0,0.0012355363696239102,0.00032002113787677844,3.1939834430378484e-06,3.294511677184453e-06,0.755220364259058
3.6519999999998194,0.0039999999999995595,0.0,0.0012354999758620439,0.00032003445609846473,3.194276226652631e-06,3.3150107883521173e-06,0.7552321497448895
3.655999999999819,0.0039999999999995595,0.0,0.0012354640577506577,0.00032004786055889217,3.194568980676213e-06,3.3369646683277913e-06,0.7552438819728083
3.6599999999998185,0.0039999999999995595,0.0,0.0012354286319563436,0.00032006135692903603,3.1948617007083958e-06,3.3603228716557487e-06,0.7552555611836936
3.663999999999818,0.0039999999999995595,0.0,0.0012353937144280855,0.0003200749506757116,3.19515438219853e-06,3.3850341722303863e-06,0.7552671876173264
3.6679999999998176,0.0039999999999995595,0.0,0.0012353593200376109,0.00032008864705865617,3.1954470202112354e-06,3.411046630371926e-06,0.7552787615123984
3.671999999999817,0.0039999999999995595,0.0,0.0012353254630285402,0.0003201024511278726,3.1957396095725504e-06,3.4383076605917364e-06,0.7552902831065091
3.6759999999998167,0.0039999999999995595,0.0,0.0012352921566567377,0.00032011636772127087,3.1960321448975162e-06,3.466764107225812e-06,0.7553017526361713
3.6799999999998163,0.0039999999999995595,0.0,0.001235259413369873,0.0003201304014625911,3.196324620647491e-06,3.4963623133989755e-06,0.7553131703368225
3.683999999999816,0.0039999999999995595,0.0,0.0012352272447173757,0.0003201445567596018,3.1966170311168373e-06,3.527048188303141e-06,0.7553245364428252
3.6879999999998154,0.0039999999999995595,0.0,0.001235195661530028,0.0003201588378025721,3.1969093704762686e-06,3.5587672771955273e-06,0.7553358511874692
3.691999999999815,0.0039999999999995595,0.0,0.001235164673560282,0.00032017324856301765,3.1972016328227697e-06,3.5914648290891443e-06,0.7553471148029774
3.6959999999998145,0.0039999999999995595,0.0,0.0012351342899315093,0.00032018779279271796,3.197493812150349e-06,3.625085863613731e-06,0.7553583275205119
3.699999999999814,0.0039999999999995595,0.0,0.001235104518868211,0.0003202024740230002,3.1977859024363855e-06,3.6595752388015526e-06,0.7553694895701772
3.7039999999998137,0.0039999999999995595,0.0,0.0012350753676958666,0.0003202172955642872,3.1980778976700485e-06,3.6948777155794185e-06,0.7553806011810238
3.7079999999998132,0.0039999999999995595,0.0,0.0012350468429306813,0.0003202322605059058,3.1983697918312586e-06,3.7309380232578124e-06,0.7553916625810527
3.711999999999813,0.0039999999999995595,0.0,0.0012350189502794596,0.00032024737171614854,3.198661579007971e-06,3.767700922549095e-06,0.755402673997222
3.7159999999998123,0.0039999999999995595,0.0,0.001234991694639481,0.0003202626318425923,3.198953253351187e-06,3.8051112690931655e-06,0.755413635655448
3.719999999999812,0.0039999999999995595,0.0,0.001234965080188284,0.00032027804331265545,3.199244809053423e-06,3.843114072781402e-06,0.7554245477806112
3.7239999999998115,0.0039999999999995595,0.0,0.0012349391100239593,0.00032029360833441055,3.1995362404915813e-06,3.881654563353734e-06,0.7554354105965606
3.727999999999811,0.0039999999999995595,0.0,0.0012349137867044364,0.00032030932889762627,3.19982754221626e-06,3.92067824346598e-06,0.7554462243261217
3.7319999999998106,0.0039999999999995595,0.0,0.0012348891118877932,0.0003203252067750438,3.2001187088960895e-06,3.960130950876615e-06,0.7554569891910925
3.73599999999981,0.0039999999999995595,0.0,0.0012348650866018753,0.0003203412435238857,3.2004097354440762e-06,3.999958914302415e-06,0.7554677054122568
3.7399999999998097,0.0039999999999995595,0.0,0.001234841710974503,0.00032035744048758305,3.200700616964478e-06,4.0401088074565685e-06,0.7554783732093838
3.7439999999998093,0.0039999999999995595,0.0,0.001234818984323293,0.0003203737987977229,3.2009913487690817e-06,4.080527805317202e-06,0.755488992801233
3.747999999999809,0.0039999999999995595,0.0,0.0012347969055152303,0.0003203903193762076,3.201281926525838e-06,4.121163635090343e-06,0.7554995644055629
3.7519999999998084,0.0039999999999995595,0.0,0.0012347754724271556,0.00032040700293761856,3.2015723460677866e-06,4.161964628000202e-06,0.7555100882391284
3.755999999999808,0.0039999999999995595,0.0,0.0012347546823053455,0.0003204238499917799,3.2018626035528175e-06,4.202879768425344e-06,0.7555205645176912
3.7599999999998075,0.0039999999999995595,0.0,0.0012347345317654719,0.0003204408608465147,3.2021526954235246e-06,4.2438587415986595e-06,0.755530993456022
3.763999999999807,0.0039999999999995595,0.0,0.0012347149923350412,0.00032045802190105207,3.2024426137597283e-06,4.277977145706383e-06,0.755530993456022
3.7679999999998066,0.0039999999999995595,0.0,0.00123469599876205,0.00032047529964191455,3.2027323851034167e-06,4.308049953202533e-06,0.7555413752679058
3.771999999999806,0.0039999999999995595,0.0,0.0012346775690557097,0.0003204927083076956,3.2030220761739138e-06,4.341806704939539e-06,0.7555518368309444
3.7759999999998057,0.0039999999999995595,0.0,0.0012346597465833855,0.0003205102765304725,3.2033117298433505e-06,4.386066470026787e-06,0.755572554333711
3.7799999999998053,0.0039999999999995595,0.0,0.0012346426014211184,0.0003205280475892542,3.2036013390552045e-06,4.435868808356081e-06,0.7555826953260247
3.783999999999805,0.0039999999999995595,0.0,0.001234626106709895,0.0003205460082725063,3.2038908549873296e-06,4.482630062845062e-06,0.7555928057451872
3.7879999999998044,0.0039999999999995595,0.0,0.0012346102406240102,0.00032056414900113604,3.2041802398746722e-06,4.527162362349168e-06,0.75560288148131
3.791999999999804,0.0039999999999995595,0.0,0.0012345949848427725,0.0003205824625131443,3.2044694657001744e-06,4.569984681685336e-06,0.7556129195530567
3.7959999999998035,0.0039999999999995595,0.0,0.001234580323201914,0.0003206009430338319,3.2047585127434222e-06,4.611430961757894e-06,0.7556229178496007
3.799999999999803,0.0039999999999995595,0.0,0.0012345662409743762,0.00032061958575157687,3.205047368071484e-06,4.6517181241205344e-06,0.7556328749117697
3.8039999999998027,0.0039999999999995595,0.0,0.0012345527239711741,0.00032063838648544807,3.2053360241782702e-06,4.690988756514204e-06,0.7556427897582233
3.807999999999802,0.0039999999999995595,0.0,0.0012345397589012138,0.00032065734147298234,3.2056244777198306e-06,4.729337844903372e-06,0.7556526617528324
3.8119999999998018,0.0039999999999995595,0.0,0.001234527332382159,0.00032067644723310747,3.205912728394665e-06,4.7668294920499475e-06,0.7556624905061574
3.8159999999998013,0.0039999999999995595,0.0,0.0012345154314800776,0.00032069570047600215,3.206200778040003e-06,4.8035073644832855e-06,0.7556722758036123
3.819999999999801,0.0039999999999995595,0.0,0.001234504043169924,0.0003207150980422834,3.2064886299243114e-06,4.839401227342991e-06,0.755682017553781
3.8239999999998004,0.0039999999999995595,0.0,0.0012344931545154553,0.0003207346368605795,3.2067762881432438e-06,4.874531049419873e-06,0.755691715751598
3.8279999999998,0.0039999999999995595,0.0,0.0012344827523994868,0.0003207543139167202,3.2070637571456265e-06,4.908909607426121e-06,0.755701370452308
3.8319999999997996,0.0039999999999995595,0.0,0.0012344728237937406,0.0003207741262303801,3.2073510414289592e-06,4.942544168521394e-06,0.7557109817531401
3.835999999999799,0.0039999999999995595,0.0,0.0012344633554890938,0.00032079407083662113,3.2076381453410165e-06,4.975437604761263e-06,0.7557205497804588
3.8399999999997987,0.0039999999999995595,0.0,0.00123445433409562,0.0003208141447707952,3.207925072939204e-06,5.007589168839914e-06,0.7557300746807725
3.8439999999997982,0.0039999999999995595,0.0,0.001234445746312443,0.00032083434505587925,3.20821182788535e-06,5.03899506528407e-06,0.7557395566144539
3.847999999999798,0.0039999999999995595,0.0,0.001234437578478101,0.0003208546686916829,3.2084984134222276e-06,5.069648895537774e-06,0.7557489957513479
3.8519999999997974,0.0039999999999995595,0.0,0.001234429816930331,0.00032087511264560425,3.2087848324076936e-06,5.0995420343841284e-06,0.7557583922677017
3.855999999999797,0.0039999999999995595,0.0,0.0012344224477363012,0.00032089567384473806,3.2090710872881773e-06,5.128663958837023e-06,0.7557677463440191
3.8599999999997965,0.0039999999999995595,0.0,0.0012344154567825846,0.0003209163491692167,3.2093571801568047e-06,5.15700255453985e-06,0.7557770581635489
3.863999999999796,0.0039999999999995595,0.0,0.0012344088301349582,0.0003209371354467069,3.2096431129261804e-06,5.184544400479865e-06,0.7557863279112275
3.8679999999997956,0.0039999999999995595,0.0,0.0012344025532289873,0.0003209580294480086,3.209928887324645e-06,5.211275042867678e-06,0.755795555772929
3.871999999999795,0.0039999999999995595,0.0,0.0012343966117694572,0.0003209790278837219,3.2102145048726153e-06,5.237179258563791e-06,0.7558047419349482
3.8759999999997947,0.0039999999999995595,0.0,0.001234390991100833,0.0003210001274019126,3.2104999670127267e-06,5.262241304388154e-06,0.755813886583613
3.8799999999997943,0.0039999999999995595,0.0,0.001234385676477113,0.00032102132458675564,3.2107852751732113e-06,5.286445157436734e-06,0.7558229899050319
3.883999999999794,0.0039999999999995595,0.0,0.0012343806530618648,0.00032104261595809454,3.2110704307824722e-06,5.309774741329536e-06,0.7558320520848993
3.8879999999997934,0.0039999999999995595,0.0,0.0012343759059282597,0.0003210639979718678,3.211355435339058e-06,5.3322141395844715e-06,0.7558410733083667
3.891999999999793,0.0039999999999995595,0.0,0.0012343714199691616,0.0003210854670213444,3.2116402904027787e-06,5.353747794341473e-06,0.7558500537599472
3.8959999999997925,0.0039999999999995595,0.0,0.0012343671801669852,0.00032110701943910934,3.2119249976422666e-06,5.374360689728096e-06,0.755858993623452
3.899999999999792,0.0039999999999995595,0.0,0.0012343631713238998,0.0003211286514997329,3.21220955880985e-06,5.394038519084647e-06,0.7558678930819441
3.9039999999997916,0.0039999999999995595,0.0,0.0012343593781517983,0.0003211503594230643,3.2124939758116185e-06,5.412767835969794e-06,0.7558767523177082
3.907999999999791,0.0039999999999995595,0.0,0.0012343557853622665,0.000321172139378075,3.212778250730236e-06,5.430536189054e-06,0.7558855715122301
3.9119999999997908,0.0039999999999995595,0.0,0.0012343523778464982,0.00032119398748718555,3.2130623856225637e-06,5.447332236151327e-06,0.7558943508461823
3.9159999999997903,0.0039999999999995595,0.0,0.001234349140135655,0.00032121589983102444,3.2133463827545396e-06,5.46314585131295e-06,0.7559030904994232
3.91999999999979,0.0039999999999995595,0.0,0.0012343460572103837,0.00032123787245353405,3.213630244444536e-06,5.4779682044212364e-06,0.7559117906509873
3.9239999999997894,0.0039999999999995595,0.0,0.0012343431136913406,0.00032125990136737485,3.2139139731258734e-06,5.491791834128627e-06,0.7559204514790904
3.927999999999789,0.0039999999999995595,0.0,0.0012343402944688185,0.0003212819825595565,3.214197571250361e-06,5.504610699329229e-06,0.755929073161126
3.9319999999997886,0.0039999999999995595,0.0,0.0012343375846128213,0.0003213041119972536,3.2144810413040967e-06,5.51642022324931e-06,0.7559376558736743
3.935999999999788,0.0039999999999995595,0.0,0.0012343349690132994,0.0003213262856337401,3.2147643857907336e-06,5.527217318132046e-06,0.7559461997925052
3.9399999999997877,0.0039999999999995595,0.0,0.0012343324330097777,0.00032134849941439564,3.215047607208677e-06,5.537000401582365e-06,0.755954705092581
3.9439999999997872,0.0039999999999995595,0.0,0.0012343299616718064,0.00032137074928274237,3.2153307079819353e-06,5.545769400766065e-06,0.7559631719480645
3.947999999999787,0.0039999999999995595,0.0,0.0012343275406084782,0.0003213930311864567,3.215613690553796e-06,5.553525743117227e-06,0.7559716005323236
3.9519999999997864,0.0039999999999995595,0.0,0.0012343251554287654,0.00032141534108334193,3.2158965571881206e-06,5.560272345806997e-06,0.7559799910179379
3.955999999999786,0.0039999999999995595,0.0,0.0012343227919214166,0.0003214376749472063,3.2161793100916713e-06,5.56601358835622e-06,0.7559883435767063
3.9599999999997855,0.0039999999999995595,0.0,0.0012343204360549622,0.0003214600287736238,3.2164619513565528e-06,5.570755282589571e-06,0.7559966583796497
3.963999999999785,0.0039999999999995595,0.0,0.0012343180740676636,0.00032148239858555524,3.21674448294561e-06,5.5745046360318764e-06,0.7560049355970172
3.9679999999997846,0.0039999999999995595,0.0,0.0012343156923775697,0.00032150478043880605,3.21702690666703e-06,5.577270209291915e-06,0.7560131753982954
3.971999999999784,0.0039999999999995595,0.0,0.0012343132778523576,0.00032152717042730074,3.2173092241444578e-06,5.579061869753405e-06,0.7560213779522097
3.9759999999997837,0.0039999999999995595,0.0,0.001234310817269652,0.0003215495646881602,3.2175914368369475e-06,5.579890741095289e-06,0.7560295434267329
3.9799999999997833,0.0039999999999995595,0.0,0.0012343082979466508,0.0003215719594065737,3.217873545978122e-06,5.5797691520584786e-06,0.7560376719890886
3.983999999999783,0.0039999999999995595,0.0,0.0012343057074702816,0.00032159435082044157,3.2181555527037803e-06,5.5787105764399395e-06,0.7560457638057554
3.9879999999997824,0.0039999999999995595,0.0,0.0012343030336072521,0.0003216167352248091,3.218437457923197e-06,5.5767295838982875e-06,0.7560538190424729
3.991999999999782,0.0039999999999995595,0.0,0.0012343002644839393,0.0003216391089760664,3.2187192623060508e-06,5.573841778484055e-06,0.7560618378642494
3.9959999999997815,0.0039999999999995595,0.0,0.0012342973885863839,0.00032166146849591556,3.219000966350205e-06,5.5700637408825105e-06,0.7560698204353613
3.999999999999781,0.0039999999999995595,0.0,0.0012342943945803896,0.0003216838102751059,3.219282570325482e-06,5.565412971823304e-06,0.7560777669193581
4.003999999999781,0.0040000000000000036,0.0,0.0012342912717612563,0.00032170613087695077,3.219564074311473e-06,5.559907836128065e-06,0.7560856774790713
4.007999999999781,0.0039999999999995595,0.0,0.0012342880095140855,0.0003217284269406098,3.2198454782187976e-06,5.553567505158247e-06,0.7560935522766117
4.01199999999978,0.0039999999999995595,0.0,0.0012342845975836167,0.00032175069518415215,3.220126781723716e-06,5.546411901379211e-06,0.7561013914733784
4.01599999999978,0.0039999999999995595,0.0,0.0012342810262541179,0.00032177293240739864,3.220407984386447e-06,5.5384616443334716e-06,0.7561091952300582
4.019999999999779,0.0039999999999995595,0.0,0.001234277285899634,0.0003217951354945561,3.2206890856909765e-06,5.529737999715024e-06,0.7561169637066292
4.023999999999779,0.0039999999999995595,0.0,0.001234273367613624,0.0003218173014166504,3.2209700848687916e-06,5.520262826525848e-06,0.7561246970623716
4.027999999999778,0.0039999999999995595,0.0,0.0012342692625793078,0.0003218394272337531,3.221250980980675e-06,5.510058528738723e-06,0.7561323954558624
4.031999999999778,0.0039999999999995595,0.0,0.0012342649624294574,0.00032186151009701324,3.22153177300344e-06,5.499148005947396e-06,0.7561400590449812
4.0359999999997775,0.0039999999999995595,0.0,0.0012342604591564401,0.0003218835472505106,3.2218124597477812e-06,5.487554609117531e-06,0.7561476879869137
4.039999999999777,0.0039999999999995595,0.0,0.0012342557452921137,0.00032190553603292295,3.222093039956748e-06,5.4753020945519945e-06,0.756155282438154
4.043999999999777,0.0039999999999995595,0.0,0.0012342508136379698,0.00032192747387902284,3.2223735122260734e-06,5.462414581720456e-06,0.7561628425545085
4.047999999999776,0.0039999999999995595,0.0,0.0012342456572651272,0.0003219493583210029,3.22265387513589e-06,5.448916510399581e-06,0.7561703684910971
4.051999999999776,0.0039999999999995595,0.0,0.0012342402698741325,0.00032197118698964474,3.222934127259901e-06,5.434832603069478e-06,0.756177860402355
4.055999999999775,0.0039999999999995595,0.0,0.0012342346454351516,0.00032199295761533355,3.223214267033328e-06,5.4201878250779545e-06,0.7561853184420382
4.059999999999775,0.0039999999999995595,0.0,0.0012342287781879648,0.0003220146680289186,3.223494292866977e-06,5.405007347655997e-06,0.756192742763225
4.0639999999997745,0.0039999999999995595,0.0,0.0012342226630017747,0.000322036316162433,3.2237742031984586e-06,5.389316512867835e-06,0.756200133518317
4.067999999999774,0.0039999999999995595,0.0,0.0012342162950153954,0.00032205790004967124,3.2240539964059187e-06,5.3731407974005135e-06,0.7562074908590428
4.071999999999774,0.0039999999999995595,0.0,0.0012342096696372504,0.00032207941782663306,3.2243336708844707e-06,5.356505780858309e-06,0.7562148149364606
4.075999999999773,0.0039999999999995595,0.0,0.001234202782995143,0.0003221008677318373,3.2246132250667026e-06,5.3394371127731564e-06,0.7562221059009582
4.079999999999773,0.0039999999999995595,0.0,0.0012341956312166254,0.0003221222481065068,3.2248926574674192e-06,5.321960480447195e-06,0.756229363902258
4.083999999999772,0.0039999999999995595,0.0,0.0012341882110586812,0.00032214355739463424,3.225171966515935e-06,5.304101579808424e-06,0.7562365890894195
4.087999999999772,0.0039999999999995595,0.0,0.0012341805195479117,0.00032216479414292633,3.2254511507957014e-06,5.285886085043359e-06,0.7562437816108394
4.091999999999771,0.0039999999999995595,0.0,0.0012341725541604503,0.0003221859570006323,3.225730208907606e-06,5.2673396198252864e-06,0.756250941614255
4.095999999999771,0.0039999999999995595,0.0,0.0012341643127320142,0.0003222070447192572,3.2260091395569508e-06,5.24848772869409e-06,0.7562580692467468
4.0999999999997705,0.0039999999999995595,0.0,0.0012341557933679532,0.00032222805615216753,3.2262879415093126e-06,5.229355850489418e-06,0.7562651646547395
4.10399999999977,0.0039999999999995595,0.0,0.00123414699471313,0.0003222489902540907,3.2265666136198804e-06,5.209969291741735e-06,0.7562722279840065
4.10799999999977,0.0039999999999995595,0.0,0.0012341379155021391,0.00032226984608050576,3.2268451548206897e-06,5.190353200114724e-06,0.756279259379669
4.111999999999769,0.0039999999999995595,0.0,0.001234128555189028,0.00032229062278693545,3.2271235641613097e-06,5.170532539035175e-06,0.7562862589862016
4.115999999999769,0.0039999999999995595,0.0,0.0012341189133175964,0.000322311319628136,3.2274018407786e-06,5.150532063394199e-06,0.7562932269474321
4.119999999999768,0.0039999999999995595,0.0,0.001234108989791284,0.00032233193595719253,3.2276799839745507e-06,5.130376295411322e-06,0.7563001634065445
4.123999999999768,0.0039999999999995595,0.0,0.0012340987849631447,0.00032235247122451815,3.227957993076e-06,5.110089499893017e-06,0.756307068506084
4.127999999999767,0.0039999999999995595,0.0,0.0012340882994559418,0.00032237292497675195,3.228235867569766e-06,5.08969566156848e-06,0.7563139423879492
4.131999999999767,0.0039999999999995595,0.0,0.001234077534162159,0.00032239329685558447,3.22851360706601e-06,5.069218464891817e-06,0.7563207851934107
4.1359999999997665,0.0039999999999995595,0.0,0.0012340664904239437,0.0003224135865964851,3.228791211259517e-06,5.048681270017169e-06,0.756327597063101
4.139999999999766,0.0039999999999995595,0.0,0.0012340551698531983,0.00032243379402734535,3.2290686799680817e-06,5.028107093067847e-06,0.7563343781370204
4.143999999999766,0.0039999999999995595,0.0,0.001234043574151664,0.00032245391906703954,3.229346013137654e-06,5.007518584440344e-06,0.7563411285545387
4.147999999999765,0.0039999999999995595,0.0,0.001234031705740698,0.00032247396172391,3.2296232108013847e-06,4.986938010452478e-06,0.7563478484544013
4.151999999999765,0.0039999999999995595,0.0,0.0012340195668616336,0.00032249392209416397,3.2299002731220666e-06,4.966387232313003e-06,0.7563545379747213
4.155999999999764,0.0039999999999995595,0.0,0.001234007160475464,0.0003225138003602125,3.2301772003706954e-06,4.945887690116891e-06,0.7563611972529968
4.159999999999764,0.0039999999999995595,0.0,0.0012339944894531568,0.00032253359678892883,3.230453992912237e-06,4.925460384840892e-06,0.7563678264261018
4.1639999999997634,0.0039999999999995595,0.0,0.001233981557205451,0.0003225533117298382,3.2307306511834887e-06,4.905125859352834e-06,0.756374425630293
4.167999999999763,0.0039999999999995595,0.0,0.0012339683672330328,0.00032257294561324605,3.231007175772828e-06,4.88490418537973e-06,0.7563809950012123
4.171999999999763,0.0039999999999995595,0.0,0.001233954923306494,0.00032259249894830267,3.231283567320201e-06,4.8648149459931104e-06,0.7563875346738868
4.175999999999762,0.0039999999999995595,0.0,0.0012339412294663527,0.00032261197232100555,3.2315598265503926e-06,4.84487722105494e-06,0.7563940447827333
4.179999999999762,0.0039999999999995595,0.0,0.0012339272900230782,0.00032263136639215206,3.231835954274798e-06,4.825109575271763e-06,0.75640052546156
4.183999999999761,0.0039999999999995595,0.0,0.0012339131094671366,0.0003226506818952394,3.2321119513696403e-06,4.805530044479067e-06,0.7564069768435718
4.187999999999761,0.0039999999999995595,0.0,0.0012338986924690122,0.0003226699196343076,3.2323878187642844e-06,4.7861561223710545e-06,0.7564133990613663
4.19199999999976,0.0039999999999995595,0.0,0.001233884043969203,0.00032268908048174743,3.2326635574654415e-06,4.767004751732967e-06,0.7564197922469432
4.19599999999976,0.0039999999999995595,0.0,0.0012338691690882675,0.0003227081653760586,3.232939168526534e-06,4.74809231145238e-06,0.7564261565317019
4.1999999999997595,0.0039999999999995595,0.0,0.0012338540730368653,0.00032272717531957274,3.2332146530407282e-06,4.729434609297113e-06,0.7564324920464475
4.203999999999759,0.0039999999999995595,0.0,0.0012338387613857141,0.000322746111376141,3.2334900121235485e-06,4.711046872524622e-06,0.7564387989213907
4.207999999999759,0.0039999999999995595,0.0,0.0012338232396157118,0.000322764974668789,3.2337652469259974e-06,4.692943739746562e-06,0.7564450772861515
4.211999999999758,0.0039999999999995595,0.0,0.0012338075136578397,0.0003227837663773443,3.2340403586215968e-06,4.67513925487107e-06,0.7564513272697619
4.215999999999758,0.0039999999999995595,0.0,0.0012337915893532937,0.00032280248773603745,3.234315348429388e-06,4.6576468603294884e-06,0.7564575490006672
4.219999999999757,0.0039999999999995595,0.0,0.001233775472903417,0.00032282114003108226,3.234590217539393e-06,4.640479391905181e-06,0.7564637426067296
4.223999999999757,0.0039999999999995595,0.0,0.0012337591703298113,0.0003228397245982366,3.234864967153394e-06,4.623649075062358e-06,0.7564699082152306
4.227999999999756,0.0039999999999995595,0.0,0.0012337426881042514,0.00032285824282035175,3.235139598465261e-06,4.607167521167638e-06,0.756476045952873
4.231999999999756,0.0039999999999995595,0.0,0.0012337260325187987,0.0003228766961249101,3.2354141126583677e-06,4.591045725277942e-06,0.7564821559457856
4.2359999999997555,0.0039999999999995595,0.0,0.0012337092103157329,0.00032289508598154775,3.2356885108982846e-06,4.575294062860651e-06,0.7564882383195213
4.239999999999755,0.0039999999999995595,0.0,0.0012336922278776644,0.0003229134138995823,3.2359627943438072e-06,4.5599222909004734e-06,0.7564942931990641
4.243999999999755,0.0039999999999995595,0.0,0.0012336750920374571,0.00032293168142553014,3.236236964096528e-06,4.544939545277816e-06,0.7565003207088292
4.247999999999754,0.0039999999999995595,0.0,0.0012336578095383003,0.0003229498901406286,3.236511021239407e-06,4.530354342968029e-06,0.7565063209726663
4.251999999999754,0.0039999999999995595,0.0,0.0012336403873036996,0.00032296804165836353,3.236784966769285e-06,4.516174582740336e-06,0.7565122941138619
4.255999999999753,0.0039999999999995595,0.0,0.001233622832077508,0.0003229861376220021,3.2370588016718727e-06,4.5024075473930875e-06,0.7565182402551419
4.259999999999753,0.0039999999999995595,0.0,0.0012336051509639113,0.0003230041797021353,3.2373325268950774e-06,4.489059906171494e-06,0.7565241595186744
4.263999999999752,0.0039999999999995595,0.0,0.0012335873507974637,0.00032302216959423667,3.2376061433303124e-06,4.47613771829425e-06,0.7565300520260725
4.267999999999752,0.0039999999999995595,0.0,0.0012335694386830809,0.0003230401090162307,3.237879651773388e-06,4.463646436538111e-06,0.7565359178983947
4.2719999999997516,0.0039999999999995595,0.0,0.0012335514216360566,0.00032305799970608296,3.238153052985975e-06,4.45159091235627e-06,0.7565417572561502
4.275999999999751,0.0039999999999995595,0.0,0.001233533306582064,0.0003230758434194116,3.238426347664576e-06,4.4399754015228335e-06,0.7565475702193
4.279999999999751,0.0039999999999995595,0.0,0.001233515100717172,0.00032309364192711963,3.238699536409471e-06,4.428803569234671e-06,0.7565533569072593
4.28399999999975,0.0039999999999995595,0.0,0.0012334968109678351,0.000323111397013053,3.2389726197689006e-06,4.418078497202088e-06,0.7565591174389007
4.28799999999975,0.0039999999999995595,0.0,0.0012334784444409162,0.00032312911047168753,3.2392455981936515e-06,4.407802690442028e-06,0.7565648519325564
4.291999999999749,0.0039999999999995595,0.0,0.0012334600080636676,0.0003231467841058464,3.2395184720939132e-06,4.397978085770136e-06,0.75657056050602
4.295999999999749,0.0039999999999995595,0.0,0.0012334415088537535,0.0003231644197244447,3.2397912417889944e-06,4.388606057791877e-06,0.7565762432765496
4.2999999999997485,0.0039999999999995595,0.0,0.0012334229536492256,0.0003231820191402753,3.2400639075213447e-06,4.379687430271778e-06,0.7565819003608703
4.303999999999748,0.0039999999999995595,0.0,0.0012334043493785524,0.0003231995841678227,3.2403364694646905e-06,4.37122248253819e-06,0.7565875318751769
4.307999999999748,0.0039999999999995595,0.0,0.001233385702970613,0.0003232171166211212,3.2406089276983882e-06,4.363210961025013e-06,0.7565931379351355
4.311999999999747,0.0039999999999995595,0.0,0.0012333670210846542,0.0003232346183116482,3.2408812822629477e-06,4.355652088661766e-06,0.7565987186558857
4.315999999999747,0.0039999999999995595,0.0,0.001233348310560357,0.00032325209104626195,3.241153533129254e-06,4.348544575079822e-06,0.7566042741520449
4.319999999999746,0.0039999999999995595,0.0,0.0012333295778777411,0.00032326953662517664,3.2414256801235037e-06,4.341886626109104e-06,0.7566098045377088
4.323999999999746,0.0039999999999995595,0.0,0.0012333108296972586,0.0003232869568399873,3.241697723062015e-06,4.335675957790748e-06,0.7566153099264545
4.327999999999745,0.0039999999999995595,0.0,0.001233292072499723,0.0003233043534717375,3.2419696616638756e-06,4.329909805577775e-06,0.7566207904313427
4.331999999999745,0.0039999999999995595,0.0,0.0012332733126763193,0.0003233217282890327,3.2422414955880885e-06,4.324584936149122e-06,0.7566262461649204
4.3359999999997445,0.0039999999999995595,0.0,0.0012332545564385739,0.0003233390830462045,3.2425132244422465e-06,4.319697661106032e-06,0.7566316772392231
4.339999999999744,0.0039999999999995595,0.0,0.0012332358100884161,0.0003233564194815205,3.242784847773534e-06,4.315243847139627e-06,0.7566370837657764
4.343999999999744,0.0039999999999995595,0.0,0.0012332170796580787,0.00032337373931544795,3.2430563650046234e-06,4.311218930850887e-06,0.7566424658555992
4.347999999999743,0.0039999999999995595,0.0,0.001233198371090132,0.0003233910442489676,3.243327775558561e-06,4.307617930257811e-06,0.7566478236192072
4.351999999999743,0.0039999999999995595,0.0,0.0012331796902374768,0.00032340833596193846,3.2435990788177718e-06,4.304435458295151e-06,0.7566531571666126
4.355999999999742,0.0039999999999995595,0.0,0.0012331610428633368,0.00032342561611151664,3.243870274094009e-06,4.301665736306961e-06,0.7566584666073262
4.359999999999742,0.0039999999999995595,0.0,0.001233142434551217,0.0003234428863306283,3.2441413606669975e-06,4.299302607178994e-06,0.7566637520503631
4.363999999999741,0.0039999999999995595,0.0,0.0012331238707949234,0.00032346014822649545,3.2444123377757695e-06,4.2973395488403814e-06,0.756669013604242
4.367999999999741,0.0039999999999995595,0.0,0.001233105356908518,0.00032347740337921926,3.244683204626312e-06,4.2957696890303476e-06,0.7566742513769883
4.3719999999997405,0.0039999999999995595,0.0,0.0012330868981163408,0.00032349465334041694,3.244953960397523e-06,4.294585818307795e-06,0.7566794654761364
4.37599999999974,0.0039999999999995595,0.0,0.0012330684994629629,0.00032351189963191656,3.245224604204771e-06,4.293780404418769e-06,0.7566846560087326
4.37999999999974,0.0039999999999995595,0.0,0.0012330501659032088,0.0003235291437445082,3.2454951351672042e-06,4.293345607079481e-06,0.7566898230813358
4.383999999999739,0.0039999999999995595,0.0,0.001233031902032028,0.00032354638713675085,3.245765552405135e-06,4.293273291666274e-06,0.7566949668000205
4.387999999999739,0.0039999999999995595,0.0,0.0012330137126247136,0.00032356363123383654,3.246035854995494e-06,4.293555042224185e-06,0.7567000872703789
4.391999999999738,0.0039999999999995595,0.0,0.0012329956020966566,0.0003235808774265134,3.246306042000832e-06,4.294182178980564e-06,0.7567051845975229
4.395999999999738,0.0039999999999995595,0.0,0.0012329775747734486,0.00032359812707006717,3.2465761125114585e-06,4.295145770403002e-06,0.756710258886088
4.3999999999997375,0.0039999999999995595,0.0,0.001232959634620736,0.0003236153814833572,3.246846065610583e-06,4.296436647878732e-06,0.7567153102402323
4.403999999999737,0.0039999999999995595,0.0,0.001232941785874519,0.000323632641947912,3.247115900315056e-06,4.298045420646052e-06,0.7567203387636408
4.407999999999737,0.0039999999999995595,0.0,0.0012329240321406873,0.00032364990970708746,3.2473856157563103e-06,4.299962491812257e-06,0.7567253445595279
4.411999999999736,0.0039999999999995595,0.0,0.0012329063772054144,0.00032366718596527663,3.24765521105793e-06,4.302178070336756e-06,0.7567303277306375
4.415999999999736,0.0039999999999995595,0.0,0.0012328888244048158,0.0003236844718871757,3.2479246853116835e-06,4.304682184797415e-06,0.7567352883792478
4.419999999999735,0.0039999999999995595,0.0,0.0012328713772552756,0.00032370176859711095,3.248194037656672e-06,4.307464700051203e-06,0.7567402266071688
4.423999999999735,0.0039999999999995595,0.0,0.0012328540386429782,0.0003237190771784212,3.2484632672642177e-06,4.310515330326133e-06,0.7567451425157498
4.427999999999734,0.0039999999999995595,0.0,0.0012328368118144602,0.00032373639867290353,3.2487323732905466e-06,4.313823654781513e-06,0.7567500362058793
4.431999999999734,0.0039999999999995595,0.0,0.0012328196993860205,0.0003237537340803028,3.249001354930578e-06,4.3173791285943495e-06,0.7567549077779854
4.4359999999997335,0.0039999999999995595,0.0,0.0012328027040641283,0.0003237710843578721,3.2492702114794588e-06,4.321171102264816e-06,0.7567597573320417
4.439999999999733,0.0039999999999995595,0.0,0.0012327858282851951,0.00032378845041998206,3.2495389422378176e-06,4.3251888297595e-06,0.7567645849675679
4.443999999999733,0.0039999999999995595,0.0,0.0012327690743056136,0.0003238058331377772,3.2498075465363847e-06,4.329421484042721e-06,0.7567693907836262
4.447999999999732,0.0039999999999995595,0.0,0.0012327524443818624,0.0003238232333388987,3.2500760236947355e-06,4.333858172342339e-06,0.7567741748788317
4.451999999999732,0.0039999999999995595,0.0,0.0012327359404102586,0.00032384065180725595,3.250344373154883e-06,4.33848794849145e-06,0.7567789373513503
4.455999999999731,0.0039999999999995595,0.0,0.0012327195641971193,0.00032385808928285097,3.250612594318282e-06,4.3432998250698015e-06,0.7567836782989004
4.459999999999731,0.0039999999999995595,0.0,0.0012327033171885624,0.0003238755464616644,3.250880686730198e-06,4.348282791329485e-06,0.7567883978187595
4.46399999999973,0.0039999999999995595,0.0,0.0012326872011009372,0.00032389302399557783,3.2511486499652583e-06,4.353425818427733e-06,0.7567930960077597
4.46799999999973,0.0039999999999995595,0.0,0.0012326712170201762,0.0003239105224923566,3.2514164835820866e-06,4.358717877611906e-06,0.7567977729622916
4.4719999999997295,0.0039999999999995595,0.0,0.001232655366212361,0.00032392804251568343,3.2516841872279625e-06,4.3641479516589335e-06,0.7568024287783097
4.475999999999729,0.0039999999999995595,0.0,0.0012326396494932524,0.0003239455845852385,3.251951760604137e-06,4.369705047010008e-06,0.7568070635513319
4.479999999999729,0.0039999999999995595,0.0,0.001232624067768678,0.00032396314917683064,3.252219203468335e-06,4.3753782053194315e-06,0.7568116773764414
4.483999999999728,0.0039999999999995595,0.0,0.0012326086215841837,0.00032398073672257105,3.252486515584711e-06,4.381156515229183e-06,0.7568162703482866
4.487999999999728,0.0039999999999995595,0.0,0.001232593311485298,0.00032399834761110584,3.252753696831793e-06,4.387029126372493e-06,0.7568208425610924
4.491999999999727,0.0039999999999995595,0.0,0.001232578137837385,0.00032401598218787653,3.253020747109765e-06,4.3929852566720546e-06,0.756825394108648
4.495999999999727,0.0039999999999995595,0.0,0.001232563100645484,0.0003240336407554362,3.25328766637766e-06,4.399014205621324e-06,0.7568299250843192
4.499999999999726,0.0039999999999995595,0.0,0.0012325482000947404,0.00032405132357380973,3.2535544545935916e-06,4.405105365816945e-06,0.7568344355810471
4.503999999999726,0.0039999999999995595,0.0,0.0012325334359198801,0.00032406903086089247,3.253821111807476e-06,4.411248232404225e-06,0.7568389256913514
4.507999999999726,0.0039999999999995595,0.0,0.001232518807945649,0.0003240867627928916,3.2540876381143704e-06,4.4174324133024424e-06,0.7568433955073299
4.511999999999725,0.0039999999999995595,0.0,0.001232504315726503,0.00032410451950480655,3.25435403369014e-06,4.423647639369342e-06,0.7568478451206627
4.515999999999725,0.0039999999999995595,0.0,0.0012324899586366733,0.00032412230109095033,3.254620298722657e-06,4.4298837742308634e-06,0.7568522746226115
4.519999999999724,0.0039999999999995595,0.0,0.001232475736050317,0.0003241401076055126,3.2548864333364345e-06,4.4361308239028154e-06,0.75685668410403
4.523999999999724,0.0039999999999995595,0.0,0.0012324616471613547,0.000324157939063144,3.25515243781655e-06,4.4423789441386736e-06,0.7568610736553513
4.527999999999723,0.0039999999999995595,0.0,0.0012324476908933777,0.0003241757954395924,3.255418312437242e-06,4.44861845131429e-06,0.7568654433666011
4.531999999999723,0.0039999999999995595,0.0,0.00123243386625997,0.0003241936766723674,3.2556840575494983e-06,4.4548398303941566e-06,0.7568697933273972
4.5359999999997225,0.0039999999999995595,0.0,0.0012324201720043738,0.0003242115826614344,3.2559496734723773e-06,4.461033741658628e-06,0.7568741236269504
4.539999999999722,0.0039999999999995595,0.0,0.0012324066067796488,0.00032422951326994254,3.256215160607801e-06,4.467191029498486e-06,0.7568784343540653
4.543999999999722,0.0039999999999995595,0.0,0.0012323931691486669,0.0003242474683249839,3.2564805193332493e-06,4.47330273001483e-06,0.7568827255971441
4.547999999999721,0.0039999999999995595,0.0,0.0012323798575841103,0.0003242654476183751,3.2567457500987728e-06,4.479360076755352e-06,0.7568869974441875
4.551999999999721,0.0039999999999995595,0.0,0.0012323666702882899,0.0003242834509074836,3.2570108533688987e-06,4.485354511779442e-06,0.7568912499828013
4.55599999999972,0.0039999999999995595,0.0,0.001232353605553491,0.00032430147791605757,3.257275829657364e-06,4.491277685790086e-06,0.7568954833001895
4.55999999999972,0.0039999999999995595,0.0,0.0012323406614917092,0.0003243195283350945,3.2575406794272616e-06,4.497121467913447e-06,0.7568996974831613
4.563999999999719,0.0039999999999995595,0.0,0.0012323278361247325,0.0003243376018237259,3.257805403170867e-06,4.502877950881101e-06,0.7569038926181331
4.567999999999719,0.0039999999999995595,0.0,0.0012323151273841396,0.0003243556980101296,3.2580700013821335e-06,4.508539455971099e-06,0.7569080687911295
4.5719999999997185,0.0039999999999995595,0.0,0.0012323025331112975,0.00032437381649246135,3.2583344745620404e-06,4.514098539496279e-06,0.7569122260877876
4.575999999999718,0.0039999999999995595,0.0,0.0012322900509672634,0.00032439195683980253,3.2585988232256374e-06,4.519547995291386e-06,0.7569163645933542
4.579999999999718,0.0039999999999995595,0.0,0.0012322776787030642,0.00032441011859312915,3.2588630478794507e-06,4.524880860750375e-06,0.7569204843926924
4.583999999999717,0.0039999999999995595,0.0,0.001232265413799318,0.00032442830126629455,3.2591271490408727e-06,4.53009042035998e-06,0.7569245855702784
4.587999999999717,0.0039999999999995595,0.0,0.0012322532539167086,0.0003244465043470302,3.2593911272728604e-06,4.535170209993678e-06,0.756928668210207
4.591999999999716,0.0039999999999995595,0.0,0.0012322411963554085,0.00032446472729796486,3.259654983072163e-06,4.540114019583392e-06,0.7569327323961986
4.595999999999716,0.0039999999999995595,0.0,0.001232229238505557,0.0003244829695576369,3.2599187169123223e-06,4.544915894263943e-06,0.7569367782115851
4.599999999999715,0.0039999999999995595,0.0,0.0012322173777571679,0.0003245012305415361,3.2601823292466716e-06,4.549570139718338e-06,0.7569408057393275
4.603999999999715,0.0039999999999995595,0.0,0.0012322056113199297,0.0003245195096431484,3.2604458205582247e-06,4.554071324121023e-06,0.7569448150620103
4.6079999999997145,0.0039999999999995595,0.0,0.0012321939363133015,0.00032453780623501095,3.26070919128668e-06,4.558414279376822e-06,0.7569488062618449
4.611999999999714,0.0039999999999995595,0.0,0.0012321823500368164,0.0003245561196697722,3.2609724418604335e-06,4.562594102971023e-06,0.7569527794206726
4.615999999999714,0.0039999999999995595,0.0,0.0012321708495195772,0.00032457444928125884,3.26123557270957e-06,4.566606159338874e-06,0.7569567346199643
4.619999999999713,0.0039999999999995595,0.0,0.0012321594317905576,0.0003245927943855461,3.261498584166526e-06,4.5704460804296335e-06,0.7569606719408223
4.623999999999713,0.0039999999999995595,0.0,0.0012321480939687089,0.0003246111542820299,3.261761476572018e-06,4.574109767372061e-06,0.7569645914639836
4.627999999999712,0.0039999999999995595,0.0,0.0012321368329926492,0.00032462952825450595,3.2620242503187406e-06,4.5775933911179666e-06,0.756968493269822
4.631999999999712,0.0039999999999995595,0.0,0.0012321256457107637,0.0003246479155722444,3.2622869057717617e-06,4.580893389883586e-06,0.7569723774383477
4.6359999999997115,0.0039999999999995595,0.0,0.0012321145292416309,0.0003246663154910619,3.2625494431768664e-06,4.584006470620808e-06,0.7569762440492083
4.639999999999711,0.0039999999999995595,0.0,0.0012321034804333888,0.0003246847272543944,3.2628118627887736e-06,4.5869296087587144e-06,0.756980093181693
4.643999999999711,0.0039999999999995595,0.0,0.0012320924961340511,0.0003247031500943709,3.263074164820461e-06,4.58966004735118e-06,0.7569839249147359
4.64799999999971,0.0039999999999995595,0.0,0.0012320815733717276,0.0003247215832328752,3.263336349463262e-06,4.592195294949003e-06,0.7569877393269132
4.65199999999971,0.0039999999999995595,0.0,0.0012320707089040822,0.0003247400258826074,3.2635984168860153e-06,4.594533125047233e-06,0.7569915364964471
4.655999999999709,0.0039999999999995595,0.0,0.0012320598995787665,0.0003247584772481355,3.2638603672122276e-06,4.596671573031298e-06,0.7569953165012083
4.659999999999709,0.0039999999999995595,0.0,0.0012320491423334265,0.00032477693652694175,3.26412220053281e-06,4.598608936343079e-06,0.7569990794187159
4.663999999999708,0.0039999999999995595,0.0,0.0012320384340154813,0.0003247954029104577,3.2643839169517382e-06,4.600343769504513e-06,0.7570028253261397
4.667999999999708,0.0039999999999995595,0.0,0.0012320277714722343,0.0003248138755850943,3.2646455164962427e-06,4.601874885391189e-06,0.7570065543003034
4.6719999999997075,0.0039999999999995595,0.0,0.0012320171516409884,0.00032483235373325644,3.26490699919331e-06,4.603201347905616e-06,0.757010266417685
4.675999999999707,0.0039999999999995595,0.0,0.0012320065713688215,0.0003248508365343429,3.265168365022067e-06,4.604322471363101e-06,0.7570139617544148
4.679999999999707,0.0039999999999995595,0.0,0.0012319960276829312,0.00032486932316573797,3.2654296139381723e-06,4.605237816756792e-06,0.7570176403862834
4.683999999999706,0.0039999999999995595,0.0,0.0012319855173400594,0.00032488781280378955,3.265690745865689e-06,4.605947188917261e-06,0.7570213023887391
4.687999999999706,0.0039999999999995595,0.0,0.001231975037457304,0.00032490630462477047,3.26595176068675e-06,4.60645063146306e-06,0.7570249478368921
4.691999999999705,0.0039999999999995595,0.0,0.0012319645848813084,0.0003249247978058232,3.2662126582503577e-06,4.6067484238474695e-06,0.7570285768055134
4.695999999999705,0.0039999999999995595,0.0,0.0012319541566388446,0.00032494329152589447,3.266473438454168e-06,4.606841078116824e-06,0.7570321893690385
4.699999999999704,0.0039999999999995595,0.0,0.0012319437498467022,0.0003249617849666424,3.266734101088027e-06,4.6067293309179895e-06,0.7570357856015674
4.703999999999704,0.0039999999999995595,0.0,0.001231933361531451,0.00032498027731333315,3.2669946459581977e-06,4.6064141431952655e-06,0.7570393655768672
4.7079999999997035,0.0039999999999995595,0.0,0.0012319229887195603,0.00032499876775571475,3.267255072817968e-06,4.605896692005251e-06,0.7570429293683726
4.711999999999703,0.0039999999999995595,0.0,0.0012319126287077642,0.00032501725548887505,3.2675153814364543e-06,4.6051783680839925e-06,0.7570464770491895
4.715999999999703,0.0039999999999995595,0.0,0.0012319022786124601,0.0003250357397140782,3.2677755715720004e-06,4.604260771143127e-06,0.7570500086920933
4.719999999999702,0.0039999999999995595,0.0,0.0012318919357301946,0.00032505421963957613,3.2680356429370186e-06,4.603145699694433e-06,0.7570535243695329
4.723999999999702,0.0039999999999995595,0.0,0.001231881597177176,0.00032507269448140466,3.268295595343427e-06,4.60183515263973e-06,0.7570570241536319
4.727999999999701,0.0039999999999995595,0.0,0.001231871260520139,0.0003250911634641526,3.268555428340698e-06,4.600331316916126e-06,0.7570605081161889
4.731999999999701,0.0039999999999995595,0.0,0.0012318609229652348,0.0003251096258217131,3.2688151416187306e-06,4.59863656901115e-06,0.7570639763286809
4.7359999999997004,0.0039999999999995595,0.0,0.0012318505819889003,0.0003251280807980087,3.2690747349479186e-06,4.596753462458017e-06,0.7570674288622645
4.7399999999997,0.0039999999999995595,0.0,0.0012318402351576142,0.00032514652764768684,3.269334207970984e-06,4.5946847243639585e-06,0.75707086578777
4.7439999999997,0.0039999999999995595,0.0,0.0012318298799476458,0.00032516496563680437,3.269593560335965e-06,4.592433251317849e-06,0.757074287175716
4.747999999999699,0.0039999999999995595,0.0,0.0012318195140154367,0.0003251833940434788,3.2698527917111843e-06,4.590002100987412e-06,0.7570776930963007
4.751999999999699,0.0039999999999995595,0.0,0.0012318091350173495,0.0003252018121585167,3.2701119017451888e-06,4.587394486210207e-06,0.7570810836194096
4.755999999999698,0.0039999999999995595,0.0,0.0012317987406997976,0.00032522021928601684,3.2703708900829352e-06,4.584613769690872e-06,0.7570844588146106
4.759999999999698,0.0039999999999995595,0.0,0.0012317883288091179,0.0003252386147439499,3.2706297563785683e-06,4.581663456491286e-06,0.7570878187511618
4.763999999999697,0.0039999999999995595,0.0,0.0012317778973619656,0.0003252569978647088,3.270888500306544e-06,4.578547188665247e-06,0.757091163498008
4.767999999999697,0.0039999999999995595,0.0,0.0012317674441946632,0.0003252753679956375,3.27114712152692e-06,4.575268737681776e-06,0.7570944931237847
4.7719999999996965,0.0039999999999995595,0.0,0.0012317569673237245,0.0003252937244995297,3.2714056197109235e-06,4.57183199853868e-06,0.7570978076968183
4.775999999999696,0.0039999999999995595,0.0,0.0012317464647655949,0.0003253120667551039,3.2716639945480354e-06,4.568240983629565e-06,0.7571011072851282
4.779999999999696,0.0039999999999995595,0.0,0.0012317359348070556,0.00032533039415745036,3.271922245720444e-06,4.564499814048212e-06,0.7571043919564283
4.783999999999695,0.0039999999999995595,0.0,0.0012317253755545557,0.00032534870611845325,3.2721803729305162e-06,4.560612716388093e-06,0.7571076617781273
4.787999999999695,0.0039999999999995595,0.0,0.0012317147853848868,0.00032536700206718417,3.272438375898164e-06,4.556584012643088e-06,0.7571109168173313
4.791999999999694,0.0039999999999995595,0.0,0.0012317041625846449,0.00032538528145027116,3.2726962543474027e-06,4.552418115443604e-06,0.7571141571408437
4.795999999999694,0.0039999999999995595,0.0,0.0012316935056206407,0.0003254035437322375,3.2729540080058075e-06,4.548119521558428e-06,0.7571173828151659
4.799999999999693,0.0039999999999995595,0.0,0.0012316828130497675,0.0003254217883958302,3.273211636623358e-06,4.543692807137085e-06,0.7571205939065085
4.803999999999693,0.0039999999999995595,0.0,0.0012316720834288659,0.00032544001494229553,3.2734691399910472e-06,4.539142614747758e-06,0.7571237904807754
4.8079999999996925,0.0039999999999995595,0.0,0.0012316613154950032,0.00032545822289164187,3.273726517923104e-06,4.534473652501604e-06,0.7571269726035745
4.811999999999692,0.0039999999999995595,0.0,0.001231650507895058,0.00032547641178287803,3.273983770208352e-06,4.52969068540901e-06,0.75713014034022
4.815999999999692,0.0039999999999995595,0.0,0.0012316396595462833,0.00032549458117422627,3.274240896690934e-06,4.524798530583202e-06,0.7571332937557341
4.819999999999691,0.0039999999999995595,0.0,0.0012316287691856048,0.0003255127306433061,3.2744978972175194e-06,4.519802048872741e-06,0.7571364329148451
4.823999999999691,0.0039999999999995595,0.0,0.0012316178360006166,0.0003255308597872901,3.2747547716552405e-06,4.514706138760262e-06,0.7571395578819896
4.82799999999969,0.0039999999999995595,0.0,0.0012316068589084464,0.0003255489682230425,3.2750115198920074e-06,4.50951573157191e-06,0.7571426687213152
4.83199999999969,0.0039999999999995595,0.0,0.0012315958370064698,0.0003255670555872232,3.2752681418533477e-06,4.504235783098235e-06,0.7571457654966792
4.835999999999689,0.0039999999999995595,0.0,0.001231584769572316,0.0003255851215363733,3.2755246374583187e-06,4.498871268733431e-06,0.7571488482716524
4.839999999999689,0.0039999999999995595,0.0,0.001231573655883584,0.00032560316574697484,3.275781006648527e-06,4.493427177251455e-06,0.75715191710952
4.8439999999996886,0.0039999999999995595,0.0,0.0012315624953079885,0.0003256211879154828,3.2760372494253287e-06,4.487908503904678e-06,0.7571549720732808
4.847999999999688,0.0039999999999995595,0.0,0.0012315512872132163,0.00032563918775834003,3.276293365745144e-06,4.482320246107848e-06,0.7571580132256513
4.851999999999688,0.0039999999999995595,0.0,0.0012315400311472243,0.00032565716501196164,3.2765493556455982e-06,4.476667395823392e-06,0.7571610406290645
4.855999999999687,0.0039999999999995595,0.0,0.0012315287266579469,0.0003256751194327031,3.27680521915512e-06,4.470954935566143e-06,0.7571640543456727
4.859999999999687,0.0039999999999995595,0.0,0.0012315173733834473,0.0003256930507968005,3.2770609563160265e-06,4.465187831170965e-06,0.7571670544373489
4.863999999999686,0.0039999999999995595,0.0,0.001231505971051921,0.00032571095890028995,3.277316567214631e-06,4.459371027558811e-06,0.7571700409656862
4.867999999999686,0.0039999999999995595,0.0,0.0012314945193915483,0.00032572884355890823,3.2775720519301223e-06,4.453509442541731e-06,0.7571730139920008
4.8719999999996855,0.0039999999999995595,0.0,0.0012314830184009527,0.00032574670460796867,3.277827410568613e-06,4.4476079619332134e-06,0.7571759735773326
4.875999999999685,0.0039999999999995595,0.0,0.001231471467988598,0.0003257645419022165,3.278082643274855e-06,4.441671434321212e-06,0.7571789197824466
4.879999999999685,0.0039999999999995595,0.0,0.0012314598679727833,0.0003257823553156687,3.278337750198286e-06,4.435704666264083e-06,0.7571818526678343
4.883999999999684,0.0039999999999995595,0.0,0.0012314482186225747,0.00032580014474142653,3.278592731480149e-06,4.429712416692747e-06,0.7571847722937135
4.887999999999684,0.0039999999999995595,0.0,0.0012314365200267287,0.00032581791009147695,3.2788475872967383e-06,4.423699393485748e-06,0.7571876787200319
4.891999999999683,0.0039999999999995595,0.0,0.0012314247722739996,0.00032583565129646914,3.2791023178543724e-06,4.417670247462104e-06,0.7571905720064662
4.895999999999683,0.0039999999999995595,0.0,0.001231412975633456,0.00032585336830547816,3.2793569233306885e-06,4.4116295689429035e-06,0.757193452212425
4.899999999999682,0.0039999999999995595,0.0,0.0012314011305544893,0.0003258710610857462,3.279611403957975e-06,4.405581882931649e-06,0.7571963193970475
4.903999999999682,0.0039999999999995595,0.0,0.001231389237306183,0.0003258887296224126,3.279865759946053e-06,4.399531645495708e-06,0.7571991736192076
4.9079999999996815,0.0039999999999995595,0.0,0.0012313772963379462,0.000325906373918223,3.280119991528058e-06,4.393483238561101e-06,0.7572020149375139
4.911999999999681,0.0039999999999995595,0.0,0.0012313653080992008,0.00032592399399322415,3.2803740989079162e-06,4.387440967473681e-06,0.7572048434103098
4.915999999999681,0.0039999999999995595,0.0,0.001231353273309869,0.0003259415898844479,3.280628082325361e-06,4.381409057405101e-06,0.7572076590956768
4.91999999999968,0.0039999999999995595,0.0,0.001231341192329241,0.00032595916164557465,3.280881942040357e-06,4.375391647989673e-06,0.7572104620514339
4.92399999999968,0.0039999999999995595,0.0,0.0012313290659674387,0.0003259767093465849,3.2811356783000765e-06,4.369392791542647e-06,0.757213252335138
4.927999999999679,0.0039999999999995595,0.0,0.0012313168949444455,0.0003259942330734024,3.2813892913538025e-06,4.363416449870487e-06,0.7572160300040888
4.931999999999679,0.0039999999999995595,0.0,0.0012313046799802684,0.000326011732927518,3.281642781475614e-06,4.357466489866791e-06,0.7572187951153256
4.935999999999678,0.0039999999999995595,0.0,0.001231292421794938,0.0003260292090256081,3.281896148911582e-06,4.351546682620461e-06,0.7572215477256315
4.939999999999678,0.0039999999999995595,0.0,0.0012312801213790142,0.00032604666149913507,3.2821493939038576e-06,4.345660698235073e-06,0.7572242878915324
4.9439999999996775,0.0039999999999995595,0.0,0.0012312677795427531,0.00032606409049394555,3.2824025167071026e-06,4.339812106218206e-06,0.7572270156693004
4.947999999999677,0.0039999999999995595,0.0,0.0012312553971866094,0.0003260814961698522,3.282655517579933e-06,4.334004370200414e-06,0.7572297311149531
4.951999999999677,0.0039999999999995595,0.0,0.0012312429753012408,0.0003260988787002086,3.2829083967538995e-06,4.328240847382552e-06,0.7572324342842547
4.955999999999676,0.0039999999999995595,0.0,0.0012312305149675133,0.00032611623827147513,3.2831611544782997e-06,4.322524785840099e-06,0.7572351252327179
4.959999999999676,0.0039999999999995595,0.0,0.0012312180172663327,0.00032613357508277967,3.28341379096871e-06,4.3168593233737245e-06,0.7572378040156056
4.963999999999675,0.0039999999999995595,0.0,0.0012312054830982977,0.00032615088934546775,3.2836663064725825e-06,4.311247484448004e-06,0.7572404706879307
4.967999999999675,0.0039999999999995595,0.0,0.001231192913724739,0.000326168181282647,3.283918701189776e-06,4.305692179957087e-06,0.7572431253044574
4.9719999999996745,0.0039999999999995595,0.0,0.0012311803103168602,0.00032618545112872855,3.284170975335774e-06,4.300196204998417e-06,0.7572457679197039
4.975999999999674,0.0039999999999995595,0.0,0.0012311676739557335,0.0003262026991289595,3.28442312912101e-06,4.29476223795265e-06,0.7572483985879402
4.979999999999674,0.0039999999999995595,0.0,0.0012311550059028275,0.0003262199255389508,3.284675162742059e-06,4.289392838513342e-06,0.7572510173631929
4.983999999999673,0.0039999999999995595,0.0,0.0012311423074196602,0.00032623713062420286,3.2849270763320425e-06,4.284090447974287e-06,0.7572536242992423
4.987999999999673,0.0039999999999995595,0.0,0.0012311295796776202,0.0003262543146596307,3.2851788701053405e-06,4.27885738824289e-06,0.7572562194496302
4.991999999999672,0.0039999999999995595,0.0,0.0012311168239383225,0.00032627147792908,3.285430544232604e-06,4.273695860395987e-06,0.7572588028676525
4.995999999999672,0.0039999999999995595,0.0,0.0012311040416437945,0.00032628862072484207,3.2856820988185635e-06,4.268607943594875e-06,0.7572613746063644
4.999999999999671,0.0039999999999995595,0.0,0.0012310912339655758,0.00032630574334717265,3.2859335340110365e-06,4.2635955977244835e-06,0.7572639347185827
5.003999999999671,0.0039999999999995595,0.0,0.0012310784023458019,0.0003263228461038057,3.2861848499166734e-06,4.2586606597281545e-06,0.7572664832568865
5.0079999999996705,0.0039999999999995595,0.0,0.001231065548046299,0.0003263399293094666,3.2864360466618517e-06,4.25380484603481e-06,0.7572690202736142
5.01199999999967,0.0039999999999995595,0.0,0.0012310526724191302,0.00032635699328538616,3.2866871243309346e-06,4.249029750136296e-06,0.7572715458208703
5.01599999999967,0.0039999999999995595,0.0,0.0012310397769065991,0.0003263740383588147,3.286938082963128e-06,4.2443368457363045e-06,0.7572740599505212
5.019999999999669,0.0039999999999995595,0.0,0.0012310268628608822,0.000326391064862542,3.2871889227033176e-06,4.239727485733632e-06,0.7572765627142033
5.023999999999669,0.0039999999999995595,0.0,0.0012310139316342123,0.00032640807313441187,3.287439643601079e-06,4.235202901654331e-06,0.7572790541633138
5.027999999999668,0.0039999999999995595,0.0,0.0012310009846690662,0.00032642506351684237,3.287690245648667e-06,4.230764205635007e-06,0.7572815343490203
5.031999999999668,0.0039999999999995595,0.0,0.0012309880233177914,0.0003264420363563499,3.2879407289012137e-06,4.226412390980787e-06,0.7572840033222589
5.035999999999667,0.0039999999999995595,0.0,0.0012309750489327923,0.0003264589920030754,3.288191093415323e-06,4.222148332777158e-06,0.7572864611337342
5.039999999999667,0.0039999999999995595,0.0,0.001230962063046912,0.0003264759308103187,3.288441339091993e-06,4.217972789429512e-06,0.757288907833924
5.0439999999996665,0.0039999999999995595,0.0,0.001230949067012674,0.0003264928531340662,3.2886914658524864e-06,4.2138864023017835e-06,0.7572913434730757
5.047999999999666,0.0039999999999995595,0.0,0.0012309360620924642,0.00032650975933253793,3.288941473737751e-06,4.2098896998989494e-06,0.7572937681012092
5.051999999999666,0.0039999999999995595,0.0,0.0012309230499095,0.000326526649765729,3.2891913627008884e-06,4.205983095840837e-06,0.7572961817681181
5.055999999999665,0.0039999999999995595,0.0,0.00123091003163609,0.00032654352479495786,3.2894411326782226e-06,4.2021668913755656e-06,0.7572985845233694
5.059999999999665,0.0039999999999995595,0.0,0.0012308970088053782,0.0003265603847824254,3.289690783646678e-06,4.198441278301863e-06,0.7573009764163072
5.063999999999664,0.0039999999999995595,0.0,0.0012308839826799807,0.00032657723009078197,3.289940315498355e-06,4.194806340599958e-06,0.7573033574960533
5.067999999999664,0.0039999999999995595,0.0,0.001230870954612766,0.00032659406108269433,3.2901897281667175e-06,4.1912620538021905e-06,0.7573057278115054
5.0719999999996634,0.0039999999999995595,0.0,0.0012308579260468587,0.0003266108781204221,3.2904390215616776e-06,4.187808288446469e-06,0.7573080874113388
5.075999999999663,0.0039999999999995595,0.0,0.0012308448982450441,0.00032662768156540363,3.2906881955684325e-06,4.184444812237617e-06,0.7573104363440095
5.079999999999663,0.0039999999999995595,0.0,0.0012308318725603627,0.0003266444717778495,3.2909372500801004e-06,4.181171291375305e-06,0.7573127746577537
5.083999999999662,0.0039999999999995595,0.0,0.0012308188502557094,0.00032666124911634453,3.2911861849790043e-06,4.177987293663118e-06,0.7573151024005893
5.087999999999662,0.0039999999999995595,0.0,0.0012308058326842362,0.00032667801393745943,3.291435000143362e-06,4.174892290052027e-06,0.7573174196203167
5.091999999999661,0.0039999999999995595,0.0,0.001230792821108948,0.0003266947665953674,3.291683695457777e-06,4.171885656170711e-06,0.757319726364519
5.095999999999661,0.0039999999999995595,0.0,0.001230779816702698,0.00032671150744147576,3.291932270805145e-06,4.16896667658423e-06,0.7573220226805645
5.09999999999966,0.0039999999999995595,0.0,0.0012307668208188013,0.00032672823682406213,3.2921807260423916e-06,4.166134544931998e-06,0.7573243086156053
5.10399999999966,0.0039999999999995595,0.0,0.0012307538345400085,0.00032674495508792147,3.292429061014141e-06,4.163388367574704e-06,0.757326584216581
5.1079999999996595,0.0039999999999995595,0.0,0.0012307408590393246,0.0003267616625740265,3.292677275581333e-06,4.160727166869878e-06,0.757328849530218
5.111999999999659,0.0039999999999995595,0.0,0.00123072789567022,0.00032677835961919305,3.2929253695763956e-06,4.15814988175561e-06,0.7573311046030302
5.115999999999659,0.0039999999999995595,0.0,0.001230714945335175,0.00032679504655576223,3.2931733429109112e-06,4.155655373024021e-06,0.7573333494813225
5.119999999999658,0.0039999999999995595,0.0,0.0012307020092975486,0.0003268117237112881,3.29342119540615e-06,4.153242423252939e-06,0.7573355842111873
5.123999999999658,0.0039999999999995595,0.0,0.0012306890886403298,0.00032682839140823664,3.293668926916861e-06,4.150909741275846e-06,0.7573378088385089
5.127999999999657,0.0039999999999995595,0.0,0.0012306761844465529,0.00032684504996369787,3.293916537305547e-06,4.148655964169512e-06,0.7573400234089636
5.131999999999657,0.0039999999999995595,0.0,0.001230663285800913,0.000326861693890389,3.2941639999362023e-06,4.143563095993254e-06,0.7573400234089636
5.135999999999656,0.0039999999999995595,0.0,0.0012306503630230617,0.0003268783088807433,3.294411284613747e-06,4.1366756336887044e-06,0.7573422279680206
5.139999999999656,0.0039999999999995595,0.0,0.0012306374263065685,0.00032689490079517716,3.2946584728062137e-06,4.131337577751766e-06,0.7573444458213565
5.1439999999996555,0.0039999999999995595,0.0,0.001230624486476944,0.00032691147579566403,3.294905620297297e-06,4.12743231583148e-06,0.757346651323707
5.147999999999655,0.0039999999999995595,0.0,0.0012306115516536385,0.0003269280383929353,3.2951527647833763e-06,4.124569062611715e-06,0.7573488445209392
5.151999999999655,0.0039999999999995595,0.0,0.0012305986277912075,0.00032694459183276007,3.2953999298271585e-06,4.122458955946497e-06,0.7573510257197354
5.155999999999654,0.0039999999999995595,0.0,0.0012305857191302937,0.00032696113848827756,3.2956471284103605e-06,4.1209009076061035e-06,0.7573531952973708
5.159999999999654,0.0039999999999995595,0.0,0.0012305728410087827,0.00032697768605676164,3.2958943911748265e-06,4.122741120997787e-06,0.7573575011104624
5.163999999999653,0.0039999999999995595,0.0,0.0012305600152611102,0.000326994244830814,3.2961417198267295e-06,4.123789970545905e-06,0.7573575011104624
5.167999999999653,0.0039999999999995595,0.0,0.001230547202552158,0.00032701079495639864,3.296389003370679e-06,4.121604076546724e-06,0.7573596155052384
5.171999999999652,0.0039999999999995595,0.0,0.0012305344034236703,0.0003270273367045098,3.2966362622630973e-06,4.119662209504492e-06,0.7573617441967725
5.175999999999652,0.0039999999999995595,0.0,0.001230521621304575,0.00032704387204787836,3.296883508414589e-06,4.118174355561176e-06,0.7573638628385537
5.1799999999996515,0.0039999999999995595,0.0,0.0012305088586314706,0.00032706040232167993,3.2971307496879964e-06,4.1169782235632905e-06,0.7573659713202139
5.183999999999651,0.0039999999999995595,0.0,0.0012304961169387976,0.0003270769282585395,3.297377990776874e-06,4.115936057530626e-06,0.7573680696847676
5.187999999999651,0.0039999999999995595,0.0,0.0012304833968587942,0.00032709345017646905,3.297625234006836e-06,4.114953770309973e-06,0.7573701580181624
5.19199999999965,0.0039999999999995595,0.0,0.0012304706986628136,0.0003271099681143864,3.2978724800899175e-06,4.113967709235774e-06,0.757372236439806
5.19599999999965,0.0039999999999995595,0.0,0.0012304580225319898,0.0003271264819199031,3.2981197285654976e-06,4.1129340313404136e-06,0.7573743050767389
5.199999999999649,0.0039999999999995595,0.0,0.0012304453680158582,0.00032714299130768795,3.2983669782520375e-06,4.11182225966841e-06,0.7573763640485975
5.203999999999649,0.0039999999999995595,0.0,0.0012304327349346247,0.00032715949590069804,3.2986142274884052e-06,4.110611522312717e-06,0.7573784134621431
5.2079999999996485,0.0039999999999995595,0.0,0.0012304201349287794,0.0003271760013697348,3.2988615006550643e-06,4.112359732127616e-06,0.7573824839763292
5.211999999999648,0.0039999999999995595,0.0,0.0012304075980466467,0.00032719252203781935,3.2991088261167194e-06,4.115668980533946e-06,0.7573844842016901
5.215999999999648,0.0039999999999995595,0.0,0.0012303951118379922,0.00032720905034420793,3.299356122610858e-06,4.117212010485797e-06,0.7573864772686784
5.219999999999647,0.0039999999999995595,0.0,0.0012303826671004926,0.00032722558060913775,3.299603331019625e-06,4.117420064299545e-06,0.75738846327679
5.223999999999647,0.0039999999999995595,0.0,0.001230370256887319,0.0003272421084714008,3.299850410072092e-06,4.116600170925687e-06,0.7573904420721053
5.227999999999646,0.0039999999999995595,0.0,0.001230357875875604,0.00032725863055303196,3.3000973323982906e-06,4.11498476633752e-06,0.7573924134140942
5.231999999999646,0.0039999999999995595,0.0,0.001230345520366524,0.00032727514425346326,3.300344081078892e-06,4.112759902396581e-06,0.7573943770560887
5.235999999999645,0.0039999999999995595,0.0,0.0012303331875634816,0.00032729164761618345,3.3005906466707116e-06,4.110081001821718e-06,0.7573963327801649
5.239999999999645,0.0039999999999995595,0.0,0.0012303208757526273,0.0003273081392352254,3.300837024852135e-06,4.107081500070894e-06,0.7573982804088107
5.2439999999996445,0.0039999999999995595,0.0,0.0012303085839419582,0.0003273246181831614,3.3010832145035237e-06,4.103877517512181e-06,0.7574002198054491
5.247999999999644,0.0039999999999995595,0.0,0.001230296312041833,0.00032734108395064416,3.301329216287526e-06,4.1005703904728796e-06,0.7574021508701883
5.251999999999644,0.0039999999999995595,0.0,0.0012302840603235716,0.00032735753639233334,3.301575031582577e-06,4.097248106112677e-06,0.7574040735340034
5.255999999999643,0.0039999999999995595,0.0,0.0012302718296901979,0.00032737397567670837,3.3018206617237145e-06,4.0939862136321694e-06,0.7574059877529015
5.259999999999643,0.0039999999999995595,0.0,0.0012302596214959858,0.0003273904022387308,3.3020661074777597e-06,4.09084852838532e-06,0.7574078935027068
5.263999999999642,0.0039999999999995595,0.0,0.0012302474372757497,0.00032740681673504686,3.30231136885168e-06,4.087887784171112e-06,0.757409790774676
5.267999999999642,0.0039999999999995595,0.0,0.0012302352789253428,0.0003274232200017776,3.302556444957246e-06,4.085146299244211e-06,0.757411679571943
5.271999999999641,0.0039999999999995595,0.0,0.001230223148430937,0.0003274396130150685,3.3028013339747478e-06,4.08265669147762e-06,0.7574135599066897
5.275999999999641,0.0039999999999995595,0.0,0.001230211047959274,0.00032745599685458915,3.303046033218461e-06,4.080442631190586e-06,0.75741543179794
5.2799999999996405,0.0039999999999995595,0.0,0.0012301989795869316,0.0003274723726701383,3.303290539335336e-06,4.0785196331657715e-06,0.7574172952698395
5.28399999999964,0.0039999999999995595,0.0,0.0012301869456613108,0.00032748874165145853,3.3035348484270973e-06,4.076895864854208e-06,0.7574191503503385
5.28799999999964,0.0039999999999995595,0.0,0.0012301749480786567,0.0003275051050013007,3.3037789562635326e-06,4.07557296277243e-06,0.7574209970701793
5.291999999999639,0.0039999999999995595,0.0,0.0012301629890060345,0.0003275214639117182,3.304022858392396e-06,4.07454683842788e-06,0.7574228354621196
5.295999999999639,0.0039999999999995595,0.0,0.0012301510702495873,0.00032753781954352823,3.304266550367141e-06,4.073808466234589e-06,0.7574246655603515
5.299999999999638,0.0039999999999995595,0.0,0.0012301391936155235,0.00032755417300883895,3.3045100279028396e-06,4.0733446417350925e-06,0.757426487400049
5.303999999999638,0.0039999999999995595,0.0,0.0012301273606393594,0.0003275705253564928,3.3047532869703278e-06,4.073138702456943e-06,0.7574283010170371
5.3079999999996375,0.0039999999999995595,0.0,0.0012301155725859048,0.00032758687756026284,3.304996323915187e-06,4.073171203868959e-06,0.7574301064475373
5.311999999999637,0.0039999999999995595,0.0,0.001230103830810268,0.00032760323050961795,3.305239135623544e-06,4.073420551338117e-06,0.757431903727978
5.315999999999637,0.0039999999999995595,0.0,0.0012300921360358164,0.00032761958500286204,3.3054817195603113e-06,4.073863578165475e-06,0.7574336928948662
5.319999999999636,0.0039999999999995595,0.0,0.0012300804892567082,0.0003276359417424188,3.305724073733926e-06,4.0744760705527165e-06,0.7574354739846682
5.323999999999636,0.0039999999999995595,0.0,0.001230068890745078,0.0003276523013320777,3.305966196813933e-06,4.075233244022017e-06,0.7574372470337517
5.327999999999635,0.0039999999999995595,0.0,0.0012300573410438378,0.000327668664275974,3.3062080881193714e-06,4.0761101635484966e-06,0.7574390120783323
5.331999999999635,0.0039999999999995595,0.0,0.001230045840154363,0.000327685030979098,3.306449747589132e-06,4.077082112185298e-06,0.7574407691544361
5.335999999999634,0.0039999999999995595,0.0,0.0012300343761637643,0.00032770139567291816,3.3066911486663592e-06,4.075070239305402e-06,0.7574407691544361
5.339999999999634,0.0039999999999995595,0.0,0.0012300229182040249,0.0003277177434032652,3.3069322594884596e-06,4.071200116531163e-06,0.7574425182978829
5.3439999999996335,0.0039999999999995595,0.0,0.0012300114758430024,0.00032773408034767967,3.307173161577679e-06,4.068953023963874e-06,0.7574442771503211
5.347999999999633,0.0039999999999995595,0.0,0.0012300000590099581,0.0003277504128557734,3.3074139122493453e-06,4.068168744591763e-06,0.7574460268096544
5.351999999999633,0.0039999999999995595,0.0,0.0012299886745655824,0.00032776674538854175,3.3076545515112226e-06,4.068400114721687e-06,0.7574477670564433
5.355999999999632,0.0039999999999995595,0.0,0.0012299773267531694,0.00032778308095077674,3.3078951059414056e-06,4.069314111754227e-06,0.7574494979403322
5.359999999999632,0.0039999999999995595,0.0,0.0012299660181011407,0.0003277994215335203,3.3081355921093436e-06,4.070677133379696e-06,0.7574512196541431
5.363999999999631,0.0039999999999995595,0.0,0.0012299547501450877,0.0003278157683966503,3.3083760193608664e-06,4.072318243382356e-06,0.7574529324535328
5.367999999999631,0.0039999999999995595,0.0,0.0012299435229763949,0.0003278321222422129,3.308616392117548e-06,4.074105333490121e-06,0.7574546365962461
5.37199999999963,0.0039999999999995595,0.0,0.0012299323363253786,0.00032784848332585985,3.3088567116525296e-06,4.075931777787867e-06,0.7574563323138498
5.37599999999963,0.0039999999999995595,0.0,0.001229921189019662,0.0003278648515349596,3.309096977506863e-06,4.077709264490236e-06,0.7574580198034563
5.3799999999996295,0.0039999999999995595,0.0,0.0012299100795257483,0.00032788122644902536,3.3093371884205896e-06,4.079363974973615e-06,0.7574596992288154
5.383999999999629,0.0039999999999995595,0.0,0.0012298990057684638,0.00032789760739059654,3.3095773429052468e-06,4.080834487272913e-06,0.7574613707248725
5.387999999999629,0.0039999999999995595,0.0,0.0012298879655822873,0.0003279139934705614,3.309817439829671e-06,4.08207050814096e-06,0.7574630344030377
5.391999999999628,0.0039999999999995595,0.0,0.0012298769562599907,0.00032793038362969186,3.310057478611256e-06,4.083031971705775e-06,0.757464690356057
5.395999999999628,0.0039999999999995595,0.0,0.0012298659750039733,0.0003279467766771005,3.3102974593109857e-06,4.083688271228516e-06,0.7574663386621023
5.399999999999627,0.0039999999999995595,0.0,0.0012298550191068066,0.00032796317132575547,3.310537382600771e-06,4.084017514622328e-06,0.7574679793881072
5.403999999999627,0.0039999999999995595,0.0,0.0012298440854998692,0.0003279795662250251,3.310777249728857e-06,4.084005768164769e-06,0.757469612592383
5.407999999999626,0.0039999999999995595,0.0,0.0012298331833014598,0.0003279959661980301,3.311017091532699e-06,4.0867669644263265e-06,0.7574728566376846
5.411999999999626,0.0039999999999995595,0.0,0.0012298223390532926,0.0003280123847440985,3.311256948310288e-06,4.090830405888506e-06,0.7574744516782997
5.415999999999626,0.0039999999999995595,0.0,0.001229811537590551,0.00032802881303075406,3.311496741757763e-06,4.0928233110562595e-06,0.757476040397383
5.419999999999625,0.0039999999999995595,0.0,0.0012298007671783942,0.0003280452442919502,3.311736415990176e-06,4.0932196750618e-06,0.7574776231900092
5.423999999999625,0.0039999999999995595,0.0,0.0012297900185190588,0.00032806167321752886,3.311975933221223e-06,4.092358354237983e-06,0.757479200108354
5.427999999999624,0.0039999999999995595,0.0,0.001229779284571411,0.00032807809558450064,3.3122152695882128e-06,4.090496033886793e-06,0.7574807710536005
5.431999999999624,0.0039999999999995595,0.0,0.001229768559467698,0.00032809450802807915,3.3124544116510307e-06,4.087837768063154e-06,0.7574823358750871
5.435999999999623,0.0039999999999995595,0.0,0.0012297578387844399,0.00032811090789232377,3.3126933533727936e-06,4.084554347488549e-06,0.757483894418759
5.439999999999623,0.0039999999999995595,0.0,0.0012297471193619303,0.0003281272931255105,3.3129320937370033e-06,4.0807920489486506e-06,0.7574854465485534
5.4439999999996225,0.0039999999999995595,0.0,0.0012297363984917601,0.0003281436622003627,3.313170634761878e-06,4.0766780644952885e-06,0.7574869921538109
5.447999999999622,0.0039999999999995595,0.0,0.0012297256749099407,0.00032816001404810657,3.3134089800662836e-06,4.072323548655811e-06,0.7574885311498472
5.451999999999622,0.0039999999999995595,0.0,0.0012297149474427224,0.0003281763480004549,3.313647133977443e-06,4.067825398867692e-06,0.7574900634755043
5.455999999999621,0.0039999999999995595,0.0,0.0012297042158191526,0.0003281926637365187,3.3138851005096893e-06,4.063267401171602e-06,0.7574915890896382
5.459999999999621,0.0039999999999995595,0.0,0.0012296934802196909,0.00032820896123325497,3.3141228830510734e-06,4.058721091643593e-06,0.7574931079675035
5.46399999999962,0.0039999999999995595,0.0,0.001229682741276231,0.00032822524071893846,3.314360484088725e-06,4.054246513724503e-06,0.7574946200974828
5.46799999999962,0.0039999999999995595,0.0,0.0012296719998012608,0.00032824150262953544,3.314597905050432e-06,4.049892959779548e-06,0.7574961254782769
5.471999999999619,0.0039999999999995595,0.0,0.0012296612569684432,0.0003282577475680513,3.3148351463368013e-06,4.0456997298119745e-06,0.7574976241165976
5.475999999999619,0.0039999999999995595,0.0,0.0012296505141320589,0.00032827397626698226,3.3150722074501806e-06,4.041696924365625e-06,0.7574991160253047
5.4799999999996185,0.0039999999999995595,0.0,0.0012296397725561465,0.00032829018955398185,3.315309087107032e-06,4.037906257708825e-06,0.7575006012219321
5.483999999999618,0.0039999999999995595,0.0,0.0012296290338659464,0.00032830638832081273,3.315545783367751e-06,4.034341885769825e-06,0.7575020797275261
5.487999999999618,0.0039999999999995595,0.0,0.001229618299506175,0.00032832257349561317,3.31578229386053e-06,4.031011237887453e-06,0.7575035515657461
5.491999999999617,0.0039999999999995595,0.0,0.0012296075709216003,0.0003283387460184517,3.316018616136764e-06,4.027915836948124e-06,0.7575050167621654
5.495999999999617,0.0039999999999995595,0.0,0.0012295968496473311,0.0003283549068200995,3.316254747592931e-06,4.025052098073719e-06,0.7575064753437344
5.499999999999616,0.0039999999999995595,0.0,0.0012295861367670677,0.0003283710568038833,3.31649068573822e-06,4.022412090836179e-06,0.757507927338363
5.503999999999616,0.0039999999999995595,0.0,0.0012295754337257215,0.00032838719683050884,3.316726428341934e-06,4.0199842743510155e-06,0.7575093727746105
5.507999999999615,0.0039999999999995595,0.0,0.0012295647415167831,0.0003284033277056669,3.3169619735452078e-06,4.017754180329033e-06,0.7575108116814505
5.511999999999615,0.0039999999999995595,0.0,0.0012295540609531888,0.00032841945017023625,3.3171973198973627e-06,4.015705050424888e-06,0.7575122440880909
5.5159999999996145,0.0039999999999995595,0.0,0.0012295433929381974,0.00032843556489287957,3.317432466517876e-06,4.013818420687848e-06,0.7575136700238408
5.519999999999614,0.0039999999999995595,0.0,0.0012295327380139138,0.0003284516724648203,3.317667413115951e-06,4.012074654450022e-06,0.7575150895180124
5.523999999999614,0.0039999999999995595,0.0,0.0012295220966321641,0.00032846777339658927,3.3179021599836622e-06,4.010453419904911e-06,0.7575165025998514
5.527999999999613,0.0039999999999995595,0.0,0.0012295114691544915,0.00032848386811652167,3.318136708073946e-06,4.008934114888386e-06,0.757517909298488
5.531999999999613,0.0039999999999995595,0.0,0.0012295008555812568,0.0003284999569707923,3.318371058917088e-06,4.007496237606126e-06,0.7575193096428998
5.535999999999612,0.0039999999999995595,0.0,0.0012294902560934188,0.0003285160402247822,3.3186052145957563e-06,4.006119706181967e-06,0.7575207036618935
5.539999999999612,0.0039999999999995595,0.0,0.0012294796703301407,0.0003285321180655869,3.318839177879311e-06,4.004785134274973e-06,0.7575220913840899
5.5439999999996115,0.0039999999999995595,0.0,0.0012294690980208744,0.0003285481906054546,3.3190729519054553e-06,4.003474046250282e-06,0.7575234728379197
5.547999999999611,0.0039999999999995595,0.0,0.0012294585388950609,0.0003285642578859934,3.319306540340238e-06,4.002169064770388e-06,0.7575248480516125
5.551999999999611,0.0039999999999995595,0.0,0.0012294479924112249,0.00032858031988297924,3.3195399472386675e-06,4.000854047123979e-06,0.7575262170532097
5.55599999999961,0.0039999999999995595,0.0,0.0012294374577569611,0.00032859637651161107,3.3197731769673545e-06,3.999514188752792e-06,0.7575275798705638
5.55999999999961,0.0039999999999995595,0.0,0.0012294269344810531,0.0003286124276320731,3.3200062342330598e-06,3.998136091927258e-06,0.7575289365313443
5.563999999999609,0.0039999999999995595,0.0,0.0012294164216807442,0.000328628473055279,3.3202391239519834e-06,3.996707803004992e-06,0.7575302870630444
5.567999999999609,0.0039999999999995595,0.0,0.0012294059184532464,0.00032864451254868937,3.3204718511995253e-06,3.995218824628345e-06,0.757531631492989
5.571999999999608,0.0039999999999995595,0.0,0.0012293954240763533,0.00032866054584210273,3.3207044211596014e-06,3.99366010334632e-06,0.7575329698483418
5.575999999999608,0.0039999999999995595,0.0,0.001229384937466605,0.00032867657263334306,3.3209368390244277e-06,3.9920239990039095e-06,0.7575343021561128
5.5799999999996075,0.0039999999999995595,0.0,0.0012293744577211206,0.0003286925925937642,3.32116911000813e-06,3.990304234372791e-06,0.7575356284431676
5.583999999999607,0.0039999999999995595,0.0,0.001229363983936988,0.0003287086053735203,3.321401239289475e-06,3.9884958337916925e-06,0.7575369487362313
5.587999999999607,0.0039999999999995595,0.0,0.0012293535149403355,0.00032872461060655183,3.3216332319224782e-06,3.986595049348981e-06,0.7575382630618978
5.591999999999606,0.0039999999999995595,0.0,0.001229343049918493,0.000328740607915258,3.3218650928101425e-06,3.984599280138504e-06,0.7575395714466364
5.595999999999606,0.0039999999999995595,0.0,0.0012293325877878293,0.0003287565969148182,3.322096826707821e-06,3.9825069837592736e-06,0.7575408739167957
5.599999999999605,0.0039999999999995595,0.0,0.0012293221277356117,0.0003287725772171529,3.3223284382132714e-06,3.9803175849266185e-06,0.7575421704986095
5.603999999999605,0.0039999999999995595,0.0,0.0012293116685878297,0.00032878854843451893,3.32255993161823e-06,3.978031382948353e-06,0.757543461218205
5.607999999999604,0.0039999999999995595,0.0,0.0012293012096219991,0.00032880451018272276,3.322791310952402e-06,3.9756494583663444e-06,0.7575447461015998
5.611999999999604,0.0039999999999995595,0.0,0.0012292907498446693,0.00032882046208398003,3.323022580038745e-06,3.973173583123888e-06,0.7575460251747178
5.6159999999996035,0.0039999999999995595,0.0,0.0012292802884429853,0.0003288364037693916,3.3232537423785616e-06,3.9706061241620835e-06,0.7575472984633791
5.619999999999603,0.0039999999999995595,0.0,0.0012292698246040648,0.00032885233488108177,3.323484801230452e-06,3.967949964015101e-06,0.7575485659933061
5.623999999999603,0.0039999999999995595,0.0,0.0012292593575149973,0.0003288682550740131,3.323715759531888e-06,3.965208416800744e-06,0.7575498277901342
5.627999999999602,0.0039999999999995595,0.0,0.0012292488865434795,0.00032888416401748215,3.323946619961329e-06,3.962385152850744e-06,0.7575510838794064
5.631999999999602,0.0039999999999995595,0.0,0.0012292384109668683,0.00032890006139632745,3.324177384909027e-06,3.959484125814597e-06,0.7575523342865784
5.635999999999601,0.0039999999999995595,0.0,0.0012292279301528146,0.0003289159469118707,3.3244080564858665e-06,3.956509509019116e-06,0.7575535790370169
5.639999999999601,0.0039999999999995595,0.0,0.001229217443468948,0.0003289318202826122,3.324638636521676e-06,3.953465634464055e-06,0.7575548181560033
5.6439999999996004,0.0039999999999995595,0.0,0.0012292069503731964,0.0003289476812447089,3.3248691265670654e-06,3.950356941175733e-06,0.7575560516687331
5.6479999999996,0.0039999999999995595,0.0,0.0012291964504137904,0.000328963529552255,3.3250995279669968e-06,3.947187925660182e-06,0.7575572796003178
5.6519999999996,0.0039999999999995595,0.0,0.0012291859432292667,0.0003289793649773905,3.325329841817123e-06,3.943963102160567e-06,0.757558501975782
5.655999999999599,0.0039999999999995595,0.0,0.0012291754281871813,0.0003289951873102552,3.325560068961016e-06,3.940686963633915e-06,0.7575597188200665
5.659999999999599,0.0039999999999995595,0.0,0.00122916490519701,0.0003290109963588215,3.32579021014507e-06,3.937363955388136e-06,0.7575609301580261
5.663999999999598,0.0039999999999995595,0.0,0.0012291543738069273,0.0003290267919486162,3.326020265793628e-06,3.933998444550886e-06,0.7575621360144328
5.667999999999598,0.0039999999999995595,0.0,0.0012291438338360677,0.00032904257392234713,3.326250236255549e-06,3.930594700628237e-06,0.7575633364139713
5.671999999999597,0.0039999999999995595,0.0,0.0012291332849229074,0.0003290583421394637,3.3264801217213507e-06,3.927156879865711e-06,0.7575645313812397
5.675999999999597,0.0039999999999995595,0.0,0.00122912272697689,0.0003290740964756539,3.3267099221518553e-06,3.923689008484509e-06,0.7575657209407497
5.6799999999995965,0.0039999999999995595,0.0,0.001229112159907455,0.0003290898368223057,3.3269396375566844e-06,3.920194976116627e-06,0.7575669051169256
5.683999999999596,0.0039999999999995595,0.0,0.0012291015835337114,0.00032910556308592554,3.3271692677391647e-06,3.916678525021022e-06,0.7575680839340986
5.687999999999596,0.0039999999999995595,0.0,0.0012290909977650901,0.0003291212751875518,3.32739881242866e-06,3.913143249992811e-06,0.7575692574165157
5.691999999999595,0.0039999999999995595,0.0,0.001229080402691678,0.00032913697306214654,3.327628271287869e-06,3.9095925933560684e-06,0.7575704255883318
5.695999999999595,0.0039999999999995595,0.0,0.0012290697981325737,0.0003291526566579879,3.327857643919686e-06,3.906029845578383e-06,0.7575715884736101
5.699999999999594,0.0039999999999995595,0.0,0.0012290591842681938,0.00032916832593606965,3.3280869298965173e-06,3.902458146838014e-06,0.7575727460963226
5.703999999999594,0.0039999999999995595,0.0,0.0012290485610982975,0.0003291839808695039,3.3283161287480013e-06,3.898880489255062e-06,0.7575738984803476
5.707999999999593,0.0039999999999995595,0.0,0.0012290379288033087,0.00032919962144294004,3.3285452399960856e-06,3.895299720096356e-06,0.7575750456494694
5.711999999999593,0.0039999999999995595,0.0,0.0012290272873829906,0.00032921524765199743,3.3287742631327188e-06,3.8917185462892834e-06,0.7575761876273772
5.7159999999995925,0.0039999999999995595,0.0,0.0012290166370177748,0.00032923085950272053,3.3290031976789226e-06,3.888139539328467e-06,0.7575773244376641
5.719999999999592,0.0039999999999995595,0.0,0.001229005977888099,0.00032924645701104814,3.329232043142703e-06,3.884565139272609e-06,0.7575784561038275
5.723999999999592,0.0039999999999995595,0.0,0.0012289953100840707,0.00032926204020230663,3.329460799034528e-06,3.880997660443203e-06,0.7575795826492665
5.727999999999591,0.0039999999999995595,0.0,0.0012289846340571475,0.0003292776091107212,3.3296894649053922e-06,3.87743929747101e-06,0.7575807040972831
5.731999999999591,0.0039999999999995595,0.0,0.0012289739498071149,0.0003292931637789496,3.3299180403125364e-06,3.873892127921299e-06,0.7575818204710794
5.73599999999959,0.0039999999999995595,0.0,0.0012289632577854493,0.0003293087042576309,3.3301465248303433e-06,3.870358119009296e-06,0.7575829317937574
5.73999999999959,0.0039999999999995595,0.0,0.0012289525580822871,0.0003293242306049553,3.330374918083904e-06,3.866839130738967e-06,0.7575840380883215
5.743999999999589,0.0039999999999995595,0.0,0.0012289418510587867,0.00032933974288625127,3.3306032197319375e-06,3.863336921357555e-06,0.7575851393776734
5.747999999999589,0.0039999999999995595,0.0,0.001228931137076119,0.00032935524117358347,3.3308314294416022e-06,3.859853148954813e-06,0.7575862356846137
5.7519999999995886,0.0039999999999995595,0.0,0.0012289204164051262,0.00032937072554537286,3.3310595469665677e-06,3.856389378274156e-06,0.7575873270318431
5.755999999999588,0.0039999999999995595,0.0,0.0012289096893166593,0.0003293861960860174,3.3312875720213948e-06,3.852947078808467e-06,0.7575884134419583
5.759999999999588,0.0039999999999995595,0.0,0.0012288989563526082,0.0003294016528855306,3.3315155043539464e-06,3.849527631775441e-06,0.7575894949374518
5.763999999999587,0.0039999999999995595,0.0,0.001228888217693506,0.0003294170960391992,3.3317433437898345e-06,3.8461323327199935e-06,0.7575905715407228
5.767999999999587,0.0039999999999995595,0.0,0.0012288774737909264,0.00032943252564722643,3.331971090121372e-06,3.842762387183656e-06,0.7575916432740587
5.771999999999586,0.0039999999999995595,0.0,0.0012288667249157673,0.0003294479418143949,3.3321987432164972e-06,3.839418918721424e-06,0.7575927101596429
5.775999999999586,0.0039999999999995595,0.0,0.0012288559717003212,0.0003294633446497379,3.332426302916366e-06,3.836102968454037e-06,0.7575937722195601
5.7799999999995855,0.0039999999999995595,0.0,0.0012288452143251678,0.00032947873426621236,3.3326537690849737e-06,3.832815495585878e-06,0.757594829475791
5.783999999999585,0.0039999999999995595,0.0,0.001228834453241936,0.00032949411078037527,3.3328811416260306e-06,3.829557379324221e-06,0.7575958819502124
5.787999999999585,0.0039999999999995595,0.0,0.0012288236889022711,0.0003295094743120668,3.3331084204325708e-06,3.82632941972941e-06,0.7575969296645975
5.791999999999584,0.0039999999999995595,0.0,0.0012288129217578334,0.0003295248249840952,3.333335605394726e-06,3.823132338018198e-06,0.7575979726406175
5.795999999999584,0.0039999999999995595,0.0,0.0012288021521699496,0.0003295401629219226,3.3335626964147225e-06,3.819966777217687e-06,0.7575990108998385
5.799999999999583,0.0039999999999995595,0.0,0.0012287913805903094,0.0003295554882533587,3.3337896933940706e-06,3.8168333041034415e-06,0.7576000444637251
5.803999999999583,0.0039999999999995595,0.0,0.001228780607470619,0.0003295708011082541,3.3340165962134966e-06,3.813732409043462e-06,0.7576010733536379
5.807999999999582,0.0039999999999995595,0.0,0.0012287698332625995,0.00032958610161820055,3.3342434047370026e-06,3.8106645078027546e-06,0.7576020975908344
5.811999999999582,0.0039999999999995595,0.0,0.0012287590583276355,0.0003296013899162313,3.3344701188388153e-06,3.807629941086363e-06,0.7576031171964712
5.8159999999995815,0.0039999999999995595,0.0,0.0012287482831174776,0.00032961666613653035,3.334696738334165e-06,3.804628977517094e-06,0.7576041321916019
5.819999999999581,0.0039999999999995595,0.0,0.0012287375081742476,0.0003296319304141405,3.3349232630308047e-06,3.80166181301963e-06,0.7576051425971781
5.823999999999581,0.0039999999999995595,0.0,0.0012287267337690194,0.00032964718288468393,3.3351496927189805e-06,3.7987285741947026e-06,0.7576061484340498
5.82799999999958,0.0039999999999995595,0.0,0.001228715960443945,0.000329662423684082,3.335376027134518e-06,3.79582931800114e-06,0.7576071497229654
5.83199999999958,0.0039999999999995595,0.0,0.0012287051886508392,0.000329677652948289,3.3356022660337156e-06,3.792964035008649e-06,0.7576081464845735
5.835999999999579,0.0039999999999995595,0.0,0.0012286944187511737,0.00032969287081302583,3.335828409099613e-06,3.7901326502149672e-06,0.7576091387394214
5.839999999999579,0.0039999999999995595,0.0,0.0012286836511967924,0.0003297080774135289,3.3360544559743528e-06,3.7873350257490156e-06,0.7576101265079571
5.843999999999578,0.0039999999999995595,0.0,0.0012286728864395547,0.0003297232728843015,3.336280406276454e-06,3.7845709627354415e-06,0.7576111098105291
5.847999999999578,0.0039999999999995595,0.0,0.0012286621248409754,0.00032973845735887776,3.3365062595652807e-06,3.781840203440456e-06,0.7576120886673873
5.8519999999995775,0.0039999999999995595,0.0,0.001228651366852943,0.0003297536309695981,3.33673201538453e-06,3.7791424356590385e-06,0.757613063098682
5.855999999999577,0.0039999999999995595,0.0,0.0012286406128370004,0.0003297687938473912,3.3369576732284207e-06,3.776477291663065e-06,0.7576140331244675
5.859999999999577,0.0039999999999995595,0.0,0.0012286298632450652,0.0003297839461215687,3.337183232569666e-06,3.7738443550215996e-06,0.7576149987646985
5.863999999999576,0.0039999999999995595,0.0,0.0012286191185290713,0.00032979908791962994,3.3374086928468388e-06,3.7712431600566753e-06,0.7576159600392335
5.867999999999576,0.0039999999999995595,0.0,0.0012286083788698749,0.00032981421936709117,3.3376340534651276e-06,3.768673200223984e-06,0.7576169169678391
5.871999999999575,0.0039999999999995595,0.0,0.0012285976449001644,0.0003298293405873048,3.3378593137707525e-06,3.7661339226666e-06,0.7576178695701817
5.875999999999575,0.0039999999999995595,0.0,0.0012285869168008209,0.0003298444517013037,3.338084473030523e-06,3.7636247380103728e-06,0.7576188178658316
5.8799999999995745,0.0039999999999995595,0.0,0.0012285761949334642,0.00032985955282765616,3.3383095305198943e-06,3.76114502110758e-06,0.7576197618742689
5.883999999999574,0.0039999999999995595,0.0,0.0012285654797500952,0.0003298746440823399,3.3385344854605538e-06,3.7586941163147976e-06,0.7576207016148788
5.887999999999574,0.0039999999999995595,0.0,0.0012285547716123617,0.00032988972557861665,3.3387593370640025e-06,3.7562713370834285e-06,0.7576216371069531
5.891999999999573,0.0039999999999995595,0.0,0.001228544070791555,0.00032990479742693075,3.3389840844933734e-06,3.753875972653191e-06,0.7576225683696919
5.895999999999573,0.0039999999999995595,0.0,0.0012285333775589756,0.0003299198597348112,3.3392087268867226e-06,3.7515072881495087e-06,0.7576234954222039
5.899999999999572,0.0039999999999995595,0.0,0.0012285226923666745,0.0003299349126067916,3.3394332633723216e-06,3.7491645302047697e-06,0.757624418283506
5.903999999999572,0.0039999999999995595,0.0,0.0012285120153956047,0.00032994995614434356,3.3396576930424437e-06,3.746846928972383e-06,0.7576253369725254
5.907999999999571,0.0039999999999995595,0.0,0.001228501347007469,0.0003299649904458161,3.339882014949894e-06,3.7445537002590573e-06,0.7576262515081006
5.911999999999571,0.0039999999999995595,0.0,0.0012284906874736098,0.0003299800156063928,3.340106228140875e-06,3.7422840503133625e-06,0.7576271619089814
5.9159999999995705,0.0039999999999995595,0.0,0.0012284800370653789,0.0003299950317180533,3.3403303316499276e-06,3.7400371759341956e-06,0.7576280681938261
5.91999999999957,0.0039999999999995595,0.0,0.0012284693960541372,0.00033001003886955216,3.34055432449143e-06,3.7378122699527884e-06,0.7576289703812091
5.92399999999957,0.0039999999999995595,0.0,0.0012284587646208794,0.0003300250371464048,3.34077820569286e-06,3.735608521965248e-06,0.7576298684896168
5.927999999999569,0.0039999999999995595,0.0,0.0012284481432177346,0.0003300400266308824,3.3410019742743366e-06,3.7334251208981495e-06,0.7576307625374495
5.931999999999569,0.0039999999999995595,0.0,0.001228437531844963,0.0003300550074020205,3.341225629248456e-06,3.7312612583705985e-06,0.7576316525430221
5.935999999999568,0.0039999999999995595,0.0,0.0012284269308643352,0.0003300699795356294,3.341449169625925e-06,3.7291161295564667e-06,0.7576325385245641
5.939999999999568,0.0039999999999995595,0.0,0.0012284163404568769,0.00033008494310431683,3.3416725944572775e-06,3.7269889351431768e-06,0.7576334205002213
5.943999999999567,0.0039999999999995595,0.0,0.00122840576080362,0.0003300998981775195,3.341895902778418e-06,3.7248788850148994e-06,0.7576342984880561
5.947999999999567,0.0039999999999995595,0.0,0.0012283951920856026,0.00033011484482153814,3.3421190936262613e-06,3.722785197278853e-06,0.7576351725060485
5.9519999999995665,0.0039999999999995595,0.0,0.001228384634574249,0.00033012978309958124,3.342342166062675e-06,3.7207071024796954e-06,0.7576360425720939
5.955999999999566,0.0039999999999995595,0.0,0.0012283740883602295,0.00033014471307181393,3.3425651191808794e-06,3.7186438426563424e-06,0.7576369087040092
5.959999999999566,0.0039999999999995595,0.0,0.0012283635537149822,0.0003301596347954107,3.3427879520500337e-06,3.716594673865695e-06,0.757637770919528
5.963999999999565,0.0039999999999995595,0.0,0.0012283530306388048,0.0003301745483246135,3.343010663830696e-06,3.714558867277042e-06,0.7576386292363041
5.967999999999565,0.0039999999999995595,0.0,0.001228342519403146,0.00033018945371079636,3.343233253701244e-06,3.7125357101475927e-06,0.7576394836719121
5.971999999999564,0.0039999999999995595,0.0,0.00122833202000831,0.0003302043510025304,3.3434557208489563e-06,3.710524506129751e-06,0.7576403342438461
5.975999999999564,0.0039999999999995595,0.0,0.0012283215327257566,0.00033021924024565223,3.3436780645004287e-06,3.708524576127733e-06,0.7576411809695224
5.979999999999563,0.0039999999999995595,0.0,0.0012283110576461823,0.00033023412148333657,3.343900283941935e-06,3.706535259741743e-06,0.7576420238662791
5.983999999999563,0.0039999999999995595,0.0,0.0012283005948602857,0.0003302489947561668,3.3441223784813412e-06,3.704555913554627e-06,0.7576428629513745
5.987999999999563,0.0039999999999995595,0.0,0.0012282901443683816,0.00033026386010221045,3.3443443474580842e-06,3.702585914015366e-06,0.7576436982419916
5.991999999999562,0.0039999999999995595,0.0,0.0012282797064419489,0.0003302787175570971,3.344566190287342e-06,3.700624656579795e-06,0.7576445297552374
5.995999999999562,0.0039999999999995595,0.0,0.001228269281081308,0.0003302935671540905,3.3447879064097527e-06,3.698671554744009e-06,0.757645357508141
5.999999999999561,0.0039999999999995595,0.0,0.0012282588682867787,0.00033030840892416625,3.3450094952988514e-06,3.6967260414090077e-06,0.7576461815176564
6.003999999999561,0.0039999999999995595,0.0,0.0012282484682394625,0.0003303232428960901,3.3452309564855627e-06,3.694787569508522e-06,0.757647001800662
6.00799999999956,0.0039999999999995595,0.0,0.0012282380810300746,0.0003303380690964938,3.3454522895733177e-06,3.6928556104144896e-06,0.7576478183739632
6.01199999999956,0.0039999999999995595,0.0,0.0012282277065685484,0.0003303528875499438,3.3456734941946657e-06,3.690929652393408e-06,0.757648631254288
6.0159999999995595,0.0039999999999995595,0.0,0.001228217345035993,0.00033036769827901835,3.3458945700423402e-06,3.6890092037452113e-06,0.7576494404582914
6.019999999999559,0.0039999999999995595,0.0,0.0012282069963423419,0.0003303825013043812,3.3461155168633565e-06,3.687093790389839e-06,0.7576502460025556
6.023999999999559,0.0039999999999995595,0.0,0.0012281966606687087,0.0003303972966448498,3.346336334432806e-06,3.685182955270868e-06,0.7576510479035904
6.027999999999558,0.0039999999999995595,0.0,0.001228186337925027,0.0003304120843174626,3.3465570226113672e-06,3.6832762583594867e-06,0.7576518461778299
6.031999999999558,0.0039999999999995595,0.0,0.0012281760281116225,0.00033042686433754764,3.3467775813312057e-06,3.6813732763561143e-06,0.7576526408416383
6.035999999999557,0.0039999999999995595,0.0,0.0012281657314096148,0.0003304416367187836,3.3469980105112522e-06,3.6794736009031277e-06,0.7576534319113055
6.039999999999557,0.0039999999999995595,0.0,0.001228155447638538,0.00033045640147326514,3.347218310170218e-06,3.6775768405414802e-06,0.7576542194030519
6.043999999999556,0.0039999999999995595,0.0,0.001228145176889116,0.00033047115861156056,3.347438480351567e-06,3.6756826169273468e-06,0.7576550033330258
6.047999999999556,0.0039999999999995595,0.0,0.001228134919161675,0.00033048590814276654,3.3476585211693303e-06,3.6737905664334316e-06,0.7576557837173029
6.0519999999995555,0.0039999999999995595,0.0,0.0012281246743661416,0.0003305006500745655,3.3478784327711907e-06,3.6719003388216432e-06,0.7576565605718899
6.055999999999555,0.0039999999999995595,0.0,0.00122811444259324,0.0003305153844132749,3.3480982153549214e-06,3.670011596348376e-06,0.7576573339127218
6.059999999999555,0.0039999999999995595,0.0,0.0012281042237528943,0.00033053011116389915,3.3483178691828817e-06,3.668124013968349e-06,0.7576581037556646
6.063999999999554,0.0039999999999995595,0.0,0.0012280940178454273,0.0003305448303301722,3.348537394510159e-06,3.6662372767010496e-06,0.7576588701165136
6.067999999999554,0.0039999999999995595,0.0,0.0012280838248711614,0.0003305595419146029,3.3487567916266723e-06,3.6643510815809904e-06,0.7576596330109941
6.071999999999553,0.0039999999999995595,0.0,0.0012280736447400152,0.00033057424591851817,3.3489760609301443e-06,3.662465135709227e-06,0.7576603924547639
6.075999999999553,0.0039999999999995595,0.0,0.0012280634773619034,0.00033058894234209795,3.3491952028138104e-06,3.660579154708548e-06,0.7576611484634094
6.079999999999552,0.0039999999999995595,0.0,0.0012280533227371432,0.0003306036311844138,3.349414217712585e-06,3.6586928640591125e-06,0.7576619010524491
6.083999999999552,0.0039999999999995595,0.0,0.0012280431808660505,0.00033061831244346,3.3496331060900312e-06,3.65680599648074e-06,0.7576626502373335
6.0879999999995515,0.0039999999999995595,0.0,0.0012280330516585348,0.0003306329861161888,3.349851868451393e-06,3.6549182935740115e-06,0.7576633960334445
6.091999999999551,0.0039999999999995595,0.0,0.0012280229349340948,0.0003306476521985353,3.3500705053308942e-06,3.6530295029594313e-06,0.7576641384560955
6.095999999999551,0.0039999999999995595,0.0,0.0012280128308738553,0.00033066231068544857,3.3502890172543752e-06,3.651139379847223e-06,0.757664877520532
6.09999999999955,0.0039999999999995595,0.0,0.0012280027392069022,0.00033067696157091536,3.35050740479025e-06,3.649247685359636e-06,0.7576656132419335
6.10399999999955,0.0039999999999995595,0.0,0.001227992659933541,0.0003306916048479839,3.350725668530507e-06,3.6473541864432283e-06,0.75766634563541
6.107999999999549,0.0039999999999995595,0.0,0.0012279825928732564,0.00033070624050878417,3.3509438090523402e-06,3.6454586544826654e-06,0.7576670747160066
6.111999999999549,0.0039999999999995595,0.0,0.0012279725381167596,0.00033072086854454944,3.351161826990867e-06,3.64356086729731e-06,0.7576678004986995
6.1159999999995485,0.0039999999999995595,0.0,0.0012279624954835294,0.0003307354889456355,3.3513797229723287e-06,3.641660606215868e-06,0.7576685229984
6.119999999999548,0.0039999999999995595,0.0,0.001227952464973863,0.0003307501017015372,3.3515974976155354e-06,3.6397576573033766e-06,0.7576692422299517
6.123999999999548,0.0039999999999995595,0.0,0.001227942446316818,0.0003307647068009039,3.351815151534928e-06,3.637851810065857e-06,0.7576699582081329
6.127999999999547,0.0039999999999995595,0.0,0.0012279324396030982,0.00033077930423155614,3.3520326853664935e-06,3.6359428583586816e-06,0.7576706709476552
6.131999999999547,0.0039999999999995595,0.0,0.0012279224445617513,0.0003307938939804995,3.3522500997532105e-06,3.6340305994588627e-06,0.7576713804631652
6.135999999999546,0.0039999999999995595,0.0,0.0012279124612834778,0.0003308084760339393,3.3524673953282376e-06,3.63211483417673e-06,0.7576720867692439
6.139999999999546,0.0039999999999995595,0.0,0.0012279024894973163,0.0003308230503772927,3.3526845726981513e-06,3.6301953661023808e-06,0.7576727898804068
6.143999999999545,0.0039999999999995595,0.0,0.0012278925291131291,0.0003308376169952015,3.3529016324592288e-06,3.628272002038475e-06,0.7576734898111039
6.147999999999545,0.0039999999999995595,0.0,0.0012278825801311944,0.0003308521758715448,3.3531185752193805e-06,3.6263445526897408e-06,0.7576741865757217
6.1519999999995445,0.0039999999999995595,0.0,0.001227872642370952,0.00033086672698945374,3.3533354015572767e-06,3.6244128313809285e-06,0.7576748801885816
6.155999999999544,0.0039999999999995595,0.0,0.0012278627157422555,0.00033088127033132015,3.3535521120315866e-06,3.622476654226947e-06,0.7576755706639403
6.159999999999544,0.0039999999999995595,0.0,0.0012278528000645348,0.000330895805878811,3.353768707194309e-06,3.6205358404730987e-06,0.7576762580159904
6.163999999999543,0.0039999999999995595,0.0,0.0012278428953380553,0.0003309103336128805,3.3539851875591317e-06,3.6185902130914096e-06,0.7576769422588603
6.167999999999543,0.0039999999999995595,0.0,0.001227833001291818,0.0003309248535137827,3.3542015536045634e-06,3.616639597527561e-06,0.7576776234066158
6.171999999999542,0.0039999999999995595,0.0,0.001227823117835659,0.0003309393655610874,3.3544178058182958e-06,3.6146838237422047e-06,0.7576783014732595
6.175999999999542,0.0039999999999995595,0.0,0.0012278132449698343,0.00033095386973368935,3.3546339446387238e-06,3.6127227238396054e-06,0.7576789764727286
6.179999999999541,0.0039999999999995595,0.0,0.001227803382423328,0.00033096836600982857,3.3548499704619542e-06,3.6107561348393064e-06,0.7576796484188997
6.183999999999541,0.0039999999999995595,0.0,0.0012277935301059652,0.00033098285436710084,3.3550658836700813e-06,3.6087838968922985e-06,0.757680317325585
6.1879999999995405,0.0039999999999995595,0.0,0.001227783687927567,0.0003309973347824769,3.355281684644545e-06,3.6068058546308606e-06,0.7576809832065362
6.19199999999954,0.0039999999999995595,0.0,0.0012277738557075256,0.0003310118072323176,3.355497373711318e-06,3.6048218568032645e-06,0.7576816460754402
6.19599999999954,0.0039999999999995595,0.0,0.001227764033355654,0.0003310262716923925,3.3557129511650376e-06,3.602831756454869e-06,0.7576823059459241
6.199999999999539,0.0039999999999995595,0.0,0.0012277542206913347,0.0003310407281378965,3.3559284172425297e-06,3.6008354109736286e-06,0.7576829628315518
6.203999999999539,0.0039999999999995595,0.0,0.0012277444176243722,0.000331055176543473,3.356143772181565e-06,3.5988326840127277e-06,0.7576836167458264
6.207999999999538,0.0039999999999995595,0.0,0.001227734623974139,0.0003310696168832319,3.356359016177497e-06,3.596823443630929e-06,0.757684267702189
6.211999999999538,0.0039999999999995595,0.0,0.001227724839650431,0.0003310840491307734,3.3565741493669574e-06,3.594807563331752e-06,0.7576849157140207
6.2159999999995375,0.0039999999999995595,0.0,0.0012277150643821811,0.0003310984732592102,3.3567891719040586e-06,3.5927849230436093e-06,0.7576855607946422
6.219999999999537,0.0039999999999995595,0.0,0.001227705298169606,0.0003311128892411914,3.35700408387073e-06,3.5907554085430163e-06,0.7576862029573117
6.223999999999537,0.0039999999999995595,0.0,0.00122769554092249,0.0003311272970489295,3.357218885308574e-06,3.588718911802714e-06,0.7576868422152288
6.227999999999536,0.0039999999999995595,0.0,0.001227685792279318,0.00033114169665422234,3.357433576245521e-06,3.586675331108544e-06,0.7576874785815324
6.231999999999536,0.0039999999999995595,0.0,0.0012276760523307279,0.00033115608802848623,3.3576481566403336e-06,3.584624572870169e-06,0.7576881120693023
6.235999999999535,0.0039999999999995595,0.0,0.0012276663208056259,0.000331170471142779,3.3578626265248913e-06,3.5825665495982703e-06,0.7576887426915566
6.239999999999535,0.0039999999999995595,0.0,0.0012276565975233437,0.00033118484596783327,3.358076985782039e-06,3.580501180825759e-06,0.7576893704612582
6.243999999999534,0.0039999999999995595,0.0,0.0012276468824840767,0.0003311992124740813,3.3582912343640114e-06,3.578428394654319e-06,0.7576899953913047
6.247999999999534,0.0039999999999995595,0.0,0.0012276371754167137,0.0003312135706316938,3.35850537212821e-06,3.576348127222109e-06,0.7576906174945415
6.2519999999995335,0.0039999999999995595,0.0,0.0012276274763214435,0.00033122792041060897,3.3587193989010465e-06,3.5742603222107635e-06,0.7576912367837524
6.255999999999533,0.0039999999999995595,0.0,0.0012276177849271438,0.00033124226178056493,3.3589333145204137e-06,3.5721649322368e-06,0.7576918532716633
6.259999999999533,0.0039999999999995595,0.0,0.0012276081011435584,0.000331256594711134,3.3591471187806143e-06,3.5700619178484875e-06,0.7576924669709417
6.263999999999532,0.0039999999999995595,0.0,0.0012275984247899908,0.00033127091917175937,3.3593608114703504e-06,3.5679512490520443e-06,0.7576930778941986
6.267999999999532,0.0039999999999995595,0.0,0.0012275887558666164,0.0003312852351317876,3.359574392348092e-06,3.565832903875586e-06,0.7576936860539853
6.271999999999531,0.0039999999999995595,0.0,0.0012275790941022908,0.0003312995425605052,3.359787861143072e-06,3.5637068698327076e-06,0.7576942914627979
6.275999999999531,0.0039999999999995595,0.0,0.0012275694393163012,0.00033131384142717725,3.36000121756585e-06,3.561573143805595e-06,0.7576948941330749
6.27999999999953,0.0039999999999995595,0.0,0.0012275597915992536,0.0003313281317010845,3.3602144613613496e-06,3.5594317324680586e-06,0.7576954940771987
6.28399999999953,0.0039999999999995595,0.0,0.0012275501505895465,0.00033134241335156076,3.3604275922097285e-06,3.557282651365605e-06,0.7576960913074945
6.2879999999995295,0.0039999999999995595,0.0,0.0012275405162873374,0.0003313566863480268,3.360640609786935e-06,3.5551259244143195e-06,0.7576966858362305
6.291999999999529,0.0039999999999995595,0.0,0.0012275308886023407,0.0003313709506600326,3.3608535137743123e-06,3.552961586963724e-06,0.757697277675621
6.295999999999529,0.0039999999999995595,0.0,0.0012275212672633795,0.00033138520625729544,3.3610663038324315e-06,3.5507896828959305e-06,0.7576978668378238
6.299999999999528,0.0039999999999995595,0.0,0.0012275116521801575,0.0003313994531097367,3.3612789796260056e-06,3.5486102660271715e-06,0.7576984533349407
6.303999999999528,0.0039999999999995595,0.0,0.0012275020433528219,0.00033141369118751946,3.3614915407977468e-06,3.5464233990131857e-06,0.7576990371790189
6.307999999999527,0.0039999999999995595,0.0,0.0012274924405101804,0.00033142792046108617,3.3617039870105804e-06,3.544229154666078e-06,0.7576996183820499
6.311999999999527,0.0039999999999995595,0.0,0.0012274828436523734,0.0003314421409012021,3.3619163178800365e-06,3.5420276157563094e-06,0.7577001969559731
6.315999999999526,0.0039999999999995595,0.0,0.0012274732525986453,0.0003314563524789843,3.3621285331288918e-06,3.5398188730132926e-06,0.7577007729126708
6.319999999999526,0.0039999999999995595,0.0,0.001227463667258684,0.0003314705551659449,3.3623406324062184e-06,3.53760302756918e-06,0.7577013462639711
6.323999999999526,0.0039999999999995595,0.0,0.0012274540875421738,0.0003314847489340263,3.3625526153727732e-06,3.535380189401695e-06,0.7577019170216509
6.327999999999525,0.0039999999999995595,0.0,0.0012274445133587965,0.00033149893375563613,3.362764481712272e-06,3.53315047736479e-06,0.7577024851974317
6.331999999999525,0.0039999999999995595,0.0,0.0012274349444373295,0.0003315131096036856,3.362976231135068e-06,3.530914019693168e-06,0.7577030508029822
6.335999999999524,0.0039999999999995595,0.0,0.0012274253808683471,0.0003315272764516207,3.3631878633304317e-06,3.5286709523473367e-06,0.7577036138499171
6.339999999999524,0.0039999999999995595,0.0,0.0012274158225615225,0.00033154143427345994,3.3633993779869654e-06,3.5264214205836925e-06,0.7577041743497998
6.343999999999523,0.0039999999999995595,0.0,0.0012274062692456203,0.0003315555830438254,3.3636107748130155e-06,3.524165577661526e-06,0.7577047323141402
6.347999999999523,0.0039999999999995595,0.0,0.0012273967209207569,0.0003315697227379737,3.363822053573171e-06,3.521903584570108e-06,0.7577052877543952
6.3519999999995225,0.0039999999999995595,0.0,0.0012273871775870487,0.00033158385333183004,3.3640332140368623e-06,3.5196356101270985e-06,0.7577058406819724
6.355999999999522,0.0039999999999995595,0.0,0.0012273776390637028,0.0003315979748020142,3.3642442559423174e-06,3.517361830157551e-06,0.757706391108224
6.359999999999522,0.0039999999999995595,0.0,0.001227368105260375,0.0003316120871258723,3.364455179096764e-06,3.5150824284292782e-06,0.7577069390444523
6.363999999999521,0.0039999999999995595,0.0,0.0012273585761771759,0.0003316261902815065,3.364665983310453e-06,3.512797595470566e-06,0.7577074845019101
6.367999999999521,0.0039999999999995595,0.0,0.0012273490516333011,0.00033164028424779806,3.364876668393252e-06,3.5105075280815776e-06,0.7577080274917959
6.37199999999952,0.0039999999999995595,0.0,0.0012273395316288562,0.0003316543690044323,3.3650872342112227e-06,3.5082124288348225e-06,0.7577085680252602
6.37599999999952,0.0039999999999995595,0.0,0.001227330016073489,0.00033166844453192497,3.3652976806417975e-06,3.5059125071355277e-06,0.757709106113401
6.379999999999519,0.0039999999999995595,0.0,0.0012273205049673022,0.0003316825108116436,3.365508007557882e-06,3.5036079772551405e-06,0.7577096417672671
6.383999999999519,0.0039999999999995595,0.0,0.00122731099812948,0.00033169656782582697,3.3657182148928604e-06,3.5012990583856787e-06,0.7577101749978574
6.3879999999995185,0.0039999999999995595,0.0,0.0012273014955601217,0.0003317106155576053,3.3659283025653985e-06,3.4989859746627766e-06,0.7577107058161194
6.391999999999518,0.0039999999999995595,0.0,0.001227291997259326,0.0003317246539910203,3.366138270494879e-06,3.4966689556308037e-06,0.7577112342329532
6.395999999999518,0.0039999999999995595,0.0,0.0012272825030462688,0.00033173868311103837,3.3663481187082463e-06,3.4943482330640155e-06,0.7577117602592088
6.399999999999517,0.0039999999999995595,0.0,0.001227273013011507,0.00033175270290356575,3.3665578472028883e-06,3.4920240432252246e-06,0.7577122839056857
6.403999999999517,0.0039999999999995595,0.0,0.0012272635270646748,0.0003317667133554646,3.3667674560063093e-06,3.489696625896841e-06,0.757712805183137
6.407999999999516,0.0039999999999995595,0.0,0.0012272540451154024,0.00033178071445456056,3.3669769451649578e-06,3.4873662227624753e-06,0.757713324102265
6.411999999999516,0.0039999999999995595,0.0,0.0012272445672542474,0.0003317947061896554,3.367186314748695e-06,3.485033078488565e-06,0.7577138406737258
6.415999999999515,0.0039999999999995595,0.0,0.0012272350933003739,0.0003318086885505356,3.3673955648431257e-06,3.4826974401156854e-06,0.7577143549081254
6.419999999999515,0.0039999999999995595,0.0,0.0012272256232538719,0.0003318226615279793,3.3676046955665066e-06,3.480359555730584e-06,0.7577148668160238
6.4239999999995145,0.0039999999999995595,0.0,0.001227216157205299,0.00033183662511375694,3.3678137070403667e-06,3.478019673660498e-06,0.7577153764079309
6.427999999999514,0.0039999999999995595,0.0,0.0012272066949738129,0.00033185057930064073,3.3680225994312953e-06,3.4756780450652142e-06,0.757715883694311
6.431999999999514,0.0039999999999995595,0.0,0.001227197236740438,0.0003318645240824043,3.3682313728593836e-06,3.473334919977508e-06,0.7577163886855811
6.435999999999513,0.0039999999999995595,0.0,0.0012271877823243288,0.0003318784594538233,3.36844002752656e-06,3.4709905492726474e-06,0.7577168913921114
6.439999999999513,0.0039999999999995595,0.0,0.0012271783317255739,0.0003318923854106718,3.368648563611076e-06,3.4686451821826647e-06,0.7577173918242245
6.443999999999512,0.0039999999999995595,0.0,0.0012271688850347315,0.0003319063019497219,3.368856981349299e-06,3.4662990683871387e-06,0.7577178899921964
6.447999999999512,0.0039999999999995595,0.0,0.0012271594421614212,0.0003319202090687396,3.3690652809676076e-06,3.46395245602172e-06,0.7577183859062577
6.4519999999995115,0.0039999999999995595,0.0,0.0012271500031962024,0.00033193410676647894,3.3692734626992458e-06,3.461605591725104e-06,0.7577188795765925
6.455999999999511,0.0039999999999995595,0.0,0.0012271405680486932,0.0003319479950426753,3.3694815267823596e-06,3.4592587200541176e-06,0.7577193710133393
6.459999999999511,0.0039999999999995595,0.0,0.0012271311367189814,0.00033196187389803486,3.3696894735029135e-06,3.456912083769991e-06,0.7577198602265905
6.46399999999951,0.0039999999999995595,0.0,0.0012271217092976292,0.00033197574333422613,3.369897303110023e-06,3.4545659218301222e-06,0.757720347226394
6.46799999999951,0.0039999999999995595,0.0,0.0012271122857847262,0.00033198960335386837,3.370105015843843e-06,3.452220471886364e-06,0.7577208320227504
6.471999999999509,0.0039999999999995595,0.0,0.0012271028660898876,0.00033200345396051955,3.3703126120166846e-06,3.449875967991775e-06,0.7577213146256185
6.475999999999509,0.0039999999999995595,0.0,0.0012270934503941528,0.00033201729515866296,3.370520091914298e-06,3.447532640115231e-06,0.7577217950449102
6.479999999999508,0.0039999999999995595,0.0,0.0012270840386071377,0.00033203112695369077,3.3707274558225524e-06,3.445190714584737e-06,0.7577222732904931
6.483999999999508,0.0039999999999995595,0.0,0.0012270746307289318,0.0003320449493518869,3.3709347040479585e-06,3.442850413103485e-06,0.757722749372191
6.4879999999995075,0.0039999999999995595,0.0,0.0012270652269405812,0.00033205876236041333,3.3711418368775388e-06,3.440511954245645e-06,0.7577232232997828
6.491999999999507,0.0039999999999995595,0.0,0.0012270558270612226,0.0003320725659872898,3.3713488546040355e-06,3.4381755512187966e-06,0.7577236950830042
6.495999999999507,0.0039999999999995595,0.0,0.0012270464312719043,0.00033208636024137296,3.3715557575220657e-06,3.4358414117541826e-06,0.7577241647315461
6.499999999999506,0.0039999999999995595,0.0,0.0012270370395727204,0.0003321001451323373,3.3717625459281347e-06,3.43350973914532e-06,0.757724632255057
6.503999999999506,0.0039999999999995595,0.0,0.0012270276520542456,0.0003321139206706544,3.371969220109166e-06,3.4311807311866017e-06,0.7577250976631413
6.507999999999505,0.0039999999999995595,0.0,0.0012270182686260943,0.0003321276868675712,3.372175780329281e-06,3.4288545800684342e-06,0.7577255609653613
6.511999999999505,0.0039999999999995595,0.0,0.0012270088894693247,0.00033214144373508724,3.3723822268536595e-06,3.4265314727724483e-06,0.7577260221712351
6.515999999999504,0.0039999999999995595,0.0,0.0012269995144935518,0.00033215519128593397,3.3725885599888964e-06,3.4242115905257683e-06,0.7577264812902416
6.519999999999504,0.0039999999999995595,0.0,0.0012269901437893548,0.00033216892953353807,3.3727947800082817e-06,3.4218951050411613e-06,0.7577269383318086
6.5239999999995035,0.0039999999999995595,0.0,0.001226980777447316,0.0003321826584920112,3.3730008871127537e-06,3.4195821865165425e-06,0.7577273933053292
6.527999999999503,0.0039999999999995595,0.0,0.0012269714155580202,0.00033219637817611877,3.373206881556996e-06,3.417272996446204e-06,0.7577278462201537
6.531999999999503,0.0039999999999995595,0.0,0.0012269620580310837,0.00033221008860125583,3.3734127635847153e-06,3.414967690741182e-06,0.7577282970855886
6.535999999999502,0.0039999999999995595,0.0,0.0012269527050475784,0.0003322237897834207,3.373618533417248e-06,3.4126664180680124e-06,0.7577287459108997
6.539999999999502,0.0039999999999995595,0.0,0.001226943356517122,0.0003322374817391869,3.37382419125073e-06,3.410369320534339e-06,0.7577291927053085
6.543999999999501,0.0039999999999995595,0.0,0.0012269340126207908,0.00033225116448567675,3.3740297372647177e-06,3.4080765336395034e-06,0.7577296374779977
6.547999999999501,0.0039999999999995595,0.0,0.0012269246734491793,0.00033226483804053495,3.3742351716706638e-06,3.4057881861107472e-06,0.7577300802381092
6.5519999999995004,0.0039999999999995595,0.0,0.0012269153389119064,0.00033227850242189714,3.3744404946213194e-06,3.4035043985984578e-06,0.7577305209947405
6.5559999999995,0.0039999999999995595,0.0,0.0012269060091900574,0.0003322921576483684,3.374645706286943e-06,3.4012252870660606e-06,0.7577309597569517
6.5599999999995,0.0039999999999995595,0.0,0.0012268966842837418,0.0003323058037389928,3.3748508068045756e-06,3.398950959106277e-06,0.7577313965337604
6.563999999999499,0.0039999999999995595,0.0,0.0012268873642835606,0.00033231944071322636,3.3750557963057423e-06,3.396681515717704e-06,0.7577318313341448
6.567999999999499,0.0039999999999995595,0.0,0.0012268780492801176,0.0003323330685909071,3.3752606749065433e-06,3.3944170509133953e-06,0.7577322641670406
6.571999999999498,0.0039999999999995595,0.0,0.001226868739183034,0.0003323466873922271,3.3754654427079517e-06,3.392157650614855e-06,0.7577326950413454
6.575999999999498,0.0039999999999995595,0.0,0.0012268594342639005,0.0003323602971377071,3.375670099779543e-06,3.389903395939497e-06,0.7577331239659159
6.579999999999497,0.0039999999999995595,0.0,0.0012268501344323416,0.000332373897848169,3.375874646191494e-06,3.387654359864868e-06,0.7577335509495695
6.583999999999497,0.0039999999999995595,0.0,0.0012268408397789672,0.00033238748954470747,3.376079081989051e-06,3.3854106088477192e-06,0.7577339760010832
6.5879999999994965,0.0039999999999995595,0.0,0.0012268315504848856,0.00033240107224866275,3.3762834072257845e-06,3.3831722025610143e-06,0.7577343991291945
6.591999999999496,0.0039999999999995595,0.0,0.0012268222664597224,0.00033241464598159374,3.3764876219001958e-06,3.38093919342506e-06,0.7577348203426022
6.595999999999496,0.0039999999999995595,0.0,0.0012268129878845904,0.0003324282107652508,3.3766917260421315e-06,3.3787116280873e-06,0.757735239649965
6.599999999999495,0.0039999999999995595,0.0,0.0012268037146691163,0.00033244176662154993,3.376895719653306e-06,3.376489545948779e-06,0.7577356570599032
6.603999999999495,0.0039999999999995595,0.0,0.001226794447084915,0.000332455313572547,3.377099602720132e-06,3.37427298016106e-06,0.7577360725809981
6.607999999999494,0.0039999999999995595,0.0,0.0012267851850416155,0.00033246885164041166,3.377303375200587e-06,3.3720619573504445e-06,0.757736486221792
6.611999999999494,0.0039999999999995595,0.0,0.0012267759286298428,0.00033248238084740276,3.377507037057088e-06,3.3698564985979503e-06,0.7577368979907894
6.615999999999493,0.0039999999999995595,0.0,0.001226766678030724,0.0003324959012158446,3.3777105882357654e-06,3.3676566181511974e-06,0.7577373078964555
6.619999999999493,0.0039999999999995595,0.0,0.0012267574331538906,0.00033250941276810137,3.3779140286102863e-06,3.3654623243075847e-06,0.7577377159472187
6.6239999999994925,0.0039999999999995595,0.0,0.0012267481940899726,0.000332522915526549,3.3781173581789297e-06,3.3632736187757563e-06,0.7577381221514666
6.627999999999492,0.0039999999999995595,0.0,0.0012267389609296035,0.00033253640951355726,3.3783205768568213e-06,3.361090498411614e-06,0.75773852651755
6.631999999999492,0.0039999999999995595,0.0,0.0012267297338539223,0.00033254989475146754,3.378523684572535e-06,3.3589129546916214e-06,0.7577389290537845
6.635999999999491,0.0039999999999995595,0.0,0.001226720512682059,0.0003325633712625686,3.3787266812279955e-06,3.3567409727484374e-06,0.7577393297684449
6.639999999999491,0.0039999999999995595,0.0,0.0012267112976856594,0.0003325768390690758,3.378929566689739e-06,3.354574532800117e-06,0.7577397286697707
6.64399999999949,0.0039999999999995595,0.0,0.001226702088774358,0.00033259029819310737,3.3791323408548654e-06,3.352413609377721e-06,0.7577401257659618
6.64799999999949,0.0039999999999995595,0.0,0.001226692886129302,0.0003326037486566682,3.379335003609116e-06,3.35025817260088e-06,0.7577405210651836
6.651999999999489,0.0039999999999995595,0.0,0.001226683689750633,0.00033261719048162695,3.379537554807048e-06,3.348108187287797e-06,0.7577409145755627
6.655999999999489,0.0039999999999995595,0.0,0.001226674499638492,0.0003326306236897,3.379739994328023e-06,3.345963614227406e-06,0.7577413063051903
6.6599999999994886,0.0039999999999995595,0.0,0.001226665315974034,0.0003326440483024287,3.3799423220047887e-06,3.343824407382933e-06,0.7577416962621203
6.663999999999488,0.0039999999999995595,0.0,0.0012266561386668963,0.00033265746434116,3.380144537781631e-06,3.3416905187978473e-06,0.7577420844543653
6.667999999999488,0.0039999999999995595,0.0,0.0012266469678982393,0.0003326708718270374,3.380346641522628e-06,3.339561895340782e-06,0.7577424708899102
6.671999999999487,0.0039999999999995595,0.0,0.001226637803668209,0.00033268427078097883,3.380548633070978e-06,3.3374384798907936e-06,0.7577428555766984
6.675999999999487,0.0039999999999995595,0.0,0.0012266286460674628,0.0003326976612236636,3.380750512289798e-06,3.3353202114900507e-06,0.7577432385226404
6.679999999999486,0.0039999999999995595,0.0,0.0012266194950961487,0.0003327110431755136,3.380952279039929e-06,3.3332070249567853e-06,0.7577436197356064
6.683999999999486,0.0039999999999995595,0.0,0.0012266103507544155,0.0003327244166566811,3.381153933186112e-06,3.3310988520669773e-06,0.7577439992234346
6.6879999999994855,0.0039999999999995595,0.0,0.0012266012132234353,0.00033273778168703487,3.381355474603672e-06,3.328995621214042e-06,0.7577443769939255
6.691999999999485,0.0039999999999995595,0.0,0.0012265920825033606,0.00033275113828614686,3.3815569031691317e-06,3.326897256756111e-06,0.757744753054846
6.695999999999485,0.0039999999999995595,0.0,0.0012265829585038298,0.00033276448647327777,3.381758218769643e-06,3.3248036807225307e-06,0.7577451274139256
6.699999999999484,0.0039999999999995595,0.0,0.0012265738414965358,0.00033277782626736917,3.381959421261438e-06,3.322714812410933e-06,0.7577455000788599
6.703999999999484,0.0039999999999995595,0.0,0.0012265647313006046,0.0003327911576870296,3.3821605105607046e-06,3.3206305675023143e-06,0.7577458710573104
6.707999999999483,0.0039999999999995595,0.0,0.0012265556281877343,0.00033280448075052226,3.3823614865781926e-06,3.3185508596458084e-06,0.7577462403569003
6.711999999999483,0.0039999999999995595,0.0,0.0012265465319770505,0.00033281779547575954,3.382562349217753e-06,3.316475600231751e-06,0.7577466079852225
6.715999999999482,0.0039999999999995595,0.0,0.0012265374428497404,0.0003328311018802908,3.3827630983941225e-06,3.3144046979754113e-06,0.7577469739498329
6.719999999999482,0.0039999999999995595,0.0,0.001226528360715444,0.0003328443999812973,3.3829637340292912e-06,3.3123380602549324e-06,0.7577473382582545
6.7239999999994815,0.0039999999999995595,0.0,0.001226519285755353,0.00033285768979558,3.3831642560094474e-06,3.310275591380469e-06,0.7577477009179742
6.727999999999481,0.0039999999999995595,0.0,0.001226510217879108,0.00033287097133955407,3.3833646642772472e-06,3.308217194781918e-06,0.7577480619364465
6.731999999999481,0.0039999999999995595,0.0,0.001226501157267905,0.0003328842446292447,3.383564958770361e-06,3.3061627725224832e-06,0.7577484213210914
6.73599999999948,0.0039999999999995595,0.0,0.0012264921037408645,0.0003328975096802764,3.383765139471065e-06,3.3041122240405734e-06,0.7577487790792947
6.73999999999948,0.0039999999999995595,0.0,0.001226483057479185,0.0003329107665078709,3.383965206297449e-06,3.302065448227859e-06,0.757749135218409
6.743999999999479,0.0039999999999995595,0.0,0.0012264740184830278,0.0003329240151268393,3.384165159218489e-06,3.300022342166506e-06,0.7577494897457535
6.747999999999479,0.0039999999999995595,0.0,0.0012264649867525532,0.00033293725555158353,3.3843649982193227e-06,3.2979828035163534e-06,0.7577498426686152
6.751999999999478,0.0039999999999995595,0.0,0.0012264559623784447,0.000332950487796086,3.3845647232795744e-06,3.2959467271711954e-06,0.7577501939942459
6.755999999999478,0.0039999999999995595,0.0,0.001226446945270341,0.0003329637118739132,3.3847643343998468e-06,3.293914008949669e-06,0.7577505437298665
6.7599999999994775,0.0039999999999995595,0.0,0.0012264379355189266,0.00033297692779820634,3.384963831601539e-06,3.291884542313864e-06,0.7577508918826632
6.763999999999477,0.0039999999999995595,0.0,0.0012264289330338389,0.0003329901355816841,3.3851632148797555e-06,3.289858221729113e-06,0.7577512384597904
6.767999999999477,0.0039999999999995595,0.0,0.001226419937996289,0.00033300333523663886,3.3853624842772395e-06,3.2878349404953336e-06,0.7577515834683701
6.771999999999476,0.0039999999999995595,0.0,0.0012264109503159143,0.0003330165267749388,3.385561639824532e-06,3.2858145926033208e-06,0.7577519269154924
6.775999999999476,0.0039999999999995595,0.0,0.0012264019700834038,0.0003330297102080235,3.3857606815611736e-06,3.2837970707185037e-06,0.7577522688082143
6.779999999999475,0.0039999999999995595,0.0,0.0012263929972989207,0.00033304288554690526,3.385959609528895e-06,3.2817822684032594e-06,0.7577526091535608
6.783999999999475,0.0039999999999995595,0.0,0.0012263840318721005,0.00033305605280217185,3.3861584237960178e-06,3.279770079216107e-06,0.7577529479585264
6.7879999999994745,0.0039999999999995595,0.0,0.0012263750738031047,0.00033306921198398453,3.386357124415527e-06,3.2777603968257293e-06,0.7577532852300727
6.791999999999474,0.0039999999999995595,0.0,0.0012263661232731534,0.00033308236310208096,3.386555711483893e-06,3.2757531155196783e-06,0.7577536209751284
6.795999999999474,0.0039999999999995595,0.0,0.0012263571801918816,0.00033309550616577536,3.386754185090872e-06,3.2737481296757875e-06,0.7577539552005933
6.799999999999473,0.0039999999999995595,0.0,0.0012263482444689212,0.0003331086411839615,3.3869525453273757e-06,3.271745334028044e-06,0.7577542879133343
6.803999999999473,0.0039999999999995595,0.0,0.0012263393162854962,0.0003331217681651183,3.3871507922950416e-06,3.2697446255452887e-06,0.7577546191201877
6.807999999999472,0.0039999999999995595,0.0,0.001226330395460707,0.00033313488711730937,3.3873489260964673e-06,3.267745900239857e-06,0.7577549488279598
6.811999999999472,0.0039999999999995595,0.0,0.0012263214821757798,0.0003331479980481886,3.3875469468364637e-06,3.265749056025819e-06,0.7577552770434244
6.815999999999471,0.0039999999999995595,0.0,0.001226312576249812,0.00033316110096500323,3.3877448546279628e-06,3.2637539917004883e-06,0.7577556037733252
6.819999999999471,0.0039999999999995595,0.0,0.0012263036777734981,0.0003331741958745979,3.3879426495796185e-06,3.261760606794238e-06,0.7577559290243756
6.8239999999994705,0.0039999999999995595,0.0,0.0012262947867470002,0.00033318728278341944,3.3881403317971458e-06,3.2597688021916245e-06,0.7577562528032592
6.82799999999947,0.0039999999999995595,0.0,0.0012262859031704806,0.00033320036169752216,3.388337901448094e-06,3.257778480109787e-06,0.7577565751166278
6.83199999999947,0.0039999999999995595,0.0,0.0012262770270441007,0.00033321343262257357,3.388535358645121e-06,3.2557895439213445e-06,0.757756895971106
6.835999999999469,0.0039999999999995595,0.0,0.0012262681582774861,0.00033322649556385265,3.3887327035360367e-06,3.253801897421466e-06,0.7577572153732808
6.839999999999469,0.0039999999999995595,0.0,0.0012262592968707961,0.0003332395505262669,3.3889299362496723e-06,3.251815448045091e-06,0.7577575333297201
6.843999999999468,0.0039999999999995595,0.0,0.0012262504429147285,0.00033325259751435367,3.389127056928349e-06,3.249830103215366e-06,0.7577578498469564
6.847999999999468,0.0039999999999995595,0.0,0.001226241596318906,0.0003332656365322867,3.3893240656948277e-06,3.247845772893612e-06,0.7577581649314932
6.851999999999467,0.0039999999999995595,0.0,0.0012262327570834878,0.0003332786675838833,3.3895209626960996e-06,3.2458623684415545e-06,0.757758478589804
6.855999999999467,0.0039999999999995595,0.0,0.001226223925208633,0.0003332916906726088,3.389717748055902e-06,3.243879801842562e-06,0.7577587908283345
6.8599999999994665,0.0039999999999995595,0.0,0.0012262151006039602,0.00033330470580158437,3.389914421924044e-06,3.2418979878675335e-06,0.7577591016535004
6.863999999999466,0.0039999999999995595,0.0,0.0012262062833601674,0.00033331771297359614,3.3901109844402293e-06,3.2399168434037326e-06,0.7577594110716884
6.867999999999466,0.0039999999999995595,0.0,0.0012261974733868716,0.00033333071219110455,3.3903074357622944e-06,3.2379362875791228e-06,0.7577597190892573
6.871999999999465,0.0039999999999995595,0.0,0.0012261886706842297,0.00033334370345625163,3.390503776019141e-06,3.2359562408517193e-06,0.757760025712538
6.875999999999465,0.0039999999999995595,0.0,0.0012261798752523979,0.00033335668677085865,3.3907000053463364e-06,3.2339766237897162e-06,0.7577603309478266
6.879999999999464,0.0039999999999995595,0.0,0.001226171087000989,0.0003333696621364494,3.3908961238832407e-06,3.231997362643182e-06,0.7577606348013997
6.883999999999464,0.0039999999999995595,0.0,0.0012261623060207019,0.00033338262955425065,3.3910921317412847e-06,3.230018383684905e-06,0.7577609372795011
6.887999999999463,0.0039999999999995595,0.0,0.0012261535321306022,0.00033339558902520334,3.3912880290453384e-06,3.2280396159335397e-06,0.757761238388347
6.891999999999463,0.0039999999999995595,0.0,0.0012261447655119342,0.0003334085405499687,3.3914838159251577e-06,3.226060989914238e-06,0.7577615381341257
6.895999999999463,0.0039999999999995595,0.0,0.0012261360058932142,0.00033342148412894183,3.391679492482663e-06,3.2240824399442953e-06,0.7577618365229982
6.899999999999462,0.0039999999999995595,0.0,0.0012261272534556864,0.0003334344197622497,3.3918750588300593e-06,3.222103899225877e-06,0.7577621335610936
6.903999999999462,0.0039999999999995595,0.0,0.0012261185081089568,0.00033344734744977263,3.3920705150767344e-06,3.2201253070316654e-06,0.7577624292545192
6.907999999999461,0.0039999999999995595,0.0,0.001226109769853177,0.0003334602671911474,3.3922658613490668e-06,3.2181466029692916e-06,0.7577627236093527
6.911999999999461,0.0039999999999995595,0.0,0.001226101038507401,0.0003334731789857801,3.392461097711521e-06,3.216167729817293e-06,0.7577630166316442
6.91599999999946,0.0039999999999995595,0.0,0.0012260923142528755,0.0003334860828328503,3.3926562242650613e-06,3.2141886317190154e-06,0.7577633083274162
6.91999999999946,0.0039999999999995595,0.0,0.001226083596908651,0.00033349897873132526,3.392851241073194e-06,3.2122092560975113e-06,0.7577635987026643
6.9239999999994595,0.0039999999999995595,0.0,0.001226074886474875,0.0003335118666799686,3.3930461481781463e-06,3.210229552298248e-06,0.7577638877633588
6.927999999999459,0.0039999999999995595,0.0,0.0012260661830422466,0.00033352474667734785,3.393240945761907e-06,3.208249472759691e-06,0.7577641755154403
6.931999999999459,0.0039999999999995595,0.0,0.00122605748642981,0.00033353761872183973,3.3934356338757994e-06,3.2062689698411695e-06,0.7577644619648201
6.935999999999458,0.0039999999999995595,0.0,0.0012260487966377106,0.0003335504828116494,3.3936302125843967e-06,3.2042880014518027e-06,0.757764747117391
6.939999999999458,0.0039999999999995595,0.0,0.0012260401136660933,0.0003335633389448173,3.3938246819230136e-06,3.202306526882884e-06,0.7577650309790143
6.943999999999457,0.0039999999999995595,0.0,0.0012260314374245489,0.00033357618711922645,3.3940190419560897e-06,3.200324507427192e-06,0.7577653135555256
6.947999999999457,0.0039999999999995595,0.0,0.001226022768003775,0.0003335890273326136,3.3942132927339074e-06,3.198341907202265e-06,0.7577655948527345
6.951999999999456,0.0039999999999995595,0.0,0.0012260141053133608,0.0003336018595825778,3.394407434278128e-06,3.1963586923048748e-06,0.7577658748764231
6.955999999999456,0.0039999999999995595,0.0,0.0012260054491723368,0.0003336146838665922,3.3946014666292283e-06,3.1943748320028944e-06,0.7577661536323491
6.9599999999994555,0.0039999999999995595,0.0,0.001225996799761955,0.00033362750018201324,3.394795389841789e-06,3.1923902976818454e-06,0.757766431126245
6.963999999999455,0.0039999999999995595,0.0,0.0012259881569918008,0.00033364030852608533,3.394989203901599e-06,3.1904050618612593e-06,0.7577667073638124
6.967999999999455,0.0039999999999995595,0.0,0.0012259795207714564,0.0003336531088959573,3.395182908821687e-06,3.1884191014663437e-06,0.7577669823507336
6.971999999999454,0.0039999999999995595,0.0,0.0012259708911010602,0.0003336659012886901,3.395376504627326e-06,3.186432394871629e-06,0.757767256092663
6.975999999999454,0.0039999999999995595,0.0,0.0012259622679807506,0.00033367868570126325,3.3955699913219825e-06,3.1844449225124004e-06,0.7577675285952279
6.979999999999453,0.0039999999999995595,0.0,0.0012259536512295457,0.0003336914621305887,3.3957633689126503e-06,3.1824566681482278e-06,0.7577677998640323
6.983999999999453,0.0039999999999995595,0.0,0.0012259450410287013,0.0003337042305735178,3.3959566373957244e-06,3.1804676172487554e-06,0.7577680699046541
6.987999999999452,0.0039999999999995595,0.0,0.0012259364371972326,0.00033371699102685017,3.396149796776923e-06,3.178477757378698e-06,0.7577683387226448
6.991999999999452,0.0039999999999995595,0.0,0.001225927839735274,0.00033372974348734504,3.396342847048384e-06,3.176487079169541e-06,0.7577686063235338
6.9959999999994515,0.0039999999999995595,0.0,0.0012259192486429593,0.00033374248795173137,3.396535788248818e-06,3.1744955754809665e-06,0.7577688727128244
6.999999999999451,0.0039999999999995595,0.0,0.0012259106638298593,0.00033375522441670834,3.3967286203160073e-06,3.1725032394502625e-06,0.7577691378959911
7.003999999999451,0.0039999999999995595,0.0,0.001225902085296106,0.00033376795287896514,3.396921343241981e-06,3.170510069229083e-06,0.7577694018784898
7.00799999999945,0.0039999999999995595,0.0,0.0012258935130418313,0.0003337806733351836,3.397113956987914e-06,3.1685160636446308e-06,0.7577696646657488
7.01199999999945,0.0039999999999995595,0.0,0.0012258849469766015,0.00033379338578205136,3.397306461521215e-06,3.16652122442632e-06,0.757769926263173
7.015999999999449,0.0039999999999995595,0.0,0.0012258763870099812,0.0003338060902162652,3.397498856839966e-06,3.1645255548379147e-06,0.7577701866761415
7.019999999999449,0.0039999999999995595,0.0,0.0012258678333232304,0.0003338187866345431,3.397691142921498e-06,3.162529060421839e-06,0.75777044591001
7.0239999999994485,0.0039999999999995595,0.0,0.0012258592856447797,0.0003338314750336313,3.3978833197077327e-06,3.1605317486854754e-06,0.7577707039701091
7.027999999999448,0.0039999999999995595,0.0,0.0012258507440653227,0.0003338441554103108,3.398075387218176e-06,3.1585336292759555e-06,0.7577709608617457
7.031999999999448,0.0039999999999995595,0.0,0.0012258422085849865,0.000333856827761409,3.398267345418918e-06,3.156534714078087e-06,0.7577712165902036
7.035999999999447,0.0039999999999995595,0.0,0.00122583367911333,0.0003338694920838062,3.3984591942394826e-06,3.154535016596956e-06,0.7577714711607428
7.039999999999447,0.0039999999999995595,0.0,0.0012258251556504782,0.00033388214837443765,3.398650933727499e-06,3.1525345513975244e-06,0.7577717245785964
7.043999999999446,0.0039999999999995595,0.0,0.001225816638105987,0.00033389479663030854,3.3988425638193094e-06,3.1505333364178595e-06,0.7577719768489782
7.047999999999446,0.0039999999999995595,0.0,0.0012258081264799792,0.00033390743684850007,3.3990340844726744e-06,3.1485313910593915e-06,0.757772227977076
7.051999999999445,0.0039999999999995595,0.0,0.0012257996207725782,0.0003339200690261738,3.399225495715697e-06,3.146528736013658e-06,0.7577724779680548
7.055999999999445,0.0039999999999995595,0.0,0.0012257911209839075,0.00033393269316057993,3.399416797527082e-06,3.144525393782087e-06,0.757772726827056
7.0599999999994445,0.0039999999999995595,0.0,0.0012257826269329447,0.0003339453092490636,3.39960798987509e-06,3.1425213884021234e-06,0.7577729745591975
7.063999999999444,0.0039999999999995595,0.0,0.0012257741388009555,0.0003339579172890705,3.399799072746627e-06,3.1405167460549985e-06,0.7577732211695732
7.067999999999444,0.0039999999999995595,0.0,0.0012257656564069156,0.0003339705172781563,3.3999900461490127e-06,3.1385114937142798e-06,0.7577734666632575
7.071999999999443,0.0039999999999995595,0.0,0.0012257571797509436,0.00033398310921398615,3.4001809099966153e-06,3.136505659578878e-06,0.7577737110452958
7.075999999999443,0.0039999999999995595,0.0,0.0012257487088331586,0.00033399569309434766,3.4003716642870686e-06,3.134499274852933e-06,0.757773954320717
7.079999999999442,0.0039999999999995595,0.0,0.0012257402437442558,0.00033400826891715304,3.400562309040632e-06,3.132492370855964e-06,0.7577741964945244
7.083999999999442,0.0039999999999995595,0.0,0.0012257317842126263,0.00033402083668044533,3.4007528442104853e-06,3.1304849806105296e-06,0.7577744375716982
7.087999999999441,0.0039999999999995595,0.0,0.0012257233304195396,0.00033403339638240495,3.400943269824881e-06,3.1284771392729686e-06,0.7577746775571964
7.091999999999441,0.0039999999999995595,0.0,0.0012257148821839586,0.00033404594802135054,3.4011335858883242e-06,3.1264688813131533e-06,0.7577749164559547
7.0959999999994405,0.0039999999999995595,0.0,0.0012257064395965773,0.0003340584915957476,3.4013237924076154e-06,3.1244602436769727e-06,0.7577751542728864
7.09999999999944,0.0039999999999995595,0.0,0.0012256980026575117,0.0003340710271042105,3.4015138893777786e-06,3.12245126412173e-06,0.7577753910128824
7.10399999999944,0.0039999999999995595,0.0,0.0012256895712762991,0.00033408355454550765,3.4017038768109803e-06,3.120441981505865e-06,0.7577756266808113
7.107999999999439,0.0039999999999995595,0.0,0.0012256811453624744,0.0003340960739185667,3.4018937547693647e-06,3.118432435607397e-06,0.7577758612815217
7.111999999999439,0.0039999999999995595,0.0,0.0012256727250973113,0.0003341085852224733,3.4020835231900836e-06,3.1164226662230007e-06,0.7577760948198343
7.115999999999438,0.0039999999999995595,0.0,0.0012256643102997642,0.0003341210884564804,3.402273182089981e-06,3.114412715499786e-06,0.757776327300556
7.119999999999438,0.0039999999999995595,0.0,0.001225655900969945,0.0003341335836200094,3.4024627315182805e-06,3.1124026261793106e-06,0.757776558728467
7.1239999999994374,0.0039999999999995595,0.0,0.0012256474971079668,0.0003341460707126542,3.4026521715167374e-06,3.11039244099075e-06,0.7577767891083276
7.127999999999437,0.0039999999999995595,0.0,0.001225639098804525,0.000334158549734181,3.4028415021361722e-06,3.1083822037575067e-06,0.7577770184448746
7.131999999999437,0.0039999999999995595,0.0,0.0012256307058785664,0.00033417102068453364,3.403030723408177e-06,3.106371958628361e-06,0.7577772467428247
7.135999999999436,0.0039999999999995595,0.0,0.0012256223183302012,0.0003341834835638337,3.403219835359876e-06,3.1043617501715257e-06,0.7577774740068735
7.139999999999436,0.0039999999999995595,0.0,0.0012256139362501251,0.0003341959383723849,3.4034088379794387e-06,3.102351624304814e-06,0.7577777002416953
7.143999999999435,0.0039999999999995595,0.0,0.0012256055595478645,0.00033420838511067285,3.4035977313753316e-06,3.1003416265546484e-06,0.7577779254519417
7.147999999999435,0.0039999999999995595,0.0,0.001225597188314116,0.0003342208237793685,3.4037865156065296e-06,3.098331803640981e-06,0.7577781496422454
7.151999999999434,0.0039999999999995595,0.0,0.0012255888223678176,0.0003342332543793284,3.403975190718607e-06,3.0963222016238197e-06,0.757778372817217
7.155999999999434,0.0039999999999995595,0.0,0.0012255804617996656,0.0003342456769115947,3.404163756799654e-06,3.094312867354606e-06,0.7577785949814457
7.1599999999994335,0.0039999999999995595,0.0,0.0012255721066097695,0.0003342580913773988,3.4043522138985983e-06,3.092303847949435e-06,0.7577788161395015
7.163999999999433,0.0039999999999995595,0.0,0.001225563756707651,0.00033427049777816126,3.4045405620415903e-06,3.090295190717369e-06,0.7577790362959322
7.167999999999433,0.0039999999999995595,0.0,0.001225555412093418,0.0003342828961154911,3.4047288012857757e-06,3.0882869426973063e-06,0.757779255455268
7.171999999999432,0.0039999999999995595,0.0,0.0012255470728577684,0.00033429528639117984,3.4049169317164564e-06,3.0862791501611827e-06,0.7577794736220106
7.175999999999432,0.0039999999999995595,0.0,0.0012255387390008121,0.00033430766860721234,3.4051049534114804e-06,3.084271860799704e-06,0.7577796908006516
7.179999999999431,0.0039999999999995595,0.0,0.0012255304103414766,0.00033432004276576113,3.405292866462631e-06,3.0822651219195764e-06,0.7577799069956567
7.183999999999431,0.0039999999999995595,0.0,0.001225522087061051,0.00033433240886918835,3.405480670933562e-06,3.0802589807459623e-06,0.7577801222114721
7.18799999999943,0.0039999999999995595,0.0,0.0012255137689784605,0.0003343447669200409,3.405668366886111e-06,3.0782534831430784e-06,0.7577803364525244
7.19199999999943,0.0039999999999995595,0.0,0.0012255054562749967,0.00033435711692105327,3.4058559543937606e-06,3.076248676441567e-06,0.7577805497232195
7.1959999999994295,0.0039999999999995595,0.0,0.001225497148769582,0.0003343694588751462,3.4060434334887007e-06,3.074244606497682e-06,0.7577807620279455
7.199999999999429,0.0039999999999995595,0.0,0.0012254888465529164,0.00033438179278542056,3.4062308043209014e-06,3.0722413192416903e-06,0.7577809733710662
7.203999999999429,0.0039999999999995595,0.0,0.001225480549625107,0.0003343941186551625,3.4064180669387105e-06,3.0702388600368656e-06,0.7577811837569298
7.207999999999428,0.0039999999999995595,0.0,0.0012254722579862617,0.00033440643648783853,3.4066052214396337e-06,3.0682372743671515e-06,0.7577813931898643
7.211999999999428,0.0039999999999995595,0.0,0.0012254639716364874,0.00033441874628709235,3.406792267899329e-06,3.0662366059949716e-06,0.7577816016741764
7.215999999999427,0.0039999999999995595,0.0,0.001225455690485295,0.000334431048056746,3.4069792064120404e-06,3.064236899705559e-06,0.7577818092141547
7.219999999999427,0.0039999999999995595,0.0,0.0012254474146233872,0.0003344433418007951,3.407166037049614e-06,3.0622381985622346e-06,0.7577820158140679
7.223999999999426,0.0039999999999995595,0.0,0.001225439144050871,0.00033445562752340704,3.4073527598771946e-06,3.0602405452449953e-06,0.7577822214781654
7.227999999999426,0.0039999999999995595,0.0,0.001225430878677255,0.0003344679052289195,3.407539374951408e-06,3.0582439823886457e-06,0.757782426210679
7.2319999999994256,0.0039999999999995595,0.0,0.0012254226185932438,0.0003344801749218331,3.4077258823686826e-06,3.056248550253313e-06,0.7577826300158179
7.235999999999425,0.0039999999999995595,0.0,0.001225414363798944,0.00033449243660681584,3.4079122822253513e-06,3.054254290905941e-06,0.757782832897776
7.239999999999425,0.0039999999999995595,0.0,0.0012254061142038624,0.0003345046902886946,3.408098574595833e-06,3.0522612437424423e-06,0.7577830348607256
7.243999999999424,0.0039999999999995595,0.0,0.0012253978698987048,0.0003345169359724558,3.4082847595431153e-06,3.0502694481373527e-06,0.7577832359088225
7.247999999999424,0.0039999999999995595,0.0,0.001225389630883578,0.0003345291736632377,3.4084708371511162e-06,3.0482789421216976e-06,0.7577834360462012
7.251999999999423,0.0039999999999995595,0.0,0.0012253813971585888,0.0003345414033663288,3.4086568075052007e-06,3.046289762898089e-06,0.7577836352769799
7.255999999999423,0.0039999999999995595,0.0,0.001225373168633241,0.00033455362508716646,3.4088426706676605e-06,3.0443019476641274e-06,0.7577838336052563
7.2599999999994225,0.0039999999999995595,0.0,0.0012253649454888461,0.00033456583883132915,3.4090284267070238e-06,3.042315531103117e-06,0.7577840310351105
7.263999999999422,0.0039999999999995595,0.0,0.0012253567275443045,0.0003345780446045368,3.4092140756848463e-06,3.0403305483838e-06,0.7577842275706053
7.267999999999422,0.0039999999999995595,0.0,0.0012253485148903253,0.00033459024241264465,3.4093996176869493e-06,3.0383470333433618e-06,0.7577844232157835
7.271999999999421,0.0039999999999995595,0.0,0.001225340307527015,0.00033460243226163846,3.409585052761508e-06,3.0363650181489527e-06,0.7577846179746697
7.275999999999421,0.0039999999999995595,0.0,0.001225332105545086,0.0003346146141576334,3.4097703809870327e-06,3.0343845348974184e-06,0.7577848118512718
7.27999999999942,0.0039999999999995595,0.0,0.001225323908763433,0.0003346267881068695,3.4099556024052435e-06,3.032405614967529e-06,0.7577850048495782
7.28399999999942,0.0039999999999995595,0.0,0.001225315717363375,0.0003346389541157017,3.4101407170937415e-06,3.030428285471011e-06,0.7577851969735612
7.287999999999419,0.0039999999999995595,0.0,0.0012253075312544115,0.0003346511121905997,3.4103257250893093e-06,3.0284525760806835e-06,0.7577853882271699
7.291999999999419,0.0039999999999995595,0.0,0.0012252993504366493,0.0003346632623381463,3.4105106264430037e-06,3.0264785144836397e-06,0.757785578614343
7.2959999999994185,0.0039999999999995595,0.0,0.001225291175000803,0.0003346754045650304,3.410695421233413e-06,3.0245061268869947e-06,0.7577857681389978
7.299999999999418,0.0039999999999995595,0.0,0.0012252830048563707,0.00033468753887804057,3.410880109501383e-06,3.022535437629944e-06,0.7577859568050331
7.303999999999418,0.0039999999999995595,0.0,0.0012252748400940687,0.0003346996652840644,3.4110646912801407e-06,3.020566471842611e-06,0.757786144616332
7.307999999999417,0.0039999999999995595,0.0,0.0012252666807140043,0.00033471178379007864,3.411249166673456e-06,3.0185992504088685e-06,0.7577863315767586
7.311999999999417,0.0039999999999995595,0.0,0.0012252585174739271,0.00033472388962244,3.41143350090154e-06,3.014230819553782e-06,0.7577863315767586
7.315999999999416,0.0039999999999995595,0.0,0.0012252503271770996,0.00033473597087270966,3.411617634979504e-06,3.008372923251719e-06,0.7577865176901587
7.319999999999416,0.0039999999999995595,0.0,0.001225242117706272,0.00033474803234146024,3.411801645128852e-06,3.003775469307538e-06,0.757786701705499
7.323999999999415,0.0039999999999995595,0.0,0.0012252338971256312,0.000334760078975117,3.4119855865501917e-06,3.0003224697289138e-06,0.7577868869517312
7.327999999999415,0.0039999999999995595,0.0,0.001225225671506077,0.00033477211432032935,3.4121694974860647e-06,2.9976825137180477e-06,0.7577870724557921
7.3319999999994145,0.0039999999999995595,0.0,0.0012252174449251555,0.00033478414084664953,3.4123534028681625e-06,2.995609518260414e-06,0.7577872575051076
7.335999999999414,0.0039999999999995595,0.0,0.001225209220101297,0.00033479616027836875,3.4125373174852505e-06,2.99393208185644e-06,0.7577874417265881
7.339999999999414,0.0039999999999995595,0.0,0.0012252009990280806,0.00033480817380762674,3.4127212487704505e-06,2.99252612772817e-06,0.7577876249532599
7.343999999999413,0.0039999999999995595,0.0,0.0012251927828835923,0.0003348201822257206,3.4129051989419633e-06,2.9912970153493824e-06,0.7577878071288309
7.347999999999413,0.0039999999999995595,0.0,0.001225184572302249,0.0003348321860075914,3.413089166699694e-06,2.990169410792084e-06,0.757787988252166
7.351999999999412,0.0039999999999995595,0.0,0.0012251763676466325,0.00033484418537071676,3.413273148546277e-06,2.9890817569293664e-06,0.7577881683471673
7.355999999999412,0.0039999999999995595,0.0,0.0012251681687356253,0.00033485618032012913,3.4134571398289997e-06,2.987983256984523e-06,0.7577883474470556
7.3599999999994115,0.0039999999999995595,0.0,0.0012251599750256314,0.0003348681706857228,3.4136411353994748e-06,2.9868321690952154e-06,0.7577885255864768
7.363999999999411,0.0039999999999995595,0.0,0.0012251517860636587,0.0003348801561549632,3.4138251300608785e-06,2.985594755955798e-06,0.7577887027977839
7.367999999999411,0.0039999999999995595,0.0,0.0012251436009436038,0.0003348921363024289,3.4140091188775567e-06,2.984244530781667e-06,0.7577888791095508
7.37199999999941,0.0039999999999995595,0.0,0.0012251354187593393,0.0003349041106167902,3.414193097430802e-06,2.9827616255444593e-06,0.7577890545462034
7.37599999999941,0.0039999999999995595,0.0,0.0012251272386047134,0.00033491607852544417,3.4143770617984094e-06,2.981132200018103e-06,0.7577892291282167
7.379999999999409,0.0039999999999995595,0.0,0.0012251190594829283,0.0003349280394168299,3.4145610086026376e-06,2.9793478576366167e-06,0.75778940287257
7.383999999999409,0.0039999999999995595,0.0,0.0012251108802159153,0.00033493999266041467,3.4147449349111926e-06,2.977405055749354e-06,0.7577895757932739
7.387999999999408,0.0039999999999995595,0.0,0.0012251026999880656,0.0003349519376243433,3.4149288382392334e-06,2.975304521081131e-06,0.7577897479018961
7.391999999999408,0.0039999999999995595,0.0,0.001225094517893125,0.0003349638736907651,3.415112716374603e-06,2.973050667289472e-06,0.7577899192080386
7.3959999999994075,0.0039999999999995595,0.0,0.0012250863329341913,0.0003349758002688888,3.4152965672910834e-06,2.97065103151828e-06,0.7577900897197543
7.399999999999407,0.0039999999999995595,0.0,0.0012250781444768342,0.0003349877168058545,3.415480389068323e-06,2.9681157330064444e-06,0.7577902594438919
7.403999999999407,0.0039999999999995595,0.0,0.0012250699518866065,0.0003349996227955193,3.4156641797513487e-06,2.96545695946709e-06,0.7577904283863868
7.407999999999406,0.0039999999999995595,0.0,0.001225061763772886,0.00033501152257336156,3.415847971414837e-06,2.965095074949606e-06,0.7577907639469311
7.411999999999406,0.0039999999999995595,0.0,0.0012250536023392575,0.0003350234272807174,3.4160318194902143e-06,2.965932470182221e-06,0.7577909320515837
7.415999999999405,0.0039999999999995595,0.0,0.0012250454579797805,0.0003350353309427379,3.416215646828776e-06,2.9653799040807857e-06,0.7577910971762778
7.419999999999405,0.0039999999999995595,0.0,0.001225037323535206,0.0003350472291497772,3.416399396534244e-06,2.963797832093567e-06,0.7577912605308926
7.423999999999404,0.0039999999999995595,0.0,0.001225029193930546,0.0003350591186105533,3.416583028011089e-06,2.961447178221628e-06,0.7577914227756093
7.427999999999404,0.0039999999999995595,0.0,0.0012250210655407406,0.0003350709968747691,3.416766513362994e-06,2.958526530457208e-06,0.757791584254225
7.4319999999994035,0.0039999999999995595,0.0,0.0012250129357375575,0.0003350828621545259,3.416949834351957e-06,2.955193807535682e-06,0.7577917451315301
7.435999999999403,0.0039999999999995595,0.0,0.001225004802980257,0.00033509471320286843,3.4171329797122325e-06,2.951578789855083e-06,0.7577919054736768
7.439999999999403,0.0039999999999995595,0.0,0.0012249966664531035,0.0003351065492252513,3.4173159432533647e-06,2.9477903643207923e-06,0.7577920652947358
7.443999999999402,0.0039999999999995595,0.0,0.0012249885260653907,0.000335118369810109,3.41749872206415e-06,2.943920753483558e-06,0.7577922245832858
7.447999999999402,0.0039999999999995595,0.0,0.0012249803821795693,0.00033513017487078517,3.4176813152847263e-06,2.9400480711280686e-06,0.7577923833172391
7.451999999999401,0.0039999999999995595,0.0,0.0012249722356112622,0.0003351419645946408,3.4178637231470662e-06,2.9362379738838466e-06,0.7577925414718256
7.455999999999401,0.0039999999999995595,0.0,0.0012249640874480135,0.00033515373939717774,3.418045946304074e-06,2.932544853523195e-06,0.7577926990236327
7.4599999999994,0.0039999999999995595,0.0,0.0012249559393211987,0.00033516549988009446,3.418227985411469e-06,2.9290127953707304e-06,0.7577928559524109
7.4639999999994,0.0039999999999995595,0.0,0.0012249477928622365,0.00033517724679279646,3.4184098408703017e-06,2.925676440306278e-06,0.7577930122416564
7.4679999999994,0.0039999999999995595,0.0,0.001224939649793224,0.000335188980997185,3.418591512653184e-06,2.922561807268513e-06,0.7577931678785557
7.471999999999399,0.0039999999999995595,0.0,0.001224931512017575,0.0003352007034356498,3.4187730001601325e-06,2.9196871000033754e-06,0.7577933228536269
7.475999999999399,0.0039999999999995595,0.0,0.0012249233816200268,0.00033521241510223664,3.4189543023996664e-06,2.9170635047963136e-06,0.7577934771602394
7.479999999999398,0.0039999999999995595,0.0,0.0012249152604134606,0.00033522411701697,3.4191354179458606e-06,2.9146959801141233e-06,0.7577936307941163
7.483999999999398,0.0039999999999995595,0.0,0.0012249071502108062,0.0003352358102032703,3.4193163450916065e-06,2.912584028962012e-06,0.7577937837528749
7.487999999999397,0.0039999999999995595,0.0,0.0012248990529156792,0.00033524749566838004,3.41949708192701e-06,2.910722445775986e-06,0.7577939360356182
7.491999999999397,0.0039999999999995595,0.0,0.0012248909701598292,0.0003352591743866868,3.419677626454737e-06,2.9091020340952063e-06,0.7577940876425922
7.4959999999993965,0.0039999999999995595,0.0,0.0012248829034844093,0.0003352708472857912,3.419857976736661e-06,2.907710283703804e-06,0.7577942385748991
7.499999999999396,0.0039999999999995595,0.0,0.0012248748543399733,0.00033528251523516823,3.420038130939558e-06,2.906532008670564e-06,0.7577943888342682
7.503999999999396,0.0039999999999995595,0.0,0.0012248668239958308,0.0003352941790372368,3.4202180874683736e-06,2.9055499381030556e-06,0.7577945384228747
7.507999999999395,0.0039999999999995595,0.0,0.001224858813540043,0.00033530583942064296,3.4203978449932623e-06,2.9047452570108107e-06,0.7577946873431952
7.511999999999395,0.0039999999999995595,0.0,0.0012248508237887737,0.0003353174970355668,3.420577402514602e-06,2.9040980994910418e-06,0.7577948355979007
7.515999999999394,0.0039999999999995595,0.0,0.001224842855648849,0.0003353291524508424,3.4207567594420655e-06,2.903587989858143e-06,0.7577949831897717
7.519999999999394,0.0039999999999995595,0.0,0.0012248349096645468,0.0003353408061527013,3.420935915588563e-06,2.9031942359721282e-06,0.757795130121637
7.523999999999393,0.0039999999999995595,0.0,0.0012248269861988715,0.00033535245854493897,3.4211148712101895e-06,2.902896271878745e-06,0.7577952763963335
7.527999999999393,0.0039999999999995595,0.0,0.0012248190855241915,0.00033536410995030596,3.4212936269701557e-06,2.902673952409598e-06,0.7577954220166702
7.5319999999993925,0.0039999999999995595,0.0,0.001224811207822237,0.0003353757606129522,3.4214721839319063e-06,2.9025078053940956e-06,0.7577955669854134
7.535999999999392,0.0039999999999995595,0.0,0.0012248033442102387,0.00033538740602517245,3.421650509749204e-06,2.9000288694495943e-06,0.7577955669854134
7.539999999999392,0.0039999999999995595,0.0,0.0012247954716644838,0.000335399034629727,3.4218285482764883e-06,2.8961104141107144e-06,0.757795711305271
7.543999999999391,0.0039999999999995595,0.0,0.00122478759779908,0.00033541065112859767,3.4220063747447707e-06,2.8934225361799938e-06,0.7577958533362882
7.547999999999391,0.0039999999999995595,0.0,0.0012247797300470372,0.00033542226031089414,3.4221840447390326e-06,2.8918385862768294e-06,0.7577959967984779
7.55199999999939,0.0039999999999995595,0.0,0.0012247718738473145,0.00033543386554880694,3.422361597853811e-06,2.8910225326570434e-06,0.7577961407361861
7.55599999999939,0.0039999999999995595,0.0,0.001224764032554108,0.0003354454691147301,3.4225390611615753e-06,2.8907223243397998e-06,0.7577962844442612
7.559999999999389,0.0039999999999995595,0.0,0.0012247562083432682,0.00033545707250936006,3.422716452199007e-06,2.8907599343246678e-06,0.7577964275492864
7.563999999999389,0.0039999999999995595,0.0,0.0012247484023935609,0.0003354686766749533,3.4228937816179754e-06,2.891004865241452e-06,0.7577965698798446
7.5679999999993885,0.0039999999999995595,0.0,0.0012247406150679336,0.0003354802821290175,3.4230710551614534e-06,2.891356727643238e-06,0.7577967113737365
7.571999999999388,0.0039999999999995595,0.0,0.0012247328463667417,0.0003354918890521876,3.423248275326077e-06,2.891735310379408e-06,0.7577968520238293
7.575999999999388,0.0039999999999995595,0.0,0.0012247250955651331,0.0003355034973508275,3.423425442549227e-06,2.892075104894988e-06,0.757796991848512
7.579999999999387,0.0039999999999995595,0.0,0.0012247173617569338,0.00033551510670572427,3.423602556115676e-06,2.8923222680869866e-06,0.7577971308761493
7.583999999999387,0.0039999999999995595,0.0,0.0012247096436733382,0.00033552671661287467,3.423779614865353e-06,2.8924328620738096e-06,0.7577972691371839
7.587999999999386,0.0039999999999995595,0.0,0.0012247019399548556,0.0003355383264193792,3.42395661758635e-06,2.8923717298798947e-06,0.7577974066603539
7.591999999999386,0.0039999999999995595,0.0,0.001224694248698042,0.00033554993535588057,3.4241335633007342e-06,2.892111669269567e-06,0.7577975434710988
7.5959999999993855,0.0039999999999995595,0.0,0.0012246865684526736,0.000335561542566149,3.424310451427022e-06,2.891632728575149e-06,0.7577976795911112
7.599999999999385,0.0039999999999995595,0.0,0.00122467889713391,0.00033557314713402944,3.4244872818149087e-06,2.8909215440497026e-06,0.7577978150384629
7.603999999999385,0.0039999999999995595,0.0,0.0012246712331101326,0.0003355847481078101,3.42466405474313e-06,2.8899706930763394e-06,0.7577979498279896
7.607999999999384,0.0039999999999995595,0.0,0.0012246635835432525,0.00033559634933246174,3.4248408062564937e-06,2.891195498726388e-06,0.7577982174796151
7.611999999999384,0.0039999999999995595,0.0,0.001224655968831126,0.00033560796139784846,3.425017598790743e-06,2.8934663874787753e-06,0.7577983521781577
7.615999999999383,0.0039999999999995595,0.0,0.0012246483778236541,0.0003356195776393026,3.425194358748604e-06,2.8941752524334994e-06,0.7577984840150672
7.619999999999383,0.0039999999999995595,0.0,0.0012246408019995147,0.0003356311929612066,3.4253710329685214e-06,2.89368345693656e-06,0.7577986141941473
7.623999999999382,0.0039999999999995595,0.0,0.001224633234740983,0.0003356428033913242,3.4255475846948206e-06,2.8922532654161617e-06,0.7577987433763163
7.627999999999382,0.0039999999999995595,0.0,0.001224625671062019,0.000335654405806135,3.425723989957185e-06,2.8900853838227105e-06,0.7577988719088073
7.6319999999993815,0.0039999999999995595,0.0,0.001224618106883045,0.00033566599775598793,3.4259002344488714e-06,2.8873408448922e-06,0.7577989999604902
7.635999999999381,0.0039999999999995595,0.0,0.0012246105394842731,0.00033567757734796104,3.4260763109414305e-06,2.8841536523594103e-06,0.7577991276012999
7.639999999999381,0.0039999999999995595,0.0,0.0012246029666898074,0.00033568914316182253,3.4262522171050167e-06,2.8806380431350264e-06,0.7577992548484348
7.64399999999938,0.0039999999999995595,0.0,0.0012245953872303014,0.00033570069418494756,3.426427953902939e-06,2.8768926646915986e-06,0.757799381692862
7.64799999999938,0.0039999999999995595,0.0,0.0012245878004710049,0.0003357122297582621,3.4266035242199546e-06,2.873003032841176e-06,0.7577995081142057
7.651999999999379,0.0039999999999995595,0.0,0.001224580206049136,0.0003357237495288749,3.4267789319410725e-06,2.8690430551949328e-06,0.7577996340888391
7.655999999999379,0.0039999999999995595,0.0,0.0012245726042365381,0.00033573525340713955,3.4269541811868695e-06,2.8650760688538625e-06,0.7577997595940371
7.659999999999378,0.0039999999999995595,0.0,0.0012245649957583755,0.00033574674152703367,3.427129275913879e-06,2.8611556482639057e-06,0.75779988460989
7.663999999999378,0.0039999999999995595,0.0,0.0012245573814304925,0.0003357582142093808,3.427304219586291e-06,2.8573263108452805e-06,0.757800009119979
7.6679999999993775,0.0039999999999995595,0.0,0.0012245497624314096,0.00033576967192773034,3.4274790150084686e-06,2.8536241869099602e-06,0.7578001331113946
7.671999999999377,0.0039999999999995595,0.0,0.0012245421399396763,0.0003357811152768781,3.4276536643125012e-06,2.8500776903340946e-06,0.7578002565744326
7.675999999999377,0.0039999999999995595,0.0,0.001224534515496531,0.00033579254494404753,3.427828168935067e-06,2.846708187451859e-06,0.757800379502163
7.679999999999376,0.0039999999999995595,0.0,0.0012245268905525853,0.0003358039616827448,3.428002529708823e-06,2.843530672463333e-06,0.7578005018899634
7.683999999999376,0.0039999999999995595,0.0,0.0012245192666491523,0.00033581536628930466,3.4281767469879324e-06,2.840554440990285e-06,0.7578006237350846
7.687999999999375,0.0039999999999995595,0.0,0.0012245116453275845,0.0003358267595820896,3.428350820729091e-06,2.8377837537881095e-06,0.7578007450362593
7.691999999999375,0.0039999999999995595,0.0,0.0012245040279479375,0.0003358381423832891,3.428524750628068e-06,2.8352184805725355e-06,0.7578008657933715
7.6959999999993745,0.0039999999999995595,0.0,0.0012244964161423045,0.00033584951550321953,3.4286985362029115e-06,2.832854722169854e-06,0.7578009860071762
7.699999999999374,0.0039999999999995595,0.0,0.0012244888110894772,0.0003358608797270302,3.4288721769587013e-06,2.8306854042908485e-06,0.7578011056790769
7.703999999999374,0.0039999999999995595,0.0,0.0012244812141496148,0.000335872235803673,3.42904567245963e-06,2.828700834156e-06,0.757801224810945
7.707999999999373,0.0039999999999995595,0.0,0.0012244736264109012,0.00033588358443698956,3.4292190224201003e-06,2.8268892210568645e-06,0.7578013434049774
7.711999999999373,0.0039999999999995595,0.0,0.001224466048961548,0.00033589492627876267,3.429392226749937e-06,2.8252371569850885e-06,0.7578014614635881
7.715999999999372,0.0039999999999995595,0.0,0.0012244584826177803,0.0003359062619235587,3.4295652856486006e-06,2.8237300539548986e-06,0.7578015789893195
7.719999999999372,0.0039999999999995595,0.0,0.0012244509281051736,0.0003359175919051978,3.429738199619791e-06,2.8223525395604603e-06,0.7578016959847859
7.723999999999371,0.0039999999999995595,0.0,0.00122444338614932,0.00033592891669467957,3.429910969493783e-06,2.8210888108421933e-06,0.757801812452621
7.727999999999371,0.0039999999999995595,0.0,0.001224435857294485,0.00033594023669939984,3.4300835964403574e-06,2.8199229464437545e-06,0.7578019283954497
7.7319999999993705,0.0039999999999995595,0.0,0.0012244283418129287,0.000335951552263481,3.4302560819683715e-06,2.818839173560801e-06,0.7578020438158615
7.73599999999937,0.0039999999999995595,0.0,0.0012244208400675905,0.0003359628636690698,3.4304284279158752e-06,2.8178221010289274e-06,0.7578021587163954
7.73999999999937,0.0039999999999995595,0.0,0.0012244133521493968,0.00033597417113844815,3.4306006364174543e-06,2.8168569130984883e-06,0.7578022730995343
7.743999999999369,0.0039999999999995595,0.0,0.001224405878149276,0.0003359854748368063,3.4307727098882443e-06,2.8159295252536985e-06,0.7578023869676976
7.747999999999369,0.0039999999999995595,0.0,0.0012243984180674826,0.0003359967748755536,3.4309446509975067e-06,2.815026711444692e-06,0.7578025003232403
7.751999999999368,0.0039999999999995595,0.0,0.0012243909716322446,0.00033600807131603744,3.4311164626484675e-06,2.8141361983410685e-06,0.7578026131684541
7.755999999999368,0.0039999999999995595,0.0,0.001224383538753135,0.0003360193641735585,3.4312881479225383e-06,2.813246731863882e-06,0.7578027255055735
7.759999999999367,0.0039999999999995595,0.0,0.0012243761190676937,0.00033603065342158,3.4314597100055665e-06,2.8123481202365892e-06,0.7578028373367744
7.763999999999367,0.0039999999999995595,0.0,0.001224368712213452,0.0003360419389960404,3.431631152197976e-06,2.8114312545186785e-06,0.757802948664184
7.7679999999993665,0.0039999999999995595,0.0,0.0012243613179186096,0.0003360532207996899,3.431802477869076e-06,2.8104881087646112e-06,0.7578030594898827
7.771999999999366,0.0039999999999995595,0.0,0.0012243539355486458,0.0003360644987063758,3.4319736904096298e-06,2.8095117245399383e-06,0.7578031698159107
7.775999999999366,0.0039999999999995595,0.0,0.0012243465647410608,0.0003360757725652276,3.432144793213334e-06,2.808496181026884e-06,0.7578032796442733
7.779999999999365,0.0039999999999995595,0.0,0.0012243392048613081,0.0003360870422046834,3.4323157896115075e-06,2.8074365536450617e-06,0.757803388976947
7.783999999999365,0.0039999999999995595,0.0,0.0012243318555468646,0.0003360983074363195,3.4324866828631693e-06,2.806328861618077e-06,0.757803497815882
7.787999999999364,0.0039999999999995595,0.0,0.0012243245161631577,0.0003361095680584544,3.432657476105718e-06,2.8051700102127977e-06,0.7578036061630096
7.791999999999364,0.0039999999999995595,0.0,0.0012243171861662794,0.00033612082385950213,3.43282817235656e-06,2.8039577271588456e-06,0.7578037140202453
7.795999999999363,0.0039999999999995595,0.0,0.001224309856397561,0.00033613207007098504,3.4329987395799878e-06,2.800403731519664e-06,0.7578037140202453
7.799999999999363,0.0039999999999995595,0.0,0.0012243025044585262,0.0003361432951528281,3.4331691191505507e-06,2.795383212185937e-06,0.7578038213894931
7.803999999999363,0.0039999999999995595,0.0,0.0012242951373313397,0.00033615450347623045,3.4333393868254283e-06,2.7915116045827913e-06,0.7578039262623396
7.807999999999362,0.0039999999999995595,0.0,0.001224287771157337,0.00033616570425043236,3.433509632814513e-06,2.7910440406621957e-06,0.7578041399068177
7.811999999999362,0.0039999999999995595,0.0,0.0012242804329602906,0.00033617691192520504,3.4336799563397203e-06,2.792539687032397e-06,0.7578042490745658
7.815999999999361,0.0039999999999995595,0.0,0.0012242731165741719,0.0003361881229287011,3.4338503109375e-06,2.793205373772216e-06,0.7578043555773499
7.819999999999361,0.0039999999999995595,0.0,0.0012242658172837613,0.0003361993346121804,3.4340206602469428e-06,2.7932483844190848e-06,0.7578044604373391
7.82399999999936,0.0039999999999995595,0.0,0.0012242585314619502,0.0003362105449206381,3.434190976567398e-06,2.7928035195575903e-06,0.7578045642404061
7.82799999999936,0.0039999999999995595,0.0,0.001224251256116344,0.0003362217521986926,3.4343612394740714e-06,2.7919628345605768e-06,0.757804667315655
7.8319999999993595,0.0039999999999995595,0.0,0.0012242439887985958,0.0003362329550762755,3.4345314344755347e-06,2.7907931444161436e-06,0.7578047698422689
7.835999999999359,0.0039999999999995595,0.0,0.001224236727513735,0.00033624415240079996,3.4347015517544558e-06,2.7893461948046883e-06,0.7578048719129366
7.839999999999359,0.0039999999999995595,0.0,0.0012242294704481185,0.00033625534319597407,3.4348715851549334e-06,2.7876644735820457e-06,0.7578049735713548
7.843999999999358,0.0039999999999995595,0.0,0.0012242222161508126,0.0003362665266355957,3.4350415311807015e-06,2.785784470105972e-06,0.7578050748342489
7.847999999999358,0.0039999999999995595,0.0,0.0012242149635336033,0.00033627770202558426,3.435211388248623e-06,2.7837384608722346e-06,0.7578051757041837
7.851999999999357,0.0039999999999995595,0.0,0.001224207711508251,0.0003362888687904072,3.4353811560761288e-06,2.7815554597227314e-06,0.7578052761768964
7.855999999999357,0.0039999999999995595,0.0,0.001224200459349249,0.0003363000264617987,3.435550835170061e-06,2.7792617158439925e-06,0.757805376245406
7.859999999999356,0.0039999999999995595,0.0,0.0012241932065124533,0.00033631117466864603,3.435720426487553e-06,2.776880969460353e-06,0.7578054759022195
7.863999999999356,0.0039999999999995595,0.0,0.001224185952453708,0.0003363223131274966,3.4358899311107225e-06,2.774434594564385e-06,0.7578055751404474
7.8679999999993555,0.0039999999999995595,0.0,0.0012241786969916081,0.0003363334416334404,3.436059350081125e-06,2.77194168954892e-06,0.7578056739542961
7.871999999999355,0.0039999999999995595,0.0,0.0012241714399447458,0.00033634456005129617,3.436228684269934e-06,2.769419157499574e-06,0.7578057723392134
7.875999999999355,0.0039999999999995595,0.0,0.0012241641811317077,0.0003363556683071124,3.4363979342816335e-06,2.7668817898706703e-06,0.7578058702918579
7.879999999999354,0.0039999999999995595,0.0,0.0012241569207338484,0.000336366766380018,3.4365671004262807e-06,2.7643423593823625e-06,0.7578059678099803
7.883999999999354,0.0039999999999995595,0.0,0.001224149658841833,0.0003363778542944765,3.4367361826680306e-06,2.7618117249857347e-06,0.7578060648922711
7.887999999999353,0.0039999999999995595,0.0,0.0012241423955463289,0.0003363889321129957,3.436905180682969e-06,2.7592989519909126e-06,0.7578061615382057
7.891999999999353,0.0039999999999995595,0.0,0.0012241351226848056,0.00033639999548851955,3.4370740592158643e-06,2.7545794450704894e-06,0.7578061615382057
7.895999999999352,0.0039999999999995595,0.0,0.0012241278191251468,0.00033641103348303693,3.437242756617572e-06,2.7485106637331077e-06,0.7578062577478984
7.899999999999352,0.0039999999999995595,0.0,0.0012241204923038416,0.0003364220507083357,3.437411344831631e-06,2.74365041152891e-06,0.7578063514101171
7.9039999999993515,0.0039999999999995595,0.0,0.0012241131503831241,0.0003364330519091914,3.4375798759409328e-06,2.7398913521090057e-06,0.7578064467404576
7.907999999999351,0.0039999999999995595,0.0,0.0012241057988952202,0.0003364440405374739,3.4377483856544966e-06,2.736927183298489e-06,0.7578065427924447
7.911999999999351,0.0039999999999995595,0.0,0.0012240984421934243,0.0003364550190474438,3.4379168967804117e-06,2.734529773243317e-06,0.7578066388622812
7.91599999999935,0.0039999999999995595,0.0,0.0012240910829985755,0.0003364659892001921,3.438085422502778e-06,2.7325395056129433e-06,0.7578067345729621
7.91999999999935,0.0039999999999995595,0.0,0.001224083723487388,0.0003364769522591208,3.438253968857356e-06,2.730840163541826e-06,0.7578068297471986
7.923999999999349,0.0039999999999995595,0.0,0.0012240763650203394,0.0003364879091102301,3.4384225369150484e-06,2.72934248438263e-06,0.7578069243166192
7.927999999999349,0.0039999999999995595,0.0,0.0012240690084137432,0.0003364988603393599,3.4385911244263303e-06,2.727974847966376e-06,0.7578070182685508
7.9319999999993485,0.0039999999999995595,0.0,0.0012240616542118323,0.0003365098062859249,3.438759727085004e-06,2.7266782017162363e-06,0.7578071116167686
7.935999999999348,0.0039999999999995595,0.0,0.0012240543025053507,0.0003365207470839505,3.4389283394771885e-06,2.7254033027670634e-06,0.757807204385944
7.939999999999348,0.0039999999999995595,0.0,0.0012240469531129413,0.0003365316826961216,3.439096955804753e-06,2.7241091777095824e-06,0.7578072966036182
7.943999999999347,0.0039999999999995595,0.0,0.0012240396056718396,0.0003365426129436962,3.4392655703465416e-06,2.722762181371907e-06,0.7578073882962726
7.947999999999347,0.0039999999999995595,0.0,0.0012240322594564634,0.0003365535375336338,3.439434177786056e-06,2.7213353343141274e-06,0.7578074794875874
7.951999999999346,0.0039999999999995595,0.0,0.001224024913922619,0.0003365644560834969,3.4396027733286063e-06,2.7198077745950023e-06,0.757807570197875
7.955999999999346,0.0039999999999995595,0.0,0.0012240175683446927,0.00033657536814430896,3.4397713528268214e-06,2.7181642425497623e-06,0.757807660444104
7.959999999999345,0.0039999999999995595,0.0,0.001224010221634239,0.0003365862732213908,3.4399399127545325e-06,2.7163945691853597e-06,0.7578077502402094
7.963999999999345,0.0039999999999995595,0.0,0.0012240028732470112,0.00033659717079315214,3.440108450120298e-06,2.714493159111289e-06,0.7578078395975093
7.9679999999993445,0.0039999999999995595,0.0,0.001223995522185226,0.0003366080603278158,3.440276962472821e-06,2.7124584703384623e-06,0.7578079285251449
7.971999999999344,0.0039999999999995595,0.0,0.0012239881676324865,0.0003366189412980688,3.4404454477457586e-06,2.7102924951061155e-06,0.7578080170304905
7.975999999999344,0.0039999999999995595,0.0,0.0012239808090444943,0.0003366298131936821,3.440613904196469e-06,2.708000254036364e-06,0.7578081051195178
7.979999999999343,0.0039999999999995595,0.0,0.0012239734455141119,0.0003366406755321502,3.4407823302638086e-06,2.705589304479381e-06,0.7578081927971062
7.983999999999343,0.0039999999999995595,0.0,0.0012239660767691285,0.0003366515278674441,3.440950724474203e-06,2.7030692759714926e-06,0.7578082800672963
7.987999999999342,0.0039999999999995595,0.0,0.0012239587020837898,0.0003366623697969808,3.4411190853957673e-06,2.700451429771893e-06,0.7578083669335007
7.991999999999342,0.0039999999999995595,0.0,0.0012239513211858637,0.00033667320096693304,3.4412874115537153e-06,2.6977482525987372e-06,0.7578084533986686
7.995999999999341,0.0039999999999995595,0.0,0.0012239439338938207,0.0003366840210760116,3.4414557013404883e-06,2.694973083764485e-06,0.757808539465416
7.999999999999341,0.0039999999999995595,0.0,0.0012239365400261264,0.00033669482987785677,3.4416239530015926e-06,2.6921397753815676e-06,0.7578086251361256
8.003999999999342,0.004000000000001336,0.0,0.0012239291395826617,0.00033670562718218235,3.4417921646180217e-06,2.6892623904444267e-06,0.7578087104130222
