t,tilt,effort_max,joint_speed_max
0.004,0.0,0.0,2.2026824808563106e-16
0.008,0.0,0.0,2.922107000813412e-16
0.012,0.0,0.0,5.653255641391297e-16
0.016,0.0,0.0,1.034949903555571e-15
0.02,0.0,0.0,1.841415908643285e-15
0.024,0.0,0.0,0.09374452085951335
0.028,1.2020167404189313e-06,0.0,0.15077636582211446
0.032,1.6192290433892738e-06,0.0,0.18055939770484622
0.036000000000000004,1.5558696227168841e-06,0.0,0.1929596295469325
0.04,1.9748395987787257e-06,0.0,0.19492847568219032
0.044000000000000004,2.8728341268622115e-06,0.0,0.19102957472990043
0.048,4.789373222794323e-06,0.0,0.1841912518239613
0.052000000000000005,8.513859004258852e-06,0.0,0.1762356888789495
0.056,1.4419004510259073e-05,0.0,0.16824760361055527
0.060000000000000005,2.2622593311318984e-05,0.0,0.16082870975945945
0.064,3.3140624704402355e-05,0.0,0.15426612685225516
0.068,4.593081774368791e-05,0.0,0.14863543727459047
0.07200000000000001,6.098231539078513e-05,0.0,0.1439017175669606
0.076,7.824604852880409e-05,0.0,0.13999697343635725
0.08,9.754789871489953e-05,0.0,0.13683806767765455
0.084,0.0001186323491906335,0.0,0.13433552362828194
0.08800000000000001,0.00014120583546519717,0.0,0.13239932260702986
0.09200000000000001,0.0001649707638399402,0.0,0.13094569532016767
0.096,0.0001896396813461898,0.0,0.1298943244238372
0.1,0.0002149133257624358,0.0,0.12916821817368515
0.10400000000000001,0.00024050997329306149,0.0,0.12870075509456635
0.10800000000000001,0.00026621026060952134,0.0,0.12843086487746155
0.112,0.00029189071006517804,0.0,0.12830291353368586
0.116,0.0003175077647795408,0.0,0.12826968149152093
0.12000000000000001,0.00034307250499624354,0.0,0.1282930469409187
0.12400000000000001,0.0003686330868665049,0.0,0.12834384125965304
0.128,0.00039426876217137097,0.0,0.12840037478147776
0.132,0.00042007575489790716,0.0,0.12844739576739309
0.136,0.000446148376388957,0.0,0.12847482107332386
0.14,0.0004725742699418424,0.0,0.12847657122650943
0.14400000000000002,0.0004994321729752107,0.0,0.1284495678735501
0.14800000000000002,0.0005267906152124894,0.0,0.1283929055608975
0.152,0.000554707331919707,0.0,0.128307189184648
0.156,0.0005832292128874092,0.0,0.12819401843173642
0.16,0.0006123926486253895,0.0,0.12805559688317977
0.164,0.0006422241593437309,0.0,0.12789444340806141
0.168,0.0006727412173477692,0.0,0.12771318531267678
0.17200000000000001,0.0007039531932774744,0.0,0.12751441536871624
0.17600000000000002,0.0007358623661318512,0.0,0.12730059771393976
0.18000000000000002,0.0007684649561492623,0.0,0.12707401036481944
0.18400000000000002,0.0008017521439117265,0.0,0.12683671454008508
0.188,0.0008357110508962099,0.0,0.12659054310597168
0.192,0.0008703256615593468,0.0,0.12633710221437525
0.196,0.0009055776745198429,0.0,0.12607778163994823
0.2,0.0009414472736053845,0.0,0.12581377047046732
0.20400000000000001,0.0009779138138619867,0.0,0.12554607570954301
0.20800000000000002,0.0010149564224447708,0.0,0.1252755420532818
0.21200000000000002,0.0010525545129035053,0.0,0.1250028716404473
0.21600000000000003,0.001090688218261404,0.0,0.12472864298149387
0.22,0.0011293387453759536,0.0,0.12445332857356196
0.224,0.0011684886564137249,0.0,0.12417731092786705
0.228,0.0012081220835194863,0.0,0.12390089689288233
0.232,0.0012482248833490847,0.0,0.12362433026493053
0.23600000000000002,0.0012887847373353565,0.0,0.12334780275009456
0.24000000000000002,0.0013297912051462115,0.0,0.12307146338651274
0.24400000000000002,0.001371235736497411,0.0,0.12279542656144896
0.24800000000000003,0.0014131116494619424,0.0,0.1225197787694944
0.252,0.0014554140790501717,0.0,0.1222445842593478
0.256,0.0014981399025668757,0.0,0.12196988971234676
0.26,0.00154128764708423,0.0,0.12169572808663075
0.264,0.0015848573823119467,0.0,0.12142212174970786
0.268,0.0016288506044321667,0.0,0.12114908500956705
0.272,0.0016732701129468608,0.0,0.12087662614197928
0.276,0.00171811988515425,0.0,0.1206047489991017
0.28,0.0017634049499925379,0.0,0.12033345427307873
0.28400000000000003,0.001809131263744317,0.0,0.12006274047739302
0.28800000000000003,0.0018553055896586275,0.0,0.11979260469942409
0.29200000000000004,0.001901935382844261,0.0,0.11952304316897823
0.29600000000000004,0.0019490286820807064,0.0,0.11925405167991096
0.30000000000000004,0.0019965940084698337,0.0,0.11898562589590286
0.304,0.002044640272847933,0.0,0.11871776156548082
0.308,0.0020931766912160696,0.0,0.11845045466702905
0.312,0.002142212709100759,0.0,0.11818370150025721
0.316,0.0021917579344454,0.0,0.11791749873756815
0.32,0.0022418220794081095,0.0,0.11765184344590546
0.324,0.0022924149100781903,0.0,0.11738673308721868
0.328,0.002343546204343449,0.0,0.11712216550428842
0.332,0.0023952257170895682,0.0,0.11685813889670928
0.336,0.0024474631524653476,0.0,0.11659465179090898
0.34,0.0025002681428219742,0.0,0.11633170300703566
0.34400000000000003,0.0025536502328757675,0.0,0.11606929162472704
0.34800000000000003,0.002607618869891311,0.0,0.11580741694936864
0.35200000000000004,0.002662183397895279,0.0,0.11554607847972607
0.35600000000000004,0.0027173530564669874,0.0,0.11528527587773674
0.36000000000000004,0.002773136982658902,0.0,0.1150250089408129
0.36400000000000005,0.002829544216294753,0.0,0.1147652775767776
0.36800000000000005,0.0028865837075269588,0.0,0.11450608178166195
0.372,0.0029442643264057243,0.0,0.11424742162016058
0.376,0.0030025948740511205,0.0,0.11398929720865182
0.38,0.0030615840952140615,0.0,0.11373170870064521
0.384,0.003121240691215559,0.0,0.11347465627442489
0.388,0.0031815733340021107,0.0,0.11321814012261104
0.392,0.003242590679782806,0.0,0.11296216044358118
0.396,0.003304301383084877,0.0,0.11270671743427425
0.4,0.0033667141106216774,0.0,0.11245181128442781
0.404,0.003429837554354835,0.0,0.11219744217187443
0.40800000000000003,0.003493680444588293,0.0,0.11194361025876873
0.41200000000000003,0.003558251562003373,0.0,0.11169031568856419
0.41600000000000004,0.0036235597492312753,0.0,0.11143755858359873
0.42000000000000004,0.003689613921515345,0.0,0.1111853390432074
0.42400000000000004,0.0037564230767007808,0.0,0.11093365714208576
0.42800000000000005,0.003823996304352928,0.0,0.1106825129290226
0.43200000000000005,0.003892342794006684,0.0,0.11043190642574319
0.43600000000000005,0.00396147184272081,0.0,0.1101818376258773
0.44,0.004031392861842497,0.0,0.10993230649397155
0.444,0.0041021153828491395,0.0,0.10968331296451951
0.448,0.004173649062847359,0.0,0.10943485694098776
0.452,0.004246003689109921,0.0,0.1091869382947784
0.456,0.004319189183144352,0.0,0.10893955686416594
0.46,0.004393215604295176,0.0,0.10869271245315074
0.464,0.004468093152634792,0.0,0.10844640483032923
0.468,0.004543832171665481,0.0,0.10820063372760312
0.47200000000000003,0.004620443150592098,0.0,0.10795539883898866
0.47600000000000003,0.004697936726075356,0.0,0.10771069981936456
0.48000000000000004,0.004776323684040042,0.0,0.10746653628319058
0.48400000000000004,0.004855614960987999,0.0,0.10722290780332117
0.48800000000000004,0.004935821645281234,0.0,0.10697981390985238
0.49200000000000005,0.0050169549782050574,0.0,0.10673725408893846
0.49600000000000005,0.0050990263549720175,0.0,0.10649522778188064
0.5,0.005182047325679096,0.0,0.10625373438418477
0.504,0.0052660295962079495,0.0,0.10601277324479894
0.508,0.005350985029059265,0.0,0.10577234366551912
0.512,0.005436925644256357,0.0,0.10553244490048264
0.516,0.005523863620335722,0.0,0.10529307615589185
0.52,0.005611811295241597,0.0,0.10505423659001183
0.524,0.00570078116741162,0.0,0.10481592531309979
0.528,0.005790785896883458,0.0,0.10457814138778493
0.532,0.005881838306404183,0.0,0.10434088382957842
0.536,0.005973951382823479,0.0,0.10410415160747923
0.54,0.00606713827832148,0.0,0.1038679436449303
0.544,0.00616141231197635,0.0,0.10363225882083038
0.548,0.006256786971210637,0.0,0.10339709597086925
0.552,0.006353275913425941,0.0,0.10316245388892628
0.556,0.006450892967788429,0.0,0.10292833132872455
0.56,0.006549652136978479,0.0,0.10269472700557902
0.5640000000000001,0.006649567599022897,0.0,0.1024616395983708
0.5680000000000001,0.006750653709363146,0.0,0.1022290677515471
0.5720000000000001,0.006852925002807911,0.0,0.101997010077349
0.5760000000000001,0.0069563961956810964,0.0,0.10176546515810285
0.5800000000000001,0.007061082187936478,0.0,0.10153443154860667
0.5840000000000001,0.0071669980654387195,0.0,0.10130390777857914
0.5880000000000001,0.007274159102205106,0.0,0.10107389235521139
0.5920000000000001,0.007382580762786247,0.0,0.10084438376570388
0.5960000000000001,0.007492278704631685,0.0,0.1006153804798872
0.6000000000000001,0.007603268780449299,0.0,0.10038688095283466
0.6040000000000001,0.00771556704079619,0.0,0.1001588836274789
0.608,0.007829189736486828,0.0,0.09993138693722511
0.612,0.00794415332119133,0.0,0.09970438930851315
0.616,0.008060474453961805,0.0,0.09947788916338407
0.62,0.008178170001860876,0.0,0.09925188492194402
0.624,0.008297257042605402,0.0,0.09902637500481554
0.628,0.008417752867226676,0.0,0.09880135783548809
0.632,0.00853967498272164,0.0,0.09857683184258756
0.636,0.008663041114800157,0.0,0.09835279546205804
0.64,0.0087878692106189,0.0,0.09812924713927386
0.644,0.008914177441540846,0.0,0.097906185331004
0.648,0.009041984205917765,0.0,0.09768360850730658
0.652,0.009171308131953203,0.0,0.09746151515325405
0.656,0.009302168080457791,0.0,0.09723990377061342
0.66,0.00943458314778782,0.0,0.09701877287933189
0.664,0.00956857266873815,0.0,0.09679812101893713
0.668,0.009704156219413538,0.0,0.09657794674982143
0.672,0.009841353620257443,0.0,0.09635824865368738
0.676,0.009980184938963176,0.0,0.09613902532704852
0.68,0.010120670493559044,0.0,0.09592027539076303
0.684,0.010262830855353558,0.0,0.09570199749696044
0.6880000000000001,0.010406686852110856,0.0,0.09548419033366679
0.6920000000000001,0.010552259571017764,0.0,0.09526685261738782
0.6960000000000001,0.01069957036196369,0.0,0.09504998308520915
0.7000000000000001,0.010848640840605026,0.0,0.09483358049692525
0.7040000000000001,0.010999492891650113,0.0,0.09461764363665437
0.7080000000000001,0.011152148672096433,0.0,0.09440217131377383
0.7120000000000001,0.011306630614601727,0.0,0.09418716236344324
0.7160000000000001,0.011462961430811524,0.0,0.09397261564678232
0.7200000000000001,0.011621164114789464,0.0,0.09375853005077982
0.7240000000000001,0.01178126194646373,0.0,0.09354490448800647
0.7280000000000001,0.011943278495122823,0.0,0.09333173789616549
0.7320000000000001,0.01210723762296212,0.0,0.09311902923750238
0.7360000000000001,0.012273163488672637,0.0,0.0929067774981154
0.74,0.012441080551081337,0.0,0.09269498168715518
0.744,0.01261101357281532,0.0,0.09248364083593177
0.748,0.012782987624033819,0.0,0.09227275399699263
0.752,0.012957028086232178,0.0,0.09206232024306191
0.756,0.013133160656044564,0.0,0.09185233866598792
0.76,0.013311411349145777,0.0,0.09164280837554413
0.764,0.01349180650416843,0.0,0.09143372849831831
0.768,0.013674372786713749,0.0,0.09122509817641862
0.772,0.013859137193373098,0.0,0.09101691656621042
0.776,0.014046127055843004,0.0,0.09080918283701103
0.78,0.014235370045066658,0.0,0.09060189616976388
0.784,0.014426894175471638,0.0,0.09039505575565039
0.788,0.014620727809183144,0.0,0.0901886607947015
0.792,0.014816899660425913,0.0,0.08998271049441213
0.796,0.015015438799846353,0.0,0.08977720406834064
0.8,0.015216374659002139,0.0,0.08957214073464835
0.804,0.015419737034843995,0.0,0.08936751971473066
0.808,0.015625556094280072,0.0,0.08916334023177214
0.812,0.015833862378840005,0.0,0.0889596015093443
0.8160000000000001,0.016044686809314385,0.0,0.08875630277002138
0.8200000000000001,0.01625806069055772,0.0,0.08855344323398713
0.8240000000000001,0.016474015716272074,0.0,0.08835102211768815
0.8280000000000001,0.01669258397389894,0.0,0.08814903863251354
0.8320000000000001,0.016913797949568623,0.0,0.08794749198347702
0.8360000000000001,0.01713769053311881,0.0,0.08774628315688551
0.8400000000000001,0.01736429502315977,0.0,0.08754592736736158
0.8440000000000001,0.017593685310814334,0.0,0.08734612206045475
0.8480000000000001,0.017826007617623457,0.0,0.08714676538219521
0.8520000000000001,0.018061382275482294,0.0,0.0869478037238313
0.8560000000000001,0.018299900838054987,0.0,0.08674921363238826
0.8600000000000001,0.018541635782324824,0.0,0.08655098957870308
0.8640000000000001,0.018786647227553452,0.0,0.08635313586505831
0.8680000000000001,0.019034987565925705,0.0,0.08615566142471023
0.8720000000000001,0.019286704631653415,0.0,0.08595857661286259
0.876,0.01954184384866235,0.0,0.08576189134428491
0.88,0.019800449665729383,0.0,0.08556561412047206
0.884,0.02006256649626083,0.0,0.08536975162593537
0.888,0.020328239315470495,0.0,0.08517430867259548
0.892,0.020597514022127873,0.0,0.08497928834232375
0.896,0.02087043764044287,0.0,0.08478469222876367
0.9,0.021147058414842157,0.0,0.08459052071486933
0.904,0.021427425834787243,0.0,0.08439677324770173
0.908,0.021711590615321963,0.0,0.08420344858859721
0.912,0.021999604651385975,0.0,0.08401054502815249
0.916,0.02229152095802909,0.0,0.08381806056250442
0.92,0.022587393605011587,0.0,0.08362599303185383
0.924,0.022887277651213466,0.0,0.08343434022463847
0.928,0.02319122908252443,0.0,0.08324309995189301
0.932,0.0234993047553425,0.0,0.08305227009683624
0.936,0.023811562346941845,0.0,0.08286184864455647
0.9400000000000001,0.02412806031327009,0.0,0.08267183369617323
0.9440000000000001,0.02444885785424962,0.0,0.08248222347145677
0.9480000000000001,0.024774014886439325,0.0,0.08229275623742917
0.9520000000000001,0.02510359090340939,0.0,0.08210394745752736
0.9560000000000001,0.025437634742238167,0.0,0.08191574679734744
0.9600000000000001,0.02577622959939861,0.0,0.08172799866633362
0.9640000000000001,0.026119490850712142,0.0,0.0815406228523579
0.9680000000000001,0.026467530721304453,0.0,0.08135358522637329
0.9720000000000001,0.02682044961505405,0.0,0.08116687733952309
0.9760000000000001,0.0271783365492263,0.0,0.08098050405617364
0.9800000000000001,0.027541271756752465,0.0,0.08079447636546558
0.9840000000000001,0.027909329418045865,0.0,0.08060880724879722
0.9880000000000001,0.028282579995923644,0.0,0.0804235093314782
0.9920000000000001,0.02866109209741798,0.0,0.08023832210433075
0.9960000000000001,0.0290449313388577,0.0,0.08005374601585552
1.0,0.029434124463950082,0.0,0.07986956601012095
1.004,0.029828674648698116,0.0,0.07968577778556739
1.008,0.0302286036150152,0.0,0.07950240769351025
1.012,0.030633953177074725,0.0,0.07931947141976572
1.016,0.0310447816841443,0.0,0.07913697245562412
1.02,0.031461160684386,0.0,0.07895490566257833
1.024,0.03188317220697885,0.0,0.0787732606660871
1.028,0.03231090657046573,0.0,0.07859202443495826
1.032,0.03274446060690786,0.0,0.07841118311155203
1.036,0.03318393621649719,0.0,0.07823072324414251
1.04,0.03362943918938548,0.0,0.0780506325621051
1.044,0.03408107824746824,0.0,0.07787090041039896
1.048,0.03453896427013057,0.0,0.07769151793682252
1.052,0.035003209675851576,0.0,0.07751247810556547
1.056,0.03547392793712825,0.0,0.07733377559394228
1.06,0.03595123321008653,0.0,0.07715540661560873
1.064,0.036435240062946135,0.0,0.07697736870260019
1.068,0.03692606328960931,0.0,0.07679966046972111
1.072,0.03742381779611193,0.0,0.07662228137839167
1.076,0.03792861854898835,0.0,0.07644523151124202
1.08,0.038440580575566416,0.0,0.07626851136522779
1.084,0.03895981900714535,0.0,0.07609212166778923
1.088,0.039486449156769916,0.0,0.07591606321822614
1.092,0.04002058662418196,0.0,0.07574033675510254
1.096,0.040562347421139885,0.0,0.07556494284897887
1.1,0.04111184811117442,0.0,0.07538988181922077
1.104,0.04166920595843991,0.0,0.07521515367289842
1.108,0.04223453908106725,0.0,0.07504075806355213
1.112,0.04280796660510402,0.0,0.07486669426741474
1.116,0.04338960881568947,0.0,0.07469296117446507
1.12,0.043979587302864186,0.0,0.07451955729200997
1.124,0.044578025099781135,0.0,0.07434648075827949
1.1280000000000001,0.045185046811821214,0.0,0.07417372936387849
1.1320000000000001,0.04580077873542795,0.0,0.07400130057900353
1.1360000000000001,0.04642534896598148,0.0,0.07382919158458172
1.1400000000000001,0.04705888749441949,0.0,0.07365739930572912
1.1440000000000001,0.04770152629259041,0.0,0.0734859204460507
1.1480000000000001,0.04835339938765435,0.0,0.07331475152165048
1.152,0.049014642926010814,0.0,0.07314388889381009
1.156,0.04968539522750298,0.0,0.07297332879960021
1.16,0.050365796830706695,0.0,0.07280306737983354
1.164,0.05105599053024507,0.0,0.07263310070385957
1.168,0.05175612140713143,0.0,0.07336315012325417
1.172,0.05246633685318391,0.0,0.07437393451061962
1.176,0.05318678659052157,0.0,0.07539988206102592
1.18,0.0539176226871671,0.0,0.07644125661713724
1.184,0.05465899956971272,0.0,0.07749831489481161
1.188,0.055411074033969075,0.0,0.07857130701493303
1.192,0.05617400525442165,0.0,0.07966047719531742
1.196,0.05694795479326716,0.0,0.08076606456562922
1.2,0.057733086609668284,0.0,0.08188830407074228
1.204,0.05852956706986023,0.0,0.0830274274308296
1.208,0.059337564958543025,0.0,0.0841836641297152
1.212,0.06015725149201116,0.0,0.08535724240641225
1.216,0.06098880033330461,0.0,0.08654839022825025
1.22,0.06183238760963825,0.0,0.08775733622750548
1.224,0.06268819193228437,0.0,0.08898431058685431
1.228,0.06355639441896772,0.0,0.09022954586222767
1.232,0.06443717871885611,0.0,0.09149327773469826
1.236,0.06533073104010927,0.0,0.09277574568588377
1.24,0.06623724017993102,0.0,0.09407719359385128
1.244,0.0671568975570229,0.0,0.09539787024880679
1.248,0.06808989724634221,0.0,0.09673802978978009
1.252,0.06903643601598955,0.0,0.09809793206519304
1.256,0.06999671336607484,0.0,0.09947784292151937
1.26,0.07097093156940373,0.0,0.10087803442535402
1.264,0.07195929571379688,0.0,0.10229878502497121
1.268,0.0729620137458641,0.0,0.10374037965802282
1.272,0.07397929651607767,0.0,0.10520310981233848
1.276,0.07501135782498543,0.0,0.10668727354690072
1.28,0.07605841447038593,0.0,0.10819317548003608
1.284,0.07712068629536467,0.0,0.10972112675162987
1.288,0.07819839623703785,0.0,0.11127127528755651
1.292,0.0792917703759079,0.0,0.11284107717967957
1.296,0.08040104665823389,0.0,0.11443079622961601
1.3,0.08152649084562531,0.0,0.1160409481957849
1.304,0.08266835417453906,0.0,0.11767182939814298
1.308,0.0838268745433367,0.0,0.11932391983503902
1.312,0.08500228418342205,0.0,0.12099784558588512
1.316,0.08619481405152285,0.0,0.12269432089213025
1.32,0.08740469669087683,0.0,0.12441410421865984
1.324,0.08863216808645381,0.0,0.12615796731215015
1.328,0.08987746882698214,0.0,0.12792667401108723
1.332,0.09114084479214424,0.0,0.12972096620413556
1.336,0.09242254751959383,0.0,0.1315415550265831
1.34,0.09372283436051272,0.0,0.13338911590461588
1.344,0.09504196849950726,0.0,0.1352642864301707
1.348,0.09638021889108353,0.0,0.1371676663142792
1.352,0.09773786014847899,0.0,0.13909981885548992
1.356,0.09911517240891748,0.0,0.14106127349498487
1.36,0.10051244119141117,0.0,0.1430525291276535
1.364,0.10192995725756245,0.0,0.14507405791019085
1.368,0.10336801648208709,0.0,0.1471263093612362
1.3719999999999999,0.10482691973711829,0.0,0.149209714590266
1.376,0.10630697279258082,0.0,0.15132469052487335
1.38,0.1078084862337448,0.0,0.15347164403314476
1.384,0.10933177539622844,0.0,0.15565097586029505
1.388,0.11087716031817461,0.0,0.15786308431794957
1.392,0.11244496570897061,0.0,0.16010836868101272
1.396,0.11403552093361563,0.0,0.162387232261408
1.4,0.11564916001171616,0.0,0.16470008514044138
1.404,0.1172862216299567,0.0,0.16704734655223463
1.408,0.1189470491668751,0.0,0.16942944691988673
1.412,0.12063199072872585,0.0,0.17184682955364636
1.416,0.1223413991952568,0.0,0.17429995202671142
1.42,0.12407563227420175,0.0,0.1767892872492418
1.424,0.125835052563391,0.0,0.17931532426505067
1.428,0.12762002761938337,0.0,0.1818785687980882
1.432,0.12943093003162956,0.0,0.1844795435776168
1.436,0.13126813750121188,0.0,0.18711878847178604
1.44,0.1331320329233184,0.0,0.18979686045942545
1.444,0.13502300447265414,0.0,0.19251433346924368
1.448,0.13694144569110853,0.0,0.19527179811452455
1.452,0.13888775557704455,0.0,0.19806986134976476
1.456,0.14086233867569645,0.0,0.2009091460737972
1.46,0.14286560517020327,0.0,0.20379029070173693
1.464,0.14489797097290977,0.0,0.2067139487256768
1.468,0.14695985781662577,0.0,0.20968078828164133
1.472,0.14905169334559643,0.0,0.21269149173776855
1.476,0.15117391120601364,0.0,0.21574675531626575
1.48,0.15332695113593084,0.0,0.21884728875927079
1.484,0.15551125905451957,0.0,0.22199381504648505
1.488,0.15772728715062068,0.0,0.2251870701703966
1.492,0.1599754939705979,0.0,0.22842780297290174
1.496,0.1622563445055337,0.0,0.23171677504547933
1.5,0.1645703102778131,0.0,0.23505476069347994
1.504,0.16691786942718337,0.0,0.23844254696384987
1.508,0.16929950679637273,0.0,0.24188093373443847
1.512,0.17171571401637425,0.0,0.24537073386216599
1.516,0.1741669895914996,0.0,0.24891277338662463
1.52,0.17665383898430703,0.0,0.2525078917851475
1.524,0.17917677470051327,0.0,0.2561569422750292
1.528,0.18173631637398563,0.0,0.25986079215836166
1.532,0.18433299085191904,0.0,0.26362032320489126
1.536,0.1869673322802688,0.0,0.26743643206832785
1.54,0.18963988218953123,0.0,0.271310031035739
1.544,0.19235118958086175,0.0,0.2752420499666747
1.548,0.19510181100136903,0.0,0.27923343606285206
1.552,0.19789231060054346,0.0,0.28328515422427925
1.556,0.2007232602110424,0.0,0.28739818756818647
1.56,0.20359523944165644,0.0,0.2915735378701675
1.564,0.20650883577387322,0.0,0.29581222597263934
1.568,0.2094646446600419,0.0,0.30011529218624383
1.572,0.2124632696218907,0.0,0.3044837967007323
1.576,0.21550532234863745,0.0,0.30891882001575344
1.58,0.21859142279429247,0.0,0.31342146339741944
1.584,0.221722199273969,0.0,0.3179928493636705
1.588,0.22489828855914284,0.0,0.3226341067133758
1.592,0.22812033597090367,0.0,0.327346347807214
1.596,0.23138899544166974,0.0,0.3321307093169144
1.6,0.23470492954376823,0.0,0.33698835685114725
1.604,0.23806880957556265,0.0,0.341920486554695
1.608,0.24148131566540218,0.0,0.34692832603260493
1.612,0.24494313687334102,0.0,0.352013134896683
1.616,0.2484549712907187,0.0,0.3571762051055704
1.62,0.2520175261383241,0.0,0.36241881678806176
1.624,0.2556315178635762,0.0,0.36774189361408455
1.6280000000000001,0.2592976725129013,0.0,0.3731463923477471
1.6320000000000001,0.2630167258367152,0.0,0.3786334523999274
1.6360000000000001,0.26678942278161355,0.0,0.3842043333121035
1.6400000000000001,0.27061651759354893,0.0,0.3898603896114138
1.6440000000000001,0.27449877396182404,0.0,0.3956030497391744
1.6480000000000001,0.278436965158851,0.0,0.40143380696951897
1.6520000000000001,0.2824318741673376,0.0,0.4073542141117399
1.6560000000000001,0.28648429379753204,0.0,0.4133752725466323
1.6600000000000001,0.29059502679663357,0.0,0.41950537677830163
1.6640000000000001,0.29476488595174033,0.0,0.42573258429755795
1.6680000000000001,0.2989946941871748,0.0,0.43205858648255147
1.6720000000000002,0.3032852846566603,0.0,0.43848511159967263
1.6760000000000002,0.3076375008305807,0.0,0.4450139258782747
1.6800000000000002,0.3120521965784108,0.0,0.4516468345482726
1.6840000000000002,0.31653023624631643,0.0,0.4583856828717567
1.6880000000000002,0.32107249472989036,0.0,0.46523235718952866
1.6920000000000002,0.3256798575419703,0.0,0.47218844689691786
1.6960000000000002,0.3303532209463928,0.0,0.4792551803544463
1.7000000000000002,0.3350934922912722,0.0,0.4864341788697441
1.7040000000000002,0.33990158961101935,0.0,0.49372730185311064
1.7080000000000002,0.34477844167212207,0.0,0.5011365448988399
1.7120000000000002,0.34972498805205005,0.0,0.5086640023703193
1.7160000000000002,0.3547421791978066,0.0,0.5163118520893241
1.7200000000000002,0.3598309764733649,0.0,0.5240823479528253
1.7240000000000002,0.36499235219800036,0.0,0.5319778156739595
1.7280000000000002,0.370227289676449,0.0,0.5400006499497926
1.7320000000000002,0.3755367832214731,0.0,0.5481533124123708
1.7360000000000002,0.38092183816919467,0.0,0.5564383300935345
1.74,0.3863834708874125,0.0,0.5648582942758957
1.744,0.39192270877698354,0.0,0.5734158596612435
1.748,0.39754059026625915,0.0,0.5821137438146743
1.752,0.40323816479848096,0.0,0.5909547268561474
1.756,0.409016492811972,0.0,0.599941651378279
1.76,0.41487664571290633,0.0,0.6090774225729297
1.764,0.4208197058403802,0.0,0.6183650085511748
1.768,0.4268467664234662,0.0,0.6278074408419815
1.772,0.4329589315298891,0.0,0.637407815055288
1.776,0.4391573160059266,0.0,0.6471692916950263
1.78,0.44544304540709523,0.0,0.6570950971073753
1.784,0.45181725591915733,0.0,0.6671885245491713
1.788,0.45828109426894814,0.0,0.6774529353610933
1.792,0.4648357176244967,0.0,0.6878917602298842
1.796,0.47148229348387954,0.0,0.6985085005236331
1.8,0.47822199955223044,0.0,0.709306729683929
1.804,0.4850560236062906,0.0,0.7202900946585286
1.808,0.4919855633458694,0.0,0.731462317358145
1.812,0.4990118262315525,0.0,0.7428271961208667
1.816,0.5061360293079725,0.0,0.7543886071677127
1.82,0.513359399011936,0.0,0.7661505060329149
1.824,0.5206831709646683,0.0,0.7781169289524468
1.828,0.5281085897474215,0.0,0.7902919941944969
1.832,0.5356369086596531,0.0,0.8026799033155618
1.836,0.5432693894589732,0.0,0.8152849423259185
1.84,0.5510073020820165,0.0,0.8281114827483032
1.844,0.5588519243453735,0.0,0.8411639825537175
1.848,0.5668045416256944,0.0,0.8544469869582998
1.852,0.574866446518036,0.0,0.8679651290653823
1.856,0.5830389384715075,0.0,0.881723130336841
1.86,0.5913233234012291,0.0,0.8957258008781613
1.864,0.599720913275594,0.0,0.9099780395217179
1.868,0.6082330256777896,0.0,0.9244846557613483
1.872,0.6168609838019337,0.0,0.9392481781115845
1.876,0.6256061190900394,0.0,0.9542685669871612
1.88,0.6344697707054598,0.0,0.9695472083300297
1.884,0.6434532901638248,0.0,0.9850912142777207
1.888,0.652558032630928,0.0,1.0009079750403695
1.892,0.6617853465512231,0.0,1.0170049366503788
1.896,0.6711365751164352,0.0,1.0333895375875102
1.9,0.6806130582849117,0.0,1.050069149068198
1.904,0.6902161342913667,0.0,1.0670488060138643
1.908,0.6999471460609222,0.0,1.0844648484136852
1.912,0.7098074755960725,0.0,1.102367010382497
1.916,0.7197980048325252,0.0,1.120520508920323
1.92,0.7299193875408825,0.0,1.1385006667990407
1.924,0.740174169220054,0.0,1.1549808581609566
1.928,0.7505672418617162,0.0,1.1693147081810165
1.932,0.7611043936962922,0.0,1.1814678011810071
1.936,0.7717894656447087,0.0,1.1914893892982346
1.94,0.782623928466277,0.0,1.1994988166455245
1.944,0.793607537059277,0.0,1.2056622790707354
1.948,0.8047389054081796,0.0,1.2101721547272906
1.952,0.8160159644360621,0.0,1.213230133468786
1.956,0.8274363169892812,0.0,1.2150320895772673
1.96,0.8389975055224614,0.0,1.2157598974456028
1.964,0.8506972049516774,0.0,1.2155749106075218
1.968,0.8625333527530401,0.0,1.2146148216295518
1.972,0.8745042285872999,0.0,1.2129953384267165
1.976,0.8866084956325672,0.0,1.2108105051513658
1.98,0.89884521389431,0.0,1.2081336078266833
1.984,0.9112138328690561,0.0,1.205018529842023
1.988,0.9237141692948838,0.0,1.2015014070334162
1.992,0.9363463745399611,0.0,1.1976024787208164
1.996,0.949110895254666,0.0,1.1933280565193058
2.0,0.9620084301768231,0.0,1.1886725450911173
2.004,0.9750398853891499,0.0,1.1836204549341283
2.008,0.988206329844622,0.0,1.1781483514809215
2.012,1.001508952568462,0.0,1.1722266899607852
2.015999999,1.0149490225931872,0.0,1.165821492829449
2.019999999,1.0285278523724626,0.0,1.158895836135138
2.023999999,1.0422467651439151,0.0,1.1514111222970191
2.027999999,1.0561070664686973,0.0,1.1433281284281356
2.031999999,1.070110019967011,0.0,1.1346078305074248
2.035999999,1.0842568270954176,0.0,1.1252120135249528
2.039999999,1.098548610674482,0.0,1.115103685594708
2.043999999,1.112986401773923,0.0,1.1042473196592644
2.047999999,1.1275711294952793,0.0,1.0926089497959124
2.051999999,1.1423036131561841,0.0,1.0801567052012722
2.055999999,1.1571845563715477,0.0,1.0668702208273262
2.059999999,1.1722145431043824,0.0,1.0527395273137805
2.063999999,1.187394040758039,0.0,1.037767825461122
2.067999999,1.2027234146036847,0.0,1.0219583440795388
2.071999999,1.218202946907023,0.0,1.005309139036102
2.075999999,1.2338328490224162,0.0,0.9878131022733534
2.079999999,1.2496132653411762,0.0,0.9694583253702609
2.083999999,1.2655442705185385,0.0,0.9502287058626535
2.087999999,1.2816258615943055,0.0,0.9301046871402588
2.091999999,1.2978579465088218,0.0,0.9090640250248267
2.095999999,1.3142403302970656,0.0,0.8870824803660865
2.099999999,1.3307726999870144,0.0,0.8641341692767142
2.103999999,1.3474546089498547,0.0,0.7327028278933623
2.107999999,1.3642622855473447,0.0,0.7184336696136953
2.111999999,1.3811121659887189,0.0,0.7266800229587727
2.115999999,1.398027935098651,0.0,0.7294574293697502
2.119999999,1.415059651855454,0.0,0.7257566826921362
2.123999999,1.432245576175364,0.0,0.7152392644215204
2.127999999,1.4496090249590798,0.0,0.5632826026972767
2.131999999,1.4671355349187838,0.0,0.5546948377945492
2.135999999,1.484745588237919,0.0,0.5647620125729808
2.139999999,1.5024544194586567,0.0,0.5654258077217177
2.143999999,1.520303958535732,0.0,0.5560332785611197
2.147999999,1.5383309894963317,0.0,0.5021917181332632
2.151999999,1.5565438031196859,0.0,0.2377172407606755
2.155999999,1.5747910620224441,0.0,0.28321835687549685
2.159999999,1.5930040447743834,0.0,0.3136185769898525
2.163999999,1.6112906710208592,0.0,0.3269580314158191
2.167999999,1.62972962801336,0.0,0.3233180757855889
2.171999999,1.648370239247103,0.0,0.24657536746464612
2.175999999,1.6672233567041141,0.0,0.11532548934766454
2.179999999,1.6861969575234435,0.0,0.18634501295393596
2.183999999,1.7051633064232432,0.0,0.2503640410106963
2.187999999,1.7241673960910961,0.0,0.24437087256696374
2.191999999,1.7432727936830816,0.0,0.2185471193686076
2.195999999,1.7624804677057655,0.0,0.3280109322384971
2.199999999,1.7817450029872324,0.0,0.3979920505711107
2.203999999,1.8010775878537244,0.0,0.32887361106485463
2.207999999,1.8205333829859416,0.0,0.3882583599444403
2.211999999,1.8401318653977252,0.0,0.5032798568966481
2.215999999,1.8598051980288919,0.0,0.38952375131627986
2.219999999,1.879601818957996,0.0,1.7098219078584753
2.223999999,1.8968167222150905,0.0,2.337559291402121
2.227999999,1.904232988576472,0.0,2.6147856117086383
2.231999999,1.9047603686643264,0.0,2.722943966456492
2.235999999,1.9010042591956207,0.0,2.7143735126516453
2.239999999,1.8948712701643395,0.0,2.6565077593723947
2.243999999,1.8877253848241324,0.0,2.5362439739795377
2.247999999,1.8804102685733652,0.0,2.378306358318778
2.251999999,1.8734380195157931,0.0,2.1962449611473547
2.255999999,1.8671019520370424,0.0,2.0027606643158204
2.259999999,1.8615504746389742,0.0,1.8032807392721353
2.263999999,1.8568171956969157,0.0,1.6114916959783387
2.267999999,1.8528634901465226,0.0,1.4308842183339034
2.271999999,1.8496196664166349,0.0,1.2610078603276325
2.275999999,1.8469894829499662,0.0,1.1035785169364813
2.279999999,1.8448656484690982,0.0,0.9500555687976899
2.283999999,1.8431295879325564,0.0,0.7725163441550709
2.287999999,1.8416144298027044,0.0,0.6120458436800355
2.291999999,1.8400100567998232,0.0,0.4889852649287615
2.295999999,1.8382709379201874,0.0,0.4010623185229376
2.299999999,1.836408685971868,0.0,0.41127355481611805
2.303999999,1.834462931089629,0.0,0.4922815131723205
2.307999999,1.8324844007543937,0.0,0.5549184690195104
2.311999999,1.8305142223353668,0.0,0.6003057508978477
2.315999999,1.8285861126135592,0.0,0.6303079748759421
2.319999999,1.8267265326211486,0.0,0.647242968135684
2.323999999,1.824954289722761,0.0,0.6539202071143433
2.327999999,1.8232807882548068,0.0,0.6561773140247723
2.331999999,1.821710862880834,0.0,0.6504084187792037
2.335999999,1.820243682764583,0.0,0.6388070277676475
2.3399999989999998,1.8188733859740394,0.0,0.639546211686358
2.3439999990000002,1.8175910850648798,0.0,0.6403637295711089
2.347999999,1.8163862583235233,0.0,0.6381603434396167
2.3519999990000002,1.815247461344584,0.0,0.6339092005649645
2.355999999,1.8141628587608214,0.0,0.6284109840584358
2.3599999990000002,1.8131207358865462,0.0,0.6222738591568042
2.363999999,1.8121099271736345,0.0,0.6159857017145504
2.3679999990000002,1.8111200992511778,0.0,0.6099388603882532
2.371999999,1.8101420271930262,0.0,0.6044729211131523
2.3759999990000003,1.8091678006186647,0.0,0.5998341172261372
2.379999999,1.8081909151806512,0.0,0.5961591667778716
2.3839999990000003,1.8072062689737491,0.0,0.5935129936132417
2.387999999,1.806210089214941,0.0,0.5918987989913379
2.3919999990000003,1.8051998112798127,0.0,0.5912520499435192
2.395999999,1.804173925931679,0.0,0.5914639154258778
2.3999999990000003,1.8031318068643984,0.0,0.5924013248472536
2.403999999,1.8020735347085588,0.0,0.5939221147356661
2.407999999,1.8009997285335617,0.0,0.5958858820444911
2.411999999,1.7999113920576617,0.0,0.5981613109248872
2.415999999,1.7988097787692086,0.0,0.6006307319577215
2.419999999,1.7976962778640315,0.0,0.6031925889221167
2.423999999,1.7965723212316462,0.0,0.6057623754376092
2.427999999,1.7954393105710544,0.0,0.6082724888026784
2.431999999,1.7942985629773363,0.0,0.6106713448943281
2.435999999,1.7931512729140497,0.0,0.6129220120796248
2.439999999,1.7919984882893196,0.0,0.6150005548676237
2.443999999,1.7908410983178038,0.0,0.6168942277878655
2.447999999,1.7896798309247428,0.0,0.6185996235656361
2.451999999,1.7885152575941792,0.0,0.62012085350094
2.455999999,1.7873478037542043,0.0,0.6214678187478029
2.459999999,1.786177763008811,0.0,0.6226546163002903
2.463999999,1.7850053137551267,0.0,0.6236981110992246
2.467999999,1.7838305369566405,0.0,0.6246166947239357
2.471999999,1.782653434069867,0.0,0.6254292411818241
2.475999999,1.78147394433775,0.0,0.6261542613192825
2.479999999,1.7802919608630172,0.0,0.626809249526863
2.483999999,1.7791073450549968,0.0,0.6280166926522122
2.487999999,1.7779199392013196,0.0,0.6294850916300785
2.491999999,1.7767295770499734,0.0,0.6309925470864692
2.495999999,1.7755360923968093,0.0,0.6325429060948646
2.499999999,1.7743393257594433,0.0,0.6341374461102322
2.503999999,1.7731391292819798,0.0,0.6357754151127819
2.507999999,1.7719353700580434,0.0,0.6374545338606917
2.511999999,1.7707279320851097,0.0,0.6391714475472838
2.515999999,1.7695167170735624,0.0,0.6347344615950975
2.519999999,1.7683016443324,0.0,0.6161368482004371
2.523999999,1.7671155472503506,0.0,0.5960692637634242
2.527999999,1.7660156879609212,0.0,0.5723840598857693
2.531999999,1.7650161949152674,0.0,0.5468798447364547
2.535999999,1.7641144170520173,0.0,0.5210916591989911
2.539999999,1.7632993403069128,0.0,0.49624273697437504
2.543999999,1.7625555747149082,0.0,0.47321663104436706
2.547999999,1.761866193368615,0.0,0.45248498618934596
2.551999999,1.7612151466279575,0.0,0.3706814822758674
2.555999999,1.7605778919550463,0.0,0.3707694429671453
2.559999999,1.7601438535497733,0.0,0.37273746222025805
2.563999999,1.7595894132800485,0.0,0.3756219379074538
2.567999999,1.7589475709185372,0.0,0.37890964118946463
2.571999999,1.7582443449425416,0.0,0.37991453561746885
2.575999999,1.7574978017115106,0.0,0.39424361122674434
2.579999999,1.7567412481830038,0.0,0.4036822824442566
2.583999999,1.7559921650604566,0.0,0.4081153378259957
2.587999999,1.7552547703982817,0.0,0.4098118087117633
2.591999999,1.7545299719194638,0.0,0.41009275026442144
2.595999999,1.7538171257367545,0.0,0.40482069092955913
2.599999999,1.7531149673023374,0.0,0.392484532742777
2.603999999,1.7524366954708717,0.0,0.37732254829855016
2.607999999,1.7517625030576898,0.0,0.3751780765645236
2.611999999,1.7510882664328316,0.0,0.3682501858849199
2.615999999,1.750440752443223,0.0,0.35988581740869063
2.619999999,1.7498188858463077,0.0,0.3515863717349655
2.623999999,1.7492200679603518,0.0,0.36673099765113587
2.627999999,1.748641336321726,0.0,0.3652822779619565
2.631999999,1.748035216737149,0.0,0.35954802680015063
2.635999999,1.74744507735785,0.0,0.35263787230795396
2.639999999,1.7468721237028957,0.0,0.3434170369542334
2.643999999,1.7463152727053877,0.0,0.34432696737130253
2.647999999,1.7457299992109743,0.0,0.3397892367765521
2.651999999,1.745161687422705,0.0,0.33335426223559506
2.655999999,1.744611216516531,0.0,0.33065727496883124
2.659999999,1.7440771565743909,0.0,0.3295819808548999
2.663999999,1.7435574253274395,0.0,0.3277794390623989
2.667999999,1.743049819061135,0.0,0.3257436396729765
2.671999999,1.7425522610904032,0.0,0.34418917213526734
2.675999999,1.742042591007028,0.0,0.3421247113171527
2.679999999,1.7415212543872043,0.0,0.33746545413507567
2.683999999,1.7410113494692216,0.0,0.3321173396681208
2.687999999,1.7405129219194142,0.0,0.3270283903512502
2.691999999,1.7400248921981931,0.0,0.3226023134866185
2.695999999,1.7395457908958827,0.0,0.31895463016123604
2.699999999,1.7390740922582784,0.0,0.31605277386284963
2.703999999,1.7386084008110712,0.0,0.3138011468086579
2.707999999,1.7381475117899428,0.0,0.3120891537200498
2.711999999,1.7376904255168215,0.0,0.3108114072779811
2.715999999,1.7372363325955893,0.0,0.3098758149841869
2.719999999,1.7367845898123981,0.0,0.30920589972756307
2.723999999,1.7363346940002429,0.0,0.30874030761465815
2.727999999,1.7358862568394013,0.0,0.3084310457942171
2.731999999,1.7354389819965113,0.0,0.3082412878532728
2.735999999,1.7349926452299318,0.0,0.3081431901668126
2.739999999,1.734547077627333,0.0,0.30811593335805176
2.743999999,1.7341021518576958,0.0,0.3081440709369777
2.747999999,1.7336577711577295,0.0,0.30821619440677855
2.751999999,1.733213860695799,0.0,0.3083238874493454
2.755999999,1.7327703609366867,0.0,0.30846092650678647
2.759999999,1.73232722264626,0.0,0.3086226818498172
2.763999999,1.731884403210547,0.0,0.30880567627678207
2.767999999,1.7314418639878324,0.0,0.3090072644344085
2.771999999,1.7309995684581794,0.0,0.30922540238906937
2.775999999,1.7305574809779836,0.0,0.3094584834375251
2.779999999,1.7301155659857055,0.0,0.30970522172431414
2.783999999,1.7296737875378523,0.0,0.3099645698604949
2.787999999,1.7292321090816398,0.0,0.31023566042515655
2.791999999,1.7287904933929352,0.0,0.310517764077151
2.795999999,1.7283489026257184,0.0,0.31081025914435756
2.799999999,1.7279072984331192,0.0,0.311112609129118
2.803999999,1.7274656421307575,0.0,0.3114243456976166
2.807999999,1.727023894881295,0.0,0.3117450555150819
2.811999999,1.7265820178852582,0.0,0.31207436983611936
2.815999999,1.7261399725678446,0.0,0.3124119561281205
2.819999999,1.7256977207548514,0.0,0.3127575112494247
2.823999999,1.7252552248334216,0.0,0.3131107558601155
2.827999999,1.7248124478951226,0.0,0.3134714298426793
2.831999999,1.724369353860246,0.0,0.31383928857003074
2.835999999,1.7239259075831355,0.0,0.3142140998957481
2.8399999989999998,1.7234820749390263,0.0,0.31459564176357024
2.8439999990000002,1.7230378228933163,0.0,0.3149837003472308
2.847999999,1.7225931195544826,0.0,0.31537806864149737
2.8519999990000002,1.7221479342120227,0.0,0.3157785454326461
2.855999999,1.7217022373608757,0.0,0.31618493458300784
2.8599999990000002,1.7212560007138114,0.0,0.3165970445706403
2.863999999,1.7208091972032382,0.0,0.3170146882315262
2.8679999990000002,1.7203618009738262,0.0,0.3174376826577201
2.871999999,1.7199137873672656,0.0,0.31786584921130995
2.8759999990000003,1.7194651329003872,0.0,0.3182990136199519
2.879999999,1.7190158152377693,0.0,0.3187370061253073
2.8839999990000003,1.7185658131598551,0.0,0.3191796616610568
2.887999999,1.7181151065275007,0.0,0.3196268200419112
2.8919999990000003,1.7176636762437687,0.0,0.3200783261489455
2.895999999,1.7172115042136948,0.0,0.3205340301006763
2.8999999990000003,1.716758573302656,0.0,0.3209937874018649
2.903999999,1.7163048672938852,0.0,0.32145745906508266
2.9079999990000003,1.7158503708456065,0.0,0.3219249117018655
2.911999999,1.7153950694481825,0.0,0.32239601758218367
2.9159999990000003,1.7149389493816163,0.0,0.3228706546620661
2.919999999,1.7144819976736712,0.0,0.32334870658055004
2.9239999990000003,1.714024202058852,0.0,0.32383006262749864
2.927999999,1.7135655509384127,0.0,0.3243146176845751
2.9319999990000003,1.7131060333415393,0.0,0.32480227214198737
2.935999999,1.712645638887816,0.0,0.32529293179369007
2.9399999990000003,1.7121843577510536,0.0,0.3257865077138928
2.943999999,1.7117221806245289,0.0,0.32628291611760835
2.9479999990000003,1.7112590986876735,0.0,0.32678207820805966
2.951999999,1.71079510357422,0.0,0.32728392001340434
2.9559999990000003,1.7103301873418109,0.0,0.3277883722152266
2.959999999,1.709864342443055,0.0,0.32829536997106895
2.9639999990000003,1.7093975616980095,0.0,0.3288048527328983
2.967999999,1.708929838268053,0.0,0.3293167640633964
2.9719999990000003,1.7084611656311237,0.0,0.32983105145173747
2.975999999,1.7079915375582686,0.0,0.3303476661300374
2.979999999,1.7075209480914681,0.0,0.3308665628920544
2.983999999,1.7070493915226852,0.0,0.3313876999147446
2.987999999,1.7065768623740878,0.0,0.33191103858402693
2.991999999,1.7061033553794025,0.0,0.33243654332506983
2.995999999,1.7056288654663427,0.0,0.33296418143793705
2.999999999,1.705153387740063,0.0,0.3334939229390084
3.003999999,1.7046769174675922,0.0,0.3340257404083867
3.007999999,1.7041994500631978,0.0,0.33455960884378
3.011999999,1.7037209810746334,0.0,0.33509550552078693
3.015999999,1.7032415061702249,0.0,0.33563340985976003
3.019999999,1.702761021126747,0.0,0.33617330329934153
3.023999999,1.7022795218180602,0.0,0.3367151691764376
3.027999999,1.7017970042044512,0.0,0.33725899261262876
3.031999999,1.7013134643226515,0.0,0.33780476040704244
3.035999999,1.7008288982764919,0.0,0.33835246093510535
3.039999999,1.7003433022281536,0.0,0.33890208405340716
3.043999999,1.699856672389993,0.0,0.33945362101018745
3.047999999,1.6993690050168984,0.0,0.34000706436132555
3.051999999,1.6988802963991525,0.0,0.3405624078914857
3.055999999,1.6983905428557724,0.0,0.34111964654025606
3.059999999,1.6978997407282976,0.0,0.3416787763329896
3.063999999,1.6974078863750048,0.0,0.342239794316052
3.067999999,1.6969149761655205,0.0,0.342802698496272
3.071999999,1.6964210064758083,0.0,0.3433674877842318
3.075999999,1.6959259736835155,0.0,0.34393416194133825
3.079999999,1.6954298741636493,0.0,0.3445027215302686
3.083999999,1.6949327042845732,0.0,0.3450731678686026
3.087999999,1.6944344604042942,0.0,0.34564550298546337
3.091999999,1.6939351388670318,0.0,0.34621972958090064
3.095999999,1.6934347360000503,0.0,0.3467958509879109
3.099999999,1.6929332481107373,0.0,0.34737387113677914
3.103999999,1.692430671483914,0.0,0.3479537945216562
3.107999999,1.6919270023793629,0.0,0.34853562616921174
3.111999999,1.691422237029564,0.0,0.34911937160917367
3.115999999,1.6909163716376203,0.0,0.349705036846618
3.119999999,1.6904094023753633,0.0,0.35029262833596364
3.123999999,1.68990132538163,0.0,0.35088215295638764
3.127999999,1.6893921367606983,0.0,0.351473617988721
3.131999999,1.6888818325808665,0.0,0.3520670310936499
3.135999999,1.688370408873179,0.0,0.35266240029114193
3.139999999,1.6878578616302722,0.0,0.353259733940998
3.143999999,1.6873441868053458,0.0,0.3538590407244912
3.147999999,1.68682938031125,0.0,0.3544603296270172
3.151999999,1.6863134380196656,0.0,0.35506360992168273
3.155999999,1.6857963557603939,0.0,0.35566889115377304
3.159999999,1.6852781293207257,0.0,0.35627618312610887
3.163999999,1.6847587544448968,0.0,0.3568854958851344
3.167999999,1.6842382268336222,0.0,0.35749683970781754
3.171999999,1.6837165421436942,0.0,0.35811022508925483
3.175999999,1.683193695987648,0.0,0.35872566273095613
3.179999999,1.6826696839334867,0.0,0.35934316352983375
3.183999999,1.6821445015044576,0.0,0.35996273856776506
3.187999999,1.6816181441788747,0.0,0.3605843991018074
3.191999999,1.681090607389988,0.0,0.36120815655498045
3.195999999,1.6805618865258904,0.0,0.3618340225076339
3.199999999,1.6800319769294563,0.0,0.36246200868931716
3.203999999,1.6795008738983157,0.0,0.3630921269712163
3.207999999,1.678968572684849,0.0,0.3637243893590706
3.211999999,1.6784350684962102,0.0,0.3643588079865788
3.215999999,1.6779003564943662,0.0,0.36499574340470553
3.219999999,1.6773644317961547,0.0,0.3656372965761757
3.223999999,1.6768272889712759,0.0,0.3662830053100967
3.227999999,1.6762889212037864,0.0,0.3669324070083466
3.231999999,1.6757493216032684,0.0,0.36758612929798234
3.235999999,1.6752084830625293,0.0,0.3682436903195488
3.239999999,1.6746663976625835,0.0,0.3689045277687442
3.243999999,1.6741230578787265,0.0,0.36956828463018304
3.247999999,1.6735784568243042,0.0,0.3702347714790298
3.251999999,1.6730325880805135,0.0,0.3709039030009543
3.255999999,1.6724854455136167,0.0,0.3715756504277766
3.259999999,1.6719370231432402,0.0,0.3722500116343899
3.263999999,1.6713873150587677,0.0,0.3729269940944362
3.267999999,1.670836315370742,0.0,0.37360660612701824
3.271999999,1.6702840181853633,0.0,0.3742888531300757
3.275999999,1.6697304175930934,0.0,0.3749737366138039
3.279999999,1.66917550766514,0.0,0.3756612546603442
3.283999999,1.6686192824537425,0.0,0.37635140298494324
3.287999999,1.6680617359937582,0.0,0.3770441761319527
3.291999999,1.6675028623041441,0.0,0.3777395685633331
3.295999999,1.666942655388662,0.0,0.3784375755339935
3.299999999,1.6663811092355814,0.0,0.37913819372681135
3.303999999,1.6658182178164205,0.0,0.3798414216621239
3.307999999,1.665253975083895,0.0,0.3805472599160533
3.311999999,1.664688374969303,0.0,0.38125571118853413
3.315999999,1.6641214113795633,0.0,0.3819667802602072
3.319999999,1.6635530781941092,0.0,0.38268047387354764
3.323999999,1.6629833692617955,0.0,0.38339680056665054
3.327999999,1.6624122783979323,0.0,0.38411577048248224
3.331999999,1.6618397993815386,0.0,0.38483739517013443
3.335999999,1.6612659259528495,0.0,0.3855616873901584
3.3399999989999998,1.6606906518111042,0.0,0.3862886609317446
3.3439999990000002,1.6601139706126182,0.0,0.38701833044675854
3.347999999,1.6595358759691248,0.0,0.38775071130252253
3.3519999990000002,1.6589563614463605,0.0,0.38848581945459054
3.355999999,1.6583754205628716,0.0,0.38922367133870445
3.3599999990000002,1.6577930467890098,0.0,0.38996428378082815
3.363999999,1.6572092335460855,0.0,0.3907076739234542
3.3679999990000002,1.6566239742056517,0.0,0.39145385916632813
3.371999999,1.6560372620888915,0.0,0.3922028571197654
3.3759999990000003,1.6554490904660852,0.0,0.39295468556839575
3.379999999,1.6548594525561389,0.0,0.393709362443837
3.3839999990000003,1.6542683415261563,0.0,0.39446690580448673
3.387999999,1.6536757504910382,0.0,0.39522733382130193
3.3919999990000003,1.6530816725130975,0.0,0.3959906647680607
3.395999999,1.6524861006016913,0.0,0.39675691701530175
3.3999999990000003,1.6518890277128453,0.0,0.3975261090269542
3.403999999,1.6512904467488831,0.0,0.3982982593591329
3.407999999,1.6506903505580421,0.0,0.3990733866604223
3.411999999,1.6500887319340891,0.0,0.39985150967307537
3.415999999,1.6494855836159148,0.0,0.40063264723517983
3.419999999,1.6488808982871266,0.0,0.40141681828305265
3.423999999,1.6482746685756258,0.0,0.4022040418541133
3.427999999,1.6476668870531725,0.0,0.40299433708964644
3.431999999,1.647057546234941,0.0,0.4037877232377805
3.435999999,1.6464466385790644,0.0,0.4045842196563332
3.439999999,1.6458341564861676,0.0,0.40538384581554243
3.443999999,1.645220092298893,0.0,0.4061866213006991
3.447999999,1.6446044383014151,0.0,0.4069925658146669
3.451999999,1.6439871867189468,0.0,0.4078016991802064
3.455999999,1.643368329717241,0.0,0.4086140413423283
3.459999999,1.6427478594020777,0.0,0.40942961237026004
3.463999999,1.6421257678187509,0.0,0.41024843245956355
3.467999999,1.6415020469515453,0.0,0.4110705219339841
3.471999999,1.640876688723204,0.0,0.4118959012472784
3.475999999,1.6402496849943924,0.0,0.4127245909849677
3.479999999,1.6396210275631586,0.0,0.413556611865958
3.483999999,1.6389907081643773,0.0,0.41439198474417976
3.487999999,1.6383587184691968,0.0,0.4152307306101436
3.491999999,1.637725050084477,0.0,0.41607287059248305
3.495999999,1.6370896945522169,0.0,0.41691842595927087
3.499999999,1.6364526433489788,0.0,0.41776741811964246
3.503999999,1.6358138878853066,0.0,0.418619868625047
3.507999999,1.635173419505136,0.0,0.4194757991706952
3.511999999,1.6345312294851935,0.0,0.42033523159682534
3.515999999,1.6338873090343968,0.0,0.4211981878900759
3.519999999,1.6332416492932404,0.0,0.42206469018471143
3.523999999,1.6325942413331793,0.0,0.42293476076391495
3.527999999,1.6319450761560002,0.0,0.42380842206096564
3.531999999,1.631294144693189,0.0,0.42468569666054856
3.535999999,1.63064143780529,0.0,0.42556660729977186
3.539999999,1.6299869462812557,0.0,0.42645117686946055
3.543999999,1.6293306608377893,0.0,0.4273394284151821
3.547999999,1.6286725721186786,0.0,0.42823138513839254
3.551999999,1.6280126706941258,0.0,0.42912707039749626
3.555999999,1.6273509470600611,0.0,0.43002650770889284
3.559999999,1.6266873916374558,0.0,0.4309297207479336
3.563999999,1.6260219947716223,0.0,0.43183673334998496
3.567999999,1.625354746731506,0.0,0.43274756951132876
3.571999999,1.624685637708972,0.0,0.4336622533901261
3.575999999,1.6240146578180772,0.0,0.4345808093072791
3.579999999,1.6233417970943373,0.0,0.43550326174731346
3.583999999,1.6226670454939847,0.0,0.43642963535918905
3.587999999,1.621990392893217,0.0,0.43735995495712027
3.591999999,1.6213118290874333,0.0,0.43829424552140434
3.595999999,1.620631343790468,0.0,0.4392325321990383
3.599999999,1.6199489266338059,0.0,0.4401748403045585
3.603999999,1.6192645671657953,0.0,0.44112119532058597
3.607999999,1.618578254850851,0.0,0.44207162289861357
3.611999999,1.6178899790686418,0.0,0.4430261488594936
3.615999999,1.6171997291132734,0.0,0.4439847991940628
3.619999999,1.6165074941924606,0.0,0.4345396917606552
3.623999999,1.6158150519539813,0.0,0.4252351195591274
3.627999999,1.6151301388190846,0.0,0.41656573131354013
3.631999999,1.6144558321347173,0.0,0.4093908307312142
3.635999999,1.613793118241952,0.0,0.4045471949383454
3.639999999,1.6131388980023385,0.0,0.3340773492211466
3.643999999,1.6124885721247366,0.0,0.3771249689815668
3.647999999,1.612058929612054,0.0,0.3986756187752337
3.651999999,1.6115073138396963,0.0,0.4081532654740177
3.655999999,1.6108834227903899,0.0,0.41103659923618474
3.659999999,1.6102184377900857,0.0,0.4106105047309308
3.663999999,1.6095315284254217,0.0,0.40879896216871336
3.667999999,1.6088341453132828,0.0,0.4066414400794759
3.671999999,1.6081328566038748,0.0,0.40465497945090695
3.675999999,1.607431209577071,0.0,0.40512442536778914
3.679999999,1.6067309284939768,0.0,0.3682677160071055
3.683999999,1.6061597485056345,0.0,0.3972593042647773
3.687999999,1.6055988139626947,0.0,0.41045532954292807
3.691999999,1.604952360394638,0.0,0.41627122063138916
3.695999999,1.6042590116878086,0.0,0.41654806426313523
3.699999999,1.6035387862720212,0.0,0.4147797010336719
3.703999999,1.6028089906003364,0.0,0.4160940394489481
3.707999999,1.602086462802927,0.0,0.41148888916723647
3.711999999,1.6013914605483741,0.0,0.419066915284062
3.715999999,1.6007001000299284,0.0,0.42667332836952837
3.719999999,1.5999974287899392,0.0,0.4216558754334135
3.723999999,1.5992634070804146,0.0,0.38553619910685694
3.727999999,1.5986458283372147,0.0,0.41454612943717367
3.731999999,1.5980337009931824,0.0,0.42739992932583426
3.735999999,1.5973366116593266,0.0,0.43117464173151726
3.739999999,1.5965955768703497,0.0,0.43049764221678366
3.743999999,1.5958349520799395,0.0,0.4280102278884609
3.747999999,1.5950685286520618,0.0,0.42513754012173716
3.751999999,1.5943035396002379,0.0,0.3653791447410904
3.755999999,1.5935525569024378,0.0,0.4034570939557301
3.759999999,1.592994400657874,0.0,0.4224182692253064
3.763999999,1.5923308519038757,0.0,0.43052509273859
3.767999999,1.5916078842624646,0.0,0.4328527385713139
3.771999999,1.5908538510716828,0.0,0.43240127532979206
3.775999999,1.5900856489045683,0.0,0.4307812460605934
3.779999999,1.5893128717429978,0.0,0.37052503037832113
3.783999999,1.5885661666615034,0.0,0.4111042415034475
3.787999999,1.5880065848100655,0.0,0.4309742701743342
3.791999999,1.5873292350692456,0.0,0.4398301282222658
3.795999999,1.5865852869622419,0.0,0.44330162320268535
3.799999999,1.58580644089294,0.0,0.4432724579182475
3.803999999,1.5850117026524229,0.0,0.44183684601179557
3.807999999,1.5842119059296462,0.0,0.44411804554550005
3.811999999,1.5834222721658662,0.0,0.4467155856814251
3.815999999,1.5826632930824132,0.0,0.43847897728492446
3.819999999,1.5818983803106446,0.0,0.44785840996223747
3.823999999,1.581145075347276,0.0,0.44626442819627965
3.827999999,1.5803639673618592,0.0,0.45384504506008355
3.831999999,1.5795891737591978,0.0,0.4508164811351968
3.835999999,1.5788038261164004,0.0,0.44930534050072723
3.8399999989999998,1.5780115202091654,0.0,0.45638924812028814
3.8439999990000002,1.5772212183774035,0.0,0.4510645568109646
3.847999999,1.5764145656141437,0.0,0.39011492524613445
3.8519999990000002,1.5756147808668597,0.0,0.4333756210182975
3.855999999,1.5749996518533238,0.0,0.4546885101108013
3.8599999990000002,1.5742622014353738,0.0,0.4635367473277664
3.863999999,1.573455947038707,0.0,0.466065067660706
3.8679999990000002,1.5726142290536815,0.0,0.4653527681949601
3.871999999,1.5717571562195203,0.0,0.40342910827210343
3.8759999990000003,1.570896357371905,0.0,0.30122934692432957
3.879999999,1.5702204835217954,0.0,0.14335233791009036
3.8839999990000003,1.569817811334702,0.0,0.10670912190806034
3.887999999,1.5697111380062285,0.0,0.10237754996874247
3.8919999990000003,1.5696500440304142,0.0,0.09719626353607386
3.895999999,1.569625282310369,0.0,0.09147131006469214
3.8999999990000003,1.5696213131176875,0.0,0.08553486561667774
3.903999999,1.5696400389152165,0.0,0.07917559060403405
3.9079999990000003,1.569676835747181,0.0,0.07585633725231367
3.911999999,1.5697253054689235,0.0,0.07633059260599942
3.9159999990000003,1.5697805629857242,0.0,0.0792859308820318
3.919999999,1.5698389626856692,0.0,0.08162871759098571
3.9239999990000003,1.5698978414516838,0.0,0.08338344860857924
3.927999999,1.5699553141378075,0.0,0.08458478892397772
3.9319999990000003,1.5700101013594632,0.0,0.08527379305902824
3.935999999,1.5700613873910643,0.0,0.08549505657922309
3.9399999990000003,1.5701087050328069,0.0,0.0852946068249163
3.943999999,1.5701518438206352,0.0,0.08471837243314297
3.9479999990000003,1.5701907779172473,0.0,0.08381132153760304
3.951999999,1.5702256102546879,0.0,0.08262179893337564
3.9559999990000003,1.5702565717028878,0.0,0.08122266378801431
3.959999999,1.5702839753606914,0.0,0.07965582090926412
3.9639999990000003,1.5703081119211932,0.0,0.07795381167556745
3.967999999,1.5703292556634407,0.0,0.0761525842534769
3.9719999990000003,1.5703476761160193,0.0,0.07428214890354103
3.975999999,1.5703636435905406,0.0,0.07236338162297333
3.979999999,1.5703774073093975,0.0,0.07041426775789532
3.983999999,1.5703891875244784,0.0,0.06845032789830797
3.987999999,1.5703991810387987,0.0,0.06648473319318804
3.991999999,1.5704075698200881,0.0,0.06452863824938307
3.995999999,1.5704145262374989,0.0,0.06259135925131819
3.999999999,1.5704202153890041,0.0,0.06068049886101758
4.003999999,1.5704247868958578,0.0,0.05880220301069883
4.007999999,1.5704283756575117,0.0,0.05696137032940339
4.011999999,1.5704311032976197,0.0,0.05516183244554313
4.015999999,1.5704330793897463,0.0,0.0534065095803702
4.019999999,1.5704344025240609,0.0,0.05169754510676254
4.023999999,1.5704351612558012,0.0,0.0500364221274982
4.027999999,1.5704354349625533,0.0,0.04842526534749892
4.031999999,1.5704352946282387,0.0,0.04687180592207594
4.035999999,1.5704348035656919,0.0,0.045366750718704094
4.039999999,1.5704340180858083,0.0,0.04390985768903828
4.043999999,1.5704329881187364,0.0,0.0425006177950446
4.047999999,1.5704317577910254,0.0,0.041138303864119624
4.051999999,1.57043036596167,0.0,0.03982201286496116
4.055999999,1.5704288467194258,0.0,0.038550702408572314
4.059999999,1.5704272298434288,0.0,0.037323222175800634
4.063999999,1.570425541228985,0.0,0.0361383408859405
4.067999999,1.5704238032802975,0.0,0.03499476934700293
4.071999999,1.57042203527185,0.0,0.033891180064739526
4.075999999,1.570420253680146,0.0,0.032826223832423
4.079999999,1.5704184724874892,0.0,0.031798543675325724
4.083999999,1.5704167034594758,0.0,0.030806786481540817
4.087999999,1.5704149563978411,0.0,0.02984961261344336
4.091999999,1.5704132393702754,0.0,0.028925703760956847
4.095999999,1.5704115589187904,0.0,0.028033769268240773
4.099999999,1.570409920248163,0.0,0.027172551139125662
4.103999999,1.5704083273959357,0.0,0.026340827903070657
4.1079999990000005,1.570406783385383,0.0,0.02553741750239909
4.111999999,1.5704052903628032,0.0,0.024761179342744022
4.115999999,1.5704038497204131,0.0,0.024011015631809695
4.119999999,1.5704024622060626,0.0,0.02328587211650701
4.123999999,1.5704011280209054,0.0,0.02258473831508806
4.127999999,1.5703998469061013,0.0,0.02190664732891352
4.131999999,1.5703986182195497,0.0,0.02125067530778043
4.135999999,1.5703974410035781,0.0,0.02061594063322487
4.139999999,1.5703963140444526,0.0,0.020001602875752526
4.143999999,1.570395235924512,0.0,0.01940686157442365
4.147999999,1.57039420506765,0.0,0.018830954880543833
4.151999999,1.5703932197788335,0.0,0.018273158101338133
4.155999999,1.5703922782782653,0.0,0.01773278217424238
4.159999999,1.5703913787307693,0.0,0.01720917209785972
4.163999999,1.5703905192709042,0.0,0.01670170534159366
4.167999999,1.570389698024287,0.0,0.016209790252380923
4.171999999,1.5703889131255457,0.0,0.01573286447386453
4.175999999,1.5703881627332938,0.0,0.015270393390596115
4.179999999,1.5703874450424735,0.0,0.014821868607504915
4.183999999,1.5703867582943898,0.0,0.014510412102501672
4.187999999,1.5703861007847162,0.0,0.01450505444417057
4.191999999,1.5703854708697256,0.0,0.014504013953377456
4.195999999,1.5703848669709881,0.0,0.014506826712463946
4.199999999,1.5703842875787282,0.0,0.014513057376562286
4.203999999,1.570383731254035,0.0,0.01452229819705926
4.207999999,1.570383196630088,0.0,0.014534168035855933
4.211999999,1.570382682412539,0.0,0.01454831137440559
4.215999999,1.5703821873791919,0.0,0.01456439732117707
4.219999999,1.5703817103790843,0.0,0.014582118620876735
4.223999999,1.5703812503310774,0.0,0.014601190668476541
4.227999999,1.570380806222047,0.0,0.014621350530818976
4.231999999,1.5703803771047486,0.0,0.014642355978313273
4.235999999,1.5703799620954302,0.0,0.01466398452900236
4.239999999,1.5703795603712523,0.0,0.014686032507045881
4.243999999,1.5703791711675643,0.0,0.014708314117462698
4.247999999,1.5703787937750897,0.0,0.014730660538767088
4.251999999,1.570378427537053,0.0,0.014752919034951248
4.255999999,1.5703780718462812,0.0,0.014774952088088052
4.259999999,1.5703777261423193,0.0,0.014796636552665304
4.263999999,1.5703773899085665,0.0,0.014817862832602401
4.267999999,1.570377062669469,0.0,0.014838534081758
4.271999999,1.5703767439877787,0.0,0.014858565428598395
4.275999999,1.5703764334618895,0.0,0.01487788322557058
4.279999999,1.5703761307232669,0.0,0.014896424323598917
4.283999999,1.570375835433979,0.0,0.014914202028138658
4.287999999,1.5703755473448953,0.0,0.014931003577504999
4.291999999,1.570375266092829,0.0,0.01494688892267215
4.295999999,1.5703749912584655,0.0,0.014961843083570325
4.299999999,1.5703747226080578,0.0,0.01497588835318976
4.303999999,1.5703744597709288,0.0,0.014989042209668103
4.307999999,1.5703742025228802,0.0,0.015001321177897509
4.311999999,1.5703739507132464,0.0,0.015012741020987048
4.315999999,1.5703737042360792,0.0,0.015023317042536935
4.319999999,1.57037346301095,0.0,0.015033064410849563
4.323999999,1.5703732269704824,0.0,0.015041998457186947
4.327999999,1.5703729960525374,0.0,0.015050134925338032
4.331999999,1.5703727701955656,0.0,0.015057490164713793
4.335999999,1.570372549336071,0.0,0.01506408126764952
4.339999999,1.5703723334074458,0.0,0.015069926155991413
4.343999999,1.570372122339663,0.0,0.015075043623999296
4.347999999,1.5703719160594742,0.0,0.015079453345090952
4.351999999,1.5703717144908769,0.0,0.0150831758496439
4.355999999,1.5703715175557,0.0,0.015086232480369848
4.359999999,1.5703713251742089,0.0,0.015088645330910115
4.363999999,1.5703711372656772,0.0,0.015090437172401912
4.367999999,1.5703709537488895,0.0,0.01509163137193859
4.371999999,1.5703707745425635,0.0,0.015092251806091457
4.375999999,1.5703705995656956,0.0,0.015092322772020791
4.379999999,1.5703704287378226,0.0,0.01509186889815337
4.383999999,1.5703702619792201,0.0,0.015090915055957421
4.387999999,1.5703700992110396,0.0,0.015089486273973739
4.391999999,1.5703699403553952,0.0,0.01508760765496342
4.395999999,1.5703697853354146,0.0,0.01508530429679954
4.399999999,1.5703696340752578,0.0,0.015082601217528895
4.403999999,1.5703694865001132,0.0,0.01507952328489634
4.407999999,1.5703693425361793,0.0,0.015076095150491619
4.411999999,1.5703692021106352,0.0,0.015072341188600125
4.415999999,1.5703690651516065,0.0,0.01506828543976022
4.419999999,1.5703689315881262,0.0,0.015063951558979353
4.423999999,1.5703688013501003,0.0,0.015059362768524891
4.427999999,1.5703686743682703,0.0,0.01505454181516583
4.431999999,1.5703685505741858,0.0,0.015049510931726257
4.435999999,1.5703684299001746,0.0,0.01504429180279557
4.439999999,1.5703683122793226,0.0,0.01503890553442322
4.443999999,1.5703681976454582,0.0,0.015033372627624882
4.447999999,1.5703680859331424,0.0,0.015027712955520406
4.451999999,1.5703679770776597,0.0,0.015021945743920847
4.455999999,1.5703678710150195,0.0,0.015016089555181376
4.459999999,1.5703677676819563,0.0,0.015010162275143015
4.463999999,1.5703676670159388,0.0,0.015004181102981897
4.467999999,1.5703675689551768,0.0,0.014998162543790414
4.471999999,1.5703674734386357,0.0,0.014992122403722668
4.475999999,1.5703673804060498,0.0,0.014986075787532624
4.479999999,1.570367289797937,0.0,0.014980037098346959
4.483999999,1.5703672015556176,0.0,0.01497402003951182
4.487999999,1.57036711562123,0.0,0.01496803761836402
4.491999999,1.570367031937751,0.0,0.014962102151777932
4.495999999,1.570366950449012,0.0,0.014956225273347352
4.499999999,1.5703668710997172,0.0,0.014950417942068155
4.503999999,1.570366793835461,0.0,0.01494469045238739
4.507999999,1.5703667186027437,0.0,0.01493905244549784
4.511999999,1.570366645348986,0.0,0.014933512921755274
4.515999999,1.5703665740225434,0.0,0.014928080254106897
4.519999999,1.5703665045727173,0.0,0.014922762202418388
4.523999999,1.5703664369497679,0.0,0.014917565928600478
4.527999999,1.5703663711049218,0.0,0.014912498012433132
4.531999999,1.5703663069903804,0.0,0.014907564467993703
4.535999999,1.5703662445593256,0.0,0.014902770760603942
4.539999999,1.5703661837659242,0.0,0.014898121824207567
4.543999999,1.57036612456533,0.0,0.014893622079101958
4.547999999,1.5703660669136856,0.0,0.014889275449951677
4.551999999,1.5703660107681212,0.0,0.014885085384007343
4.555999999,1.5703659560867531,0.0,0.014881054869471095
4.559999999,1.5703659028286785,0.0,0.014877186453944024
4.563999999,1.5703658509539724,0.0,0.01487348226289854
4.567999999,1.5703658004236793,0.0,0.014869944018121663
4.571999999,1.5703657511998064,0.0,0.014866572780504064
4.575999999,1.5703657032453144,0.0,0.014863368316243677
4.579999999,1.5703656565165893,0.0,0.014860331770582581
4.5839999989999995,1.5703656109626185,0.0,0.014857464053093586
4.587999999,1.5703655665414216,0.0,0.014854765598436842
4.591999999,1.5703655232182583,0.0,0.014852236410869924
4.595999999,1.5703654809631054,0.0,0.014849876108029398
4.599999999,1.570365439748894,0.0,0.01484768396173136
4.603999999,1.570365399550331,0.0,0.014845658934856601
4.6079999990000005,1.570365360343129,0.0,0.014843799714150167
4.611999999,1.570365322103525,0.0,0.014842104739174128
4.615999999,1.5703652848080103,0.0,0.014840572227832157
4.619999999,1.5703652484331896,0.0,0.014839200198950653
4.6239999990000005,1.570365212955734,0.0,0.014837986492389805
4.627999999,1.5703651783523889,0.0,0.01483692878710294
4.631999999,1.5703651446000153,0.0,0.014836024617509347
4.635999999,1.5703651116756467,0.0,0.01483527138848003
4.6399999990000005,1.5703650795565502,0.0,0.014834666389170881
4.643999999,1.5703650482202904,0.0,0.014834206805893214
4.647999999,1.5703650176447834,0.0,0.014833889734165181
4.651999999,1.5703649878083463,0.0,0.01483371219005277
4.6559999990000005,1.5703649586897372,0.0,0.014833671120881513
4.659999999,1.5703649302681877,0.0,0.014833763415378957
4.663999999,1.5703649025234254,0.0,0.014833985913291945
4.667999999,1.5703648754356923,0.0,0.014834335414514139
4.6719999990000005,1.5703648489857551,0.0,0.014834808687741962
4.675999999,1.5703648231549094,0.0,0.014835402478683864
4.679999999,1.5703647979249802,0.0,0.01483610956436778
4.683999999,1.5703647732766939,0.0,0.014836927857860392
4.6879999990000005,1.5703647491831476,0.0,0.014837857527008634
4.691999999,1.5703647256214495,0.0,0.01483889852950834
4.695999999,1.5703647025734249,0.0,0.01484005051872986
4.699999999,1.5703646800240068,0.0,0.014841312808242694
4.7039999990000005,1.5703646579601211,0.0,0.014842684372157822
4.707999999,1.5703646363699146,0.0,0.01484416386613029
4.711999999,1.5703646152422421,0.0,0.01484574965916395
4.715999999,1.5703645945663356,0.0,0.014847439869962687
4.719999999,1.570364574331604,0.0,0.014849232403992777
4.723999999,1.5703645545275224,0.0,0.014851124989026744
4.727999999,1.5703645351435807,0.0,0.014853115207975661
4.731999999,1.5703645161692703,0.0,0.014855200528490927
4.735999999,1.570364497594095,0.0,0.014857378329207345
4.739999999,1.5703644794075944,0.0,0.014859645922747607
4.743999999,1.5703644615993753,0.0,0.014862000575732757
4.747999999,1.5703644441591404,0.0,0.014864439526094916
4.751999999,1.5703644270767207,0.0,0.014866959998005172
4.755999999,1.5703644103420982,0.0,0.014869559214722184
4.759999999,1.5703643939454401,0.0,0.014872234409634534
4.763999999,1.5703643778771006,0.0,0.014874982835748205
4.767999999,1.5703643621276482,0.0,0.014877801773832283
4.771999999,1.5703643466878734,0.0,0.01488068853940772
4.775999999,1.5703643315487943,0.0,0.014883640488739082
4.779999999,1.570364316701664,0.0,0.014886655023960155
4.783999999,1.5703643021379714,0.0,0.014889729597446055
4.787999999,1.5703642878494413,0.0,0.01489286171552421
4.791999999,1.5703642738280332,0.0,0.014896048941605225
4.795999999,1.5703642600659382,0.0,0.014899288898800765
4.799999999,1.5703642465555752,0.0,0.014902579272079953
4.803999999,1.5703642332895849,0.0,0.014905917810019225
4.807999999,1.570364220260827,0.0,0.01490930232618063
4.811999999,1.5703642074623736,0.0,0.01491273070015959
4.815999999,1.5703641825296883,0.0,0.014916200878329513
4.819999999,1.5703641825296883,0.0,0.014919710874313624
4.823999999,1.5703641703826063,0.0,0.014923258769207378
4.827999999,1.5703641584401151,0.0,0.014926842711575787
4.831999999,1.5703641466962566,0.0,0.014930460917242507
4.835999999,1.5703641351452486,0.0,0.014934111668894069
4.839999999,1.5703641237814778,0.0,0.01493779331551239
4.843999999,1.5703641125995027,0.0,0.014941504271654143
4.847999999,1.5703641015940346,0.0,0.01494524301659046
4.851999999,1.5703640907599419,0.0,0.014949008093322655
4.855999999,1.5703640800922423,0.0,0.014952798107485234
4.859999999,1.5703640695860985,0.0,0.014956611726149243
4.863999999,1.5703640592368144,0.0,0.014960447676538495
4.867999999,1.570364049039829,0.0,0.014964304744667872
4.871999999,1.5703640389907134,0.0,0.01496818177391525
4.875999999,1.5703640290851661,0.0,0.01497207766353644
4.879999999,1.5703640193190098,0.0,0.0149759913671315
4.883999999,1.5703640096881877,0.0,0.014979921891072136
4.887999999,1.5703640001887575,0.0,0.014983868292896808
4.891999999,1.570363990816893,0.0,0.01498782967968178
4.895999999,1.5703639815688755,0.0,0.014991805206395255
4.899999999,1.570363972441093,0.0,0.014995794074239972
4.903999999,1.5703639634300373,0.0,0.014999795528991281
4.907999999,1.5703639545323016,0.0,0.015003808859336295
4.911999999,1.5703639457445748,0.0,0.015007833395217576
4.915999999,1.5703639370636397,0.0,0.01501186850618762
4.919999999,1.5703639284863768,0.0,0.01501591359977886
4.923999999,1.5703639200097508,0.0,0.015019968119891286
4.927999999,1.5703639116308141,0.0,0.01502403154520183
4.931999999,1.5703639033467043,0.0,0.015028103387600834
4.935999999,1.5703638951546417,0.0,0.015032183190653673
4.939999999,1.5703638870519254,0.0,0.015036270528095893
4.943999999,1.5703638790359333,0.0,0.015040365002360457
4.947999999,1.5703638711041177,0.0,0.015044466243138106
4.951999999,1.5703638632540042,0.0,0.015048573905976935
4.955999999,1.5703638554831907,0.0,0.015052687670918684
4.959999999,1.570363847789344,0.0,0.015056807241173248
4.963999999,1.5703638401701987,0.0,0.01506093234183561
4.967999999,1.5703638326235534,0.0,0.015065062718642995
4.971999999,1.5703638251472725,0.0,0.015069198136772698
4.975999999,1.570363817739281,0.0,0.015073338379682038
4.979999999,1.570363810397564,0.0,0.015077483247993082
4.983999999,1.570363803120166,0.0,0.015081632558415624
4.987999999,1.5703637959051884,0.0,0.015085786142716842
4.991999999,1.5703637887507869,0.0,0.015089943846728501
4.995999999,1.5703637816551719,0.0,0.015094105529400152
4.999999999,1.570363774616605,0.0,0.015098271061891636
5.003999999,1.5703637676334,0.0,0.015102440326706447
5.007999999,1.5703637607039185,0.0,0.015106613216865778
5.011999999,1.5703637538265707,0.0,0.015110789635122157
5.015999999,1.5703637469998135,0.0,0.015114969493211467
5.019999999,1.5703637402221489,0.0,0.015119152711144656
5.023999999,1.5703637334921228,0.0,0.01512333921653368
5.027999999,1.5703637268083237,0.0,0.015127528943955974
5.031999999,1.570363720169381,0.0,0.015131721834353738
5.035999999,1.5703637135739654,0.0,0.015135917834466639
5.039999999,1.5703637070207865,0.0,0.01514011689629827
5.043999999,1.5703637005085906,0.0,0.015144318976614692
5.047999999,1.570363694036162,0.0,0.015148524036473602
5.051999999,1.5703636876023213,0.0,0.015152732040785112
5.055999999,1.570363681205922,0.0,0.01515694295789822
5.059999999,1.570363674845851,0.0,0.015161156759218357
5.063999999,1.5703636685210332,0.0,0.015165373418849423
5.067999999,1.5703636622304193,0.0,0.015169592913261752
5.071999999,1.5703636559729925,0.0,0.015173815220985683
5.075999999,1.5703636497477667,0.0,0.015178040322326827
5.079999999,1.5703636435537847,0.0,0.015182268199104855
5.083999999,1.5703636373901164,0.0,0.015186498834412506
5.087999999,1.5703636312558604,0.0,0.015190732212396035
5.091999999,1.570363625150141,0.0,0.015194968318053162
5.095999999,1.5703636190721089,0.0,0.015199207137050953
5.099999999,1.570363613020939,0.0,0.015203448655559419
5.103999999,1.5703636069958307,0.0,0.015207692860102174
5.1079999990000005,1.5703636009960074,0.0,0.015211939737422265
5.111999999,1.5703635950207142,0.0,0.015216189274361809
5.115999999,1.5703635890692194,0.0,0.01522044145775667
5.119999999,1.5703635831408125,0.0,0.015224696274341303
5.123999999,1.5703635772348032,0.0,0.015228953710668056
5.127999999,1.5703635713505224,0.0,0.01523321375303545
5.131999999,1.5703635654873196,0.0,0.015237476387429205
5.135999999,1.5703635596445638,0.0,0.015241741599469416
5.139999999,1.5703635538216423,0.0,0.015246009374370083
5.143999999,1.5703635480179605,0.0,0.015250279696904408
5.147999999,1.5703635422329403,0.0,0.015254552551378092
5.151999999,1.5703635364660198,0.0,0.01525882792161188
5.155999999,1.5703635307166584,0.0,0.015263105790926277
5.159999999,1.5703635249843253,0.0,0.015267386142135717
5.163999999,1.5703635192685081,0.0,0.015271668957546171
5.167999999,1.5703635135687077,0.0,0.015275954218958545
5.171999999,1.5703635078844402,0.0,0.015280241907674743
5.175999999,1.5703635022152367,0.0,0.015284532004509575
5.179999999,1.5703634965606397,0.0,0.01528882448980476
5.183999999,1.5703634909202062,0.0,0.015293119343446269
5.187999999,1.570363485293506,0.0,0.015297416544884477
5.191999999,1.5703634796801214,0.0,0.015301716073156264
5.195999999,1.5703634740796464,0.0,0.015306017906909062
5.199999999,1.5703634684916863,0.0,0.01531032202442812
5.203999999,1.5703634629158585,0.0,0.015314628403662019
5.207999999,1.570363457351791,0.0,0.015318937022251854
5.211999999,1.5703634517991227,0.0,0.015323247857560465
5.215999999,1.5703634462575025,0.0,0.015327560886702788
5.219999999,1.570363440726589,0.0,0.015331876086574499
5.223999999,1.5703634352060516,0.0,0.015336193433884671
5.227999999,1.570363429695569,0.0,0.015340512905184218
5.231999999,1.5703634241948279,0.0,0.015344834476897749
5.235999999,1.570363418703525,0.0,0.015349158125353188
5.239999999,1.5703634132213646,0.0,0.015353483826811426
5.243999999,1.5703634077480608,0.0,0.01535781155749603
5.247999999,1.5703634022833328,0.0,0.015362141293621024
5.251999999,1.5703633968269144,0.0,0.01536647301141979
5.255999999,1.5703633913785402,0.0,0.015370806687171206
5.259999999,1.5703633859379549,0.0,0.01537514229722596
5.263999999,1.5703633805049102,0.0,0.0153794798180339
5.267999999,1.5703633750791655,0.0,0.01538381922616526
5.271999999,1.5703633696604862,0.0,0.015388160498335553
5.275999999,1.5703633642486436,0.0,0.015392503611428443
5.279999999,1.5703633588434174,0.0,0.015396848542515483
5.283999999,1.5703633534445922,0.0,0.015401195268877605
5.287999999,1.570363348051959,0.0,0.015405543768022797
5.291999999,1.5703633426653147,0.0,0.0154098940177043
5.295999999,1.5703633372844623,0.0,0.015414245995938136
5.299999999,1.570363331909209,0.0,0.015418599681017456
5.303999999,1.5703633265393688,0.0,0.015422955051527552
5.307999999,1.5703633211747612,0.0,0.015427312086359012
5.311999999,1.570363315815209,0.0,0.015431670764720391
5.315999999,1.5703633104605421,0.0,0.015436031066148099
5.319999999,1.5703633051105934,0.0,0.015440392970518373
5.323999999,1.570363299765201,0.0,0.015444756458054511
5.327999999,1.5703632944242083,0.0,0.015449121509336253
5.331999999,1.5703632890874628,0.0,0.01545348810530512
5.335999999,1.5703632837548136,0.0,0.015457856227272786
5.339999999,1.5703632784261208,0.0,0.01546222585692454
5.343999999,1.5703632731012418,0.0,0.015466596976324087
5.347999999,1.5703632677800408,0.0,0.015470969567917084
5.351999999,1.5703632624623851,0.0,0.015475343490328631
5.355999999,1.570363257148146,0.0,0.015479718841641125
5.359999999,1.5703632518354238,0.0,0.015484096787423575
5.363999999,1.570363246527548,0.0,0.015488478442139724
5.367999999,1.570363241236163,0.0,0.015492864787194712
5.371999999,1.5703632359762365,0.0,0.015497256658976033
5.375999999,1.5703632307628415,0.0,0.015501654749796952
5.379999999,1.5703632256093492,0.0,0.01550605961638549
5.383999999,1.5703632205265505,0.0,0.015510471692341684
5.387999999,1.5703632155223717,0.0,0.015514891302241653
5.391999999,1.5703632106019456,0.0,0.015519318675936164
5.395999999,1.5703632057678827,0.0,0.015523753962179221
5.399999999,1.570363201020642,0.0,0.015528197241122836
5.403999999,1.5703631963589282,0.0,0.015532648535467384
5.407999999,1.5703631917800787,0.0,0.015537107820225708
5.411999999,1.570363187280426,0.0,0.015541575031154603
5.415999999,1.5703631828555935,0.0,0.015546050071955397
5.419999999,1.570363178500766,0.0,0.015550532820381897
5.423999999,1.5703631742108985,0.0,0.015555023133385597
5.427999999,1.5703631699808878,0.0,0.01555952085144061
5.431999999,1.5703631658056985,0.0,0.015564025802166157
5.435999999,1.5703631616804632,0.0,0.01556853780335792
5.439999999,1.5703631576005477,0.0,0.015573056665528185
5.443999999,1.5703631535615972,0.0,0.015577582194029797
5.447999999,1.570363149559563,0.0,0.015582114190839862
5.451999999,1.5703631455907157,0.0,0.01558665245605939
5.455999999,1.5703631416516453,0.0,0.015591196789175183
5.459999999,1.570363137739255,0.0,0.015595746990124615
5.463999999,1.5703631338507498,0.0,0.015600302860195899
5.467999999,1.5703631299836174,0.0,0.015604864202789637
5.471999999,1.5703631261356126,0.0,0.015609430824063127
5.475999999,1.570363122304735,0.0,0.015614002533475967
5.479999999,1.5703631184892077,0.0,0.01561857914424963
5.483999999,1.570363114687459,0.0,0.015623160473753563
5.487999999,1.5703631108981004,0.0,0.01562774634382702
5.491999999,1.5703631071199085,0.0,0.015632336581047068
5.495999999,1.5703631033518055,0.0,0.015636931016944564
5.499999999,1.5703630995928506,0.0,0.015641529488178464
5.503999999,1.5703630958422121,0.0,0.01564613183666942
5.507999999,1.5703630920991631,0.0,0.015650737909701364
5.511999999,1.570363088363066,0.0,0.015655347559989978
5.515999999,1.5703630846333605,0.0,0.015659960645723944
5.519999999,1.5703630809095566,0.0,0.015664577030580266
5.523999999,1.5703630771912227,0.0,0.01566919658371955
5.527999999,1.570363073477979,0.0,0.01567381917975902
5.531999999,1.5703630697694901,0.0,0.015678444698726125
5.535999999,1.57036306606546,0.0,0.015683073026000378
5.539999999,1.5703630623656253,0.0,0.015687704052235858
5.543999999,1.5703630586697517,0.0,0.015692337673275016
5.547999999,1.5703630549776293,0.0,0.015696973790047843
5.551999999,1.5703630512890692,0.0,0.015701612308463887
5.555999999,1.570363047603901,0.0,0.015706253139294687
5.559999999,1.5703630439219696,0.0,0.01571089619804816
5.563999999,1.570363040243133,0.0,0.015715541404838277
5.567999999,1.5703630365672607,0.0,0.015720188684248345
5.571999999,1.5703630328942328,0.0,0.015724837965190853
5.575999999,1.5703630292239361,0.0,0.015729489180764607
5.579999999,1.5703630255562635,0.0,0.015734142268107376
5.5839999989999995,1.5703630218911206,0.0,0.01573879716824859
5.587999999,1.5703630182284112,0.0,0.015743453825961068
5.591999999,1.5703630145680467,0.0,0.0157481121896114
5.595999999,1.5703630109099413,0.0,0.01575277221101076
5.599999999,1.5703630072540138,0.0,0.01575743384526772
5.603999999,1.5703630036001852,0.0,0.015762097050640692
5.6079999990000005,1.5703629999483808,0.0,0.01576676178839268
5.611999999,1.5703629962985264,0.0,0.015771428022648252
5.615999999,1.5703629926505507,0.0,0.01577609572025301
5.619999999,1.570362989004386,0.0,0.015780764850634798
5.6239999990000005,1.570362985359964,0.0,0.015785435385669372
5.627999999,1.5703629817172204,0.0,0.0157901072995475
5.631999999,1.5703629780760906,0.0,0.01579478056864752
5.635999999,1.570362974436513,0.0,0.01579945517140928
5.6399999990000005,1.5703629707984266,0.0,0.015804131088213904
5.643999999,1.5703629671617725,0.0,0.015808808301265218
5.647999999,1.5703629635264924,0.0,0.01581348679447803
5.651999999,1.5703629598925284,0.0,0.015818166553366524
5.6559999990000005,1.5703629562598294,0.0,0.015822847564939707
5.659999999,1.5703629526283391,0.0,0.01582752981760053
5.663999999,1.5703629489980053,0.0,0.015832213301047924
5.667999999,1.5703629453687773,0.0,0.015836898006183136
5.6719999990000005,1.5703629417406035,0.0,0.015841583925021246
5.675999999,1.5703629381134363,0.0,0.015846271050605994
5.679999999,1.570362934487228,0.0,0.015850959376928302
5.683999999,1.5703629308619322,0.0,0.015855648898849287
5.6879999990000005,1.570362927237503,0.0,0.015860339612026614
5.691999999,1.5703629236138974,0.0,0.015865031512844293
5.695999999,1.5703629199910716,0.0,0.01586972459834826
5.699999999,1.5703629163689843,0.0,0.0158744188661828
5.7039999990000005,1.5703629127475944,0.0,0.015879114314532584
5.707999999,1.5703629091268632,0.0,0.015883810942067002
5.711999999,1.570362905506751,0.0,0.015888508747888514
5.715999999,1.5703629018872214,0.0,0.01589320773148342
5.719999999,1.570362898268238,0.0,0.01589790789267728
5.723999999,1.5703628946497648,0.0,0.0159026092315914
5.727999999,1.5703628910317677,0.0,0.015907311748603496
5.731999999,1.5703628874142135,0.0,0.015912015444310857
5.735999999,1.5703628837970702,0.0,0.015916720319495956
5.739999999,1.570362880180304,0.0,0.015921426375095603
5.743999999,1.570362876563889,0.0,0.015926133612170976
5.747999999,1.5703628729477925,0.0,0.01593084203188116
5.751999999,1.5703628693319869,0.0,0.0159355516354587
5.755999999,1.570362865716444,0.0,0.015940262424186714
5.759999999,1.5703628621011367,0.0,0.015944974399379485
5.763999999,1.570362858486039,0.0,0.015949687562363396
5.767999999,1.5703628548711255,0.0,0.015954401914459907
5.771999999,1.5703628512563717,0.0,0.01595911745697119
5.775999999,1.570362847641754,0.0,0.01596383419116678
5.779999999,1.5703628440272488,0.0,0.015968552118271695
5.783999999,1.5703628404128345,0.0,0.015973271239456518
5.787999999,1.5703628367984888,0.0,0.01597799155582724
5.791999999,1.5703628331841912,0.0,0.015982713068418874
5.795999999,1.5703628295699215,0.0,0.0159874357781884
5.799999999,1.5703628259556597,0.0,0.015992159686008308
5.803999999,1.570362822341387,0.0,0.015996884792663882
5.807999999,1.5703628187270853,0.0,0.016001611098848175
5.811999999,1.5703628151127336,0.0,0.016006338605160285
5.815999999,1.5703628114983201,0.0,0.01601106731210278
5.819999999,1.5703628078838254,0.0,0.016015797220080986
5.823999999,1.5703628042692332,0.0,0.016020528329402515
5.827999999,1.5703628006545287,0.0,0.01602526064027748
5.831999999,1.5703627970396958,0.0,0.016029994152818323
5.835999999,1.5703627934247204,0.0,0.0160347288670424
5.839999999,1.570362789809588,0.0,0.016039464782872354
5.843999999,1.5703627861942853,0.0,0.016044201900139127
5.847999999,1.5703627825787987,0.0,0.01604894021858273
5.851999999,1.5703627789631154,0.0,0.016053679737856867
5.855999999,1.5703627753472231,0.0,0.016058420457531336
5.859999999,1.5703627717311102,0.0,0.016063162377094313
5.863999999,1.5703627681147643,0.0,0.01606790549595624
5.867999999,1.5703627644981741,0.0,0.016072649813453355
5.871999999,1.5703627608813273,0.0,0.016077395328852342
5.875999999,1.5703627572642178,0.0,0.01608214204135228
5.879999999,1.5703627536468323,0.0,0.016086889950089663
5.883999999,1.5703627500291613,0.0,0.016091639054141908
5.887999999,1.5703627464111958,0.0,0.016096389352532006
5.891999999,1.5703627427929256,0.0,0.016101140844230994
5.895999999,1.5703627391743424,0.0,0.016105893528163443
5.899999999,1.570362735555438,0.0,0.016110647403210363
5.903999999,1.570362731936203,0.0,0.016115402468213493
5.907999999,1.5703627283166275,0.0,0.016120158721979107
5.911999999,1.5703627246967085,0.0,0.016124916035994145
5.915999999,1.5703627210762787,0.0,0.01612967424774437
5.919999999,1.5703627174535686,0.0,0.016134433474879223
5.923999999,1.5703627138340812,0.0,0.016139193805735943
5.927999999,1.5703627102312103,0.0,0.01614395530441333
5.931999999,1.5703627066610888,0.0,0.01614871801576845
5.935999999,1.5703627031394949,0.0,0.016153481969887612
5.939999999,1.570362699680155,0.0,0.01615824718585713
5.943999999,1.5703626962939508,0.0,0.0161630136748056
5.947999999,1.5703626929887045,0.0,0.01616778144227398
5.951999999,1.5703626897693046,0.0,0.016172550490008944
5.955999999,1.5703626866380256,0.0,0.016177320817279222
5.959999999,1.5703626835949323,0.0,0.01618209242181389
5.963999999,1.570362680638305,0.0,0.016186865300452574
5.967999999,1.5703626777650501,0.0,0.01619163944957904
5.971999999,1.570362674971076,0.0,0.016196414865395
5.975999999,1.5703626722516053,0.0,0.01620119154408695
5.979999999,1.570362669601451,0.0,0.016205969481913978
5.983999999,1.5703626670152318,0.0,0.01621074867524685
5.987999999,1.570362664487546,0.0,0.016215529120577037
5.991999999,1.5703626620131033,0.0,0.016220310814506256
5.995999999,1.5703626595868185,0.0,0.016225093753729342
5.999999999,1.5703626572038811,0.0,0.016229877935012477
6.003999999,1.570362654859797,0.0,0.016234663355172776
6.007999999,1.5703626525504144,0.0,0.016239450011060662
6.011999999,1.570362650271931,0.0,0.01624423789954491
6.015999999,1.5703626480208943,0.0,0.016249027017502117
6.019999999,1.5703626457941913,0.0,0.016253817361811175
6.023999999,1.5703626435890294,0.0,0.0162586089293482
6.027999999,1.570362641402927,0.0,0.01626340171698601
6.031999999,1.5703626392336785,0.0,0.0162681957215962
6.035999999,1.5703626370793384,0.0,0.0162729909400517
6.039999999,1.5703626349381976,0.0,0.0162777873692326
6.043999999,1.5703626328087603,0.0,0.016282585006029974
6.047999999,1.5703626306897207,0.0,0.016287383847352083
6.051999999,1.5703626285799426,0.0,0.01629218389013244
6.055999999,1.5703626264784414,0.0,0.01629698513133383
6.059999999,1.5703626243843654,0.0,0.01630178756795608
6.063999999,1.5703626222969778,0.0,0.016306591197041177
6.067999999,1.5703626202156455,0.0,0.016311396015679446
6.071999999,1.5703626181398207,0.0,0.016316202021014404
6.075999999,1.570362616069038,0.0,0.016321009210247584
6.079999999,1.5703626140028928,0.0,0.016325817580642932
6.083999999,1.570362611941038,0.0,0.016330627129531674
6.087999999,1.570362609883176,0.0,0.01633543785431378
6.091999999,1.5703626078290502,0.0,0.016340249752462035
6.095999999,1.5703626057784381,0.0,0.0163450628215248
6.099999999,1.5703626037311484,0.0,0.016349877059127056
6.103999999,1.5703626016870142,0.0,0.01635469246297278
6.1079999990000005,1.570362599645889,0.0,0.01635950903084629
6.111999999,1.570362597607645,0.0,0.016364326760612564
6.115999999,1.5703625955721676,0.0,0.016369145650217794
6.119999999,1.5703625935393564,0.0,0.016373965697690278
6.123999999,1.570362591509119,0.0,0.016378786901139575
6.127999999,1.5703625894813695,0.0,0.016383609258756517
6.131999999,1.5703625874560367,0.0,0.01638843276881267
6.135999999,1.5703625854330467,0.0,0.01639325742965875
6.139999999,1.5703625834123336,0.0,0.016398083239724824
6.143999999,1.5703625813938344,0.0,0.016402910197517925
6.147999999,1.5703625793774891,0.0,0.016407738301621497
6.151999999,1.570362577363241,0.0,0.016412567550693393
6.155999999,1.5703625753510349,0.0,0.0164173979434641
6.159999999,1.5703625733408164,0.0,0.016422229478735673
6.163999999,1.5703625713325335,0.0,0.016427062155379025
6.167999999,1.5703625693261352,0.0,0.016431895972332643
6.171999999,1.570362567321569,0.0,0.01643673092860016
6.175999999,1.5703625653187905,0.0,0.016441567023248012
6.179999999,1.5703625633177487,0.0,0.016446404255404307
6.183999999,1.570362561318396,0.0,0.016451242624255173
6.187999999,1.570362559320685,0.0,0.016456082129044033
6.191999999,1.5703625573245696,0.0,0.016460922769068662
6.195999999,1.5703625553300042,0.0,0.016465764543679016
6.199999999,1.570362553336943,0.0,0.016470607452274962
6.203999999,1.5703625513453423,0.0,0.016475451494304866
6.207999999,1.5703625493551578,0.0,0.01648029666926208
6.211999999,1.570362547366344,0.0,0.01648514297668458
6.215999999,1.5703625453788639,0.0,0.01648999041615129
6.219999999,1.5703625433926727,0.0,0.016494838987280235
6.223999999,1.5703625414077302,0.0,0.01649968868972729
6.227999999,1.570362539423996,0.0,0.01650453952318384
6.231999999,1.5703625374414307,0.0,0.016509391487374674
6.235999999,1.570362535459996,0.0,0.016514244582056078
6.239999999,1.5703625334796538,0.0,0.016519098807013886
6.243999999,1.5703625315003678,0.0,0.01652395416206231
6.247999999,1.570362529522102,0.0,0.016528810647041987
6.251999999,1.5703625275448205,0.0,0.016533668261817704
6.255999999,1.5703625255684877,0.0,0.016538527006277014
6.259999999,1.5703625235930734,0.0,0.016543386880329497
6.263999999,1.5703625216185435,0.0,0.016548247883904216
6.267999999,1.5703625196448663,0.0,0.016553110016949292
6.271999999,1.5703625176720108,0.0,0.016557973279429206
6.275999999,1.5703625156999468,0.0,0.016562837671324496
6.279999999,1.5703625137286445,0.0,0.01656770319263048
6.283999999,1.5703625117580755,0.0,0.01657256984335614
6.287999999,1.5703625097882135,0.0,0.01657743762352167
6.291999999,1.570362507819028,0.0,0.01658230653315958
6.295999999,1.5703625058504977,0.0,0.0165871765723117
6.299999999,1.5703625038825948,0.0,0.016592047741029233
6.303999999,1.5703625019152956,0.0,0.016596920039371608
6.307999999,1.5703624999485755,0.0,0.016601793467405673
6.311999999,1.5703624979824118,0.0,0.01660666802520478
6.315999999,1.5703624960167821,0.0,0.01661154371284791
6.319999999,1.5703624940516645,0.0,0.016616420530419746
6.323999999,1.5703624920870383,0.0,0.01662129847800847
6.327999999,1.5703624901228832,0.0,0.016626177555706452
6.331999999,1.5703624881591793,0.0,0.016631057763610006
6.335999999,1.5703624861959073,0.0,0.016635939101816682
6.339999999,1.5703624842330495,0.0,0.016640821570427313
6.343999999,1.570362482270587,0.0,0.016645705169544202
6.347999999,1.5703624803085035,0.0,0.0166505898992705
6.351999999,1.570362478346782,0.0,0.01665547575971046
6.355999999,1.5703624763854043,0.0,0.01666036275096939
6.359999999,1.5703624744243585,0.0,0.01666525087315196
6.363999999,1.5703624724636278,0.0,0.01667014012636319
6.367999999,1.570362470503198,0.0,0.016675030510707553
6.371999999,1.570362468543054,0.0,0.016679922026289054
6.375999999,1.570362466583183,0.0,0.01668481467321157
6.379999999,1.5703624646235714,0.0,0.016689708451576586
6.383999999,1.5703624626642065,0.0,0.01669460336148528
6.387999999,1.5703624607050761,0.0,0.01669949940303772
6.391999999,1.5703624587461682,0.0,0.01670439657633145
6.395999999,1.5703624567874708,0.0,0.01670929488146392
6.399999999,1.5703624548289734,0.0,0.016714194318529742
6.403999999,1.570362452870665,0.0,0.016719094887623055
6.407999999,1.5703624509125333,0.0,0.016723996588834982
6.411999999,1.5703624489545724,0.0,0.016728899422255153
6.415999999,1.5703624469967707,0.0,0.01673380338797221
6.419999999,1.5703624450391183,0.0,0.016738708486071868
6.423999999,1.5703624430816063,0.0,0.016743614716638423
6.427999999,1.5703624411242258,0.0,0.016748522079754136
6.431999999,1.570362439166969,0.0,0.01675343057549982
6.435999999,1.570362437209827,0.0,0.016758340203953972
6.439999999,1.5703624352527923,0.0,0.016763250965194185
6.443999999,1.570362433295857,0.0,0.016768162859294354
6.447999999,1.570362431339012,0.0,0.016773075886328842
6.451999999,1.5703624293822538,0.0,0.01677799004636914
6.455999999,1.5703624274255743,0.0,0.0167829053394853
6.459999999,1.5703624254689663,0.0,0.016787821765745427
6.463999999,1.5703624235124234,0.0,0.016792739325216754
6.467999999,1.5703624215559393,0.0,0.01679765801796457
6.471999999,1.5703624195995085,0.0,0.016802577844053087
6.475999999,1.5703624176431246,0.0,0.016807498803545033
6.479999999,1.5703624156867821,0.0,0.01681242089650161
6.483999999,1.5703624137304761,0.0,0.01681734412298303
6.487999999,1.5703624117741986,0.0,0.016822268483048495
6.491999999,1.570362409817949,0.0,0.01682719397675542
6.495999999,1.5703624078617204,0.0,0.01683212060416118
6.499999999,1.570362405905508,0.0,0.0168370483653216
6.503999999,1.5703624039493072,0.0,0.016841977260290904
6.507999999,1.5703624019931135,0.0,0.016846907289124115
6.511999999,1.5703624000369227,0.0,0.01685183845187422
6.515999999,1.570362398080731,0.0,0.01685677074859442
6.519999999,1.570362396124534,0.0,0.016861704179336075
6.523999999,1.5703623941683285,0.0,0.01686663874415071
6.527999999,1.57036239221211,0.0,0.016871574443089458
6.531999999,1.5703623902558752,0.0,0.016876511276202866
6.535999999,1.5703623882996198,0.0,0.016881449243540285
6.539999999,1.570362386343342,0.0,0.01688638834515178
6.543999999,1.5703623843870376,0.0,0.016891328581086756
6.547999999,1.5703623824307031,0.0,0.016896269951394153
6.551999999,1.5703623804743365,0.0,0.01690121245612247
6.555999999,1.5703623785179341,0.0,0.016906156095320826
6.559999999,1.5703623765614931,0.0,0.01691110086903704
6.563999999,1.5703623746050115,0.0,0.016916046777319425
6.567999999,1.5703623726484832,0.0,0.01692099382021657
6.571999999,1.570362370691911,0.0,0.01692594199777667
6.575999999,1.5703623687352894,0.0,0.016930891310048216
6.579999999,1.5703623667786166,0.0,0.01693584175707878
6.5839999989999995,1.5703623648218903,0.0,0.016940793338917084
6.587999999,1.570362362865108,0.0,0.016945746055611235
6.591999999,1.5703623609082673,0.0,0.01695069990721024
6.595999999,1.5703623589513664,0.0,0.016955654893762606
6.599999999,1.5703623569944034,0.0,0.016960611015316745
6.603999999,1.5703623550373758,0.0,0.01696556827192158
6.6079999990000005,1.5703623530802826,0.0,0.016970526663626292
6.611999999,1.5703623511231206,0.0,0.01697548619048042
6.615999999,1.5703623491658896,0.0,0.01698044685253316
6.619999999,1.5703623472085866,0.0,0.01698540864983459
6.6239999990000005,1.5703623452512105,0.0,0.016990371582434133
6.627999999,1.5703623432937592,0.0,0.016995335650382543
6.631999999,1.5703623413362318,0.0,0.017000300853730405
6.635999999,1.5703623393786261,0.0,0.017005267192527835
6.6399999990000005,1.5703623374209408,0.0,0.017010234666826326
6.643999999,1.5703623354631728,0.0,0.017015203276676737
6.647999999,1.5703623335053252,0.0,0.017020173022131057
6.651999999,1.5703623315473931,0.0,0.01702514390324001
6.6559999990000005,1.570362329589377,0.0,0.01703011592005668
6.659999999,1.5703623276312741,0.0,0.017035089072633014
6.663999999,1.5703623256730843,0.0,0.017040063361021356
6.667999999,1.5703623237148063,0.0,0.017045038785274972
6.6719999990000005,1.5703623217564384,0.0,0.017050015345446968
6.675999999,1.5703623197979795,0.0,0.01705499304159024
6.679999999,1.570362317839429,0.0,0.01705997187375861
6.683999999,1.5703623158807851,0.0,0.01706495184200615
6.6879999990000005,1.5703623139220475,0.0,0.017069932946386486
6.691999999,1.5703623119632155,0.0,0.01707491518695365
6.695999999,1.5703623100042854,0.0,0.017079898563763043
6.699999999,1.5703623080452604,0.0,0.01708488307686885
6.7039999990000005,1.5703623060861387,0.0,0.017089868726326195
6.707999999,1.570362304126918,0.0,0.01709485551218995
6.711999999,1.5703623021675983,0.0,0.01709984343451546
6.715999999,1.5703623002081786,0.0,0.017104832493358875
6.719999999,1.570362298248658,0.0,0.017109822688775148
6.723999999,1.570362296289036,0.0,0.017114814020820008
6.727999999,1.5703622943293118,0.0,0.01711980648954982
6.731999999,1.5703622923694822,0.0,0.01712480009502079
6.735999999,1.570362290409551,0.0,0.017129794837289034
6.739999999,1.5703622884495156,0.0,0.017134790716411018
6.743999999,1.5703622864893758,0.0,0.017139787732443207
6.747999999,1.5703622845291298,0.0,0.017144785885442347
6.751999999,1.570362282568778,0.0,0.017149785175465008
6.755999999,1.5703622806083197,0.0,0.01715478560256822
6.759999999,1.5703622786477536,0.0,0.017159787166808684
6.763999999,1.57036227668708,0.0,0.017164789868243165
6.767999999,1.5703622747262953,0.0,0.01716979370692901
6.771999999,1.5703622727654045,0.0,0.01717479868292358
6.775999999,1.5703622708044036,0.0,0.01717980479628352
6.779999999,1.570362268843293,0.0,0.017184812047066
6.783999999,1.570362266882072,0.0,0.017189820435328563
6.787999999,1.5703622649207403,0.0,0.01719482996112787
6.791999999,1.5703622629592973,0.0,0.01719984062452166
6.795999999,1.5703622609977428,0.0,0.017204852425567005
6.799999999,1.5703622590360764,0.0,0.017209865364320624
6.803999999,1.570362257074297,0.0,0.017214879440840197
6.807999999,1.5703622551124052,0.0,0.017219894655182682
6.811999999,1.570362253150398,0.0,0.017224911007405298
6.815999999,1.570362251188279,0.0,0.017229928497565362
6.819999999,1.5703622492260465,0.0,0.017234947125719522
6.823999999,1.5703622472636993,0.0,0.0172399668919253
6.827999999,1.5703622453012378,0.0,0.017244987796239272
6.831999999,1.570362243338661,0.0,0.0172500098387181
6.835999999,1.5703622413759692,0.0,0.017255033019419143
6.839999999,1.5703622394131618,0.0,0.01726005733839916
6.843999999,1.5703622374502382,0.0,0.017265082795714037
6.847999999,1.5703622354871987,0.0,0.01727010939142133
6.851999999,1.5703622335240406,0.0,0.017275137125576722
6.855999999,1.5703622315607677,0.0,0.017280165998237392
6.859999999,1.570362229597378,0.0,0.01728519600945927
6.863999999,1.570362227633871,0.0,0.017290227159298576
6.867999999,1.570362225670246,0.0,0.017295259447811396
6.871999999,1.5703622237065038,0.0,0.017300292875053695
6.875999999,1.5703622217426416,0.0,0.01730532744108158
6.879999999,1.5703622197786626,0.0,0.017310363145950063
6.883999999,1.5703622178145658,0.0,0.017315399989715482
6.887999999,1.57036221585035,0.0,0.017320437972433125
6.891999999,1.5703622138860156,0.0,0.017325477094158465
6.895999999,1.5703622119215623,0.0,0.01733051735494688
6.899999999,1.570362209956989,0.0,0.017335558754853448
6.903999999,1.5703622079922965,0.0,0.01734060129393233
6.907999999,1.5703622060274849,0.0,0.01734564497223979
6.911999999,1.570362204062553,0.0,0.017350689789829385
6.915999999,1.5703622020975014,0.0,0.01735573574675631
6.919999999,1.5703622001323296,0.0,0.017360782843074733
6.923999999,1.5703621981670353,0.0,0.01736583107883887
6.927999999,1.5703621962016223,0.0,0.0173708804541028
6.931999999,1.5703621942360888,0.0,0.01737593096892087
6.935999999,1.5703621922704345,0.0,0.017380982623346537
6.939999999,1.5703621903046592,0.0,0.017386035417433377
6.943999999,1.5703621883387628,0.0,0.017391089351235334
6.947999999,1.570362186372745,0.0,0.017396144424805273
6.951999999,1.570362184406606,0.0,0.017401200638196775
6.955999999,1.5703621824403453,0.0,0.017406257991462677
6.959999999,1.570362180473963,0.0,0.01741131648465579
6.963999999,1.5703621785074586,0.0,0.017416376117828626
6.967999999,1.570362176540832,0.0,0.017421436891034155
6.971999999,1.5703621745740832,0.0,0.01742649880432471
6.975999999,1.5703621726072121,0.0,0.017431561857752267
6.979999999,1.5703621706402187,0.0,0.01743662605136909
6.983999999,1.5703621686731026,0.0,0.017441691385227213
6.987999999,1.5703621667058643,0.0,0.017446757859377816
6.991999999,1.5703621647385033,0.0,0.01745182547387313
6.995999999,1.5703621627710194,0.0,0.01745689422876441
6.999999999,1.5703621608034126,0.0,0.017461964124102686
7.003999999,1.5703621588356829,0.0,0.01746703515993927
7.007999999,1.5703621568678299,0.0,0.017472107336325336
7.011999999,1.5703621548998536,0.0,0.01747718065331136
7.015999999,1.570362152931754,0.0,0.017482255110947524
7.019999999,1.570362150963531,0.0,0.017487330709285095
7.023999999,1.5703621489951864,0.0,0.017492407448373958
7.027999999,1.5703621470267162,0.0,0.017497485328263816
7.031999999,1.5703621450581222,0.0,0.01750256434900483
7.035999999,1.5703621430894046,0.0,0.01750764451064692
7.039999999,1.5703621391515976,0.0,0.017512725813239857
7.043999999,1.5703621391515976,0.0,0.01751780825683261
7.047999999,1.570362137182508,0.0,0.01752289184147452
7.051999999,1.5703621352132942,0.0,0.017527976567215314
7.055999999,1.5703621332439563,0.0,0.017533062434103183
7.059999999,1.570362131274494,0.0,0.01753814944218741
7.063999999,1.5703621293049073,0.0,0.017543237591516526
7.067999999,1.5703621273351982,0.0,0.01754832688213872
7.071999999,1.5703621253653626,0.0,0.01755341731410206
7.075999999,1.570362123395402,0.0,0.017558508887454933
7.079999999,1.5703621214253167,0.0,0.017563601602245255
7.083999999,1.5703621194551065,0.0,0.017568695458521362
7.087999999,1.5703621174847717,0.0,0.01757379045633007
7.091999999,1.5703621155143117,0.0,0.017578886595719004
7.095999999,1.5703621135437265,0.0,0.01758398387673561
7.099999999,1.5703621115730186,0.0,0.017589082299426784
7.103999999,1.5703621096021834,0.0,0.017594181863839434
7.1079999990000005,1.570362107631223,0.0,0.017599282570020847
7.111999999,1.5703621056601371,0.0,0.017604384418017482
7.115999999,1.5703621036889264,0.0,0.01760948740787554
7.119999999,1.57036210171759,0.0,0.01761459153964102
7.123999999,1.5703620997461278,0.0,0.017619696813361042
7.127999999,1.5703620977745405,0.0,0.017624803229080777
7.131999999,1.5703620958028275,0.0,0.017629910786846573
7.135999999,1.5703620938309906,0.0,0.01763501948670352
7.139999999,1.5703620918590255,0.0,0.017640129328697074
7.143999999,1.5703620898869348,0.0,0.017645240312873095
7.147999999,1.5703620879147184,0.0,0.017650352439276207
7.151999999,1.5703620859423755,0.0,0.017655465707951384
7.155999999,1.570362083969907,0.0,0.017660580118944
7.159999999,1.570362081997312,0.0,0.017665695672298008
7.163999999,1.5703620800245914,0.0,0.017670812368058324
7.167999999,1.5703620780517442,0.0,0.017675930206269713
7.171999999,1.5703620760787709,0.0,0.01768104918697529
7.175999999,1.5703620741056714,0.0,0.017686169310219862
7.179999999,1.5703620721324476,0.0,0.017691290576046848
7.183999999,1.5703620701590948,0.0,0.01769641298450004
7.187999999,1.5703620681856156,0.0,0.017701536535622994
7.191999999,1.5703620662120097,0.0,0.01770666122945856
7.195999999,1.570362064238277,0.0,0.01771178706605062
7.199999999,1.5703620622644179,0.0,0.017716914045441824
7.203999999,1.5703620602904322,0.0,0.01772204216767498
7.207999999,1.5703620583163194,0.0,0.017727171432792718
7.211999999,1.57036205634208,0.0,0.01773230184083788
7.215999999,1.5703620543677153,0.0,0.017737433391852363
7.219999999,1.5703620523932216,0.0,0.017742566085878427
7.223999999,1.5703620504186013,0.0,0.01774769992295852
7.227999999,1.5703620484438534,0.0,0.01775283490313374
7.231999999,1.5703620464689785,0.0,0.01775797102644629
7.235999999,1.570362044493976,0.0,0.017763108292937757
7.239999999,1.5703620425188465,0.0,0.017768246702649003
7.243999999,1.5703620405435896,0.0,0.017773386255621547
7.247999999,1.5703620385682053,0.0,0.01777852695189653
7.251999999,1.5703620365926936,0.0,0.01778366879151448
7.255999999,1.5703620346170566,0.0,0.017788811774516262
7.259999999,1.5703620326412897,0.0,0.017793955900942328
7.263999999,1.5703620306653951,0.0,0.01779910117083337
7.267999999,1.5703620286893731,0.0,0.017804247584228987
7.271999999,1.5703620267132232,0.0,0.01780939514116925
7.275999999,1.5703620247369456,0.0,0.017814543841694546
7.279999999,1.57036202276054,0.0,0.01781969368584374
7.283999999,1.5703620207840066,0.0,0.017824844673657168
7.287999999,1.5703620188073453,0.0,0.017829996805173824
7.291999999,1.5703620168305557,0.0,0.017835150080432644
7.295999999,1.5703620148536406,0.0,0.017840304499472964
7.299999999,1.5703620128765954,0.0,0.017845460062333625
7.303999999,1.5703620108994218,0.0,0.017850616769053296
7.307999999,1.57036200892212,0.0,0.017855774619670615
7.311999999,1.5703620069446897,0.0,0.017860933614223234
7.315999999,1.5703620049671307,0.0,0.01786609375275004
7.319999999,1.5703620029894438,0.0,0.017871255035288868
7.323999999,1.5703620010116284,0.0,0.017876417461877254
7.327999999,1.5703619990336843,0.0,0.017881581032552715
7.331999999,1.5703619970556117,0.0,0.017886745747353286
7.335999999,1.5703619950774108,0.0,0.01789191160631618
7.339999999,1.5703619930990809,0.0,0.017897078609478336
7.343999999,1.5703619911206244,0.0,0.017902246756876853
7.347999999,1.5703619891420373,0.0,0.017907416048548643
7.351999999,1.5703619871633212,0.0,0.017912586484530035
7.355999999,1.5703619851844761,0.0,0.017917758064857597
7.359999999,1.5703619832055022,0.0,0.017922930789567814
7.363999999,1.570361981226399,0.0,0.01792810465869679
7.367999999,1.5703619792471668,0.0,0.01793327967228044
7.371999999,1.5703619772678057,0.0,0.017938455830354454
7.375999999,1.5703619752883156,0.0,0.017943633132954447
7.379999999,1.570361973308698,0.0,0.017948811580115662
7.383999999,1.5703619713289494,0.0,0.017953991171873726
7.387999999,1.5703619693490714,0.0,0.01795917190826362
7.391999999,1.5703619673690639,0.0,0.017964353789320296
7.395999999,1.570361965388927,0.0,0.01796953681507821
7.399999999,1.5703619634086605,0.0,0.017974720985572585
7.403999999,1.5703619614282645,0.0,0.017979906300837508
7.407999999,1.5703619594477392,0.0,0.017985092760907134
7.411999999,1.5703619574670837,0.0,0.01799028036581552
7.415999999,1.5703619554863013,0.0,0.017995469115596484
7.419999999,1.5703619535053865,0.0,0.018000659010283658
7.423999999,1.570361951524342,0.0,0.018005850049910864
7.427999999,1.5703619495431678,0.0,0.01801104223451141
7.431999999,1.5703619475618633,0.0,0.018016235564118337
7.435999999,1.5703619455804292,0.0,0.0180214300387651
7.439999999,1.570361943598865,0.0,0.018026625658484625
7.443999999,1.5703619416171708,0.0,0.01803182242330869
7.447999999,1.570361939635346,0.0,0.018037020333270527
7.451999999,1.5703619376533915,0.0,0.018042219388402458
7.455999999,1.5703619356713066,0.0,0.01804741958873591
7.459999999,1.5703619336890935,0.0,0.018052620934303373
7.463999999,1.5703619317067479,0.0,0.018057823425136788
7.467999999,1.5703619297242717,0.0,0.0180630270612678
7.471999999,1.5703619277416652,0.0,0.01806823184272738
7.475999999,1.5703619257589279,0.0,0.018073437769547434
7.479999999,1.57036192377606,0.0,0.018078644841757887
7.483999999,1.5703619217930616,0.0,0.018083853059390767
7.487999999,1.5703619198099323,0.0,0.018089062422477174
7.491999999,1.5703619178266723,0.0,0.018094272931046772
7.495999999,1.5703619158432838,0.0,0.018099484585130735
7.499999999,1.5703619138597622,0.0,0.018104697384758367
7.503999999,1.5703619118761103,0.0,0.018109911329960454
7.507999999,1.5703619098923267,0.0,0.018115126420766386
7.511999999,1.5703619079084126,0.0,0.018120342657206166
7.515999999,1.570361905924367,0.0,0.018125560039308826
7.519999999,1.5703619039401902,0.0,0.01813077856710475
7.523999999,1.570361901955882,0.0,0.018135998240621957
7.527999999,1.5703618999714428,0.0,0.0181412190598898
7.531999999,1.570361897986872,0.0,0.01814644102493704
7.535999999,1.5703618960021704,0.0,0.0181516641357925
7.539999999,1.5703618940173392,0.0,0.01815688839248459
7.543999999,1.5703618920323743,0.0,0.018162113795041415
7.547999999,1.570361890047278,0.0,0.01816734034349122
7.551999999,1.5703618880620502,0.0,0.018172568037861422
7.555999999,1.5703618860766906,0.0,0.018177796878180646
7.559999999,1.5703618840911993,0.0,0.018183026864475458
7.563999999,1.570361882105576,0.0,0.0181882579967744
7.567999999,1.570361880119821,0.0,0.01819349027510396
7.571999999,1.5703618781339337,0.0,0.018198723699491215
7.575999999,1.5703618761479146,0.0,0.01820395826996298
7.579999999,1.5703618741617658,0.0,0.018209193986545892
7.5839999989999995,1.5703618721754826,0.0,0.018214430849266133
7.587999999,1.5703618701890674,0.0,0.018219668858150843
7.591999999,1.5703618682025204,0.0,0.018224908013225332
7.595999999,1.5703618662158407,0.0,0.01823014831451635
7.599999999,1.5703618642290291,0.0,0.01823538976204871
7.603999999,1.570361862242085,0.0,0.018240632355848767
7.6079999990000005,1.5703618602550085,0.0,0.01824587609594149
7.611999999,1.5703618582677992,0.0,0.01825112098235221
7.615999999,1.5703618562804575,0.0,0.018256367015106346
7.619999999,1.5703618542929831,0.0,0.018261614194228223
7.6239999990000005,1.5703618523053784,0.0,0.018266862519742324
7.627999999,1.5703618503176389,0.0,0.018272111991674073
7.631999999,1.5703618483297663,0.0,0.01827736261004681
7.635999999,1.5703618463417612,0.0,0.01828261437488511
7.6399999990000005,1.570361844353623,0.0,0.018287867286213188
7.643999999,1.5703618423653518,0.0,0.01829312134405411
7.647999999,1.5703618403769475,0.0,0.01829837654843146
7.651999999,1.5703618383884104,0.0,0.018303632899369905
7.6559999990000005,1.5703618363997398,0.0,0.018308890396891226
7.659999999,1.5703618344109365,0.0,0.01831414904101886
7.663999999,1.5703618324219997,0.0,0.018319408831775744
7.667999999,1.5703618304329294,0.0,0.01832466976918489
7.6719999990000005,1.5703618284437275,0.0,0.018329931853268262
7.675999999,1.5703618264543906,0.0,0.0183351950840483
7.679999999,1.5703618244649198,0.0,0.01834045946154714
7.683999999,1.5703618224753155,0.0,0.018345724985786956
7.6879999990000005,1.5703618204855776,0.0,0.01835099165678952
7.691999999,1.570361818495706,0.0,0.01835625947457596
7.695999999,1.5703618165057005,0.0,0.018361528439167985
7.699999999,1.5703618145155613,0.0,0.018366798550586594
7.7039999990000005,1.570361812525288,0.0,0.0183720698088532
7.707999999,1.570361810534881,0.0,0.018377342213988093
7.711999999,1.5703618085443403,0.0,0.018382615766012227
7.715999999,1.5703618065536673,0.0,0.018387890464946054
7.719999999,1.5703618045628585,0.0,0.018393166310809585
7.723999999,1.5703618025719153,0.0,0.018398443303623266
7.727999999,1.5703618005808377,0.0,0.018403721443407083
7.731999999,1.570361798589626,0.0,0.018409000730180446
7.735999999,1.5703617965982795,0.0,0.01841428116396276
7.739999999,1.5703617946067985,0.0,0.01841956274477359
7.743999999,1.5703617926151834,0.0,0.018424845472631936
7.747999999,1.5703617906234355,0.0,0.018430129347557243
7.751999999,1.570361788631551,0.0,0.01843541436956806
7.755999999,1.5703617866395323,0.0,0.01844070053868322
7.759999999,1.570361784647378,0.0,0.018445987854920576
7.763999999,1.5703617826550897,0.0,0.018451276318298595
7.767999999,1.5703617806626662,0.0,0.01845656592883564
7.771999999,1.5703617786701076,0.0,0.01846185668654913
7.775999999,1.570361776677414,0.0,0.018467148591456633
7.779999999,1.5703617746845853,0.0,0.018472441643575966
7.783999999,1.5703617726916217,0.0,0.01847773584292451
7.787999999,1.570361770698523,0.0,0.01848303118951902
7.791999999,1.5703617687052907,0.0,0.01848832768337676
7.795999999,1.5703617667119212,0.0,0.018493625324514155
7.799999999,1.5703617647184163,0.0,0.01849892411294815
7.803999999,1.5703617627247757,0.0,0.018504224048694912
7.807999999,1.5703617607309996,0.0,0.01850952513177079
7.811999999,1.5703617587370884,0.0,0.018514827362191556
7.815999999,1.5703617567430412,0.0,0.01852013073997282
7.819999999,1.5703617547488582,0.0,0.018525435265129887
7.823999999,1.5703617527545397,0.0,0.018530740937678748
7.827999999,1.5703617507600853,0.0,0.018536047757634646
7.831999999,1.5703617487654966,0.0,0.018541355725012212
7.835999999,1.5703617467707705,0.0,0.018546664839826935
7.839999999,1.5703617447759077,0.0,0.018551975102092715
7.843999999,1.5703617427809093,0.0,0.018557286511824575
7.847999999,1.5703617407857742,0.0,0.01856259906903642
7.851999999,1.570361738790503,0.0,0.018567912773742343
7.855999999,1.5703617367950955,0.0,0.018573227625956083
7.859999999,1.5703617347995518,0.0,0.018578543625691387
7.863999999,1.5703617328038715,0.0,0.018583860772962577
7.867999999,1.5703617308080544,0.0,0.018589179067782416
7.871999999,1.570361728812101,0.0,0.018594498510163624
7.875999999,1.5703617268160113,0.0,0.018599819100119413
7.879999999,1.5703617248197843,0.0,0.018605140837662792
7.883999999,1.5703617228234223,0.0,0.018610463722806142
7.887999999,1.5703617208269223,0.0,0.018615787755561955
7.891999999,1.5703617188302852,0.0,0.018621112935942045
7.895999999,1.570361716833511,0.0,0.01862643926395848
7.899999999,1.5703617148365998,0.0,0.018631766739623436
7.903999999,1.5703617128395506,0.0,0.01863709536294816
7.907999999,1.570361710842365,0.0,0.0186424251339441
7.911999999,1.570361708845042,0.0,0.01864775605262248
7.915999999,1.5703617068475817,0.0,0.01865308811899452
7.919999999,1.5703617048499838,0.0,0.01865842133307047
7.923999999,1.570361702852249,0.0,0.018663755694861495
7.927999999,1.5703617008543762,0.0,0.018669091204377725
7.931999999,1.5703616988563658,0.0,0.01867442786162953
7.935999999,1.5703616968582175,0.0,0.01867976566662745
7.939999999,1.570361694859934,0.0,0.018685104619379958
7.943999999,1.5703616928615105,0.0,0.018690444719898072
7.947999999,1.5703616908629487,0.0,0.01869578596819033
7.951999999,1.570361688864249,0.0,0.01870112836426645
7.955999999,1.5703616868654116,0.0,0.018706471908135867
7.959999999,1.5703616848664357,0.0,0.018711816599806846
7.963999999,1.5703616828673221,0.0,0.018717162439288792
7.967999999,1.5703616808680703,0.0,0.018722509426589276
7.971999999,1.57036167886868,0.0,0.018727857561717184
7.975999999,1.570361676869151,0.0,0.01873320684468037
7.979999999,1.5703616748694837,0.0,0.018738557275486747
7.983999999,1.570361672869678,0.0,0.01874390885414384
7.987999999,1.5703616708697337,0.0,0.01874926158065961
7.991999999,1.570361668869651,0.0,0.01875461545504114
7.995999999,1.5703616668694291,0.0,0.01875997047729563
7.999999999,1.5703616648690686,0.0,0.018765326647430036
8.003999999,1.5703616628685688,0.0,0.01877068396545121
8.007999999,1.5703616608679305,0.0,0.018776042431364996
8.011999999,1.5703616588671554,0.0,0.018781402045178214
8.015999999,1.5703616568662386,0.0,0.01878676280689717
8.019999999,1.5703616548651829,0.0,0.018792124716527685
8.023999999,1.5703616528639879,0.0,0.01879748777407549
8.027999999,1.5703616508626541,0.0,0.018802851979546162
8.031999999,1.5703616488611805,0.0,0.018808217332944615
8.035999999,1.5703616468595674,0.0,0.01881358383427623
8.039999999,1.5703616448578146,0.0,0.018818951483546065
8.043999999,1.5703616428559226,0.0,0.01882432028075891
8.047999999,1.5703616408538903,0.0,0.018829690225919713
8.051999999,1.5703616388517188,0.0,0.018835061319031583
8.055999999,1.5703616368494073,0.0,0.018840433560099724
8.059999999,1.570361634846956,0.0,0.018845806949127915
8.063999999,1.5703616328443646,0.0,0.01885118148611944
8.067999999,1.5703616308416353,0.0,0.01885655717107869
8.071999999,1.5703616288387638,0.0,0.01886193400400845
8.075999999,1.5703616268357519,0.0,0.018867311984912226
8.079999999,1.5703616248326002,0.0,0.018872691113792417
8.083999999,1.5703616228293074,0.0,0.01887807139065209
8.087999999,1.5703616208258748,0.0,0.018883452815493987
8.091999999,1.5703616188223015,0.0,0.018888835388319758
8.095999999,1.5703616168185877,0.0,0.01889421910913231
8.099999999,1.5703616148147332,0.0,0.018899603977933166
8.103999999,1.570361612810738,0.0,0.01890498999472452
8.107999999,1.5703616108066023,0.0,0.0189103771595074
8.111999999,1.5703616088023253,0.0,0.018915765472283658
8.115999999,1.5703616067979072,0.0,0.018921154933054293
8.119999999,1.5703616047933506,0.0,0.01892654554182048
8.123999999,1.5703616027886507,0.0,0.01893193729858213
8.127999999,1.5703616007838097,0.0,0.0189373302033405
8.131999999,1.570361598778827,0.0,0.01894272425609577
8.135999999,1.5703615967737035,0.0,0.01894811945684835
8.139999999,1.570361594768438,0.0,0.01895351580559779
8.143999999,1.5703615927630312,0.0,0.01895891330234391
8.147999999,1.5703615907574828,0.0,0.018964311947085987
8.151999999,1.570361588751793,0.0,0.018969711739823678
8.155999999,1.5703615867459613,0.0,0.018975112680556044
8.159999999,1.570361584739988,0.0,0.01898051476928231
8.163999999,1.5703615827338728,0.0,0.018985918006000208
8.167999999,1.5703615807276157,0.0,0.0189913223907092
8.171999999,1.5703615787212186,0.0,0.018996727923407692
8.175999999,1.5703615767146775,0.0,0.019002134604093553
8.179999999,1.570361574707994,0.0,0.01900754243276414
8.183999999,1.5703615727011684,0.0,0.019012951409417684
8.187999999,1.5703615706942007,0.0,0.01901836153405178
8.191999999,1.5703615686870898,0.0,0.01902377280666338
8.195999999,1.5703615666798367,0.0,0.019029185227250157
8.199999999,1.5703615646724411,0.0,0.01903459879580844
8.203999999,1.5703615626649028,0.0,0.019040013512335138
8.207999999,1.5703615606572219,0.0,0.0190454293768265
8.211999999,1.5703615586493982,0.0,0.019050846389278786
8.215999999,1.5703615566414317,0.0,0.019056264549688597
8.219999999,1.5703615546333223,0.0,0.01906168385805104
8.223999999,1.5703615526250716,0.0,0.019067104314361958
8.227999999,1.5703615506166764,0.0,0.01907252591861716
8.231999999,1.5703615486081377,0.0,0.019077948670811543
8.235999999,1.5703615465994556,0.0,0.01908337257093997
8.239999999,1.5703615445906298,0.0,0.019088797618997757
8.243999999,1.570361542581661,0.0,0.019094223814979217
8.247999999,1.5703615405725482,0.0,0.01909965115887876
8.251999999,1.5703615385632919,0.0,0.0191050796506906
8.255999999,1.570361536553892,0.0,0.019110509290408934
8.259999999,1.5703615345443485,0.0,0.019115940078027343
8.263999999,1.5703615325346607,0.0,0.01912137201353953
8.267999999,1.5703615305248297,0.0,0.019126805096938596
8.271999999,1.5703615285148538,0.0,0.01913223932821762
8.275999999,1.5703615265047366,0.0,0.01913767470737051
8.279999999,1.5703615244944729,0.0,0.01914311123438932
8.283999999,1.5703615224840648,0.0,0.019148548909266486
8.287999999,1.5703615204735122,0.0,0.01915398773199402
8.291999999,1.5703615184628155,0.0,0.019159427702564538
8.295999999,1.5703615164519744,0.0,0.019164868820970148
8.299999999,1.5703615144409881,0.0,0.019170311087202404
8.303999999,1.5703615124298576,0.0,0.019175754501252775
8.307999999,1.5703615104185824,0.0,0.0191811990631124
8.311999999,1.5703615084071623,0.0,0.01918664477277211
8.315999999,1.5703615063955974,0.0,0.019192091630223233
8.319999999,1.5703615043838877,0.0,0.019197539635456035
8.323999999,1.5703615023720323,0.0,0.01920298878846139
8.327999999,1.5703615003600317,0.0,0.019208439089228976
8.331999999,1.5703614983478886,0.0,0.019213890537749377
8.335999999,1.5703614963355972,0.0,0.019219343134011874
8.339999999,1.570361494323161,0.0,0.01922479687800664
8.343999999,1.570361492310579,0.0,0.019230251769722928
8.347999999,1.5703614902978518,0.0,0.01923570780914947
8.351999999,1.5703614882849788,0.0,0.019241164996275782
8.355999999,1.57036148627196,0.0,0.019246623331090347
8.359999999,1.5703614842587956,0.0,0.019252082813581633
8.363999999,1.570361482245485,0.0,0.019257543443738027
8.367999999,1.570361480232028,0.0,0.01926300522154718
8.371999999,1.5703614782184254,0.0,0.019268468146997633
8.375999999,1.5703614762046767,0.0,0.01927393222007694
8.379999999,1.570361474190781,0.0,0.019279397440772752
8.383999999,1.5703614721767394,0.0,0.019284863809072388
8.387999999,1.5703614701625515,0.0,0.019290331324962207
8.391999999,1.570361468148217,0.0,0.01929579998842941
8.395999999,1.570361466133738,0.0,0.019301269799460934
8.399999999,1.57036146411911,0.0,0.0193067407580431
8.403999999,1.5703614621043351,0.0,0.01931221286416133
8.407999999,1.570361460089414,0.0,0.019317686117802237
8.411999999,1.5703614580743455,0.0,0.019323160518951853
8.415999999,1.57036145605913,0.0,0.019328636067595165
8.419999999,1.5703614540437671,0.0,0.019334112763717867
8.423999999,1.5703614520282574,0.0,0.019339590607305054
8.427999999,1.5703614500126002,0.0,0.019345069598341404
8.431999999,1.5703614479967951,0.0,0.019350549736811745
8.435999999,1.570361445980843,0.0,0.019356031022700577
8.439999999,1.5703614439647433,0.0,0.019361513455992366
8.443999999,1.5703614419484955,0.0,0.019366997036670903
8.447999999,1.5703614399321022,0.0,0.019372481764719982
8.451999999,1.5703614379155593,0.0,0.019377967640123228
8.455999999,1.5703614358988685,0.0,0.019383454662864417
8.459999999,1.5703614338820295,0.0,0.01938894283292602
8.463999999,1.5703614318650423,0.0,0.019394432150291446
8.467999999,1.5703614298479067,0.0,0.019399922614942874
8.471999999,1.5703614278306228,0.0,0.019405414226864003
8.475999999,1.5703614258131906,0.0,0.01941090698603663
8.479999999,1.5703614237956105,0.0,0.019416400892442447
8.483999999,1.5703614217778816,0.0,0.01942189594606392
8.487999999,1.5703614197600038,0.0,0.01942739214688209
8.491999999,1.5703614177419774,0.0,0.019432889494878647
8.495999999,1.5703614157238024,0.0,0.019438387990034642
8.499999999,1.5703614137054782,0.0,0.019443887632331586
8.503999999,1.570361411687005,0.0,0.019449388421749595
8.507999999,1.570361409668383,0.0,0.019454890358269666
8.511999999,1.5703614076496137,0.0,0.019460393441872448
8.515999999,1.5703614056306932,0.0,0.019465897672537605
8.519999999,1.5703614036116231,0.0,0.019471403050244945
8.523999999,1.5703614015924037,0.0,0.019476909574974728
8.527999999,1.5703613995730341,0.0,0.01948241724670548
8.531999999,1.5703613975535151,0.0,0.019487926065417698
8.535999999,1.5703613955338467,0.0,0.019493436031089245
8.539999999,1.5703613935140286,0.0,0.019498947143699836
8.543999999,1.5703613914940604,0.0,0.0195044594032279
8.547999999,1.5703613894739423,0.0,0.01950997280965113
8.551999999,1.5703613874536742,0.0,0.0195154873629482
8.555999999,1.5703613854332557,0.0,0.019521003063097443
8.559999999,1.5703613834126866,0.0,0.019526519910075354
8.563999999,1.570361381391967,0.0,0.01953203790386049
8.567999999,1.5703613793710975,0.0,0.01953755704442977
8.571999998999999,1.5703613773500773,0.0,0.01954307733176034
8.575999999,1.5703613753289063,0.0,0.01954859876582857
8.579999999,1.570361373307587,0.0,0.019554121346611802
8.583999999,1.5703613712861142,0.0,0.01955964507408576
8.587999999,1.5703613692644902,0.0,0.019565169948226952
8.591999999,1.5703613672427157,0.0,0.019570695969011093
8.595999999,1.5703613652207902,0.0,0.01957622313641406
8.599999999,1.5703613631987134,0.0,0.019581751450411786
8.603999999,1.5703613611764853,0.0,0.01958728091097816
8.607999999,1.5703613591541061,0.0,0.01959281151808994
8.611999999,1.5703613571315747,0.0,0.019598343271720848
8.615999999,1.5703613551088915,0.0,0.01960387617184573
8.619999999000001,1.5703613530860572,0.0,0.019609410218439226
8.623999999,1.5703613510630707,0.0,0.019614945411475668
8.627999999,1.5703613490399322,0.0,0.019620481750928016
8.631999999,1.5703613470166438,0.0,0.019626019236770348
8.635999999,1.5703613449932012,0.0,0.019631557868976062
8.639999999,1.5703613429696068,0.0,0.019637097647518878
8.643999999,1.5703613409458603,0.0,0.019642638572371588
8.647999999,1.5703613389219608,0.0,0.01964818064350717
8.651999999000001,1.570361336897909,0.0,0.01965372386089823
8.655999999,1.5703613348737044,0.0,0.019659268224516274
8.659999999,1.5703613328493473,0.0,0.019664813734334177
8.663999999,1.5703613308248376,0.0,0.01967036039032406
8.667999999,1.570361328800175,0.0,0.019675908192457084
8.671999999,1.5703613267753596,0.0,0.01968145714070517
8.675999999,1.570361324750391,0.0,0.019687007235038963
8.679999999,1.570361322725269,0.0,0.019692558475429525
8.683999999000001,1.5703613206999938,0.0,0.019698110861847987
8.687999999,1.570361318674565,0.0,0.019703664394265217
8.691999999,1.5703613166489834,0.0,0.01970921907265001
8.695999999,1.5703613146232482,0.0,0.019714774896974326
8.699999999,1.5703613125973588,0.0,0.01972033186720694
8.703999999,1.570361310571316,0.0,0.01972588998331741
8.707999999,1.570361308545119,0.0,0.019731449245275836
8.711999999,1.5703613065187683,0.0,0.01973700965305078
8.715999999,1.5703613044922653,0.0,0.0197425712066111
8.719999999,1.5703613024656065,0.0,0.01974813390592637
8.723999999,1.5703613004387929,0.0,0.019753697750964274
8.727999999,1.5703612984118254,0.0,0.019759262741693165
8.731999999,1.5703612963847033,0.0,0.01976482887808131
8.735999999,1.5703612943574268,0.0,0.019770396160096283
8.739999999,1.5703612923299957,0.0,0.019775964587705867
8.743999999,1.57036129030241,0.0,0.01978153416087703
8.747999999,1.570361288274669,0.0,0.019787104879577324
8.751999999,1.5703612862467733,0.0,0.019792676743773305
8.755999999,1.5703612842187225,0.0,0.01979824975343182
8.759999999,1.5703612821905166,0.0,0.019803823908519123
8.763999999,1.5703612801621556,0.0,0.019809399209002036
8.767999999,1.570361278133639,0.0,0.019814975654845746
8.771999999,1.5703612761049672,0.0,0.01982055324601628
8.775999999,1.5703612740761395,0.0,0.019826131982479143
8.779999999,1.5703612720471558,0.0,0.019831711864199367
8.783999999,1.5703612700180167,0.0,0.019837292891142253
8.787999999,1.5703612679887216,0.0,0.019842875063272324
8.791999999,1.5703612659592705,0.0,0.01984845838055417
8.795999999,1.5703612639296636,0.0,0.019854042842952863
8.799999999,1.5703612618999003,0.0,0.019859628450431786
8.803999999,1.5703612598699808,0.0,0.01986521520295495
8.807999999,1.5703612578399049,0.0,0.019870803100485623
8.811999999,1.5703612558096722,0.0,0.019876392142988128
8.815999999,1.5703612537792835,0.0,0.019881982330424448
8.819999999,1.5703612517487375,0.0,0.019887573662758423
8.823999999,1.570361249718035,0.0,0.019893166139952446
8.827999999,1.5703612476871756,0.0,0.019898759761969337
8.831999999,1.5703612456561589,0.0,0.019904354528770842
8.835999999,1.570361243624987,0.0,0.01990995044031923
8.839999999,1.570361241593656,0.0,0.019915547496576688
8.843999999,1.570361239562168,0.0,0.0199211456975036
8.847999999,1.570361237530522,0.0,0.01992674504306238
8.851999999,1.5703612354987189,0.0,0.019932345533213644
8.855999999,1.5703612334667576,0.0,0.019937947167918336
8.859999999,1.570361231434639,0.0,0.019943549947136728
8.863999999,1.5703612294023623,0.0,0.019949153870829642
8.867999999,1.5703612273699277,0.0,0.019954758938956874
8.871999999,1.5703612253373351,0.0,0.019960365151478587
8.875999999,1.570361223304584,0.0,0.019965972508354198
8.879999999,1.5703612212716744,0.0,0.019971581009542987
8.883999999,1.5703612192386065,0.0,0.019977190655004435
8.887999999,1.5703612172053827,0.0,0.019982801444697492
8.891999999,1.5703612151719974,0.0,0.01998841337858075
8.895999999,1.5703612131384546,0.0,0.01999402645661246
8.899999999,1.5703612111047525,0.0,0.019999640678751388
8.903999999,1.5703612090708916,0.0,0.020005256044955122
8.907999999,1.5703612070368715,0.0,0.020010872555181865
8.911999999,1.5703612050026923,0.0,0.02001649020938898
8.915999999,1.5703612029683536,0.0,0.020022109007533723
8.919999999,1.5703612009338557,0.0,0.020027728949572412
8.923999999,1.570361198899198,0.0,0.020033350035462732
8.927999999,1.5703611968643811,0.0,0.020038972265161388
8.931999999,1.5703611948294043,0.0,0.02004459563862412
8.935999999,1.5703611927942673,0.0,0.020050220155807093
8.939999999,1.570361190758971,0.0,0.020055845816666397
8.943999999,1.5703611887235143,0.0,0.02006147262115759
8.947999999,1.570361186687898,0.0,0.02006710056923614
8.951999999,1.570361184652121,0.0,0.02007272966085667
8.955999999,1.5703611826161838,0.0,0.020078359895974555
8.959999999,1.5703611805800861,0.0,0.02008399127454405
8.963999999,1.5703611785438278,0.0,0.02008962379652029
8.967999999,1.5703611765074088,0.0,0.020095257461856968
8.971999999,1.5703611744708288,0.0,0.02010089227050821
8.975999999,1.5703611724340878,0.0,0.020106528222427426
8.979999999,1.570361170397188,0.0,0.020112165317568355
8.983999999,1.570361168360125,0.0,0.020117803555884124
8.987999999,1.5703611663229011,0.0,0.0201234429373277
8.991999999,1.5703611642855155,0.0,0.020129083461851483
8.995999999,1.5703611622479683,0.0,0.02013472512940839
8.999999999,1.5703611602102596,0.0,0.02014036793995104
9.003999999,1.570361158172389,0.0,0.020146011893430387
9.007999999,1.5703611561343567,0.0,0.020151656989798906
9.011999999,1.5703611540961626,0.0,0.020157303229007804
9.015999999,1.570361152057807,0.0,0.020162950611008635
9.019999999,1.5703611500192889,0.0,0.020168599135751867
9.023999999,1.570361147980608,0.0,0.020174248803189097
9.027999999,1.570361145941765,0.0,0.020179899613270515
9.031999999,1.5703611439027592,0.0,0.02018555156594636
9.035999999,1.5703611418635908,0.0,0.020191204661166744
9.039999999,1.57036113982426,0.0,0.020196858898881658
9.043999999,1.5703611377847666,0.0,0.020202514279039834
9.047999999,1.57036113574511,0.0,0.020208170801591718
9.051999999,1.5703611337052923,0.0,0.020213828466485544
9.055999999,1.570361131665309,0.0,0.020219487273671035
9.059999999,1.5703611296251627,0.0,0.020225147223096082
9.063999999,1.5703611275848537,0.0,0.020230808314709452
9.067999999,1.5703611255443803,0.0,0.020236470548459024
9.071999999,1.5703611235037438,0.0,0.020242133924292634
9.075999999,1.5703611214629432,0.0,0.02024779844215743
9.079999999,1.5703611194219784,0.0,0.02025346410200143
9.083999999,1.5703611173808496,0.0,0.020259130903772127
9.087999999,1.5703611153395576,0.0,0.02026479884741551
9.091999999,1.5703611132981008,0.0,0.020270467932878424
9.095999999,1.5703611112564797,0.0,0.020276138160107204
9.099999999,1.5703611092146936,0.0,0.020281809529048154
9.103999999,1.5703611071727432,0.0,0.0202874820396475
9.107999999,1.5703611051306283,0.0,0.020293155691850372
9.111999999,1.5703611030883486,0.0,0.020298830485602055
9.115999999,1.570361101045904,0.0,0.020304506420848537
9.119999999,1.5703610990032943,0.0,0.02031018349753383
9.123999999,1.5703610969605195,0.0,0.020315861715602686
9.127999999,1.5703610949175792,0.0,0.020321541074999488
9.131999999,1.5703610928744736,0.0,0.020327221575668672
9.135999999,1.5703610908312022,0.0,0.020332903217553946
9.139999999,1.5703610887877653,0.0,0.020338586000599318
9.143999999,1.5703610867441626,0.0,0.020344269924748137
9.147999999,1.5703610847003941,0.0,0.02034995498994334
9.151999999,1.5703610826564618,0.0,0.02035564119612791
9.155999999,1.570361080612361,0.0,0.02036132854324419
9.159999999,1.570361078568094,0.0,0.020367017031234762
9.163999999,1.5703610765236606,0.0,0.020372706660041862
9.167999999,1.5703610744790608,0.0,0.020378397429607217
9.171999999,1.5703610724342942,0.0,0.02038408933987312
9.175999999,1.570361070389361,0.0,0.02038978239078018
9.179999999,1.5703610683442613,0.0,0.02039547658226969
9.183999999,1.5703610662989942,0.0,0.020401171914282642
9.187999999,1.5703610642535597,0.0,0.020406868386759692
9.191999999,1.5703610622079582,0.0,0.02041256599964149
9.195999999,1.57036106016219,0.0,0.02041826475286763
9.199999999,1.5703610581162537,0.0,0.020423964646379054
9.203999999,1.5703610560701498,0.0,0.020429665680114503
9.207999999,1.5703610540238784,0.0,0.02043536785401329
9.211999999,1.5703610519774394,0.0,0.020441071168015218
9.215999999,1.5703610499308343,0.0,0.02044677562205874
9.219999999,1.5703610478840586,0.0,0.0204524812160824
9.223999999,1.570361045837115,0.0,0.020458187950024655
9.227999999,1.5703610437900035,0.0,0.020463895823823727
9.231999999,1.570361041742723,0.0,0.020469604837417794
9.235999999,1.5703610396952739,0.0,0.020475314990743454
9.239999999,1.5703610376476562,0.0,0.020481026283739105
9.243999999,1.5703610355998696,0.0,0.020486738716341202
9.247999999,1.5703610335519138,0.0,0.020492452288487617
9.251999999,1.5703610315037893,0.0,0.02049816700011378
9.255999999,1.5703610294554955,0.0,0.02050388285115645
9.259999999,1.5703610274070323,0.0,0.020509599841551675
9.263999999,1.5703610253584022,0.0,0.02051531797123549
9.267999999,1.5703610233095997,0.0,0.020521037240143224
9.271999999,1.5703610212606276,0.0,0.020526757648210225
9.275999999,1.570361019211486,0.0,0.02053247919537167
9.279999999,1.5703610171621745,0.0,0.020538201881562357
9.283999999,1.5703610151126925,0.0,0.02054392570671687
9.287999999,1.5703610130630408,0.0,0.02054965067076918
9.291999999,1.5703610110132187,0.0,0.02055537677365406
9.295999999,1.5703610089632256,0.0,0.02056110401530465
9.299999999,1.5703610069130625,0.0,0.020566832395654582
9.303999999,1.5703610048627283,0.0,0.02057256191463755
9.307999999,1.5703610028122235,0.0,0.020578292572186498
9.311999999,1.5703610007615474,0.0,0.02058402436823337
9.315999999,1.5703609987107008,0.0,0.020589757302711332
9.319999999,1.570360996659682,0.0,0.020595491375552825
9.323999999,1.5703609946084929,0.0,0.020601226586688778
9.327999999,1.5703609925571318,0.0,0.02060696293605172
9.331999999,1.5703609905055989,0.0,0.020612700423573584
9.335999999,1.570360988453897,0.0,0.02061843904918489
9.339999999,1.5703609864020205,0.0,0.020624178812816557
9.343999999,1.5703609843499717,0.0,0.020629919714398877
9.347999999,1.5703609822977511,0.0,0.02063566175386357
9.351999999,1.570360980245358,0.0,0.02064140493113952
9.355999999,1.570360978192793,0.0,0.020647149246157355
9.359999999,1.5703609761400554,0.0,0.020652894698846517
9.363999999,1.5703609740871447,0.0,0.02065864128913667
9.367999999,1.5703609720340619,0.0,0.020664389016956417
9.371999999,1.5703609699808059,0.0,0.020670137882234787
9.375999999,1.5703609679273764,0.0,0.02067588788490081
9.379999999,1.5703609658737743,0.0,0.020681639024882147
9.383999999,1.5703609638199985,0.0,0.020687391302107547
9.387999999,1.5703609617660494,0.0,0.020693144716504464
9.391999999,1.5703609597119268,0.0,0.020698899268000653
9.395999999,1.5703609576576298,0.0,0.02070465495652307
9.399999999,1.5703609556031597,0.0,0.020710411781998544
9.403999999,1.5703609535485155,0.0,0.020716169744354435
9.407999999,1.570360951493697,0.0,0.02072192884351693
9.411999999,1.5703609494387043,0.0,0.020727689079412533
9.415999999,1.5703609473835394,0.0,0.02073345045196691
9.419999999,1.5703609453281981,0.0,0.02073921296110596
9.423999999,1.570360943272682,0.0,0.020744976606755172
9.427999999,1.5703609412169917,0.0,0.02075074138883994
9.431999999,1.5703609391611255,0.0,0.02075650730728469
9.435999999,1.5703609371050846,0.0,0.020762274362014357
9.439999999,1.5703609350488685,0.0,0.020768042552953243
9.443999999,1.5703609329924768,0.0,0.020773811880025393
9.447999999,1.5703609309359101,0.0,0.020779582343154603
9.451999999,1.5703609288791678,0.0,0.020785353942264995
9.455999999,1.5703609268222496,0.0,0.020791126677279788
9.459999999,1.5703609247651553,0.0,0.02079690054812168
9.463999999,1.5703609227078852,0.0,0.02080267555471337
9.467999999,1.5703609206504392,0.0,0.02080845169697784
9.471999999,1.5703609185928165,0.0,0.02081422897483767
9.475999999,1.5703609165350176,0.0,0.020820007388214313
9.479999999,1.570360914477042,0.0,0.020825786937029495
9.483999999,1.5703609124188902,0.0,0.02083156762120468
9.487999999,1.5703609103605607,0.0,0.020837349440661297
9.491999999,1.5703609083020549,0.0,0.02084313239532018
9.495999999,1.5703609062433717,0.0,0.02084891648510195
9.499999999,1.5703609041845117,0.0,0.020854701709927127
9.503999999,1.5703609021254739,0.0,0.020860488069715456
9.507999999,1.5703609000662588,0.0,0.02086627556438754
9.511999999,1.5703608980068655,0.0,0.020872064193862942
9.515999999,1.570360895947295,0.0,0.020877853958059987
9.519999999,1.5703608938875462,0.0,0.02088364485689896
9.523999999,1.5703608918276193,0.0,0.020889436890297094
9.527999999,1.5703608897675145,0.0,0.02089523005817426
9.531999999,1.570360887707231,0.0,0.020901024360448682
9.535999999,1.5703608856467697,0.0,0.020906819797037943
9.539999999,1.5703608835861291,0.0,0.020912616367860324
9.543999999,1.5703608815253098,0.0,0.020918414072832237
9.547999999,1.5703608794643114,0.0,0.020924212911871517
9.551999999,1.5703608774031343,0.0,0.020930012884895065
9.555999999,1.570360875341778,0.0,0.020935813991819225
9.559999999,1.5703608732802419,0.0,0.020941616232560654
9.563999999,1.5703608712185269,0.0,0.020947419607035566
9.567999999,1.5703608691566322,0.0,0.020953224026559348
9.571999998999999,1.5703608670945581,0.0,0.020959029362829368
9.575999999,1.5703608650012844,0.0,0.0209648363784549
9.579999999,1.5703608628143335,0.0,0.020970645719563134
9.583999999,1.5703608605058326,0.0,0.020976457802182717
9.587999999,1.5703608580735053,0.0,0.02098227284895232
9.591999999,1.570360855529525,0.0,0.02098809093330254
9.595999999,1.5703608528930575,0.0,0.020993912021968205
9.599999999,1.5703608501855058,0.0,0.020999736011493762
9.603999999,1.5703608474276343,0.0,0.021005562757260874
9.607999999,1.5703608446379989,0.0,0.021011392095160186
9.611999999,1.57036084183224,0.0,0.021017223856799744
9.615999999,1.570360839022916,0.0,0.021023058395282818
9.619999999000001,1.5703608362196593,0.0,0.021028913170027985
9.623999999,1.5703608334147752,0.0,0.021034802469850938
9.627999999,1.570360830549154,0.0,0.021040735484290744
9.631999999,1.5703608275918652,0.0,0.021046719554742514
9.635999999,1.5703608245379979,0.0,0.021052760257393933
9.639999999,1.5703608213973212,0.0,0.02105886157943637
9.643999999,1.5703608181867679,0.0,0.021065026134936382
9.647999999,1.5703608149256407,0.0,0.021071255387342672
9.651999999000001,1.5703608116327443,0.0,0.021077549859602123
9.655999999,1.5703608083248266,0.0,0.021083909322149243
9.659999999,1.5703608050158722,0.0,0.02109033295495295
9.663999999,1.5703608017169386,0.0,0.02109681948341436
9.667999999,1.5703607984363048,0.0,0.021103367289940313
9.671999999,1.5703607951797875,0.0,0.02110997450401918
9.675999999,1.5703607919511247,0.0,0.021116639073968265
9.679999999,1.570360788752368,0.0,0.021123358823472983
9.683999999000001,1.5703607855842516,0.0,0.021130131495782876
9.687999999,1.570360782446514,0.0,0.02113695478805276
9.691999999,1.5703607793381722,0.0,0.02114382637793612
9.695999999,1.5703607762577463,0.0,0.02115074394415609
9.699999999,1.5703607732034366,0.0,0.02115770518243285
9.703999999,1.5703607701732623,0.0,0.021164707817856124
9.707999999,1.5703607671651643,0.0,0.021171749614544065
9.711999999,1.5703607641770814,0.0,0.021178828383226996
9.715999999,1.5703607612070065,0.0,0.02118594198723872
9.719999999,1.5703607582530188,0.0,0.021193088347269864
9.723999999,1.5703607553133099,0.0,0.021200265445148733
9.727999999,1.5703607523861962,0.0,0.021207471326839603
9.731999999,1.5703607494701246,0.0,0.02121470410479654
9.735999999,1.5703607465636735,0.0,0.021221961959778556
9.739999999,1.5703607436655491,0.0,0.02122924314219447
9.743999999,1.5703607407745812,0.0,0.021236545973040435
9.747999999,1.5703607378897146,0.0,0.021243868844466055
9.751999999,1.570360735010005,0.0,0.021251210220012685
9.755999999,1.5703607321346034,0.0,0.021258568634544686
9.759999999,1.570360729262758,0.0,0.021265942693904232
9.763999999,1.5703607263938,0.0,0.021273331074312594
9.767999999,1.5703607235271373,0.0,0.021280732521539735
9.771999999,1.570360720662248,0.0,0.021288145849862636
9.775999999,1.5703607177986738,0.0,0.021295569940833783
9.779999999,1.5703607149360121,0.0,0.021303003741880183
9.783999999,1.5703607120739125,0.0,0.021310446264750104
9.787999999,1.570360709212071,0.0,0.021317896583829998
9.791999999,1.570360706350224,0.0,0.021325353834343936
9.795999999,1.570360703488145,0.0,0.02133281721045934
9.799999999,1.5703607006256408,0.0,0.021340285963309072
9.803999999,1.5703606977625466,0.0,0.021347759398950825
9.807999999,1.5703606948987237,0.0,0.021355236876273942
9.811999999,1.5703606920340558,0.0,0.02136271780486843
9.815999999,1.5703606891684478,0.0,0.02137020164287298
9.819999999,1.5703606863018214,0.0,0.021377687894806107
9.823999999,1.5703606834341146,0.0,0.021385176109395568
9.827999999,1.5703606805652779,0.0,0.021392665877419274
9.831999999,1.570360677695275,0.0,0.021400156829555334
9.835999999,1.5703606748240777,0.0,0.0214076486342637
9.839999999,1.5703606719516683,0.0,0.02141514099569454
9.843999999,1.570360669078036,0.0,0.021422633651636203
9.847999999,1.570360666203175,0.0,0.021430126371506496
9.851999999,1.5703606633270872,0.0,0.021437618954391644
9.855999999,1.570360660449777,0.0,0.021445111227137967
9.859999999,1.570360657571253,0.0,0.0214526030425005
9.863999999,1.5703606546915267,0.0,0.021460094277348754
9.867999999,1.5703606518106135,0.0,0.021467584830936103
9.871999999,1.5703606489285251,0.0,0.02147507462323098
9.875999999,1.57036064604528,0.0,0.021482563593315095
9.879999999,1.5703606431608959,0.0,0.021490051697844074
9.883999999,1.5703606402753911,0.0,0.02149753890957928
9.887999999,1.5703606373887837,0.0,0.021505025215982892
9.891999999,1.5703606345010923,0.0,0.02151251061788187
9.895999999,1.5703606316123346,0.0,0.021519995128197404
9.899999999,1.5703606287225294,0.0,0.02152747877074064
9.903999999,1.5703606258316927,0.0,0.021534961579075123
9.907999999,1.5703606229398421,0.0,0.021542443595440754
9.911999999,1.570360620046993,0.0,0.02154992486974207
9.915999999,1.5703606171531603,0.0,0.021557405458598872
9.919999999,1.5703606142583588,0.0,0.021564885424453364
9.923999999,1.5703606113626012,0.0,0.021572364834740166
9.927999999,1.5703606084659005,0.0,0.021579843761109472
9.931999999,1.570360605568267,0.0,0.021587322278704302
9.935999999,1.5703606026697128,0.0,0.021594800465495154
9.939999999,1.5703605997702463,0.0,0.021602278401659195
9.943999999,1.5703605968698775,0.0,0.02160975616901189
9.947999999,1.5703605939686134,0.0,0.02161723385048423
9.951999999,1.5703605910664613,0.0,0.02162471152964618
9.955999999,1.5703605881634273,0.0,0.021632189290268538
9.959999999,1.5703605852595173,0.0,0.021639667215929196
9.963999999,1.570360582354736,0.0,0.021647145389656394
9.967999999,1.5703605794490876,0.0,0.02165462389360718
9.971999999,1.5703605765425754,0.0,0.021662102808782512
9.976,1.570360573635202,0.0,0.02166958221477181
9.98,1.5703605707269703,0.0,0.02167706218953059
9.984,1.5703605678178836,0.0,0.021684542809185307
9.988,1.5703605649079393,0.0,0.021692024147865537
9.992,1.5703605619971408,0.0,0.021699506277559812
9.996,1.5703605590854883,0.0,0.021706989267997297
10.0,1.570360556172982,0.0,0.021714473186546863
10.004,1.5703605532596214,0.0,0.021721958098141002
10.008,1.5703605503454061,0.0,0.021729444065214473
10.012,1.5703605474303355,0.0,0.021736931147661225
10.016,1.5703605445144089,0.0,0.021744419402806466
10.02,1.570360541597625,0.0,0.02175190888539423
10.024,1.5703605386799822,0.0,0.021759399647585997
10.028,1.5703605357614798,0.0,0.021766891738972543
10.032,1.570360532842115,0.0,0.021774385206594166
10.036,1.5703605299218872,0.0,0.021781880094973605
10.04,1.5703605270007943,0.0,0.02178937644615319
10.044,1.570360524078835,0.0,0.02179687429974399
10.048,1.5703605211560063,0.0,0.021804373692977212
10.052,1.5703605182323077,0.0,0.02181187466076412
10.056,1.5703605153077371,0.0,0.02181937723576065
10.06,1.5703605123822921,0.0,0.02182688144843319
10.064,1.5703605094559714,0.0,0.021834387327131194
10.068,1.570360506528773,0.0,0.021841894898161487
10.072,1.570360503600695,0.0,0.02184940418586336
10.076,1.5703605006717358,0.0,0.02185695275640455
10.08,1.570360497741894,0.0,0.02186466241731886
10.084,1.570360494811168,0.0,0.021872374164355154
10.088,1.570360491879556,0.0,0.021880088000502396
10.092,1.570360488947057,0.0,0.02188780392797608
10.096,1.5703604860136715,0.0,0.0218955219482799
10.1,1.5703604830793942,0.0,0.021903242062268045
10.104,1.5703604801442255,0.0,0.021910964270202817
10.108,1.5703604772081647,0.0,0.021918688571809203
10.112,1.5703604742712107,0.0,0.021926414966327804
10.116,1.5703604713333628,0.0,0.02193414345256423
10.12,1.5703604683946195,0.0,0.02194187402893625
10.124,1.5703604654549799,0.0,0.021949606693517934
10.128,1.5703604625144438,0.0,0.021957341444080597
10.132,1.5703604595730105,0.0,0.021965078278131992
10.136,1.5703604566306792,0.0,0.021972817192953426
10.14,1.5703604536874491,0.0,0.021980558185632864
10.144,1.5703604507433204,0.0,0.02198830125309746
10.148,1.5703604477982922,0.0,0.02199604639214127
10.152,1.5703604448523643,0.0,0.02200379359945525
10.156,1.5703604419055357,0.0,0.022011542871650105
10.16,1.5703604389578074,0.0,0.022019294205279635
10.164,1.5703604360091785,0.0,0.022027047596862907
10.168,1.570360433059649,0.0,0.022034803042902607
10.172,1.5703604301092187,0.0,0.022042560539902348
10.176,1.5703604271578875,0.0,0.02205032008438353
10.18,1.5703604242056555,0.0,0.02205808167289846
10.184,1.5703604212525228,0.0,0.022065845302044643
10.188,1.570360418298489,0.0,0.022073610968473992
10.192,1.5703604153435566,0.0,0.02208137866890456
10.196,1.5703604123877215,0.0,0.022089148400128437
10.2,1.570360409430986,0.0,0.022096920159019307
10.204,1.5703604064733503,0.0,0.022104693942539434
10.208,1.5703604035148142,0.0,0.022112469747744477
10.212,1.5703604005553784,0.0,0.022120247571788272
10.216,1.5703603975950424,0.0,0.02212802741192721
10.22,1.570360394633807,0.0,0.02213580926552108
10.224,1.5703603916716717,0.0,0.022143593130036672
10.228,1.5703603887086373,0.0,0.02215137900304926
10.232,1.570360385744704,0.0,0.022159166882241843
10.236,1.570360382779872,0.0,0.02216695676540681
10.24,1.570360379814141,0.0,0.02217474865044468
10.244,1.5703603768475116,0.0,0.022182542535364447
10.248,1.570360373879984,0.0,0.022190338418280244
10.252,1.5703603709115583,0.0,0.02219813629741146
10.256,1.5703603679422347,0.0,0.02220593617108035
10.26,1.570360364972013,0.0,0.02221373803770931
10.264,1.570360362000894,0.0,0.02222154189581883
10.268,1.5703603590288768,0.0,0.022229347744024817
10.272,1.570360356055963,0.0,0.02223715558103539
10.276,1.5703603530821513,0.0,0.022244965405647615
10.28,1.5703603501074428,0.0,0.022252777216745106
10.284,1.5703603471318377,0.0,0.022260591013294025
10.288,1.5703603441553353,0.0,0.02226840679433957
10.292,1.5703603411779357,0.0,0.022276224559003216
10.296,1.5703603381996416,0.0,0.022284044306479896
10.3,1.5703603352204487,0.0,0.02229186603603196
10.304,1.5703603322403588,0.0,0.02229968974698912
10.308,1.5703603292593722,0.0,0.022307515438741852
10.312,1.570360326277489,0.0,0.02231534311074
10.316,1.5703603232947088,0.0,0.02232317276248916
10.32,1.5703603203110312,0.0,0.02233100439354692
10.324,1.570360317326457,0.0,0.022338838003518473
10.328,1.5703603143409852,0.0,0.022346673592056887
10.332,1.5703603113546167,0.0,0.02235451115885688
10.336,1.5703603083673505,0.0,0.022362350703652733
10.34,1.5703603053791872,0.0,0.022370192226215873
10.344,1.570360302390126,0.0,0.02237803572635165
10.348,1.5703602994001669,0.0,0.022385881203896604
10.352,1.57036029640931,0.0,0.02239372865871625
10.356,1.5703602934175547,0.0,0.022401578090702676
10.36,1.5703602904249012,0.0,0.022409429499771014
10.364,1.5703602874313491,0.0,0.0224172828858586
10.368,1.5703602844368982,0.0,0.022425138248922016
10.372,1.5703602814415476,0.0,0.02243299558893539
10.376,1.5703602784452975,0.0,0.022440854905889256
10.38,1.570360275448148,0.0,0.022448716199786202
10.384,1.570360272450098,0.0,0.022456579470641717
10.388,1.5703602694511478,0.0,0.022464444718481767
10.392,1.5703602664512968,0.0,0.02247231194334097
10.396,1.570360263450545,0.0,0.022480181145261145
10.4,1.5703602604488913,0.0,0.022488052324290318
10.404,1.5703602574463362,0.0,0.022495925480480978
10.408,1.5703602544428787,0.0,0.022503800613890297
10.412,1.5703602514385187,0.0,0.022511677724576504
10.416,1.5703602484332557,0.0,0.0225195568126014
10.42,1.5703602454270893,0.0,0.022527437878026153
10.424,1.570360242420019,0.0,0.02253532092091228
10.428,1.5703602394120446,0.0,0.022543205941320386
10.432,1.5703602364031655,0.0,0.022551092939309302
10.436,1.570360233393381,0.0,0.0225589819149368
10.44,1.5703602303826911,0.0,0.022566872868256854
10.444,1.5703602273710953,0.0,0.022574765799320395
10.448,1.5703602243585932,0.0,0.022582660708176053
10.452,1.5703602213451842,0.0,0.02259055759486706
10.456,1.5703602183308676,0.0,0.022598456459432373
10.46,1.5703602153156428,0.0,0.02260635730190757
10.464,1.5703602122995097,0.0,0.02261426012232221
10.468,1.570360209282468,0.0,0.022622164920701487
10.472,1.5703602062645168,0.0,0.022630071697064994
10.476,1.5703602032456554,0.0,0.022637980451427064
10.48,1.5703602002258834,0.0,0.02264589118379704
10.484,1.5703601972052006,0.0,0.022653803894178755
10.488,1.5703601941836065,0.0,0.022661718582569417
10.492,1.5703601911611,0.0,0.022669635248961838
10.496,1.5703601881376814,0.0,0.02267755389334299
10.5,1.570360185113349,0.0,0.022685474515694477
10.504,1.5703601820881057,0.0,0.022693397115992053
10.508,1.5703601790619455,0.0,0.022701321694205724
10.512,1.570360176034871,0.0,0.022709248250301597
10.516,1.5703601730068812,0.0,0.022717176784238936
10.52,1.5703601699779752,0.0,0.022725107295972862
10.524000000000001,1.5703601669481535,0.0,0.022733039785453112
10.528,1.5703601639174143,0.0,0.022740974252624967
10.532,1.5703601608857578,0.0,0.022748910697428123
10.536,1.5703601578531832,0.0,0.022756849119797622
10.54,1.57036015481969,0.0,0.022764789519664687
10.544,1.5703601517852774,0.0,0.022772731896956024
10.548,1.570360148749945,0.0,0.02278067625159383
10.552,1.5703601457136922,0.0,0.022788622583496253
10.556000000000001,1.5703601426765181,0.0,0.022796570892578024
10.56,1.570360139638423,0.0,0.022804521178749478
10.564,1.5703601365994058,0.0,0.02281247344191741
10.568,1.570360133559466,0.0,0.022820427681985504
10.572,1.5703601305186028,0.0,0.022828383898853576
10.576,1.5703601274768155,0.0,0.022836342092418947
10.58,1.5703601244341039,0.0,0.022844302262575094
10.584,1.570360121390467,0.0,0.022852264409212668
10.588000000000001,1.5703601183459046,0.0,0.02286022853222004
10.592,1.5703601153004163,0.0,0.022868194631482597
10.596,1.570360112254001,0.0,0.022876162706883117
10.6,1.570360109206658,0.0,0.02288413275830246
10.604,1.5703601061583872,0.0,0.022892104785618515
10.608,1.5703601031091876,0.0,0.022900078788707423
10.612,1.5703601000590592,0.0,0.02290805476744299
10.616,1.5703600970080007,0.0,0.022916032721697222
10.62,1.5703600939560116,0.0,0.02292401265134061
10.624,1.5703600909030917,0.0,0.022931994556241207
10.628,1.5703600878492405,0.0,0.022939978436265367
10.632,1.5703600847944568,0.0,0.022947964291278843
10.636,1.5703600817387404,0.0,0.022955952121144808
10.64,1.5703600786820904,0.0,0.022963941925725283
10.644,1.5703600756245064,0.0,0.022971933704881438
10.648,1.5703600725659876,0.0,0.02297992745847314
10.652,1.5703600695065336,0.0,0.022987923186358106
10.656,1.5703600664461441,0.0,0.022995920888394045
10.66,1.5703600633848178,0.0,0.023003920564436658
10.664,1.5703600603225545,0.0,0.02301192221434089
10.668,1.570360057259353,0.0,0.02301992583796137
10.672,1.5703600541952139,0.0,0.023027931435151514
10.676,1.5703600511301357,0.0,0.023035939005763128
10.68,1.5703600480641176,0.0,0.023043948549647225
10.684,1.57036004499716,0.0,0.023051960066655226
10.688,1.570360041929261,0.0,0.023059973556636346
10.692,1.5703600388604206,0.0,0.023067989019440172
10.696,1.5703600357906382,0.0,0.023076006454914307
10.7,1.570360032719913,0.0,0.023084025862907132
10.704,1.5703600296482445,0.0,0.023092047243264975
10.708,1.5703600265756328,0.0,0.023100070595834705
10.712,1.5703600235020763,0.0,0.02310809592046135
10.716,1.5703600204275743,0.0,0.023116123216990005
10.72,1.5703600173521266,0.0,0.023124152485265725
10.724,1.5703600142757326,0.0,0.023132183725132115
10.728,1.5703600111983915,0.0,0.023140216936432288
10.732,1.570360008120103,0.0,0.023148252119008776
10.736,1.570360005040866,0.0,0.023156289272703835
10.74,1.5703600019606798,0.0,0.023164328397359157
10.744,1.5703599988795462,0.0,0.023172369492815866
10.748,1.570359995797461,0.0,0.023180412558913545
10.752,1.5703599927144247,0.0,0.0231884575954932
10.756,1.5703599896304365,0.0,0.02319650460239349
10.76,1.5703599865454965,0.0,0.023204553579453873
10.764,1.5703599834596038,0.0,0.023212604526511825
10.768,1.5703599803727575,0.0,0.02322065744340576
10.772,1.5703599772849575,0.0,0.023228712329972836
10.776,1.5703599741962029,0.0,0.023236769186048965
10.78,1.5703599711064928,0.0,0.023244828011470715
10.784,1.5703599680158271,0.0,0.02325288880607347
10.788,1.5703599649242046,0.0,0.023260951569692337
10.792,1.5703599618316249,0.0,0.023269016302161348
10.796,1.5703599587380872,0.0,0.023277083003314773
10.8,1.5703599556435917,0.0,0.023285151672985435
10.804,1.5703599525481364,0.0,0.023293222311005547
10.808,1.5703599494517215,0.0,0.02330129491720847
10.812,1.5703599463543463,0.0,0.02330936949142478
10.816,1.57035994325601,0.0,0.023317446033486147
10.82,1.5703599401567123,0.0,0.023325524543222103
10.824,1.5703599370564523,0.0,0.02333360502046234
10.828,1.5703599339552285,0.0,0.02334168746503704
10.832,1.5703599308530418,0.0,0.02334977187677307
10.836,1.5703599277498905,0.0,0.02335785825549948
10.84,1.5703599246457745,0.0,0.023365946601043023
10.844,1.5703599215406927,0.0,0.023374036913230437
10.848,1.5703599184346446,0.0,0.023382129191887657
10.852,1.57035991532763,0.0,0.023390223436840087
10.856,1.5703599122196477,0.0,0.023398319647912523
10.86,1.5703599091106972,0.0,0.02340641782492881
10.864,1.5703599060007778,0.0,0.023414517967712288
10.868,1.570359902889889,0.0,0.023422620076086087
10.872,1.570359899778032,0.0,0.02343072414987199
10.876,1.570359896665202,0.0,0.02343883018889092
10.88,1.5703598935514007,0.0,0.023446938192964777
10.884,1.5703598904366276,0.0,0.02345504816191351
10.888,1.570359887320881,0.0,0.02346316009555574
10.892,1.5703598842041613,0.0,0.023471273993710448
10.896,1.5703598810864678,0.0,0.02347938985619568
10.9,1.5703598779677994,0.0,0.02348750768282883
10.904,1.5703598748481558,0.0,0.023495627473426955
10.908,1.570359871727536,0.0,0.023503749227805442
10.912,1.5703598686059395,0.0,0.023511872945780415
10.916,1.570359865483365,0.0,0.023519998627165847
10.92,1.570359862359813,0.0,0.02352812627177566
10.924,1.5703598592352819,0.0,0.023536255879423554
10.928,1.5703598561097716,0.0,0.023544387449921034
10.932,1.5703598529832814,0.0,0.02355252098308077
10.936,1.5703598498558102,0.0,0.023561834347909066
10.94,1.5703598596468058,0.0,0.023570789411886152
10.944,1.5703599090180627,0.0,0.02357950720370897
10.948,1.570359979457453,0.0,0.023588096933221024
10.952,1.5703600596612832,0.0,0.023596655880638542
10.956,1.5703601434625563,0.0,0.023605275917317994
10.96,1.5703602284538636,0.0,0.0236140102713092
10.964,1.5703603150520116,0.0,0.023622844016808215
10.968,1.570360404549136,0.0,0.023631738353315807
10.972,1.5703604975829175,0.0,0.02364063578379563
10.976,1.5703605937126426,0.0,0.023649466178816397
10.98,1.5703606911712413,0.0,0.02365816703930133
10.984,1.5703607868468585,0.0,0.023666752323256834
10.988,1.57036087722577,0.0,0.023675255257417923
10.992,1.570360960236465,0.0,0.023683698667410713
10.996,1.57036103511181,0.0,0.023692097551749478
11.0,1.5703611018888288,0.0,0.023700461335933246
11.004,1.5703611610700887,0.0,0.02370879569615333
11.008,1.5703612133992173,0.0,0.023717103947902777
11.012,1.5703612597160894,0.0,0.02372538804754063
11.016,1.5703613008668746,0.0,0.023733649275701332
11.02,1.5703613376512753,0.0,0.023741888674192184
11.024,1.5703613707944761,0.0,0.023750107301426657
11.028,1.5703614009350995,0.0,0.023758306360864703
11.032,1.5703614286231737,0.0,0.023766487245484264
11.036,1.5703614543240574,0.0,0.023774651530636445
11.04,1.5703614784256006,0.0,0.02378280093851605
11.044,1.5703615012467957,0.0,0.023790937290130473
11.048,1.5703615230468042,0.0,0.02379906245500449
11.052,1.570361544033697,0.0,0.02380717830470646
11.056,1.5703615643725362,0.0,0.02381528667335883
11.06,1.570361584192622,0.0,0.023823389326336375
11.064,1.5703616035938428,0.0,0.02383148793712071
11.068,1.5703616226521484,0.0,0.023839584071565636
11.072,1.570361641424204,0.0,0.023847679178484148
11.076,1.5703616599513008,0.0,0.0238557745853511
11.08,1.5703616782626122,0.0,0.023790999299484243
11.084,1.5703617105782712,0.0,0.023714649013952177
11.088,1.5703617862798063,0.0,0.023625887315209024
11.092,1.5703618850621772,0.0,0.023523147144141218
11.096,1.5703619944663594,0.0,0.02340371804930823
11.1,1.5703621076851795,0.0,0.02326337995046129
11.104,1.5703622221174902,0.0,0.02309966724328306
11.108,1.5703623380562364,0.0,0.02291265058615319
11.112,1.5703624562948462,0.0,0.022704062897351704
11.116,1.5703625769691205,0.0,0.022477608119001524
11.12,1.5703626991108208,0.0,0.02223890058304257
11.124,1.5703628203993767,0.0,0.021992924427159395
11.128,1.5703629373144725,0.0,0.021741157677141146
11.132,1.5703630468427778,0.0,0.021484606402093744
11.136,1.57036314758622,0.0,0.02122417181442387
11.14,1.570363239245049,0.0,0.020960661308956775
11.144,1.5703633221800302,0.0,0.020694799031150485
11.148,1.5703633971171225,0.0,0.02042723560853769
11.152,1.5703634649529268,0.0,0.020158539841485513
11.156,1.5703635265705573,0.0,0.019889240138656623
11.16,1.5703635824950257,0.0,0.019619824263924186
11.164,1.570363633331929,0.0,0.019350732078848083
11.168,1.5703636798018672,0.0,0.019082361127395676
11.172,1.5703637226450164,0.0,0.018815071408395036
11.176,1.5703637625642,0.0,0.018549189417536138
11.18,1.5703638001938562,0.0,0.018285011553832307
11.184,1.5703638360860306,0.0,0.018022806986269874
11.188,1.5703638707071894,0.0,0.017762820070291226
11.192,1.570363904441592,0.0,0.017505272394234085
11.196,1.5703639375983243,0.0,0.017250364525057498
11.2,1.5703639704200925,0.0,0.01699827751190614
11.204,1.5703640030925294,0.0,0.016749174196020553
11.208,1.57036403575328,0.0,0.016503200366548173
11.212,1.5703640685004052,0.0,0.016260485794073208
11.216,1.5703641013999077,0.0,0.016021145167142974
11.22,1.570364134492287,0.0,0.015832607065544915
11.224,1.5703641677981313,0.0,0.015822418205263613
11.228,1.5703642013228145,0.0,0.01581230276905263
11.232,1.5703642350603686,0.0,0.015802254726586026
11.236,1.5703642689966435,0.0,0.015792268457787074
11.24,1.5703643031118453,0.0,0.015782338718125528
11.244,1.570364337382544,0.0,0.015772460608320698
11.248,1.570364371783246,0.0,0.015762629548327658
11.252,1.5703644062875968,0.0,0.015752841255247847
11.256,1.5703644408692876,0.0,0.01574309172470157
11.26,1.570364475502721,0.0,0.01573337721513736
11.264,1.570364510163489,0.0,0.015723694234587197
11.268,1.570364544828683,0.0,0.015714039529398274
11.272,1.5703645794770968,0.0,0.015704410074552592
11.276,1.5703646140893373,0.0,0.015694803065197244
11.28,1.5703646486478573,0.0,0.015685215909129392
11.284,1.5703646831369384,0.0,0.01567564621996223
11.288,1.5703647175426378,0.0,0.01566609181081271
11.292,1.5703647518527062,0.0,0.01565655068833283
11.296,1.5703647860564849,0.0,0.015647021046982353
11.3,1.570364820144796,0.0,0.015637501263449854
11.304,1.570364854109823,0.0,0.01562798989115186
11.308,1.5703648879449894,0.0,0.015618478598035477
11.312,1.5703649216002928,0.0,0.015608971446638035
11.316,1.5703649546771083,0.0,0.015599483640937656
11.32,1.5703649868685978,0.0,0.015590026447535228
11.324,1.57036501811853,0.0,0.015580607428720559
11.328,1.5703650485152743,0.0,0.015571230989828032
11.332,1.5703650782215426,0.0,0.015561899027536656
11.336,1.5703651074291343,0.0,0.015552611562759824
11.34,1.570365136330953,0.0,0.015543367300995857
11.344,1.5703651651047745,0.0,0.015534164098140148
11.348,1.5703651939048564,0.0,0.015524999329485959
11.352,1.570365222858632,0.0,0.015515870169921543
11.356,1.5703652520665814,0.0,0.015506773797814727
11.36,1.5703652816039755,0.0,0.015497707536330329
11.364,1.5703653115236087,0.0,0.015488668945241464
11.368,1.5703653418589492,0.0,0.015479655874880108
11.372,1.5703653726273412,0.0,0.01547066649198383
11.376,1.570365403833041,0.0,0.015461699285434274
11.38,1.5703654354699665,0.0,0.015452753058159078
11.384,1.57036546752411,0.0,0.01544382691003747
11.388,1.5703654999755932,0.0,0.015434920215419028
11.392,1.5703655328003885,0.0,0.015426032597915836
11.396,1.570365565971724,0.0,0.015417163904312787
11.4,1.5703655994612125,0.0,0.01540831417888019
11.404,1.5703656332397413,0.0,0.01539948363890392
11.408,1.570365667278157,0.0,0.0153906726519239
11.412,1.5703657015477783,0.0,0.015382036724441817
11.416,1.5703657360207732,0.0,0.015374067907671077
11.42,1.5703657706490892,0.0,0.01536667611545612
11.424,1.5703658054070317,0.0,0.015359761529245373
11.428,1.5703658403252838,0.0,0.015353242443914498
11.432,1.5703658754621699,0.0,0.01534705193542261
11.436,1.5703659108840005,0.0,0.015341135126013582
11.44,1.570365946653312,0.0,0.015335446947848481
11.444,1.5703659828224272,0.0,0.01532995031965075
11.448,1.5703660194305138,0.0,0.015324614663632581
11.452,1.5703660565028663,0.0,0.015319414701512104
11.456,1.5703660940515407,0.0,0.015314329478483962
11.46,1.5703661320767408,0.0,0.015309341572814866
11.464,1.5703661705685608,0.0,0.015304436456104846
11.468,1.570366209508833,0.0,0.015299601975609277
11.472,1.570366248872919,0.0,0.015294827935215952
11.476,1.5703662886313523,0.0,0.015290105756051468
11.48,1.5703663287512881,0.0,0.015285428201276529
11.484,1.5703663691977483,0.0,0.015280789152581709
11.488,1.5703664099346526,0.0,0.015276183428286032
11.492,1.5703664509256583,0.0,0.015271582321211867
11.496,1.5703664921312501,0.0,0.015266964634744471
11.5,1.5703665334936934,0.0,0.015262338799429967
11.504,1.5703665750026274,0.0,0.015257711903594063
11.508,1.570366616697457,0.0,0.015253089651421739
11.512,1.5703666586389842,0.0,0.015248476459251243
11.516,1.5703667008918314,0.0,0.01524387561839498
11.52,1.570366743514208,0.0,0.015239289480800404
11.524000000000001,1.570366786552571,0.0,0.015234719642219063
11.528,1.5703668300394698,0.0,0.015230167109392252
11.532,1.570366873993371,0.0,0.015225632445146213
11.536,1.570366918419656,0.0,0.015221115889774671
11.54,1.57036696331224,0.0,0.015216617459624117
11.544,1.5703670086554486,0.0,0.015212137025116505
11.548,1.5703670544259327,0.0,0.015207674371003774
11.552,1.570367100594477,0.0,0.015203229241729538
11.556000000000001,1.5703671471276297,0.0,0.015198801374643267
11.56,1.570367193989121,0.0,0.015194390523474044
11.564,1.5703672411410599,0.0,0.015189996474193206
11.568,1.5703672885449151,0.0,0.015185619055001745
11.572,1.5703673361623043,0.0,0.015181258141886964
11.576,1.5703673839556065,0.0,0.015176913660905275
11.58,1.5703674318884249,0.0,0.015172585588112223
11.584,1.5703674799259206,0.0,0.015168273947837999
11.588000000000001,1.5703675280350446,0.0,0.015163978809860154
11.592,1.5703675761846774,0.0,0.015159700285897876
11.596,1.5703676243457054,0.0,0.015155438525711525
11.6,1.570367672491039,0.0,0.015151193713042665
11.604,1.5703677205955908,0.0,0.015146966061555751
11.608,1.5703677686362243,0.0,0.01514275581088065
11.612,1.5703678165916741,0.0,0.015138563222834592
11.616,1.5703678644424606,0.0,0.015134388577865681
11.62,1.5703679121707845,0.0,0.01513023217174449
11.624,1.5703679597604256,0.0,0.015126094312509313
11.628,1.5703680071966297,0.0,0.015121975317674658
11.632,1.5703680544660066,0.0,0.015117875511684122
11.636,1.5703681015564224,0.0,0.015113795223604261
11.64,1.5703681484568994,0.0,0.01510973478505104
11.644,1.570368195157523,0.0,0.015105694528320038
11.648,1.5703682416493516,0.0,0.015101674784720808
11.652,1.5703682879243246,0.0,0.015097675883084813
11.656,1.5703683339751986,0.0,0.015093698148445658
11.66,1.5703683797954662,0.0,0.01508974190086887
11.664,1.570368425379291,0.0,0.015085807454429083
11.668,1.5703684707214505,0.0,0.015081895116302004
11.672,1.570368515817276,0.0,0.01507800518598383
11.676,1.5703685606626065,0.0,0.015074137954616708
11.68,1.5703686052537424,0.0,0.015070293704403824
11.684,1.570368649587403,0.0,0.015066472708121684
11.688,1.5703686936606904,0.0,0.015062675228706654
11.692,1.5703687374710567,0.0,0.015058901518918873
11.696,1.570368781016271,0.0,0.015055151821074498
11.7,1.5703688242943952,0.0,0.0150514263668332
11.704,1.5703688673037575,0.0,0.015047725377050177
11.708,1.5703689100429303,0.0,0.015044049061670197
11.712,1.5703689525107116,0.0,0.01504039761967316
11.716,1.5703689947061046,0.0,0.015036771239061478
11.72,1.5703690366283034,0.0,0.015033170096877945
11.724,1.5703690782766786,0.0,0.015029594359269713
11.728,1.5703691196507612,0.0,0.01502604418157268
11.732,1.5703691607502335,0.0,0.015022519708429473
11.736,1.570369201574917,0.0,0.015019021073929417
11.74,1.5703692421247624,0.0,0.015015548401773323
11.744,1.57036928239984,0.0,0.015012101805454287
11.748,1.570369322400332,0.0,0.015008681388454768
11.752,1.570369362126525,0.0,0.015005287244464672
11.756,1.570369401578802,0.0,0.01500191945761032
11.76,1.5703694407576374,0.0,0.014998578102687123
11.764,1.5703694796635883,0.0,0.014995263245412923
11.768,1.5703695182972959,0.0,0.014991974942683272
11.772,1.5703695566594698,0.0,0.014988713242828034
11.776,1.5703695947508904,0.0,0.01498547818588438
11.78,1.5703696325724028,0.0,0.014982269803863827
11.784,1.5703696701249124,0.0,0.014979088121027854
11.788,1.57036970740938,0.0,0.014975933154159227
11.792,1.5703697444268196,0.0,0.014972804912836904
11.796,1.5703697811782946,0.0,0.014969703399711796
11.8,1.5703698176649128,0.0,0.014966628610777029
11.804,1.5703698538878252,0.0,0.014963580535638349
11.808,1.5703698898482215,0.0,0.014960559157784215
11.812,1.570369925547328,0.0,0.014957564454848821
11.816,1.5703699609864046,0.0,0.014954596398869324
11.82,1.5703699961667428,0.0,0.014951654956543471
11.824,1.5703700310896598,0.0,0.014948740089480769
11.828,1.5703700657565054,0.0,0.014945851754448429
11.832,1.5703701001686472,0.0,0.014942989903608535
11.836,1.5703701343274763,0.0,0.014940154484754244
11.84,1.5703701682344036,0.0,0.014937345441534746
11.844,1.5703702018908579,0.0,0.014934562713680093
11.848,1.5703702352982825,0.0,0.014931806237212492
11.852,1.5703702684581358,0.0,0.014929075944660423
11.856,1.5703703013718886,0.0,0.014926371765246412
11.86,1.5703703340410204,0.0,0.014923693625100425
11.864,1.570370366467022,0.0,0.014921041447431165
11.868,1.5703703986513906,0.0,0.014918415152716432
11.872,1.5703704305956288,0.0,0.014915814658872623
11.876,1.570370462301245,0.0,0.014913239881422397
11.88,1.5703704937697505,0.0,0.01491069073365626
11.884,1.5703705250026587,0.0,0.014908167126787462
11.888,1.5703705560014842,0.0,0.01490566897009513
11.892,1.5703705867677427,0.0,0.014903196171063442
11.896,1.5703706173029466,0.0,0.014900748635522439
11.9,1.5703706476086077,0.0,0.014898326267771244
11.904,1.5703706776862352,0.0,0.01489592897069671
11.908,1.5703707075373339,0.0,0.014893556645897343
11.912,1.5703707371634041,0.0,0.014891209193784451
11.916,1.5703707665659417,0.0,0.014888886513685747
11.92,1.570370795746435,0.0,0.01488658850395184
11.924,1.570370824706368,0.0,0.014884315062041407
11.928,1.5703708534472154,0.0,0.014882066084611423
11.932,1.5703708819704454,0.0,0.014879841467600682
11.936,1.5703709102775176,0.0,0.014877641106305439
11.94,1.5703709383698832,0.0,0.014875464895451372
11.944,1.5703709662489838,0.0,0.01487331272926431
11.948,1.570370993916252,0.0,0.014871184501536168
11.952,1.57037102137311,0.0,0.014869080105679116
11.956,1.570371048620971,0.0,0.014866999434783703
11.96,1.5703710756612368,0.0,0.014864942381674535
11.964,1.570371102495299,0.0,0.014862908838952115
11.968,1.5703711291245388,0.0,0.014860898699042424
11.972,1.5703711555503257,0.0,0.014858911854235001
11.976,1.5703711817740185,0.0,0.014856948196723533
11.98,1.5703712077969652,0.0,0.01485500761864248
11.984,1.5703712336205014,0.0,0.014853090012092398
11.988,1.5703712592459524,0.0,0.014851195269176809
11.992,1.570371284674631,0.0,0.014849323282030698
11.996,1.5703713099078394,0.0,0.014847473942835858
12.0,1.5703713349468678,0.0,0.014845647143853172
