phase,sim_time,phase_time,x,y,z,yaw,tilt,speed,effort_fraction,joint_limit_excess,policy_vx,policy_vy,policy_wz,adapter_safety_state,nonfoot_floor_contacts
stand,0.04000000000000003,0.04000000000000003,0.024823623965570262,-0.00047870354608985273,-0.006429496476680292,-0.0015088329949389087,0.039335896641348594,0.9024009692976385,1.0,0.0007067915572413813,0,0,0,NOMINAL,0
stand,0.08000000000000006,0.08000000000000006,0.021927606656600332,0.014512740587540672,-0.029843956728805233,-0.0008491998781486655,0.04102272000451931,0.9209323855112416,1.0,0.0007158962357361731,0,0,0,NOMINAL,0
stand,0.12000000000000009,0.12000000000000009,0.012797624470913468,-0.0033836473594229667,-0.049602103892891505,-0.00043622285921639345,0.02385244908782937,0.8615435232125292,1.0,0,0,0,0,NOMINAL,0
stand,0.16000000000000011,0.16000000000000011,0.013877735780080905,-0.017107482650282353,-0.04498135941273403,-0.004047245049186954,0.04615787394560027,0.2977301436447619,1.0,0,0,0,0,NOMINAL,0
stand,0.20000000000000015,0.20000000000000015,-0.0013709196435928708,-0.02178000287031252,-0.04012372495010639,-0.009932490335763254,0.049990697199760174,0.3345126050087128,1.0,0,0,0,0,NOMINAL,0
stand,0.24000000000000019,0.24000000000000019,-0.010000639021527539,-0.021776642320636103,-0.037852123534353126,-0.009917401472907234,0.05122274938352468,0.22502260508928382,0.607943049524467,0,0,0,0,NOMINAL,0
stand,0.2800000000000002,0.2800000000000002,-0.014616663127775334,-0.017651775820675883,-0.03788340406137143,-0.00691325318115864,0.045178713934504997,0.19082129399700015,1.0,0,0,0,0,NOMINAL,0
stand,0.32000000000000023,0.32000000000000023,-0.01608067826889255,-0.009840397251628675,-0.039588012383423125,0.000687958108031928,0.03205093900848821,0.29237125262127867,1.0,0.00010573589474923234,0,0,0,NOMINAL,0
stand,0.36000000000000026,0.36000000000000026,-0.01586573539328442,0.012031783892506887,-0.04389131228724411,0.016546031186045203,0.028367289339154247,0.6193706723782851,1.0,0.00027272670476683527,0,0,0,NOMINAL,0
stand,0.4000000000000003,0.4000000000000003,-0.022334724420220622,0.019222965087206195,-0.043483848112712706,0.019254224458166554,0.043167322256314714,0.13985189097572368,1.0,0.0002656582661572895,0,0,0,NOMINAL,0
stand,0.44000000000000034,0.44000000000000034,-0.022008009530291386,0.01975095376902653,-0.04009548269585726,0.018674258821623175,0.04011503748042131,0.05852881464895183,1.0,0,0,0,0,NOMINAL,0
stand,0.48000000000000037,0.48000000000000037,-0.019298876623708567,0.019859243033271388,-0.03956346679170656,0.018848771178186233,0.03338328315727141,0.10029276575251009,0.9705148519675869,0,0,0,0,NOMINAL,0
stand,0.5199999999999981,0.5199999999999981,-0.015182000956977559,0.008756987773933954,-0.041925930921143835,0.019287208556755038,0.009719658842970887,0.44705927980093635,1.0,0,0,0,0,NOMINAL,0
stand,0.5599999999999937,0.5599999999999937,-0.019057889626830866,-0.001260653241244875,-0.044619120638896566,0.021635374125032136,0.010433772114735406,0.14645713218468698,1.0,0,0,0,0,NOMINAL,0
stand,0.5999999999999893,0.5999999999999893,-0.020778104053026013,0.003156066596807855,-0.043563819314325306,0.023735109330215477,0.004452338012209729,0.12758957354428538,1.0,0,0,0,0,NOMINAL,0
stand,0.6399999999999849,0.6399999999999849,-0.021737803041547897,0.0063256044646898095,-0.04389730568213489,0.02642271440054142,0.004367754600107903,0.12469467948217043,1.0,0.00010167310214981439,0,0,0,NOMINAL,0
stand,0.6799999999999805,0.6799999999999805,-0.02079831766031293,0.0017064066282915262,-0.043309907810718036,0.03133716884639424,0.004567020819785865,0.1260814887689869,0.803353136014857,0.00028696771538249896,0,0,0,NOMINAL,0
stand,0.7199999999999761,0.7199999999999761,-0.017947026258687864,0.0021555262764961806,-0.04325032731120697,0.03399989466724429,0.004111324682779042,0.11174800862665601,0.9359850369297668,0.00038593095546642493,0,0,0,NOMINAL,0
stand,0.7599999999999717,0.7599999999999717,-0.017532376411590223,0.0033618884042264123,-0.04319338469436389,0.03595123418131993,0.0032052177183210487,0.014219916579689702,0.6429875447455352,0.0003694742502314036,0,0,0,NOMINAL,0
stand,0.7999999999999673,0.7999999999999673,-0.017901894349077827,0.0032918925613482837,-0.043145484803081634,0.0376148115784053,0.005043928874539931,0.011450154528353938,0.5963885294924783,0.00024508608417646565,0,0,0,NOMINAL,0
stand,0.8399999999999629,0.8399999999999629,-0.018337596694583434,0.003427264381190856,-0.0431219453037935,0.038732566068725806,0.0065756225624218735,0.009881676080056289,0.5779334741383616,0.00018165750985165132,0,0,0,NOMINAL,0
stand,0.8799999999999585,0.8799999999999585,-0.018615348966316978,0.0036027918539375194,-0.043103110446429484,0.03956658095215758,0.00730653781127152,0.005457140093649938,0.5962029838117137,0.000155704111378045,0,0,0,NOMINAL,0
stand,0.9199999999999541,0.9199999999999541,-0.018564738125561198,0.003655652881220359,-0.04309059452775133,0.0402041807589003,0.007061015246063507,0.004357974280521423,0.6021208377163659,0.00012995416744117805,0,0,0,NOMINAL,0
stand,0.9599999999999497,0.9599999999999497,-0.01834615089337667,0.003660141367409628,-0.043078754167423565,0.04081266780253467,0.006250920265138953,0.006476861748011495,0.5916085449782772,0.000123129394829705,0,0,0,NOMINAL,0
stand,0.9999999999999453,0.9999999999999453,-0.01807625850965306,0.00364208197054487,-0.04306802362008011,0.04145800890959489,0.005311650007778149,0.006986582307893384,0.5825142424058343,0.00013223383469905672,0,0,0,NOMINAL,0
stand,1.039999999999941,1.039999999999941,-0.017815307950062746,0.003609711822970353,-0.043060306131256464,0.042096634713529923,0.004500808654766185,0.00618534247604903,0.5769265977935701,0.00014659211688067047,0,0,0,NOMINAL,0
stand,1.0799999999999366,1.0799999999999366,-0.01760045874985547,0.0035742783425294082,-0.04305594630832934,0.04268807275144037,0.0039192175815492445,0.0047106614064061705,0.5738899616018968,0.0001589178803591123,0,0,0,NOMINAL,0
stand,1.1199999999999322,1.1199999999999322,-0.017444590671155225,0.003545042426381222,-0.04305413241532285,0.04322716458739992,0.0035522752997977627,0.003243442024505594,0.571377500506863,0.0001661841937051454,0,0,0,NOMINAL,0
stand,1.1599999999999278,1.1599999999999278,-0.017337881928726716,0.003523502229228421,-0.043054026940074624,0.04373160287808978,0.0033386893326311524,0.002196654018023538,0.5692603116924722,0.0001689830608277343,0,0,0,NOMINAL,0
stand,1.1999999999999234,1.1999999999999234,-0.017264851961477545,0.003510167873831102,-0.04305481256861574,0.044211896446526934,0.003216205865134866,0.0015268748857774504,0.5680118515608777,0.00016967117471934303,0,0,0,NOMINAL,0
stand,1.239999999999919,1.239999999999919,-0.017216075377633016,0.0035042657924454954,-0.04305592448820048,0.04467116332260799,0.0031421159595328885,0.0009172943010609827,0.567419440505759,0.0001696684952752586,0,0,0,NOMINAL,0
stand,1.2799999999999145,1.2799999999999145,-0.017187421835502516,0.0035035798789400173,-0.043057053597291325,0.04511245145260437,0.0030927145501923586,0.0005899502005696055,0.5670763150475456,0.0001685361504766356,0,0,0,NOMINAL,0
stand,1.3199999999999101,1.3199999999999101,-0.017165744761504908,0.003506906880673164,-0.043057938537447535,0.045537444650478855,0.0030431632489735898,0.0005743174222538979,0.5666619649167798,0.00016706668702848491,0,0,0,NOMINAL,0
stand,1.3599999999999057,1.3599999999999057,-0.017143430831283862,0.003513160978035503,-0.04305855450573965,0.045947796699035155,0.0029820329149040895,0.0006466485195111317,0.5661238969512871,0.00016612878106246634,0,0,0,NOMINAL,0
stand,1.3999999999999013,1.3999999999999013,-0.017119208484173632,0.0035212023843450616,-0.04305901105759341,0.04634501752246315,0.0029104994577778326,0.000688086670465528,0.5654964571429576,0.00016609220123079706,0,0,0,NOMINAL,0
stand,1.439999999999897,1.439999999999897,-0.017094544713212912,0.003530292021572402,-0.043059446072649124,0.04673090706282248,0.00283486118294551,0.0006752866224428094,0.5648085248620262,0.00016677179724030683,0,0,0,NOMINAL,0
stand,1.4799999999998925,1.4799999999998925,-0.017071321285254487,0.0035400017861129305,-0.04305997173673764,0.047107207459139225,0.0027614913447687062,0.000619358583758914,0.5640828846848805,0.0001676464178020871,0,0,0,NOMINAL,0
stand,1.519999999999888,1.519999999999888,-0.01705063597564799,0.003549908412790242,-0.04306064400733383,0.047474510898875555,0.0026944301199968786,0.000549682493542512,0.5633573543186062,0.0001685192504765552,0,0,0,NOMINAL,0
stand,1.5599999999998837,1.5599999999998837,-0.01703264282854096,0.003559760048021639,-0.04306147030557045,0.04783309649502049,0.0026348650989779484,0.0004873565930571123,0.5626492834108456,0.0001692788681203611,0,0,0,NOMINAL,0
stand,1.5999999999998793,1.5999999999998793,-0.017016896687652213,0.003569409304333454,-0.043062428652598635,0.04818321406939602,0.002582101802207974,0.0004409151072165974,0.5619568605166315,0.0001698835301322774,0,0,0,NOMINAL,0
stand,1.639999999999875,1.639999999999875,-0.017002677880676668,0.0035787620634148156,-0.04306348434451866,0.048525144647546356,0.0025345920298957218,0.0004117715505035753,0.56127142842139,0.0001703430548973065,0,0,0,NOMINAL,0
stand,1.6799999999998705,1.6799999999998705,-0.01698927755066301,0.003587750181258852,-0.04306460190328064,0.0488592097172455,0.0024907065061493573,0.00039606882957091377,0.5605863494483841,0.00017069133534176306,0,0,0,NOMINAL,0
stand,1.719999999999866,1.719999999999866,-0.01697615888796434,0.0035963223830042432,-0.0430657523970561,0.049185748939749974,0.002449145968557271,0.0003891485583851357,0.5598971720830642,0.0001709680024607347,0,0,0,NOMINAL,0
stand,1.7599999999998617,1.7599999999998617,-0.01696301087174765,0.003604442192505324,-0.043066915720799126,0.049505104557208086,0.0024090724519899797,0.00038636069164059704,0.5592010562923301,0.0001712066382053552,0,0,0,NOMINAL,0
stand,1.7999999999998573,1.7999999999998573,-0.01694971586904187,0.0036120865396884606,-0.04306807964280678,0.04981760679873697,0.0023700620651426908,0.0003844172107875296,0.5584965012968527,0.00017143092910763602,0,0,0,NOMINAL,0
stand,1.8399999999998529,1.8399999999998529,-0.016936288720619926,0.0036192460730344145,-0.043069237979345046,0.050123564299190515,0.00233198426053442,0.00038127793091979455,0.5577821471215928,0.0001716539986735893,0,0,0,NOMINAL,0
stand,1.8799999999998485,1.8799999999998485,-0.01692279767656575,0.0036259250105632993,-0.04307038764883864,0.05042325893220581,0.0022948562085252874,0.0003766248467260169,0.5570581777195571,0.00017188123907356412,0,0,0,NOMINAL,0
stand,1.919999999999844,1.919999999999844,-0.01690933981772041,0.003632134444391612,-0.043071527714764996,0.05071694749999607,0.0022587642778792174,0.0003699392032750006,0.5563254768511092,0.00017211203670533005,0,0,0,NOMINAL,0
stand,1.9599999999998396,1.9599999999998396,-0.016896000489868602,0.003637891120369621,-0.04307265769890191,0.051004867548253764,0.002223793157761752,0.0003619573723250171,0.5555843643506574,0.00017234462929099903,0,0,0,NOMINAL,0
stand,1.9999999999998352,1.9999999999998352,-0.016882838952806328,0.0036432172032969832,-0.04307377701905251,0.05128723513632821,0.002189993680892068,0.0003532750024985581,0.5548361231007368,0.0001725763013654905,0,0,0,NOMINAL,0
stand,2.0399999999998486,2.0399999999998486,-0.016869891143593517,0.0036481339318397994,-0.043074885392449094,0.05156425818876837,0.0021573877640064048,0.0003443441544085689,0.554085276492252,0.00017280533638531747,0,0,0,NOMINAL,0
stand,2.079999999999862,2.079999999999862,-0.016857179936857904,0.00365266373361976,-0.04307598215228003,0.05183613419779335,0.0021259739876898537,0.00033532727685680176,0.5533298317114822,0.00017303015748510622,0,0,0,NOMINAL,0
stand,2.1199999999998753,2.1199999999998753,-0.016844721576845717,0.003656828046642748,-0.04307706686849628,0.05210304664604642,0.0020957389488713727,0.0003263199286175597,0.5525701788245584,0.00017324995607223372,0,0,0,NOMINAL,0
stand,2.1599999999998887,2.1599999999998887,-0.01683251528564784,0.0036606462711702378,-0.04307813899066702,0.05236517441438822,0.00206665628391214,0.0003177690458173716,0.5518064430230109,0.00017346510331389054,0,0,0,NOMINAL,0
stand,2.199999999999902,2.199999999999902,-0.016820569409915692,0.0036641366893495476,-0.04307919845614875,0.0526226883774152,0.0020387050449477244,0.0003091316135337599,0.5510375610258734,0.00017367487961612575,0,0,0,NOMINAL,0
stand,2.2399999999999154,2.2399999999999154,-0.016808878094522556,0.003667318184772487,-0.04308024499563212,0.052875749749115165,0.0020118554230479746,0.0003010541489186025,0.550264651780393,0.00017388030617192384,0,0,0,NOMINAL,0
stand,2.2799999999999288,2.2799999999999288,-0.016797445215143387,0.0036702053359906673,-0.04308127885173043,0.0531245141838612,0.0019860886334872483,0.0002928954233636049,0.549488442915327,0.00017408091676973046,0,0,0,NOMINAL,0
stand,2.319999999999942,2.319999999999942,-0.01678626583656491,0.003672814691708225,-0.04308230021228085,0.05336912966859369,0.0019613780981849,0.00028524540482733425,0.5487085509998483,0.0001742771885429878,0,0,0,NOMINAL,0
stand,2.3599999999999555,2.3599999999999555,-0.01677533447933963,0.003675161623895045,-0.04308330933004925,0.05360973742050534,0.0019376977765318496,0.0002778086708499288,0.5479262296926607,0.00017446895153379801,0,0,0,NOMINAL,0
stand,2.399999999999969,2.399999999999969,-0.016764652460164776,0.0036772601914561893,-0.0430843063214116,0.05384646996664828,0.00191502513841592,0.000270460081526811,0.5471416991430856,0.00017465608695041508,0,0,0,NOMINAL,0
stand,2.439999999999982,2.439999999999982,-0.016754219416079106,0.0036791227746525656,-0.043085291695856585,0.054079454163426355,0.001893337564009785,0.0002633185988323924,0.5463555970572403,0.00017483886732424614,0,0,0,NOMINAL,0
stand,2.4799999999999955,2.4799999999999955,-0.016744021394214388,0.003680762052382691,-0.043086265737568435,0.05430881314083006,0.0018726059068240007,0.0002567658647550516,0.5455680032487524,0.00017501780168206483,0,0,0,NOMINAL,0
stand,2.520000000000009,2.520000000000009,-0.016734054223777658,0.0036821902846490883,-0.0430872288739081,0.054534659968373374,0.0018528046794787454,0.00025028482028044343,0.544779375899347,0.00017519220490957654,0,0,0,NOMINAL,0
stand,2.5600000000000223,2.5600000000000223,-0.01672431568310506,0.003683418116798901,-0.04308818139140974,0.054757107708360536,0.0018339113961237138,0.00024400611858871123,0.543990003643862,0.00017536261040924914,0,0,0,NOMINAL,0
stand,2.6000000000000356,2.6000000000000356,-0.01671479436868784,0.003684457146281274,-0.043089123535173926,0.05497626472965071,0.001815897650635619,0.00023822024045344937,0.5432003793637027,0.00017552919253285514,0,0,0,NOMINAL,0
stand,2.640000000000049,2.640000000000049,-0.01670548747152594,0.0036853154883252515,-0.043090055728205644,0.05519223110128076,0.0017987417357562428,0.00023243218906588952,0.5424111772412153,0.0001756915780711637,0,0,0,NOMINAL,0
stand,2.6800000000000623,2.6800000000000623,-0.016696396279127917,0.0036860023411503513,-0.04309097858831415,0.05540510193034164,0.001782422217389066,0.00022673050055373794,0.5416219125807689,0.0001758502333517773,0,0,0,NOMINAL,0
stand,2.7200000000000757,2.7200000000000757,-0.016687509904596883,0.003686526985150669,-0.043091892362960904,0.05561497022503313,0.001766915571964656,0.00022150001707743586,0.5408327182118541,0.00017600561943467076,0,0,0,NOMINAL,0
stand,2.760000000000089,2.760000000000089,-0.016678817990092045,0.003686898062566051,-0.043092797283977614,0.05582192404718961,0.0017521993596831627,0.0002165312618530684,0.5400443758698137,0.0001761574218033649,0,0,0,NOMINAL,0
stand,2.8000000000001024,2.8000000000001024,-0.01667032341722153,0.003687123525037634,-0.0430936938783595,0.05602604707170873,0.001738252985861521,0.00021145422878161106,0.5392568824813416,0.00017630537767162374,0,0,0,NOMINAL,0
stand,2.8400000000001158,2.8400000000001158,-0.016662011083041304,0.0036872112522285646,-0.04309458237361109,0.05622741860358581,0.0017250525710102748,0.00020704908697385813,0.5384711269048745,0.00017645051516218432,0,0,0,NOMINAL,0
stand,2.880000000000129,2.880000000000129,-0.01665387843075487,0.0036871687514706385,-0.04309546312268685,0.05642611391161955,0.0017125758404997625,0.0002025034941587947,0.5376870602944207,0.00017659211956626807,0,0,0,NOMINAL,0
stand,2.9200000000001425,2.9200000000001425,-0.016645927182524795,0.00368700117176182,-0.04309633664379809,0.05662220900263705,0.001700804371046377,0.0001980557651742435,0.5369045401840682,0.00017673059176008554,0,0,0,NOMINAL,0
stand,2.960000000000156,2.960000000000156,-0.01663815019588139,0.003686715639214836,-0.0430972032152558,0.05681577392876171,0.0016897174452250453,0.00019387625111739874,0.53612350886014,0.0001768661817994684,0,0,0,NOMINAL,0
stand,3.000000000000169,3.000000000000169,-0.016630535211431426,0.0036863189041495617,-0.04309806292602683,0.05700687598913579,0.0016792951947480132,0.0001900717377283078,0.535344350701283,0.00017699906312003836,0,0,0,NOMINAL,0
stand,3.0400000000001826,3.0400000000001826,-0.016623080113570086,0.0036858167736057573,-0.04309891609630102,0.057195578190722664,0.0016695175255649168,0.00018622542401160148,0.5345677642713546,0.00017712882628718725,0,0,0,NOMINAL,0
stand,3.080000000000196,3.080000000000196,-0.016615788621438143,0.0036852140608548845,-0.043099763049518604,0.057381941699632864,0.0016603647735294934,0.0001823296447749991,0.5337938851767684,0.00017725560011340815,0,0,0,NOMINAL,0
stand,3.1200000000002093,3.1200000000002093,-0.01660865028915521,0.00368451685095922,-0.04310060405826982,0.05756602497631591,0.0016518171752339331,0.00017888758160185936,0.5330221320873273,0.00017737996175425108,0,0,0,NOMINAL,0
stand,3.1600000000002226,3.1600000000002226,-0.016601653160182795,0.003683730279787771,-0.04310143904915982,0.05774788561701324,0.0016438568111944256,0.00017567484630386652,0.5322531067801073,0.0001775018442387411,0,0,0,NOMINAL,0
stand,3.200000000000236,3.200000000000236,-0.016594805022204135,0.0036828584403617044,-0.043102268411454855,0.05792757477907229,0.0016364646749487143,0.00017213913167569067,0.5314870886163027,0.0001776206019828414,0,0,0,NOMINAL,0
stand,3.2400000000002493,3.2400000000002493,-0.01658809456030881,0.0036819062281585493,-0.043103092294255095,0.05810514509442101,0.001629623626624017,0.00016918392139890395,0.5307241860343048,0.0001777374925953757,0,0,0,NOMINAL,0
stand,3.2800000000002627,3.2800000000002627,-0.01658151595149966,0.0036808784937262455,-0.043103910878963245,0.058280646785665094,0.0016233154668320725,0.00016618652430089862,0.5299636195870777,0.00017785189484080204,0,0,0,NOMINAL,0
stand,3.320000000000276,3.320000000000276,-0.01657507561241248,0.00367977780931273,-0.04310472447368345,0.05845412750101149,0.0016175232610821458,0.0001630143013498412,0.5292066085425161,0.00017796375498746773,0,0,0,NOMINAL,0
stand,3.3600000000002894,3.3600000000002894,-0.016568767724957707,0.003678608161094462,-0.04310553329696949,0.05862563278385417,0.0016122305725987279,0.00016016699986065946,0.52845275677784,0.00017807361491497856,0,0,0,NOMINAL,0
stand,3.400000000000303,3.400000000000303,-0.016562586422126796,0.003677375027715569,-0.04310633747490054,0.058795204509143446,0.001607419837889326,0.00015740703908008686,0.5277013822761468,0.0001781810270827343,0,0,0,NOMINAL,0
stand,3.440000000000316,3.440000000000316,-0.016556518001675746,0.0036760812604290346,-0.043107136709903064,0.05896288680856664,0.0016030803776936671,0.00015507659052393078,0.5269544918930431,0.00017828659664926962,0,0,0,NOMINAL,0
stand,3.4800000000003295,3.4800000000003295,-0.016550572167312576,0.003674729417019971,-0.043107931630745895,0.05912871937713786,0.001599192517520713,0.00015224154616755656,0.5262107961618409,0.00017838958753737565,0,0,0,NOMINAL,0
stand,3.520000000000343,3.520000000000343,-0.01654474528160793,0.003673322830978535,-0.04310872227583173,0.05929273943057268,0.0015957401997477505,0.00014978580115803034,0.5254705524909125,0.00017849089213816825,0,0,0,NOMINAL,0
stand,3.560000000000356,3.560000000000356,-0.016539034944499306,0.003671865005751255,-0.04310950876103547,0.05945498310411236,0.001592707084404051,0.00014724436161527198,0.5247335945622016,0.00017859009609842136,0,0,0,NOMINAL,0
stand,3.6000000000003696,3.6000000000003696,-0.01653343380773857,0.003670357480582292,-0.04311029114425829,0.05961548709966327,0.0015900819796308273,0.00014503791115712668,0.5240010474377382,0.0001786875231734453,0,0,0,NOMINAL,0
stand,3.640000000000383,3.640000000000383,-0.016527940061730095,0.003668803423765252,-0.04311106953672872,0.05977428648472618,0.001587850168822396,0.000142733393703607,0.5232714026972342,0.0001787829076746969,0,0,0,NOMINAL,0
stand,3.6800000000003963,3.6800000000003963,-0.01652254932121481,0.0036672059283150474,-0.043111844026131205,0.0599314148895569,0.0015859980388593384,0.0001406251769275116,0.5225452933623408,0.00017887671013425903,0,0,0,NOMINAL,0
stand,3.7200000000004096,3.7200000000004096,-0.01651725852686712,0.003665567309272932,-0.043112614733946585,0.06008690324377818,0.0015845123562082944,0.00013853025849884905,0.5218232034547456,0.00017896876978193034,0,0,0,NOMINAL,0
stand,3.760000000000423,3.760000000000423,-0.016512066158752704,0.0036638899904245046,-0.04311338182377666,0.06024078193516392,0.0015833789433570553,0.00013650717152752267,0.5211053019695023,0.00017905903650193688,0,0,0,NOMINAL,0
stand,3.8000000000004364,3.8000000000004364,-0.01650696998604469,0.0036621767651578373,-0.043114145294642706,0.06039307847702993,0.0015825839594599534,0.00013451775256006595,0.5203907848263434,0.0001791474791143458,0,0,0,NOMINAL,0
stand,3.8400000000004497,3.8400000000004497,-0.016501975933067365,0.003660428788578481,-0.04311490543633903,0.060543822363796324,0.0015821112310039642,0.00013233337013719872,0.5196809498757088,0.00017923411435570092,0,0,0,NOMINAL,0
stand,3.880000000000463,3.880000000000463,-0.016497033443665283,0.0036586496463542895,-0.04311566122841738,0.060693050310592744,0.001581974241828356,0.00013333516615023132,0.518974362008972,0.00017932227016380584,0,0,0,NOMINAL,0
stand,3.9200000000004764,3.9200000000004764,-0.016492020771810025,0.0036568302659899152,-0.04311641237503558,0.06084091872667997,0.001582263554290819,0.00013325471576994835,0.518271688595289,0.000179412751692448,0,0,0,NOMINAL,0
stand,3.96000000000049,3.96000000000049,-0.01648707558861849,0.0036549327912023645,-0.043117163353335944,0.06098762455358797,0.001582960639532068,0.00013202900763805122,0.5175788831334495,0.000179500213261476,0,0,0,NOMINAL,0
stand,4.000000000000503,4.000000000000503,-0.01648221268892553,0.0036529579477413104,-0.043117914589633294,0.06113320302386382,0.0015840446796971908,0.00013077223867394712,0.5168970965711144,0.00017958476154100083,0,0,0,NOMINAL,0
stand,4.0400000000004805,4.0400000000004805,-0.016477436124450216,0.003650912478898785,-0.043118666314628754,0.06127766479105507,0.0015854777479282613,0.00012939351575822148,0.5162257916126781,0.0001796664294833471,0,0,0,NOMINAL,0
stand,4.080000000000458,4.080000000000458,-0.01647274907507697,0.003648805068381843,-0.04311941890522509,0.06142101896649265,0.001587211023483845,0.00012791755699278004,0.5155606333051439,0.0001797459459094537,0,0,0,NOMINAL,0
stand,4.120000000000436,4.120000000000436,-0.016468155217804373,0.0036466405609592487,-0.04312017230832607,0.061563277220864646,0.0015892022965946734,0.00012636885121548527,0.5149016399721635,0.00017982346588586926,0,0,0,NOMINAL,0
stand,4.160000000000414,4.160000000000414,-0.016463654898224173,0.00364442260719171,-0.04312092663735532,0.06170444983831158,0.0015914169391938512,0.00012484427744877257,0.5142475331271436,0.00017989922468250325,0,0,0,NOMINAL,0
stand,4.200000000000392,4.200000000000392,-0.01645924651426334,0.003642153498886318,-0.04312168179723877,0.06184454425826608,0.0015938303429058832,0.0001233867984580678,0.5135987924646493,0.00017997298490646853,0,0,0,NOMINAL,0
stand,4.24000000000037,4.24000000000037,-0.016454927594919514,0.003639835806802747,-0.043122437558461665,0.061983571420500296,0.0015964274363808842,0.00012200283659197406,0.5129545221591923,0.0001800448587766561,0,0,0,NOMINAL,0
stand,4.2800000000003475,4.2800000000003475,-0.016450693254862744,0.003637473330763242,-0.04312319383059673,0.06212154100094768,0.0015991992095642765,0.00012072138883728043,0.5123137652138813,0.00018011508538744744,0,0,0,NOMINAL,0
stand,4.320000000000325,4.320000000000325,-0.016446540761314327,0.0036350696133244237,-0.04312395027595664,0.06225846071106982,0.0016021391867905108,0.00011947705034462961,0.5116782908256138,0.00018018359910656744,0,0,0,NOMINAL,0
stand,4.360000000000303,4.360000000000303,-0.01644246543717027,0.0036326277800934432,-0.04312470670414718,0.062394338642091145,0.001605245448283548,0.00011833639022706484,0.5110470234526389,0.00018025070706422557,0,0,0,NOMINAL,0
stand,4.400000000000281,4.400000000000281,-0.016438464258368035,0.0036301518894927146,-0.04312546295435233,0.06252918147470207,0.001608514104245392,0.00011720563513712653,0.5104195539029212,0.00018031662154630696,0,0,0,NOMINAL,0
stand,4.440000000000259,4.440000000000259,-0.016434533688540587,0.0036276465358893485,-0.04312621894254918,0.062662997254741,0.0016119412951800705,0.00011611313474535525,0.509795644426567,0.0001803816358901895,0,0,0,NOMINAL,0
stand,4.480000000000237,4.480000000000237,-0.016430673003060735,0.0036251151143832277,-0.0431269744104173,0.06279579246952104,0.0016155221964743683,0.00011499736969398407,0.5091762400034637,0.00018044559058010926,0,0,0,NOMINAL,0
stand,4.5200000000002145,4.5200000000002145,-0.0164268810058653,0.003622561606062206,-0.043127729348328245,0.06292757379442991,0.00161925008432242,0.00011386117826945311,0.508560338525932,0.00018050875097791932,0,0,0,NOMINAL,0
stand,4.560000000000192,4.560000000000192,-0.016423154522337443,0.0036199894148851498,-0.04312848374087987,0.06305834745540631,0.001623120487902313,0.00011278203920641389,0.5079483603371351,0.0001805710062312832,0,0,0,NOMINAL,0
stand,4.60000000000017,4.60000000000017,-0.016419494663098843,0.0036174003079563694,-0.043129237438626185,0.06318812056510618,0.0016271255982685732,0.0001116357945082456,0.5073408819423293,0.00018063234757433792,0,0,0,NOMINAL,0
stand,4.640000000000148,4.640000000000148,-0.01641589892516387,0.003614797773339679,-0.043129990473526475,0.06331689889648237,0.0016312591472024366,0.00011053118703808796,0.506736486541147,0.00018069285364068533,0,0,0,NOMINAL,0
stand,4.680000000000126,4.680000000000126,-0.016412366458521264,0.003612185515544427,-0.04313074277514793,0.06344468961891236,0.0016355143078747578,0.00010938734590435955,0.5061353984326377,0.00018075246397086087,0,0,0,NOMINAL,0
stand,4.720000000000104,4.720000000000104,-0.016408896030836884,0.003609564742822431,-0.04313149418100897,0.06357150030560145,0.001639887158761782,0.00010827472680569764,0.5055391277583007,0.0001808111192392299,0,0,0,NOMINAL,0
stand,4.7600000000000815,4.7600000000000815,-0.016405488441388484,0.003606936808714145,-0.04313224459478126,0.06369733699161445,0.001644370797288167,0.00010712066935955006,0.5049462394898526,0.00018086885178079213,0,0,0,NOMINAL,0
stand,4.800000000000059,4.800000000000059,-0.016402141782545024,0.0036043043241726948,-0.04313299404546362,0.06382220607783119,0.0016489577901375823,0.00010598671884881759,0.5043569178295024,0.0001809259296673964,0,0,0,NOMINAL,0
stand,4.840000000000037,4.840000000000037,-0.01639885549982675,0.00360166782117535,-0.0431337424457828,0.06394611505092121,0.00165364255717115,0.00010486750577726057,0.5037712481777835,0.0001809870506952257,0,0,0,NOMINAL,0
stand,4.880000000000015,4.880000000000015,-0.01639562945195233,0.0035990296423439204,-0.04313448972550823,0.06406906823585398,0.0016584180604234224,0.00010371024552656407,0.5031885989736761,0.00018106172713422075,0,0,0,NOMINAL,0
stand,4.919999999999993,4.919999999999993,-0.016392460594175984,0.003596390621974707,-0.04313523582386596,0.06419107437114698,0.0016632831842706536,0.00010264331136633918,0.5026102441706288,0.00018113499304899373,0,0,0,NOMINAL,0
stand,4.959999999999971,4.959999999999971,-0.016389346691867476,0.0035937522061855586,-0.04313598072161345,0.06431214049732528,0.0016682350159995894,0.00010158115677709161,0.5020352270746483,0.00018120701687806184,0,0,0,NOMINAL,0
stand,4.9999999999999485,4.9999999999999485,-0.016386288258858506,0.0035911144281590627,-0.043136724271932526,0.06443227283069722,0.0016732675398714347,0.00010051108023060693,0.501464705491748,0.00018127787061597282,0,0,0,NOMINAL,0
perturb,5.039999999999926,0.03999999999997783,-0.016383284478599595,0.003588478178764888,-0.04313746633897188,0.0645514769755922,0.0016783757364615898,9.945861834160392e-05,0.5008971535044159,0.00018134761298209872,0,0,0,NOMINAL,0
perturb,5.079999999999904,0.07999999999995566,-0.016380335681673887,0.003585844683822613,-0.043138206906186305,0.0646697608371504,0.0016835529813029981,9.837523774324586e-05,0.500332897250197,0.00018141625958557312,0,0,0,NOMINAL,0
perturb,5.119999999999882,0.1199999999999335,-0.016377438756783075,0.0035832143708015456,-0.04313894598557474,0.06478713114991919,0.0016887969144673545,9.737297925276753e-05,0.49977228512821653,0.0001814839424334874,0,0,0,NOMINAL,0
perturb,5.15999999999986,0.15999999999991132,-0.016374594075196036,0.0035805879095588606,-0.04313968347699287,0.06490359426729152,0.0016941018462019437,9.633555977110304e-05,0.49921546025730396,0.0001815503944234477,0,0,0,NOMINAL,0
perturb,5.199999999999838,0.19999999999988916,-0.016371801295936215,0.003577964668345716,-0.043140419223879255,0.06501915714450719,0.0016994643341902336,9.533540155950245e-05,0.4986621126478221,0.00018161577094849047,0,0,0,NOMINAL,0
perturb,5.2399999999998155,0.239999999999867,-0.016369058946995352,0.0035753464492983655,-0.04314115325900296,0.06513382503396169,0.0017048790927464289,9.433179026697633e-05,0.4981116542023949,0.0001816802431642068,0,0,0,NOMINAL,0
perturb,5.279999999999793,0.2799999999998448,-0.01636636665368757,0.0035727324437371775,-0.043141885565689514,0.06524760774667743,0.0017103411100574096,9.33622104682417e-05,0.49756543110279966,0.0001817435696970328,0,0,0,NOMINAL,0
perturb,5.319999999999771,0.31999999999982265,-0.016363723412409287,0.0035701229752312783,-0.04314261608660511,0.0653605094256443,0.001715846594787586,9.241172203331483e-05,0.49702263412902004,0.00018180591197319,0,0,0,NOMINAL,0
perturb,5.359999999999749,0.3599999999998005,-0.016361128652544958,0.003567519272800672,-0.04314334468860588,0.06547253615410446,0.0017213920264755227,9.144494020376475e-05,0.49648235776723854,0.00018186721793417686,0,0,0,NOMINAL,0
perturb,5.399999999999727,0.3999999999997783,-0.016358581268888686,0.0035649209246399853,-0.043144071374576605,0.06558369448204955,0.0017269743994464432,9.051977918472151e-05,0.49594628829236886,0.00018192763669710088,0,0,0,NOMINAL,0
perturb,5.439999999999705,0.43999999999975614,-0.016356079333483365,0.003562329118042799,-0.04314479618740681,0.06569399125987938,0.0017325906352680719,8.961759084514658e-05,0.49541307671514584,0.00018198702453339096,0,0,0,NOMINAL,0
perturb,5.4799999999996825,0.479999999999734,-0.01635362277597451,0.003559743584152881,-0.04314551899711339,0.06580343313486553,0.0017382374431356503,8.871847936831125e-05,0.49488380932436243,0.0001820454032794982,0,0,0,NOMINAL,0
perturb,5.51999999999966,0.5199999999997118,-0.016351210945746077,0.0035571635457455207,-0.04314623968220021,0.06591202664574082,0.0017439133921112544,8.786253364658945e-05,0.49435780600330964,0.00018210275934756197,0,0,0,NOMINAL,0
perturb,5.559999999999638,0.5599999999996896,-0.016348842863697692,0.0035545906834610346,-0.043146958235209545,0.06601977751830218,0.0017496155035137408,8.698212231047744e-05,0.49383422204476,0.00018215927487482913,0,0,0,NOMINAL,0
perturb,5.599999999999616,0.5999999999996675,-0.016346517251301197,0.0035520244390537035,-0.04314767464890382,0.0661266923689406,0.0017553414398076036,8.615056702028777e-05,0.49331488842427557,0.00018221498591009907,0,0,0,NOMINAL,0
perturb,5.639999999999594,0.6399999999996453,-0.016344234959834888,0.0035494641053293485,-0.04314838880903794,0.06623277900639778,0.0017610850937276189,8.531467981747708e-05,0.49279900283458056,0.00018226976182964766,0,0,0,NOMINAL,0
perturb,5.679999999999572,0.6799999999996231,-0.016341993570384593,0.0035469104718618954,-0.043149100764607554,0.06633804171322294,0.0017668452390944137,8.451843546694115e-05,0.49228557665687095,0.00018232378839754546,0,0,0,NOMINAL,0
perturb,5.7199999999995494,0.719999999999601,-0.016339794154211173,0.00354436409448536,-0.043149810354550365,0.0664424884008654,0.0017726178496319863,8.36794893569328e-05,0.49177510140104935,0.00018237682481256522,0,0,0,NOMINAL,0
perturb,5.759999999999527,0.7599999999995788,-0.016337635086012544,0.003541825217272936,-0.04315051759860481,0.06654612438862015,0.0017784017323774425,8.289315607517798e-05,0.49126830565764723,0.00018242912977800349,0,0,0,NOMINAL,0
perturb,5.799999999999505,0.7999999999995566,-0.016335514786187923,0.0035392940712324988,-0.04315122256913524,0.06664895596295323,0.0017841962035528825,8.211886145297071e-05,0.4907645139952636,0.0001824805755901858,0,0,0,NOMINAL,0
perturb,5.839999999999483,0.8399999999995345,-0.01633343423877681,0.0035367702156467126,-0.043151925046083665,0.06675098696600056,0.0017899971890770504,8.134245152336569e-05,0.49026455649014894,0.0001825312343839384,0,0,0,NOMINAL,0
perturb,5.879999999999461,0.8799999999995123,-0.016331391880357152,0.0035342538640871016,-0.04315262518578318,0.06685222420354243,0.0017958025028108923,8.060057144885675e-05,0.489766924932711,0.0001825811252294513,0,0,0,NOMINAL,0
perturb,5.919999999999439,0.9199999999994901,-0.016329387408559277,0.00353174498516522,-0.04315332282470659,0.06695267456944515,0.0018016091294355936,7.985639472843032e-05,0.4892726795341425,0.00018263019479208953,0,0,0,NOMINAL,0
perturb,5.959999999999416,0.959999999999468,-0.016327420466392746,0.00352924374220642,-0.04315401789501,0.06705234406434725,0.0018074148359314825,7.912797094902743e-05,0.4887815980109646,0.00018267846077177946,0,0,0,NOMINAL,0
perturb,5.999999999999394,0.9999999999994458,-0.01632549037140584,0.0035267502537374867,-0.043154710343962496,0.06715123767055851,0.0018132178783833025,7.840863043735259e-05,0.4882935253279528,0.0001827260320753535,0,0,0,NOMINAL,0
perturb,6.039999999999372,1.0399999999994236,-0.0163612578289433,0.003629266537495962,-0.0431557658237322,0.06734309980032577,0.0019885053741346124,0.006735957352110118,0.4938816770756491,0.00018745302115563602,0,0,0,NOMINAL,0
perturb,6.07999999999935,1.0799999999994014,-0.016410154485967905,0.004057251568167357,-0.04315671645329374,0.0677327562951815,0.002433213206805519,0.015309590145434137,0.5280333760443053,0.00019049574875863888,0,0,0,NOMINAL,0
perturb,6.119999999999328,1.1199999999993793,-0.01647036111356918,0.004713856968160416,-0.04315536256431553,0.0680888480611453,0.0031024718918046482,0.019140766828344234,0.5724547550124303,0.00019005198925347674,0,0,0,NOMINAL,0
perturb,6.159999999999306,1.159999999999357,-0.016554001507795395,0.005375693675063921,-0.043137030213009075,0.0683137918967382,0.004071543429654534,0.016774027084043682,0.6123842942566251,0.00018468017411919535,0,0,0,NOMINAL,0
perturb,6.199999999999283,1.199999999999335,-0.01665161753952457,0.0059564771394808045,-0.043099693296046494,0.06838834197051226,0.005316420436659629,0.015189671274107726,0.6505411474081549,0.00018908657188769615,0,0,0,NOMINAL,0
perturb,6.239999999999261,1.2399999999993128,-0.016776895143922135,0.0063632523148448965,-0.04306715465582734,0.06811630470597904,0.006290174663227499,0.008001475441845162,0.6827321547706742,0.00019729117513879284,0,0,0,NOMINAL,0
perturb,6.279999999999239,1.2799999999992906,-0.016923851797478486,0.006525598609349283,-0.04306019539511348,0.06784459041616951,0.006554736380222796,0.004214007905023058,0.6704228256216364,0.0001973235088170609,0,0,0,NOMINAL,0
perturb,6.319999999999217,1.3199999999992684,-0.0171749098975034,0.006533509307634848,-0.043086186052540026,0.06777714790450931,0.006170694954414298,0.007588688182317279,0.6332938658891536,0.00018973942596825792,0,0,0,NOMINAL,0
perturb,6.359999999999195,1.3599999999992463,-0.017334681923997602,0.006443981367857927,-0.04314169058570788,0.06774952917035097,0.005305164449216396,0.004361503949930354,0.5910940525606708,0.00018541523902175248,0,0,0,NOMINAL,0
perturb,6.399999999999173,1.399999999999224,-0.017338945858830647,0.006135430845774179,-0.04318472729091013,0.06771318032939364,0.0042907526292250186,0.01570152550565462,0.5525622905358946,0.00018526913062949366,0,0,0,NOMINAL,0
perturb,6.43999999999915,1.439999999999202,-0.017278103816281247,0.005394442790955609,-0.043179710806335585,0.06756128142848279,0.003679838236283293,0.020701246711949926,0.5243555128898997,0.00018096750162952715,0,0,0,NOMINAL,0
perturb,6.479999999999128,1.4799999999991797,-0.017180383680495816,0.004617429819612946,-0.04317450794133812,0.06740088649933676,0.002999463073972513,0.01977854306201403,0.5005856816700173,0.0001729873322029647,0,0,0,NOMINAL,0
perturb,6.519999999999106,1.5199999999991576,-0.017049902947135303,0.003921117478118149,-0.04317069534099772,0.06731613459933598,0.0022148878199359043,0.017265909088938842,0.47479144499230824,0.00016383097029039434,0,0,0,NOMINAL,0
perturb,6.559999999999084,1.5599999999991354,-0.01690258993057349,0.0033572179412159602,-0.043166246487698824,0.06731942278838234,0.0014209185804816297,0.013460170759063788,0.4534855716591398,0.00016481437488163176,0,0,0,NOMINAL,0
perturb,6.599999999999062,1.5999999999991132,-0.016754401045482478,0.002961257683030063,-0.04316002184002419,0.06741054509040383,0.0007512603741738664,0.009036177010403542,0.44123097660983285,0.00017068811669033497,0,0,0,NOMINAL,0
perturb,6.63999999999904,1.639999999999091,-0.016609117438030608,0.0027323576591623123,-0.04315532707478501,0.06757744597804974,0.000592503612395601,0.005363229417741869,0.44829495380323076,0.00017663060245854653,0,0,0,NOMINAL,0
perturb,6.679999999999017,1.679999999999069,-0.016471155304370474,0.0026347641235152297,-0.0431540045523513,0.06778673883300727,0.0010036502014311925,0.003542088095770852,0.45096617863151134,0.0001808763684867576,0,0,0,NOMINAL,0
perturb,6.719999999998995,1.7199999999990467,-0.016357316812176018,0.0026110378231842843,-0.04315529538297938,0.06797303120038252,0.001453405123728325,0.002435198917038527,0.45039088180705705,0.00018298554077521357,0,0,0,NOMINAL,0
perturb,6.759999999998973,1.7599999999990246,-0.0162832133617827,0.0026451054320532105,-0.043157575525677054,0.06812142515332396,0.0018022328912540775,0.0020460623554404114,0.45832488132435206,0.00018482426105947912,0,0,0,NOMINAL,0
perturb,6.799999999998951,1.7999999999990024,-0.0162545653582959,0.0027304797399527814,-0.043157970276954116,0.06824837480035317,0.0020162801351608444,0.0028084811813368013,0.46454663390138234,0.00018737972911300985,0,0,0,NOMINAL,0
perturb,6.839999999998929,1.8399999999989802,-0.016252856914035184,0.0028502753358443144,-0.04315874924221014,0.06838806411241831,0.0021177557767475693,0.0032749591150633022,0.4675057410178817,0.00018859825258385726,0,0,0,NOMINAL,0
perturb,6.8799999999989065,1.879999999998958,-0.016267009360006735,0.002975330446903691,-0.043160371728256555,0.06852563610989375,0.0021372068548452983,0.0031483388930653184,0.4689725234391409,0.00018941447990830832,0,0,0,NOMINAL,0
perturb,6.919999999998884,1.919999999998936,-0.016289591146201685,0.003086255820804771,-0.04316227740981991,0.06863579328832511,0.002107299564075828,0.002682931103357621,0.4701645261193232,0.00018963682234950506,0,0,0,NOMINAL,0
perturb,6.959999999998862,1.9599999999989137,-0.016314428509790646,0.003177838216143113,-0.04316409196683225,0.06871907971354665,0.0020552778011268687,0.0022158803601750633,0.47099959539743014,0.00018953656136915764,0,0,0,NOMINAL,0
perturb,6.99999999999884,1.9999999999988916,-0.01633721700187063,0.0032524565734587414,-0.04316565382212855,0.06879326671873076,0.0019993171238555938,0.0017925794477222055,0.47116596601993677,0.00018847976470598682,0,0,0,NOMINAL,0
perturb,7.039999999998818,2.0399999999988694,-0.01635546557002476,0.0033126133983105003,-0.04316695051111134,0.06887031719547301,0.0019512723066644516,0.0014159109225270734,0.470948517224856,0.00018676871329030982,0,0,0,NOMINAL,0
perturb,7.079999999998796,2.079999999998847,-0.01636806509714082,0.0033598550043397292,-0.04316800004636837,0.06895212730189258,0.0019181328592693253,0.0010856610610462314,0.470750104825938,0.00018515563547664686,0,0,0,NOMINAL,0
perturb,7.1199999999987735,2.119999999998825,-0.016375263998740244,0.0033963841222064777,-0.0431688417200952,0.06903776042394935,0.0019012059005519355,0.0008257693697600208,0.4707209924533455,0.00018404959753321555,0,0,0,NOMINAL,0
perturb,7.159999999998751,2.159999999998803,-0.016378175130400508,0.003424654086187434,-0.0431695394393892,0.0691260512144548,0.0018976939218241838,0.0006365737630223205,0.47077013504128606,0.00018342681566107125,0,0,0,NOMINAL,0
perturb,7.199999999998729,2.1999999999987807,-0.01637817911504732,0.0034468142826237125,-0.04317016233327827,0.06921593447359697,0.001902974040829994,0.0005037545059951,0.470791510046624,0.0001832045398917921,0,0,0,NOMINAL,0
perturb,7.239999999998707,2.2399999999987585,-0.016376520514782937,0.0034645031188354158,-0.04317076549084716,0.06930657477348566,0.0019124551406534168,0.00040900497932479674,0.470747673990374,0.0001833719308293008,0,0,0,NOMINAL,0
perturb,7.279999999998685,2.2799999999987364,-0.016374115031399926,0.003478869841671591,-0.0431713820238839,0.06939737425757936,0.0019226982508143903,0.00033791109212788316,0.470645608630553,0.00018358458929412897,0,0,0,NOMINAL,0
perturb,7.319999999998663,2.319999999998714,-0.01637151933799799,0.003490689580728107,-0.043172023718959104,0.0694879267250569,0.0019317671152378221,0.0002817467807438657,0.4705077715254042,0.00018377212326407512,0,0,0,NOMINAL,0
perturb,7.3599999999986405,2.359999999998692,-0.016368985702743193,0.003500482047111208,-0.043172687592067334,0.06957796634088871,0.0019390445406125994,0.00023588409728249066,0.47034540104832107,0.0001839022493819637,0,0,0,NOMINAL,0
perturb,7.399999999998618,2.39999999999867,-0.016366557573369547,0.0035086023451654505,-0.04317336357304612,0.0696673294298368,0.0019447874103741885,0.00019787601862340337,0.47016205129534344,0.00018397315379797182,0,0,0,NOMINAL,0
perturb,7.439999999998596,2.4399999999986477,-0.016364173746394418,0.0035153084840732385,-0.04317404044728239,0.06975592155151854,0.0019496409764135066,0.00016650753655978094,0.46995945603460315,0.0001840004549329868,0,0,0,NOMINAL,0
perturb,7.479999999998574,2.4799999999986255,-0.01636174220535392,0.003520803469386154,-0.04317471002795435,0.06984368970196375,0.00195428070912706,0.00014126269555420458,0.4697389832916865,0.00018400503640864118,0,0,0,NOMINAL,0
perturb,7.519999999998552,2.5199999999986034,-0.016359196431149893,0.003525258463724457,-0.04317536763618188,0.06993060173709253,0.0019591987586037307,0.00012163987745379096,0.4695036910504103,0.00018400513340585776,0,0,0,NOMINAL,0
perturb,7.55999999999853,2.559999999998581,-0.016356509525335544,0.003528824854379837,-0.04317601235603628,0.07001663443469473,0.0019646434430084965,0.00010706154589741992,0.4692548417561779,0.0001840096982320597,0,0,0,NOMINAL,0
perturb,7.5999999999985075,2.599999999998559,-0.016353693179026192,0.0035316389750945035,-0.04317664541936057,0.07010176738789456,0.0019706505548003415,9.657430147223054e-05,0.4689933165233824,0.00018402578438401655,0,0,0,NOMINAL,0
perturb,7.639999999998485,2.639999999998537,-0.016350783461474287,0.003533821743976131,-0.043177269103188184,0.07018598053171296,0.0019771219287583715,8.904758253235756e-05,0.46872163632904634,0.00018405240870021295,0,0,0,NOMINAL,0
perturb,7.679999999998463,2.6799999999985147,-0.016347826311682544,0.0035354785135145905,-0.04317788599966294,0.07026925916172963,0.0019838986886063204,8.346340335657101e-05,0.46844063254376883,0.00018408672741445996,0,0,0,NOMINAL,0
perturb,7.719999999998441,2.7199999999984925,-0.016344867097324016,0.0035366964009617956,-0.04317849795308719,0.07035159030314032,0.0019908230201793665,7.90262458588904e-05,0.4681534717458848,0.0001841250609074206,0,0,0,NOMINAL,0
perturb,7.759999999998419,2.7599999999984703,-0.016341941689489527,0.003537547394985505,-0.043179106057003064,0.07043296697123082,0.0019977734063148732,7.536203388960452e-05,0.4678604867140786,0.00018416429086032197,0,0,0,NOMINAL,0
perturb,7.799999999998397,2.799999999998448,-0.016339073276196738,0.0035380894468604153,-0.043179710755303025,0.07051338970820553,0.0020046780381644124,7.231829473125438e-05,0.4675630598562565,0.00018420225061192106,0,0,0,NOMINAL,0
perturb,7.8399999999983745,2.839999999998426,-0.01633627475209513,0.0035383711270382035,-0.0431803121155574,0.070592861704153,0.0020115054891680704,6.978539200188355e-05,0.4672613103788889,0.00018423816902691777,0,0,0,NOMINAL,0
perturb,7.879999999998352,2.879999999998404,-0.016333553066685103,0.003538429843863372,-0.04318090992107536,0.0706713900688537,0.002018249792646063,6.764064012308001e-05,0.4669573321738605,0.00018427191150965138,0,0,0,NOMINAL,0
perturb,7.91999999999833,2.9199999999983817,-0.01633090877031441,0.0035382978453612868,-0.04318150405971644,0.07074898653754907,0.002024919122103675,6.588244817157796e-05,0.4666510288368837,0.0001843039548167677,0,0,0,NOMINAL,0
perturb,7.959999999998308,2.9599999999983595,-0.01632834231825737,0.003538001604455646,-0.04318209421122811,0.07082566402670645,0.002031521926671511,6.434442053522179e-05,0.4663435101271312,0.00018433472015460931,0,0,0,NOMINAL,0
perturb,7.999999999998286,2.9999999999983373,-0.016325853999567843,0.003537563646939124,-0.04318268017414769,0.07090143678689274,0.0020380639185054,6.295902350694116e-05,0.46603401003320183,0.00018436463644886213,0,0,0,NOMINAL,0
perturb,8.039999999998335,3.039999999998386,-0.016323443818250228,0.0035370034229070804,-0.043183262035854215,0.07097631950646932,0.0020445457532531795,6.166492516105772e-05,0.46572327106724054,0.0001843940983318385,0,0,0,NOMINAL,0
perturb,8.079999999998384,3.079999999998435,-0.016321110999549603,0.0035363364498936832,-0.04318383983824893,0.07105032794246005,0.0020509650163396003,6.046087687504587e-05,0.4654126014744357,0.00018442323630915754,0,0,0,NOMINAL,0
perturb,8.119999999998432,3.119999999998484,-0.016318857280127743,0.0035355775102285268,-0.0431844135704329,0.07112347862554526,0.002057311886661604,5.922107513300005e-05,0.46510077161601315,0.00018445195079980537,0,0,0,NOMINAL,0
perturb,8.159999999998481,3.159999999998533,-0.01631668231512633,0.0035347376635373995,-0.043184983443255616,0.07119578551581777,0.0020635783735374487,5.80452533812147e-05,0.4647895225174594,0.0001844803942371734,0,0,0,NOMINAL,0
perturb,8.19999999999853,3.1999999999985818,-0.01631458691741673,0.003533826571678759,-0.04318554943680254,0.07126726503427423,0.0020697556370239253,5.6850147919586986e-05,0.4644775989365116,0.00018450819495540442,0,0,0,NOMINAL,0
perturb,8.23999999999858,3.2399999999986306,-0.0163125693810911,0.003532853418046186,-0.0431861116100946,0.07133793236684192,0.0020758406139912353,5.5724405655742243e-05,0.4641654410360851,0.0001845353946584352,0,0,0,NOMINAL,0
perturb,8.279999999998628,3.2799999999986795,-0.016310628651478396,0.0035318254098320383,-0.043186669842892184,0.07140780252605129,0.0020818317271364367,5.461930042819357e-05,0.46385389015251827,0.00018456182367013402,0,0,0,NOMINAL,0
perturb,8.319999999998677,3.3199999999987284,-0.016308762805709986,0.003530747639300612,-0.0431872242046475,0.07147688989364262,0.0020877299974624897,5.3590099102613547e-05,0.4635434424687898,0.00018458755793670102,0,0,0,NOMINAL,0
perturb,8.359999999998726,3.3599999999987773,-0.0163069691690023,0.0035296258948844302,-0.04318777462832692,0.07154521021543388,0.002093536872892862,5.260703953590002e-05,0.46323266050586426,0.0001846126230855734,0,0,0,NOMINAL,0
perturb,8.399999999998775,3.399999999998826,-0.01630524532175982,0.003528464285514509,-0.04318832107893585,0.07161278007241863,0.002099254164785497,5.1693229758714314e-05,0.4629229002281469,0.00018463703944970677,0,0,0,NOMINAL,0
perturb,8.439999999998824,3.439999999998875,-0.016303588029689595,0.0035272673824590143,-0.04318886365345912,0.07167961390784884,0.0021048851469664277,5.084085819485448e-05,0.4626132933996873,0.00018466087000730926,0,0,0,NOMINAL,0
perturb,8.479999999998872,3.479999999998924,-0.01630199534672257,0.0035260389350120383,-0.04318940227498298,0.07174572503308982,0.0021104317874291144,5.00124268564451e-05,0.4623047525398405,0.00018468413645249303,0,0,0,NOMINAL,0
perturb,8.519999999998921,3.519999999998973,-0.01630046652599996,0.003524781062979283,-0.04318993682427513,0.07181112857086733,0.0021158930709725783,4.9218705756290366e-05,0.46199753739336497,0.00018470685915412274,0,0,0,NOMINAL,0
perturb,8.55999999999897,3.5599999999990217,-0.016298998395683325,0.0035234969022744284,-0.043190467529769454,0.07187583655166352,0.0021212700322776282,4.8492903205815006e-05,0.4616909233420378,0.00018472926187440013,0,0,0,NOMINAL,0
perturb,8.599999999999019,3.5999999999990706,-0.0162975885643571,0.0035221894091383927,-0.04319099439615623,0.07193986147914636,0.0021265632658040556,4.77958323245688e-05,0.46138478647142683,0.00018475116588233497,0,0,0,NOMINAL,0
perturb,8.639999999999068,3.6399999999991195,-0.01629623586873971,0.0035208605088197487,-0.04319151741494915,0.07200321631290303,0.002131771806340133,4.7133666044589515e-05,0.4610802686909928,0.00018477253390893205,0,0,0,NOMINAL,0
perturb,8.679999999999117,3.6799999999991684,-0.01629493748720668,0.0035195108540876326,-0.043192036546382234,0.07206591431630369,0.0021368992864159242,4.655895150591977e-05,0.46077710061404414,0.00018479331026061065,0,0,0,NOMINAL,0
perturb,8.719999999999166,3.7199999999992173,-0.016293690963682706,0.00351814357236016,-0.04319255171573086,0.07212796623714185,0.002141950056127255,4.599166765734947e-05,0.4604739866227547,0.00018481353934901484,0,0,0,NOMINAL,0
perturb,8.759999999999215,3.759999999999266,-0.01629249472247487,0.0035167595270273067,-0.04319306305187695,0.07218938431923477,0.002146925600826683,4.547344526102159e-05,0.4601727545703924,0.00018483340193134064,0,0,0,NOMINAL,0
perturb,8.799999999999264,3.799999999999315,-0.01629134668052289,0.003515360939781649,-0.04319357061353714,0.07225017928637474,0.0021518253702984395,4.497099354454188e-05,0.45987209048523464,0.000184852957025079,0,0,0,NOMINAL,0
perturb,8.839999999999312,3.839999999999364,-0.01629024417499954,0.0035139494117623848,-0.04319407435603859,0.07231036347028758,0.00215665235452892,4.451475505239636e-05,0.4595727932789993,0.00018487199665013338,0,0,0,NOMINAL,0
perturb,8.879999999999361,3.879999999999413,-0.016289185506694063,0.003512525643863402,-0.04319457426102994,0.07236994615330292,0.0021614095446786637,4.4094981149904874e-05,0.4592752808250001,0.00018489059118046594,0,0,0,NOMINAL,0
perturb,8.91999999999941,3.9199999999994617,-0.016288168979585627,0.0035110906412519002,-0.043195070339220744,0.07242893813107092,0.0021660982782248876,4.370451036256133e-05,0.45897888533455306,0.00018490881543003883,0,0,0,NOMINAL,0
perturb,8.959999999999459,3.9599999999995106,-0.016287193880364634,0.0035096456288326323,-0.0431955626932348,0.07248734902954355,0.002170718136042455,4.332117864050856e-05,0.45868319098641136,0.0001849266683263323,0,0,0,NOMINAL,0
perturb,8.999999999999508,3.9999999999995595,-0.016286258797895137,0.003508191121202233,-0.04319605133602387,0.07254518813427016,0.0021752701923451628,4.296688568125011e-05,0.4583889586243355,0.0001849442102035848,0,0,0,NOMINAL,0
perturb,9.039999999999557,4.039999999999608,-0.016285361341000504,0.0035067285543688613,-0.04319653623624054,0.07260246463700304,0.00217975724219682,4.263485171634012e-05,0.45809604664066844,0.00018496136937090133,0,0,0,NOMINAL,0
perturb,9.079999999999606,4.079999999999657,-0.016284500267018363,0.003505259519452714,-0.04319701738730076,0.0726591870906375,0.002184181529997906,4.230609127686916e-05,0.4578043899063098,0.00018497810019110696,0,0,0,NOMINAL,0
perturb,9.119999999999655,4.119999999999706,-0.016283672941696137,0.003503783347918769,-0.04319749490288191,0.07271536643379355,0.0021885463630812686,4.2046438021213956e-05,0.4575146757204587,0.00018499453832313825,0,0,0,NOMINAL,0
perturb,9.159999999999703,4.159999999999755,-0.0162828782406469,0.0035023019841392707,-0.043197968780965434,0.07277100964141336,0.0021928512175030624,4.1756159167050015e-05,0.45722627139813304,0.00018501071049588014,0,0,0,NOMINAL,0
perturb,9.199999999999752,4.199999999999804,-0.016282116147077304,0.003500815603629041,-0.0431984388751636,0.07282612375106283,0.0021970979508959074,4.149932856236315e-05,0.456938797535917,0.00018502643156998136,0,0,0,NOMINAL,0
perturb,9.239999999999801,4.239999999999853,-0.016281384317962864,0.003499324639180472,-0.043198905337388634,0.0728807169323176,0.0022012900975348073,4.1262341238221333e-05,0.45665219424543557,0.00018504198488668208,0,0,0,NOMINAL,0
perturb,9.27999999999985,4.279999999999902,-0.016280681499673343,0.003497830094687108,-0.04319936820980626,0.07293479740220458,0.002205427596381474,4.101920501254411e-05,0.45636733393282486,0.00018505727053418807,0,0,0,NOMINAL,0
perturb,9.319999999999899,4.3199999999999505,-0.01628000634133721,0.0034963326248424412,-0.04319982762215453,0.07298837362949653,0.002209511452521987,4.079556708607409e-05,0.45608427555359915,0.0001850722499006504,0,0,0,NOMINAL,0
perturb,9.359999999999948,4.359999999999999,-0.016279357171079367,0.003494832004787756,-0.04320028350051552,0.07304145330704671,0.0022135439291234523,4.061144096693691e-05,0.4558029234775962,0.00018508692978152952,0,0,0,NOMINAL,0
perturb,9.399999999999997,4.400000000000048,-0.016278733552858523,0.003493329256829246,-0.04320073580211889,0.07309404352810057,0.00221752624917067,4.040592140606416e-05,0.4555219820980703,0.00018510127349062426,0,0,0,NOMINAL,0
perturb,9.440000000000046,4.440000000000097,-0.016278135671363932,0.0034918249601175256,-0.043201184508948505,0.07314615025848396,0.0022214577378839896,4.019193794927302e-05,0.4552429846593235,0.00018511544890417915,0,0,0,NOMINAL,0
perturb,9.480000000000095,4.480000000000146,-0.016277561711790723,0.0034903198800622756,-0.04320162977352936,0.07319777969394717,0.0022253398176830955,3.999547747218045e-05,0.4549650089332918,0.00018512944455663748,0,0,0,NOMINAL,0
perturb,9.520000000000143,4.520000000000195,-0.01627700953897495,0.003488814484429525,-0.04320207162567364,0.07324893846103736,0.0022291754065000796,3.980729032846527e-05,0.4546887198973209,0.0001851432066652201,0,0,0,NOMINAL,0
perturb,9.560000000000192,4.560000000000244,-0.01627647924147106,0.0034873092732597153,-0.0432025099886191,0.07329963373503892,0.0022329645020721166,3.9615890801525805e-05,0.4544137885934063,0.00018515661589375767,0,0,0,NOMINAL,0
perturb,9.600000000000241,4.600000000000293,-0.016275969694473355,0.003485804737183202,-0.043202944911272724,0.07334987117244159,0.00223670910680136,3.9426954781671394e-05,0.454140557901572,0.00018516983509851218,0,0,0,NOMINAL,0
perturb,9.64000000000029,4.640000000000342,-0.01627547948964774,0.0034843011843151512,-0.043203376499478904,0.07339965649006995,0.0022404121636198197,3.925694833477289e-05,0.453868385758244,0.00018518280012625729,0,0,0,NOMINAL,0
perturb,9.680000000000339,4.6800000000003905,-0.01627500972810522,0.0034827982850590073,-0.043203804667213956,0.07344899707133953,0.002244071903963413,3.908259663936432e-05,0.4535982678634449,0.00018519548953948973,0,0,0,NOMINAL,0
perturb,9.720000000000388,4.720000000000439,-0.016274558829858538,0.003481296016761042,-0.04320422954280426,0.07349789711100717,0.0022476878163886797,3.892739372172471e-05,0.4533296572785031,0.00018520825408273466,0,0,0,NOMINAL,0
perturb,9.760000000000437,4.760000000000488,-0.016274125366214042,0.0034797959285798757,-0.04320465119287764,0.07354636288230974,0.002251259757057413,3.8747262302786716e-05,0.45306157102820666,0.00018522078238366002,0,0,0,NOMINAL,0
perturb,9.800000000000486,4.800000000000537,-0.016273709907804343,0.003478298581598996,-0.04320506948452664,0.07359439888502514,0.0022547881257431795,3.855078533281037e-05,0.4527949846189055,0.00018523298997558625,0,0,0,NOMINAL,0
perturb,9.840000000000535,4.840000000000586,-0.016273310003397806,0.0034768033611900784,-0.04320548445395735,0.0736420114600809,0.0022582792732144075,3.841139853746777e-05,0.452530377854427,0.00018524490941682512,0,0,0,NOMINAL,0
perturb,9.880000000000583,4.880000000000635,-0.016272925513895975,0.0034753112689036034,-0.04320589613212782,0.07368920600556718,0.002261734049334577,3.822171600765076e-05,0.45226669656841884,0.00018525664211145343,0,0,0,NOMINAL,0
perturb,9.920000000000632,4.920000000000684,-0.016272556819272855,0.003473822230788102,-0.043206304517021205,0.07373598660353778,0.0022651530567890624,3.806235458545777e-05,0.4520050302539806,0.00018526815693780007,0,0,0,NOMINAL,0
perturb,9.960000000000681,4.960000000000733,-0.01627220222677061,0.0034723362537269356,-0.04320670971394391,0.07378235805805067,0.002268537501097232,3.789671077822277e-05,0.45174457069101503,0.00018527972083398603,0,0,0,NOMINAL,0
perturb,10.00000000000073,5.000000000000782,-0.01627186053949829,0.0034708544188585,-0.04320711185806183,0.07382832460091097,0.00227188664713401,3.7716520044102144e-05,0.45148557712965354,0.00018529117485327384,0,0,0,NOMINAL,0
walk,10.040000000000779,0.040000000000048885,-0.013286745312632034,0.004018978353215082,-0.04327296262304078,0.07414346122037507,0.0050694643615302425,0.10070520582893862,0.7635729080484098,0.00030171880717239037,0.25,0,0,NOMINAL,0
walk,10.080000000000828,0.08000000000009777,-0.011661446573830832,0.0043113351446062605,-0.04351097982829606,0.07434258877664034,0.002944530439989739,0.005777587877861443,0.6429265715389371,0.00035018552922221394,0.25,0,0,NOMINAL,0
walk,10.120000000000877,0.12000000000014666,-0.011357539075934573,0.004405108528035593,-0.043790323733921145,0.07450105678243149,0.003550342367899667,0.002672385893476086,0.5029956622216066,0.000363374464416962,0.25,0,0,NOMINAL,0
walk,10.160000000000926,0.16000000000019554,-0.011542451591178416,0.004892516260968283,-0.04402423802110019,0.07479193125694159,0.01097412274719161,0.02034494993246157,0.4511491182016405,0.0003542452748577086,0.25,0,0,NOMINAL,0
walk,10.200000000000975,0.20000000000024443,-0.011771984208466419,0.005896474473549209,-0.04418281040780824,0.0749946783352639,0.017357199075673346,0.02536421972491636,0.7177214272421342,0.0002605498218604833,0.25,0,0,NOMINAL,0
walk,10.240000000001023,0.2400000000002933,-0.012265199511708775,0.006974780624079807,-0.04427855775171302,0.07490597119815248,0.02217007733334706,0.02553034618748884,0.7981138223559775,0.0001770947468358787,0.25,0,0,NOMINAL,0
walk,10.280000000001072,0.2800000000003422,-0.013120009242971997,0.007507214231468681,-0.04432562756717306,0.07469006662130673,0.02544163193318502,0.02150492331199851,0.7586113927712712,6.923700668741705e-05,0.25,0,0,NOMINAL,0
walk,10.320000000001121,0.3200000000003911,-0.013697741137998015,0.007405396986272453,-0.044289502697391424,0.07444374374495438,0.02662934376766662,0.012177031147381232,0.6857318657356645,0,0.25,0,0,NOMINAL,0
walk,10.36000000000117,0.36000000000043997,-0.014122740581191628,0.006810901062565653,-0.04414175508184072,0.07402431041653114,0.02653137353273042,0.02193411327428564,0.6181113956362442,0,0.25,0,0,NOMINAL,0
walk,10.400000000001219,0.40000000000048885,-0.013823127774037677,0.005686849203541891,-0.04396454729347961,0.07370003526482999,0.024587658624526866,0.034190504029911764,0.5504493227392379,0,0.25,0,0,NOMINAL,0
walk,10.440000000001268,0.44000000000053774,-0.012834426091045186,0.005008017427123674,-0.04390159058449749,0.07347279061332254,0.021515345932860024,0.032596154116766696,0.46643490673983723,0,0.25,0,0,NOMINAL,0
walk,10.480000000001317,0.4800000000005866,-0.011694609164005075,0.00474108093294593,-0.043900013864184816,0.07351901291534636,0.01831662748667473,0.027627097447975438,0.44523522770149526,4.429701503151489e-05,0.25,0,0,NOMINAL,0
walk,10.520000000001366,0.5200000000006355,-0.010919105781897616,0.004777637593979492,-0.043918908962136814,0.07362649940132401,0.015832949937654196,0.01541410293054114,0.4775272251635882,7.694646875021415e-05,0.25,0,0,NOMINAL,0
walk,10.560000000001414,0.5600000000006844,-0.010873230262077883,0.0049789621246483316,-0.04392527657498448,0.0736137171919514,0.014681997037669613,0.00821514109715146,0.5346629238017655,9.42771105117556e-05,0.25,0,0,NOMINAL,0
walk,10.600000000001463,0.6000000000007333,-0.010894459835557159,0.005116850092332859,-0.04391253170385176,0.07363679058851669,0.01397459113599711,0.002719352181975788,0.5547948021748983,0.0001426797818638491,0.25,0,0,NOMINAL,0
walk,10.640000000001512,0.6400000000007822,-0.010950107911853595,0.005231017310620666,-0.04390550247176051,0.07362100873663391,0.013791259420518148,0.004401476821313946,0.5295421139963922,0.0001724583698134974,0.25,0,0,NOMINAL,0
walk,10.680000000001561,0.680000000000831,-0.01113360819554026,0.005255278094698986,-0.04389859512475219,0.0736519006298784,0.01415214126200429,0.006884268898154351,0.5083039332476122,0.00018628557219549835,0.25,0,0,NOMINAL,0
walk,10.72000000000161,0.7200000000008799,-0.011169792805816049,0.005271872329528776,-0.04391364478737355,0.07367743495591164,0.014541345040526047,0.0013133242669405333,0.4943604280490237,0.00019123629937334806,0.25,0,0,NOMINAL,0
walk,10.760000000001659,0.7600000000009288,-0.011216124049079387,0.005368242249691794,-0.043941310909226816,0.07363598061107361,0.014964894643193118,0.004058711353055145,0.49736822837042016,0.00018947940686184724,0.25,0,0,NOMINAL,0
walk,10.800000000001708,0.8000000000009777,-0.011224272080651208,0.005612145780555303,-0.043971453799119924,0.07372576302839637,0.015208723532230763,0.008149020300144258,0.5165685738476455,0.0001663751758315184,0.25,0,0,NOMINAL,0
walk,10.840000000001757,0.8400000000010266,-0.011416641173341608,0.006097969624442698,-0.043995292001748114,0.07396572352646104,0.015694426733598405,0.013608298344289354,0.5576016679579033,0.00015188120998515581,0.25,0,0,NOMINAL,0
walk,10.880000000001806,0.8800000000010755,-0.011668132022205234,0.0063351098165767145,-0.04399822892693437,0.07399623025604936,0.01614942605941591,0.006868940170475411,0.5916749901109898,0.00013229371251793058,0.25,0,0,NOMINAL,0
walk,10.920000000001854,0.9200000000011244,-0.011808148301450454,0.006383793907034105,-0.04399123560396111,0.07395498274886306,0.016473735733636658,0.0027407911701539346,0.5837068346611547,0.00014246753080896792,0.25,0,0,NOMINAL,0
walk,10.960000000001903,0.9600000000011732,-0.012007808410741177,0.006316038048688853,-0.04397358628996046,0.07393852139819189,0.017011068128462738,0.007383131582422721,0.5421176018105974,0.00014713136813611306,0.25,0,0,NOMINAL,0
walk,11.000000000001952,1.0000000000012221,-0.011965069558471165,0.006119662289698036,-0.04395286932801409,0.07396264450048907,0.017215793370734103,0.00674501107492708,0.5110357949596519,0.00015959907297797847,0.25,0,0,NOMINAL,0
walk,11.040000000002001,1.040000000001271,-0.011773052756746031,0.00601581977233566,-0.04395506688700099,0.07398605953761132,0.01716660792499257,0.005141728480830196,0.48911769397485627,0.00015960980709572848,0.25,0,0,NOMINAL,0
walk,11.08000000000205,1.08000000000132,-0.011673785017002019,0.00597458406918587,-0.043967527370559804,0.07399027195333113,0.017067765763007565,0.002128800872638263,0.49342494936526266,0.00015111993926404543,0.25,0,0,NOMINAL,0
walk,11.120000000002099,1.1200000000013688,-0.011472213759813398,0.0060184874261531044,-0.0439934348995095,0.07394424045414592,0.016584531562033798,0.0077336226922693286,0.5151508348992587,0.00013233068333256816,0.25,0,0,NOMINAL,0
walk,11.160000000002148,1.1600000000014177,-0.0115614292593841,0.0062512920797528435,-0.04399711512214206,0.07389694912927831,0.016490559153623005,0.008614104948487786,0.5574632363583354,0.0001259136011472268,0.25,0,0,NOMINAL,0
walk,11.200000000002197,1.2000000000014666,-0.011672973720318718,0.006322457779518026,-0.043986176448694264,0.07386582858690106,0.01643882708376574,0.0017912996276918491,0.580574478553211,0.00012618829440138143,0.25,0,0,NOMINAL,0
walk,11.240000000002246,1.2400000000015154,-0.011736114733041732,0.006302028170206986,-0.04397292688875113,0.07383044796233144,0.01649410427093827,0.002118337978865277,0.554713732345704,0.00014321014685190009,0.25,0,0,NOMINAL,0
walk,11.280000000002294,1.2800000000015643,-0.0118094982441376,0.006139288230578808,-0.04393832844197485,0.07384216814721901,0.016715981236095807,0.006038427815750684,0.5200835353379515,0.00015550334012786715,0.25,0,0,NOMINAL,0
walk,11.320000000002343,1.3200000000016132,-0.011614421834856305,0.005941055998094861,-0.04392396465701574,0.07386033507379032,0.016621181917988115,0.009608066365311462,0.49095271799152845,0.00016775052919911488,0.25,0,0,NOMINAL,0
walk,11.360000000002392,1.360000000001662,-0.011467858086066537,0.0058707955126350774,-0.04393425759654201,0.073872802550491,0.016575108553137475,0.0021374368478745127,0.47949933874896217,0.0001677313263130026,0.25,0,0,NOMINAL,0
walk,11.400000000002441,1.400000000001711,-0.011352652739508922,0.0058553020384293965,-0.04395114237466104,0.07387623199269389,0.0163687276919949,0.0033804232850218902,0.49367020551529023,0.00014912769774465327,0.25,0,0,NOMINAL,0
walk,11.44000000000249,1.4400000000017599,-0.01126259092503961,0.005994711279615821,-0.04398931474055174,0.07377620011680695,0.016035267071858646,0.006413779790580777,0.5273821383200347,0.0001341269738149262,0.25,0,0,NOMINAL,0
walk,11.480000000002539,1.4800000000018088,-0.011494740933880247,0.006216692724923975,-0.04398531725277337,0.0737213378129591,0.016165628709465963,0.010031116450372453,0.5621789568856768,0.0001246558875026232,0.25,0,0,NOMINAL,0
walk,11.520000000002588,1.5200000000018576,-0.011613205346114345,0.006270498324234055,-0.04396965580918593,0.07369485559590715,0.016194251190059277,0.001214741251916137,0.5682601204759467,0.0001354897703139765,0.25,0,0,NOMINAL,0
walk,11.560000000002637,1.5600000000019065,-0.01178301727530878,0.006218671542142923,-0.04394671407447774,0.07367938189892115,0.01650442719480634,0.006523785290080868,0.535885817856978,0.00014775379842388794,0.25,0,0,NOMINAL,0
walk,11.600000000002685,1.6000000000019554,-0.011751812677521097,0.006019548689358226,-0.04391143805499511,0.07369857792256614,0.016640873619348368,0.006353187441719566,0.5099115883232005,0.00016588046436114497,0.25,0,0,NOMINAL,0
walk,11.640000000002734,1.6400000000020043,-0.011480273199441915,0.005889363276565873,-0.043911535559683974,0.07374383744548255,0.016486794600224182,0.007899740617201606,0.47719118613057554,0.00016847809790794985,0.25,0,0,NOMINAL,0
walk,11.680000000002783,1.6800000000020532,-0.011375062615394532,0.00583964760046159,-0.043929483814411634,0.07376123594780032,0.0164582863433764,0.0012753719513206414,0.4793412730862087,0.00016599364087010156,0.25,0,0,NOMINAL,0
walk,11.720000000002832,1.720000000002102,-0.011147266043732774,0.005900618921128143,-0.04396678928100191,0.07371732121379487,0.016029813329617806,0.00919365839132403,0.5082997999365385,0.0001410445632925005,0.25,0,0,NOMINAL,0
walk,11.760000000002881,1.760000000002151,-0.011238683320731446,0.006178294705685876,-0.04399307821809185,0.07364305952587974,0.01600029115488196,0.011383523642606797,0.5465449944213661,0.0001326190048020054,0.25,0,0,NOMINAL,0
walk,11.80000000000293,1.8000000000021998,-0.011408081125980308,0.0063099118898434815,-0.04398087897028544,0.07360376430404858,0.016067123977105455,0.003819147629606749,0.5702525271381769,0.0001234763358101915,0.25,0,0,NOMINAL,0
walk,11.840000000002979,1.8400000000022487,-0.011540613676945843,0.006306161888755845,-0.04396354302454087,0.07356445649546633,0.016225655667065995,0.0031392476023322283,0.5477742094159878,0.00014087040575753776,0.25,0,0,NOMINAL,0
walk,11.880000000003028,1.8800000000022976,-0.011676844226117604,0.006150790099724515,-0.04391994933111522,0.07357378579092345,0.016543589383183357,0.0071309914283956,0.5233045249003494,0.00015427430247400475,0.25,0,0,NOMINAL,0
walk,11.920000000003077,1.9200000000023465,-0.011495992842322791,0.00593102726132909,-0.043902115349080256,0.07355710087447405,0.016468417380288324,0.010282941199073421,0.485388744468201,0.0001683720128162595,0.25,0,0,NOMINAL,0
walk,11.960000000003125,1.9600000000023954,-0.011347737716135137,0.005854324498539177,-0.04391448996883851,0.07356362409905881,0.01642579529719225,0.0021055541356313993,0.47480089988173363,0.00016837189309004759,0.25,0,0,NOMINAL,0
walk,12.000000000003174,2.0000000000024443,-0.011184978418221386,0.005850163867531591,-0.04393547477309247,0.07357148816833414,0.016146209085856688,0.0049347920270414545,0.49152363259636694,0.00015004041446829865,0.25,0,0,NOMINAL,0
walk,12.040000000003223,2.040000000002493,-0.01111525331347738,0.006020004974312008,-0.04397998165603904,0.07348511296650825,0.015845653742581442,0.006781987752317109,0.5308489479002619,0.00013441957942683964,0.25,0,0,NOMINAL,0
walk,12.080000000003272,2.080000000002542,-0.01136574912965508,0.006239852886945996,-0.043975697888980425,0.07344572122282501,0.016002599856122453,0.009927463672417714,0.5565516304302524,0.00012115949193777068,0.25,0,0,NOMINAL,0
walk,12.120000000003321,2.120000000002591,-0.011486013619120026,0.006289744885904863,-0.043958645254182166,0.07341932883120843,0.016048291481850874,0.0012869180628604798,0.5580244467159198,0.00013574156830186885,0.25,0,0,NOMINAL,0
walk,12.16000000000337,2.16000000000264,-0.011680569198343713,0.0062043470943851575,-0.043925719944692375,0.07342836915083789,0.016397217268005745,0.008313167687765586,0.5353796059161869,0.00014816004684167753,0.25,0,0,NOMINAL,0
walk,12.200000000003419,2.2000000000026887,-0.011627543198519571,0.005978200492669454,-0.043889057952127955,0.07344121648785606,0.016502250340472664,0.007833271274371814,0.5027759287245662,0.00016739266518229375,0.25,0,0,NOMINAL,0
walk,12.240000000003468,2.2400000000027376,-0.011376134067850865,0.0058538901251413205,-0.04389228817454016,0.07348748604343251,0.016377622155852492,0.006814149538590785,0.4703348240007903,0.00016790556388821193,0.25,0,0,NOMINAL,0
walk,12.280000000003517,2.2800000000027865,-0.01126354825938122,0.00580794967915041,-0.04391261867312079,0.07352289238050742,0.016311442971034196,0.0017498874018170882,0.4774438041127477,0.00016404975838712885,0.25,0,0,NOMINAL,0
walk,12.320000000003565,2.3200000000028353,-0.01105202886162343,0.005912901592576874,-0.043963605130790576,0.0734653995593923,0.015897126267244613,0.009466670426225805,0.515836812129993,0.0001395654769702741,0.25,0,0,NOMINAL,0
walk,12.360000000003614,2.3600000000028842,-0.011225702337522181,0.006225617064616385,-0.04398515459443266,0.07343917681433099,0.01600559390842892,0.013524680997251024,0.5542112498884136,0.00013096275089902025,0.25,0,0,NOMINAL,0
walk,12.400000000003663,2.400000000002933,-0.011390946326441179,0.0063322208261348,-0.043969698111625405,0.07343183019830984,0.016083518352157114,0.0022750654615308983,0.5653625515167204,0.00012674552875147906,0.25,0,0,NOMINAL,0
walk,12.440000000003712,2.440000000002982,-0.011615020093071048,0.00628923020202053,-0.043942742050703025,0.07340651126929122,0.016410826558619824,0.0069974829089885365,0.5456651566376406,0.00014086262780014226,0.25,0,0,NOMINAL,0
walk,12.480000000003761,2.480000000003031,-0.01168074729862864,0.006090887930669975,-0.04389402712877176,0.07342267128953354,0.01664993653270449,0.00576346155459394,0.5157238787005551,0.00015991905872779925,0.25,0,0,NOMINAL,0
walk,12.52000000000381,2.5200000000030798,-0.011382950040948109,0.005912624497171606,-0.04388501341294288,0.07343360363822483,0.016432216450483608,0.010494576597228888,0.47378031326123154,0.00016918499939851965,0.25,0,0,NOMINAL,0
walk,12.560000000003859,2.5600000000031287,-0.011244949856447107,0.005846373825620039,-0.043903888601649205,0.07345833226015963,0.016371194027608563,0.0016184638708655404,0.471200403677132,0.0001687956310101069,0.25,0,0,NOMINAL,0
walk,12.600000000003908,2.6000000000031775,-0.010975843216298669,0.005891388521672441,-0.043940699046165536,0.07344172244760709,0.015898392083345817,0.010007600446219274,0.49973926510364225,0.00014368132316158906,0.25,0,0,NOMINAL,0
walk,12.640000000003957,2.6400000000032264,-0.011022330294112528,0.006135763849134102,-0.04398292958535748,0.07335737549966613,0.015779856777844926,0.010530550161681222,0.5426150708980146,0.00013343057420305666,0.25,0,0,NOMINAL,0
walk,12.680000000004005,2.6800000000032753,-0.01124512785112056,0.006293360371360561,-0.04397128769877584,0.0732962297445505,0.015901483708923792,0.006165595750996668,0.5653965592911413,0.00011846266836531113,0.25,0,0,NOMINAL,0
walk,12.720000000004054,2.720000000003324,-0.011393229658128305,0.00630822731429787,-0.04395131927754445,0.07325862628908045,0.01604633869545534,0.0025925853166297863,0.555103085736665,0.00013844231251371357,0.25,0,0,NOMINAL,0
walk,12.760000000004103,2.760000000003373,-0.011570966756775797,0.006160944244276794,-0.04390008788616979,0.07328360649236555,0.016396410050785116,0.008564839147132002,0.5273040203743194,0.00015190720896861076,0.25,0,0,NOMINAL,0
walk,12.800000000004152,2.800000000003422,-0.01141734467268283,0.005903809335807049,-0.04387641851420706,0.07326874047483291,0.016338591964378122,0.010956125469398607,0.48212343963853316,0.0001690270499572447,0.25,0,0,NOMINAL,0
walk,12.840000000004201,2.840000000003471,-0.011259802243874927,0.005809725903152631,-0.04388863883162807,0.07328318739627852,0.01629701585757944,0.0024283331761469147,0.46847117187503756,0.00016908571307916608,0.25,0,0,NOMINAL,0
walk,12.88000000000425,2.8800000000035197,-0.011070638516076719,0.005807765095321915,-0.043912534325347134,0.07330725665358337,0.016006827673706137,0.005478352917033844,0.48599813825897,0.0001530117305566375,0.25,0,0,NOMINAL,0
walk,12.920000000004299,2.9200000000035686,-0.010971746606381595,0.005982422056373705,-0.043965407821980204,0.07324757515346031,0.015680537802477926,0.006361771263492989,0.529578398495581,0.0001359594650209098,0.25,0,0,NOMINAL,0
walk,12.960000000004348,2.9600000000036175,-0.011242700282952808,0.006230460885113554,-0.043968550196590586,0.07325786450553816,0.01587903276567693,0.011485259262307257,0.5652029066625087,0.00012119406002629069,0.25,0,0,NOMINAL,0
walk,13.000000000004396,3.0000000000036664,-0.011380907532441935,0.006296626505975214,-0.043950025776133626,0.073252584737848,0.015951843964459637,0.0014435087466882677,0.5635785167153295,0.0001343562921570692,0.25,0,0,NOMINAL,0
walk,13.040000000004445,3.0400000000037153,-0.01161360768298223,0.006199677070552716,-0.043905919791826495,0.07327111800138073,0.016341588615836063,0.00979906181650637,0.5373574053126784,0.000145835744933132,0.25,0,0,NOMINAL,0
walk,13.080000000004494,3.080000000003764,-0.011554008723110045,0.005940228047436098,-0.043866441846943806,0.07328467423143821,0.01641731813335456,0.009201667217575827,0.4941621075451106,0.0001681299885313052,0.25,0,0,NOMINAL,0
walk,13.120000000004543,3.120000000003813,-0.01130152025608776,0.005809717489437582,-0.043872149079331416,0.07332964312191964,0.016290700336280623,0.006606495604544492,0.46407070657000166,0.00016865021215767246,0.25,0,0,NOMINAL,0
walk,13.160000000004592,3.160000000003862,-0.011163274714010232,0.005769306524461804,-0.04389521207873213,0.07336966074118871,0.016181280570868293,0.0022879507135811694,0.47387789923000484,0.000163776747120265,0.25,0,0,NOMINAL,0
walk,13.200000000004641,3.200000000003911,-0.010956940577975515,0.005908433097314554,-0.043953350156720035,0.07332719565494916,0.01578017170283743,0.009633844883444374,0.518289763831241,0.00013901995885177927,0.25,0,0,NOMINAL,0
walk,13.24000000000469,3.2400000000039597,-0.011169318211563414,0.006224785023926544,-0.0439778311088291,0.07332773569581785,0.01594090510703502,0.014272501642744977,0.5592940830912214,0.00012888163047063231,0.25,0,0,NOMINAL,0
walk,13.280000000004739,3.2800000000040086,-0.011343177530516961,0.006328633026245327,-0.043960745078822756,0.07332611760874627,0.0160343431560142,0.0021415855874829075,0.5691144320084935,0.00012742942119497186,0.25,0,0,NOMINAL,0
walk,13.320000000004788,3.3200000000040575,-0.011612594072355546,0.006269059036534714,-0.04392458672864029,0.07331095114730692,0.016432698336210413,0.009480228624496444,0.5457626241420453,0.00014000372215810305,0.25,0,0,NOMINAL,0
walk,13.360000000004836,3.3600000000041064,-0.011647360853180123,0.006040764882598366,-0.04387271181229875,0.07333326159512242,0.01662142940844685,0.006820642865068989,0.5089072091186717,0.00016244411751205315,0.25,0,0,NOMINAL,0
walk,13.400000000004885,3.4000000000041553,-0.01133424395960962,0.005877503525311661,-0.043868970509492594,0.07337159017721256,0.016388183933089193,0.009913809518005282,0.46679940013744003,0.00016912788340577795,0.25,0,0,NOMINAL,0
walk,13.440000000004934,3.440000000004204,-0.011202233989899698,0.005815688632669365,-0.04389048463640466,0.07341007255377964,0.01632021641134521,0.0015294718236362316,0.4684713368281786,0.00016833308252087607,0.25,0,0,NOMINAL,0
walk,13.480000000004983,3.480000000004253,-0.01091794296085821,0.005895544169803136,-0.04393937136300948,0.07337377875073772,0.01582103261578573,0.011569072948221225,0.5055379456119644,0.0001411603821055878,0.25,0,0,NOMINAL,0
walk,13.520000000005032,3.520000000004302,-0.011011723252124577,0.00617774087943762,-0.04397933005813824,0.07331034208409086,0.015790765274593558,0.01257594935905521,0.54858020754269,0.00013334596669957872,0.25,0,0,NOMINAL,0
walk,13.56000000000508,3.560000000004351,-0.011201551187716404,0.006312855830843432,-0.04396634351499161,0.07326750547099145,0.01587764772059164,0.004140201378411934,0.5702840626955549,0.0001212585337784308,0.25,0,0,NOMINAL,0
walk,13.60000000000513,3.6000000000043997,-0.011419637363256858,0.006298533375890531,-0.043939925169674716,0.07323476336564237,0.01615501928665306,0.0054851529455207226,0.5534941720061461,0.00013770435728353923,0.25,0,0,NOMINAL,0
walk,13.640000000005179,3.6400000000044486,-0.011560763374727199,0.006123220973518986,-0.04388419915466955,0.07326802269936779,0.016478796541670872,0.006681090379292675,0.5221991821572051,0.00015551338022729306,0.25,0,0,NOMINAL,0
walk,13.680000000005228,3.6800000000044975,-0.01131380366815514,0.005897624932890022,-0.043867084242182094,0.07325679522941199,0.016310589677214212,0.011769237073672612,0.47513731380975227,0.0001694030692953711,0.25,0,0,NOMINAL,0
walk,13.720000000005276,3.7200000000045463,-0.011156508030242545,0.005818060541549679,-0.0438845027981625,0.07327180198464188,0.016245553088996237,0.0019116362296521601,0.46698869601855414,0.00016937251446427518,0.25,0,0,NOMINAL,0
walk,13.760000000005325,3.760000000004595,-0.010896321350163971,0.005844699140329189,-0.043915545579280804,0.07328097628974933,0.015813384161083223,0.008432732262820205,0.49116842661727617,0.00014726874981988957,0.25,0,0,NOMINAL,0
walk,13.800000000005374,3.800000000004644,-0.01087645643329829,0.006051203968317366,-0.043967136684847315,0.07321601570743382,0.015588482528941908,0.007296638177896951,0.5361979812392083,0.0001338379661754076,0.25,0,0,NOMINAL,0
walk,13.840000000005423,3.840000000004693,-0.01115487141152423,0.006240747151356794,-0.04396186852213116,0.07316778405219973,0.015773360883766595,0.009287990513529824,0.5705680582534293,0.00011448297230764326,0.25,0,0,NOMINAL,0
walk,13.880000000005472,3.880000000004742,-0.011299173247451937,0.006284374534854373,-0.043940609429003644,0.07313374077712811,0.01587681798530548,0.0017444932055144637,0.5629904647940768,0.00013601079433818108,0.25,0,0,NOMINAL,0
walk,13.92000000000552,3.9200000000047908,-0.011519299468290068,0.006155989845870052,-0.043885035806128445,0.073168720316287,0.016263374154948516,0.010097909025585527,0.5330681326373048,0.00014875147833881997,0.25,0,0,NOMINAL,0
walk,13.96000000000557,3.9600000000048396,-0.011403905229116709,0.005872948671792673,-0.04385198725507499,0.07318261888854728,0.016251316265915198,0.011129396723389907,0.479535507875104,0.00017038836639107606,0.25,0,0,NOMINAL,0
walk,14.000000000005619,4.0000000000048885,-0.011206156692501749,0.005757631396371039,-0.04386298278643939,0.07321751860106035,0.016185410087154135,0.004175598052342819,0.46078439884287675,0.00017044702096365155,0.25,0,0,NOMINAL,0
walk,14.040000000005668,4.040000000004937,-0.011003684119780489,0.005746801543430637,-0.04389016780285853,0.07325397413974324,0.015932686661846815,0.004997664479923306,0.4793451449941279,0.0001585057778079452,0.25,0,0,NOMINAL,0
walk,14.080000000005716,4.080000000004986,-0.01085206003175267,0.005928580192034507,-0.04395035982415354,0.07321405017816159,0.015576565780467582,0.007492749690227506,0.5252860857433127,0.00013783348652927444,0.25,0,0,NOMINAL,0
walk,14.120000000005765,4.120000000005035,-0.011133197746133375,0.006209418095695813,-0.04396668383256637,0.07324492877225518,0.01580828716178187,0.013349922980970673,0.569658756268797,0.00012318796221925737,0.25,0,0,NOMINAL,0
walk,14.160000000005814,4.160000000005084,-0.011298871753243712,0.00629761490112845,-0.04394761235985305,0.07325078043370499,0.0159101578578565,0.0017669202771338208,0.569261268391874,0.00013158436973963997,0.25,0,0,NOMINAL,0
walk,14.200000000005863,4.200000000005133,-0.011567521539059928,0.00620847109366541,-0.04389786635173175,0.07326398691779223,0.016328943398571216,0.010840450304210108,0.5411672626108313,0.00014248401396832214,0.25,0,0,NOMINAL,0
walk,14.240000000005912,4.240000000005182,-0.011531008441186503,0.005939537205566198,-0.04385194512481075,0.07328197024768153,0.016416464424005916,0.00929792418189716,0.4930915625434355,0.0001673914295929923,0.25,0,0,NOMINAL,0
walk,14.28000000000596,4.280000000005231,-0.011253905286264583,0.005799063490024884,-0.04385701176083237,0.07333131621440726,0.016248032401359018,0.007530318492436264,0.4602413924770336,0.0001682764496147723,0.25,0,0,NOMINAL,0
walk,14.32000000000601,4.32000000000528,-0.011102269768914182,0.005755841847196437,-0.04388150339196596,0.07337421403402115,0.01612407700094618,0.0023405372978156595,0.472508364027479,0.00016513045621329177,0.25,0,0,NOMINAL,0
walk,14.360000000006059,4.3600000000053285,-0.01087289017697734,0.005900543771760572,-0.04394213271186122,0.0733395808535677,0.015698740496833515,0.010479302090023724,0.5161577982448607,0.00013912296726275938,0.25,0,0,NOMINAL,0
walk,14.400000000006107,4.400000000005377,-0.011076345469571718,0.006215598410409378,-0.043973159069301715,0.07333533577044178,0.015842882454947877,0.014509337512567394,0.5591888082580111,0.00012913744618543407,0.25,0,0,NOMINAL,0
walk,14.440000000006156,4.440000000005426,-0.01125945057767269,0.006324814503595648,-0.04395594291649367,0.07332695193027716,0.01594360060099991,0.0023579941266805822,0.5724600184569756,0.00012629286263615854,0.25,0,0,NOMINAL,0
walk,14.480000000006205,4.480000000005475,-0.01154920233997119,0.006270359622126448,-0.04391606606214268,0.07330740915827492,0.016366547566796768,0.009996228731446321,0.5480896971745739,0.00013880349474789685,0.25,0,0,NOMINAL,0
walk,14.520000000006254,4.520000000005524,-0.011597794582536606,0.0060405984798245155,-0.043860711095727034,0.0733410542922228,0.016572605669089743,0.006836012415230004,0.5077850763340516,0.00016230602454289915,0.25,0,0,NOMINAL,0
walk,14.560000000006303,4.560000000005573,-0.011273263984890413,0.005870586041445994,-0.04385675241700692,0.07337883617777573,0.016323992413820623,0.010430499021535188,0.4643238740242673,0.00016941773343059503,0.25,0,0,NOMINAL,0
walk,14.600000000006352,4.600000000005622,-0.01113281302994719,0.005806048740569853,-0.04387904969990461,0.07341720266453881,0.016247813956159277,0.0015790029244527291,0.4661404904398611,0.00016866587202027868,0.25,0,0,NOMINAL,0
walk,14.6400000000064,4.640000000005671,-0.010837078270398032,0.0058895355163672515,-0.04392948229705063,0.07338384095251911,0.015739217175347455,0.012038305720288585,0.5040469702746466,0.00014104496898818732,0.25,0,0,NOMINAL,0
walk,14.68000000000645,4.68000000000572,-0.010927647475581418,0.006164963527743595,-0.04397385690809327,0.07332468100663299,0.01570231016953582,0.01232834524387167,0.5480590880985082,0.00013327328731625043,0.25,0,0,NOMINAL,0
walk,14.720000000006499,4.7200000000057685,-0.011132987046095845,0.006300704449533082,-0.043961703640735456,0.07327630639041656,0.015805883773469642,0.004672088968231164,0.5741156584256623,0.00012006319241590445,0.25,0,0,NOMINAL,0
walk,14.760000000006547,4.760000000005817,-0.011373956640776036,0.0062897672780753665,-0.04393145232308111,0.07324078610472717,0.016112658072936135,0.006036384857430735,0.5563542723892144,0.00013667683615717547,0.25,0,0,NOMINAL,0
walk,14.800000000006596,4.800000000005866,-0.011519462182564822,0.006108561032513894,-0.043871130788447524,0.0732784697432549,0.016436748627429186,0.006744632219270587,0.5213140952633295,0.0001555789557280652,0.25,0,0,NOMINAL,0
walk,14.840000000006645,4.840000000005915,-0.011253607393681026,0.005873468821649397,-0.0438535869944947,0.07326694090742138,0.016238169002504237,0.012419805509458625,0.4715774372222535,0.00017009985112616428,0.25,0,0,NOMINAL,0
walk,14.880000000006694,4.880000000005964,-0.011088307074448054,0.005790351215107202,-0.043872180756594416,0.0732833018871632,0.016163166512558415,0.0019502160605782937,0.4634003443401644,0.00017006735199551025,0.25,0,0,NOMINAL,0
walk,14.920000000006743,4.920000000006013,-0.010799512807898374,0.005826062267440236,-0.04390716895338579,0.07329361796534459,0.015696233595893935,0.00958920591147901,0.4902304904405775,0.00014729519718915634,0.25,0,0,NOMINAL,0
walk,14.960000000006792,4.960000000006062,-0.010783774490820783,0.006045889579259086,-0.04396153091749386,0.07323196070681089,0.015486863559568098,0.007334238685562321,0.5369518868884832,0.0001343298252480752,0.25,0,0,NOMINAL,0
walk,15.00000000000684,5.000000000006111,-0.011076954986437576,0.006234563903751477,-0.043958328277989914,0.0731843010758657,0.015692029438969614,0.009590439477652753,0.5771967911708168,0.00011299331234406072,0.25,0,0,NOMINAL,0
walk,15.04000000000689,5.0400000000061596,-0.011243236407198556,0.006279182597384281,-0.04393440438055078,0.07315112347987589,0.0158308928824501,0.002073954445137764,0.5659080875112005,0.00013557131774860382,0.25,0,0,NOMINAL,0
walk,15.080000000006939,5.080000000006208,-0.011464037661679465,0.006136076278960241,-0.04387204994245538,0.07318836323181623,0.016214074836509298,0.010325673921503166,0.5328618023711779,0.0001490669328112151,0.25,0,0,NOMINAL,0
walk,15.120000000006987,5.120000000006257,-0.011326516392908383,0.005834443671003723,-0.04383927038081986,0.07319792591604665,0.016163204342806048,0.01205891507920418,0.47505208531790716,0.00017145442790514017,0.25,0,0,NOMINAL,0
walk,15.160000000007036,5.160000000006306,-0.011137103890085424,0.005719694924562243,-0.043852527143298285,0.07322904594371048,0.016108130000214323,0.0035871131833981424,0.45721629232427125,0.0001717031354488269,0.25,0,0,NOMINAL,0
walk,15.200000000007085,5.200000000006355,-0.010887152887766049,0.005724133836131771,-0.04388441826241393,0.07326667272232704,0.01577980245962232,0.0068003351367505955,0.4842073583535326,0.00015741797713910525,0.25,0,0,NOMINAL,0
walk,15.240000000007134,5.240000000006404,-0.01074985538325041,0.00593035120851654,-0.043946622655288634,0.07322666513388207,0.015443497966619287,0.007081192828669338,0.5276433677324796,0.00013832846597309814,0.25,0,0,NOMINAL,0
walk,15.280000000007183,5.280000000006453,-0.011054650416118814,0.0061981994218422015,-0.043961581646663285,0.07325364435426118,0.01569843732703684,0.013125850317111528,0.5743276534919205,0.00012054679840221085,0.25,0,0,NOMINAL,0
walk,15.320000000007232,5.320000000006502,-0.011224581414508482,0.006283932996174718,-0.04394056995070667,0.07325713403628047,0.01581219489610169,0.001721788005518032,0.5711128944149941,0.00013238750999986442,0.25,0,0,NOMINAL,0
walk,15.36000000000728,5.360000000006551,-0.011499158900056908,0.006180356043227478,-0.043882873980963834,0.07327820396282025,0.016240523258688088,0.011459998338583027,0.5398627618441345,0.00014290360162142116,0.25,0,0,NOMINAL,0
walk,15.40000000000733,5.4000000000065995,-0.011439730500313196,0.005892850697833253,-0.043838449250898415,0.07329748386375594,0.016288866168985006,0.01038208679051411,0.48454344009631445,0.00016933351183604355,0.25,0,0,NOMINAL,0
walk,15.440000000007378,5.440000000006648,-0.011181883885266726,0.0057572338423136004,-0.04384650229677287,0.0733436279069009,0.01614681454948239,0.006596169829854578,0.4565691669011355,0.0001699424251323529,0.25,0,0,NOMINAL,0
walk,15.480000000007427,5.480000000006697,-0.010993090564166384,0.005728168758137162,-0.04387429454510822,0.07338567532876189,0.01595361204570239,0.0035454904174257906,0.47630299006951266,0.0001636939915306438,0.25,0,0,NOMINAL,0
walk,15.520000000007476,5.520000000006746,-0.010788521276169517,0.005902660072504681,-0.04393848774262058,0.07335392103519973,0.015558722856374864,0.009616333522601312,0.5198713160598237,0.00013887581079999577,0.25,0,0,NOMINAL,0
walk,15.560000000007525,5.560000000006795,-0.011041112440854758,0.0062174638451983795,-0.04396635324268134,0.07337190612818063,0.015770620481868284,0.014614311786637114,0.5661972636051508,0.00012640176843592895,0.25,0,0,NOMINAL,0
walk,15.600000000007574,5.600000000006844,-0.011228599048105952,0.006322303190431309,-0.04394783385784948,0.07336829841299003,0.01588767546402089,0.002168902935846482,0.5737936637396862,0.0001281982368863256,0.25,0,0,NOMINAL,0
walk,15.640000000007623,5.640000000006893,-0.01153002420435293,0.006250492275332992,-0.043898734626344416,0.07336319861174484,0.016335261262740527,0.011550221293494787,0.5460494190662735,0.00013949220307638515,0.25,0,0,NOMINAL,0
walk,15.680000000007672,5.680000000006942,-0.011540010455323942,0.005987691501016502,-0.04384488062961861,0.07338739386619329,0.016478414173365024,0.00852656299410177,0.49854614639889894,0.00016492311797744143,0.25,0,0,NOMINAL,0
walk,15.72000000000772,5.720000000006991,-0.011223364720581878,0.005831475876250101,-0.04384663444490712,0.07344091520530487,0.01624971082551628,0.009281327866276055,0.4589486121794017,0.0001693132183172462,0.25,0,0,NOMINAL,0
walk,15.76000000000777,5.7600000000070395,-0.01107440529116793,0.005775277723663058,-0.04387094577876649,0.07348519095631195,0.016146398445708046,0.001854868660145877,0.47073704518446163,0.00016768966175124029,0.25,0,0,NOMINAL,0
walk,15.800000000007818,5.800000000007088,-0.010801652281304017,0.005899405210183979,-0.04392981963251769,0.07345245362181925,0.01567055467076572,0.011899662543675213,0.5102196896502352,0.00013969994123398544,0.25,0,0,NOMINAL,0
walk,15.840000000007867,5.840000000007137,-0.010952239851248567,0.0062004555237197495,-0.04397017848051675,0.0734241455554422,0.015732573175261257,0.013707263576402567,0.5538200620073525,0.0001311823706181657,0.25,0,0,NOMINAL,0
walk,15.880000000007916,5.880000000007186,-0.01114199480292868,0.006317528563008948,-0.04395565882103699,0.07339515836439381,0.01582581019124009,0.0029815323500803335,0.57651216301476,0.00012343012544583832,0.25,0,0,NOMINAL,0
walk,15.920000000007965,5.920000000007235,-0.011432409676871444,0.006283075316790388,-0.04391625146902944,0.07336093745996558,0.01623263665523256,0.009092860837106686,0.5530982394445412,0.00013706328833997138,0.25,0,0,NOMINAL,0
walk,15.960000000008014,5.960000000007284,-0.011531560304262434,0.006070114969177114,-0.04385493386064431,0.07340529500255573,0.01650602934632029,0.006197813789421907,0.5121302793451689,0.00015999920149425205,0.25,0,0,NOMINAL,0
walk,16.00000000000806,6.000000000007331,-0.011194053461155564,0.005870034896553398,-0.04384536188529661,0.07341258877216546,0.016229351809900233,0.012114838541530205,0.4643966165240046,0.00017036002865572204,0.25,0,0,NOMINAL,0
walk,16.040000000007968,6.040000000007238,-0.011031028728335045,0.005794574558593365,-0.04386727563083864,0.07343851912519081,0.01613686707749034,0.0017494830186224762,0.4629222967243975,0.00016994330867310355,0.25,0,0,NOMINAL,0
walk,16.080000000007875,6.080000000007145,-0.010716859224855418,0.00586160320482042,-0.04391331314423158,0.07342346616229267,0.015617772447883795,0.01219500742656632,0.4971267480247374,0.00014332890308354208,0.25,0,0,NOMINAL,0
walk,16.12000000000778,6.120000000007051,-0.010769887001520836,0.006118053876413661,-0.043965424974281624,0.0733630613664874,0.015521281672898846,0.010374629293884175,0.5430354234024337,0.00013381191061123156,0.25,0,0,NOMINAL,0
walk,16.160000000007688,6.160000000006958,-0.011036170190154794,0.006269127358852056,-0.043957776353700594,0.0732950847826396,0.015692121009906607,0.007188238570535716,0.580670606535805,0.00011579051081491934,0.25,0,0,NOMINAL,0
walk,16.200000000007595,6.200000000006865,-0.011276302762318939,0.006284287124108706,-0.04392536703212558,0.07325189846602752,0.015970819765148577,0.004705340803063163,0.5635878149142374,0.000135555543500645,0.25,0,0,NOMINAL,0
walk,16.2400000000075,6.240000000006772,-0.01145221424498637,0.006105723498771398,-0.043858446539785094,0.07329236922057245,0.016310922798141368,0.008242072151533204,0.5245779787638198,0.00015373327819403687,0.25,0,0,NOMINAL,0
walk,16.28000000000741,6.2800000000066785,-0.011213467773732394,0.005817150456594582,-0.04383607306743615,0.07327613862745809,0.016125382717445458,0.013439609386682096,0.46918920616794363,0.0001725451811409064,0.25,0,0,NOMINAL,0
walk,16.320000000007315,6.320000000006585,-0.011034239011475506,0.0057195456784028586,-0.04385465768135422,0.07329188091907014,0.01605317069244069,0.002238836043679898,0.4575645051850983,0.00017259668945235408,0.25,0,0,NOMINAL,0
walk,16.360000000007222,6.360000000006492,-0.010727731149417366,0.0057554436589127445,-0.043891730946946386,0.07331477694466546,0.015593646750967544,0.009845537005117647,0.4895832161797485,0.000151202634831101,0.25,0,0,NOMINAL,0
walk,16.40000000000713,6.400000000006399,-0.010670786142483806,0.00599297241853346,-0.04395061215451897,0.07326866948282634,0.015349400717428031,0.007098900661950203,0.5341421773553064,0.00013668272878904921,0.25,0,0,NOMINAL,0
walk,16.440000000007036,6.440000000006306,-0.01097734967343119,0.006209232712115494,-0.04395532902305272,0.07325126029744129,0.015578620693992594,0.010861602349321672,0.5808842194275863,0.00011388975764125,0.25,0,0,NOMINAL,0
walk,16.480000000006942,6.480000000006212,-0.011152831174754794,0.006269582028876994,-0.04392991487863305,0.07322929170013565,0.015719410142620523,0.0020084364028719725,0.5697710893111296,0.00013469228825713266,0.25,0,0,NOMINAL,0
walk,16.52000000000685,6.520000000006119,-0.011402307621880475,0.006130998639598598,-0.04386349061912571,0.07326529111744752,0.016128439583246498,0.011368851194563002,0.5341174440527433,0.0001472396978043033,0.25,0,0,NOMINAL,0
walk,16.560000000006756,6.560000000006026,-0.011285162844385223,0.005818950943052338,-0.043826805265402474,0.07328311768348027,0.01609483500082939,0.012144307652302577,0.47288346039320744,0.00017215327593369178,0.25,0,0,NOMINAL,0
walk,16.600000000006663,6.600000000005933,-0.011081939632556251,0.005698676245646674,-0.04384019537277068,0.07331951211305242,0.016023991296036884,0.004162032149373419,0.4535726181328665,0.0001724981232947882,0.25,0,0,NOMINAL,0
walk,16.64000000000657,6.6400000000058395,-0.010813586291640916,0.005703817878031512,-0.04387499010529674,0.07336045139644341,0.01568200190687543,0.00709583641883172,0.4851757930832974,0.0001593452057103988,0.25,0,0,NOMINAL,0
walk,16.680000000006476,6.680000000005746,-0.01066584025353632,0.0059209746623940795,-0.043940061533805384,0.07332209907990316,0.015347859732962254,0.007526066495060137,0.5269059092924303,0.0001394170948803643,0.25,0,0,NOMINAL,0
walk,16.720000000006383,6.720000000005653,-0.010986970802706057,0.0061946490880885,-0.043958825545078024,0.07335009349877865,0.015631568864391012,0.013673061293008645,0.5755968951662148,0.00012090400175562953,0.25,0,0,NOMINAL,0
walk,16.76000000000629,6.76000000000556,-0.01117138915404047,0.006287147810841022,-0.043936629566156446,0.0733530090451479,0.015767773807300274,0.0018899098311888727,0.5739502126235684,0.0001319104648340943,0.25,0,0,NOMINAL,0
walk,16.800000000006197,6.800000000005467,-0.011458821377965847,0.00618371542335845,-0.043875275302664475,0.07337197086504232,0.016211384318370214,0.011903514493185344,0.5408936072702482,0.0001424033626874602,0.25,0,0,NOMINAL,0
walk,16.840000000006103,6.840000000005373,-0.01139992883718264,0.005888166760888087,-0.04382870161056346,0.07339296701013026,0.016254554100680853,0.010695572680347726,0.482227087929557,0.00016970000373370392,0.25,0,0,NOMINAL,0
walk,16.88000000000601,6.88000000000528,-0.011132761948845247,0.005749012161704251,-0.04383709512786342,0.07344039726677055,0.016099621745128335,0.006850701704008384,0.45388609480117803,0.00017036759976612263,0.25,0,0,NOMINAL,0
walk,16.920000000005917,6.920000000005187,-0.010927320579570477,0.005721152443136517,-0.04386661854439635,0.07348412519095453,0.01588372037998145,0.003898146278463034,0.4778121002784999,0.00016422412616333616,0.25,0,0,NOMINAL,0
walk,16.960000000005824,6.960000000005094,-0.010716980445996302,0.005903951419848878,-0.04393230798093119,0.07345259574837315,0.015485251939058422,0.00980224465988524,0.5195221432613674,0.0001390795932048146,0.25,0,0,NOMINAL,0
walk,17.00000000000573,7.0000000000050004,-0.010980855355333117,0.006216296980931136,-0.043962210707061404,0.0734736954823483,0.015710993351985152,0.014721693554615016,0.5673067835379243,0.00012600242774879795,0.25,0,0,NOMINAL,0
walk,17.040000000005637,7.040000000004907,-0.01117572422383223,0.006320724496126446,-0.04394312476878414,0.07346713312769335,0.01583591689048726,0.002218643794700748,0.5762334962868368,0.0001281510345219788,0.25,0,0,NOMINAL,0
walk,17.080000000005544,7.080000000004814,-0.011486916119248914,0.006248603784557689,-0.04389028924123708,0.07346118296593644,0.016296655657424584,0.01193066531060392,0.5466862908169604,0.00013932402150798492,0.25,0,0,NOMINAL,0
walk,17.12000000000545,7.120000000004721,-0.011493917362061729,0.005976207808951633,-0.043834537983175006,0.07348551058283963,0.01643122529941167,0.0089205037461281,0.49586749429782656,0.0001655665086308166,0.25,0,0,NOMINAL,0
walk,17.160000000005358,7.1600000000046276,-0.011167379098716112,0.005815566850071463,-0.04383688284565156,0.07353807364871753,0.016190654047211355,0.00952038395358958,0.45590159754665444,0.00016998415147527444,0.25,0,0,NOMINAL,0
walk,17.200000000005264,7.200000000004534,-0.011008125188335875,0.005759378893309177,-0.04386229531672944,0.0735823555992522,0.01607364259173671,0.0020141025131198047,0.47216348994051627,0.0001683636584871366,0.25,0,0,NOMINAL,0
walk,17.24000000000517,7.240000000004441,-0.010730778011385366,0.005894151187593138,-0.04392351572385952,0.07355214979529609,0.015596600108232168,0.012160970502017726,0.5099779193361516,0.00013985393341379407,0.25,0,0,NOMINAL,0
walk,17.280000000005078,7.280000000004348,-0.010889568870581694,0.006202294541622895,-0.0439656808776985,0.07353129422657217,0.01567312294229901,0.013703736436690523,0.554672338240677,0.00013081302526926232,0.25,0,0,NOMINAL,0
walk,17.320000000004985,7.320000000004255,-0.011092018468534949,0.006316405632542964,-0.043951944655467506,0.07350003844183665,0.015777811504512556,0.0031549247104270496,0.5802940001177821,0.00012319160957768236,0.25,0,0,NOMINAL,0
walk,17.36000000000489,7.360000000004161,-0.011404707881650163,0.00628113188841401,-0.04390752116216115,0.07346224420097756,0.016214251026163563,0.009952316779761364,0.5543697881931118,0.00013668088362867807,0.25,0,0,NOMINAL,0
walk,17.4000000000048,7.400000000004068,-0.011500087366771704,0.006054728673548481,-0.04384298089021765,0.07350739611999699,0.016475795763737654,0.006609515302038381,0.5092405172360855,0.0001611758131906447,0.25,0,0,NOMINAL,0
walk,17.440000000004705,7.440000000003975,-0.011142797250846392,0.005849161557669867,-0.04383448481779157,0.07351170377095928,0.016172092010348783,0.012486268452261855,0.4603776298477121,0.0001714102418910802,0.25,0,0,NOMINAL,0
walk,17.480000000004612,7.480000000003882,-0.01097005754065356,0.005772655956349481,-0.04385781632229618,0.07353784205503977,0.016065897670164513,0.0017875287233357037,0.4644295888231347,0.00017094127420703802,0.25,0,0,NOMINAL,0
walk,17.52000000000452,7.5200000000037885,-0.010643982723896658,0.005852189332354105,-0.043908536488012434,0.07351866350101907,0.015535179514598556,0.012876521556734223,0.4975053299281698,0.00014346439635866097,0.25,0,0,NOMINAL,0
walk,17.560000000004425,7.560000000003695,-0.010708948473255457,0.006130715166441958,-0.04396121340154006,0.07347214546373458,0.015469596917183767,0.010763946134720679,0.5445099577526558,0.000134063341187379,0.25,0,0,NOMINAL,0
walk,17.600000000004332,7.600000000003602,-0.010976446268019895,0.006277025959618043,-0.04395545587453932,0.07340462395758758,0.015638249845303084,0.007012464889423776,0.5869476917422513,0.00011596548706750923,0.25,0,0,NOMINAL,0
walk,17.64000000000424,7.640000000003509,-0.011261134309856936,0.00628627279929708,-0.04391652692605708,0.07335496660110681,0.015981972101087597,0.006288243889243824,0.5648876591380253,0.00013477794610415865,0.25,0,0,NOMINAL,0
walk,17.680000000004146,7.680000000003416,-0.011432304379172527,0.006089903205737188,-0.0438454822118541,0.0733995228257627,0.01631094302111452,0.007846940000886775,0.5206952151344243,0.00015571145773888607,0.25,0,0,NOMINAL,0
walk,17.720000000004053,7.720000000003322,-0.011150581028756516,0.005804301393449752,-0.04382513525917262,0.0733797182934653,0.016068377833266884,0.014181389279770798,0.4643162681995774,0.000174155525429144,0.25,0,0,NOMINAL,0
walk,17.76000000000396,7.760000000003229,-0.010960603735418734,0.00570787404899301,-0.04384614751890579,0.07339378531996069,0.015977014603851907,0.002125534319803378,0.4542701876902897,0.00017417892005314092,0.25,0,0,NOMINAL,0
walk,17.800000000003866,7.800000000003136,-0.010621569590583076,0.00575725820007034,-0.04388848374797888,0.07341083129095505,0.015470401028055898,0.011362820850211293,0.49279955679559434,0.00015054099647623706,0.25,0,0,NOMINAL,0
walk,17.840000000003773,7.840000000003043,-0.010589493054395637,0.006019744030227589,-0.04394837842792059,0.07337382669746044,0.015276140971047432,0.008242947277148612,0.5359480883176503,0.00013718735821336033,0.25,0,0,NOMINAL,0
walk,17.88000000000368,7.8800000000029495,-0.010904342096745944,0.0062172360248308025,-0.04395208124556079,0.07333401584759565,0.01551177785017167,0.010219626738727873,0.5836673899948582,0.00011126091216700752,0.25,0,0,NOMINAL,0
walk,17.920000000003586,7.920000000002856,-0.011107314185411481,0.00627002423232071,-0.043922697864885035,0.07329609008428035,0.01570165216421453,0.002662167470339412,0.5705524918907607,0.00013488508323071521,0.25,0,0,NOMINAL,0
walk,17.960000000003493,7.960000000002763,-0.011345485268360059,0.00611586200475971,-0.043851870764586603,0.07333446812584078,0.016098000437987748,0.010965340899226675,0.5310614137971711,0.0001491372641183736,0.25,0,0,NOMINAL,0
walk,18.0000000000034,8.00000000000267,-0.01119578598555714,0.005792945241917732,-0.043818343533292066,0.0733472273202233,0.016015069342812473,0.01293678984888466,0.46907907375559743,0.00017336494406317205,0.25,0,0,NOMINAL,0
walk,18.040000000003307,8.040000000002577,-0.011008562345807967,0.005677358440661063,-0.043834096332610935,0.07337877908660907,0.015960629047385964,0.0032150694708297472,0.45166170544201756,0.00017355234368846118,0.25,0,0,NOMINAL,0
walk,18.080000000003214,8.080000000002483,-0.010707449849951457,0.005698813900458678,-0.043872045726713035,0.07341718163970318,0.01555782821951923,0.008821020963585864,0.4898672235930328,0.00015747611999835116,0.25,0,0,NOMINAL,0
walk,18.12000000000312,8.12000000000239,-0.010581161441728772,0.00593728575372604,-0.04393702430715016,0.07337957614146193,0.015249264160661375,0.007459931298702338,0.5289763577751456,0.00013966921663098342,0.25,0,0,NOMINAL,0
walk,18.160000000003027,8.160000000002297,-0.010907379292821113,0.00619133526381655,-0.04395332581164971,0.07339283509094283,0.015525640370739656,0.012859033849663816,0.5784774978314281,0.0001181709170889312,0.25,0,0,NOMINAL,0
walk,18.200000000002934,8.200000000002204,-0.011093209122107902,0.006276694725886181,-0.04392863587719851,0.07338570841090873,0.01566988581952811,0.0019020129246965476,0.5745625334992931,0.00013308673329613768,0.25,0,0,NOMINAL,0
walk,18.24000000000284,8.24000000000211,-0.011378284169859212,0.006159764527710554,-0.04386180183254417,0.07341250320387648,0.01611444019259503,0.012243818571426228,0.5381146989974787,0.00014390582825048694,0.25,0,0,NOMINAL,0
walk,18.280000000002747,8.280000000002017,-0.011299435344778194,0.005849570836112574,-0.04381776231705599,0.0734389705317955,0.016125286226921613,0.011550303158970427,0.47480280034111316,0.00017137584874176175,0.25,0,0,NOMINAL,0
walk,18.320000000002654,8.320000000001924,-0.011054030787084097,0.005716459650214072,-0.04382880702006173,0.0734852049209349,0.01599990033752382,0.005897687164503432,0.45097826208240416,0.00017191288898909125,0.25,0,0,NOMINAL,0
walk,18.36000000000256,8.36000000000183,-0.010804216442181564,0.005704818145762628,-0.04386272942402262,0.07352994574308473,0.015708135031582467,0.005578417078566811,0.48246531990368036,0.00016303069489604518,0.25,0,0,NOMINAL,0
walk,18.400000000002468,8.400000000001738,-0.010618103080339092,0.005911827305067634,-0.04392980333626566,0.07349516036971591,0.01534104740169412,0.008816008447754346,0.522487633486581,0.00013984123615721575,0.25,0,0,NOMINAL,0
walk,18.440000000002374,8.440000000001644,-0.010929139530195522,0.006206526715961738,-0.04395673548610916,0.07352651934334435,0.015624326065603635,0.014630790118931765,0.5721674897293305,0.00012370595680162282,0.25,0,0,NOMINAL,0
walk,18.48000000000228,8.480000000001551,-0.01112912056508093,0.006306614081679087,-0.043935630412149235,0.073522912360108,0.015767335913986883,0.0021068841496330593,0.5779270639346515,0.00012997725451549327,0.25,0,0,NOMINAL,0
walk,18.520000000002188,8.520000000001458,-0.01143712433299634,0.006221275718431493,-0.04387548763392723,0.073528689892418,0.016229860852777948,0.012178322253230506,0.5446590499732522,0.00014070826608174078,0.25,0,0,NOMINAL,0
walk,18.560000000002095,8.560000000001365,-0.011409391320737934,0.005928924632895946,-0.04382201789281548,0.07355186420232462,0.016310413687681925,0.010086024727891659,0.48726447824145985,0.00016822735136287905,0.25,0,0,NOMINAL,0
walk,18.600000000002,8.600000000001272,-0.011097506944051453,0.005774142721967037,-0.04382763951989113,0.07360391069554671,0.016093725336088157,0.008602426170401863,0.4519482508651831,0.0001698888381139567,0.25,0,0,NOMINAL,0
walk,18.64000000000191,8.640000000001178,-0.010911948480972466,0.005729607448608403,-0.04385568816925628,0.07365018410078641,0.01592685050378439,0.0027807517130122535,0.4756984293852035,0.0001674448759848035,0.25,0,0,NOMINAL,0
walk,18.680000000001815,8.680000000001085,-0.0106598229496503,0.005895978442453742,-0.04392158590137298,0.07362198576882052,0.015485977178110228,0.011459933864884198,0.5140109764437241,0.00013969289174313394,0.25,0,0,NOMINAL,0
walk,18.720000000001722,8.720000000000992,-0.010874251876028545,0.0062230547615830835,-0.0439590867556198,0.07362714819437548,0.01565172693127055,0.01465295739521871,0.5616627518400509,0.00012863613934109515,0.25,0,0,NOMINAL,0
walk,18.76000000000163,8.760000000000899,-0.011083311693951825,0.006329918850730847,-0.04394252591151443,0.07360875147463851,0.01577643231339511,0.0027223670089786974,0.5813433538084875,0.00012544648741081684,0.25,0,0,NOMINAL,0
walk,18.800000000001535,8.800000000000805,-0.011417865612060943,0.006274608311802168,-0.04389103990053646,0.07358272848524636,0.016255612780966794,0.011792844242698958,0.5509463304842505,0.00013751551383644334,0.25,0,0,NOMINAL,0
walk,18.840000000001442,8.840000000000712,-0.011469017465179612,0.006010622161851215,-0.04382812878797497,0.07361348959248543,0.016446219563804678,0.008104164192889349,0.5005812190856836,0.00016414469987101752,0.25,0,0,NOMINAL,0
walk,18.88000000000135,8.880000000000619,-0.01111031769447509,0.005819965500253833,-0.043825662069129814,0.07363873460549931,0.016149499423605683,0.011381607506365733,0.454417367823217,0.00017165091496022136,0.25,0,0,NOMINAL,0
walk,18.920000000001256,8.920000000000526,-0.010939085186943335,0.005752208526298724,-0.04385109762092112,0.07367696421403509,0.01603091423579074,0.0018151307442139995,0.4699212274535398,0.00017095892442760816,0.25,0,0,NOMINAL,0
walk,18.960000000001163,8.960000000000433,-0.010620565342815719,0.00586822369605751,-0.0439105572288134,0.07365045897950254,0.015506250258485904,0.013444208169899679,0.5031478487807564,0.00014183188544707572,0.25,0,0,NOMINAL,0
walk,19.00000000000107,9.00000000000034,-0.010732013501903656,0.006182152016985681,-0.04395928173645642,0.07362201417263763,0.015521783227427702,0.012687745131288484,0.550011410592718,0.00013297140538130276,0.25,0,0,NOMINAL,0
walk,19.040000000000976,9.040000000000246,-0.010975002952357015,0.006309415336052672,-0.04395039275598637,0.07357310219617583,0.015665669839577283,0.005084084649256299,0.5869996717381155,0.00011941940048936304,0.25,0,0,NOMINAL,0
walk,19.080000000000883,9.080000000000153,-0.011307451146520611,0.00629106570314147,-0.04390382696696333,0.07352438213472892,0.01610125977744569,0.009285444272271603,0.5602371921584047,0.00013516723399800538,0.25,0,0,NOMINAL,0
walk,19.12000000000079,9.12000000000006,-0.011436899020440917,0.006066640993373465,-0.04383304462435643,0.07357284552808212,0.016384808197203865,0.006859758992863635,0.511640129644871,0.00016008741246146006,0.25,0,0,NOMINAL,0
walk,19.160000000000696,9.159999999999966,-0.01108020379211578,0.005823146907305923,-0.04382011423372761,0.07355807149053019,0.01606033221110378,0.013902272349677945,0.4583417906821147,0.00017356408412529803,0.25,0,0,NOMINAL,0
walk,19.200000000000603,9.199999999999873,-0.010887355712711088,0.005736007067288568,-0.0438439224492671,0.07357532404291173,0.015939569376741076,0.0019312839018060643,0.460153470385622,0.0001733965316486403,0.25,0,0,NOMINAL,0
walk,19.24000000000051,9.23999999999978,-0.010536554331135702,0.005810848378293109,-0.04389465426385749,0.07356978619775371,0.015396035099959002,0.013445523398744065,0.4954719351646251,0.00014683284560616645,0.25,0,0,NOMINAL,0
walk,19.280000000000417,9.279999999999687,-0.010572329368551034,0.0061042078041559505,-0.043951773584375686,0.07353966928613193,0.015310173576019267,0.010595945071050869,0.5415094798032554,0.0001359548253525991,0.25,0,0,NOMINAL,0
walk,19.320000000000324,9.319999999999593,-0.010870892744517363,0.006263995172746239,-0.04394959491806149,0.07347182631071249,0.015522322833773977,0.00823019505902811,0.5872479093937532,0.00011404926465158945,0.25,0,0,NOMINAL,0
walk,19.36000000000023,9.3599999999995,-0.011155019757183927,0.006285634646824615,-0.043910573838385834,0.07341877635646973,0.015852944864039105,0.0056232096101965995,0.5678330283363716,0.0001345939367528771,0.25,0,0,NOMINAL,0
walk,19.400000000000137,9.399999999999407,-0.011350454056932285,0.006095466245864995,-0.043837121702367116,0.07346329196044823,0.0162034387483723,0.008732081960868223,0.5220674556353214,0.00015452119240952431,0.25,0,0,NOMINAL,0
walk,19.440000000000044,9.439999999999314,-0.011096522253834304,0.005785538157258885,-0.043814344083586136,0.07344876428857944,0.015983393879266807,0.014318480407851976,0.46342095035656006,0.00017512570787622692,0.25,0,0,NOMINAL,0
walk,19.47999999999995,9.47999999999922,-0.010904621192870183,0.005683141319589192,-0.04383497627828132,0.07346492770015894,0.015895950497754795,0.002295403447273239,0.45148043887928563,0.00017520268858798707,0.25,0,0,NOMINAL,0
walk,19.519999999999857,9.519999999999127,-0.010560393591258519,0.005731762316177147,-0.0438775032957421,0.07348834287445127,0.015395606050674,0.011302304088253806,0.4941306769989046,0.00015273476576774172,0.25,0,0,NOMINAL,0
walk,19.559999999999764,9.559999999999034,-0.010505988013183615,0.006003181371774583,-0.04393895610372831,0.07346202059941084,0.015182773967036451,0.008301299517074529,0.5337975402402286,0.00013851171992439748,0.25,0,0,NOMINAL,0
walk,19.59999999999967,9.599999999998941,-0.010829666854176344,0.006210842360223042,-0.04394700017590196,0.07343305746330175,0.015433794322870247,0.01083148695784552,0.5826541009928999,0.00011218995322194747,0.25,0,0,NOMINAL,0
walk,19.639999999999578,9.639999999998848,-0.011030019449953682,0.006271543922287572,-0.043917433298932315,0.07339405998758429,0.015614546084503076,0.002472659015927083,0.5727022932571028,0.0001349717937493922,0.25,0,0,NOMINAL,0
walk,19.679999999999485,9.679999999998754,-0.011283761831984422,0.006124673013810684,-0.04384506801891263,0.07343112882109315,0.016026734511212094,0.011541755504800117,0.5316931714650728,0.00014832147314555567,0.25,0,0,NOMINAL,0
walk,19.71999999999939,9.719999999998661,-0.011150882926335783,0.005797564202926329,-0.04380875352845228,0.07345251593356793,0.015960380993451123,0.012844240507872213,0.46783417454730225,0.0001738692459999762,0.25,0,0,NOMINAL,0
walk,19.759999999999298,9.759999999998568,-0.010952631197409442,0.005677843433557909,-0.04382415526487941,0.07348960651142002,0.01589259072889653,0.0037694311757659063,0.44908614370652905,0.000173958212054985,0.25,0,0,NOMINAL,0
walk,19.799999999999205,9.799999999998475,-0.010646405361841627,0.005696382676052624,-0.04386300887890507,0.07353051655486337,0.015492168199798404,0.008649978998936134,0.4900775093367187,0.00015922440996547562,0.25,0,0,NOMINAL,0
walk,19.83999999999911,9.839999999998382,-0.010508327957963635,0.005937682139605481,-0.04392945033439841,0.07349471963213318,0.01517970130698574,0.00776292318214941,0.5273177630067355,0.00014046444046733242,0.25,0,0,NOMINAL,0
walk,19.87999999999902,9.879999999998288,-0.010843025776988919,0.006200960280376569,-0.04394818173676627,0.0735152758066829,0.015477388352748015,0.013405510292140672,0.577857266449281,0.00011906364391340026,0.25,0,0,NOMINAL,0
walk,19.919999999998925,9.919999999998195,-0.011038117660258098,0.006288967120828498,-0.04392343132378296,0.07350548377761444,0.015633078350614248,0.0019737178024401615,0.5765885517586103,0.00013281506250353836,0.25,0,0,NOMINAL,0
walk,19.959999999998832,9.959999999998102,-0.01133113495131896,0.006174050356021621,-0.04385492927500789,0.07352861525152331,0.016083660282156517,0.012468092307427233,0.5383150680116773,0.00014338868452421313,0.25,0,0,NOMINAL,0
walk,19.99999999999874,9.999999999998009,-0.011256260439079152,0.005855745136099827,-0.043808869457521445,0.07355541896549267,0.016090965206284676,0.011704780853435737,0.47381067457248793,0.00017164489974641367,0.25,0,0,NOMINAL,0
turn,20.039999999998646,0.03999999999990678,-0.01359813157922528,0.002344803868720929,-0.04348244039783174,0.08396968410911426,0.017276423190775585,0.14820807363472885,1.0,0.0002451701333227514,0,0,0.6,NOMINAL,0
turn,20.079999999998552,0.07999999999981355,-0.01697912048675437,0.002365945197829263,-0.0434404224364818,0.09717186881982559,0.01844680208812536,0.054584186925282996,1.0,0.0002461111530877959,0,0,0.6,NOMINAL,0
turn,20.11999999999846,0.11999999999972033,-0.017233462936961663,0.003715359929655207,-0.04336699939990188,0.10885515862897979,0.011826964262869676,0.03818763055364808,0.7109266723074685,0.0001741900744107449,0,0,0.6,NOMINAL,0
turn,20.159999999998366,0.1599999999996271,-0.01598287483860638,0.003607346437922037,-0.043271390106007925,0.11895338016804909,0.0016134969331812845,0.03742519014292832,0.5897486846826782,7.255351960811369e-05,0,0,0.6,NOMINAL,0
turn,20.199999999998273,0.19999999999953388,-0.014023647752075666,0.0019999111545302944,-0.04329583287728132,0.12623365344108264,0.009186932052389062,0.0713940393994062,0.578231899543782,6.469980234329578e-05,0,0,0.6,NOMINAL,0
turn,20.23999999999818,0.23999999999944066,-0.01157415256722753,0.0005032651190899439,-0.04340660231304794,0.13121132024051319,0.01812279132157675,0.06433679932272404,0.7646432013257275,0.00016608268669753145,0,0,0.6,NOMINAL,0
turn,20.279999999998086,0.27999999999934744,-0.009803666881627949,-0.0002104697715248976,-0.04349883226020162,0.13443646637076778,0.02282648958215646,0.02980772750786472,0.8261964528577378,0.0003871660114068542,0,0,0.6,NOMINAL,0
turn,20.319999999997993,0.3199999999992542,-0.009238076566286064,-0.00023542271058315883,-0.04360372798876896,0.1364813631625183,0.02329649747774139,0.004770740335250089,0.7184931175527275,0.00047449860134299234,0,0,0.6,NOMINAL,0
turn,20.3599999999979,0.359999999999161,-0.009467419031121967,0.0003559692686173492,-0.04366712103930839,0.13819078116191713,0.021387116803229897,0.024827272906509323,0.6115441352717225,0.0004766000149664538,0,0,0.6,NOMINAL,0
turn,20.399999999997807,0.39999999999906777,-0.01014188251860815,0.0014111750514788693,-0.04367751905199432,0.14017409981250403,0.01859111787313822,0.03256091835826304,0.5090124302809438,0.00043638406844569405,0,0,0.6,NOMINAL,0
turn,20.439999999997713,0.43999999999897454,-0.010899535923048343,0.0023658110916840464,-0.0436807849776132,0.14231479787600115,0.016169896640183444,0.02660489281507618,0.4917846845282561,0.00031612997294632253,0,0,0.6,NOMINAL,0
turn,20.47999999999762,0.4799999999988813,-0.011426046462018117,0.0029197819335319004,-0.043676736872677764,0.14407489020158123,0.014831802191868951,0.013732812330420216,0.4952881839516408,0.00024100632484460644,0,0,0.6,NOMINAL,0
turn,20.519999999997527,0.5199999999987881,-0.01166114409387917,0.0031115806420083996,-0.04367446267922193,0.14520204139800594,0.01450416059356532,0.0033854423849510673,0.471553346915776,0.0002062938884933041,0,0,0.6,NOMINAL,0
turn,20.559999999997434,0.5599999999986949,-0.01159784704966497,0.0030934423266439203,-0.04367453994385644,0.14603830153672404,0.01486915248882065,0.004511436597672574,0.46584336781390895,0.00020362281818213073,0,0,0.6,NOMINAL,0
turn,20.59999999999734,0.5999999999986017,-0.01139123405078646,0.0029509209771832624,-0.043680073635476366,0.1469995534542089,0.01543709975333897,0.006612943432068803,0.4685724997696506,0.00020843500835660824,0,0,0.6,NOMINAL,0
turn,20.639999999997247,0.6399999999985084,-0.011254905577132058,0.0027879575328316297,-0.04370259620233119,0.14789635295913528,0.015747755544367224,0.0046236829117755444,0.46626977265225816,0.0002169117150532293,0,0,0.6,NOMINAL,0
turn,20.679999999997154,0.6799999999984152,-0.011164237193354428,0.0026874765344247573,-0.04372452084288693,0.1486113902521396,0.01584612690507232,0.0025062826540695896,0.4663534214260722,0.00021902240304666915,0,0,0.6,NOMINAL,0
turn,20.71999999999706,0.719999999998322,-0.01111914125576537,0.0026360001750959225,-0.043742020451972036,0.14923210250935165,0.015819050247423055,0.0011319221015308033,0.46467970759798133,0.0002190064660156296,0,0,0.6,NOMINAL,0
turn,20.759999999996968,0.7599999999982288,-0.011120787481458337,0.0025987141272742196,-0.043757340229351724,0.1498179855715956,0.015730395202441617,0.0009300256116379344,0.4661076377805636,0.0002179074757144913,0,0,0.6,NOMINAL,0
turn,20.799999999996874,0.7999999999981355,-0.01114595233293974,0.00256301691841344,-0.04377138836101956,0.1503922766626871,0.01563365047455738,0.0010819073954194233,0.4678365981222557,0.00021610095779331468,0,0,0.6,NOMINAL,0
turn,20.83999999999678,0.8399999999980423,-0.011176107837293966,0.0025272969349057774,-0.04378502725751543,0.1509619718800508,0.015545600415894005,0.0011471158554695762,0.4675494642836731,0.0002168707556709658,0,0,0.6,NOMINAL,0
turn,20.879999999996688,0.8799999999979491,-0.011207128171096755,0.0024922230609102105,-0.0437989623891538,0.15152724220991065,0.015455634211066589,0.0011800418794273037,0.4657527911225455,0.00021841437651390263,0,0,0.6,NOMINAL,0
turn,20.919999999996595,0.9199999999978559,-0.01123959914134375,0.0024598296308841012,-0.0438134950618354,0.1520847406957175,0.015353514324045563,0.0011649580984715003,0.4631011172122666,0.0002195359142679856,0,0,0.6,NOMINAL,0
turn,20.9599999999965,0.9599999999977626,-0.011274039916584423,0.0024320502830017542,-0.043828405106173925,0.15263056426920646,0.015239795283954853,0.0011142510503635487,0.46091648719716655,0.0002197989393038833,0,0,0.6,NOMINAL,0
turn,20.999999999996408,0.9999999999976694,-0.011310072665219438,0.0024093803687890384,-0.04384326873399202,0.1531635301907269,0.01512250089415355,0.0010517648624824836,0.45986964036169,0.00021977966358183772,0,0,0.6,NOMINAL,0
turn,21.039999999996315,1.0399999999975762,-0.011346602280721893,0.0023909515940585156,-0.04385778524131999,0.15368529452558452,0.015009808435105578,0.0009915339450449125,0.4597505237349968,0.00021926927808332695,0,0,0.6,NOMINAL,0
turn,21.07999999999622,1.079999999997483,-0.011382442816326025,0.002375391596692239,-0.0438718975129776,0.15419918332184257,0.01490485773951919,0.0009356078567901824,0.4598726461640171,0.00021848043856697094,0,0,0.6,NOMINAL,0
turn,21.11999999999613,1.1199999999973898,-0.011416342911334958,0.0023613973799845827,-0.04388580156029387,0.15470727421173097,0.014806059827777631,0.0008806107570267158,0.45963115142870453,0.00021786253046707498,0,0,0.6,NOMINAL,0
turn,21.159999999996035,1.1599999999972965,-0.011447838729190456,0.0023483429625801872,-0.043899711104289224,0.155210049287165,0.01470889869785544,0.0008319341014988578,0.45884981739272396,0.00021758850880219664,0,0,0.6,NOMINAL,0
turn,21.199999999995942,1.1999999999972033,-0.011477140710567418,0.0023362339926927154,-0.04391372471363283,0.1557070146205861,0.014609437189250214,0.0007852264541359724,0.4577090363168032,0.0002175819944733652,0,0,0.6,NOMINAL,0
turn,21.23999999999585,1.23999999999711,-0.011504688921151852,0.002325313635647169,-0.043927802987363686,0.15619750124972095,0.014506550853623807,0.0007381865777179582,0.4565462429005554,0.0002175457859335152,0,0,0.6,NOMINAL,0
turn,21.279999999995756,1.2799999999970169,-0.011530806719137953,0.0023156857221209295,-0.04394182819527445,0.15668128889537447,0.014401816020612778,0.0006903057924618592,0.45561628418175076,0.0002173696688111117,0,0,0.6,NOMINAL,0
turn,21.319999999995662,1.3199999999969236,-0.01155555980756349,0.00230717589059882,-0.04395568906476703,0.15715872853626534,0.014297910586256488,0.0006428848541405321,0.4549777352115501,0.0002169868608976985,0,0,0.6,NOMINAL,0
turn,21.35999999999557,1.3599999999968304,-0.011578858895666497,0.0022994233471806337,-0.043969336944949526,0.1576304752647916,0.014196840495740201,0.0005987664992943378,0.45451993490574366,0.0002164782772245688,0,0,0.6,NOMINAL,0
turn,21.399999999995476,1.3999999999967372,-0.011600638060086071,0.002292074648629424,-0.04398278918614691,0.1580971066064657,0.014099078668895568,0.0005606933441709097,0.4540826027454376,0.00021596686772064046,0,0,0.6,NOMINAL,0
turn,21.439999999995383,1.439999999996644,-0.011620942717221625,0.002284934438806607,-0.04399609522647793,0.15855889383068927,0.014003857612285155,0.000528718518417638,0.4535572841158782,0.00021553787127398858,0,0,0.6,NOMINAL,0
turn,21.47999999999529,1.4799999999965507,-0.011639975272447822,0.0022779838270791364,-0.04400929614016578,0.1590158045057949,0.013909967408060126,0.0005032329923158542,0.45293296302763214,0.00021520638294031974,0,0,0.6,NOMINAL,0
turn,21.519999999995196,1.5199999999964575,-0.011658151239521226,0.0022712230776372765,-0.04402237446886287,0.15946733804219113,0.013816488146283125,0.0004882871817760042,0.4522617971971461,0.0002149306911509943,0,0,0.6,NOMINAL,0
turn,21.559999999995103,1.5599999999963643,-0.011675768080740981,0.0022648167732092746,-0.04403533473614435,0.15991318357746692,0.013723356442949555,0.0004724832136046739,0.4516213895671514,0.00021464067011959864,0,0,0.6,NOMINAL,0
turn,21.59999999999501,1.599999999996271,-0.011692909032565632,0.0022588872792034176,-0.0440481582273016,0.16035327529623117,0.013631152037415198,0.000455698599795509,0.45106156206692183,0.0002143200318352234,0,0,0.6,NOMINAL,0
turn,21.639999999994917,1.6399999999961778,-0.01170952934297434,0.0022534013026614167,-0.04406083540016586,0.16078772888886364,0.013540527410282235,0.0004383006943659108,0.45057358110721063,0.0002139699268702609,0,0,0.6,NOMINAL,0
turn,21.679999999994823,1.6799999999960846,-0.011725582109864538,0.0022482619413055523,-0.04407337391649748,0.16121674025880492,0.013451712634646689,0.00042234062939629035,0.4501147721948135,0.00021362048368215033,0,0,0.6,NOMINAL,0
turn,21.71999999999473,1.7199999999959914,-0.011741048761549472,0.002243396878925863,-0.04408579197655067,0.16164044485658435,0.013364484320082923,0.0004076421965148767,0.4496422111589524,0.00021329831549468968,0,0,0.6,NOMINAL,0
turn,21.759999999994637,1.7599999999958982,-0.011755974232401477,0.002238782110839127,-0.044098108243239086,0.16205887976266226,0.013278358718304267,0.00039509059485766845,0.4491403909458331,0.00021301352231201635,0,0,0.6,NOMINAL,0
turn,21.799999999994544,1.799999999995805,-0.011770427537714522,0.0022344318613477937,-0.044110333419345574,0.16247202949970851,0.013192913614248533,0.00038360814486413183,0.4486164173926539,0.00021275562673277426,0,0,0.6,NOMINAL,0
turn,21.83999999999445,1.8399999999957117,-0.011784463682097535,0.0022303765258225396,-0.04412246768061677,0.16287988302853065,0.013107973759054975,0.0003724141117356913,0.44809010122854437,0.000212507414893869,0,0,0.6,NOMINAL,0
turn,21.879999999994357,1.8799999999956185,-0.011798093443645657,0.002226631680567653,-0.044134504186511776,0.1632824681441109,0.013023630952356598,0.0003605006759589494,0.4475803177150166,0.00021225445115991917,0,0,0.6,NOMINAL,0
turn,21.919999999994264,1.9199999999955253,-0.011811311776190995,0.0022231864761603874,-0.04414643596283975,0.16367985875841762,0.012940080230667558,0.000348480240464451,0.4470929520258906,0.00021199211311592753,0,0,0.6,NOMINAL,0
turn,21.95999999999417,1.959999999995432,-0.011824102354324547,0.0022200096502931655,-0.04415826000801272,0.1640721511945787,0.012857488659067719,0.00033638188512239906,0.44662512572785257,0.00021172378996624783,0,0,0.6,NOMINAL,0
turn,21.999999999994078,1.9999999999953388,-0.011836502234284441,0.002217044658671183,-0.044169979299259844,0.16445944430577428,0.012775846278876733,0.00032653257254827706,0.4461699085867983,0.00021145769090698897,0,0,0.6,NOMINAL,0
turn,22.039999999993984,2.0399999999952456,-0.01184857538533954,0.0022142485420896044,-0.04418160015320666,0.16484182118749638,0.012695013984160087,0.00031865216784109416,0.4457145506725992,0.0002111986168701514,0,0,0.6,NOMINAL,0
turn,22.07999999999389,2.0799999999951524,-0.011860378729884796,0.0022115986247847057,-0.04419312816019584,0.16521933697442096,0.012614838087559222,0.00031221202682879816,0.44525986078383445,0.000210949319520349,0,0,0.6,NOMINAL,0
turn,22.119999999993798,2.119999999995059,-0.011871965663643675,0.0022090880838940277,-0.044204566108709875,0.16559202733297634,0.012535208262938307,0.00030690509526472645,0.4448092947641537,0.0002107075670481305,0,0,0.6,NOMINAL,0
turn,22.159999999993705,2.159999999994966,-0.011883369389307825,0.0022067131991955692,-0.0442159137970297,0.1659599345542087,0.012456114450463872,0.000301945876442506,0.4443683169956251,0.00021046853328742467,0,0,0.6,NOMINAL,0
turn,22.19999999999361,2.1999999999948727,-0.011894586020629974,0.002204469067710751,-0.04422716751697302,0.1663231134225211,0.012377676132682973,0.00029632625037608035,0.44393947656385263,0.0002102289700839344,0,0,0.6,NOMINAL,0
turn,22.23999999999352,2.2399999999947795,-0.01190561426390755,0.0022023435339038723,-0.04423832348759861,0.1666816388654854,0.012300048427724758,0.00029080348120792004,0.4435262058936946,0.0002099872417229553,0,0,0.6,NOMINAL,0
turn,22.279999999993425,2.2799999999946863,-0.011916455941406657,0.00220031315560705,-0.04424937906478921,0.167035592566689,0.012223365230650715,0.00028545395264506924,0.4431331899286109,0.00020974390628039093,0,0,0.6,NOMINAL,0
turn,22.319999999993332,2.319999999994593,-0.011927097764578024,0.002198356741335025,-0.044260333884826024,0.16738505485132002,0.012147731905648742,0.0002798209936270347,0.44275342057436956,0.0002095022810334314,0,0,0.6,NOMINAL,0
turn,22.35999999999324,2.3599999999945,-0.011937535914066223,0.0021964554916584175,-0.044271188902792524,0.16773009372197437,0.012073186687492101,0.0002745102879244117,0.4423876986618509,0.0002092662434605103,0,0,0.6,NOMINAL,0
turn,22.399999999993145,2.3999999999944066,-0.011947787192335328,0.002194595524487137,-0.04428194635025028,0.16807076607343333,0.011999696849950598,0.0002698808927613285,0.44203294990674236,0.00020903674553432864,0,0,0.6,NOMINAL,0
turn,22.439999999993052,2.4399999999943134,-0.011957860557014373,0.002192769853478832,-0.044292607927538655,0.1684071243783729,0.01192722536065445,0.00026536276160869305,0.4416887152245641,0.00020881368285426082,0,0,0.6,NOMINAL,0
turn,22.47999999999296,2.47999999999422,-0.011967776261063618,0.0021909748540291825,-0.044303175019793986,0.16873921767662647,0.011855720945304248,0.000261502476243583,0.44135590073793224,0.00020859656722858525,0,0,0.6,NOMINAL,0
turn,22.519999999992866,2.519999999994127,-0.011977543550694924,0.002189206967074966,-0.04431364796802817,0.1690670960325045,0.011785160780852271,0.00025761077022307886,0.44103559559355826,0.00020838339029174657,0,0,0.6,NOMINAL,0
turn,22.559999999992773,2.5599999999940337,-0.011987157705488997,0.002187463772752054,-0.044324026980419005,0.16939081169983727,0.011715551081577262,0.00025353548922770635,0.4407272409377878,0.00020817357655615514,0,0,0.6,NOMINAL,0
turn,22.59999999999268,2.5999999999939405,-0.011996629729004173,0.00218573907587436,-0.0443343124628593,0.16971041892805525,0.011646872906465221,0.0002499577265964066,0.4404319829675188,0.0002079669881341574,0,0,0.6,NOMINAL,0
turn,22.639999999992586,2.6399999999938473,-0.012005967784691055,0.0021840255601036688,-0.044344505172794306,0.1700259705905367,0.011579106148322683,0.0002464881599550129,0.4401477891265671,0.00020776320880225237,0,0,0.6,NOMINAL,0
turn,22.679999999992493,2.679999999993754,-0.012015156703792822,0.0021823221558940815,-0.04435460550795019,0.17033751801141273,0.011512259883730653,0.00024248299201936555,0.4398753323549513,0.00020756293445396747,0,0,0.6,NOMINAL,0
turn,22.7199999999924,2.719999999993661,-0.012024210398613086,0.00218062331854845,-0.044364614304849184,0.17064511089631745,0.011446298994820915,0.00023924560537173963,0.43961296973930564,0.0002073668662692139,0,0,0.6,NOMINAL,0
turn,22.759999999992306,2.7599999999935676,-0.012033134646530079,0.002178926015505825,-0.04437453231338933,0.1709488008742538,0.01138120062303923,0.00023588864225003588,0.4393607927602294,0.00020717345330903,0,0,0.6,NOMINAL,0
turn,22.799999999992213,2.7999999999934744,-0.01204192417686835,0.0021772304967854024,-0.044384359776914545,0.1712486334288538,0.011316961509338508,0.0002323952309731876,0.43911867642834895,0.00020698355801401146,0,0,0.6,NOMINAL,0
turn,22.83999999999212,2.839999999993381,-0.012050584843179193,0.0021755356433643467,-0.04439409677542104,0.1715446546344901,0.011253567463261649,0.00022915873935993407,0.4388878910792185,0.00020679668406242894,0,0,0.6,NOMINAL,0
turn,22.879999999992027,2.879999999993288,-0.012059110389878022,0.0021738406878809907,-0.044403743300744924,0.1718369126997537,0.011191025880246645,0.0002255842814986402,0.43866715525422667,0.00020661221221902957,0,0,0.6,NOMINAL,0
turn,22.919999999991933,2.9199999999931947,-0.012067501751910296,0.0021721459137808838,-0.044413299717706786,0.17212545404811969,0.011129329332278396,0.00022221800717263964,0.43845701288951416,0.00020643076827215606,0,0,0.6,NOMINAL,0
turn,22.95999999999184,2.9599999999931015,-0.012075767378150646,0.0021704477909174264,-0.04442276668909846,0.17241032763133055,0.011068456390751798,0.00021908133802148102,0.4382560363489207,0.00020625211791633114,0,0,0.6,NOMINAL,0
turn,22.999999999991747,2.9999999999930083,-0.01208390750905771,0.0021687471782572496,-0.04443214456173401,0.17269157915836003,0.011008397385509766,0.00021586370122749732,0.4380637190921093,0.00020607641008194287,0,0,0.6,NOMINAL,0
turn,23.039999999991654,3.039999999992915,-0.012091921807490929,0.0021670445674293634,-0.044441433557069726,0.17296925162571902,0.010949145224213521,0.0002126675741803614,0.43788140723714614,0.00020590379617064673,0,0,0.6,NOMINAL,0
turn,23.07999999999156,3.079999999992822,-0.012099815539809808,0.0021653402957595813,-0.04445063415295405,0.1732433921415846,0.010890686524764768,0.00020964028408567567,0.437707076287692,0.00020573394272177683,0,0,0.6,NOMINAL,0
turn,23.119999999991467,3.1199999999927286,-0.012107587673642093,0.002163635071263328,-0.04445974657714178,0.17351404354395497,0.010833019214194084,0.00020648913510411794,0.4375411307251061,0.00020556674504929994,0,0,0.6,NOMINAL,0
turn,23.159999999991374,3.1599999999926354,-0.012115235467337884,0.0021619294402797215,-0.044468770932696015,0.17378124889140192,0.010776144559636517,0.00020330189316659548,0.43738399491612995,0.00020540223964404846,0,0,0.6,NOMINAL,0
turn,23.19999999999128,3.199999999992542,-0.012122766977383249,0.0021602207345766816,-0.0444777078995152,0.17404505321733524,0.010720045351446146,0.00020044233028910103,0.43723537253944084,0.00020524040313966963,0,0,0.6,NOMINAL,0
turn,23.239999999991188,3.239999999992449,-0.012130183603035269,0.0021585097805567168,-0.0444865578591809,0.17430549978469143,0.010664711774217345,0.0001974932774472673,0.43709407982063514,0.00020508110858526296,0,0,0.6,NOMINAL,0
turn,23.279999999991094,3.2799999999923557,-0.012137481862852371,0.002156798847268513,-0.04449532137480688,0.174562631345394,0.010610142044467618,0.00019444778400214713,0.43695918311935195,0.0002049247486574202,0,0,0.6,NOMINAL,0
turn,23.319999999991,3.3199999999922625,-0.012144667088147256,0.002155087463737555,-0.044503998676502336,0.17481648529534946,0.010556325442125267,0.00019161525423624497,0.4368325173371022,0.00020477126516089297,0,0,0.6,NOMINAL,0
turn,23.359999999990908,3.3599999999921693,-0.012151743039183253,0.0021533748867721804,-0.04451259031518689,0.17506710210054396,0.01050325257027316,0.0001888505596035783,0.43671437930640084,0.0002046197929073104,0,0,0.6,NOMINAL,0
turn,23.399999999990815,3.399999999992076,-0.012158710769987435,0.002151661434348458,-0.04452109681492693,0.17531452268357142,0.010450915554482557,0.00018607102713815528,0.4366022398483261,0.00020447097467277475,0,0,0.6,NOMINAL,0
turn,23.43999999999072,3.439999999991983,-0.01216556294492194,0.0021499497193440227,-0.044529518224474145,0.17555878476606548,0.010399318808237258,0.0001830628451864731,0.43649870718897504,0.00020432478459797982,0,0,0.6,NOMINAL,0
turn,23.47999999999063,3.4799999999918896,-0.012172316812683182,0.0021482364112690856,-0.044537855541538815,0.17579993098039254,0.010348429580178137,0.00018076524647951087,0.43640024578807696,0.00020418137044813433,0,0,0.6,NOMINAL,0
turn,23.519999999990535,3.5199999999917964,-0.012178968648565526,0.002146523888961864,-0.044546109202836935,0.17603799949711157,0.010298245000566168,0.00017802527887730548,0.43630863524658886,0.00020403998898249693,0,0,0.6,NOMINAL,0
turn,23.559999999990442,3.559999999991703,-0.012185507095383033,0.002144815615157383,-0.04455427914063753,0.17627302329876432,0.010248772762368902,0.00017509196704938823,0.43622461194127005,0.00020390160587093346,0,0,0.6,NOMINAL,0
turn,23.59999999999035,3.59999999999161,-0.012191951029825185,0.002143109813543253,-0.044562366568654053,0.17650504523977045,0.010199973667564569,0.00017290820650381477,0.43614490326223726,0.00020376579621318573,0,0,0.6,NOMINAL,0
turn,23.639999999990255,3.6399999999915167,-0.012198293079728334,0.002141409435517166,-0.04457037180686639,0.17673410074200668,0.010151849556431402,0.00017009978266259267,0.4360710679558643,0.00020363201512107687,0,0,0.6,NOMINAL,0
turn,23.679999999990162,3.6799999999914235,-0.012204537122371115,0.002139716046086459,-0.044578295214414414,0.1769602267271086,0.010104389258053815,0.00016770893821826363,0.4360038090837326,0.00020350102063366714,0,0,0.6,NOMINAL,0
turn,23.71999999999007,3.7199999999913302,-0.012210689022557173,0.002138029867326571,-0.044586137292241805,0.17718346071468194,0.01005757902536986,0.0001653129477841119,0.4359418810538496,0.00020337184391053657,0,0,0.6,NOMINAL,0
turn,23.759999999989976,3.759999999991237,-0.012216741627318502,0.002136353005620729,-0.04459389797410438,0.17740383696124012,0.010011426334829786,0.00016266144247894268,0.4358858473686312,0.00020324481276836825,0,0,0.6,NOMINAL,0
turn,23.799999999989883,3.799999999991144,-0.012222697243068866,0.002134685142291908,-0.04460157834880156,0.17762139410412134,0.009965920795845063,0.00016022304532749103,0.43583481849621714,0.0002031200497048808,0,0,0.6,NOMINAL,0
turn,23.83999999998979,3.8399999999910506,-0.012228556205227031,0.002133028214904132,-0.044609178671153216,0.1778361667848742,0.009921051860248262,0.00015770683523983362,0.43578924445074446,0.00020299758606705622,0,0,0.6,NOMINAL,0
turn,23.879999999989696,3.8799999999909573,-0.012234323308335427,0.002131382585706822,-0.04461669991176271,0.17804819292427365,0.009876802197818963,0.00015539746171689753,0.43574783508768533,0.0002028774090040343,0,0,0.6,NOMINAL,0
turn,23.919999999989603,3.919999999990864,-0.012239996377339139,0.00212975049635163,-0.044624142509518065,0.17825750402469506,0.009833164027528273,0.00015291059684550645,0.4357116623665307,0.0002027594917630261,0,0,0.6,NOMINAL,0
turn,23.95999999998951,3.959999999990771,-0.012245579902145202,0.0021281337300781055,-0.04463150725471619,0.17846413661736577,0.009790122019101295,0.00015063208816965768,0.4356784917232574,0.00020264376560598125,0,0,0.6,NOMINAL,0
turn,23.999999999989416,3.9999999999906777,-0.012251078316133628,0.002126533515224985,-0.04463879453509191,0.17866812659440318,0.009747663569648924,0.0001484014576995689,0.4356506160399036,0.00020252997533501402,0,0,0.6,NOMINAL,0
turn,24.039999999989323,4.0399999999905845,-0.012256485704313876,0.0021249522475830724,-0.04464600448418133,0.17886950776027338,0.009705794196069427,0.00014591563693485966,0.43562761800770433,0.00020241798010948932,0,0,0.6,NOMINAL,0
turn,24.07999999998923,4.079999999990491,-0.012261811819950487,0.0021233891423202314,-0.044653137847443576,0.17906831573837798,0.009664494964746648,0.00014388499289533392,0.4356088183146105,0.00020230797651510455,0,0,0.6,NOMINAL,0
turn,24.119999999989137,4.119999999990398,-0.012267053814475778,0.002121845356227886,-0.04466019498786219,0.1792645833685997,0.009623764684927736,0.00014154674457439836,0.43559431150543754,0.00020219946246907187,0,0,0.6,NOMINAL,0
turn,24.159999999989044,4.159999999990305,-0.012272203685862211,0.002120322988335906,-0.044667176388574314,0.1794583471256156,0.009583608369956401,0.000139080521763213,0.4355830311874403,0.0002020931267039268,0,0,0.6,NOMINAL,0
turn,24.19999999998895,4.199999999990212,-0.012277266589446353,0.0021188217515662583,-0.044674083012141916,0.17964963834054057,0.009544006625798273,0.00013686819704716779,0.43557594617376744,0.00020198905348705592,0,0,0.6,NOMINAL,0
turn,24.239999999988857,4.239999999990118,-0.012282255166592933,0.002117340910748269,-0.044680915593185384,0.1798384886309045,0.009504929769142694,0.00013498278134215112,0.43557192325579597,0.00020188675219547076,0,0,0.6,NOMINAL,0
turn,24.279999999988764,4.279999999990025,-0.01228717069643883,0.002115882424128969,-0.044687674858314576,0.180024932737658,0.009466368850357992,0.0001329643477664156,0.4355708347057981,0.0002017860386746746,0,0,0.6,NOMINAL,0
turn,24.31999999998867,4.319999999989932,-0.012291999307891792,0.0021144506833303644,-0.04469436056608973,0.18020900138068677,0.009428341966787655,0.00013047754171364607,0.4355730723203708,0.00020168730046115125,0,0,0.6,NOMINAL,0
turn,24.359999999988577,4.359999999989839,-0.012296752254222552,0.0021130433306440185,-0.04470097384660324,0.18039072683179425,0.009390830813879928,0.00012859836606454833,0.4355784136732673,0.00020159033449520332,0,0,0.6,NOMINAL,0
turn,24.399999999988484,4.3999999999897454,-0.012301417783840857,0.002111663899869727,-0.04470751457855305,0.180570137859984,0.009353846622651464,0.00012606137431723399,0.43558886856170465,0.00020149438002107855,0,0,0.6,NOMINAL,0
turn,24.43999999998839,4.439999999989652,-0.012306011409015404,0.002110309824627962,-0.04471398373189706,0.18074726886553397,0.009317358218635795,0.00012436125013427405,0.4356014926602758,0.00020140074402257227,0,0,0.6,NOMINAL,0
turn,24.479999999988298,4.479999999989559,-0.01231053206085467,0.002108980615133211,-0.04472038218174751,0.18092215027610598,0.009281360855892403,0.0001222350593835364,0.43561524791735046,0.0002013082624818972,0,0,0.6,NOMINAL,0
turn,24.519999999988205,4.519999999989466,-0.012314976779789075,0.00210768023111769,-0.04472671020725878,0.18109481178946543,0.009245852701205618,0.0001202043831905596,0.43563305438661176,0.0002012177993803591,0,0,0.6,NOMINAL,0
turn,24.55999999998811,4.5599999999893726,-0.012319345737630412,0.0021064082949393682,-0.04473296842706216,0.18126528340293502,0.00921082739428796,0.00011811765350883931,0.4356531854428339,0.00020112894937012759,0,0,0.6,NOMINAL,0
turn,24.599999999988018,4.599999999989279,-0.012323644535073548,0.002105164531177113,-0.0447391575536279,0.18143359375354476,0.009176271853054875,0.00011625878765040109,0.43567545188371315,0.00020104166258335646,0,0,0.6,NOMINAL,0
turn,24.639999999987925,4.639999999989186,-0.01232787455307787,0.0021039498803768126,-0.04474527796098433,0.1815997702054891,0.00914217893895436,0.00011434651938308802,0.4357013570505764,0.0002009556363008292,0,0,0.6,NOMINAL,0
turn,24.67999999998783,4.679999999989093,-0.012332030931983708,0.0021027659122869195,-0.04475133016673873,0.18176384481486585,0.00910855143484747,0.00011227148944047068,0.4357284719976966,0.00020087116481803783,0,0,0.6,NOMINAL,0
turn,24.71999999998774,4.719999999989,-0.012336121310393314,0.0021016122614222334,-0.04475731502605111,0.1819258452491257,0.009075371836416176,0.00011055179568478719,0.43575808071660704,0.0002007884516606769,0,0,0.6,NOMINAL,0
turn,24.759999999987645,4.759999999988906,-0.012340104008769958,0.0021004991062546605,-0.044763232046135124,0.18208580125805549,0.00904269821287697,0.00010298048639227585,0.435789430536812,0.00020070690560678196,0,0,0.6,NOMINAL,0
turn,24.799999999987552,4.799999999988813,-0.01234358785593223,0.0020995140814590173,-0.044769073950988406,0.18224377978730127,0.009011137721184765,8.629237125355808e-05,0.4358294940284198,0.0002006301690784778,0,0,0.6,NOMINAL,0
turn,24.83999999998746,4.83999999998872,-0.012346780096099661,0.0020985726554159085,-0.04477485684372989,0.1824000601733862,0.008980357008570214,8.402828418937374e-05,0.4358952134955693,0.00020056379784787458,0,0,0.6,NOMINAL,0
turn,24.879999999987366,4.879999999988627,-0.012349940416220841,0.002097582526135438,-0.044780593914880436,0.18255489701417782,0.00894987585139756,8.436576762799708e-05,0.4359618241514775,0.00020049463907173976,0,0,0.6,NOMINAL,0
turn,24.919999999987272,4.9199999999885335,-0.01235308784813811,0.0020965462896781815,-0.044786284785699924,0.18270835950804581,0.008919636220160237,8.425253569815265e-05,0.4360338789148576,0.00020042917140878646,0,0,0.6,NOMINAL,0
turn,24.95999999998718,4.95999999998844,-0.01235621170498019,0.002095474475843856,-0.04479192586293679,0.18286049457420167,0.008889712702439208,8.364783841650049e-05,0.4361179559729116,0.0002003628762821912,0,0,0.6,NOMINAL,0
turn,24.999999999987086,4.999999999988347,-0.012359300092946354,0.002094368122411678,-0.04479751412568415,0.18301134849193298,0.00886020968874745,8.279071246699486e-05,0.4362154623165615,0.00020029199479225013,0,0,0.6,NOMINAL,0
stop,25.039999999986993,0.03999999999990678,-0.01359537510113468,0.0038543358252776773,-0.04480803967558672,0.17153746204773818,0.007488786665643259,0.056004580315745664,0.6582241051053864,0.00035697943166239246,0,0,0,NOMINAL,0
stop,25.0799999999869,0.07999999999981355,-0.01383121391105544,0.004551700089718504,-0.04450119574627059,0.15900147739897164,0.008656128321094886,0.010015266665714352,0.5518847797647626,0.0004058308840711535,0,0,0,NOMINAL,0
stop,25.119999999986806,0.11999999999972033,-0.01406968077589611,0.003604774774499732,-0.04434008703920853,0.14938679577104008,0.009340221641377832,0.029923172672436587,0.4166883390312956,0.0003450765354370762,0,0,0,NOMINAL,0
stop,25.159999999986713,0.1599999999996271,-0.014119908418489069,0.002892396268997521,-0.04425778561874128,0.14167404561821653,0.01002110851115081,0.011329604314532797,0.4631957108154965,0.00021400439597492357,0,0,0,NOMINAL,0
stop,25.19999999998662,0.19999999999953388,-0.014264391383031903,0.0025388734142833816,-0.04421426706106398,0.13562637895329896,0.009856971898371899,0.009395878142196452,0.4847302319492473,0.00027033975015629816,0,0,0,NOMINAL,0
stop,25.239999999986527,0.23999999999944066,-0.014536632228705023,0.002390815858165655,-0.044194313361709654,0.13081938066419882,0.008844180768147851,0.008342107427857487,0.4917170670629108,0.0003215541371691262,0,0,0,NOMINAL,0
stop,25.279999999986433,0.27999999999934744,-0.014908598436059689,0.0024404551065028055,-0.04417008865171801,0.12697599635937193,0.007361667913646525,0.011186635020758312,0.4833276606377344,0.0003300152314244547,0,0,0,NOMINAL,0
stop,25.31999999998634,0.3199999999992542,-0.015343446733523704,0.0025841763663822276,-0.044136035798737316,0.12400264163651466,0.0058045120728816985,0.012048083475944134,0.46943947197468733,0.00032256060480652366,0,0,0,NOMINAL,0
stop,25.359999999986247,0.359999999999161,-0.015752965640080035,0.0026907076849804947,-0.04410117751410008,0.12167168621334107,0.004546330954619833,0.009100488725828658,0.5001762337313282,0.00028363051618652884,0,0,0,NOMINAL,0
stop,25.399999999986154,0.39999999999906777,-0.016052635996728612,0.0027145106845568143,-0.044068811907126096,0.11979052527397789,0.0037880315251120245,0.005718442514566045,0.5043250708139272,0.0002469493362791942,0,0,0,NOMINAL,0
stop,25.43999999998606,0.43999999999897454,-0.016245957783763715,0.0026546552302946272,-0.044042076045759035,0.11825911967331948,0.003457687184990074,0.004013039479760503,0.4858062940210857,0.00022105768637556398,0,0,0,NOMINAL,0
stop,25.479999999985967,0.4799999999988813,-0.01636039070000063,0.0025525478293742286,-0.04402113370461537,0.11701091654904638,0.003389351267317903,0.003296284854968332,0.467917381003739,0.0002067871152385731,0,0,0,NOMINAL,0
stop,25.519999999985874,0.5199999999987881,-0.016439094485237955,0.0024573749726672068,-0.044004152315687134,0.11598217341731547,0.003391780683191585,0.0027994333495043504,0.47263938660682747,0.0002022610721772815,0,0,0,NOMINAL,0
stop,25.55999999998578,0.5599999999986949,-0.016515005321182157,0.002386412282388667,-0.043991100047141844,0.11511905817717806,0.0033286139296706445,0.002550541279085657,0.47635054091976864,0.00020358938868774294,0,0,0,NOMINAL,0
stop,25.599999999985688,0.5999999999986017,-0.016594656526069167,0.002341348131429828,-0.04398047801400464,0.11434729607536204,0.0031707834768043165,0.0023425680479098247,0.47834088691954807,0.0002036251554490404,0,0,0,NOMINAL,0
stop,25.639999999985594,0.6399999999985084,-0.01666404165150445,0.002321113578723708,-0.04397075543833092,0.11363738899243027,0.0029712533309316836,0.0017325612974043124,0.4782196714949844,0.00020280968715557783,0,0,0,NOMINAL,0
stop,25.6799999999855,0.6799999999984152,-0.016716108984765835,0.002319833071346836,-0.04396090291893262,0.112975376462474,0.002785732592705528,0.0012158054338484692,0.47692232738473567,0.0002004293609300196,0,0,0,NOMINAL,0
stop,25.719999999985408,0.719999999998322,-0.016751326268241416,0.002327229854479646,-0.04395040671123178,0.11234066754325513,0.0026463029957184987,0.0007789822359456561,0.47534503851393944,0.00019635217963599662,0,0,0,NOMINAL,0
stop,25.759999999985315,0.7599999999982288,-0.01677361155987288,0.002337886219202737,-0.04393930180394087,0.11172885402335582,0.0025599896280157565,0.0005157668199284167,0.4742126228846049,0.00019195383320011873,0,0,0,NOMINAL,0
stop,25.79999999998522,0.7999999999981355,-0.016786984823036522,0.0023485572728419494,-0.043927908604931024,0.1111387686590501,0.0025165854382408217,0.0003539209507058351,0.47369187811202934,0.00018854786485515365,0,0,0,NOMINAL,0
stop,25.839999999985128,0.8399999999980423,-0.016794416574075426,0.002358219882784295,-0.04391658285426701,0.11057022222280163,0.0024994745452673493,0.0002651980709959222,0.47356358979883767,0.00018663489031587994,0,0,0,NOMINAL,0
stop,25.879999999985035,0.8799999999979491,-0.01679855711921365,0.002366662187730072,-0.043905578063643994,0.11002190169473795,0.0024924245579342153,0.00022070497541658445,0.4735296045870266,0.00018596441415565608,0,0,0,NOMINAL,0
stop,25.91999999998494,0.9199999999978559,-0.01680152634181598,0.002374024225624809,-0.043894994089989633,0.10949214730547029,0.002484404589189373,0.0002014888174396867,0.4734017309066803,0.0001861654099928051,0,0,0,NOMINAL,0
stop,25.95999999998485,0.9599999999977626,-0.0168044941690065,0.0023804782931344413,-0.04388480735503624,0.10897955344774496,0.0024709844854013934,0.00019122403357302604,0.47313037346746184,0.00018630880842004715,0,0,0,NOMINAL,0
stop,25.999999999984755,0.9999999999976694,-0.01680763859562208,0.0023860835467751427,-0.04387493764223123,0.10848313230532441,0.0024528702254502832,0.00017483199287563755,0.4727488869422449,0.00018632769371818448,0,0,0,NOMINAL,0
stop,26.039999999984662,1.0399999999975762,-0.016810622464000727,0.0023907722156464796,-0.043865308284695266,0.10800222539732765,0.002433003783247327,0.00014710841869813914,0.4723155884948897,0.00018624837672137797,0,0,0,NOMINAL,0
stop,26.07999999998457,1.079999999997483,-0.016813085655765232,0.002394429795244152,-0.043855875881039376,0.1075363261796447,0.0024141383198652937,0.00011242151450070022,0.4718801388724962,0.00018607709074864673,0,0,0,NOMINAL,0
stop,26.119999999984476,1.1199999999973898,-0.016814900018734473,0.0023969889554480597,-0.04384663158115923,0.10708493520225017,0.002397690162204277,7.891963508484324e-05,0.4714681971759295,0.00018585185019578585,0,0,0,NOMINAL,0
stop,26.159999999984382,1.1599999999972965,-0.01681617379063602,0.00239848980986724,-0.04383758683246295,0.10664748071147928,0.002383749086820866,5.4237966483443084e-05,0.47108338930413557,0.00018563845170618712,0,0,0,NOMINAL,0
stop,26.19999999998429,1.1999999999972033,-0.016817149796509025,0.002399062744807064,-0.04382875688854864,0.10622332682200397,0.002371631308326827,4.4587668742347386e-05,0.47071398914280577,0.0001854701826139741,0,0,0,NOMINAL,0
stop,26.239999999984196,1.23999999999711,-0.01681809022123183,0.0023988896578361237,-0.043820151241946693,0.1058118171338428,0.0023604802086841874,4.8845177311971804e-05,0.4703479683146037,0.00018534959371105993,0,0,0,NOMINAL,0
stop,26.279999999984103,1.2799999999970169,-0.016819188443992168,0.0023981669640945093,-0.04381177081250677,0.1054123094952766,0.0023496662495538635,5.8232160192022795e-05,0.46997759102853126,0.0001852625634095216,0,0,0,NOMINAL,0
stop,26.31999999998401,1.3199999999969236,-0.016820500088927215,0.0023970795896994302,-0.04380360892484174,0.10502420820185548,0.0023389759139057914,6.590223091953979e-05,0.4695990256122737,0.0001851920227951313,0,0,0,NOMINAL,0
stop,26.359999999983916,1.3599999999968304,-0.016822009598753063,0.002395778644660902,-0.043795656321556325,0.10464697195696328,0.0023284549787290915,7.109326633929948e-05,0.4692128144933459,0.0001851273655165713,0,0,0,NOMINAL,0
stop,26.399999999983823,1.3999999999967372,-0.016823650155648455,0.0023943837163661465,-0.043787903221272614,0.10428010611458616,0.0023182818787433794,7.298352508428398e-05,0.4688199958359085,0.00018506270331110014,0,0,0,NOMINAL,0
stop,26.43999999998373,1.439999999996644,-0.016825355866395164,0.002392982576920607,-0.04378034146538022,0.10392316000214694,0.002308616454932578,7.276790798901604e-05,0.46842204790368114,0.00018499896538411723,0,0,0,NOMINAL,0
stop,26.479999999983637,1.4799999999965507,-0.016827071811655644,0.0023916441454795148,-0.043772964617880675,0.1035757092712785,0.0022995515163636744,7.071878690066283e-05,0.46802714940308765,0.00018493785134935772,0,0,0,NOMINAL,0
stop,26.519999999983543,1.5199999999964575,-0.016828761562889417,0.002390420454345735,-0.04376576721487711,0.10323735799186415,0.0022911041307428414,6.766469509361176e-05,0.46762960959811856,0.00018488160041489174,0,0,0,NOMINAL,0
stop,26.55999999998345,1.5599999999963643,-0.01683039984124636,0.0023893536862913587,-0.043758743939454656,0.102907728329725,0.0022832496488878534,6.378067636538243e-05,0.46722555050029935,0.00018483093999093102,0,0,0,NOMINAL,0
stop,26.599999999983357,1.599999999996271,-0.016831967834815664,0.0023884777369915285,-0.043751889358553224,0.10258646212954955,0.0022759518657969506,5.939202121154608e-05,0.46681431507841314,0.00018478536584587267,0,0,0,NOMINAL,0
stop,26.639999999983264,1.6399999999961778,-0.01683344938571308,0.002387817024273529,-0.043745197854012034,0.10227322066016936,0.002269183926536501,5.468528935959954e-05,0.46639542326161815,0.00018474371607907398,0,0,0,NOMINAL,0
stop,26.67999999998317,1.6799999999960846,-0.016834826872820962,0.00238738909685599,-0.0437386636526866,0.1019676827830592,0.0022629360069066355,4.980999769870257e-05,0.46596814447834295,0.00018470477416675747,0,0,0,NOMINAL,0
stop,26.719999999983077,1.7199999999959914,-0.016836087947154865,0.0023872046654203212,-0.04373228117546419,0.10166954848432129,0.0022572015621503344,4.517419874195528e-05,0.46553370291762425,0.00018466798595708305,0,0,0,NOMINAL,0
stop,26.759999999982984,1.7599999999958982,-0.016837225308224298,0.002387268619652424,-0.04372604484109273,0.10137853544492129,0.002251974166397644,4.1136304644501385e-05,0.4650914487842462,0.0001846329799517302,0,0,0,NOMINAL,0
stop,26.79999999998289,1.799999999995805,-0.016838226479639545,0.0023875826022457442,-0.04371994927910598,0.10109437343977377,0.0022472587117738814,3.770799647630662e-05,0.46464124127640766,0.00018459971227295622,0,0,0,NOMINAL,0
stop,26.839999999982798,1.8399999999957117,-0.016839091428213836,0.0023881445536948834,-0.043713989729852014,0.1008168091285839,0.0022430392099511793,3.5705021298280317e-05,0.4641850270388544,0.00018456855714715952,0,0,0,NOMINAL,0
stop,26.879999999982704,1.8799999999956185,-0.01683982741023615,0.002388948472067872,-0.043708161567781165,0.10054560139687296,0.0022392855641285635,3.519324859155037e-05,0.4637219253114327,0.00018453942363678768,0,0,0,NOMINAL,0
stop,26.91999999998261,1.9199999999955253,-0.016840428053570566,0.002389988719412492,-0.04370246022606321,0.10028051783206726,0.0022359896834729283,3.5767519726303544e-05,0.4632527876191968,0.00018451243767647217,0,0,0,NOMINAL,0
stop,26.959999999982518,1.959999999995432,-0.01684090099730199,0.002391258160217486,-0.0436968814325613,0.1000213373849221,0.002233122757351624,3.777293295287881e-05,0.462778281053233,0.0001844884210076925,0,0,0,NOMINAL,0
stop,26.999999999982425,1.9999999999953388,-0.016841250264414655,0.0023927484862540285,-0.04369142116160653,0.09976785037724133,0.002230662718021699,4.0570219296301156e-05,0.4622972089810557,0.00018446642255621134,0,0,0,NOMINAL,0
stop,27.03999999998233,2.0399999999952456,-0.01684148187175404,0.002394450762513929,-0.04368607551931675,0.09951985854972632,0.0022285861027710255,4.402095104487962e-05,0.46181204227931866,0.00018444648053429956,0,0,0,NOMINAL,0
stop,27.07999999998224,2.0799999999951524,-0.016841602176938357,0.002396355477896833,-0.04368084077619922,0.09927717309263184,0.0022268711111799845,4.781857684025351e-05,0.4613214852314304,0.00018442839181856364,0,0,0,NOMINAL,0
stop,27.119999999982145,2.119999999995059,-0.016841607774764258,0.002398454399157185,-0.04367571304145409,0.09903961049051517,0.00222551131403156,5.17789979965587e-05,0.46082741548825185,0.00018441227661717912,0,0,0,NOMINAL,0
stop,27.159999999982052,2.159999999994966,-0.016841520081679967,0.0024007346598966055,-0.04367068916242783,0.09880699584706355,0.002224460970525449,5.5802936752072645e-05,0.4603292014673212,0.0001843975580616726,0,0,0,NOMINAL,0
stop,27.19999999998196,2.1999999999948727,-0.01684133664769662,0.002403188048869264,-0.04366576577154985,0.0985791636149315,0.002223712445793731,5.9807065970832115e-05,0.4598270045235082,0.00018438462186474148,0,0,0,NOMINAL,0
stop,27.239999999981865,2.2399999999947795,-0.016841060907418617,0.0024058042845070088,-0.043660939537268295,0.09835595479223609,0.002223251676872106,6.367404605479091e-05,0.45932141699735496,0.0001843733935896082,0,0,0,NOMINAL,0
stop,27.279999999981772,2.2799999999946863,-0.016840704494167684,0.002408571581054943,-0.04365620747481622,0.09813721877414566,0.0022230524074016568,6.735165164784296e-05,0.45881343904160726,0.0001843633435724732,0,0,0,NOMINAL,0
stop,27.31999999998168,2.319999999994593,-0.01684027340513924,0.002411480781182956,-0.04365156650237494,0.09792280921998818,0.002223095916090798,7.089820314022731e-05,0.4583030693068196,0.00018435469320782045,0,0,0,NOMINAL,0
stop,27.359999999981586,2.3599999999945,-0.016839768749140786,0.002414523697905591,-0.04364701389287796,0.09771258693087762,0.0022233719050030166,7.429290204468167e-05,0.45779068646292287,0.00018434751870388707,0,0,0,NOMINAL,0
stop,27.399999999981492,2.3999999999944066,-0.01683919628534381,0.0024176896120462403,-0.043642546821698394,0.0975064185270164,0.002223865029118769,7.743183621704642e-05,0.4572761473056956,0.00018434150459141073,0,0,0,NOMINAL,0
stop,27.4399999999814,2.4399999999943134,-0.016838557111792222,0.002420968957632947,-0.0436381623555681,0.09730418085114342,0.002224570029591078,8.038519044529525e-05,0.4567602793828061,0.0001843366512527767,0,0,0,NOMINAL,0
stop,27.479999999981306,2.47999999999422,-0.01683785969516393,0.0024243532199816177,-0.04363385769127411,0.09710575881470924,0.002225471529797728,8.312383601341893e-05,0.4562440163995433,0.00018433274121484864,0,0,0,NOMINAL,0
stop,27.519999999981213,2.519999999994127,-0.016837107918623338,0.0024278337495225407,-0.04362963022392611,0.09691104220570664,0.002226560788783971,8.566481758215202e-05,0.45572690129739274,0.00018432987958556349,0,0,0,NOMINAL,0
stop,27.55999999998112,2.5599999999940337,-0.016836308632546978,0.002431401193261038,-0.043625477443821954,0.09671992311756278,0.002227824952323642,8.794958418736307e-05,0.45520925391059935,0.00018432790801160172,0,0,0,NOMINAL,0
stop,27.599999999981026,2.5999999999939405,-0.01683546420749526,0.002435048013683827,-0.04362139729869899,0.09653230067031376,0.0022292562815461213,9.008417630012199e-05,0.4546919502372384,0.00018432699804715803,0,0,0,NOMINAL,0
stop,27.639999999980933,2.6399999999938473,-0.016834574595252574,0.0024387672831323905,-0.043617387569153135,0.09634807637811826,0.002230850453586879,9.205674999589361e-05,0.4541741979157099,0.00018432716707639,0,0,0,NOMINAL,0
stop,27.67999999998084,2.679999999993754,-0.01683364779446763,0.0024425506771168343,-0.04361344613526103,0.09616715605617514,0.0022325908765056493,9.376017321793674e-05,0.45365738146213724,0.00018432803977489558,0,0,0,NOMINAL,0
stop,27.719999999980747,2.719999999993661,-0.0168326910416294,0.0024463920227951767,-0.04360957133484942,0.09598944943222087,0.0022344602627140165,9.533321408635932e-05,0.45314153301010807,0.00018432969713443238,0,0,0,NOMINAL,0
stop,27.759999999980653,2.7599999999935676,-0.016831706632355885,0.0024502847830566027,-0.04360576137865126,0.09581486858565016,0.002236450128249557,9.672444804715232e-05,0.45262616162373864,0.00018433218107293098,0,0,0,NOMINAL,0
stop,27.79999999998056,2.7999999999934744,-0.016830697361981093,0.002454222813181278,-0.043602014307180484,0.09564332991613994,0.002238551300660651,9.796343182347206e-05,0.45211221956064834,0.00018433536666820927,0,0,0,NOMINAL,0
stop,27.839999999980467,2.839999999993381,-0.016829666763671817,0.0024582020068100287,-0.04359832865457733,0.09547475264032229,0.0022407512716729502,9.909731982142561e-05,0.45159956293452735,0.00018433924559962302,0,0,0,NOMINAL,0
stop,27.879999999980374,2.879999999993288,-0.016828619883643432,0.002462216667171483,-0.04359470279396805,0.09530905770884038,0.002243037966650432,0.00010005114374344882,0.4510877303932766,0.00018434358083034192,0,0,0,NOMINAL,0
stop,27.91999999998028,2.9199999999931947,-0.016827558799536027,0.0024662620812466347,-0.043591135123120815,0.09514617174752048,0.0022454063617841137,0.00010090228797797659,0.45057771735322194,0.0001843483624417549,0,0,0,NOMINAL,0
stop,27.959999999980187,2.9599999999931015,-0.01682648305908272,0.002470334666615715,-0.043587624171851254,0.09498602194069158,0.002247853761810946,0.00010167531809996003,0.4500692317415906,0.0001843536595083606,0,0,0,NOMINAL,0
stop,27.999999999980094,2.9999999999930083,-0.016825593424744486,0.0024744073090233825,-0.04358417212644496,0.0948285144557313,0.0022500398709946736,0.00010114871000261908,0.44956258797510573,0.00018435322990466302,0,0,0,NOMINAL,0
stop,28.03999999998,3.039999999992915,-0.01682514774150556,0.0024784427146793803,-0.04358078190024835,0.0946735383828379,0.0022515230994460535,9.857617684862082e-05,0.44905652991363293,0.00018435126111491002,0,0,0,NOMINAL,0
stop,28.079999999979908,3.079999999992822,-0.016825177275466327,0.0024824258117739453,-0.043577450613913604,0.0945209887491792,0.0022522746205289428,9.760773853040826e-05,0.44855178863338635,0.00018434635491258074,0,0,0,NOMINAL,0
stop,28.119999999979814,3.1199999999927286,-0.016825594077196374,0.0024863624010234404,-0.043574173870515195,0.0943707723670971,0.0022525292496142733,9.76406770422847e-05,0.44804742346876814,0.00018434300882148869,0,0,0,NOMINAL,0
stop,28.15999999997972,3.1599999999926354,-0.01682632655333418,0.002490255976064491,-0.04357094884224999,0.09422280929612076,0.002252491684393742,9.808818977730677e-05,0.44754547508153647,0.00018433815013245482,0,0,0,NOMINAL,0
stop,28.199999999979628,3.199999999992542,-0.01682732591587003,0.0024941071692215727,-0.04356777422680453,0.09407703219320443,0.0022522785396509194,9.877940509937871e-05,0.4470467647043756,0.00018433234676873623,0,0,0,NOMINAL,0
stop,28.239999999979535,3.239999999992449,-0.016828561930894503,0.0024979181721232822,-0.04356464965907293,0.0939333804401499,0.0022519233505075204,9.973369991909291e-05,0.44655265637288105,0.00018432766843309585,0,0,0,NOMINAL,0
stop,28.27999999997944,3.2799999999923557,-0.016830016417683176,0.0025016912766795073,-0.043561575012222783,0.09379179118510521,0.002251407167882135,0.00010092768511128589,0.44606254050698074,0.0001843261165967841,0,0,0,NOMINAL,0
stop,28.31999999997935,3.3199999999922625,-0.01683167420263539,0.002505429906350552,-0.043558549925702156,0.09365220401599372,0.0022506961872107694,0.00010232386208620134,0.4455763629556557,0.00018432635462381787,0,0,0,NOMINAL,0
stop,28.359999999979255,3.3599999999921693,-0.016833519170866708,0.0025091360305170003,-0.04355557355051757,0.09351456039850636,0.0022497685648713256,0.0001037651027044347,0.4450925958817213,0.0001843267896050501,0,0,0,NOMINAL,0
stop,28.399999999979162,3.399999999992076,-0.016835538482859798,0.0025128100158340848,-0.04355264470119606,0.09337880463854288,0.0022486171543731575,0.00010520279963279845,0.44461218122558854,0.00018432613928578566,0,0,0,NOMINAL,0
stop,28.43999999997907,3.439999999991983,-0.016837596711721633,0.002516482396928375,-0.04354975762718232,0.09324480506400204,0.0022474485408685296,0.00010449405374560187,0.4441346864782228,0.0001843245381693966,0,0,0,NOMINAL,0
stop,28.479999999978975,3.4799999999918896,-0.016839431518470567,0.00252022281460674,-0.04354690308194816,0.09311231934877076,0.002246681644584197,0.00010319107842712457,0.44366211875752626,0.00018432271824850896,0,0,0,NOMINAL,0
stop,28.519999999978882,3.5199999999917964,-0.01684103500246377,0.0025240335353876224,-0.04354408043046951,0.09298128398736134,0.0022463013347774974,0.00010235652323601153,0.44319659572610054,0.0001843191658678087,0,0,0,NOMINAL,0
stop,28.55999999997879,3.559999999991703,-0.01684243500223654,0.002527901962801624,-0.04354128977606335,0.09285168260911605,0.0022462047072911865,0.00010178709884361915,0.44273902191132214,0.00018431716103871804,0,0,0,NOMINAL,0
stop,28.599999999978696,3.59999999999161,-0.016843650319784843,0.0025318180825074765,-0.04353853103763714,0.09272349794270479,0.0022463173229641292,0.00010141009533713273,0.44228683251482903,0.0001843174773158472,0,0,0,NOMINAL,0
stop,28.639999999978603,3.6399999999915167,-0.01684469367905463,0.002535770523162541,-0.04353580327304694,0.09259671374931014,0.0022466136684551885,0.00010104042250637054,0.4420228733104357,0.00018431798263009505,0,0,0,NOMINAL,0
stop,28.67999999997851,3.6799999999914235,-0.016845574272094956,0.002539752260360181,-0.04353310495629775,0.09247131503963377,0.0022471030138888955,0.00010076987496960046,0.4418326115947056,0.00018431759788096775,0,0,0,NOMINAL,0
stop,28.719999999978416,3.7199999999913302,-0.01684630006945136,0.002543758158695679,-0.043530434966997114,0.0923472846697628,0.0022478054932403646,0.00010056010872185396,0.4416443863352754,0.00018431640222346757,0,0,0,NOMINAL,0
stop,28.759999999978323,3.759999999991237,-0.016846878358540224,0.0025477831820632504,-0.04352779249178648,0.09222460903248164,0.0022487344419815413,0.00010041180030213499,0.4414596680921561,0.0001843152169568364,0,0,0,NOMINAL,0
stop,28.79999999997823,3.799999999991144,-0.016847316781937516,0.0025518234099156972,-0.04352517707544541,0.09210327340124472,0.002249885968670054,0.00010033786134248194,0.4412769188041601,0.00018431521057428896,0,0,0,NOMINAL,0
stop,28.839999999978136,3.8399999999910506,-0.016847627546614764,0.0025558762755502123,-0.043522588528277374,0.09198326290141966,0.0022512362875556653,0.00010034938860210485,0.4410956805665624,0.00018431690472760158,0,0,0,NOMINAL,0
stop,28.879999999978043,3.8799999999909573,-0.016847822551979197,0.0025599393407574242,-0.04352002669161572,0.09186456310802199,0.0022527547140280594,0.00010042043966650552,0.44091654641298206,0.00018432036161643295,0,0,0,NOMINAL,0
stop,28.91999999997795,3.919999999990864,-0.01684791279081541,0.0025640086305094255,-0.043517491451500544,0.09174715930172188,0.0022544110697149543,0.00010046167775846118,0.4407398140172865,0.00018432504811621286,0,0,0,NOMINAL,0
stop,28.959999999977857,3.959999999990771,-0.01684790958197851,0.0025680809893011895,-0.04351498244669595,0.09163103600844287,0.002256177065085477,0.00010049791076368633,0.4405653736124733,0.00018433038955581268,0,0,0,NOMINAL,0
stop,28.999999999977764,3.9999999999906777,-0.016847821954122745,0.0025721539157585313,-0.04351249931184662,0.09151617999571147,0.002258031016609075,0.00010051264558105713,0.4403926129621336,0.00018433622818786414,0,0,0,NOMINAL,0
stop,29.03999999997767,4.0399999999905845,-0.01684765755716755,0.0025762229334279694,-0.043510041846690065,0.0914025784261292,0.0022599570932143693,0.00010043782653414455,0.4402221602503513,0.00018434236249907762,0,0,0,NOMINAL,0
stop,29.079999999977577,4.079999999990491,-0.01684742210761847,0.002580285020231496,-0.04350760970557163,0.09129021892107175,0.002261944906284487,0.00010032780310981794,0.44005311279552045,0.00018434872260045788,0,0,0,NOMINAL,0
stop,29.119999999977484,4.119999999990398,-0.016847120162226503,0.0025843376340633512,-0.04350520255391051,0.09117908720968093,0.00226398975784437,0.00010018196567048236,0.4398855149139141,0.00018435509130863354,0,0,0,NOMINAL,0
stop,29.15999999997739,4.159999999990305,-0.016846757106009774,0.0025883772677311864,-0.04350281997223448,0.09106917148809529,0.002266087881676362,9.995600819285154e-05,0.4397200711501274,0.0001843615444173613,0,0,0,NOMINAL,0
stop,29.199999999977297,4.199999999990212,-0.016846337126503592,0.002592400439471302,-0.04350046159601876,0.09096045897181854,0.0022682353582753464,9.965980317132795e-05,0.43955669641135975,0.00018436822391537303,0,0,0,NOMINAL,0
stop,29.239999999977204,4.239999999990118,-0.016845863699939907,0.002596404260031454,-0.043498127300884495,0.0908529373323021,0.0022704281710131586,9.930859859438415e-05,0.43939497550658135,0.00018437516574589202,0,0,0,NOMINAL,0
stop,29.27999999997711,4.279999999990025,-0.016845341399119536,0.002600387282350095,-0.04349581679030712,0.09074659392488342,0.002272660661486042,9.893204628463118e-05,0.43923441445308237,0.0001843822863815323,0,0,0,NOMINAL,0
stop,29.319999999977018,4.319999999989932,-0.016844775277073037,0.002604347347815724,-0.043493529658992836,0.09064141507578491,0.0022749247035481505,9.849537166241424e-05,0.4390753057114652,0.00018438964237099285,0,0,0,NOMINAL,0
stop,29.359999999976925,4.359999999989839,-0.01684416739780722,0.0026082836994399668,-0.043491265862784206,0.0905373885110122,0.0022772166292163594,9.806720685266188e-05,0.43891764166684166,0.00018439726587386903,0,0,0,NOMINAL,0
stop,29.39999999997683,4.3999999999897454,-0.016843522500062765,0.0026121954187730157,-0.043489025062678606,0.09043450095006936,0.0022795296724874223,9.759495418906221e-05,0.43876131619850994,0.00018440490543717559,0,0,0,NOMINAL,0
stop,29.439999999976738,4.439999999989652,-0.016842843400230487,0.002616080670710508,-0.04348680708061285,0.09033274016766664,0.002281860447368116,9.708248962690182e-05,0.4386069098752277,0.00018441267790843282,0,0,0,NOMINAL,0
stop,29.479999999976645,4.479999999989559,-0.016842132467610665,0.002619939154273291,-0.043484611763683734,0.09023209455157197,0.0022842052523575074,9.65653908958953e-05,0.43845327981708965,0.00018442060860075275,0,0,0,NOMINAL,0
stop,29.51999999997655,4.519999999989466,-0.016841392935422722,0.0026237692387482492,-0.043482438832210216,0.09013255168010484,0.0022865596231333367,9.598674705616633e-05,0.4383014387257671,0.0001844285407715493,0,0,0,NOMINAL,0
stop,29.55999999997646,4.5599999999893726,-0.016840628328683428,0.0026275694889823305,-0.04348028791195961,0.09003409890325678,0.002288920753747301,9.537469963905318e-05,0.4381506394720494,0.00018443639090273047,0,0,0,NOMINAL,0
stop,29.599999999976365,4.599999999989279,-0.016839838619389133,0.0026313410026033257,-0.04347815889050496,0.08993672252199347,0.002291290950794795,9.481755522761514e-05,0.43800057086106065,0.0001844443089837529,0,0,0,NOMINAL,0
stop,29.639999999976272,4.639999999989186,-0.0168390267865566,0.0026350820617364545,-0.04347605142895961,0.08984041173785126,0.0022936686973154983,9.417282050723969e-05,0.43785209231053024,0.00018445218788669466,0,0,0,NOMINAL,0
stop,29.67999999997618,4.679999999989093,-0.01683819379745652,0.0026387928263192097,-0.04347396526107109,0.08974515587040087,0.00229605424653432,9.356734876598173e-05,0.43770490355184904,0.00018446022487268344,0,0,0,NOMINAL,0
stop,29.719999999976086,4.719999999989,-0.01683734229272906,0.0026424729572786555,-0.043471900219496415,0.0896509414596749,0.002298445008577923,9.291570780211069e-05,0.4375583158396805,0.0001844681693195291,0,0,0,NOMINAL,0
stop,29.759999999975992,4.759999999988906,-0.01683647501009604,0.0026461209513606804,-0.04346985614720885,0.08955775631524653,0.00230083804716662,9.222417880264565e-05,0.43741359790593554,0.0001844761973702911,0,0,0,NOMINAL,0
stop,29.7999999999759,4.799999999988813,-0.01683559325696484,0.0026497386723152282,-0.043467832698822546,0.08946558799441519,0.002303229543609581,9.160095619411007e-05,0.43726954686167246,0.00018448438229913956,0,0,0,NOMINAL,0
stop,29.839999999975806,4.83999999998872,-0.016834699193492935,0.0026533253318802353,-0.043465829759956574,0.08937442683589855,0.002305615616036226,9.091127643820619e-05,0.43712639654605784,0.00018449262103991746,0,0,0,NOMINAL,0
stop,29.879999999975713,4.879999999988627,-0.016833794360108373,0.0026568802575877948,-0.04346384720935442,0.08928426080381743,0.0023079948667889946,9.021190308261555e-05,0.4369846071024761,0.00018450075568952944,0,0,0,NOMINAL,0
stop,29.91999999997562,4.9199999999885335,-0.016832879934951046,0.0026604033701845818,-0.043461884851322144,0.08919507747876737,0.002310365750478081,8.950851115102377e-05,0.436843410650736,0.0001845088758392042,0,0,0,NOMINAL,0
stop,29.959999999975526,4.95999999998844,-0.01683195691949596,0.0026638944926201925,-0.04345994235844574,0.08910686623647351,0.00231272867759546,8.880384825788014e-05,0.4367035993556941,0.0001845168797163553,0,0,0,NOMINAL,0
stop,29.999999999975433,4.999999999988347,-0.01683102664188258,0.0026673543020418623,-0.04345801937454573,0.08901961548948935,0.0023150843277283126,8.810584929149894e-05,0.43656478577480945,0.00018452477685525293,0,0,0,NOMINAL,0
