t,dt,force_n,tilt_rad,x,y,speed_m_s,effort_nm
0.004,0.004,0.0,0.0,-4.2767836703759016e-20,7.512001852942428e-20,4.321762617903042e-17,0.0
0.008,0.004,0.0,0.0,-8.422214197208686e-20,1.683638814411784e-19,6.493358919695238e-17,1.0021494745160453e-15
0.012,0.004,0.0,0.0,-1.3015167072495155e-19,2.981682992375545e-19,1.0663985617395476e-16,1.2067034462337217e-15
0.016,0.004,0.0,0.0,-1.8842560257283084e-19,4.881655042978289e-19,1.8547421283626825e-16,2.4244866966895364e-15
0.020000000000000004,0.0040000000000000036,0.0,0.0,-2.2948311447855e-19,7.913081913635469e-19,3.3429531574789234e-16,4.6026271924756184e-15
0.024000000000000007,0.0040000000000000036,0.0,1.2020167404189313e-06,5.621764921300144e-07,-2.263057284341796e-08,0.0002811242629184241,8.711390821754545e-15
0.02800000000000001,0.0040000000000000036,0.0,1.276465162446708e-06,-7.246994441850564e-07,-1.0788174775120605e-07,0.0005386144545765681,0.20500198476634487
0.032000000000000015,0.0040000000000000036,0.0,1.4523090931971896e-06,-4.414509454339562e-06,-1.9269393990745616e-07,0.0010392904704387873,0.33209089118082424
0.03600000000000002,0.0040000000000000036,0.0,4.0341712003083505e-06,-9.538768525615426e-06,-2.499088294406186e-07,0.0013481258719139745,0.40313161033827594
0.04000000000000002,0.0040000000000000036,0.0,6.378863213555757e-06,-1.535781288147688e-05,-2.715167599581185e-07,0.001477162969395632,0.4395908439186103
0.044000000000000025,0.0040000000000000036,0.0,7.487414624723541e-06,-2.1232787905720515e-05,-2.5803304132973585e-07,0.0014549552931152484,0.4559878965868083
0.04800000000000003,0.0040000000000000036,0.0,6.760382747898116e-06,-2.6660646096761357e-05,-2.140289015265554e-07,0.0013159786918441158,0.46144296512469574
0.05200000000000003,0.0040000000000000036,0.0,4.3350343820152716e-06,-3.127437358231561e-05,-1.4554059199903409e-07,0.0010934428872286723,0.4615420938563215
0.056000000000000036,0.0040000000000000036,0.0,5.327972646017224e-06,-3.482731653763088e-05,-5.865865889364391e-08,0.0008161510246155334,0.4595899744329801
0.06000000000000004,0.0040000000000000036,0.0,1.34161684397008e-05,-3.7171939318278846e-05,4.116337357429015e-08,0.0005075924151067433,0.45744299092734364
0.06400000000000004,0.0040000000000000036,0.0,2.5123225200529594e-05,-3.823310864194396e-05,1.496174632111371e-07,0.00018420904884824181,0.4560573065049892
0.06800000000000005,0.0040000000000000036,0.0,3.9888449109697045e-05,-3.793364853358234e-05,2.641951821747171e-07,0.00016623026000875166,0.4558324806781628
0.07200000000000005,0.0040000000000000036,0.0,5.756736119084654e-05,-3.6236434253584945e-05,3.8264175734254993e-07,0.0005133323133518786,0.4568110900139842
0.07600000000000005,0.0040000000000000036,0.0,7.793685382096182e-05,-3.32029325694277e-05,5.019869516807239e-07,0.0008410048410477275,0.45886866273335786
0.08000000000000006,0.0040000000000000036,0.0,0.0001006917728266634,-2.896393377102145e-05,6.19159519964144e-07,0.001132742189537804,0.4618605108576691
0.08400000000000006,0.0040000000000000036,0.0,0.0001254807895146779,-2.3690181219889127e-05,7.315195948927299e-07,0.0013800864064317379,0.4656430411898101
0.08800000000000006,0.0040000000000000036,0.0,0.0001519403425900744,-1.7568653223988503e-05,8.37132589393748e-07,0.0015802430855323551,0.47007942400995495
0.09200000000000007,0.0040000000000000036,0.0,0.0001797082254092923,-1.0793517862555216e-05,9.345475436434553e-07,0.001730821952963691,0.47504268306083175
0.09600000000000007,0.0040000000000000036,0.0,0.0002084048813417377,-3.5797365256261306e-06,1.0230709498747112e-06,0.0018266254654647057,0.4804237355107633
0.10000000000000007,0.0040000000000000036,0.0,0.0002376694781671311,3.860822097680906e-06,1.1030043267528216e-06,0.0018706179419026778,0.4861191998403591
0.10400000000000008,0.0040000000000000036,0.0,0.00026720612090413434,1.1351208615829988e-05,1.1745895274716374e-06,0.0018736003657583245,0.49202920799004685
0.10800000000000008,0.0040000000000000036,0.0,0.0002968227975520894,1.8777375717349132e-05,1.2381664520204746e-06,0.0018524579020374823,0.49807106493872916
0.11200000000000009,0.0040000000000000036,0.0,0.00032643891463830283,2.6094130169523294e-05,1.2947030880861382e-06,0.0018242552350224617,0.5041683325466534
0.11600000000000009,0.0040000000000000036,0.0,0.00035604556539488286,3.330063210732025e-05,1.3454484663755786e-06,0.0017968152874137896,0.5102489875877724
0.12000000000000009,0.0040000000000000036,0.0,0.0003856544293946328,4.040902774110822e-05,1.3916956689374799e-06,0.0017731212115439873,0.5162514417316209
0.1240000000000001,0.0040000000000000036,0.0,0.00041529069645356736,4.7440482737714894e-05,1.434653038591254e-06,0.0017551983108276548,0.5221273299930793
0.12800000000000009,0.00399999999999999,0.0,0.00044498719245882995,5.4421813863295435e-05,1.475376576714551e-06,0.0017442679485286448,0.5278411237549087
0.1320000000000001,0.0040000000000000036,0.0,0.00047477968817315994,6.138273877942853e-05,1.5147412295732988e-06,0.0017409008516051955,0.5333685755823965
0.1360000000000001,0.0040000000000000036,0.0,0.0005047032791276001,6.835370000006342e-05,1.5534362197532065e-06,0.0017451569861794034,0.5386947449543315
0.1400000000000001,0.0040000000000000036,0.0,0.0005347896866449026,7.536419388437751e-05,1.5919746592273733e-06,0.0017567073726839713,0.543812016191225
0.1440000000000001,0.0040000000000000036,0.0,0.0005650653380965797,8.24415301721703e-05,1.6307110800707318e-06,0.0017749373017333738,0.5487183121006755
0.1480000000000001,0.0040000000000000036,0.0,0.000595550086841242,8.960995139425589e-05,1.6698627712417272e-06,0.0017990322513749375,0.55341558432019
0.1520000000000001,0.0040000000000000036,0.0,0.0006262564521121817,9.689004891401438e-05,1.7095322960289683e-06,0.0018280484718591894,0.5579085930675107
0.1560000000000001,0.0040000000000000036,0.0,0.0006571892771592643,0.00010429842060700586,1.74972954533165e-06,0.0018609703016243969,0.5622039542107934
0.16000000000000011,0.0040000000000000036,0.0,0.0006883457153769445,0.00011184752302755745,1.7903923314339941e-06,0.001896756132449697,0.56630941663327
0.16400000000000012,0.0040000000000000036,0.0,0.0007197154723942261,0.0001195456778967927,1.8314049603685253e-06,0.0019343747160967925,0.5702333291234251
0.16800000000000012,0.0040000000000000036,0.0,0.0007512812395838925,0.0001273971988011682,1.8726145107498243e-06,0.0019728332743741005,0.5739842581158051
0.17200000000000013,0.0040000000000000036,0.0,0.0007830192671852836,0.00013540260919361134,1.913844741721976e-06,0.0020111986686799977,0.5775707223528038
0.17600000000000013,0.0040000000000000036,0.0,0.0008149000351108241,0.0001435589272656582,1.9549076822949066e-06,0.002048612710880872,0.5810010161193998
0.18000000000000013,0.0040000000000000036,0.0,0.0008468889809058231,0.00015185999713055904,1.995613038138772e-06,0.002084302552533661,0.5842830981590649
0.18400000000000014,0.0040000000000000036,0.0,0.0008789472605884907,0.0001602968491260747,2.035775603759609e-06,0.0021175869686454775,0.5874245282545884
0.18800000000000014,0.0040000000000000036,0.0,0.000911032512280995,0.00016885807499082003,2.0752208965849114e-06,0.002147879249847258,0.5904324375884626
0.19200000000000014,0.0040000000000000036,0.0,0.0009430996084533847,0.00017753020624909264,2.113789240718308e-06,0.0021746873284784504,0.5933135223728613
0.19600000000000015,0.0040000000000000036,0.0,0.0009751013777370345,0.0001862980864011261,2.1513385275063014e-06,0.0021976116863108523,0.5960740529288394
0.20000000000000015,0.0040000000000000036,0.0,0.0010069892864966994,0.00019514522949340714,2.187745870318698e-06,0.0022163415221457573,0.598719892493834
0.20400000000000015,0.0040000000000000036,0.0,0.0010387140721953405,0.00020405415936531024,2.2229083562283484e-06,0.002230649594873363,0.6012565216492316
0.20800000000000016,0.0040000000000000036,0.0,0.001070226320240154,0.00021300672535791153,2.2567430779256493e-06,0.002240386100811371,0.6036890654800778
0.21200000000000016,0.0040000000000000036,0.0,0.0011014769843721984,0.00022198439154997183,2.2891866085918115e-06,0.002245471892688394,0.6060223214910168
0.21600000000000016,0.0040000000000000036,0.0,0.0011324178455737576,0.0002309684976745967,2.3201940612453505e-06,0.0022458913010996585,0.6082607869734802
0.22000000000000017,0.0040000000000000036,0.0,0.0011630019112623025,0.00023994049078660467,2.3497378530843447e-06,0.002241684777343522,0.6104086850072487
0.22400000000000017,0.0040000000000000036,0.0,0.0011931837556432465,0.0002488821275127621,2.377806275101353e-06,0.0022329415389777986,0.6124699886265491
0.22800000000000017,0.0040000000000000036,0.0,0.0012229198027166616,0.00025777564734136467,2.4044019495515828e-06,0.0022197923659658405,0.6144484429250613
0.23200000000000018,0.0040000000000000036,0.0,0.0012521685552107527,0.00026660391790958284,2.4295402409057735e-06,0.0022024026656057944,0.6163475850390172
0.23600000000000018,0.0040000000000000036,0.0,0.0012808907737615982,0.0002753505536410771,2.453247671373297e-06,0.0021809658983428988,0.6181707620567527
0.24000000000000019,0.0040000000000000036,0.0,0.0013090496083833021,0.0002840000093858703,2.475560379800372e-06,0.002155697433696596,0.6199211469707594
0.2440000000000002,0.0040000000000000036,0.0,0.001336610688459969,0.0002925376509315794,2.4965226519306464e-06,0.002126828885689173,0.6216017528264317
0.2480000000000002,0.0040000000000000036,0.0,0.0013635421741437484,0.00030094980440100084,2.5161855411045426e-06,0.0020946029600057772,0.6232154452398716
0.25200000000000017,0.003999999999999976,0.0,0.001389814774280138,0.0003092237866357911,2.5346055913218678e-06,0.0020592688304524147,0.6247649534610251
0.25600000000000017,0.0040000000000000036,0.0,0.0014154017346722234,0.00031734791869879954,2.5518436687587483e-06,0.002021078049833788,0.626252880153806
0.2600000000000002,0.0040000000000000036,0.0,0.0014402788014101905,0.000325311524616676,2.5679639035871898e-06,0.001980280989934788,0.6276817100542476
0.2640000000000002,0.0040000000000000036,0.0,0.0014644241633466075,0.0003331049174371692,2.583032740208739e-06,0.0019371237966688778,0.6290538176540718
0.2680000000000002,0.0040000000000000036,0.0,0.0014878183763979006,0.0003407193745987065,2.5971180916469855e-06,0.0018918458394544917,0.6303714740419788
0.2720000000000002,0.0040000000000000036,0.0,0.0015104442748699422,0.0003481471045094079,2.6102885924733016e-06,0.0018446776283330298,0.6316368530203269
0.2760000000000002,0.0040000000000000036,0.0,0.0015322868723129765,0.0003553812061139282,2.6226129430467974e-06,0.0017958391680930172,0.6328520365990018
0.2800000000000002,0.0040000000000000036,0.0,0.001553333253927939,0.0003624156230942969,2.6341593378473268e-06,0.0017455387155761264,0.6340190199557896
0.2840000000000002,0.0040000000000000036,0.0,0.0015735724656285681,0.0003692450942093258,2.644994969865473e-06,0.0016939719042552241,0.6351397159388307
0.2880000000000002,0.0040000000000000036,0.0,0.0015929953993615526,0.00037586510113005883,2.6551856037043765e-06,0.0016413211990270963,0.6362159591762762
0.2920000000000002,0.0040000000000000036,0.0,0.0016115946786939628,0.0003822718149792315,2.664795210051534e-06,0.0015877556437476994,0.6372495098481328
0.2960000000000002,0.0040000000000000036,0.0,0.001629364546049842,0.0003884620426337375,2.6738856546102434e-06,0.0015334308643444598,0.6382420571663736
0.3000000000000002,0.0040000000000000036,0.0,0.0016463007522322841,0.00039443317370297423,2.6825164354241307e-06,0.0014784892911935742,0.6391952226025088
0.3040000000000002,0.0040000000000000036,0.0,0.0016624004504302828,0.00040018312895473776,2.6907444627108356e-06,0.001423060565797847,0.6401105628948863
0.3080000000000002,0.0040000000000000036,0.0,0.001677662095523985,0.0004057103108256984,2.6986238763543394e-06,0.001367262098542391,0.6409895728631841
0.3120000000000002,0.0040000000000000036,0.0,0.001692085348930227,0.0004110135565267094,2.706205896523924e-06,0.0013111997463424961,0.6418336880525952
0.3160000000000002,0.0040000000000000036,0.0,0.001705670989896246,0.00041609209413538006,2.7135387035912674e-06,0.001254968581301849,0.6426442872267623
0.32000000000000023,0.0040000000000000036,0.0,0.0017184208336215347,0.00042094550196013973,2.7206673440078983e-06,0.0011986537239375907,0.6434226947251276
0.32400000000000023,0.0040000000000000036,0.0,0.0017303376562443544,0.0004255736713619669,2.7276336594896924e-06,0.0011423312170982826,0.6441701826981913
0.32800000000000024,0.0040000000000000036,0.0,0.0017414251267371512,0.00042997677313229933,2.7344762370196752e-06,0.0010860689193093955,0.6448879732314966
0.33200000000000024,0.0040000000000000036,0.0,0.0017516877453242195,0.00043415522744841186,2.7412303776143285e-06,0.00102992739888466,0.6455772403678163
0.33600000000000024,0.0040000000000000036,0.0,0.001761130788890057,0.0004381096773606456,2.7479280825838e-06,0.0009739608127216947,0.6462391120356857
0.34000000000000025,0.0040000000000000036,0.0,0.0017697602623394776,0.00044184096570900754,2.7545980554032327e-06,0.0009182177561816834,0.6468746718906812
0.34400000000000025,0.0040000000000000036,0.0,0.0017775828558681355,0.0004453501153194096,2.7612657185530686e-06,0.0008627420728360279,0.6474849610757774
0.34800000000000025,0.0040000000000000036,0.0,0.00178460590774199,0.0004486383122916726,2.76795324411705e-06,0.0008075736151093501,0.6480709799054898
0.35200000000000026,0.0040000000000000036,0.0,0.0017908373718971934,0.00045170689216183173,2.774679597533743e-06,0.0007527489489542558,0.6486336894786052
0.35600000000000026,0.0040000000000000036,0.0,0.001796285790066136,0.0004545573286994912,2.781460593606719e-06,0.0006983019976074437,0.649174013223175
0.36000000000000026,0.0040000000000000036,0.0,0.0018009602678311985,0.0004571912250863869,2.7883089645815325e-06,0.0006442646212552061,0.6496928383777278
0.36400000000000027,0.0040000000000000036,0.0,0.0018048704540119549,0.0004596103072141561,2.795234439192762e-06,0.0005906671310219263,0.650191017411453
0.36800000000000027,0.0040000000000000036,0.0,0.0018080265230929122,0.0004618164188367954,2.8022438326682592e-06,0.0005375387371160468,0.6506693693867696
0.3720000000000003,0.0040000000000000036,0.0,0.0018104391598283722,0.000463811518315787,2.8093411470283343e-06,0.0004849079322789343,0.6511286812667925
0.3760000000000003,0.0040000000000000036,0.0,0.0018121195458767844,0.00046559767670260475,2.8165276808535742e-06,0.0004328028129076703,0.6515697091698499
0.3800000000000003,0.0040000000000000036,0.0,0.00181307934803631,0.0004671770769135537,2.823802148652993e-06,0.00038125134148938575,0.6519931795744474
0.3840000000000003,0.0040000000000000036,0.0,0.0018133307075540069,0.0004685520137650541,2.831160808740958e-06,0.000330281555728849,0.652399790475515
0.3880000000000003,0.0040000000000000036,0.0,0.0018128862296912156,0.00046972489465293483,2.838597599018416e-06,0.0002799217328940285,0.6527902124948495
0.3920000000000003,0.0040000000000000036,0.0,0.0018117591026459803,0.0004706983297749009,2.845578166847967e-06,0.00023024310658942252,0.6531650899476806
0.3960000000000003,0.0040000000000000036,0.0,0.0018099631217861423,0.00047147517952448806,2.8539955418029846e-06,0.00018128857680944723,0.6535254175071789
0.4000000000000003,0.0040000000000000036,0.0,0.0018075125410747985,0.0004720583918037397,2.861839484701701e-06,0.00013304561768981757,0.6539004122974634
0.4040000000000003,0.0040000000000000036,0.0,0.0018044214740574069,0.0004724506387292732,2.8693000674544058e-06,8.548357492075743e-05,0.6543047253431739
0.4080000000000003,0.0040000000000000036,0.0,0.001800704475315636,0.0004726547392140396,2.8765025204506907e-06,3.865230094891667e-05,0.6547282156717629
0.4120000000000003,0.0040000000000000036,0.0,0.0017963765511728007,0.00047267367142273886,2.8835280205764534e-06,7.687478175941354e-06,0.6551639978794024
0.4160000000000003,0.0040000000000000036,0.0,0.0017914531507828711,0.000472510573933964,2.890427596129604e-06,5.281637143027406e-05,0.6556074073773493
0.4200000000000003,0.0040000000000000036,0.0,0.0017859501477533925,0.00047216874141914176,2.897231459020533e-06,9.727134728673196e-05,0.6560552903882598
0.4240000000000003,0.0040000000000000036,0.0,0.0017798838170571712,0.0004716516179952479,2.903955298589378e-06,0.00014086388181432346,0.6565055185973622
0.4280000000000003,0.0040000000000000036,0.0,0.0017732708101701562,0.00047096278987822116,2.9106045568019557e-06,0.0001835528797497976,0.6569566584004961
0.43200000000000033,0.0040000000000000036,0.0,0.0017661281301772757,0.000470105978101754,2.9171773618555055e-06,0.00022530373743300008,0.6574077460839727
0.43600000000000033,0.0040000000000000036,0.0,0.001758473106370546,0.00046908503159687323,2.9236665698269466e-06,0.00026608443968675324,0.6578581353355565
0.44000000000000034,0.0040000000000000036,0.0,0.0017503233700133039,0.00046790392068604166,2.9300612127680755e-06,0.0003058648399095615,0.6583073940003042
0.44400000000000034,0.0040000000000000036,0.0,0.0017416968300224725,0.000466566730932871,2.9363475504539513e-06,0.00034461641336878935,0.6587552342826092
0.44800000000000034,0.0040000000000000036,0.0,0.0017326116492119164,0.00046507765724663027,2.942509856021408e-06,0.0003823121439771451,0.6592014656184814
0.45200000000000035,0.0040000000000000036,0.0,0.0017230862205559934,0.0004634409981357013,2.948531021814985e-06,0.000418926470404067,0.6596459628880563
0.45600000000000035,0.0040000000000000036,0.0,0.0017131391437666603,0.00046166115001662514,2.954393041495294e-06,0.0004544352668185968,0.6600886449936255
0.46000000000000035,0.0040000000000000036,0.0,0.0017027892018530604,0.00045974260150466163,2.960077405584145e-06,0.0004888158461036018,0.6605294604334272
0.46400000000000036,0.0040000000000000036,0.0,0.0016920553375938108,0.00045768992763223606,2.9655654344683645e-06,0.0005220469776700816,0.6609683775921924
0.46800000000000036,0.0040000000000000036,0.0,0.0016809566299283356,0.0004555077839604615,2.970838564570202e-06,0.0005541089141111551,0.6614053782092314
0.47200000000000036,0.0040000000000000036,0.0,0.0016695122706202193,0.0004532009005649902,2.9758785978488684e-06,0.0005849834222935744,0.6618404529856401
0.47600000000000037,0.0040000000000000036,0.0,0.001657741540642261,0.00045077407589043687,2.9806679214640886e-06,0.0006146538155437756,0.6622735986307506
0.48000000000000037,0.0040000000000000036,0.0,0.0016456637864592043,0.0004482321704777183,2.985189701720179e-06,0.0006431049844215093,0.6627048158764731
0.4840000000000004,0.0040000000000000036,0.0,0.0016332983968164756,0.0004455801005761884,2.989428055533817e-06,0.0006703234242602232,0.6631341081423312
0.4880000000000004,0.0040000000000000036,0.0,0.0016206647791892736,0.00044282283165778734,2.9933682011314457e-06,0.0006962972582127412,0.6635614806378113
0.4920000000000004,0.0040000000000000036,0.0,0.001607782336736631,0.00043996537185404555,2.9969965896781313e-06,0.0007210162549673056,0.6639869397585932
0.4960000000000004,0.0040000000000000036,0.0,0.0015946704450041452,0.0004370127653388962,3.0003010187527327e-06,0.0007444718406657216,0.6644104926802442
0.5000000000000003,0.003999999999999948,0.0,0.001581348429692377,0.0004339700856813288,3.0032707287433923e-06,0.0007666571048037172,0.6648321470846196
0.5040000000000003,0.0040000000000000036,0.0,0.0015678355436564344,0.00043084242919206434,3.0058964828777426e-06,0.0007875668001180799,0.6652519109754592
0.5080000000000003,0.0040000000000000036,0.0,0.0015541509454786559,0.00042763490828795036,3.008170631685826e-06,0.000807197336609198,0.6656697925539664
0.5120000000000003,0.0040000000000000036,0.0,0.001540313677236669,0.00042435264489681723,3.0100871625941593e-06,0.0008255467699622392,0.666085800134752
0.5160000000000003,0.0040000000000000036,0.0,0.001526342643880975,0.0004210007639241949,3.0116417351855248e-06,0.0008426147847180038,0.6664999420889668
0.5200000000000004,0.0040000000000000036,0.0,0.0015122565921306785,0.0004175843868017521,3.012831703122569e-06,0.0008584026725884169,0.666912226805782
0.5240000000000004,0.0040000000000000036,0.0,0.0014980740908059453,0.00041410862513559834,3.013656123106894e-06,0.0008729133063529351,0.6673226626662716
0.5280000000000004,0.0040000000000000036,0.0,0.0014838135107858857,0.00041057857447080565,3.014115751802093e-06,0.0008861511097830628,0.6677312580257074
0.5320000000000004,0.0040000000000000036,0.0,0.0014694930063572271,0.0004069993081867027,3.0142130313309483e-06,0.0008981220240485249,0.6681380212015806
0.5360000000000004,0.0040000000000000036,0.0,0.0014551304968956917,0.00040337587153568475,3.0139520639621626e-06,0.0009088334710496762,0.6685429604655483
0.5400000000000004,0.0040000000000000036,0.0,0.0014407436488300049,0.00039971327583657125,3.013338576805669e-06,0.0009182943141052363,0.6689460840380879
0.5440000000000004,0.0040000000000000036,0.0,0.0014263498590138658,0.00039601649283185704,3.0123798771664287e-06,0.0009265148164060036,0.6693474000850359
0.5480000000000004,0.0040000000000000036,0.0,0.0014119662380607852,0.0003922904492166571,3.011084799240272e-06,0.0009335065976183584,0.6697469167154557
0.5520000000000004,0.0040000000000000036,0.0,0.0013976095947888683,0.0003885400213456948,3.009463642810626e-06,0.0009392825889884236,0.6701446419804639
0.5560000000000004,0.0040000000000000036,0.0,0.001383296421181185,0.00038477003012334386,3.007528104737916e-06,0.0009438569872780275,0.670540583872744
0.5600000000000004,0.0040000000000000036,0.0,0.0013690428779555678,0.00038098523608052625,3.0052912037396175e-06,0.0009472452078244445,0.67093475032658
0.5640000000000004,0.0040000000000000036,0.0,0.0013548647813444983,0.00037719033464119704,3.002767199347557e-06,0.0009494638369828274,0.6713271492182813
0.5680000000000004,0.0040000000000000036,0.0,0.0013407775896723258,0.00037338995158017524,2.9999715054796336e-06,0.0009505305841885372,0.6717177883669097
0.5720000000000004,0.0040000000000000036,0.0,0.0013267963913815794,0.00036958863867324934,2.9969205994838743e-06,0.0009504642338388562,0.6721066755352458
0.5760000000000004,0.0040000000000000036,0.0,0.0013129358936841778,0.00036579086953975634,2.9936319272346932e-06,0.0009492845971677352,0.6724938184309471
0.5800000000000004,0.0040000000000000036,0.0,0.001299210411628218,0.00036200103567722645,2.990123804844471e-06,0.0009470124642604261,0.6728792247078599
0.5840000000000004,0.0040000000000000036,0.0,0.0012856338576141787,0.00035822344268716103,2.9864153176401603e-06,0.0009436695563325635,0.6732629019674545
0.5880000000000004,0.0040000000000000036,0.0,0.0012722197326204842,0.00035446230669060314,2.9825262171057554e-06,0.000939278478368216,0.6736448577603653
0.5920000000000004,0.0040000000000000036,0.0,0.0012589811170657611,0.0003507217509318098,2.9784768163002424e-06,0.0009338626722039042,0.6740250995880098
0.5960000000000004,0.0040000000000000036,0.0,0.001245930662441983,0.0003470058025680806,2.974287884295107e-06,0.0009274463701097023,0.6744036349042651
0.6000000000000004,0.0040000000000000036,0.0,0.0012330805846790759,0.000343318389643604,2.969980540322175e-06,0.0009200545489208451,0.6747804711171995
0.6040000000000004,0.0040000000000000036,0.0,0.001220442656547756,0.00033966333824503976,2.9655761480277534e-06,0.0009117128847459177,0.6751556155908283
0.6080000000000004,0.0040000000000000036,0.0,0.001208028201966197,0.00033604436983646253,2.961096210474344e-06,0.000902447708273498,0.6755290756468885
0.6120000000000004,0.0040000000000000036,0.0,0.001195848090670916,0.0003324650987712561,2.956562266332202e-06,0.0008922859606851158,0.6759008585666237
0.6160000000000004,0.0040000000000000036,0.0,0.0011839127328880756,0.00032892902997851337,2.95199578775662e-06,0.0008812551501799635,0.6762709715925538
0.6200000000000004,0.0040000000000000036,0.0,0.001172232075690653,0.00032543955682152987,2.9474180804225e-06,0.0008693833091010853,0.6766394219302343
0.6240000000000004,0.0040000000000000036,0.0,0.0011608155987433214,0.0003219999591259813,2.9428501861552524e-06,0.0008566989516633584,0.6770062167499848
0.6280000000000004,0.0040000000000000036,0.0,0.0011496723119650905,0.0003186134013754354,2.9383127885613987e-06,0.0008432310322654725,0.6773713631885762
0.6320000000000005,0.0040000000000000036,0.0,0.001138810752567653,0.0003152829310719028,2.9338261219827475e-06,0.0008290089043727629,0.6777348683508777
0.6360000000000005,0.0040000000000000036,0.0,0.0011282389838350444,0.00031201147725916107,2.929409884402081e-06,0.0008140622799642134,0.6780967393114453
0.6400000000000005,0.0040000000000000036,0.0,0.0011179645930188568,0.0003088018492066671,2.9250831542723506e-06,0.0007984211895215546,0.678456983116047
0.6440000000000005,0.0040000000000000036,0.0,0.0011079946916272,0.00030565673525189904,2.920864311869906e-06,0.0007821159425567437,0.678815606783121
0.6480000000000005,0.0040000000000000036,0.0,0.0010983359146418553,0.00030257870179903074,2.916770965200189e-06,0.0007651770886595826,0.6791726173051575
0.6520000000000005,0.0040000000000000036,0.0,0.0010889944212550313,0.0002995701924718531,2.9128198811069298e-06,0.0007476353790680726,0.6795280216500035
0.6560000000000005,0.0040000000000000036,0.0,0.00107997589557416,0.00029663352741889765,2.9090269213531667e-06,0.0007295217287464648,0.6798818267620745
0.6600000000000005,0.0040000000000000036,0.0,0.0010712855483167734,0.000293770902768719,2.9054069842428012e-06,0.0007108671789754372,0.680234039563487
0.6640000000000005,0.0040000000000000036,0.0,0.0010629281190076595,0.0002909843902332914,2.901973951696481e-06,0.0006917028604541385,0.6805846669550911
0.6680000000000005,0.0040000000000000036,0.0,0.0010549078779338093,0.00028827593685745793,2.898740642143605e-06,0.000672059956920434,0.6809337158174107
0.6720000000000005,0.0040000000000000036,0.0,0.0010472286297069132,0.0002856473649123489,2.8957187691615113e-06,0.000651969669292257,0.6812811930114872
0.6760000000000005,0.0040000000000000036,0.0,0.0010398937163248526,0.00028310037193063993,2.892918906140375e-06,0.0006314631803468117,0.6816271053796252
0.6800000000000005,0.0040000000000000036,0.0,0.0010329060215709988,0.00028063653088147047,2.890350456815198e-06,0.0006105716199485175,0.6819714597460376
0.6840000000000005,0.0040000000000000036,0.0,0.001026267975003949,0.00027825729048278097,2.888021631904547e-06,0.0005893260308430635,0.6823142629173938
0.6880000000000005,0.0040000000000000036,0.0,0.0010199815569489066,0.0002759639756487476,2.8859394316901427e-06,0.0005677573350362762,0.6826555216832667
0.6920000000000005,0.0040000000000000036,0.0,0.0010140483041029733,0.0002737577880699149,2.8841096346786217e-06,0.0005458963007814216,0.6829952428164834
0.6960000000000005,0.0040000000000000036,0.0,0.0010084693147816434,0.00027163980692354215,2.88253679210643e-06,0.0005237735101945604,0.6833334330733823
0.7000000000000005,0.0040000000000000036,0.0,0.0010032452553250585,0.00026961098971156936,2.881224228442016e-06,0.0005014193275260097,0.6836700991939716
0.7040000000000005,0.0040000000000000036,0.0,0.0009983763666805976,0.00026767217322351875,2.8801740475156978e-06,0.00047886386811411916,0.6840052479020002
0.7080000000000005,0.0040000000000000036,0.0,0.0009938624710178407,0.0002658240746215337,2.8793871443978894e-06,0.0004561369680463544,0.684338885904936
0.7120000000000005,0.0040000000000000036,0.0,0.0009897029794527158,0.00026406729264465454,2.8788632226410594e-06,0.00043326815455890674,0.6846710198938643
0.7160000000000005,0.0040000000000000036,0.0,0.0009858968991690734,0.00026240230892932213,2.8786008169193686e-06,0.0004102866172014933,0.6850016565433028
0.7200000000000005,0.0040000000000000036,0.0,0.0009824428417769472,0.0002608294894429756,2.8785973207500717e-06,0.0003872211797996421,0.685330802510936
0.7240000000000005,0.0040000000000000036,0.0,0.000979339031506398,0.00025934908602753424,2.8788490191048965e-06,0.0003641002732392782,0.6856584644372813
0.7280000000000005,0.0040000000000000036,0.0,0.0009765833136056513,0.00025796123804940947,2.8793511257035917e-06,0.00034095190911352647,0.6859846489452833
0.7320000000000005,0.0040000000000000036,0.0,0.000974173163772409,0.00025666597415261756,2.880097824623564e-06,0.00031780365425693305,0.6863093626398477
0.7360000000000005,0.0040000000000000036,0.0,0.0009721056967140567,0.0002554632141114627,2.8810823160542313e-06,0.0002946826062061207,0.6866326121073156
0.7400000000000005,0.0040000000000000036,0.0,0.0009703776758958144,0.0002543527707791533,2.8822968659663696e-06,0.00027161536963580304,0.6869544039148862
0.7440000000000005,0.0040000000000000036,0.0,0.0009689855235858221,0.00025333435212863736,2.883732859170968e-06,0.0002486280338182128,0.687274744609988
0.7480000000000006,0.0040000000000000036,0.0,0.0009679253299398492,0.00025240756338186537,2.8853808557158526e-06,0.0002257461511961485,0.6875936407196149
0.7520000000000006,0.0040000000000000036,0.0,0.0009671928641027503,0.0002515719092236026,2.8872306500639274e-06,0.00020299471720003158,0.6879110987496212
0.7560000000000006,0.0040000000000000036,0.0,0.000966783583890201,0.00025082679609586425,2.8892713328617847e-06,0.00018039815154898464,0.6882271251839891
0.7600000000000006,0.0040000000000000036,0.0,0.0009666926467932048,0.000250171534568964,2.8914913550526984e-06,0.0001579802815315942,0.6885417264840678
0.7640000000000006,0.0040000000000000036,0.0,0.0009669149204621825,0.00024960534178513846,2.8938785936037936e-06,0.00013576432833178306,0.6888549090877969
0.7680000000000006,0.0040000000000000036,0.0,0.0009674449933477695,0.0002491273439706634,2.896420418839919e-06,0.00011377289905575509,0.6891666794089247
0.7720000000000006,0.0040000000000000036,0.0,0.000968277186519464,0.0002487365790123219,2.8991037630525695e-06,9.202799192622485e-05,0.6894770438362016
0.7760000000000006,0.0040000000000000036,0.0,0.0009694055640079497,0.00024843199909408233,2.90191518977338e-06,7.055103969459698e-05,0.689786008732583
0.7800000000000006,0.0040000000000000036,0.0,0.0009708239445281173,0.00024821247338981307,2.904840963618441e-06,4.936310014540332e-05,0.690093580434437
0.7840000000000006,0.0040000000000000036,0.0,0.0009725259126187902,0.00024807679080785904,2.907867120140584e-06,2.8485928829783922e-05,0.6903997652507569
0.7880000000000006,0.0040000000000000036,0.0,0.0009745048301056677,0.000248023662783288,2.9109795355150055e-06,7.959684731586633e-06,0.6907045694623878
0.7920000000000006,0.0040000000000000036,0.0,0.000976753847874771,0.0002480517261136424,2.9141639955799392e-06,1.2313884581935127e-05,0.6910079993212773
0.7960000000000006,0.0040000000000000036,0.0,0.000979265917036902,0.0002481595458340103,2.917406264157012e-06,3.21436833850557e-05,0.6913100610497454
0.8000000000000006,0.0040000000000000036,0.0,0.0009820338010720834,0.0002483456181272851,2.9206921500092817e-06,5.1605014651130886e-05,0.6916107608397806
0.8040000000000006,0.0040000000000000036,0.0,0.0009850500865668027,0.0002486083732654896,2.9240075724046296e-06,7.067162826922422e-05,0.6919101048523788
0.8080000000000006,0.0040000000000000036,0.0,0.0009883071959455245,0.00024894617857806965,2.9273386247725494e-06,8.932666226338453e-05,0.6922080992169072
0.8120000000000006,0.0040000000000000036,0.0,0.0009917973981272866,0.00024935734144311295,2.9306716363967466e-06,0.00010755494581736043,0.6925047500305157
0.8160000000000006,0.0040000000000000036,0.0,0.0009955128207341645,0.0002498401122974846,2.9339932316776267e-06,0.00012534229135043552,0.6928000633575897
0.8200000000000006,0.0040000000000000036,0.0,0.0009994454613829627,0.0002503926876619298,2.937290386896628e-06,0.00014267534721282155,0.6930940452292512
0.8240000000000006,0.0040000000000000036,0.0,0.0010035871993185142,0.00025101321317723527,2.940550484142477e-06,0.00015954155447594508,0.6933867016429082
0.8280000000000006,0.0040000000000000036,0.0,0.0010079298068511279,0.0002516997866476164,2.943761362182856e-06,0.00017592913130948395,0.693678038561856
0.8320000000000006,0.0040000000000000036,0.0,0.0010124649608502948,0.00025245046108754795,2.94691136424682e-06,0.00019182706612878725,0.6939680619149365
0.8360000000000006,0.0040000000000000036,0.0,0.0010171842538883645,0.0002532632477683339,2.9499893823235877e-06,0.0002072251136794465,0.6942567775962497
0.8400000000000006,0.0040000000000000036,0.0,0.001022079205408428,0.00025413611926077977,2.9529848980006243e-06,0.0002221137919319605,0.694544191464923
0.8440000000000006,0.0040000000000000036,0.0,0.0010271412730663146,0.0002550670124704042,2.9558880196229137e-06,0.00023648437892679385,0.6948303093449424
0.8480000000000006,0.0040000000000000036,0.0,0.0010323618638576379,0.000256053831661717,2.9586895156611396e-06,0.0002503289091887292,0.6951151370250398
0.8520000000000006,0.0040000000000000036,0.0,0.0010377323442333007,0.00025709445146815445,2.961380844394226e-06,0.0002636401695354874,0.6953986802586448
0.8560000000000006,0.0040000000000000036,0.0,0.0010432440518519095,0.0002581867198843607,2.9639541794315085e-06,0.00027641169420282213,0.6956809447638913
0.8600000000000007,0.0040000000000000036,0.0,0.001048888305267185,0.0002593284612375857,2.966402431473079e-06,0.000288637759252136,0.6959619362236865
0.8640000000000007,0.0040000000000000036,0.0,0.0010546564149573733,0.0002605174791350632,2.968719266033934e-06,0.00030031337625194976,0.6962416602858431
0.8680000000000007,0.0040000000000000036,0.0,0.0010605396931017792,0.00026175155938431595,2.9708991170584875e-06,0.0003114342852367415,0.6965201225632625
0.8720000000000007,0.0040000000000000036,0.0,0.0010665294639988425,0.0002630284728834278,2.9729371967872203e-06,0.00032199694695349035,0.6967973286341833
0.8760000000000007,0.0040000000000000036,0.0,0.0010726170738371889,0.0002643459784784289,2.974829501506502e-06,0.0003319985344173117,0.6970732840424808
0.8800000000000007,0.0040000000000000036,0.0,0.0010787939004454686,0.00026570182578501727,2.9765728134638877e-06,0.0003414369237890449,0.6973479942980216
0.8840000000000007,0.0040000000000000036,0.0,0.001085051362396061,0.00026709375797195456,2.9781646989845566e-06,0.0003503106846019282,0.6976214648770737
0.8880000000000007,0.0040000000000000036,0.0,0.001091380929007319,0.00026851951450355434,2.979603502730774e-06,0.00035861906935406477,0.6978937012227671
0.8920000000000007,0.0040000000000000036,0.0,0.001097774128676965,0.0002699768338387819,2.980888338673463e-06,0.0003663620024921701,0.6981647087455952
0.8960000000000007,0.0040000000000000036,0.0,0.0011042225580284286,0.0002714634560846018,2.9820190772122064e-06,0.00037354006881285245,0.6984344928239705
0.9000000000000007,0.0040000000000000036,0.0,0.00111071789074352,0.0002729771256012829,2.9829963291177204e-06,0.0003801545013010782,0.6987030588048176
0.9040000000000007,0.0040000000000000036,0.0,0.0011172518854076117,0.00027451559355748986,2.9838214261804715e-06,0.0003862071684336579,0.6989704120042082
0.9080000000000007,0.0040000000000000036,0.0,0.0011238163940998252,0.0002760766204330778,2.9844963988121096e-06,0.00039170056096936946,0.6992365577080303
0.9120000000000007,0.0040000000000000036,0.0,0.0011304033700445958,0.00027765797846761016,2.9850239508196662e-06,0.00039663777825307026,0.6995015011726938
0.9160000000000007,0.0040000000000000036,0.0,0.0011370048752605848,0.00027925745405272336,2.985407431451262e-06,0.0004010225140564544,0.6997652476258608
0.9200000000000007,0.0040000000000000036,0.0,0.0011436130879379108,0.00028087285006656124,2.9856508049215586e-06,0.0004048590419828538,0.7000278022672072
0.9240000000000007,0.0040000000000000036,0.0,0.0011502203095792281,0.0002825019881485978,2.9857586176553667e-06,0.0004081522004579212,0.7002891702692033
0.9280000000000007,0.0040000000000000036,0.0,0.0011568189719409986,0.00028414271091327246,2.9857359634207714e-06,0.00041090737733353244,0.7005493567779166
0.9320000000000007,0.0040000000000000036,0.0,0.0011634016431438653,0.00028579288410095254,2.9855884465927406e-06,0.0004131304941268095,0.700808366913824
0.9360000000000007,0.0040000000000000036,0.0,0.0011699610347236805,0.0002874503986648521,2.9853221437143944e-06,0.00041482798992341076,0.7010662057726428
0.9400000000000007,0.0040000000000000036,0.0,0.0011764900070708665,0.00028911317279261775,2.984943563728308e-06,0.0004160068049640081,0.7013228784261657
0.9440000000000007,0.0040000000000000036,0.0,0.00118298157532498,0.0002907791538614016,2.9844596068379826e-06,0.00041667436394297977,0.7015783899230965
0.9480000000000007,0.0040000000000000036,0.0,0.0011894289150882226,0.00029244632032533296,2.983877522412196e-06,0.00041683855904113033,0.7018327452898944
0.9520000000000007,0.0040000000000000036,0.0,0.0011958253672576758,0.000294112683534409,2.98320486623618e-06,0.0004165077327191686,0.7020859495316082
0.9560000000000007,0.0040000000000000036,0.0,0.001202164443245862,0.0002957762894838972,2.9824494570916936e-06,0.0004156906602898089,0.7023380076327054
0.9600000000000007,0.0040000000000000036,0.0,0.001208439829509371,0.0002974352204934621,2.9816193330134235e-06,0.0004143965323015509,0.7025889245578927
0.9640000000000007,0.0040000000000000036,0.0,0.0012146453918131406,0.00029908759681530986,2.9807227075335715e-06,0.00041263493674754823,0.7028387052529206
0.9680000000000007,0.0040000000000000036,0.0,0.001220775179458367,0.00030073157817074093,2.9797679259008304e-06,0.00041041584113188823,0.7030873546453722
0.9720000000000008,0.0040000000000000036,0.0,0.0012268234289689289,0.00030236536521459134,2.978763421734272e-06,0.00040774957440798656,0.7033348776454331
0.9760000000000008,0.0040000000000000036,0.0,0.0012327845678315969,0.00030398720092713813,2.9777176740742232e-06,0.0004046468088205402,0.7035812791466344
0.9800000000000008,0.0040000000000000036,0.0,0.0012386532171587224,0.00030559537193313265,2.97663916522836e-06,0.0004011185416640535,0.703826564026575
0.9840000000000008,0.0040000000000000036,0.0,0.0012444241954850956,0.00030718820974770874,2.9755363395388946e-06,0.00039717607698718026,0.7040707371476109
0.9880000000000008,0.0040000000000000036,0.0,0.0012500925204991322,0.0003087640919490122,2.9744175631496086e-06,0.00039283100726297934,0.7043138033575155
0.9920000000000008,0.0040000000000000036,0.0,0.0012556534124323695,0.00031032144327747144,2.9732910850571914e-06,0.0003880951950433443,0.7045557674901058
0.9960000000000008,0.0040000000000000036,0.0,0.0012611022952140746,0.0003118587366617201,2.972164999554057e-06,0.0003829807546223376,0.7047966343658347
1.0000000000000007,0.0039999999999998925,0.0,0.0012664347990839796,0.0003133744941712639,2.9710472102780834e-06,0.0003775000337269908,0.7050364087923426
1.0040000000000007,0.0040000000000000036,0.0,0.0012716467617680273,0.00031486728789606726,2.969945395919026e-06,0.0003716655952580496,0.7052750955649718
1.0080000000000007,0.0040000000000000036,0.0,0.0012767342298522226,0.00031633574075331714,2.968866977779361e-06,0.00036549019909807326,0.7055126994672439
1.0120000000000007,0.0040000000000000036,0.0,0.0012816934599420415,0.0003177785272216836,2.9678190892636812e-06,0.0003589867840053606,0.7057492252712863
1.0160000000000007,0.0040000000000000036,0.0,0.001286520919379421,0.0003191943740035005,2.96680854743598e-06,0.0003521684496189357,0.7059846777382239
1.0200000000000007,0.0040000000000000036,0.0,0.0012912132868102785,0.00032058206061534133,2.9658418267232797e-06,0.0003450484385857004,0.7062190616185221
1.0240000000000007,0.0040000000000000036,0.0,0.0012957674522851642,0.0003219404199075418,2.9649250348302297e-06,0.0003376401188307257,0.7064523816522883
1.0280000000000007,0.0040000000000000036,0.0,0.0013001805177781812,0.0003232683385133093,2.964063890968301e-06,0.00032995696599155683,0.7066846425695267
1.0320000000000007,0.0040000000000000036,0.0,0.0013044497963451307,0.0003245647572280969,2.963263706384041e-06,0.00032201254602740406,0.706915849090346
1.0360000000000007,0.0040000000000000036,0.0,0.0013085728120895638,0.00032582867132002156,2.9625293673952628e-06,0.0003138204980253073,0.7071460059251281
1.0400000000000007,0.0040000000000000036,0.0,0.0013125472992410847,0.00032705913077213866,2.9618653207500264e-06,0.00030539451721661124,0.7073751177746428
1.0440000000000007,0.0040000000000000036,0.0,0.0013163712016428654,0.000328255240457475,2.961275561451703e-06,0.0002967483382202175,0.7076031893301264
1.0480000000000007,0.0040000000000000036,0.0,0.0013200426709687422,0.00032941616024776196,2.9607636230945077e-06,0.0002878957185269593,0.7078302252733109
1.0520000000000007,0.0040000000000000036,0.0,0.001323560065884618,0.00033054110505688415,2.960332570553265e-06,0.0002788504222416434,0.7080562302764106
1.0560000000000007,0.0040000000000000036,0.0,0.001326921950135186,0.0003316293448201082,2.9599849952280246e-06,0.0002696262040942004,0.7082812090020708
1.0600000000000007,0.0040000000000000036,0.0,0.001330127091166881,0.0003326802044102126,2.9597230125873803e-06,0.0002602367937364757,0.70850516610327
1.0640000000000007,0.0040000000000000036,0.0,0.0013331744575327074,0.0003336930634916849,2.9595482621306605e-06,0.00025069588033278285,0.7087281062231813
1.0680000000000007,0.0040000000000000036,0.0,0.001336063217177977,0.0003346673563142226,2.959461909620613e-06,0.00024101709746523914,0.7089500339950049
1.0720000000000007,0.0040000000000000036,0.0,0.0013387927348519116,0.00033560257144679326,2.959464651653977e-06,0.00023121400835441683,0.7091709540417542
1.0760000000000007,0.0040000000000000036,0.0,0.0013413625697328933,0.0003364982514535807,2.9595567223419408e-06,0.00022130009141851096,0.7093908709760102
1.0800000000000007,0.0040000000000000036,0.0,0.001343772472104816,0.00033735399251317075,2.9597379021123245e-06,0.00021128872617233563,0.709609789399644
1.0840000000000007,0.0040000000000000036,0.0,0.001346022381318971,0.00033816944398237976,2.9600075285802216e-06,0.00020119317948234406,0.70982771390351
1.0880000000000007,0.0040000000000000036,0.0,0.0013481124218910289,0.00033894430790616203,2.9603645092962497e-06,0.00019102659218684894,0.7100446490671029
1.0920000000000007,0.0040000000000000036,0.0,0.0013500429005430497,0.00033967833847507446,2.9608073363908833e-06,0.0001808019660876988,0.7102605994581984
1.0960000000000008,0.0040000000000000036,0.0,0.0013518143029396523,0.0003403713414318069,2.961334102826692e-06,0.00017053215132932487,0.7104755696324612
1.1000000000000008,0.0040000000000000036,0.0,0.0013534272899480833,0.000341023173428321,2.961942520286773e-06,0.00016022983416780104,0.7106895641330352
1.1040000000000008,0.0040000000000000036,0.0,0.001354882693825199,0.00034163374133516804,2.9626299386617858e-06,0.00014990752514438437,0.7109025874901145
1.1080000000000008,0.0040000000000000036,0.0,0.001356181514729044,0.00034220300150458966,2.9633933667827293e-06,0.00013957754767369656,0.7111146442204942
1.1120000000000008,0.0040000000000000036,0.0,0.001357324916313232,0.00034273095898901414,2.9642294943599072e-06,0.00012925202705378218,0.7113257388271108
1.1160000000000008,0.0040000000000000036,0.0,0.0013583142219490434,0.0003432176667166113,2.965134715055161e-06,0.00011894287992381337,0.7115358757985663
1.1200000000000008,0.0040000000000000036,0.0,0.0013591509104135036,0.0003436632246255609,2.96610515056848e-06,0.00010866180418259086,0.7117450596086469
1.1240000000000008,0.0040000000000000036,0.0,0.0013598366115207964,0.0003440677787587304,2.967136675497945e-06,9.842026941127868e-05,0.7119532947158318
1.1280000000000008,0.0040000000000000036,0.0,0.0013603731018443687,0.0003444315203204607,2.968224942850368e-06,8.822950786209038e-05,0.7121605855627986
1.1320000000000008,0.0040000000000000036,0.0,0.0013607623000235552,0.0003447546846971809,2.9693654101583896e-06,7.810050613867943e-05,0.7123669365759292
1.1360000000000008,0.0040000000000000036,0.0,0.001361006262209756,0.00034503755044357757,2.970553365971496e-06,6.804399782976123e-05,0.7125723521648092
1.1400000000000008,0.0040000000000000036,0.0,0.0013611071775529128,0.0003452804382360668,2.971783956640919e-06,5.8070457699758985e-05,0.7127768367217399
1.1440000000000008,0.0040000000000000036,0.0,0.0013610673632214595,0.00034548370979530326,2.973052213234378e-06,4.819009898460387e-05,0.7129803946212461
1.1480000000000008,0.0040000000000000036,0.0,0.0013608892596721543,0.0003456477667794944,2.9743530784037278e-06,3.841287841172756e-05,0.7131830302195985
1.1520000000000008,0.0040000000000000036,0.0,0.0013605754258254252,0.0003457730496502671,2.975681433240236e-06,2.874852560353335e-05,0.7133847478543413
1.1560000000000008,0.0040000000000000036,0.0,0.0013601285338833624,0.0003458600365128522,2.977032123781396e-06,1.9206678366585766e-05,0.7135855518438334
1.1600000000000008,0.0040000000000000036,0.0,0.0013595513647513809,0.0003459092419323441,2.978399987131182e-06,9.79782185980834e-06,0.7137854464868039
1.1640000000000008,0.0040000000000000036,0.0,0.0013588468024950148,0.0003459212157277947,2.9797798770944382e-06,6.24179265083842e-07,0.7139844360619206
1.1680000000000008,0.0040000000000000036,0.0,0.001358017829854608,0.000345896541745889,2.9811666892472884e-06,8.611192594900087e-06,0.7141825248273797
1.1720000000000008,0.0040000000000000036,0.0,0.0013570675224320802,0.0003458358366159531,2.9825553852332215e-06,1.757522492983953e-05,0.7143797170205113
1.1760000000000008,0.0040000000000000036,0.0,0.0013559990444737796,0.00034573974848804153,2.9839410162220222e-06,2.63775589147827e-05,0.7145760168574055
1.1800000000000008,0.0040000000000000036,0.0,0.0013548156427992198,0.00034560895575581706,2.9853187454459795e-06,3.5008885471523545e-05,0.7147714285325646
1.1840000000000008,0.0040000000000000036,0.0,0.0013535206423754486,0.0003454441657659625,2.986683869728912e-06,4.3461700919766356e-05,0.7149659562185754
1.1880000000000008,0.0040000000000000036,0.0,0.0013521174409038131,0.0003452461135158074,2.9880318399747363e-06,5.172906338231694e-05,0.715159604065803
1.1920000000000008,0.0040000000000000036,0.0,0.0013506095033835003,0.0003450155603408824,2.989358280330243e-06,5.980442567578602e-05,0.7153523762021177
1.1960000000000008,0.0040000000000000036,0.0,0.0013490003577061216,0.00034475329259406193,2.990659006322832e-06,6.768159581913886e-05,0.715544276732642
1.2000000000000008,0.0040000000000000036,0.0,0.0013472935887211398,0.000344460120317952,2.991930041458951e-06,7.535472495676718e-05,0.7157353097395254
1.2040000000000008,0.0040000000000000036,0.0,0.0013454928336331645,0.0003441368759121688,2.9931676325605815e-06,8.281830311189514e-05,0.7159254792817515
1.2080000000000009,0.0040000000000000036,0.0,0.001343601776912111,0.0003437844127971151,2.9943682636886516e-06,9.006715750893251e-05,0.7161147893949684
1.2120000000000009,0.0040000000000000036,0.0,0.0013416241450305638,0.00034340360407585064,2.995528668642241e-06,9.70964517265729e-05,0.7163032440913483
1.2160000000000009,0.0040000000000000036,0.0,0.0013395637015121014,0.00034299534119563497,2.9966458419473763e-06,0.00010390168502309742,0.7164908473594804
1.2200000000000009,0.0040000000000000036,0.0,0.0013374242420338908,0.00034256053261066483,2.9977170483600056e-06,0.00011047869156329244,0.7166776031642836
1.2240000000000009,0.0040000000000000036,0.0,0.0013352095895741755,0.0003421001024475445,2.998739830793394e-06,0.00011682363941288644,0.7168635154469573
1.2280000000000009,0.0040000000000000036,0.0,0.0013329235893461192,0.0003416149891749699,2.9997120168214566e-06,0.00012293302924735395,0.7170485881249553
1.2320000000000009,0.0040000000000000036,0.0,0.0013305701041744732,0.00034110614427908535,3.000631723545914e-06,0.00012880369274836007,0.7172328250919878
1.2360000000000009,0.0040000000000000036,0.0,0.0013281530095605226,0.0003405745309459422,3.001497361031316e-06,0.00013443279067434588,0.7174162302180541
1.2400000000000009,0.0040000000000000036,0.0,0.0013256761890108229,0.00034002112275246523,3.0023076342017772e-06,0.00013981781060094767,0.717598807349499
1.2440000000000009,0.0040000000000000036,0.0,0.001323143529710993,0.000339446902367282,3.003061543251206e-06,0.00014495656433667368,0.7177805603090975
1.2480000000000009,0.0040000000000000036,0.0,0.0013205589175352595,0.00033885286026275177,3.0037583826183653e-06,0.0001498471850168085,0.7179614928961667
1.252000000000001,0.0040000000000000036,0.0,0.0013179262328104082,0.00033823999343948974,3.0043977385288196e-06,0.00015448812387723905,0.7181416088866938
1.256000000000001,0.0040000000000000036,0.0,0.0013152493460812842,0.00033760930416465586,3.004979485146463e-06,0.0001588781467224674,0.7183209120335036
1.260000000000001,0.0040000000000000036,0.0,0.0013125321135369213,0.00033696179872521654,3.005503779419176e-06,0.000163016330092893,0.7184994060664306
1.264000000000001,0.0040000000000000036,0.0,0.0013097783727685163,0.0003362984861973837,3.0059710547007e-06,0.00016690205713656048,0.7186770946925262
1.268000000000001,0.0040000000000000036,0.0,0.0013069919389477565,0.0003356203772333773,3.0063820130151462e-06,0.00017053501319908677,0.7188539815962804
1.272000000000001,0.0040000000000000036,0.0,0.0013041766004949472,0.0003349284828666165,3.0067376162984e-06,0.00017391518113982682,0.7190300704398618
1.276000000000001,0.0040000000000000036,0.0,0.0013013361152532739,0.0003342238133364143,3.007039076508056e-06,0.00017704283638433053,0.7192053648633775
1.280000000000001,0.0040000000000000036,0.0,0.0012984742069212963,0.00033350737693321026,3.007287844651292e-06,0.0001799185417188171,0.7193798684851478
1.284000000000001,0.0040000000000000036,0.0,0.001295594560806694,0.00033278017886533397,3.007485598987482e-06,0.00018254314184258826,0.7195535849019968
1.288000000000001,0.0040000000000000036,0.0,0.0012927008205246963,0.00033204322014824124,3.0076342322686186e-06,0.00018491775768612398,0.7197265176895554
1.292000000000001,0.0040000000000000036,0.0,0.0012897965846258518,0.00033129749651714157,3.00773583824255e-06,0.00018704378050277124,0.7198986704025745
1.296000000000001,0.0040000000000000036,0.0,0.0012868854028103634,0.0003305439973638779,3.0077926974104153e-06,0.00018892286574888895,0.7200700465752539
1.300000000000001,0.0040000000000000036,0.0,0.001283970773023346,0.0003297837046988868,3.007807262206089e-06,0.00019055692675880315,0.7202406497215726
1.304000000000001,0.0040000000000000036,0.0,0.0012810561379761082,0.00032901759213902024,3.00778214158635e-06,0.0001919481282286074,0.7204104833356327
1.308000000000001,0.0040000000000000036,0.0,0.001278144882392087,0.00032824662392197043,3.0077200852504485e-06,0.00019309887951639653,0.7205795508920068
1.312000000000001,0.0040000000000000036,0.0,0.001275240329688369,0.00032747175394798973,3.0076239674278533e-06,0.00019401182777253634,0.7207478558460844
1.316000000000001,0.0040000000000000036,0.0,0.0012723457395727937,0.0003266939248495718,3.0074967704195718e-06,0.0001946898509066887,0.7209154016344325
1.320000000000001,0.0040000000000000036,0.0,0.0012694643050030234,0.00032591406708968863,3.0073415679519487e-06,0.00019513605040938795,0.7210821916751469
1.324000000000001,0.0040000000000000036,0.0,0.0012665991499061099,0.00032513309808916257,3.0071615083980923e-06,0.0001953537440298416,0.7212482293682061
1.328000000000001,0.0040000000000000036,0.0,0.0012637533265350991,0.0003243519213836977,3.0069597979507643e-06,0.00019534645832728568,0.7214135180958281
1.332000000000001,0.0040000000000000036,0.0,0.0012609298131680054,0.00032357142581104824,3.006739683990605e-06,0.00019511792110487458,0.7215780612228186
1.336000000000001,0.0040000000000000036,0.0,0.001258131511984981,0.00032279248472876946,3.0065044384274833e-06,0.00019467205373496207,0.721741862096917
1.340000000000001,0.0040000000000000036,0.0,0.0012553612468681507,0.0003220159552629398,3.0062573412963714e-06,0.00019401296339051946,0.7219049240491393
1.344000000000001,0.0040000000000000036,0.0,0.0012526217616618206,0.0003212426775882174,3.0060016647375287e-06,0.000193144935187547,0.7220672503941094
1.348000000000001,0.0040000000000000036,0.0,0.001249915718107878,0.00032047347423953414,3.0057406573315197e-06,0.00019207242425517526,0.7222288444303874
1.352000000000001,0.0040000000000000036,0.0,0.0012472456942597347,0.0003197091494557072,3.0054775287042953e-06,0.00019080004773787637,0.7223897094407861
1.356000000000001,0.0040000000000000036,0.0,0.0012446141828540164,0.00031895048855519,3.0052154348310163e-06,0.00018933257674529316,0.7225498486926781
1.360000000000001,0.0040000000000000036,0.0,0.0012420235900933879,0.00031819825734415445,3.0049574637844406e-06,0.0001876749282571562,0.7227092654382951
1.364000000000001,0.0040000000000000036,0.0,0.0012394762338682288,0.0003174532015570495,3.0047066221444097e-06,0.0001858321569930271,0.72286796291501
1.368000000000001,0.0040000000000000036,0.0,0.001236974343031519,0.000316716046329743,3.004465822032671e-06,0.00018380944725956082,0.723025944345611
1.372000000000001,0.0040000000000000036,0.0,0.0012345200560400231,0.0003159874957053176,3.004237868936149e-06,0.00018161210478171325,0.7231832129385622
1.376000000000001,0.0040000000000000036,0.0,0.0012321154201307158,0.00031526823217254964,3.0040254502434006e-06,0.0001792455485288577,0.7233397718882506
1.380000000000001,0.0040000000000000036,0.0,0.0012297623901434418,0.0003145589162370551,3.003831124580572e-06,0.00017671530254942147,0.7234956243752168
1.384000000000001,0.0040000000000000036,0.0,0.0012274628285288312,0.00031386018602505984,3.003657312012322e-06,0.00017402698781534325,0.7236507735663723
1.388000000000001,0.0040000000000000036,0.0,0.0012252185039350629,0.00031317265691971656,3.003506285148387e-06,0.00017118631409168938,0.723805222615206
1.392000000000001,0.0040000000000000036,0.0,0.001223031091446999,0.0003124969212298286,3.0033801610778112e-06,0.00016819907184180717,0.7239589746619678
1.396000000000001,0.0040000000000000036,0.0,0.0012209021715940598,0.0003118335478908428,3.0032808942407065e-06,0.00016507112416888248,0.7241120328338428
1.400000000000001,0.0040000000000000036,0.0,0.0012188332305758769,0.00031118308219791235,3.0032102702121268e-06,0.00016180839881106094,0.7242644002451101
1.404000000000001,0.0040000000000000036,0.0,0.001216825659991547,0.0003105460455708043,3.0031699005155885e-06,0.0001584168801941375,0.7244160799972823
1.408000000000001,0.0040000000000000036,0.0,0.0012148807567104285,0.0003099229353503908,3.0031612182722576e-06,0.00015490260155205372,0.7245670751792337
1.412000000000001,0.0040000000000000036,0.0,0.0012129997229816275,0.00030931422462643625,3.003185474881737e-06,0.00015127163712155223,0.7247173888673099
1.416000000000001,0.0040000000000000036,0.0,0.001211183666971702,0.0003087203620963559,3.0032437376104177e-06,0.00014753009442000802,0.724867024125427
1.420000000000001,0.0040000000000000036,0.0,0.0012094336024529337,0.0003081417719545884,3.003336888073296e-06,0.00014368410661405487,0.7250159840051499
1.424000000000001,0.0040000000000000036,0.0,0.001207750449842486,0.00030757885381221204,3.0034656217861743e-06,0.00013973982498464968,0.7251642715457647
1.428000000000001,0.0040000000000000036,0.0,0.0012061350362150083,0.00030703198264637864,3.003630448473688e-06,0.0001357034114982531,0.7253118897743278
1.432000000000001,0.0040000000000000036,0.0,0.0012045880963083898,0.00030650150877912754,3.00383169338534e-06,0.0001315810314921905,0.7254588417057087
1.436000000000001,0.0040000000000000036,0.0,0.0012031102729646865,0.00030598775788511927,3.0040694993753666e-06,0.00012737884647395876,0.7256051303426173
1.440000000000001,0.0040000000000000036,0.0,0.0012017021180186199,0.00030549103102779304,3.0043438299294648e-06,0.00012310300704858102,0.7257507586756197
1.444000000000001,0.0040000000000000036,0.0,0.001200364093268369,0.00030501160472342823,3.0046544729028124e-06,0.00011875964597781958,0.7258957296831404
1.448000000000001,0.0040000000000000036,0.0,0.0011990965710667,0.0003045497310325711,3.0050010450695654e-06,0.0001143548713737228,0.7260400463314564
1.452000000000001,0.0040000000000000036,0.0,0.0011978998361980564,0.0003041056376782591,3.0053829974225184e-06,0.00010989476003899463,0.7261837115746805
1.456000000000001,0.0040000000000000036,0.0,0.0011967740861745127,0.0003036795281904631,3.005799621135285e-06,0.00010538535095264914,0.7263267283547337
1.460000000000001,0.0040000000000000036,0.0,0.001195719432910417,0.0003032715820761364,3.0062500541932194e-06,0.00010083263890904945,0.7264690996013102
1.464000000000001,0.0040000000000000036,0.0,0.0011947359040182092,0.0003028819550142418,3.0067332885908055e-06,9.624256831904061e-05,0.7266108282318351
1.468000000000001,0.0040000000000000036,0.0,0.0011938234440935615,0.0003025107790751176,3.007248178177059e-06,9.162102717135927e-05,0.7267519171514137
1.472000000000001,0.0040000000000000036,0.0,0.0011929819162674294,0.00030215816296351444,3.0077934469457567e-06,8.697384116325222e-05,0.7268923692527766
1.476000000000001,0.0040000000000000036,0.0,0.0011922111035588604,0.0003018241922846272,3.008367697783289e-06,8.23067680039505e-05,0.7270321874162162
1.480000000000001,0.0040000000000000036,0.0,0.001191510710677726,0.0003015089298324303,3.0089694216344737e-06,7.76254918940897e-05,0.7271713745095253
1.484000000000001,0.0040000000000000036,0.0,0.001190880365810713,0.0003012124158995971,3.0095970069912046e-06,7.293561818990631e-05,0.7273099333879236
1.488000000000001,0.0040000000000000036,0.0,0.0011903196218279774,0.00030093466860829155,3.010248749741123e-06,6.824266825060955e-05,0.7274478668939901
1.492000000000001,0.0040000000000000036,0.0,0.0011898279585853243,0.0003006756842610946,3.010922863197998e-06,6.35520744792137e-05,0.7275851778575869
1.496000000000001,0.0040000000000000036,0.0,0.0011894047843619708,0.0003004354377113188,3.0116174884269017e-06,5.8869175563410904e-05,0.7277218690957886
1.500000000000001,0.0040000000000000036,0.0,0.0011890494382022134,0.00030021388275195185,3.012330704644771e-06,5.41992119234323e-05,0.7278579434128031
1.5040000000000011,0.0040000000000000036,0.0,0.0011887611914784754,0.0003000109525224857,3.0130605396237992e-06,4.9547321378219364e-05,0.7279934035999088
1.5080000000000011,0.0040000000000000036,0.0,0.001188539249978323,0.0002998265599328152,3.013804980236459e-06,4.491853506692397e-05,0.7281282524353694
1.5120000000000011,0.0040000000000000036,0.0,0.0011883827557652579,0.0002996605981034732,3.0145619830063593e-06,4.0317773641167656e-05,0.7282624926843735
1.5160000000000011,0.0040000000000000036,0.0,0.0011882907898369231,0.00029951294082139257,3.015329484525715e-06,3.5749843827299796e-05,0.7283961270989671
1.5200000000000011,0.0040000000000000036,0.0,0.001188262373334732,0.0002993834430104056,3.016105411736777e-06,3.121943551055372e-05,0.7285291584179938
1.5240000000000011,0.0040000000000000036,0.0,0.001188296470570583,0.0002992719412156947,3.0168876921352793e-06,2.6731119704825173e-05,0.7286615893670328
1.5280000000000011,0.0040000000000000036,0.0,0.0011883919903165191,0.00029917825410139036,3.017674263702377e-06,2.228934833919401e-05,0.7287934226583505
1.5320000000000011,0.0040000000000000036,0.0,0.0011885477889968616,0.00029910218296052296,3.018463084588951e-06,1.7898458530540638e-05,0.7289246609908532
1.5360000000000011,0.0040000000000000036,0.0,0.0011887626718547256,0.00029904351223652287,3.019252142486125e-06,1.3562690653414232e-05,0.7290553070500454
1.5400000000000011,0.0040000000000000036,0.0,0.0011890353959192748,0.0002990020100554765,3.0200394636952027e-06,9.286262959188477e-06,0.729185363508
1.5440000000000011,0.0040000000000000036,0.0,0.0011893646720601897,0.00029897742876832897,3.0208231218778318e-06,5.073824467939532e-06,0.7293148330233303
1.5480000000000012,0.0040000000000000036,0.0,0.0011897491670598006,0.0002989695055022463,3.021601246279303e-06,9.428667433337169e-07,0.729443718241171
1.5520000000000012,0.0040000000000000036,0.0,0.0011901875063520329,0.0002989779627203367,3.0223720295615893e-06,3.160300183735161e-06,0.7295720217931706
1.5560000000000012,0.0040000000000000036,0.0,0.0011906782758373774,0.000299002508788949,3.0231337352340886e-06,7.160199538618128e-06,0.7296997462974891
1.5600000000000012,0.0040000000000000036,0.0,0.0011912200243569956,0.0002990428385517485,3.0238847044775465e-06,1.1085321783984205e-05,0.7298268943588045
1.5640000000000012,0.0040000000000000036,0.0,0.001191811266075133,0.0002990986339098005,3.0246233625907856e-06,1.4930564275397452e-05,0.7299534685683299
1.5680000000000012,0.0040000000000000036,0.0,0.0011924504827664068,0.0002991695644068837,3.0253482247417426e-06,1.869256622926348e-05,0.730079471503837
1.5720000000000012,0.0040000000000000036,0.0,0.0011931361260047906,0.0002992552878192677,3.0260579012773412e-06,2.2368329106937564e-05,0.7302049057296925
1.5760000000000012,0.0040000000000000036,0.0,0.0011938666197163306,0.0002993554507491926,3.026751102447358e-06,2.5955059206074703e-05,0.7303297737969004
1.5800000000000012,0.0040000000000000036,0.0,0.0011946403619756125,0.0002994696892212991,3.027426642547632e-06,2.9450132194474166e-05,0.7304540782431548
1.5840000000000012,0.0040000000000000036,0.0,0.0011954557279037262,0.0002995976292812725,3.0280834434183077e-06,3.285108217767944e-05,0.7305778215929006
1.5880000000000012,0.0040000000000000036,0.0,0.001196311071617978,0.00029973888759595964,3.028720537450388e-06,3.6155597602952524e-05,0.7307010063574071
1.5920000000000012,0.0040000000000000036,0.0,0.0011972047284406762,0.0002998930720542499,3.02933706990275e-06,3.9361519444559304e-05,0.7308236350348455
1.5960000000000012,0.0040000000000000036,0.0,0.0011981350172705592,0.0003000597823679939,3.029932300698404e-06,4.2466840206977726e-05,0.7309457101103776
1.6000000000000012,0.0040000000000000036,0.0,0.001199100242743233,0.00030023861067228046,3.0305056055411866e-06,4.546970321052408e-05,0.7310672340562541
1.6040000000000012,0.0040000000000000036,0.0,0.0012000986974570694,0.0003004291421243761,3.0310564765911762e-06,4.8368401923543826e-05,0.7311882093319209
1.6080000000000012,0.0040000000000000036,0.0,0.0012011286642621766,0.00030063095550065324,3.0315845224391335e-06,5.1161379246277205e-05,0.7313086383841286
1.6120000000000012,0.0040000000000000036,0.0,0.0012021884182407802,0.00030084362379085336,3.0320894675630022e-06,5.384722669550387e-05,0.731428523647056
1.6160000000000012,0.0040000000000000036,0.0,0.0012032762287483157,0.0003010667147890397,3.0325711512656694e-06,5.642468346730981e-05,0.7315478675424385
1.6200000000000012,0.0040000000000000036,0.0,0.0012043903618821625,0.00030129979168061125,3.0330295260222373e-06,5.8892635366529827e-05,0.7316666724797013
1.6240000000000012,0.0040000000000000036,0.0,0.0012055290822687997,0.0003015424136247572,3.0334646553136127e-06,6.125011359673705e-05,0.7317849408561008
1.6280000000000012,0.0040000000000000036,0.0,0.0012066906551847676,0.0003017941363317647,3.0338767110855827e-06,6.349629341333758e-05,0.7319026750568728
1.6320000000000012,0.0040000000000000036,0.0,0.0012078733484568312,0.0003020545126345883,3.0342659705900117e-06,6.56304926361398e-05,0.7320198774553838
1.6360000000000012,0.0040000000000000036,0.0,0.0012090754344175711,0.00030232309305412133,3.034632812851092e-06,6.765217002694318e-05,0.7321365504132888
1.6400000000000012,0.0040000000000000036,0.0,0.0012102951921906522,0.00030259942635761064,3.0349777147078316e-06,6.95609235323515e-05,0.7322526962806915
1.6440000000000012,0.0040000000000000036,0.0,0.001211530909111711,0.0003028830601096979,3.0353012464913562e-06,7.135648840040287e-05,0.7323683173963098
1.6480000000000012,0.0040000000000000036,0.0,0.0012127808827554533,0.0003031735412155596,3.035604067301479e-06,7.30387351662328e-05,0.7324834160876457
1.6520000000000012,0.0040000000000000036,0.0,0.0012140434226500958,0.00030347041645565725,3.0358869199371747e-06,7.46076675201282e-05,0.7325979946711543
1.6560000000000012,0.0040000000000000036,0.0,0.0012153168523209306,0.00030377323301161783,3.0361506255586366e-06,7.606342005649785e-05,0.7327120554524174
1.6600000000000013,0.0040000000000000036,0.0,0.0012165995106569933,0.00030408153898278634,3.0363960781329416e-06,7.740625590946586e-05,0.7328256007263194
1.6640000000000013,0.0040000000000000036,0.0,0.0012178897537912382,0.0003043948838930055,3.036624238542559e-06,7.86365642799163e-05,0.7329386327772202
1.6680000000000013,0.0040000000000000036,0.0,0.0012191859563981738,0.0003047128191871998,3.036836128595812e-06,7.975485785833249e-05,0.7330511538791298
1.6720000000000013,0.0040000000000000036,0.0,0.0012204865138693405,0.00030503489871737307,3.0370328247700977e-06,8.07617701500926e-05,0.7331631662958885
1.6760000000000013,0.0040000000000000036,0.0,0.0012217898431799684,0.00030536067921761717,3.03721545184812e-06,8.165805270376214e-05,0.7332746722813346
1.6800000000000013,0.0040000000000000036,0.0,0.0012230943847266883,0.00030568972076777884,3.037385176499578e-06,8.244457225058172e-05,0.7333856740794814
1.6840000000000013,0.0040000000000000036,0.0,0.0012243986035885247,0.0003060215872454405,3.0375432007858112e-06,8.312230775977148e-05,0.7334961739246885
1.6880000000000013,0.0040000000000000036,0.0,0.001225700991122263,0.00030635584676587776,3.0376907555824044e-06,8.369234741204648e-05,0.7336061740418258
1.6920000000000013,0.0040000000000000036,0.0,0.0012270000657145395,0.00030669207210969675,3.037829094035355e-06,8.415588549821431e-05,0.7337156766464417
1.6960000000000013,0.0040000000000000036,0.0,0.0012282943747769738,0.000307029841137865,3.0379594850144604e-06,8.451421924925395e-05,0.733824683944925
1.7000000000000013,0.0040000000000000036,0.0,0.0012295824954482227,0.00030736873719385975,3.03808320669417e-06,8.476874559794619e-05,0.7339331981346605
1.7040000000000013,0.0040000000000000036,0.0,0.001230863035907921,0.0003077083494926929,3.0382015401428564e-06,8.492095788130567e-05,0.7340412214041837
1.7080000000000013,0.0040000000000000036,0.0,0.0012321346362181033,0.00030804827349658356,3.0383157631125917e-06,8.497244248744367e-05,0.7341487559333277
1.7120000000000013,0.0040000000000000036,0.0,0.0012333959699570825,0.00030838811127706286,3.0384271438958986e-06,8.492487544987044e-05,0.7342558038933679
1.7160000000000013,0.0040000000000000036,0.0,0.0012346457444833941,0.00030872747186332496,3.0385369354052994e-06,8.478001899593212e-05,0.7343623674471558
1.7200000000000013,0.0040000000000000036,0.0,0.0012358827022664375,0.00030906597157665525,3.0386463694411762e-06,8.453971805565846e-05,0.7344684487492541
1.7240000000000013,0.0040000000000000036,0.0,0.0012371056217520768,0.00030940323435077954,3.0387566512019822e-06,8.42058967302401e-05,0.734574049946058
1.7280000000000013,0.0040000000000000036,0.0,0.0012383133180368917,0.00030973889203800655,3.038868954008769e-06,8.378055473359481e-05,0.7346791731759158
1.7320000000000013,0.0040000000000000036,0.0,0.001239504643712099,0.0003100725847010432,3.038984414305088e-06,8.326576380076253e-05,0.7347838205692402
1.7360000000000013,0.0040000000000000036,0.0,0.0012406784893405085,0.0003104039608903902,3.0391041269332988e-06,8.266366407709181e-05,0.7348879942486113
1.7400000000000013,0.0040000000000000036,0.0,0.0012418337845537788,0.00031073267790724095,3.039229140729136e-06,8.197646048942134e-05,0.7349916963288743
1.7440000000000013,0.0040000000000000036,0.0,0.0012429694982488922,0.0003110584020518192,3.039360454400757e-06,8.120641910046264e-05,0.7350949289172298
1.7480000000000013,0.0040000000000000036,0.0,0.0012440846392296227,0.0003113808088571251,3.039499012807528e-06,8.035586345897199e-05,0.735197694113315
1.7520000000000013,0.0040000000000000036,0.0,0.0012451782565781788,0.0003116995833080547,3.0396457034981176e-06,7.942717094009709e-05,0.7352999940092806
1.7560000000000013,0.0040000000000000036,0.0,0.0012462494405617412,0.000312014420045887,3.039801353639142e-06,7.842276908698056e-05,0.7354018306898549
1.7600000000000013,0.0040000000000000036,0.0,0.0012472973221137364,0.00031232502355815723,3.0399667272998503e-06,7.734513195824607e-05,0.7355032062324056
1.7640000000000013,0.0040000000000000036,0.0,0.001248321074101169,0.00031263110835393743,3.0401425231035685e-06,7.619677648030933e-05,0.7356041227069918
1.7680000000000013,0.0040000000000000036,0.0,0.00124931991081415,0.00031293239912456633,3.040329372178539e-06,7.498025881309536e-05,0.7357045821764063
1.7720000000000014,0.0040000000000000036,0.0,0.0012502930887966976,0.00031322863088989277,3.0405278366511e-06,7.369817073111787e-05,0.735804586696216
1.7760000000000014,0.0040000000000000036,0.0,0.0012512399064392317,0.0003135195491301053,3.0407384082903417e-06,7.235313602565274e-05,0.735904138314789
1.7800000000000014,0.0040000000000000036,0.0,0.0012521597045569862,0.0003138049099032393,3.040961507683494e-06,7.094780692929556e-05,0.7360032390733185
1.7840000000000014,0.0040000000000000036,0.0,0.0012530518661780343,0.00031408447994846537,3.0411974836953692e-06,6.948486056810564e-05,0.736101891005837
1.7880000000000014,0.0040000000000000036,0.0,0.0012539158164311846,0.00031435803677528853,3.041446613303705e-06,6.796699544667753e-05,0.7362000961392292
1.7920000000000014,0.0040000000000000036,0.0,0.0012547510228878406,0.0003146253687387777,3.0417091018637016e-06,6.639692796499303e-05,0.7362978564932297
1.7960000000000014,0.0040000000000000036,0.0,0.0012555569952068803,0.00031488627510098627,3.041985083569608e-06,6.477738897536752e-05,0.7363951740804209
1.8000000000000014,0.0040000000000000036,0.0,0.0012563332849700685,0.0003151405660787209,3.0422746223388358e-06,6.31111203805096e-05,0.7364920509062229
1.8040000000000014,0.0040000000000000036,0.0,0.0012570794856192901,0.0003153880628778395,3.0425777130454923e-06,6.140087177666215e-05,0.7365884889688806
1.8080000000000014,0.0040000000000000036,0.0,0.0012577952321425744,0.00031562859771425237,3.042894282983529e-06,5.964939714266815e-05,0.7366844902594378
1.8120000000000014,0.0040000000000000036,0.0,0.001258480200863184,0.00031586201382184247,3.043224193711303e-06,5.7859451582135634e-05,0.7367800567617158
1.8160000000000014,0.0040000000000000036,0.0,0.0012591341089789603,0.00031608816544750245,3.043567243106916e-06,5.6033788117402106e-05,0.7368751904522788
1.8200000000000014,0.0040000000000000036,0.0,0.0012597567144699655,0.00031630691783352563,3.043923167756747e-06,5.417515454310836e-05,0.7369698933004014
1.8240000000000014,0.0040000000000000036,0.0,0.0012603478153162303,0.00031651814718757355,3.0442916455549983e-06,5.2286290336314744e-05,0.7370641672680294
1.8280000000000014,0.0040000000000000036,0.0,0.0012609072494367641,0.00031672174064046563,3.0446722985251396e-06,5.036992362808329e-05,0.737158014309735
1.8320000000000014,0.0040000000000000036,0.0,0.001261434893939333,0.00031691759619205005,3.0450646958432524e-06,4.842876824255619e-05,0.737251436372674
1.8360000000000014,0.0040000000000000036,0.0,0.0012619306648267588,0.00031710562264541616,3.045468357113739e-06,4.64655208006396e-05,0.7373444353965342
1.8400000000000014,0.0040000000000000036,0.0,0.0012623945161029549,0.0003172857395297216,3.0458827557772105e-06,4.448285789350363e-05,0.7374370133134858
1.8440000000000014,0.0040000000000000036,0.0,0.0012628264395988047,0.0003174578770119135,3.0463073226824155e-06,4.248343332652577e-05,0.7375291720481283
1.8480000000000014,0.0040000000000000036,0.0,0.0012632264640217714,0.00031762197579763825,3.0467414497731174e-06,4.046987543905149e-05,0.7376209135174354
1.8520000000000014,0.0040000000000000036,0.0,0.0012635946544608053,0.0003177779870216313,3.0471844938923634e-06,3.844478449777282e-05,0.7377122396306995
1.8560000000000014,0.0040000000000000036,0.0,0.0012639311117303013,0.00031792587212789057,3.047635780715919e-06,3.641073016806456e-05,0.7378031522894737
1.8600000000000014,0.0040000000000000036,0.0,0.001264235971465229,0.0003180656027399497,3.0480946086729533e-06,3.4370249066845623e-05,0.7378936533875163
1.8640000000000014,0.0040000000000000036,0.0,0.0012645094034941645,0.00031819716052156516,3.0485602530275633e-06,3.232584239654801e-05,0.7379837448107331
1.8680000000000014,0.0040000000000000036,0.0,0.0012647516113136784,0.00031832053702813634,3.0490319699065817e-06,3.027997366359789e-05,0.7380734284371194
1.8720000000000014,0.0040000000000000036,0.0,0.0012649628307858072,0.00031843573354919046,3.049509000345063e-06,2.8235066486454068e-05,0.7381627061367037
1.8760000000000014,0.0040000000000000036,0.0,0.001265143329638505,0.00031854276094226715,3.0499905743591216e-06,2.619350249463213e-05,0.7382515797714948
1.8800000000000014,0.0040000000000000036,0.0,0.0012652934066268542,0.00031864163945853185,3.0504759149757933e-06,2.4157619325931498e-05,0.738340051195425
1.8840000000000015,0.0040000000000000036,0.0,0.0012654133906179815,0.0003187323985604666,3.0509642421704745e-06,2.212970873178314e-05,0.7384281222543012
1.8880000000000015,0.0040000000000000036,0.0,0.0012655036395990368,0.00031881507673197973,3.0514547767533695e-06,2.0112014804183402e-05,0.7385157947857508
1.8920000000000015,0.0040000000000000036,0.0,0.0012655645397829833,0.00031888972128127753,3.0519467442291687e-06,1.8106732352742885e-05,0.7386030706191781
1.8960000000000015,0.0040000000000000036,0.0,0.001265596505074579,0.0003189563881368572,3.0524393784966663e-06,1.6116005485591463e-05,0.7386899515757162
1.9000000000000015,0.0040000000000000036,0.0,0.0012655999755799595,0.00031901514163696043,3.0529319254243463e-06,1.4141926496011488e-05,0.738776439468184
1.9040000000000015,0.0040000000000000036,0.0,0.001265575416913616,0.00031906605431285197,3.0534236463297985e-06,1.2186535299282942e-05,0.7388625361010501
1.9080000000000015,0.0040000000000000036,0.0,0.0012655233193369687,0.0003191092066662753,3.0539138212551582e-06,1.0251819993531728e-05,0.7389482432703954
1.9120000000000015,0.0040000000000000036,0.0,0.0012654441963768765,0.0003191446869414335,3.0544017521718333e-06,8.33972014527479e-06,0.7390335627638797
1.9160000000000015,0.0040000000000000036,0.0,0.001265338584590137,0.0003191725908918602,3.0548867659221257e-06,6.452138024803059e-06,0.7391184963607129
1.9200000000000015,0.0040000000000000036,0.0,0.001265207041578103,0.0003191930215425255,3.0553682170100338e-06,4.590979471635798e-06,0.7392030458316299
1.9240000000000015,0.0040000000000000036,0.0,0.0012650505911479682,0.00031920643510401206,3.055845769770598e-06,2.9312631684760973e-06,0.7392030458316299
1.9280000000000015,0.0040000000000000036,0.0,0.0012648702841007125,0.00031921335247594117,3.0563193141165804e-06,1.1919808499812316e-06,0.7393720703186263
1.9320000000000015,0.0040000000000000036,0.0,0.00126466502912446,0.0003192126142993332,3.0567873712002303e-06,7.155979010639494e-07,0.7394552496805696
1.9360000000000015,0.0040000000000000036,0.0,0.0012644357459325175,0.0003192045358567577,3.0572494855029664e-06,2.525966079202528e-06,0.7395381226578945
1.9400000000000015,0.0040000000000000036,0.0,0.001264183278148934,0.00031918937786193493,3.0577052202478984e-06,4.27963472137802e-06,0.7396206693072689
1.9440000000000015,0.0040000000000000036,0.0,0.0012639084219454632,0.0003191673658139304,3.0581541673322776e-06,5.979258523861029e-06,0.7397028761275833
1.9480000000000015,0.0040000000000000036,0.0,0.0012636119450280168,0.0003191387029986174,3.0585959531518894e-06,7.629292972372834e-06,0.7397847342267776
1.9520000000000015,0.0040000000000000036,0.0,0.0012632949757982368,0.0003191038990276093,3.0590304090769495e-06,9.072690679896567e-06,0.7397847342267776
1.9560000000000015,0.0040000000000000036,0.0,0.001262959017940515,0.0003190638529664633,3.0594577208505634e-06,1.0401369428368827e-05,0.7398662379687946
1.9600000000000015,0.0040000000000000036,0.0,0.0012626041281370048,0.00031901829727891325,3.0598775513164694e-06,1.1798472646863359e-05,0.7399484206016197
1.9640000000000015,0.0040000000000000036,0.0,0.0012622300261952754,0.00031896666149326734,3.0602894543371795e-06,1.341023155866841e-05,0.7401111203282399
1.9680000000000015,0.0040000000000000036,0.0,0.0012618363507434242,0.00031890815858142747,3.0606928255128995e-06,1.5085688226812656e-05,0.7401907077706524
1.9720000000000015,0.0040000000000000036,0.0,0.0012614244731887602,0.0003188433692060459,3.0610875748896525e-06,1.6625667006766694e-05,0.7402700841062227
1.9760000000000015,0.0040000000000000036,0.0,0.001260995566482771,0.00031877274337514295,3.061473636400734e-06,1.8059608205058353e-05,0.7403492045137994
1.9800000000000015,0.0040000000000000036,0.0,0.0012605506701368495,0.0003186966439032709,3.061850978860086e-06,1.940714543813831e-05,0.7404280381361592
1.9840000000000015,0.0040000000000000036,0.0,0.0012600907345376733,0.0003186153756009758,3.062219610704501e-06,2.0681328246735586e-05,0.7405065640433774
1.9880000000000015,0.0040000000000000036,0.0,0.001259616649905192,0.00031852920484549925,3.0625795812562313e-06,2.1890793427893565e-05,0.7405847682858866
1.9920000000000015,0.0040000000000000036,0.0,0.001259129266301608,0.0003184383726788697,3.062930980313184e-06,2.304122577381995e-05,0.740662641780037
1.9960000000000016,0.0040000000000000036,0.0,0.0012586294064388637,0.00031834310355594687,3.0632739369168385e-06,2.4136339593397176e-05,0.7407401788105895
2.0000000000000013,0.0039999999999997815,0.0,0.001258117874358018,0.00031824361117151504,3.0636086177292806e-06,2.5178537707470806e-05,0.7408173759806999
2.004000000000001,0.0039999999999995595,0.0,0.0012575954609428458,0.00031814010232692147,3.063935225245459e-06,2.616935374989333e-05,0.7408942314814484
2.0080000000000005,0.0039999999999995595,0.0,0.0012570629474968102,0.00031803277948077495,3.0642539959843553e-06,2.710974911067317e-05,0.7409707445868466
2.012,0.0039999999999995595,0.0,0.0012565211079089739,0.0003179218424156387,3.0645651985756525e-06,2.800031248405535e-05,0.7410469153064877
2.0159999999999996,0.0039999999999995595,0.0,0.0012559707096705044,0.00031780748930988035,3.064869131829322e-06,2.8841394230068326e-05,0.7411227441476235
2.019999999999999,0.0039999999999995595,0.0,0.0012554126830915872,0.0003176901216577655,3.065166042524096e-06,2.9531102744493336e-05,0.7411227441476235
2.0239999999999987,0.0039999999999995595,0.0,0.00125484782594689,0.0003175701475295552,3.06545622026159e-06,3.0248225370854766e-05,0.7412743383907073
2.0279999999999982,0.0039999999999995595,0.0,0.0012542761367088913,0.00031744698351536543,3.0657403455938915e-06,3.102321221058457e-05,0.741348943736447
2.031999999999998,0.0039999999999995595,0.0,0.0012536985598665784,0.00031732095518019634,3.0660187751134715e-06,3.172001033500856e-05,0.7414232747098644
2.0359999999999974,0.0039999999999995595,0.0,0.0012531159681107486,0.0003171923447808313,3.0662918912474222e-06,3.234839048678692e-05,0.7414973133800767
2.039999999999997,0.0039999999999995595,0.0,0.0012525291833026698,0.000317061405470054,3.066560101410277e-06,3.291492717978795e-05,0.7415710476071518
2.0439999999999965,0.0039999999999995595,0.0,0.0012519389905750501,0.00031692837072123064,3.0668238352887347e-06,3.342407630745903e-05,0.7416444693903842
2.047999999999996,0.0039999999999995595,0.0,0.001251346147319562,0.00031679346055417097,3.06708354156279e-06,3.387889606954019e-05,0.7417175736513512
2.0519999999999956,0.0039999999999995595,0.0,0.0012507513890870397,0.00031665688562326836,3.0673396841060864e-06,3.428152862700582e-05,0.741790357354871
2.055999999999995,0.0039999999999995595,0.0,0.0012501554331902699,0.0003165188498787222,3.0675927384646405e-06,3.4633521521868305e-05,0.74186281888325
2.0599999999999947,0.0039999999999995595,0.0,0.0012495589812461987,0.0003163795522763406,3.0678431882739415e-06,3.493604193450908e-05,0.7419349575957608
2.0639999999999943,0.0039999999999995595,0.0,0.001248962720298878,0.00031623918785363554,3.0680915220612183e-06,3.519001935979611e-05,0.7420067735212074
2.067999999999994,0.0039999999999995595,0.0,0.0012483673237638068,0.00031609794838426304,3.0683382301387244e-06,3.5396240513645503e-05,0.7420782671448323
2.0719999999999934,0.0039999999999995595,0.0,0.001247773451481532,0.00031595602275228546,3.0685838017231846e-06,3.555541237041525e-05,0.742149439261424
2.075999999999993,0.0039999999999995595,0.0,0.0012471817499460193,0.00031581359714062836,3.0688287221489867e-06,3.56682039407409e-05,0.7422202908745117
2.0799999999999925,0.0039999999999995595,0.0,0.0012465928518180115,0.0003156708550967022,3.0690734703784595e-06,3.5735273858755906e-05,0.7422908231274339
2.083999999999992,0.0039999999999995595,0.0,0.0012460073760577953,0.0003155279775172769,3.0693185166576667e-06,3.575728848249463e-05,0.7423610372563484
2.0879999999999916,0.0039999999999995595,0.0,0.0012454259275207977,0.00031538514258078117,3.0695643201935775e-06,3.573493363638469e-05,0.7424309345582719
2.091999999999991,0.0039999999999995595,0.0,0.001244849096103684,0.00031524252564595214,3.0698113270931176e-06,3.566892208182348e-05,0.7425005163693953
2.0959999999999908,0.0039999999999995595,0.0,0.0012442774570458567,0.0003151002991296134,3.0700599684020443e-06,3.555999809467186e-05,0.7425697840503852
2.0999999999999903,0.0039999999999995595,0.0,0.0012437115700694122,0.0003149586323722642,3.070310658241022e-06,3.540894007703853e-05,0.7426387389764474
2.10399999999999,0.0039999999999995595,0.0,0.0012431519792295536,0.0003148176914974269,3.0705637921741748e-06,3.521656181552326e-05,0.7427073825306091
2.1079999999999894,0.0039999999999995595,0.0,0.001242599212227147,0.00031467763926886584,3.0708197455875095e-06,3.498371280391752e-05,0.7427757160991904
2.111999999999989,0.0039999999999995595,0.0,0.0012420537803440434,0.00031453863494857007,3.0710788723592967e-06,3.471127790313407e-05,0.7428437410687505
2.1159999999999886,0.0039999999999995595,0.0,0.001241516178198559,0.00031440083415754897,3.0713415034438694e-06,3.4400176531216385e-05,0.7429114588240343
2.119999999999988,0.0039999999999995595,0.0,0.001240986882873499,0.0003142643887409139,3.0716079458362395e-06,3.405136151385624e-05,0.7429788707465944
2.1239999999999877,0.0039999999999995595,0.0,0.001240466354294666,0.0003141294466383272,3.0718784815076484e-06,3.366581768622273e-05,0.7430459782138679
2.1279999999999872,0.0039999999999995595,0.0,0.001239955034356772,0.0003139961517606063,3.0721533665500467e-06,3.3244560310548497e-05,0.7431127825985585
2.131999999999987,0.0039999999999995595,0.0,0.0012394533473014328,0.00031386464387307456,3.0724328305098443e-06,3.278863335860955e-05,0.7431792852682282
2.1359999999999864,0.0039999999999995595,0.0,0.0012389616988420305,0.0003137350584860835,3.0727170756576614e-06,3.229910769623115e-05,0.7432454875850277
2.139999999999986,0.0039999999999995595,0.0,0.0012384804764525711,0.00031360752675302237,3.0730062766633826e-06,3.177707919325799e-05,0.7433113909055186
2.1439999999999855,0.0039999999999995595,0.0,0.0012380100489407598,0.0003134821753760353,3.073300580386082e-06,3.1223666786864915e-05,0.7433769965805611
2.147999999999985,0.0039999999999995595,0.0,0.0012375507666492487,0.00031335912651958775,3.0736001055649756e-06,3.064001051074182e-05,0.743442305955242
2.1519999999999846,0.0039999999999995595,0.0,0.001237102960761283,0.0003132384977319539,3.0739049428450783e-06,3.0027269513142627e-05,0.7435073203688347
2.155999999999984,0.0039999999999995595,0.0,0.0012366669437735094,0.00031312040187466436,3.074215154878944e-06,2.938662006508915e-05,0.7435720411547714
2.1599999999999837,0.0039999999999995595,0.0,0.0012362430091633334,0.00031300494705987857,3.0745307766366704e-06,2.8719253582814327e-05,0.7436364696406319
2.1639999999999833,0.0039999999999995595,0.0,0.0012358314314168811,0.0003128922365956415,3.0748518157354963e-06,2.8026374660573896e-05,0.7437006071481403
2.167999999999983,0.0039999999999995595,0.0,0.0012354324659692884,0.00031278236893892536,3.0751782529957606e-06,2.7309199131338937e-05,0.7437644549931681
2.1719999999999824,0.0039999999999995595,0.0,0.0012350463493269422,0.0003126754376563389,3.0755100429823675e-06,2.6568952159085183e-05,0.7438280144857361
2.175999999999982,0.0039999999999995595,0.0,0.0012346732989226093,0.000312571531392365,3.0758471148428603e-06,2.5806866366006605e-05,0.7438912869300236
2.1799999999999815,0.0039999999999995595,0.0,0.0012343135134225823,0.000312470733844973,3.076189373077538e-06,2.5024179999815478e-05,0.7439542736243745
2.183999999999981,0.0039999999999995595,0.0,0.001233967172587158,0.00031237312374841816,3.0765366985562512e-06,2.42221351509066e-05,0.7440169758613072
2.1879999999999806,0.0039999999999995595,0.0,0.0012336344376736033,0.00031227877486304865,3.076888949492475e-06,2.3401976012299987e-05,0.7440793949275238
2.19199999999998,0.0039999999999995595,0.0,0.0012333154510324248,0.00031218775597192033,3.0772459626727542e-06,2.256494719262879e-05,0.7441415321039183
2.1959999999999797,0.0039999999999995595,0.0,0.0012330103367864127,0.0003121001308840144,3.077607554624158e-06,2.1712292080614094e-05,0.7442033886655864
2.1999999999999793,0.0039999999999995595,0.0,0.0012327192009732864,0.0003120159584438458,3.0779735228744674e-06,2.0845251263500187e-05,0.7442649658818324
2.203999999999979,0.0039999999999995595,0.0,0.0012324421311510016,0.0003119352925472572,3.078343647391143e-06,1.9965060997004193e-05,0.7443262650161829
2.2079999999999784,0.0039999999999995595,0.0,0.0012321791973570887,0.0003118581821631777,3.078717691883693e-06,1.9072951732467344e-05,0.7443872873263899
2.211999999999978,0.0039999999999995595,0.0,0.0012319304518105753,0.0003117846713611372,3.07909540538193e-06,1.817014669716554e-05,0.7444480340644447
2.2159999999999775,0.0039999999999995595,0.0,0.0012316959295179326,0.00031171479934432515,3.079476523692771e-06,1.725786052886372e-05,0.7445085064765827
2.219999999999977,0.0039999999999995595,0.0,0.001231475648161502,0.00031164860048798023,3.079860770971858e-06,1.6337297966543853e-05,0.7445687058032932
2.2239999999999767,0.0039999999999995595,0.0,0.0012312696086219665,0.0003115861043829152,3.0802478612515307e-06,1.5409652593714505e-05,0.7446286332793313
2.227999999999976,0.0039999999999995595,0.0,0.0012310777952337674,0.0003115273358839648,3.0806375000938304e-06,1.447610563942337e-05,0.7446882901337222
2.231999999999976,0.0039999999999995595,0.0,0.0012309001759534578,0.0003114723151631654,3.0810293860846553e-06,1.3537824834697122e-05,0.7447476775897759
2.2359999999999753,0.0039999999999995595,0.0,0.0012307367030723016,0.00031142105776747097,3.0814232124958207e-06,1.2595963329088993e-05,0.7448067968650927
2.239999999999975,0.0039999999999995595,0.0,0.0012305873129398023,0.00031137357468081996,3.0818186688785576e-06,1.165165867350891e-05,0.7448656491715759
2.2439999999999745,0.0039999999999995595,0.0,0.0012304519267724706,0.0003113298723903662,3.0822154425977416e-06,1.0706031877062807e-05,0.7449242357154423
2.247999999999974,0.0039999999999995595,0.0,0.0012303304507438621,0.0003112899529566963,3.0826132204154333e-06,9.760186558055359e-06,0.7449825576972318
2.2519999999999736,0.0039999999999995595,0.0,0.0012302227766186596,0.0003112538140878599,3.0830116899942095e-06,8.815208224067892e-06,0.7450406163118227
2.255999999999973,0.0039999999999995595,0.0,0.0012301287819382477,0.0003112214492170378,3.0834105414335458e-06,7.8721637498886e-06,0.7450984127484408
2.2599999999999727,0.0039999999999995595,0.0,0.0012300483302989372,0.0003111928475836861,3.083809468639278e-06,6.9321011927808926e-06,0.7451559481906739
2.2639999999999723,0.0039999999999995595,0.0,0.00122998127208383,0.0003111679943179938,3.0842081707653792e-06,5.99605026267522e-06,0.7452132238164879
2.267999999999972,0.0039999999999995595,0.0,0.0012299274444748745,0.00031114687052848745,3.084606353596374e-06,5.065024218402544e-06,0.7452702407982404
2.2719999999999714,0.0039999999999995595,0.0,0.0012298866721890422,0.00031112945339262883,3.0850037307895333e-06,4.140025293064966e-06,0.7453270003026959
2.275999999999971,0.0039999999999995595,0.0,0.0012298587676748691,0.0003111157162502592,3.0854000250587825e-06,3.222060468827877e-06,0.7453835034910465
2.2799999999999705,0.0039999999999995595,0.0,0.0012298435317620936,0.00031110562869971934,3.0857949693694203e-06,2.312195481666065e-06,0.7454397515189258
2.28399999999997,0.0039999999999995595,0.0,0.0012298407537712798,0.00031109915669651396,3.086188307984726e-06,1.41181510009775e-06,0.7454957455364319
2.2879999999999696,0.0039999999999995595,0.0,0.0012298502123470748,0.00031109626265436025,3.0865797975030496e-06,5.255141373757934e-07,0.7455514866881456
2.291999999999969,0.0039999999999995595,0.0,0.0012298716753900286,0.00031109690554847607,3.0869692077691174e-06,3.780452698259959e-07,0.7456069761131535
2.2959999999999687,0.0039999999999995595,0.0,0.001229904900982562,0.00031110104102096276,3.0873563226307173e-06,1.2393534506349444e-06,0.7456622149450691
2.2999999999999683,0.0039999999999995595,0.0,0.0012299496377742485,0.00031110862148813585,3.0877409408292876e-06,2.095950284579041e-06,0.7457172043120601
2.303999999999968,0.0039999999999995595,0.0,0.0012300056250068598,0.00031111959624965783,3.0881228765544776e-06,2.9405902468866244e-06,0.7457719453368705
2.3079999999999674,0.0039999999999995595,0.0,0.0012300725935330162,0.0003111339115993341,3.0885019600538913e-06,3.771903194399413e-06,0.7458264391368494
2.311999999999967,0.0039999999999995595,0.0,0.001230150265842406,0.00031115151093741165,3.0888780380643787e-06,4.589008964615403e-06,0.7458806868239753
2.3159999999999665,0.0039999999999995595,0.0,0.0012302383567202241,0.00031117233488427403,3.089250974336288e-06,5.391158164538533e-06,0.7459346895048923
2.319999999999966,0.0039999999999995595,0.0,0.0012303365738155002,0.00031119632139534834,3.0896206498456466e-06,6.17766355617953e-06,0.7459884482809342
2.3239999999999656,0.0039999999999995595,0.0,0.0012304446178485115,0.0003112234058771008,3.0899869629904394e-06,6.947880518506462e-06,0.7460419642481546
2.327999999999965,0.0039999999999995595,0.0,0.001230562183179128,0.0003112535213039885,3.090349829724434e-06,7.701200084478164e-06,0.7460952384973644
2.3319999999999648,0.0039999999999995595,0.0,0.0012306889582846799,0.00031128659833621394,3.0907091836100775e-06,8.437046083918774e-06,0.7461482721141647
2.3359999999999643,0.0039999999999995595,0.0,0.0012308246262374702,0.00031132256543814655,3.0910649757966167e-06,9.154873853680037e-06,0.7462010661789806
2.339999999999964,0.0039999999999995595,0.0,0.001230968865091621,0.00031136134899726654,3.0914171748168375e-06,9.85416961065946e-06,0.7462536217670955
2.3439999999999634,0.0039999999999995595,0.0,0.0012311213485399234,0.00031140287344350146,3.0917657664063254e-06,1.0534450128027943e-05,0.7463059399486913
2.347999999999963,0.0039999999999995595,0.0,0.0012312817458485013,0.00031144706136881174,3.0921107532421773e-06,1.119526254714106e-05,0.746358021788882
2.3519999999999626,0.0039999999999995595,0.0,0.0012314497231434242,0.0003114938336468905,3.0924521545334524e-06,1.1836184248837661e-05,0.7464098683477562
2.355999999999962,0.0039999999999995595,0.0,0.001231624942983035,0.00031154310955284077,3.092790005593499e-06,1.2456822746279738e-05,0.7464614806804131
2.3599999999999617,0.0039999999999995595,0.0,0.0012318070653721054,0.0003115948068827021,3.0931243572871563e-06,1.305681557684711e-05,0.7465128598370057
2.3639999999999612,0.0039999999999995595,0.0,0.0012319957480535144,0.00031164884207268993,3.0934552755112447e-06,1.3635830180945666e-05,0.7465640068627789
2.367999999999961,0.0039999999999995595,0.0,0.0012321906468890198,0.0003117051303180132,3.0937828405308037e-06,1.4193563757383811e-05,0.7466149227981124
2.3719999999999604,0.0039999999999995595,0.0,0.0012323914162388823,0.0003117635856911548,3.0941071462845603e-06,1.4729743104295234e-05,0.7466656086785597
2.37599999999996,0.0039999999999995595,0.0,0.0012325977094303571,0.0003118241212594784,3.0944282996680877e-06,1.5244124424315952e-05,0.7467160655348936
2.3799999999999595,0.0039999999999995595,0.0,0.0012328091795850596,0.00031188664920204324,3.094746419719628e-06,1.5736493109983777e-05,0.7467662943931475
2.383999999999959,0.0039999999999995595,0.0,0.001233025479093948,0.0003119510809255018,3.095061636734883e-06,1.620666349772168e-05,0.7468162962746553
2.3879999999999586,0.0039999999999995595,0.0,0.0012332462608923907,0.0003120173271789662,3.095374091449509e-06,1.6654478596954934e-05,0.7468660721960984
2.391999999999958,0.0039999999999995595,0.0,0.0012334711786528088,0.00031208529816772334,3.0956839341294684e-06,1.7079809789670206e-05,0.7469156231695435
2.3959999999999577,0.0039999999999995595,0.0,0.0012336998868861036,0.00031215490366569266,3.09599132365847e-06,1.7482556505773063e-05,0.7469649502024892
2.3999999999999573,0.0039999999999995595,0.0,0.0012339320414018634,0.00031222605312650843,3.096296426526508e-06,1.786264586837193e-05,0.7470140542979062
2.403999999999957,0.0039999999999995595,0.0,0.0012341673000369105,0.0003122986557931299,3.096599415931334e-06,1.8220032318181414e-05,0.7470629364542801
2.4079999999999564,0.0039999999999995595,0.0,0.0012344053226624769,0.00031237262080586727,3.096900470749195e-06,1.8554697206945167e-05,0.747111597665653
2.411999999999956,0.0039999999999995595,0.0,0.001234645771639964,0.00031244785730873094,3.0971997745451724e-06,1.8866648372542225e-05,0.7471600389216655
2.4159999999999555,0.0039999999999995595,0.0,0.0012348883121852598,0.00031252427455400513,3.09749751457185e-06,1.9155919686051286e-05,0.7472082612075962
2.419999999999955,0.0039999999999995595,0.0,0.001235132612731636,0.00031260178200495094,3.0977938808261236e-06,1.9422570578085533e-05,0.7472562655044035
2.4239999999999546,0.0039999999999995595,0.0,0.0012353783452013693,0.00031268028943655363,3.098089065055787e-06,1.9666685542564266e-05,0.7473040527887632
2.427999999999954,0.0039999999999995595,0.0,0.0012356251852760887,0.00031275970703423364,3.0983832597420693e-06,1.9888373622267907e-05,0.7473516240331104
2.4319999999999538,0.0039999999999995595,0.0,0.001235872813025206,0.0003128399454904254,3.098676657174314e-06,2.0087767869606268e-05,0.7473989802056744
2.4359999999999533,0.0039999999999995595,0.0,0.0012361209126345492,0.00031292091609896476,3.0989694485860816e-06,2.026502479308107e-05,0.7474461222705185
2.439999999999953,0.0039999999999995595,0.0,0.00123636917339162,0.00031300253084720115,3.0992618231460063e-06,2.042032378354368e-05,0.7474930511875739
2.4439999999999524,0.0039999999999995595,0.0,0.0012366172893221636,0.000313084702505766,3.0995539671598787e-06,2.0553866523519298e-05,0.7475397679126767
2.447999999999952,0.0039999999999995595,0.0,0.001236864959903527,0.000313167344715932,3.099846063126235e-06,2.0665876379910783e-05,0.747586273397601
2.4519999999999516,0.0039999999999995595,0.0,0.0012371118900584815,0.0003132503720745091,3.100138289038376e-06,2.075659778433197e-05,0.7476325685900942
2.455999999999951,0.0039999999999995595,0.0,0.0012373577905969936,0.0003133337002162041,3.1004308175625183e-06,2.0826295595021655e-05,0.747678654433905
2.4599999999999507,0.0039999999999995595,0.0,0.0012376023783877044,0.0003134172458934104,3.1007238153345953e-06,2.0875254450541545e-05,0.7477245318688187
2.4639999999999502,0.0039999999999995595,0.0,0.0012378453763492408,0.0003135009270533599,3.1010174422236137e-06,2.0903778106892483e-05,0.747770201830683
2.46799999999995,0.0039999999999995595,0.0,0.001238086514158378,0.00031358466291260437,3.1013118507912387e-06,2.091218876708405e-05,0.7478156652514395
2.4719999999999493,0.0039999999999995595,0.0,0.0012383255278810297,0.00031366837402877824,3.101607185628857e-06,2.0900826398127365e-05,0.7478609230591485
2.475999999999949,0.0039999999999995595,0.0,0.0012385621608581715,0.0003137519823696063,3.1019035828531307e-06,2.0870048040176707e-05,0.7479059761780172
2.4799999999999485,0.0039999999999995595,0.0,0.0012387961630668147,0.0003138354113791227,3.1022011696226573e-06,2.0820227106526768e-05,0.7479508255284213
2.483999999999948,0.0039999999999995595,0.0,0.00123902729191506,0.00031391858604107363,3.102500063696492e-06,2.075175267828374e-05,0.7479954720269314
2.4879999999999476,0.0039999999999995595,0.0,0.0012392553121401138,0.00031400143293947074,3.1028003730553927e-06,2.066502878926076e-05,0.7480399165863327
2.491999999999947,0.0039999999999995595,0.0,0.0012394799961540715,0.0003140838803162858,3.1031021956309434e-06,2.0560473710723686e-05,0.7480841601156482
2.4959999999999467,0.0039999999999995595,0.0,0.001239701123941394,0.00031416585812625293,3.103405618998952e-06,2.043851922602548e-05,0.748128203520156
2.4999999999999463,0.0039999999999995595,0.0,0.0012399184831354798,0.00031424729808877255,3.103710720199078e-06,2.0299609905912738e-05,0.7481720477014085
2.503999999999946,0.0039999999999995595,0.0,0.001240131869453202,0.0003143281337369032,3.104017565558674e-06,2.0144202379187866e-05,0.7482156935572504
2.5079999999999454,0.0039999999999995595,0.0,0.001240341086681458,0.00031440830046343355,3.104326210621792e-06,1.9972764602318506e-05,0.7482591419818316
2.511999999999945,0.0039999999999995595,0.0,0.0012405459465743022,0.0003144877355640321,3.104636700099327e-06,1.978577512841723e-05,0.7483023938656266
2.5159999999999445,0.0039999999999995595,0.0,0.001240746269108206,0.00031456637827747234,3.104949067875906e-06,1.9583722376903726e-05,0.7483454500954422
2.519999999999944,0.0039999999999995595,0.0,0.0012409418825582923,0.0003146441698229337,3.1052633371494984e-06,1.936710390093326e-05,0.7483883115544364
2.5239999999999436,0.0039999999999995595,0.0,0.001241132623574699,0.0003147210534343949,3.1055795204810904e-06,1.9136425663391407e-05,0.7484309791221245
2.527999999999943,0.0039999999999995595,0.0,0.001241318336901366,0.0003147969743921117,3.1058976199576526e-06,1.8892201304918665e-05,0.748473453674394
2.5319999999999427,0.0039999999999995595,0.0,0.0012414988760790378,0.0003148718800511976,3.1062176273868705e-06,1.8634951424044588e-05,0.7485157360835065
2.5359999999999423,0.0039999999999995595,0.0,0.001241674102717369,0.00031494571986733774,3.1065395245971778e-06,1.836520286022546e-05,0.7485578272181146
2.539999999999942,0.0039999999999995595,0.0,0.0012418438872878288,0.0003150184454196354,3.1068632837616954e-06,1.808348797777974e-05,0.7485997279432649
2.5439999999999414,0.0039999999999995595,0.0,0.0012420081083073435,0.0003150900104306229,3.1071888677160254e-06,1.7790343958959107e-05,0.7486414391204066
2.547999999999941,0.0039999999999995595,0.0,0.0012421666529530654,0.000315160370783461,3.1075162303417343e-06,1.748631210275626e-05,0.7486829616073973
2.5519999999999405,0.0039999999999995595,0.0,0.0012423194169621824,0.0003152294845363484,3.1078453169711717e-06,1.7171937129164354e-05,0.7487242962585067
2.55599999999994,0.0039999999999995595,0.0,0.0012424663042642269,0.0003152973119341765,3.108176064868196e-06,1.6847766492171694e-05,0.7487654439244237
2.5599999999999397,0.0039999999999995595,0.0,0.001242607227418268,0.0003153638154174587,3.1085084037157514e-06,1.6514349701760166e-05,0.7488064054522566
2.563999999999939,0.0039999999999995595,0.0,0.0012427421070676306,0.00031542895962857574,3.108842256106566e-06,1.617223765399261e-05,0.748847181685542
2.5679999999999388,0.0039999999999995595,0.0,0.0012428709525047251,0.0003154927516129779,3.109177604302024e-06,1.58420567142022e-05,0.748847181685542
2.5719999999999383,0.0039999999999995595,0.0,0.001242993906818553,0.0003155552597883726,3.109514565010112e-06,1.5516792103244268e-05,0.7488877734642436
2.575999999999938,0.0039999999999995595,0.0,0.0012431107663439765,0.00031561637293082577,3.109852978658912e-06,1.5151745495703848e-05,0.7489693268238222
2.5799999999999375,0.0039999999999995595,0.0,0.0012432212090794136,0.00031567591873783203,3.110192514231897e-06,1.4760551103866256e-05,0.7490091874232211
2.583999999999937,0.0039999999999995595,0.0,0.0012433253295120153,0.0003157339515562147,3.1105331363228496e-06,1.439408282721334e-05,0.7490091874232211
2.5879999999999366,0.0039999999999995595,0.0,0.001243423247625432,0.00031579053143169263,3.110874877473103e-06,1.4014165727579351e-05,0.7490890189211251
2.591999999999936,0.0039999999999995595,0.0,0.0012435146670431872,0.00031584548416914806,3.1112174001105733e-06,1.3608420450933644e-05,0.7491283554329937
2.5959999999999357,0.0039999999999995595,0.0,0.0012435996205339937,0.00031589882306468407,3.11156059026518e-06,1.3205386250370958e-05,0.749167564325937
2.5999999999999353,0.0039999999999995595,0.0,0.0012436781330792562,0.0003159505533472134,3.1119043328135708e-06,1.2803272748613379e-05,0.7492066307095203
2.603999999999935,0.0039999999999995595,0.0,0.0012437502259831784,0.00031600067525247854,3.112248512910916e-06,1.2400992008676142e-05,0.7492455444147997
2.6079999999999344,0.0039999999999995595,0.0,0.0012438159203561462,0.00031604918619558596,3.1125930167912843e-06,1.199795156099122e-05,0.7492842986216801
2.611999999999934,0.0039999999999995595,0.0,0.0012438752393472499,0.0003160960822941768,3.112937731944521e-06,1.1593905628418791e-05,0.7493228888619033
2.6159999999999335,0.0039999999999995595,0.0,0.0012439282096622082,0.0003161413594276288,3.113282547170501e-06,1.1188849003021274e-05,0.7493613123060102
2.619999999999933,0.0039999999999995595,0.0,0.0012439748624563666,0.0003161850139669155,3.1136273527357733e-06,1.0782941816888282e-05,0.7493995672593147
2.6239999999999326,0.0039999999999995595,0.0,0.0012440152344955226,0.0003162270432718401,3.1139720405958415e-06,1.0376456455187399e-05,0.7494376528088305
2.627999999999932,0.0039999999999995595,0.0,0.0012440493677105206,0.00031626744602455015,3.1143165043784307e-06,9.969740218615492e-06,0.749475568577686
2.6319999999999317,0.0039999999999995595,0.0,0.0012440773103586517,0.0003163062224480927,3.1146606397397906e-06,9.563189115776075e-06,0.7495133145552475
2.6359999999999313,0.0039999999999995595,0.0,0.0012440991164897614,0.00031634337444432555,3.115004344728605e-06,9.157229478808374e-06,0.7495508909801376
2.639999999999931,0.0039999999999995595,0.0,0.0012441148462159887,0.00031637890567521866,3.1153475201263435e-06,8.752305052222683e-06,0.7495882982599669
2.6439999999999304,0.0039999999999995595,0.0,0.0012441245656249467,0.0003164128216043436,3.115690069850261e-06,8.348867908942903e-06,0.7496255369164053
2.64799999999993,0.0039999999999995595,0.0,0.0012441283466040794,0.00031644512951024985,3.1160319014000845e-06,7.947372028571671e-06,0.7496626075476776
2.6519999999999295,0.0039999999999995595,0.0,0.0012441262670223596,0.00031647583847987915,3.1163729263011687e-06,7.54826873039987e-06,0.7496995108029995
2.655999999999929,0.0039999999999995595,0.0,0.0012441184099307504,0.0003165049593876973,3.116713060537325e-06,7.152003405713772e-06,0.7497362473651686
2.6599999999999286,0.0039999999999995595,0.0,0.0012441048642800386,0.00031653250486452883,3.1170522249514396e-06,6.759013156320418e-06,0.7497728179387294
2.663999999999928,0.0039999999999995595,0.0,0.0012440857236757585,0.00031655848925887906,3.1173903456064896e-06,6.3697250758452895e-06,0.7498092232419179
2.6679999999999278,0.0039999999999995595,0.0,0.0012440610872751065,0.0003165829285927242,3.1177273541901353e-06,5.984554986038172e-06,0.7498454640011938
2.6719999999999273,0.0039999999999995595,0.0,0.001244031058631614,0.00031660584051319346,3.1180631883714224e-06,5.603906509596575e-06,0.7498815409475176
2.675999999999927,0.0039999999999995595,0.0,0.001243995746235591,0.0003166272442411682,3.118397791988829e-06,5.22817038286662e-06,0.7499174548138267
2.6799999999999264,0.0039999999999995595,0.0,0.0012439552628053818,0.00031664716051756607,3.1187311153267626e-06,4.857723964053477e-06,0.7499532063333141
2.683999999999926,0.0039999999999995595,0.0,0.0012439097252034445,0.00031666561154787917,3.119063115291203e-06,4.492930889005515e-06,0.7499887962382618
2.6879999999999256,0.0039999999999995595,0.0,0.0012438592544418293,0.00031668262094541964,3.119393755556437e-06,4.1341408609484104e-06,0.7500242252592486
2.691999999999925,0.0039999999999995595,0.0,0.0012438039749737102,0.00031669821367361534,3.1197230066601688e-06,3.7816895645672728e-06,0.7500594941246124
2.6959999999999247,0.0039999999999995595,0.0,0.0012437440151452802,0.0003167124159876448,3.12005084609756e-06,3.435898715448217e-06,0.7500946035600865
2.6999999999999242,0.0039999999999995595,0.0,0.0012436795062195473,0.00031672525537563325,3.120377258268756e-06,3.0970762750207934e-06,0.7501295542885527
2.703999999999924,0.0039999999999995595,0.0,0.001243610582917554,0.0003167367604996105,3.120702234456594e-06,2.7655169082017183e-06,0.7501643470298816
2.7079999999999234,0.0039999999999995595,0.0,0.0012435373825313318,0.00031674696113638686,3.121025772768645e-06,2.4415028332622747e-06,0.7501989825008217
2.711999999999923,0.0039999999999995595,0.0,0.0012434600451079806,0.00031675588811848826,3.1213478780250704e-06,2.1253053810692286e-06,0.7502334614149336
2.7159999999999225,0.0039999999999995595,0.0,0.0012433787132766364,0.0003167635732752664,3.1216685615740765e-06,1.817187982107426e-06,0.7502677844825463
2.719999999999922,0.0039999999999995595,0.0,0.0012432935316288567,0.000316770049374281,3.121987841148736e-06,1.5174123156037428e-06,0.7503019524107326
2.7239999999999216,0.0039999999999995595,0.0,0.0012432046469024306,0.0003167753500630376,3.1223057406216746e-06,1.226252388846133e-06,0.7503359659032978
2.727999999999921,0.0039999999999995595,0.0,0.0012431122076293297,0.00031677950981116214,3.1226222897560796e-06,9.440318452322463e-07,0.7503698256607783
2.7319999999999207,0.0039999999999995595,0.0,0.0012430163639620526,0.00031678256385306433,3.1229375239566967e-06,6.71246399052662e-07,0.7504035323804471
2.7359999999999203,0.0039999999999995595,0.0,0.0012429172673211319,0.00031678454813114667,3.1232514839505595e-06,4.0913507843341374e-07,0.7504370867563207
2.73999999999992,0.0039999999999995595,0.0,0.0012428150703996798,0.000316785499239596,3.1235642154640105e-06,1.653387744918761e-07,0.7504704894791698
2.7439999999999194,0.0039999999999995595,0.0,0.0012427099268997798,0.0003167854543688032,3.1238757689004376e-06,1.2754266723382435e-07,0.7505037412365343
2.747999999999919,0.0039999999999995595,0.0,0.0012426019911792553,0.0003167844512504386,3.1241861989790407e-06,3.4681614013095935e-07,0.7505368427127416
2.7519999999999185,0.0039999999999995595,0.0,0.0012424914184342196,0.0003167825281031975,3.1244955643569896e-06,5.707691740230603e-07,0.7505697945889153
2.755999999999918,0.0039999999999995595,0.0,0.0012423783638985664,0.0003167797235792621,3.124803927372447e-06,7.870866910241845e-07,0.7506025975430012
2.7599999999999176,0.0039999999999995595,0.0,0.0012422629834727824,0.0003167760767114845,3.1251113534067803e-06,9.94293009802485e-07,0.7506352522497838
2.763999999999917,0.0039999999999995595,0.0,0.0012421454326547127,0.0003167716268613072,3.125417910675081e-06,1.1919391322521681e-06,0.7506677593809047
2.7679999999999167,0.0039999999999995595,0.0,0.0012420258670785176,0.0003167664136674337,3.125723669800781e-06,1.37981856677052e-06,0.7507001196048778
2.7719999999999163,0.0039999999999995595,0.0,0.0012419044419809783,0.00031676047699527577,3.12602870335301e-06,1.5578129715048275e-06,0.7507323335871112
2.775999999999916,0.0039999999999995595,0.0,0.001241781312114322,0.000316753856887184,3.126333085518895e-06,1.7258472152723689e-06,0.7507644019899286
2.7799999999999154,0.0039999999999995595,0.0,0.0012416566313905473,0.00031674659351347125,3.1266368916085533e-06,1.8838728507897344e-06,0.750796325472585
2.783999999999915,0.0039999999999995595,0.0,0.0012415305533301454,0.00031673872712425496,3.126940197773934e-06,2.03186096928959e-06,0.7508281046912881
2.7879999999999145,0.0039999999999995595,0.0,0.0012414032299010976,0.00031673029800212123,3.127243080507598e-06,2.1697986908124965e-06,0.7508597402992175
2.791999999999914,0.0039999999999995595,0.0,0.0012412748124141285,0.0003167213464156329,3.127545616344771e-06,2.2976872470614332e-06,0.7508912329465431
2.7959999999999137,0.0039999999999995595,0.0,0.0012411454505398285,0.0003167119125736928,3.1278478814545957e-06,2.41554081895862e-06,0.7509225832804436
2.7999999999999132,0.0039999999999995595,0.0,0.001241015292577417,0.0003167020365807865,3.1281499512346504e-06,2.523385764938713e-06,0.7509537919451263
2.803999999999913,0.0039999999999995595,0.0,0.00124088448545507,0.0003166917583931147,3.1284518999949214e-06,2.6212600603575455e-06,0.7509848595818451
2.8079999999999123,0.0039999999999995595,0.0,0.0012407531741036983,0.00031668111777564,3.128753800642396e-06,2.7092128535693507e-06,0.7510157868289197
2.811999999999912,0.0039999999999995595,0.0,0.001240621501635547,0.0003166701542600646,3.1290557243169844e-06,2.7873040918089936e-06,0.7510465743217526
2.8159999999999115,0.0039999999999995595,0.0,0.0012404896091647375,0.0003166589071037552,3.1293577401079472e-06,2.855604188715071e-06,0.7510772226928442
2.819999999999911,0.0039999999999995595,0.0,0.0012403576358065373,0.00031664741524964715,3.1296599147398413e-06,2.9141937138508064e-06,0.7511077325718154
2.8239999999999106,0.0039999999999995595,0.0,0.0012402257181393598,0.00031663571728714044,3.1299623123165576e-06,2.9631630973866016e-06,0.75113810458542
2.82799999999991,0.0039999999999995595,0.0,0.0012400939907405953,0.00031662385141401035,3.130264994018706e-06,3.002612343000079e-06,0.7511683393575638
2.8319999999999097,0.0039999999999995595,0.0,0.001239962585290044,0.00031661185539935845,3.130568017967936e-06,3.032650742981131e-06,0.75119843750932
2.8359999999999093,0.0039999999999995595,0.0,0.001239831631194931,0.0003165997665476238,3.1308714389398838e-06,3.0533965956676867e-06,0.7512283996589454
2.839999999999909,0.0039999999999995595,0.0,0.001239701255050966,0.0003165876216636713,3.1311753081835266e-06,3.0649769217259715e-06,0.7512582264218934
2.8439999999999084,0.0039999999999995595,0.0,0.0012395715805507677,0.0003165754570189856,3.131479673230882e-06,3.067527178833427e-06,0.7512879184108315
2.847999999999908,0.0039999999999995595,0.0,0.0012394427286608492,0.0003165633083189913,3.1317845777921644e-06,3.061190972826039e-06,0.7513174762356554
2.8519999999999075,0.0039999999999995595,0.0,0.001239314817171531,0.00031655121067150844,3.132090061583557e-06,3.046119770327961e-06,0.7513469005035011
2.855999999999907,0.0039999999999995595,0.0,0.0012391879610528244,0.00031653919855637773,3.132396160251556e-06,3.0224726021808993e-06,0.7513761918187605
2.8599999999999066,0.0039999999999995595,0.0,0.0012390622718248384,0.00031652730579626503,3.1327029052604736e-06,2.9904157703804525e-06,0.7514053507830951
2.863999999999906,0.0039999999999995595,0.0,0.0012389378579134578,0.0003165155655286609,3.133010323852123e-06,2.950122549872059e-06,0.751434377995447
2.8679999999999057,0.0039999999999995595,0.0,0.0012388148246477062,0.00031650401017909547,3.1333184389510277e-06,2.901772888782351e-06,0.7514632740520538
2.8719999999999053,0.0039999999999995595,0.0,0.0012386932736296631,0.000316492671435576,3.133627269213766e-06,2.8455531098231e-06,0.7514920395464552
2.875999999999905,0.0039999999999995595,0.0,0.0012385733031796263,0.00031648158022427577,3.1339368289859577e-06,2.781655606723273e-06,0.7515206750695133
2.8799999999999044,0.0039999999999995595,0.0,0.001238455008333287,0.0003164707666864631,3.1342471283647716e-06,2.7102785495350166e-06,0.7515491812094172
2.883999999999904,0.0039999999999995595,0.0,0.0012383384802113107,0.0003164602601566946,3.134558173175167e-06,2.6316255852426558e-06,0.7515775585516948
2.8879999999999035,0.0039999999999995595,0.0,0.0012382238067335015,0.00031645008914228006,3.13486996509848e-06,2.5459055490893062e-06,0.7516058076792266
2.891999999999903,0.0039999999999995595,0.0,0.0012381110719883182,0.00031644028130402405,3.1351825016883426e-06,2.4533321796703523e-06,0.7516339291722534
2.8959999999999027,0.0039999999999995595,0.0,0.0012380003563194893,0.00031643086343824053,3.1354957765595366e-06,2.354123853318231e-06,0.7516619236083886
2.899999999999902,0.0039999999999995595,0.0,0.0012378917365920858,0.0003164218614600542,3.1358097793967444e-06,2.2485033302732534e-06,0.7516897915626222
2.9039999999999018,0.0039999999999995595,0.0,0.0012377852859206057,0.00031641330038799484,3.136124496137916e-06,2.1366975359387504e-06,0.7517175336073435
2.9079999999999013,0.0039999999999995595,0.0,0.0012376810736660694,0.000316405204329857,3.1364399091081652e-06,2.018937389595498e-06,0.7517451503123329
2.911999999999901,0.0039999999999995595,0.0,0.0012375791651640436,0.00031639759646984964,3.1367559971871487e-06,1.8954577021405827e-06,0.7517726422447831
2.9159999999999004,0.0039999999999995595,0.0,0.0012374796224394803,0.00031639049905702503,3.1370727359869284e-06,1.7664971914905234e-06,0.751800009969306
2.9199999999999,0.0039999999999995595,0.0,0.0012373825034863951,0.00031638393339497426,3.1373900979767664e-06,1.6322986977150562e-06,0.7518272540479396
2.9239999999998996,0.0039999999999995595,0.0,0.0012372878624445868,0.0003163779198327892,3.1377080527725097e-06,1.4931097394547585e-06,0.7518543750401587
2.927999999999899,0.0039999999999995595,0.0,0.0012371957498662615,0.0003163724777572738,3.1380265673099224e-06,1.3491837052174575e-06,0.7518813735028796
2.9319999999998987,0.0039999999999995595,0.0,0.0012371062123546668,0.0003163676255864117,3.138345606010664e-06,1.2007822711850244e-06,0.7519082499904785
2.9359999999998982,0.0039999999999995595,0.0,0.001237019292920658,0.00031636338076404427,3.1386651310434714e-06,1.0481804234209644e-06,0.7519350050547833
2.939999999999898,0.0039999999999995595,0.0,0.0012369350307112291,0.0003163597597557847,3.1389851025573975e-06,8.916774554892341e-07,0.7519616392450966
2.9439999999998974,0.0039999999999995595,0.0,0.0012368534611868441,0.00031635677804613024,3.1393054789217213e-06,7.316235902904886e-07,0.7519881531081978
2.947999999999897,0.0039999999999995595,0.0,0.0012367746160296476,0.0003163544501367618,3.139626216895772e-06,5.684947346895139e-07,0.7520145471883531
2.9519999999998965,0.0039999999999995595,0.0,0.001236698523231298,0.0003163527895460118,3.139947271935037e-06,4.031569817422028e-07,0.7520408220273235
2.955999999999896,0.0039999999999995595,0.0,0.001236625207270729,0.0003163518088094855,3.1402685983788847e-06,2.382594133652201e-07,0.7520669781643733
2.9599999999998956,0.0039999999999995595,0.0,0.0012365546889329545,0.000316351519481811,3.1405901497030037e-06,9.514636106970375e-08,0.7520930161362755
2.963999999999895,0.0039999999999995595,0.0,0.0012364869852177164,0.00031635193213950825,3.140911878922464e-06,1.4923953963717521e-07,0.7521189364773306
2.9679999999998947,0.0039999999999995595,0.0,0.0012364221098767796,0.0003163530563849318,3.1412337385471823e-06,3.1465251079343527e-07,0.7521447397193578
2.9719999999998943,0.0039999999999995595,0.0,0.0012363600729637396,0.00031635490085128937,3.1415556809802664e-06,4.914497899210306e-07,0.7521704263917188
2.975999999999894,0.0039999999999995595,0.0,0.0012363008811920309,0.0003163574732087016,3.141877658709423e-06,6.721400327755803e-07,0.7521959970213208
2.9799999999998934,0.0039999999999995595,0.0,0.001236244537844128,0.00031636078017127585,3.1421996245202757e-06,8.552067660652388e-07,0.7522214521326265
2.983999999999893,0.0039999999999995595,0.0,0.0012361910427706488,0.00031636482750517725,3.1425215317500005e-06,1.0400176870237363e-06,0.7522467922476622
2.9879999999998925,0.0039999999999995595,0.0,0.0012361403925692026,0.00031636962003765706,3.1428433344432126e-06,1.226176620975342e-06,0.7522720178860273
2.991999999999892,0.0039999999999995595,0.0,0.0012360925805837656,0.0003163751616670344,3.1431649876879047e-06,1.413373483240909e-06,0.7522971295649056
2.9959999999998916,0.0039999999999995595,0.0,0.001236047597083807,0.0003163814553735713,3.1434864476332915e-06,1.6013368476134776e-06,0.7523221277990725
2.999999999999891,0.0039999999999995595,0.0,0.0012360054291740948,0.00031638850323123714,3.14380767177103e-06,1.7898157836812874e-06,0.7523470131009021
3.0039999999998908,0.0039999999999995595,-5.0,0.0012422325179426456,0.0003184116197668611,3.144033634199674e-06,0.0010096718995374052,0.7523717859803843
3.0079999999998903,0.0039999999999995595,-5.0,0.0012721927887622507,0.0003277225656427465,3.143964313877483e-06,0.002723537634444641,0.7524306355305571
3.01199999999989,0.0039999999999995595,-5.0,0.0013233538740537356,0.0003428739831698516,3.1437694669683974e-06,0.004114598365452167,0.7524638158075393
3.0159999999998894,0.0039999999999995595,-5.0,0.0013940230540440998,0.0003629509628924625,3.1436001862813626e-06,0.005303731397996999,0.7524844926225042
3.019999999999889,0.0039999999999995595,-5.0,0.001483076215321653,0.0003874020123716871,3.1435740282190165e-06,0.006373095721154049,0.7524996127741245
3.0239999999998886,0.0039999999999995595,-5.0,0.0015897653667468583,0.00041591909275974845,3.1437737758817754e-06,0.0073774000590183485,0.7525127362904147
3.027999999999888,0.0039999999999995595,-5.0,0.001713582717095773,0.0004483528525185798,3.1442517673908423e-06,0.00835198068400802,0.7525256081917182
3.0319999999998877,0.0039999999999995595,-5.0,0.0018541653777724122,0.0004846530530812405,3.145035751892597e-06,0.009318580643078563,0.7525390226753249
3.0359999999998872,0.0039999999999995595,-5.0,0.002011229193236774,0.0005248269986434576,3.146134451340721e-06,0.01028947897616258,0.7525532922302962
3.039999999999887,0.0039999999999995595,-5.0,0.0021845234252568495,0.0005689108207354625,3.147542169583948e-06,0.01127043845901355,0.7525684977716817
3.0439999999998864,0.0039999999999995595,-5.0,0.0023738003467626786,0.0006169499347446057,3.1492423601020846e-06,0.012262808543250021,0.7525846186000142
3.047999999999886,0.0039999999999995595,-5.0,0.0025789086168403223,0.0006690586142275567,3.151214795886097e-06,0.013301315226866556,0.752601597311043
3.0519999999998855,0.0039999999999995595,-5.0,0.002800253306971624,0.0007257134098812626,3.153451967518048e-06,0.014471442151015479,0.7526189600646049
3.055999999999885,0.0039999999999995595,-5.0,0.003038099417126807,0.0007873034906641742,3.1559272270135706e-06,0.01571755242935819,0.7526368693503888
3.0599999999998846,0.0039999999999995595,-5.0,0.00329228830045459,0.0008539489000188367,3.1585924374317963e-06,0.016983186338195285,0.7526557297528449
3.063999999999884,0.0039999999999995595,-5.0,0.0035624474535853466,0.0009256358757175415,3.1613941639090845e-06,0.018240036678627197,0.7526755392918836
3.0679999999998837,0.0039999999999995595,-5.0,0.0038480742229188465,0.0010022679402067118,3.1642687505166167e-06,0.0194665664188127,0.7526961938378824
3.0719999999998833,0.0039999999999995595,-5.0,0.004148605482201646,0.0010836990755696328,3.1671198088756707e-06,0.020658726555120546,0.7527196135905996
3.075999999999883,0.0039999999999995595,-5.0,0.004463739364515352,0.0011699516351327223,3.1698891189176184e-06,0.02187825658654551,0.7527471686174807
3.0799999999998824,0.0039999999999995595,-5.0,0.004793268024002112,0.0012611221297451553,3.1725632418096757e-06,0.02310359960191367,0.7527737992829137
3.083999999999882,0.0039999999999995595,-5.0,0.005136680495025744,0.0013571096102667794,3.175108688911869e-06,0.024299472191581958,0.7528009022172835
3.0879999999998815,0.0039999999999995595,-5.0,0.005493357038291829,0.001457743856905871,3.177496671558785e-06,0.02544840922881877,0.7528281897440979
3.091999999999881,0.0039999999999995595,-5.0,0.005862591954609155,0.0015627986872461632,3.179701916373699e-06,0.026538560694433812,0.7528556997662517
3.0959999999998806,0.0039999999999995595,-5.0,0.006243634352194615,0.001672017928930719,3.181705358574273e-06,0.027563351130917648,0.7528833742230608
3.09999999999988,0.0039999999999995595,-5.0,0.006635709971101442,0.0017851290359741359,3.1834947218246475e-06,0.028519437383580915,0.8016539543912508
3.1039999999998797,0.0039999999999995595,-5.0,0.007038037488132688,0.0019018532917899056,3.1850648386282366e-06,0.029405758984238865,0.8512354584190875
3.1079999999998793,0.0039999999999995595,-5.0,0.00744983931838424,0.0020219125311915077,3.1864175065821224e-06,0.03022278727119235,0.9012496941181576
3.111999999999879,0.0039999999999995595,-5.0,0.007870348990348114,0.0021450337232447503,3.187561058609944e-06,0.03097202658681873,0.951608483263678
3.1159999999998784,0.0039999999999995595,-5.0,0.008298815998100681,0.0022709519803455532,3.188509697925526e-06,0.03165565506733413,1.0022302062480661
3.119999999999878,0.0039999999999995595,-5.0,0.00873450886052235,0.0023994124524004774,3.1892826658845665e-06,0.032276266895870855,1.0530393369964384
3.1239999999998775,0.0039999999999995595,-5.0,0.009176716867886124,0.002530171404169168,3.1899033008459956e-06,0.032836683335420204,1.1039659089855156
3.127999999999877,0.0039999999999995595,-5.0,0.009624750864582091,0.0026629966909388686,3.190398043320344e-06,0.03333981314138081,1.154944942544166
3.1319999999998767,0.0039999999999995595,-5.0,0.01007794332182422,0.0027976677881368798,3.190795435994434e-06,0.033788549109022216,1.2059158625193775
3.135999999999876,0.0039999999999995595,-5.0,0.010535647892558668,0.0029339754918432047,3.1911251592610375e-06,0.03418569194982361,1.2568219262645914
3.139999999999876,0.0039999999999995595,-5.0,0.010997238596438528,0.003071721380362667,3.191417134141553e-06,0.03453389538197274,1.3076096770099606
3.1439999999998753,0.0039999999999995595,-5.0,0.011462108751999009,0.003210717108072996,3.1917007160692046e-06,0.03483562806204026,1.3582284334119104
3.147999999999875,0.0039999999999995595,-5.0,0.011929669749691908,0.0033507835887723963,3.192003994313361e-06,0.035093149095123614,1.408629822818355
3.1519999999998745,0.0039999999999995595,-5.0,0.012399349741185745,0.0034917501149844005,3.1923532049056957e-06,0.03530849458559274,1.458767363134517
3.155999999999874,0.0039999999999995595,-5.0,0.012870592306021876,0.0036334534510486616,3.19277225912046e-06,0.03548347317483482,1.5085960960232
3.1599999999998736,0.0039999999999995595,-5.0,0.013342855144267989,0.0037757369306670916,3.1932823846022794e-06,0.03561966884919626,1.5580722724149005
3.163999999999873,0.0039999999999995595,-5.0,0.0138156088337034,0.003918449583476679,3.1939018729672287e-06,0.03571844954803689,1.6071530898715687
3.1679999999998727,0.0039999999999995595,-5.0,0.014288335681120536,0.004061445309935064,3.194645925254966e-06,0.03578098029379802,1.655796480194911
3.1719999999998723,0.0039999999999995595,-5.0,0.014760528689351616,0.0042045821191815476,3.195526584899242e-06,0.03580823972464451,1.7039609447586088
3.175999999999872,0.0039999999999995595,-5.0,0.015231690655205757,0.004347721440481829,3.1965527476079797e-06,0.03580103904828319,1.7516054343454681
3.1799999999998714,0.0039999999999995595,-5.0,0.0157013334073863,0.0044907275153200765,3.197730236830825e-06,0.03576004256021129,1.7986892697598187
3.183999999999871,0.0039999999999995595,-5.0,0.016168977188584333,0.0046334668741262785,3.1990619339370292e-06,0.035685788984887445,1.845172099140021
3.1879999999998705,0.0039999999999995595,-5.0,0.016634150181588783,0.004775807898988862,3.2005479526605294e-06,0.03557871300605039,1.8910138876956228
3.19199999999987,0.0039999999999995595,-5.0,0.017096388175678098,0.004917620471474987,3.2021858480246096e-06,0.035439166453441424,1.936174935518476
3.1959999999998696,0.0039999999999995595,-5.0,0.017555234366910262,0.005058775702837564,3.203970850875012e-06,0.03526743870762035,1.9806159191485033
3.199999999999869,0.0039999999999995595,-5.0,0.01801023928323879,0.005199145742401907,3.2058961197269128e-06,0.03506377597221675,2.024297952695395
3.2039999999998687,0.0039999999999995595,0.0,0.018452479641341814,0.005335173747454907,3.207968877299906e-06,0.03311234215210336,2.0671826645102764
3.2079999999998683,0.0039999999999995595,0.0,0.018859221699183942,0.00545842141544086,3.2103585771581163e-06,0.030221553072831565,2.1061573112659686
3.211999999999868,0.0039999999999995595,0.0,0.019235940887981987,0.005572422730021012,3.2131462323372807e-06,0.028012243340334666,2.1402102352366597
3.2159999999998674,0.0039999999999995595,0.0,0.019585053962076462,0.00567870524002903,3.2162467213071386e-06,0.02616398596917717,2.1706545785402316
3.219999999999867,0.0039999999999995595,0.0,0.01990818931560438,0.005778302964757828,3.2196812933667323e-06,0.02452842270064931,2.1972990724231694
3.2239999999998665,0.0039999999999995595,0.0,0.020206099877036834,0.005871670778847957,3.223132299114972e-06,0.022984737660857655,2.2202871311095644
3.227999999999866,0.0039999999999995595,0.0,0.020479086188316016,0.005958960775452389,3.2264110447417654e-06,0.021464101499740575,2.2396391157451023
3.2319999999998656,0.0039999999999995595,0.0,0.02072717495327806,0.006040138963353901,3.2293390237957323e-06,0.019928301601436778,2.255391989975319
3.235999999999865,0.0039999999999995595,0.0,0.020950272584997067,0.006115091355649765,3.2317402023373117e-06,0.018359356918120916,2.2675648848257755
3.2399999999998648,0.0039999999999995595,0.0,0.021148194033175163,0.006183634878725203,3.233725998396939e-06,0.016741872339776653,2.276205110177165
3.2439999999998643,0.0039999999999995595,0.0,0.021320715155461217,0.0062455468134338474,3.235363207746877e-06,0.015065344538747668,2.2813636495892697
3.247999999999864,0.0039999999999995595,0.0,0.02146765652668842,0.006300613556317013,3.2366849387474194e-06,0.013342064004228322,2.283171928410475
3.2519999999998634,0.0039999999999995595,0.0,0.02158903813715433,0.006348734736040055,3.237715520519452e-06,0.01160173802665662,2.28167386433725
3.255999999999863,0.0039999999999995595,0.0,0.021685118634330095,0.006389952185733122,3.2385013114422433e-06,0.009885326443692756,2.276861132584413
3.2599999999998626,0.0039999999999995595,0.0,0.021756686752655654,0.006424635475395217,3.239090562258194e-06,0.008271381316845185,2.2686815649268395
3.263999999999862,0.0039999999999995595,0.0,0.02180442470128598,0.0064530723125741955,3.2395148618948218e-06,0.006720503914946785,2.257200771224379
3.2679999999998617,0.0039999999999995595,0.0,0.02182885257437439,0.006475433996846014,3.2397968115438357e-06,0.005207115182240791,2.2425349350618515
3.2719999999998612,0.0039999999999995595,0.0,0.021830400312038964,0.006491822808469844,3.2399553612457006e-06,0.003716290248733343,2.2247976589166707
3.275999999999861,0.0039999999999995595,0.0,0.021809454697084375,0.006502303188384135,3.240008234729627e-06,0.002240097534225974,2.2041027383934733
3.2799999999998604,0.0039999999999995595,0.0,0.021766389539030644,0.006506922025889106,3.239972859648221e-06,0.0007751382292188918,2.1805655878572856
3.28399999999986,0.0039999999999995595,0.0,0.021701679970442516,0.006505794449704058,3.239869840497395e-06,0.0006570241357706042,2.1542841877469154
3.2879999999998595,0.0039999999999995595,0.0,0.021615790884079823,0.006499023828900818,3.2397142322741317e-06,0.002064730265583933,2.1253587045239
3.291999999999859,0.0039999999999995595,0.0,0.02150915013438829,0.006486680709877547,3.239518784826657e-06,0.003456351458356652,2.093905022829164
3.2959999999998586,0.0039999999999995595,0.0,0.02138216996586637,0.006468816790845174,3.2392957631997715e-06,0.004835514368170306,2.0600438808626107
3.299999999999858,0.0039999999999995595,0.0,0.02123526770967346,0.006445479162328253,3.2390568971834325e-06,0.006202696234982638,2.023897644007609
3.3039999999998577,0.0039999999999995595,0.0,0.021068877990094596,0.006416719013876198,3.2388130226580923e-06,0.007556469196709773,1.985590267838843
3.3079999999998573,0.0039999999999995595,0.0,0.02088345932886314,0.006382596690838882,3.2385736651546105e-06,0.008894320445891233,1.9452469124721266
3.311999999999857,0.0039999999999995595,0.0,0.020679497075048302,0.00634318435244318,3.238346657286289e-06,0.01021319052751206,1.9029933680954225
3.3159999999998564,0.0039999999999995595,0.0,0.020457503949547307,0.006298567063589474,3.2381378259512954e-06,0.01150982399770976,1.858955397329456
3.319999999999856,0.0039999999999995595,0.0,0.02021801906814501,0.00624884287553688,3.237950760135664e-06,0.012780994826532591,1.8132580635558595
3.3239999999998555,0.0039999999999995595,0.0,0.0199616060242891,0.006194122267001634,3.237786659663344e-06,0.014023647885674681,1.766025089557341
3.327999999999855,0.0039999999999995595,0.0,0.019688850423552534,0.0061345271953307644,3.2376442616397276e-06,0.015234983977614042,1.7173782738929027
3.3319999999998546,0.0039999999999995595,0.0,0.019400067187969314,0.006070004153307302,3.237522995373936e-06,0.016505434911273487,1.6674369808170715
3.335999999999854,0.0039999999999995595,0.0,0.01909494063318307,0.006000097000890207,3.237439499915401e-06,0.017886094946989506,1.6163642354182137
3.3399999999998538,0.0039999999999995595,0.0,0.01877344595046499,0.005924543404553035,3.2374168138928257e-06,0.019275505199010466,1.5643202873499675
3.3439999999998533,0.0039999999999995595,0.0,0.0184364268330042,0.005843646238565324,3.2374655263059267e-06,0.020583225757099772,1.5114088470726386
3.347999999999853,0.0039999999999995595,0.0,0.018084937726433273,0.0057578459903384616,3.2375710701541177e-06,0.021782055758968744,1.457752631508417
3.3519999999998524,0.0039999999999995595,0.0,0.01771999151898785,0.005667555710194902,3.237712299885932e-06,0.022879639830669683,1.4034677455717068
3.355999999999852,0.0039999999999995595,0.0,0.01734254432580512,0.0055731522793796605,3.2378644070987006e-06,0.023885274047468815,1.3486540933161157
3.3599999999998515,0.0039999999999995595,0.0,0.016953259712893458,0.005474821776948737,3.237979339332723e-06,0.024884608147228652,1.2933982474645598
3.363999999999851,0.0039999999999995595,0.0,0.01655196780002874,0.005372209473163289,3.2379588440617715e-06,0.025948050520612335,1.2381456449232104
3.3679999999998507,0.0039999999999995595,0.0,0.0161392062780732,0.005265438644426172,3.2378110621418164e-06,0.026977727138155844,1.1825196107588936
3.3719999999998502,0.0039999999999995595,0.0,0.015715579882409975,0.005154676348056643,3.23753431612269e-06,0.027963045169890798,1.126582329258207
3.37599999999985,0.0039999999999995595,0.0,0.015281740894890478,0.005040121126177292,3.237118400010912e-06,0.028897469034542746,1.070384763667117
3.3799999999998493,0.0039999999999995595,0.0,0.014838363552034349,0.004921986384667285,3.2365470368773167e-06,0.02977792965832627,1.0139792866623059
3.383999999999849,0.0039999999999995595,0.0,0.014386129819764889,0.004800491253627871,3.235800528744114e-06,0.030603472726899315,0.9574161789607266
3.3879999999998485,0.0039999999999995595,0.0,0.013925719659297378,0.00467585433974188,3.2348577861678905e-06,0.03137451117424791,0.9007443048395746
3.391999999999848,0.0039999999999995595,0.0,0.01345780528925126,0.004548290074687737,3.2336979443853333e-06,0.032092252474126406,0.844011087513747
3.3959999999998476,0.0039999999999995595,0.0,0.012983048017901145,0.0044180067302563245,3.232301594708315e-06,0.03275831544524515,0.78726280476908
3.399999999999847,0.0039999999999995595,0.0,0.012502096856702683,0.004285205593473814,3.23065170600375e-06,0.03337446937391883,0.7560803790469163
3.4039999999998467,0.0039999999999995595,0.0,0.012015588290232072,0.0041500808999213705,3.228734290349257e-06,0.03394246411137201,0.7542183938953065
3.4079999999998463,0.0039999999999995595,0.0,0.011524146769696049,0.004012820247642423,3.226538858128447e-06,0.03446392415654946,0.7542244573428775
3.411999999999846,0.0039999999999995595,0.0,0.011028385620044965,0.003873605293003676,3.2240586977367634e-06,0.03494028814136841,0.7542308577023775
3.4159999999998454,0.0039999999999995595,0.0,0.010528908144674429,0.0037326125895246797,3.2212910077145338e-06,0.03537278006589967,0.7542375936436033
3.419999999999845,0.0039999999999995595,0.0,0.010026308777892172,0.003590014473168056,3.218236904317501e-06,0.035762402474494664,0.754244660982552
3.4239999999998445,0.0039999999999995595,0.0,0.009521174184677437,0.0034459799284212453,3.2149013242123847e-06,0.03610994446844962,0.7542520533889336
3.427999999999844,0.0039999999999995595,0.0,0.009014084242063404,0.0033006753917918154,3.2112928402998792e-06,0.03641599941311072,0.7542597628926149
3.4319999999998436,0.0039999999999995595,0.0,0.008505612862467423,0.0031542654655066183,3.2074234074623554e-06,0.036680988610310515,0.754267780275233
3.435999999999843,0.0039999999999995595,0.0,0.007996328637649687,0.0030069135259291647,3.2033080542479144e-06,0.03690518823302165,0.7542760953964889
3.4399999999998427,0.0039999999999995595,0.0,0.007486795295550176,0.0028587822196945996,3.198964535300594e-06,0.03708875756880997,0.7542846974815411
3.4439999999998423,0.0039999999999995595,0.0,0.006977571971769552,0.0027100338466636534,3.194412958726686e-06,0.03723176717144291,0.7542935753819285
3.447999999999842,0.0039999999999995595,0.0,0.0064692133041825755,0.002560830633129607,3.1896754012035566e-06,0.03733422593137703,0.7543027178142863
3.4519999999998414,0.0039999999999995595,0.0,0.005962269364085386,0.0024113349017189298,3.184775522060783e-06,0.037396106384741695,0.754312113576826
3.455999999999841,0.0039999999999995595,0.0,0.005457285439802438,0.0022617091464309925,3.179738186315067e-06,0.037417367814139645,0.7543217517416152
3.4599999999998405,0.0039999999999995595,0.0,0.00495480169104121,0.00211211602250544,3.1745891046199666e-06,0.03739797687231265,0.7543316218202799
3.46399999999984,0.0039999999999995595,0.0,0.004455352693317982,0.001962718261468379,3.169354496362362e-06,0.03733792559516193,0.7543417139011397
3.4679999999998397,0.0039999999999995595,0.0,0.003959466892091242,0.0018136785219290139,3.1640607809345725e-06,0.037237246773518945,0.7543520187566477
3.471999999999839,0.0039999999999995595,0.0,0.0034676659876336827,0.001665159186584275,3.1587342998170682e-06,0.03709602673070018,0.7543625279210017
3.4759999999998388,0.0039999999999995595,0.0,0.002980464273455949,0.0015173221155249364,3.1534010714579017e-06,0.036914415610527024,0.7543732337387693
3.4799999999998383,0.0039999999999995595,0.0,0.0024983679588418692,0.0013703283653901095,3.1480865793398386e-06,0.03669263532223024,0.7543841293862791
3.483999999999838,0.0039999999999995595,0.0,0.0020218745301399466,0.0012243378832417573,3.1428155924883188e-06,0.036430985317652154,0.7543952088682043
3.4879999999998375,0.0039999999999995595,0.0,0.0015514722957955598,0.0010795091832704836,3.1376120169726096e-06,0.03612984639487185,0.7544064669923216
3.491999999999837,0.0039999999999995595,0.0,0.00108764069830705,0.0009359990136334018,3.1324987764053585e-06,0.03578968273281079,0.7544178993257418
3.4959999999998366,0.0039999999999995595,0.0,0.0006308552121024806,0.0007939620198925848,3.1274977187659906e-06,0.03541104236516937,0.7544295021360864
3.499999999999836,0.0039999999999995595,0.0,0.00018167507546828167,0.0006535504106910014,3.122629546760988e-06,0.034994556300539895,0.7544412723210733
3.5039999999998357,0.0039999999999995595,0.0,0.0002600672831528371,0.0005149136304898626,3.117913768738232e-06,0.03454093648985093,0.7544532073298812
3.5079999999998353,0.0039999999999995595,0.0,0.0006930224636490955,0.0003781980434108575,3.1133686672005787e-06,0.03405097283337216,0.7544653050794161
3.511999999999835,0.0039999999999995595,0.0,0.0011172777908028408,0.00024354663148944846,3.109011281852679e-06,0.033525529408149936,0.7544775638683378
3.5159999999998344,0.0039999999999995595,0.0,0.0015323769166400822,0.00011109870995899406,3.1048574048095786e-06,0.03296554008361221,0.7544899822913395
3.519999999999834,0.0039999999999995595,0.0,0.0019379282784643737,-1.901033844460838e-05,3.100921585217282e-06,0.0323720036787481,0.7545025591558232
3.5239999999998335,0.0039999999999995595,0.0,0.002333561143961305,-0.00014664930873853476,3.0972171410549983e-06,0.031745978799248356,0.7628112403886546
3.527999999999833,0.0039999999999995595,0.0,0.00271892206850417,-0.00027169139759885267,3.09375617625671e-06,0.031088578477641998,0.7947503225581656
3.5319999999998326,0.0039999999999995595,0.0,0.0030936744549409046,-0.0003940144054542392,3.0905496015577146e-06,0.030400964724183653,0.8252937403634469
3.535999999999832,0.0039999999999995595,0.0,0.0034574986486047505,-0.0005135009166926102,3.087607157545864e-06,0.02968434308127566,0.854421594990729
3.5399999999998317,0.0039999999999995595,0.0,0.0038104400715311382,-0.0006303998329983606,3.084535873099354e-06,0.028996321724839038,0.8811545563347261
3.5439999999998313,0.0039999999999995595,0.0,0.004149807914728242,-0.0007431055842270883,3.081468563157273e-06,0.02784153398394079,0.9065063809921494
3.547999999999831,0.0039999999999995595,0.0,0.004473658149955125,-0.000850458040080211,3.0785634291841833e-06,0.02647714266858491,0.9314514013737958
3.5519999999998304,0.0039999999999995595,0.0,0.004781472236952915,-0.0009522241396850182,3.0758370891058804e-06,0.025080255706712695,0.9555863945061975
3.55599999999983,0.0039999999999995595,0.0,0.005073167052018421,-0.0010484485648554777,3.073284559554897e-06,0.023702287111795475,0.9788187797177641
3.5599999999998295,0.0039999999999995595,0.0,0.005348831830569806,-0.0011392783908024367,3.0709210873478485e-06,0.022366466041676827,1.0011619376768846
3.563999999999829,0.0039999999999995595,0.0,0.005608711620101505,-0.001224950614305615,3.0687841365329597e-06,0.02109657036305524,1.0226203935948146
3.5679999999998286,0.0039999999999995595,0.0,0.005853214297401787,-0.0013058004943099666,3.0669076291584623e-06,0.019914583789562325,1.0431165568873795
3.571999999999828,0.0039999999999995595,0.0,0.006082799926118298,-0.0013821917771454266,3.0653113272655307e-06,0.018821951284879568,1.0625319673384703
3.5759999999998278,0.0039999999999995595,0.0,0.0062978736166031234,-0.0014544469004619091,3.064010104831457e-06,0.017805897175776488,1.0807626458785669
3.5799999999998273,0.0039999999999995595,0.0,0.006498743940258426,-0.0015228194173901022,3.0630185390499916e-06,0.016848511622344152,1.0977122699164412
3.583999999999827,0.0039999999999995595,0.0,0.006685615858633914,-0.0015874886666454719,3.0623526507589247e-06,0.015931423264439828,1.1132891188588856
3.5879999999998264,0.0039999999999995595,0.0,0.006858600325664572,-0.001648565218481771,3.0620301456360583e-06,0.01503801583627598,1.1274055704869421
3.591999999999826,0.0039999999999995595,0.0,0.007017730993909391,-0.0017061009625764588,3.062069865890261e-06,0.014154336711780286,1.139978769366647
3.5959999999998256,0.0039999999999995595,0.0,0.0071629829947942375,-0.0017601006231229685,3.0624908556244296e-06,0.013269324552943757,1.1509317313903287
3.599999999999825,0.0039999999999995595,0.0,0.007294291240453546,-0.0018105330737815152,3.0633112862670674e-06,0.012374696504101976,1.1601945029218215
3.6039999999998247,0.0039999999999995595,0.0,0.0074115670363396014,-0.0018573416812959814,3.064547397347146e-06,0.011464678097747613,1.1677051874374726
3.6079999999998242,0.0039999999999995595,0.0,0.007514712513244771,-0.0019004533629124543,3.066212549134816e-06,0.010535673132025232,1.173410758435716
3.611999999999824,0.0039999999999995595,0.0,0.007603632765824299,-0.0019397862814655672,3.0683164416115855e-06,0.009585924086366663,1.1772676343085513
3.6159999999998234,0.0039999999999995595,0.0,0.007678245778138245,-0.0019752562229537578,3.070864524526645e-06,0.008615188405668493,1.1792420207196666
3.619999999999823,0.0039999999999995595,0.0,0.007738490309757686,-0.0020067817590487414,3.0738576022260244e-06,0.007624442437646408,1.1793100409087773
3.6239999999998225,0.0039999999999995595,0.0,0.007784331954842477,-0.002034288320833631,3.0772916230677927e-06,0.006615617600800089,1.1774576809267738
3.627999999999822,0.0039999999999995595,0.0,0.007815767596827101,-0.0020577113161045317,3.08115763510959e-06,0.0055913695734666116,1.1736805788097877
3.6319999999998216,0.0039999999999995595,0.0,0.00783307234176681,-0.002077154007656605,3.085439354040244e-06,0.004621755659032735,1.167972988799925
3.635999999999821,0.0039999999999995595,0.0,0.007836919045784691,-0.0020929624996623396,3.090107196060438e-06,0.0037298362234343733,1.1602547022383554
3.6399999999998207,0.0039999999999995595,0.0,0.007827798850850788,-0.002105355291615996,3.095137246234157e-06,0.0028861314613933867,1.1505812034785625
3.6439999999998203,0.0039999999999995595,0.0,0.0078060876863628665,-0.0021144671379742744,3.100506395493507e-06,0.002072161981144261,1.139007133340079
3.64799999999982,0.0039999999999995595,0.0,0.00777209625303958,-0.0021203820491001164,3.106189404022858e-06,0.0012768810458278024,1.1255873873199114
3.6519999999998194,0.0039999999999995595,0.0,0.007726102993460572,-0.002123155235731399,3.1121579262849627e-06,0.0004941736012258984,1.1103791639081104
3.655999999999819,0.0039999999999995595,0.0,0.007668375476659222,-0.0021228275468453983,3.118380461585172e-06,0.00027885311341134116,1.0934430358640759
3.6599999999998185,0.0039999999999995595,0.0,0.007599183902413598,-0.0021194348141002077,3.124822709241023e-06,0.001042983926482158,1.0748433745326746
3.663999999999818,0.0039999999999995595,0.0,0.0075188092590292785,-0.0021130137450568027,3.131448080176398e-06,0.0017977339728110068,1.0546483541249785
3.6679999999998176,0.0039999999999995595,0.0,0.007427547868752722,-0.0021036054841043405,3.1382182558945537e-06,0.002541829878947177,1.0329296917293886
3.671999999999817,0.0039999999999995595,0.0,0.007325713509916819,-0.00209125760449897,3.1450937510859544e-06,0.003273580606806468,1.0097622296636053
3.6759999999998167,0.0039999999999995595,0.0,0.007213637931672989,-0.002076025053078481,3.1520344651893216e-06,0.003991110933589173,0.9852234327721772
3.6799999999998163,0.0039999999999995595,0.0,0.007091670322343446,-0.0020579704044181254,3.159000217493037e-06,0.004692515958889502,0.9593928497143842
3.683999999999816,0.0039999999999995595,0.0,0.006960176116615441,-0.0020371636686715698,3.1659512621675773e-06,0.005375960321456275,0.9323515709406297
3.6879999999998154,0.0039999999999995595,0.0,0.006819535406444755,-0.002013681820327928,3.1728487784363406e-06,0.006039739516285808,0.9041817047009877
3.691999999999815,0.0039999999999995595,0.0,0.00667014113716009,-0.001987608162259211,3.1796553294589384e-06,0.0066823152997864885,0.8749658845374101
3.6959999999998145,0.0039999999999995595,0.0,0.006512397212520882,-0.001959031603041555,3.1863352828581e-06,0.007302333448589103,0.8447868162274559
3.699999999999814,0.0039999999999995595,0.0,0.006346716592157019,-0.0019280459003934423,3.192855185780582e-06,0.00789862958819723,0.8137268683447432
3.7039999999998137,0.0039999999999995595,0.0,0.006173519437317616,-0.0018947489061442325,3.1991840883512604e-06,0.00847022705832738,0.7818677079760594
3.7079999999998132,0.0039999999999995595,0.0,0.005993231340412562,-0.0018592418360191508,3.205293810902809e-06,0.009016329577257481,0.7551326253108729
3.711999999999813,0.0039999999999995595,0.0,0.0058062816609196575,-0.0018216285790621527,3.211159152284805e-06,0.009536310634581094,0.7551431022431803
3.7159999999998123,0.0039999999999995595,0.0,0.005613101979992496,-0.0017820150555953472,3.2167580385078283e-06,0.010029700962848807,0.7551539284285448
3.719999999999812,0.0039999999999995595,0.0,0.00541412467929692,-0.0017405086284653839,3.222071612565525e-06,0.010496175033868476,0.7551650953652455
3.7239999999998115,0.0039999999999995595,0.0,0.005209781645196613,-0.0016972175694255655,3.2270842684838007e-06,0.010935537240630028,0.7551765927555248
3.727999999999811,0.0039999999999995595,0.0,0.005000503095688618,-0.0016522505804828522,3.231783633646798e-06,0.011347708223951487,0.7551884086897153
3.7319999999998106,0.0039999999999995595,0.0,0.00478671652536901,-0.0016057163686482442,3.236160504531239e-06,0.011732711658736008,0.7552005298377952
3.73599999999981,0.0039999999999995595,0.0,0.004568845762363245,-0.0015577232715902295,3.2402087416529427e-06,0.01209066171091557,0.7552129416458104
3.7399999999998097,0.0039999999999995595,0.0,0.004347310129932799,-0.0015083789310795209,3.243925130207816e-06,0.012421751300827982,0.7552256285339624
3.7439999999998093,0.0039999999999995595,0.0,0.004122484773412079,-0.001457765159617074,3.2473113049855234e-06,0.012738665996812398,0.7552385740930139
3.747999999999809,0.0039999999999995595,0.0,0.0038944195535786786,-0.0014057591001800298,3.2503809376186314e-06,0.013109146427820125,0.7552517404380537
3.7519999999998084,0.0039999999999995595,0.0,0.0036629705335641995,-0.0013521190792292657,3.253146227820568e-06,0.013521482194132918,0.7552651778357096
3.755999999999808,0.0039999999999995595,0.0,0.0034283558178660554,-0.0012968396414507726,3.25560780564953e-06,0.013925776086520791,0.7552790175094014
3.7599999999998075,0.0039999999999995595,0.0,0.0031909718839739872,-0.0012400328951977608,3.257765612510513e-06,0.014297634531065766,0.755293195187355
3.763999999999807,0.0039999999999995595,0.0,0.0029512935407483383,-0.0011818640401486517,3.2596226564070545e-06,0.014626463582088883,0.7553076106478079
3.7679999999998066,0.0039999999999995595,0.0,0.0027098205327886595,-0.0011225170587598565,3.2611857877614775e-06,0.014908960879033943,0.7553221801741176
3.771999999999806,0.0039999999999995595,0.0,0.002467049728213629,-0.0010621768583246385,3.2624658894156513e-06,0.015145623266989983,0.755336844449106
3.7759999999998057,0.0039999999999995595,0.0,0.002223462417515624,-0.001001020944572897,3.2634774684112465e-06,0.01533841727055676,0.7553515209660411
3.7799999999998053,0.0039999999999995595,0.0,0.0019795241820107458,-0.0009392195217216591,3.264236674464011e-06,0.015489107604715821,0.7553661565452268
3.783999999999805,0.0039999999999995595,0.0,0.0017356834126223259,-0.0008769348859039064,3.2647602253853844e-06,0.01559986157321472,0.755380772934306
3.7879999999998044,0.0039999999999995595,0.0,0.001492365556917675,-0.000814318019745807,3.265064768289719e-06,0.01567375548483181,0.75539543316222
3.791999999999804,0.0039999999999995595,0.0,0.0012499762237192865,-0.0007515121521866597,3.2651540446023343e-06,0.015711124271453446,0.7554102181150679
3.7959999999998035,0.0039999999999995595,0.0,0.0010088790461735813,-0.0006886439871507458,3.265012361204178e-06,0.015721691621007033,0.755426275571698
3.799999999999803,0.0039999999999995595,0.0,0.0007692673392951723,-0.0006257369250031325,3.264651351116246e-06,0.015734828875169245,0.7554443214899209
3.8039999999998027,0.0039999999999995595,0.0,0.0005312103239385204,-0.0005627341124732677,3.2640870965372146e-06,0.015762312983995774,0.7554632084712776
3.807999999999802,0.0039999999999995595,0.0,0.0002948160028488233,-0.0004995942886859987,3.2633350465214496e-06,0.015797513729064204,0.7554824244682391
3.8119999999998018,0.0039999999999995595,0.0,6.0651103448712174e-05,-0.00043632010433162247,3.2624102584708724e-06,0.015829060969607005,0.7555017171020669
3.8159999999998013,0.0039999999999995595,0.0,0.0001729309175564181,-0.00037295872856673803,3.2613286625451394e-06,0.015846303118013057,0.75552094321978
3.819999999999801,0.0039999999999995595,0.0,0.00040327019419491265,-0.0003095927656364369,3.2601079924106108e-06,0.015841086769103226,0.755540009921334
3.8239999999998004,0.0039999999999995595,0.0,0.0006311820243401688,-0.0002463292271786117,3.2587681365183813e-06,0.015807983553430435,0.7555588512225951
3.8279999999998,0.0039999999999995595,0.0,0.0008562876071241494,-0.00018328957161464836,3.2573310185858654e-06,0.015743936507563155,0.7555774180361543
3.8319999999997996,0.0039999999999995595,0.0,0.0010782688462151184,-0.00012060172168439152,3.2558201820772888e-06,0.01564775183860559,0.7555956730435619
3.835999999999799,0.0039999999999995595,0.0,0.0012968218641577123,-5.839410026783515e-05,3.254260226298104e-06,0.015519608408920593,0.7556135875008004
3.8399999999997987,0.0039999999999995595,0.0,0.001511657275195024,3.208588844593935e-06,3.2526761964557167e-06,0.015360643383716588,0.755631139014935
3.8439999999997982,0.0039999999999995595,0.0,0.0017225030016234065,6.408818131988216e-05,3.2510929905006637e-06,0.015172624120774516,0.7556483099771882
3.847999999999798,0.0039999999999995595,0.0,0.0019291063360936252,0.00012413479777356002,3.2495348172915686e-06,0.014957697978978413,0.7556650865083085
3.8519999999997974,0.0039999999999995595,0.0,0.0021312350045051857,0.0001832477861746771,3.248024723336133e-06,0.014718206456615923,0.7556814578015457
3.855999999999797,0.0039999999999995595,0.0,0.002328677399413469,0.00024133607760383827,3.2465841939086327e-06,0.014456550143665913,0.7556974157521864
3.8599999999997965,0.0039999999999995595,0.0,0.00252124219963341,0.00029831812310379614,3.245232828757374e-06,0.0141750928861209,0.7557129547717368
3.863999999999796,0.0039999999999995595,0.0,0.00270875755918846,0.0003541215397334137,3.2439880890695813e-06,0.013876095830561342,0.7557280717021568
3.8679999999997956,0.0039999999999995595,0.0,0.002891070015153901,0.0004086825628874626,3.242865111172418e-06,0.013561674078895998,0.7557427657668708
3.871999999999795,0.0039999999999995595,0.0,0.0030680432265445113,0.00046194537805934924,3.241876581133385e-06,0.013233770373715535,0.7557570385162259
3.8759999999997947,0.0039999999999995595,0.0,0.0032395566311904703,0.0005138613869800646,3.2410326648029613e-06,0.012894141554311102,0.7557708937429678
3.8799999999997943,0.0039999999999995595,0.0,0.0034055040845900144,0.0005643884491371847,3.2403409875351205e-06,0.012544354528141911,0.7557843373572094
3.883999999999794,0.0039999999999995595,0.0,0.003565792528365384,0.0006134901290015747,3.2398066581454543e-06,0.012185789258947609,0.755797377220106
3.8879999999997934,0.0039999999999995595,0.0,0.003720340722029603,0.0006611349710560491,3.2394323316204435e-06,0.011819646840808303,0.7558100229416869
3.891999999999793,0.0039999999999995595,0.0,0.003869078061915407,0.0007072958183255238,3.239218305709631e-06,0.011446961155778384,0.7558222856516456
3.8959999999997925,0.0039999999999995595,0.0,0.004011943502834185,0.000751949185108032,3.2391626462911444e-06,0.011068612938456965,0.7558341777532167
3.899999999999792,0.0039999999999995595,0.0,0.004148937466151556,0.0007950953453411975,3.239260244837791e-06,0.010695675664836661,0.7558341777532167
3.9039999999997916,0.0039999999999995595,0.0,0.004280230614011946,0.0008368028948102872,3.2395017066646415e-06,0.01034124264834473,0.7558341777532167
3.907999999999791,0.0039999999999995595,0.0,0.004405879420809396,0.0008771064146618901,3.239880306908567e-06,0.009979107973557073,0.7558683621183276
3.9119999999997908,0.0039999999999995595,0.0,0.004525582244747767,0.0009158966164961027,3.240393284153433e-06,0.009603821783425533,0.7558786217003937
3.9159999999997903,0.0039999999999995595,0.0,0.0046394672194658895,0.0009532495191709182,3.2410318001626012e-06,0.009254638039040936,0.7558786217003937
3.91999999999979,0.0039999999999995595,0.0,0.004747675801885988,0.000989237725458632,3.241784301851718e-06,0.008903448884415755,0.755898800755618
3.9239999999997894,0.0039999999999995595,0.0,0.004850008561848331,0.0010237601932564435,3.2426339445435995e-06,0.008538417475238267,0.7559083342344332
3.927999999999789,0.0039999999999995595,0.0,0.004946504015656627,0.0010568375285518962,3.2435683801202162e-06,0.008177898875909188,0.7559176778576514
3.9319999999997886,0.0039999999999995595,0.0,0.005037266668019131,0.0010885244936668687,3.2445765265899195e-06,0.007841358238530577,0.7559176778576514
3.935999999999788,0.0039999999999995595,0.0,0.005122509809752567,0.001118932380854588,3.2456493746189423e-06,0.007519103589660712,0.7559268457108643
3.9399999999997877,0.0039999999999995595,0.0,0.005202103358030156,0.0011479738603772072,3.2467660633758503e-06,0.007161947317614558,0.7559455094824017
3.9439999999997872,0.0039999999999995595,0.0,0.0052758010183997315,0.0011754927830117177,3.247903565861807e-06,0.006783539322666353,0.7559539867720612
3.947999999999787,0.0039999999999995595,0.0,0.0053436764661744015,0.0012015212366861148,3.249051730487251e-06,0.006412318138450733,0.7559622764337838
3.9519999999997864,0.0039999999999995595,0.0,0.005405789411327621,0.0012260800128539562,3.2501987510702475e-06,0.0060457423435707446,0.7559704279656475
3.955999999999786,0.0039999999999995595,0.0,0.005462191416774983,0.0012491824682788438,3.2513323255069835e-06,0.005682148663509232,0.7559784578586847
3.9599999999997855,0.0039999999999995595,0.0,0.005512929925559466,0.0012708371966242797,3.252440271594567e-06,0.0053204816307649274,0.7559863690997626
3.963999999999785,0.0039999999999995595,0.0,0.005558051047918412,0.0012910498807205762,3.2535108537015255e-06,0.004960107556096333,0.7559941603921032
3.9679999999997846,0.0039999999999995595,0.0,0.00559760148935213,0.0013098245815554932,3.254532958676095e-06,0.004600686646942594,0.7560018301328251
3.971999999999784,0.0039999999999995595,0.0,0.005631629883876304,0.0013271646400473656,3.255496194245536e-06,0.004242085071421472,0.7560093778310535
3.9759999999997837,0.0039999999999995595,0.0,0.0056601877138243205,0.001343073312227209,3.2563909471594266e-06,0.0038843143690654837,0.7560168043616367
3.9799999999997833,0.0039999999999995595,0.0,0.005683329940896804,0.001357554220219337,3.2572084188796697e-06,0.0035274895270604586,0.7560241117551291
3.983999999999783,0.0039999999999995595,0.0,0.005701115433590315,0.0013706116751463057,3.257940646967892e-06,0.0031717997651503735,0.7560313028577222
3.9879999999997824,0.0039999999999995595,0.0,0.005713607249721246,0.0013822509101165403,3.258580515618525e-06,0.0028174879579730043,0.7560383810061398
3.991999999999782,0.0039999999999995595,0.0,0.005720872813749533,0.0013924782492087692,3.2591217568660103e-06,0.002464835923070578,0.7560453497693232
3.9959999999997815,0.0039999999999995595,0.0,0.005722984016433692,0.001401301230055634,3.2595589429848783e-06,0.0021141536948545733,0.7560522127655837
3.999999999999781,0.0039999999999995595,0.0,0.005720017255625091,0.0014087286920089926,3.259887471480164e-06,0.0017657715148882266,0.7560589735461646
4.003999999999781,0.0040000000000000036,0.0,0.00571205343147326,0.0014147708380855188,3.260103542852702e-06,0.001420033684532776,0.756065635530762
4.007999999999781,0.0039999999999995595,0.0,0.005699177905225175,0.0014194392763546557,3.260204132898829e-06,0.0010772937082017735,0.7560722019805883
4.01199999999978,0.0039999999999995595,0.0,0.005681480428263779,0.0014227470447386451,3.260186960435255e-06,0.0007379103462671369,0.7560786759968433
4.01599999999978,0.0039999999999995595,0.0,0.005659055046484152,0.0014247086220705635,3.260050451913282e-06,0.00040224432555187615,0.7560850605350857
4.019999999999779,0.0039999999999995595,0.0,0.005631999983545595,0.0014253399275134433,3.259793704113711e-06,7.065556582228702e-05,0.756091358428534
4.023999999999779,0.0039999999999995595,0.0,0.0056004175063257755,0.0014246583099541813,3.259416445991948e-06,0.00025649942026471483,0.7560975724153697
4.027999999999778,0.0039999999999995595,0.0,0.005564413774788817,0.0014226825286637744,3.258919000627755e-06,0.0005788692162811016,0.7561037051667134
4.031999999999778,0.0039999999999995595,0.0,0.005524098678655592,0.0014194327263024145,3.2583022482558276e-06,0.0008961098445619114,0.7561097593131347
4.0359999999997775,0.0039999999999995595,0.0,0.005479585662523124,0.0014149303952050388,3.2575675907463257e-06,0.001207886106131625,0.75611573746838
4.039999999999777,0.0039999999999995595,0.0,0.0054309915413650175,0.0014091983377843107,3.2567169182081468e-06,0.0015138730749513056,0.7561216422496386
4.043999999999777,0.0039999999999995595,0.0,0.00537843630797243,0.0014022606218163675,3.255752577942318e-06,0.0018137573289242087,0.7561274762940273
4.047999999999776,0.0039999999999995595,0.0,0.0053220429335941255,0.0013941425313191034,3.254677345725556e-06,0.002107238008627855,0.7561332422712873
4.051999999999776,0.0039999999999995595,0.0,0.005261937163365722,0.0013848705136859983,3.2534943996668817e-06,0.002394027712973368,0.7561389428928439
4.055999999999775,0.0039999999999995595,0.0,0.005198247307757911,0.001374472123696224,3.2522072963451356e-06,0.002673853242041072,0.7561445809174885
4.059999999999775,0.0039999999999995595,0.0,0.005131104031045613,0.0013629759649813474,3.250819949153663e-06,0.002946456197130343,0.7561501591540111
4.0639999999997745,0.0039999999999995595,0.0,0.00506064013816789,0.0013504116294890053,3.2493366085715886e-06,0.003211593448041901,0.7561556804611509
4.067999999999774,0.0039999999999995595,0.0,0.004986990360652356,0.0013368096354437584,3.247761843973498e-06,0.0034690374776763775,0.7561611477452225
4.071999999999774,0.0039999999999995595,0.0,0.004910291142844943,0.0013222013642648696,3.2461005267812623e-06,0.0037185766141155574,0.7561665639557908
4.075999999999773,0.0039999999999995595,0.0,0.00483068042896486,0.0013066189968600295,3.2443578145813787e-06,0.0039600151603941345,0.7561719320797414
4.079999999999773,0.0039999999999995595,0.0,0.00474829745199564,0.0012900954496734777,3.2425391357484638e-06,0.004193173432107603,0.7561772551340876
4.083999999999772,0.0039999999999995595,0.0,0.00466328252491874,0.0012726643108268447,3.240650174472999e-06,0.004417887712867496,0.7561825361578013
4.087999999999772,0.0039999999999995595,0.0,0.0045757768346917395,0.0012543597766518345,3.2386968556164254e-06,0.004634010137350851,0.7561877782029697
4.091999999999771,0.0039999999999995595,0.0,0.004485922240053708,0.0012352165888759282,3.2366853293423706e-06,0.004841408511354604,0.7561929843255153
4.095999999999771,0.0039999999999995595,0.0,0.00439386107273124,0.0012152699726860052,3.2346219551821557e-06,0.005039966077824628,0.7561981575757023
4.0999999999997705,0.0039999999999995595,0.0,0.00429973594331392,0.0011945555758604435,3.232513285263594e-06,0.0052295812373264125,0.7562033009886403
4.10399999999977,0.0039999999999995595,0.0,0.004203689551479055,0.001173109409128117,3.230366046702043e-06,0.005410167230859038,0.7562084175749311
4.10799999999977,0.0039999999999995595,0.0,0.004105864500815824,0.001150967787882966,3.228187122823315e-06,0.005581651792302478,0.7562135103116205
4.111999999999769,0.0039999999999995595,0.0,0.004006403119012757,0.00112816727535558,3.2259835333509397e-06,0.005743976777156293,0.7562185821335647
4.115999999999769,0.0039999999999995595,0.0,0.0039054472828345555,0.0011047446273186015,3.2237624132895674e-06,0.005897097773566789,0.7562236359252975
4.119999999999768,0.0039999999999995595,0.0,0.003803138248536507,0.001080736738380759,3.221530990644296e-06,0.006040983700989478,0.7562286745134896
4.123999999999768,0.0039999999999995595,0.0,0.0036996164874079393,0.0010561805899049251,3.2192965630515476e-06,0.006175616401177049,0.7562337006600355
4.127999999999767,0.0039999999999995595,0.0,0.0035950215268314,0.0010311131995687517,3.217066473173766e-06,0.006300990225557125,0.7562387170558132
4.131999999999767,0.0039999999999995595,0.0,0.003489491796544114,0.001005571572572019,3.2148480831307867e-06,0.006417111622452287,0.7562437263151338
4.1359999999997665,0.0039999999999995595,0.0,0.003383164480379963,0.0009795926544827866,3.2126487481191667e-06,0.0065239987270166045,0.7562487309708881
4.139999999999766,0.0039999999999995595,0.0,0.003276175373253978,0.0009532132857045372,3.2104757891771724e-06,0.006621680956235193,0.7562537334703818
4.143999999999766,0.0039999999999995595,0.0,0.00316865874336409,0.000926470157538676,3.2083364653744393e-06,0.006710198610818884,0.7562587361718434
4.147999999999765,0.0039999999999995595,0.0,0.0030607471998719744,0.0008993997698107602,3.2062379456909593e-06,0.006789602485385713,0.7562637413415817
4.151999999999765,0.0039999999999995595,0.0,0.002952571565549668,0.0008720383900245281,3.2041872805376154e-06,0.00685995348790479,0.7562687511517612
4.155999999999764,0.0039999999999995595,0.0,0.0028442607545256984,0.0008444220140049917,3.2021913733641182e-06,0.006921322269016388,0.756273767678751
4.159999999999764,0.0039999999999995595,0.0,0.0027359416552981677,0.0008165863279903633,3.2002569524760814e-06,0.006973788861526619,0.7562787929020189
4.1639999999997634,0.0039999999999995595,0.0,0.002627739018605081,0.0007885666721322395,3.1983905430964722e-06,0.007017442330095062,0.7562838287035096
4.167999999999763,0.0039999999999995595,0.0,0.00251977535009818,0.0007603980053640611,3.1965984401895743e-06,0.007052380430915466,0.7562888768674803
4.171999999999763,0.0039999999999995595,0.0,0.0024121708083242608,0.0007321148715992687,3.1948866819812063e-06,0.007078709280990558,0.7562939390807274
4.175999999999762,0.0039999999999995595,0.0,0.002305043106866233,0.0007037513672226199,3.193261024501441e-06,0.0070965430364549106,0.7562990169331752
4.179999999999762,0.0039999999999995595,0.0,0.0021985074218806365,0.0006753411098406514,3.191726917297082e-06,0.0071060035792897954,0.7563041119187686
4.183999999999761,0.0039999999999995595,0.0,0.002092676304035834,0.0006469172082601622,3.1902894805413986e-06,0.007107220211686664,0.7563092254366309
4.187999999999761,0.0039999999999995595,0.0,0.0019876595950316387,0.0006185122336667118,3.1889534835164574e-06,0.007100329357266857,0.7563143587924454
4.19199999999976,0.0039999999999995595,0.0,0.001883564349261985,0.0005901581919784026,3.1877233248804436e-06,0.007085474268333127,0.7563195132000203
4.19599999999976,0.0039999999999995595,0.0,0.0017804947592868325,0.0005618864973534661,3.186603014658128e-06,0.00706280473834066,0.7563246897830029
4.1999999999997595,0.0039999999999995595,0.0,0.001678552086878029,0.0005337279468334409,3.185596158193207e-06,0.007032476818772625,0.7563298895767013
4.203999999999759,0.0039999999999995595,0.0,0.0015778345980414844,0.0005057126961068228,3.1847059420427327e-06,0.00699465253965595,0.7563351135299939
4.207999999999759,0.0039999999999995595,0.0,0.0014784375029594408,0.00047787023638102015,3.183935121962091e-06,0.006949499632989696,0.7563403625072933
4.211999999999758,0.0039999999999995595,0.0,0.0013804529007414013,0.00045022937235315196,3.1832860130961082e-06,0.006897191258424644,0.7563456372905427
4.215999999999758,0.0039999999999995595,0.0,0.001283969728835841,0.0004228182012726728,3.182760482289102e-06,0.006837905730595917,0.75635093858122
4.219999999999757,0.0039999999999995595,0.0,0.001189073717780162,0.00039566409309098755,3.1823599426739595e-06,0.006771826247581714,0.7563562670023428
4.223999999999757,0.0039999999999995595,0.0,0.0010958473514547035,0.00036879367169505035,3.1820853505484665e-06,0.006699140620048904,0.7563616231004451
4.227999999999756,0.0039999999999995595,0.0,0.0010043698327538454,0.00034223279722349483,3.181937204442436e-06,0.006620041000712513,0.756367007347525
4.231999999999756,0.0039999999999995595,0.0,0.0009147170569528372,0.0003160065494650608,3.1819155463909873e-06,0.006534723613824294,0.7563724201429483
4.2359999999997555,0.0039999999999995595,0.0,0.0008269615934422469,0.0002901392123399906,3.1820199654005078e-06,0.006443388484479644,0.7563778618153069
4.239999999999755,0.0039999999999995595,0.0,0.0007411726787808999,0.0002646542594656516,3.1822496031679106e-06,0.006346239167615765,0.7563833326242211
4.243999999999755,0.0039999999999995595,0.0,0.0006574162280733122,0.0002395743408079593,3.182603161813333e-06,0.0062434824766324035,0.7563888327620852
4.247999999999754,0.0039999999999995595,0.0,0.0005757548740634679,0.00021492127042019768,3.1830789136085293e-06,0.006135328211650889,0.7563943623557582
4.251999999999754,0.0039999999999995595,0.0,0.000496248060467423,0.00019071601527059383,3.183674712705078e-06,0.006021988887477651,0.7563999214681971
4.255999999999753,0.0039999999999995595,0.0,0.00041895224480603015,0.00016697868515954843,3.184388008677264e-06,0.005903679461403574,0.7564055101000363
4.259999999999753,0.0039999999999995595,0.0,0.0003439213571237895,0.00014372852372673733,3.1852158618127826e-06,0.005780617061016659,0.7564111281911139
4.263999999999752,0.0039999999999995595,0.0,0.00027120795011732415,0.00012098390054743447,3.18615496006933e-06,0.005653020712256881,0.7564167756219532
4.267999999999752,0.0039999999999995595,0.0,0.0002008665980975382,9.876230431637345e-05,3.187201637495147e-06,0.005521111067974885,0.7564224522151958
4.2719999999997516,0.0039999999999995595,0.0,0.00013296714277986955,7.708033711630322e-05,3.1883518941215645e-06,0.005385110137294788,0.7564281577370028
4.275999999999751,0.0039999999999995595,0.0,6.768166304722759e-05,5.595370976709407e-05,3.1896014170464342e-06,0.00524524101610738,0.7564338918984166
4.279999999999751,0.0039999999999995595,0.0,9.62522741451939e-06,3.539723824989249e-05,3.190945602732831e-06,0.00510172761903682,0.7564396543567004
4.28399999999975,0.0039999999999995595,0.0,5.7258203912540756e-05,1.542484119936613e-05,3.19237958027897e-06,0.0049547944132486525,0.7564454447166509
4.28799999999975,0.0039999999999995595,0.0,0.00011499528482829454,-3.950461544400638e-06,3.1938982355169866e-06,0.004804666154467029,0.7564512625318992
4.291999999999749,0.0039999999999995595,0.0,0.0001704132432995057,-2.2716549334327054e-05,3.1954962358590364e-06,0.004651567625584455,0.7564571073061954
4.295999999999749,0.0039999999999995595,0.0,0.00022331590903848492,-4.0862200076559855e-05,3.197168055829867e-06,0.004495723378242939,0.7564629784946931
4.2999999999997485,0.0039999999999995595,0.0,0.00027365205498922903,-5.837708856552315e-05,3.1989080029363034e-06,0.004337357477765844,0.7564688755052262
4.303999999999748,0.0039999999999995595,0.0,0.0003211172363997207,-7.507865899312513e-05,3.200712500171752e-06,0.004090131538959857,0.7564747976995941
4.307999999999748,0.0039999999999995595,0.0,0.00036501415014346796,-9.054081267929902e-05,3.2025736129711746e-06,0.003794504384763896,0.7564843358788663
4.311999999999747,0.0039999999999995595,0.0,0.0004056448267649394,-0.00010495866476811825,3.2044761967312715e-06,0.00354337191507308,0.7564929085997035
4.315999999999747,0.0039999999999995595,0.0,0.0004432230205512837,-0.00011846847625283493,3.206414029317875e-06,0.0033232826460423436,0.7565007822346401
4.319999999999746,0.0039999999999995595,0.0,0.0004778999461973608,-0.00013116495270585032,3.2083843089094986e-06,0.0031247349406145278,0.7565081616799267
4.323999999999746,0.0039999999999995595,0.0,0.0005097827136013947,-0.00014311342174392597,3.21038494181679e-06,0.0029410093387858003,0.7565151965518829
4.327999999999745,0.0039999999999995595,0.0,0.0005389475092963888,-0.00015435842836885113,3.2124133566307224e-06,0.0027673521145156394,0.7565219915924026
4.331999999999745,0.0039999999999995595,0.0,0.0005654490447753842,-0.00016492982759284768,3.2144661156017956e-06,0.002600404865367988,0.7565286173308955
4.3359999999997445,0.0039999999999995595,0.0,0.0005893273629824702,-0.00017484712800940587,3.216538912168677e-06,0.0024378057239700067,0.7565351193776364
4.339999999999744,0.0039999999999995595,0.0,0.0006106127733595593,-0.00018412261064066637,3.2186267305702897e-06,0.002277909879782357,0.7565415258774134
4.343999999999744,0.0039999999999995595,0.0,0.0006293294566295871,-0.0001927635868259667,3.2207240514799158e-06,0.0021195928298993316,0.7565478531807984
4.347999999999743,0.0039999999999995595,0.0,0.0006454981167494533,-0.0002007740470334126,3.222825048101839e-06,0.001962110897057045,0.7565541099966683
4.351999999999743,0.0039999999999995595,0.0,0.0006591379443464492,-0.00020815587485696025,3.224923750835744e-06,0.0018050013688080807,0.7565603003384407
4.355999999999742,0.0039999999999995595,0.0,0.0006702680750106159,-0.00021490974683800488,3.22701417545735e-06,0.001648010079622699,0.7565664255550625
4.359999999999742,0.0039999999999995595,0.0,0.0006789086721979295,-0.00022103580186166974,3.2290904178162395e-06,0.001491038067323656,0.756572485690522
4.363999999999741,0.0039999999999995595,0.0,0.0006850817251274886,-0.0002265341386155555,3.2311467212679274e-06,0.0013341015796070554,0.7565784803639812
4.367999999999741,0.0039999999999995595,0.0,0.0006888116260860774,-0.00023140518238256677,3.2331775234230804e-06,0.0011773015346605573,0.756584409315819
4.3719999999997405,0.0039999999999995595,0.0,0.0006901255753186721,-0.00023564995076691793,3.2351774882689508e-06,0.0010207997978622688,0.7565902727260662
4.37599999999974,0.0039999999999995595,0.0,0.0006890538480468749,-0.00023927024007622757,3.2371415286415467e-06,0.0008648004964558714,0.7565960713812464
4.37999999999974,0.0039999999999995595,0.0,0.0006856299497158585,-0.00024226874878350755,3.239064822577732e-06,0.000709535176275636,0.7566018067425766
4.383999999999739,0.0039999999999995595,0.0,0.0006799149699690338,-0.0002446687151336107,3.240944147307858e-06,0.0005650330648085815,0.7566018067425766
4.387999999999739,0.0039999999999995595,0.0,0.0006720012204856142,-0.0002465201316543551,3.2427792829923674e-06,0.00042663535442166066,0.7566074809514782
4.391999999999738,0.0039999999999995595,0.0,0.0006618683587227016,-0.0002477835956949896,3.244565001710136e-06,0.00027299207370336975,0.7566185529118121
4.395999999999738,0.0039999999999995595,0.0,0.0006494754348162321,-0.0002483963340508223,3.2462938464393116e-06,0.0001119842203209448,0.7566239760714234
4.3999999999997375,0.0039999999999995595,0.0,0.0006348976384942368,-0.0002483828207191186,3.247961315764885e-06,4.324800788187821e-05,0.7566294428022808
4.403999999999737,0.0039999999999995595,0.0,0.0006182047728918414,-0.0002477630392486597,3.2495640581619426e-06,0.00019369480861863375,0.75663490071963
4.407999999999737,0.0039999999999995595,0.0,0.0005994636783077786,-0.00024655415690625916,3.2510993995713836e-06,0.0003399829873595009,0.7566403287435125
4.411999999999736,0.0039999999999995595,0.0,0.000578739809653341,-0.00024477163528861486,3.252565126119595e-06,0.0004824827880523138,0.7566457214222152
4.415999999999736,0.0039999999999995595,0.0,0.0005560982479510222,-0.00024242996318060513,3.253959397324561e-06,0.0006214011822752555,0.7566510807046022
4.419999999999735,0.0039999999999995595,0.0,0.000531604332162336,-0.00023954313717593228,3.2552807214279298e-06,0.0007568375500226002,0.7566564117223611
4.423999999999735,0.0039999999999995595,0.0,0.0005053240373035832,-0.00023612497468774454,3.2565279564127e-06,0.00088882131201493,0.7566617206951205
4.427999999999734,0.0039999999999995595,0.0,0.00047732418874133473,-0.00023218931623590814,3.25770031867081e-06,0.0010173367724849907,0.7566670139349854
4.431999999999734,0.0039999999999995595,0.0,0.00044767257035664725,-0.00022775015507186107,3.258797390303759e-06,0.0011423393969245603,0.7566722974036997
4.4359999999997335,0.0039999999999995595,0.0,0.0004164379667876389,-0.00022282171942862456,3.2598191219038184e-06,0.0012637664094443657,0.7566775765362153
4.439999999999733,0.0039999999999995595,0.0,0.0003836901752570836,-0.00021741852402681306,3.260765829736076e-06,0.0013815436659548425,0.7566828561849108
4.443999999999733,0.0039999999999995595,0.0,0.0003495000080102891,-0.00021155540161726428,3.261638187931801e-06,0.001495590124147468,0.7566881406132612
4.447999999999732,0.0039999999999995595,0.0,0.00031393932390913785,-0.00020524752140920526,3.2624372160871934e-06,0.0016058207964129289,0.7566934335062953
4.451999999999732,0.0039999999999995595,0.0,0.00027708113476079485,-0.00019851039861567464,3.26316426349058e-06,0.0017121487736451446,0.7566987379844806
4.455999999999731,0.0039999999999995595,0.0,0.00023899990844583559,-0.00019135989763251988,3.2638209905348675e-06,0.0018144867032697156,0.7567040566168285
4.459999999999731,0.0039999999999995595,0.0,0.00019977235549525248,-0.00018381223027030984,3.2644093480369303e-06,0.0019127479645965873,0.7567093914329419
4.46399999999973,0.0039999999999995595,0.0,0.00015947963311830623,-0.00017588394978379008,3.2649315549602594e-06,0.0020068476889930453,0.7567147439351328
4.46799999999973,0.0039999999999995595,0.0,0.00011821455205733716,-0.00016759194105468717,3.2653900751568415e-06,0.002096703707859633,0.7567201151119488
4.4719999999997295,0.0039999999999995595,0.0,7.611371361428592e-05,-0.00015895340708525497,3.265787593318057e-06,0.002182237468674001,0.7567255054541909
4.475999999999729,0.0039999999999995595,0.0,3.364032766471246e-05,-0.0001499858518849025,3.266126990542671e-06,0.0022633749319576173,0.7567309149741072
4.479999999999729,0.0039999999999995595,0.0,1.4527248964861791e-05,-0.00014070705983344533,3.266411319796885e-06,0.002340047445363989,0.756736343228068
4.483999999999728,0.0039999999999995595,0.0,5.683841429587523e-05,-0.00013113507164914365,3.266643781489685e-06,0.002412192581900014,0.7567417893427061
4.487999999999728,0.0039999999999995595,0.0,0.00010181594565221815,-0.00012128815715490729,3.2668276992108515e-06,0.0024797549252963285,0.7567472520442948
4.491999999999727,0.0039999999999995595,0.0,0.00014754951349608175,-0.0001111847851066358,3.2669664960279587e-06,0.0025426867849443727,0.7567527296909512
4.495999999999727,0.0039999999999995595,0.0,0.00019383305074459792,-0.0001008435904134998,3.267063671432549e-06,0.002600948824499996,0.7567582203071803
4.499999999999726,0.0039999999999995595,0.0,0.00024056626675800864,-9.02806628618703e-05,3.266980878554475e-06,0.0026558487495111716,0.7567637216202201
4.503999999999726,0.0039999999999995595,0.0,0.0002877097243283649,-7.948741525148846e-05,3.2666838128523626e-06,0.002715408884157781,0.7567691861867393
4.507999999999726,0.0039999999999995595,0.0,0.0003352517707709805,-6.844313284667146e-05,3.2663161644086563e-06,0.0027786130529732856,0.7567749899511627
4.511999999999725,0.0039999999999995595,0.0,0.00038315413326458895,-5.714669240703267e-05,3.2659088258150114e-06,0.0028411634951363046,0.7567810020388287
4.515999999999725,0.0039999999999995595,0.0,0.000431361227408066,-4.5609356258212014e-05,3.265472651130204e-06,0.0029003022156362146,0.7567871255413635
4.519999999999724,0.0039999999999995595,0.0,0.00047980683199468234,-3.385016717628808e-05,3.265008926366794e-06,0.002954315667841299,0.7567932977028154
4.523999999999724,0.0039999999999995595,0.0,0.0005284188015331608,-2.1892800993508666e-05,3.2645158037353687e-06,0.0030022035616276755,0.756799478204309
4.527999999999723,0.0039999999999995595,0.0,0.000577122338667043,-9.76342391662334e-06,3.2639919665376214e-06,0.0030434505574861857,0.7568056412230248
4.531999999999723,0.0039999999999995595,0.0,0.0006258422310833002,2.5107571643137374e-06,3.2634384448329024e-06,0.0030778687374339252,0.7568117701360066
4.5359999999997225,0.0039999999999995595,0.0,0.0006745043604398159,1.4902465671070578e-05,3.262859241349596e-06,0.003105488728951526,0.7568178540511734
4.539999999999722,0.0039999999999995595,0.0,0.0007230366941593465,2.7384994953316842e-05,3.262261232632072e-06,0.003126484282759294,0.7568238855826865
4.543999999999722,0.0039999999999995595,0.0,0.0007713699163058423,3.9932617911927195e-05,3.2616536667372108e-06,0.003141119886515388,0.7568298594607584
4.547999999999721,0.0039999999999995595,0.0,0.0008194378031446585,5.252083657481298e-05,3.261047474089315e-06,0.0031497142852596085,0.7568357716912705
4.551999999999721,0.0039999999999995595,0.0,0.0008671774186554095,6.512652007078166e-05,3.260454531647564e-06,0.0031526150340287864,0.7568416190699919
4.55599999999972,0.0039999999999995595,0.0,0.0009145291855017895,7.772796474670228e-05,3.2598869670515442e-06,0.0031501807490720885,0.7568473989193609
4.55999999999972,0.0039999999999995595,0.0,0.0009614368676395988,9.030490011136735e-05,3.259356551658339e-06,0.0031427687746897024,0.7568531089597922
4.563999999999719,0.0039999999999995595,0.0,0.0010078474928802825,0.00010283845738452307,3.2588742053923204e-06,0.003130726697428183,0.7568587472578975
4.567999999999719,0.0039999999999995595,0.0,0.001053711235467034,0.00011531111266934794,3.258449619849156e-06,0.003114386624741793,0.7568643122147605
4.5719999999997185,0.0039999999999995595,0.0,0.0010989812726213168,0.0001277066134619365,3.2580909950468018e-06,0.0030940614745782655,0.756869802571437
4.575999999999718,0.0039999999999995595,0.0,0.0011436136259569281,0.00014000989489386343,3.257804879153272e-06,0.0030700427457611905,0.7568752174181744
4.579999999999718,0.0039999999999995595,0.0,0.0011875669967210398,0.00015220699045675513,3.257596097079027e-06,0.0030425993908206753,0.7568805561999428
4.583999999999717,0.0039999999999995595,0.0,0.0012308025990842436,0.00016428494076696265,3.2574677529272784e-06,0.00301197751636436,0.7568858187147984
4.587999999999717,0.0039999999999995595,0.0,0.0012732839973766878,0.0001762317030498222,3.257421291402163e-06,0.002978400706976166,0.7568910051040014
4.591999999999716,0.0039999999999995595,0.0,0.001314976950344697,0.00018803606335989292,3.2574566041040295e-06,0.00294207081773196,0.75689611583425
4.595999999999716,0.0039999999999995595,0.0,0.0013558492641804,0.00019968755304122793,3.257572168332125e-06,0.002903169114904013,0.7569011516731817
4.599999999999715,0.0039999999999995595,0.0,0.0013958706568751335,0.00021117637052677762,3.2577652074712117e-06,0.002861857669140111,0.7569061136596205
4.603999999999715,0.0039999999999995595,0.0,0.0014350126341128732,0.00022249330924962497,3.2580318638443276e-06,0.002818280923620593,0.756911003070171
4.6079999999997145,0.0039999999999995595,0.0,0.001473248377939719,0.00023362969217146347,3.2583673765668576e-06,0.002772567373520167,0.7569158213836764
4.611999999999714,0.0039999999999995595,0.0,0.001510552648811795,0.0002445773132126192,3.2587662580528153e-06,0.0027248313040075353,0.7569205702449008
4.615999999999714,0.0039999999999995595,0.0,0.0015469016991759977,0.00025532838568404485,3.2592224648419357e-06,0.0026751745428799214,0.7569252514286088
4.619999999999713,0.0039999999999995595,0.0,0.0015822732009315354,0.0002658754976689985,3.25972955897966e-06,0.0026236881914166407,0.7569298668049935
4.623999999999713,0.0039999999999995595,0.0,0.0016166461832955925,0.0002762115741761005,3.2602808573078874e-06,0.0025704543034784275,0.7569344183071951
4.627999999999712,0.0039999999999995595,0.0,0.001650000983066259,0.00028632984578284116,3.2608695671334973e-06,0.002515547488557764,0.7569389079014588
4.631999999999712,0.0039999999999995595,0.0,0.0016823192042414033,0.00029622382340679297,3.2614889071046625e-06,0.00245903641954133,0.7569433375603152
4.6359999999997115,0.0039999999999995595,0.0,0.001713583687384705,0.0003058872787785299,3.2621322128357153e-06,0.0024009852304652823,0.7569477092390036
4.639999999999711,0.0039999999999995595,0.0,0.0017437784873916803,0.00031531423014367297,3.262793027184967e-06,0.002341454793601133,0.7569520248552414
4.643999999999711,0.0039999999999995595,0.0,0.0017728888584121593,0.0003244989326897864,3.2634651757503833e-06,0.002280503868826642,0.7569562862723367
4.64799999999971,0.0039999999999995595,0.0,0.0018009012449397691,0.00033343587317537145,3.2641428278493206e-06,0.0022181901214405617,0.7569604952855431
4.65199999999971,0.0039999999999995595,0.0,0.0018278032787654606,0.0003421197682313625,3.2648205440722625e-06,0.0021545710073937953,0.7569646536115225
4.655999999999709,0.0039999999999995595,0.0,0.0018535837793213412,0.00035054556580879837,3.265493311101342e-06,0.002089704527349201,0.7569687628806928
4.659999999999709,0.0039999999999995595,0.0,0.0018782327578710798,0.0003587084492582675,3.2661565651798866e-06,0.002023649853050509,0.7569728246322344
4.663999999999708,0.0039999999999995595,0.0,0.0019017414242367143,0.0003666038435459011,3.266806205059857e-06,0.001956467831217427,0.7569768403114862
4.667999999999708,0.0039999999999995595,0.0,0.001924102194450574,0.0003742274231358365,3.2674385958156027e-06,0.0018882213715908697,0.7569808112694683
4.6719999999997075,0.0039999999999995595,0.0,0.0019453086998766098,0.00038157512109888606,3.2680505644604085e-06,0.0018189757268518517,0.7569847387642366
4.675999999999707,0.0039999999999995595,0.0,0.0019653557959759043,0.0003886431390406092,3.2686393887018228e-06,0.0017487986729729172,0.756988623963812
4.679999999999707,0.0039999999999995595,0.0,0.0019842395705963966,0.00039542795747788073,3.269202779958545e-06,0.0016777605991144529,0.7569924679503981
4.683999999999706,0.0039999999999995595,0.0,0.0020019573514784336,0.00040192634633061283,3.269738861541294e-06,0.0016059345165331945,0.7569962717256505
4.687999999999706,0.0039999999999995595,0.0,0.0020185077117749893,0.00040813537523350085,3.2702461432099907e-06,0.001533395996085772,0.7570000362167394
4.691999999999705,0.0039999999999995595,0.0,0.0020338904738389776,0.00041405242341092984,3.270723492816537e-06,0.0014602230438800522,0.7570037622829948
4.695999999999705,0.0039999999999995595,0.0,0.002048106710861941,0.00041967518889574605,3.271170106293118e-06,0.0013864959244094404,0.7570074507229311
4.699999999999704,0.0039999999999995595,0.0,0.0020611587458078894,0.0004250016969089845,3.271585476318716e-06,0.0013122969401860214,0.7570111022814606
4.703999999999704,0.0039999999999995595,0.0,0.002073050147693998,0.000430030307252364,3.271969360754528e-06,0.001237710176440378,0.7570147176571438
4.7079999999997035,0.0039999999999995595,0.0,0.002083785724986207,0.0004347597205980846,3.2723217511548573e-06,0.0011628212189369691,0.7570182975093284
4.711999999999703,0.0039999999999995595,0.0,0.0020933715164028564,0.00043918898359087116,3.272642842243576e-06,0.001087716852362758,0.7570218424650633
4.715999999999703,0.0039999999999995595,0.0,0.0021018147781787845,0.00044331749270513156,3.272933002473605e-06,0.0010124847461087292,0.7570253531256843
4.719999999999702,0.0039999999999995595,0.0,0.0021091239691214195,0.000447144996825389,3.2731927462990797e-06,0.0009372131336072581,0.7570288300729833
4.723999999999702,0.0039999999999995595,0.0,0.0021153275572067484,0.00045068433914866247,3.273423065517742e-06,0.0008683609893584641,0.7570288300729833
4.727999999999701,0.0039999999999995595,0.0,0.0021204798006208073,0.00045396581600236054,3.2736253993687967e-06,0.000802926583406144,0.7570322738749165
4.731999999999701,0.0039999999999995595,0.0,0.002124568694883272,0.00045697517413733,3.2737999019759516e-06,0.0007338838438759153,0.7570358533415276
4.7359999999997004,0.0039999999999995595,0.0,0.002127564428270592,0.0004596853094362975,3.273946599419262e-06,0.0006549527050308089,0.7570428567913468
4.7399999999997,0.0039999999999995595,0.0,0.0021294228314277745,0.0004620573872511418,3.27406587479481e-06,0.0005715979925697049,0.7570460882678969
4.7439999999997,0.0039999999999995595,0.0,0.0021301814196658794,0.00046410769033011486,3.274159648260137e-06,0.000491991919188119,0.7570492867758196
4.747999999999699,0.0039999999999995595,0.0,0.0021298715546699703,0.00046584816054411033,3.274229246395573e-06,0.00041515960233252653,0.7570524686267193
4.751999999999699,0.0039999999999995595,0.0,0.0021285206874795235,0.000467287893964733,3.274275742592939e-06,0.00034046419106304127,0.7570556378736506
4.755999999999698,0.0039999999999995595,0.0,0.0021261538738475655,0.00046843415129736607,3.2743001091849844e-06,0.00026749716975255024,0.7570587935655966
4.759999999999698,0.0039999999999995595,0.0,0.0021227947939390047,0.0004692930392513335,3.2743032764739545e-06,0.00019600390990725673,0.7570619332132373
4.763999999999697,0.0039999999999995595,0.0,0.0021184664339101694,0.00046986996886840416,3.2742861496836074e-06,0.0001258332258213747,0.757065054310385
4.767999999999697,0.0039999999999995595,0.0,0.0021131915379084495,0.00047016996286994165,3.274249609833405e-06,5.6903235996416915e-05,0.7570681548961352
4.7719999999996965,0.0039999999999995595,0.0,0.0021069929040687884,0.00047019786088998316,3.2741945111273976e-06,1.0821737070804844e-05,0.7570712336723329
4.775999999999696,0.0039999999999995595,0.0,0.0020998935742152594,0.0004699584556693531,3.2741216800087105e-06,7.734672124357573e-05,0.7570742899369054
4.779999999999696,0.0039999999999995595,0.0,0.0020919169518406285,0.00046945658256138356,3.274031917354983e-06,0.00014265675139400126,0.7570773234589353
4.783999999999695,0.0039999999999995595,0.0,0.0020830868705529297,0.0004686971774337714,3.2739260037251344e-06,0.00020672393134717356,0.7570803343516991
4.787999999999695,0.0039999999999995595,0.0,0.002073427629135997,0.0004676853131385191,3.2738047067158896e-06,0.0002695123249343773,0.7570833229651721
4.791999999999694,0.0039999999999995595,0.0,0.0020629640042930954,0.00046642622140663726,3.2736687896287325e-06,0.0003309812526006054,0.757086289803143
4.795999999999694,0.0039999999999995595,0.0,0.0020517212468126357,0.00046492530479059596,3.273519020507556e-06,0.0003910875494860889,0.7570892354631014
4.799999999999693,0.0039999999999995595,0.0,0.0020397250675050047,0.00046318814177468386,3.2733561809186332e-06,0.0004497871182239132,0.7570921605946714
4.803999999999693,0.0039999999999995595,0.0,0.0020270016156744004,0.00046122048716350456,3.2731810740213812e-06,0.0005070360042901847,0.7570950658721085
4.8079999999996925,0.0039999999999995595,0.0,0.002013577452053988,0.0004590282691807731,3.272994531588522e-06,0.000562791146915939,0.7570979519769204
4.811999999999692,0.0039999999999995595,0.0,0.001999479518621967,0.00045661758425556925,3.2727974199369704e-06,0.0006170109082332474,0.7571008195874898
4.815999999999692,0.0039999999999995595,0.0,0.0019847351055288106,0.00045399469016792047,3.272590644444772e-06,0.0006696554495638153,0.7571036693733615
4.819999999999691,0.0039999999999995595,0.0,0.001969371816385545,0.00045116599802063316,3.2723751529449214e-06,0.0007206870011129608,0.7571065019925022
4.823999999999691,0.0039999999999995595,0.0,0.0019534175327867056,0.0004481380633664831,3.272151937811716e-06,0.0007700700562105017,0.7571093180903665
4.82799999999969,0.0039999999999995595,0.0,0.001936900377751272,0.00044491757672693224,3.271922036928784e-06,0.0008177715111167001,0.7571121182999714
4.83199999999969,0.0039999999999995595,0.0,0.001919848678861806,0.0004415113536755653,3.271686533568485e-06,0.0008637607646592663,0.7571149032424626
4.835999999999689,0.0039999999999995595,0.0,0.0019022909310842946,0.0004379263246164052,3.2714465552789527e-06,0.0009080097874824267,0.7571176735278564
4.839999999999689,0.0039999999999995595,0.0,0.0018842557601024647,0.00043416952435753996,3.271203271977823e-06,0.0009504931676849593,0.757120429755754
4.8439999999996886,0.0039999999999995595,0.0,0.0018657718853695201,0.0004302480815596015,3.2709578930716795e-06,0.0009911881376351663,0.7571231725159262
4.847999999999688,0.0039999999999995595,0.0,0.0018468680835529627,0.0004261692081236489,3.270711664010131e-06,0.001030074585424109,0.7571259023887239
4.851999999999688,0.0039999999999995595,0.0,0.0018275731525888169,0.0004219401885719375,3.2704658621555207e-06,0.001067135053530751,0.7571286199452972
4.855999999999687,0.0039999999999995595,0.0,0.0018079158761855544,0.0004175683694666186,3.2702217920542824e-06,0.00110235472667887,0.757131325747629
4.859999999999687,0.0039999999999995595,0.0,0.0017879249887019415,0.0004130611489047738,3.2699807802853304e-06,0.0011357214104596371,0.7571340203484144
4.863999999999686,0.0039999999999995595,0.0,0.001767629141167516,0.0004084259661227493,3.2697441698509355e-06,0.001167225502016861,0.7571367042908014
4.867999999999686,0.0039999999999995595,0.0,0.001747056867478223,0.000403670291238186,3.2695133143471527e-06,0.001196859953896464,0.7571393781080226
4.8719999999996855,0.0039999999999995595,0.0,0.0017262365516729596,0.0003988016151542029,3.269289571730683e-06,0.0012246202320089206,0.7571420423229487
4.875999999999685,0.0039999999999995595,0.0,0.0017051963961464654,0.00039382743964672416,3.2690742979564162e-06,0.001250504268550015,0.757144697447588
4.879999999999685,0.0039999999999995595,0.0,0.001683964390344723,0.000388755267652843,3.2688688404688037e-06,0.0012745124106312079,0.75714734398255
4.883999999999684,0.0039999999999995595,0.0,0.0016625682806773558,0.00038359259377535157,3.2686745315870364e-06,0.001296647365293284,0.757149982416497
4.887999999999684,0.0039999999999995595,0.0,0.0016410355412038004,0.00037834689501606945,3.268492681850016e-06,0.0013169141415135307,0.7571526132256027
4.891999999999683,0.0039999999999995595,0.0,0.0016193933453193855,0.00037302562174836034,3.2683245734944625e-06,0.0013353199897470308,0.7571552368730151
4.895999999999683,0.0039999999999995595,0.0,0.0015976685380952298,0.000367636188937225,3.268171453944901e-06,0.001351874339496432,0.7571578538083605
4.899999999999682,0.0039999999999995595,0.0,0.0015758876103944845,0.0003621859676135685,3.2680345294527456e-06,0.0013665887353365043,0.7571604644672703
4.903999999999682,0.0039999999999995595,0.0,0.0015540766728241702,0.00035668227660766184,3.2679149589513653e-06,0.001379476771782267,0.757163069270957
4.9079999999996815,0.0039999999999995595,0.0,0.0015322614317323869,0.00035113237454542445,3.2678138481135512e-06,0.0013905540273325757,0.7571656686258293
4.911999999999681,0.0039999999999995595,0.0,0.0015104671653275764,0.0003455434521099728,3.267732243678467e-06,0.0013998379979759934,0.757168262923159
4.915999999999681,0.0039999999999995595,0.0,0.0014887187015948336,0.00033992262456983844,3.2676711281652095e-06,0.0014073480304081247,0.7571708525387941
4.91999999999968,0.0039999999999995595,0.0,0.0014670403966469284,0.0003342769245743999,3.2676314149078326e-06,0.0014131052551651024,0.7571734378329195
4.92399999999968,0.0039999999999995595,0.0,0.0014454561141505307,0.0003286132952163543,3.2676139434710555e-06,0.0014171325198455145,0.7571760191498712
4.927999999999679,0.0039999999999995595,0.0,0.0014239892060144684,0.0003229385833604639,3.2676194754283317e-06,0.0014194543225596378,0.7571785968179922
4.931999999999679,0.0039999999999995595,0.0,0.00140266249369066,0.00031725953323735127,3.26764869067419e-06,0.0014200967457124753,0.7571811711495333
4.935999999999678,0.0039999999999995595,0.0,0.001381498251055269,0.00031158278030076256,3.2677021841581397e-06,0.001419087390207096,0.757183742440599
4.939999999999678,0.0039999999999995595,0.0,0.0013605181873544588,0.0003059148453464455,3.2677804630562674e-06,0.0014164553101269398,0.7571863109711294
4.9439999999996775,0.0039999999999995595,0.0,0.0013397434319945454,0.00030026212889060666,3.2678839445108704e-06,0.0014122309479388487,0.7571888770049184
4.947999999999677,0.0039999999999995595,0.0,0.0013191945199031207,0.00029463090580580004,3.2680129538218314e-06,0.0014064460702436308,0.7571914407896669
4.951999999999677,0.0039999999999995595,0.0,0.0012988913777348366,0.0002890273202120288,3.2681677231379044e-06,0.001399133704084988,0.7571940025570632
4.955999999999676,0.0039999999999995595,0.0,0.0012788533116647731,0.0002834573806208424,3.26834839074396e-06,0.001390328073815191,0.7571965625228939
4.959999999999676,0.0039999999999995595,0.0,0.0012590989950459859,0.00027792695533020325,3.2685550006839907e-06,0.0013800645385202877,0.7571991208871734
4.963999999999675,0.0039999999999995595,0.0,0.0012396464580121378,0.0002724417680679691,3.2687875030273685e-06,0.0013683795299803357,0.7572016778342994
4.967999999999675,0.0039999999999995595,0.0,0.0012205130776377197,0.000267007393881869,3.269045754575153e-06,0.0013553104911613529,0.7572042335332227
4.9719999999996745,0.0039999999999995595,0.0,0.001201715568740912,0.0002616292552739413,3.269329520098616e-06,0.0013408958152119164,0.7572067881376365
4.975999999999674,0.0039999999999995595,0.0,0.0011832699762606069,0.00025631261857745756,3.269638473957889e-06,0.001325174784951534,0.7572093417861724
4.979999999999674,0.0039999999999995595,0.0,0.0011651916676712992,0.00025106259057443693,3.2699722022060448e-06,0.0013081875128327064,0.7572118946026186
4.983999999999673,0.0039999999999995595,0.0,0.001147495327268759,0.00024588411535189604,3.2703302051225217e-06,0.001289974881364487,0.7572144466961368
4.987999999999673,0.0039999999999995595,0.0,0.0011301949504458867,0.00024078197139504806,3.270711900214445e-06,0.0012705784839823224,0.7572169981614931
4.991999999999672,0.0039999999999995595,0.0,0.0011133038392122042,0.00023576076891567918,3.2711166255044504e-06,0.00125004056636228,0.7572195490792936
4.995999999999672,0.0039999999999995595,0.0,0.0010968345990342815,0.00023082494741396477,3.2715436432031324e-06,0.0012284039681702491,0.7572220995162288
4.999999999999671,0.0039999999999995595,0.0,0.0010807991355171768,0.000225978773471957,3.271992143765594e-06,0.0012057120652567352,0.7572246495253152
5.003999999999671,0.0039999999999995595,0.0,0.001065208652997425,0.0002212263387769895,3.2724612501987527e-06,0.0011820087122932784,0.7572271991461493
5.0079999999996705,0.0039999999999995595,0.0,0.0010500736530096705,0.00021657155837316513,3.2729500226337886e-06,0.0011573381858737046,0.7572297484051587
5.01199999999967,0.0039999999999995595,0.0,0.0010354039343939605,0.00021201816913905678,3.2734574631866844e-06,0.0011317451280874757,0.7572322973158583
5.01599999999967,0.0039999999999995595,0.0,0.00102120859373127,0.0002075697284896595,3.273982521030502e-06,0.001105274490591751,0.7572348458791089
5.019999999999669,0.0039999999999995595,0.0,0.0010074960264868855,0.00020322961330053368,3.2745240975545527e-06,0.0010779714792067097,0.7572373940833795
5.023999999999669,0.0039999999999995595,0.0,0.0009942739292596926,0.000199001019051954,3.2750810518193377e-06,0.0010498814990655663,0.7572399419050074
5.027999999999668,0.0039999999999995595,0.0,0.0009815493028702124,0.0001948869591907697,3.27565220602356e-06,0.0010210501003497451,0.7572424893084675
5.031999999999668,0.0039999999999995595,0.0,0.0009693284555008303,0.00019089026470750723,3.276236351056951e-06,0.0009915229246500702,0.757245036246637
5.035999999999667,0.0039999999999995595,0.0,0.0009576170074281664,0.00018701358392611195,3.2768322521571867e-06,0.0009613456519919796,0.7572475826610714
5.039999999999667,0.0039999999999995595,0.0,0.0009464198959635335,0.00018325938250353627,3.277438654587405e-06,0.000930563948569876,0.7572501284822726
5.0439999999996665,0.0039999999999995595,0.0,0.0009357413811831014,0.00017962994363623238,3.2780542892379765e-06,0.0008992234152282946,0.7572526736299705
5.047999999999666,0.0039999999999995595,0.0,0.0009255850522183535,0.00017612736847039752,3.2786778782716444e-06,0.0008673695367461123,0.7572552180134048
5.051999999999666,0.0039999999999995595,0.0,0.0009159538347961667,0.00017275357671264605,3.27930814074498e-06,0.0008350476319612745,0.7572577615316036
5.055999999999665,0.0039999999999995595,0.0,0.0009068499985416201,0.0001695103074376016,3.2799437979888378e-06,0.0008023028047886169,0.7572603040736806
5.059999999999665,0.0039999999999995595,0.0,0.0008982751654938622,0.0001663991200886944,3.28058357898743e-06,0.0007691798961755045,0.7572628455191214
5.063999999999664,0.0039999999999995595,0.0,0.0008902303193806399,0.0001634213956682735,3.2812262255715725e-06,0.0007357234370448922,0.7572653857380859
5.067999999999664,0.0039999999999995595,0.0,0.0008827158146250472,0.0001605783381129536,3.28187049749533e-06,0.000701977602269254,0.7572679245917102
5.0719999999996634,0.0039999999999995595,0.0,0.0008757313868785394,0.00015787097584993477,3.282515177286656e-06,0.0006679861657222012,0.7572704619324138
5.075999999999663,0.0039999999999995595,0.0,0.0008692761636483889,0.00015530016352984725,3.2831590748709067e-06,0.0006337924564531082,0.7572729976042132
5.079999999999663,0.0039999999999995595,0.0,0.0008633486753962965,0.00015286658393152307,3.2838010320700544e-06,0.0005994393160229856,0.7572755314430424
5.083999999999662,0.0039999999999995595,0.0,0.0008579468672287112,0.00015057075003390748,3.2844399267377607e-06,0.0005649690570455856,0.7572780632770729
5.087999999999662,0.0039999999999995595,0.0,0.000853068111283002,0.00014841300725019214,3.285074676677592e-06,0.0005304234229702066,0.7572805929270473
5.091999999999661,0.0039999999999995595,0.0,0.0008487092192408198,0.0001463935358190879,3.285704243383645e-06,0.0004958435491422818,0.7572831202066101
5.095999999999661,0.0039999999999995595,0.0,0.0008448664554068331,0.00014451235334803113,3.2863276353804395e-06,0.0004612699251754519,0.7572856449226507
5.09999999999966,0.0039999999999995595,0.0,0.0008415355500004844,0.00014276931750298075,3.2869439112562774e-06,0.0004267423586669782,0.7572881668756458
5.10399999999966,0.0039999999999995595,0.0,0.0008387117134710615,0.00014116412883936406,3.287552182561304e-06,0.00039229994028122574,0.7572906858600118
5.1079999999996595,0.0039999999999995595,0.0,0.0008363896506612527,0.0001396963337685981,3.288151616210806e-06,0.00035798101023526516,0.7572932016644567
5.111999999999659,0.0039999999999995595,0.0,0.0008345635750627512,0.00013836532765455414,3.2887414366769474e-06,0.00032382312619940004,0.7572957140723394
5.115999999999659,0.0039999999999995595,0.0,0.0008332272242066747,0.00013717035803421476,3.2893209278801445e-06,0.0002898630326462117,0.7572982228620343
5.119999999999658,0.0039999999999995595,0.0,0.0008323738744327463,0.0001361105279567299,3.2898894346823757e-06,0.00025613663166077465,0.7573007278072946
5.123999999999658,0.0039999999999995595,0.0,0.0008319963568557429,0.0001351847994350017,3.2904463641045183e-06,0.00022267895523998742,0.7573032286776247
5.127999999999657,0.0039999999999995595,0.0,0.0008320870730180532,0.0001343919970038812,3.290991186270207e-06,0.00018952413911543317,0.7573057252386518
5.131999999999657,0.0039999999999995595,0.0,0.0008326380103052331,0.00013373081137901964,3.291523434985199e-06,0.00015670539816577844,0.7573082172525003
5.135999999999656,0.0039999999999995595,0.0,0.0008336407593364824,0.00013319980321039316,3.2920427079945408e-06,0.00012425500359761034,0.7573107044781681
5.139999999999656,0.0039999999999995595,0.0,0.0008350865292673451,0.00013279740692449373,3.2925486669762075e-06,9.220426254872378e-05,0.7573131866719053
5.1439999999996555,0.0039999999999995595,0.0,0.0008369661648143383,0.00013252193464917256,3.2930410372654984e-06,6.058350339576093e-05,0.7573156635875924
5.147999999999655,0.0039999999999995595,0.0,0.0008392701630728399,0.00013237158021512537,3.293519607179863e-06,2.9422097439172098e-05,0.7573181349771207
5.151999999999655,0.0039999999999995595,0.0,0.0008419886899433454,0.00013234442322800782,3.2939842271896746e-06,1.257405314967561e-06,0.7573206005907689
5.155999999999654,0.0039999999999995595,0.0,0.0008451115977027627,0.00013243843320519767,3.294434808754288e-06,3.141144618138563e-05,0.7573230601775817
5.159999999999654,0.0039999999999995595,0.0,0.0008486284411621754,0.00013265147377124033,3.2948713229345636e-06,6.102947625371814e-05,0.7573255134857466
5.163999999999653,0.0039999999999995595,0.0,0.0008525284957986538,0.0001329813069060473,3.295293798752876e-06,9.008142934349024e-05,0.7573279602629676
5.167999999999653,0.0039999999999995595,0.0,0.0008568007738826333,0.00013342559723996268,3.295702321313279e-06,0.00011854319913189764,0.7573304002568345
5.171999999999652,0.0039999999999995595,0.0,0.0008614340419956281,0.00013398191638985381,3.2960970296937613e-06,0.00014639180584402896,0.7573328332151964
5.175999999999652,0.0039999999999995595,0.0,0.0008664168384682907,0.00013464774733044178,3.2964781146909715e-06,0.00017360537162036002,0.7573352588865218
5.1799999999996515,0.0039999999999995595,0.0,0.0008717374898439975,0.00013542048879515033,3.2968458163450953e-06,0.00020016312263461056,0.7573376770202584
5.183999999999651,0.0039999999999995595,0.0,0.0008773841284410154,0.00013629745970081367,3.2972004212829256e-06,0.00022604539344885306,0.7573400873671918
5.187999999999651,0.0039999999999995595,0.0,0.0008833447093502692,0.00013727590359065406,3.297542259993183e-06,0.00025123363080162736,0.7573424896797897
5.19199999999965,0.0039999999999995595,0.0,0.0008896070269220345,0.00013835299309003803,3.297871703828447e-06,0.0002757103962772628,0.7573448837125503
5.19599999999965,0.0039999999999995595,0.0,0.0008961587320476203,0.000139525834369573,3.298189161984319e-06,0.0002994593677119287,0.7573472692223363
5.199999999999649,0.0039999999999995595,0.0,0.0009029873485284601,0.00014079147161021727,3.298495078394037e-06,0.00032246533931486144,0.7573496459687044
5.203999999999649,0.0039999999999995595,0.0,0.0009100802897424902,0.0001421468914651637,3.2987899285109082e-06,0.0003447142205011848,0.7573520137142274
5.2079999999996485,0.0039999999999995595,0.0,0.0009174248755495413,0.00014358902751335196,3.2990742159997505e-06,0.00036619303345518915,0.7573543722248103
5.211999999999648,0.0039999999999995595,0.0,0.0009250083474707177,0.0001451147646995613,3.299348469411671e-06,0.000386889909443497,0.7573567212699912
5.215999999999648,0.0039999999999995595,0.0,0.0009328178859128872,0.0001467209437561557,3.2996132388373777e-06,0.0004067940839045804,0.7573590606232424
5.219999999999647,0.0039999999999995595,0.0,0.0009408406254234549,0.00014840436560164044,3.299869092526452e-06,0.00042589589033938693,0.7573613900622528
5.223999999999647,0.0039999999999995595,0.0,0.0009490636702041265,0.0001501617957113241,3.3001166135197225e-06,0.00044418675303095135,0.7573637093692082
5.227999999999646,0.0039999999999995595,0.0,0.0009574741100081934,0.00015198996845547513,3.30035639633281e-06,0.00046165917862284124,0.7573660183310553
5.231999999999646,0.0039999999999995595,0.0,0.000966059035053063,0.00015388559140049567,3.3005890435967135e-06,0.00047830674658291117,0.7573683167397605
5.235999999999645,0.0039999999999995595,0.0,0.0009748055511932967,0.00015584534956874287,3.300815162811598e-06,0.0004941240985862654,0.757370604392553
5.239999999999645,0.0039999999999995595,0.0,0.0009837007940422164,0.00015786590965276618,3.3010353631371396e-06,0.0005091069268473427,0.7573728810921607
5.2439999999996445,0.0039999999999995595,0.0,0.000992731943855011,0.0001599439241798437,3.3012502523927294e-06,0.0005232519614295093,0.7573751466470334
5.247999999999644,0.0039999999999995595,0.0,0.0010018862397654863,0.0001620760356228315,3.3014604337656356e-06,0.0005365569565701842,0.7573774008715511
5.251999999999644,0.0039999999999995595,0.0,0.0010111509929578177,0.00016425888045347366,3.301666503264571e-06,0.0005490206760482559,0.7573796435862276
5.255999999999643,0.0039999999999995595,0.0,0.0010205136003556886,0.00016648909313445268,3.3018690466571e-06,0.0005606428776321841,0.7573818746178932
5.259999999999643,0.0039999999999995595,0.0,0.0010299615583669254,0.00016876331004658297,3.302068636877822e-06,0.000571424296635493,0.7573840937998716
5.263999999999642,0.0039999999999995595,0.0,0.0010394824745544179,0.00017107817334771744,3.302265831409784e-06,0.0005813666286267601,0.7573863009721435
5.267999999999642,0.0039999999999995595,0.0,0.001049064081194905,0.00017343033476003108,3.3024611700284037e-06,0.0005904725113108242,0.757388495981498
5.271999999999641,0.0039999999999995595,0.0,0.0010586942467549,0.0001758164592825227,3.3026551725060033e-06,0.000598745505632692,0.757390678681667
5.275999999999641,0.0039999999999995595,0.0,0.0010683609879447121,0.00017823322882568456,3.3028483365243074e-06,0.0006061900761244309,0.7573928489334523
5.2799999999996405,0.0039999999999995595,0.0,0.0010780524806070985,0.00018067734576546074,3.303041135847967e-06,0.000612811570544253,0.7573950066048402
5.28399999999964,0.0039999999999995595,0.0,0.0010877570715020987,0.00018314553641372955,3.303234018559568e-06,0.0006186161988327154,0.7573971515710958
5.28799999999964,0.0039999999999995595,0.0,0.0010974632881556403,0.00018563455440271181,3.303427405478329e-06,0.0006236110114272273,0.7573992837148581
5.291999999999639,0.0039999999999995595,0.0,0.001107159849658942,0.00018814118398082945,3.3036216888576695e-06,0.0006278038769681699,0.75740140292621
5.295999999999639,0.0039999999999995595,0.0,0.0011168356760406133,0.00019066224321769102,3.303817231224631e-06,0.0006312034594334609,0.7574035091027407
5.299999999999638,0.0039999999999995595,0.0,0.0011264798983379176,0.00019319458711603704,3.304014364290537e-06,0.0006338191947394306,0.7574056021495996
5.303999999999638,0.0039999999999995595,0.0,0.0011360817452892784,0.00019573361977743892,3.304212975827e-06,0.0006349158707766194,0.7574056021495996
5.3079999999996375,0.0039999999999995595,0.0,0.0011456330876601492,0.0001982750182644257,3.30441286930128e-06,0.000635919425238135,0.7574097537734539
5.311999999999637,0.0039999999999995595,0.0,0.001155126234233859,0.0002008217044119398,3.3046157550255437e-06,0.0006369592941159736,0.757411798922484
5.315999999999637,0.0039999999999995595,0.0,0.0011645494904564402,0.00020336956766486855,3.3048215940332806e-06,0.0006370035918317026,0.7574138367216023
5.319999999999636,0.0039999999999995595,0.0,0.0011738920053850305,0.00020591493687921355,3.305030410375807e-06,0.0006361524217092898,0.757415863745939
5.323999999999636,0.0039999999999995595,0.0,0.001183143576862637,0.00020845444977715178,3.30524225073304e-06,0.0006344766650109463,0.7574178782888216
5.327999999999635,0.0039999999999995595,0.0,0.0011922945265035157,0.00021098496817617852,3.3054571621176382e-06,0.0006320282462855656,0.757419879530419
5.331999999999635,0.0039999999999995595,0.0,0.0012013356186906326,0.0002135035231837205,3.3056751797409423e-06,0.0006288468504672181,0.7574218670982118
5.335999999999634,0.0039999999999995595,0.0,0.0012102580094028748,0.00021600727997187348,3.3058963204893506e-06,0.0006249643098362113,0.7574238408387811
5.339999999999634,0.0039999999999995595,0.0,0.0012190532134902397,0.00021849351531978036,3.3061205794751078e-06,0.0006204074630132876,0.7574258007021138
5.3439999999996335,0.0039999999999995595,0.0,0.0012277130852285884,0.00022095960346120983,3.3063479283254582e-06,0.0006152000134209258,0.7574277466848488
5.347999999999633,0.0039999999999995595,0.0,0.0012362298056902842,0.0002234030073183039,3.3065783145590952e-06,0.0006093637334770251,0.757429678803755
5.351999999999633,0.0039999999999995595,0.0,0.0012445958763749982,0.0002258212732146089,3.3068116614937335e-06,0.0006029192415201002,0.7574315970842801
5.355999999999632,0.0039999999999995595,0.0,0.0012528041148663317,0.0002282120278233317,3.3070478685502405e-06,0.0005958865000709412,0.7574335015562911
5.359999999999632,0.0039999999999995595,0.0,0.0012608476535309323,0.00023057297654025945,3.307286811878718e-06,0.0005882851325911392,0.7574353922530428
5.363999999999631,0.0039999999999995595,0.0,0.0012687199385538748,0.00023290190275386264,3.3075283452331724e-06,0.0005801346221590356,0.7574372692114195
5.367999999999631,0.0039999999999995595,0.0,0.0012764147298737042,0.0002351966676697569,3.307772301050606e-06,0.0005714544334247014,0.7574391324725477
5.37199999999963,0.0039999999999995595,0.0,0.001283926101687758,0.00023745521046696937,3.3080184917183015e-06,0.0005622640847721915,0.757440982082405
5.37599999999963,0.0039999999999995595,0.0,0.0012912484428701564,0.0002396755486416522,3.3082667109642474e-06,0.0005525831881888701,0.7574428180922793
5.3799999999996295,0.0039999999999995595,0.0,0.001298376456929992,0.000241855778444695,3.3085167354365803e-06,0.0005424314682118185,0.7574446405590608
5.383999999999629,0.0039999999999995595,0.0,0.0013053051625110258,0.00024399407535263335,3.308768326359181e-06,0.0005318287673189436,0.7574464495453844
5.387999999999629,0.0039999999999995595,0.0,0.0013120298931038879,0.0002460886945325528,3.309021231315752e-06,0.0005207950425252169,0.7574482451196527
5.391999999999628,0.0039999999999995595,0.0,0.0013185462968832956,0.00024813797127547585,3.3092751861090705e-06,0.0005093503562674008,0.7574500273559702
5.395999999999628,0.0039999999999995595,0.0,0.0013248503360336068,0.0002501403213816128,3.3095299166918835e-06,0.0004975148635617516,0.757451796334018
5.399999999999627,0.0039999999999995595,0.0,0.0013309382861150616,0.0002520942414865985,3.3097851410901313e-06,0.0004853087967218922,0.7574535521388847
5.403999999999627,0.0039999999999995595,0.0,0.001336806734586849,0.00025399830932153477,3.310040571370431e-06,0.0004727524484558614,0.7574552948608777
5.407999999999626,0.0039999999999995595,0.0,0.0013424525796152105,0.00025585118390204553,3.310295915696108e-06,0.00045986615388449593,0.7574570245953123
5.411999999999626,0.0039999999999995595,0.0,0.0013478730282750762,0.00025765160564313164,3.310550880243365e-06,0.00044667027183101547,0.7574587414422966
5.415999999999626,0.0039999999999995595,0.0,0.0013530655945925866,0.0002593983963976321,3.310805171171284e-06,0.0004331851656129945,0.7574604455065148
5.419999999999625,0.0039999999999995595,0.0,0.0013580280968762553,0.000261090459416809,3.3110584965465325e-06,0.00041943118350044065,0.7574621368970096
5.423999999999625,0.0039999999999995595,0.0,0.0013627586558332082,0.00026272677923206875,3.3113105682083216e-06,0.00040542863895105433,0.7574638157269699
5.427999999999624,0.0039999999999995595,0.0,0.0013672556907803432,0.0002643064214572097,3.311561103608225e-06,0.0003911977907149932,0.7574654821135197
5.431999999999624,0.0039999999999995595,0.0,0.0013715179173185534,0.00026582853251087433,3.3118098275364247e-06,0.0003767588228743032,0.7574671361775174
5.435999999999623,0.0039999999999995595,0.0,0.0013755443433714836,0.00026729233925914983,3.3120564737709736e-06,0.0003621318248844614,0.7574687780433589
5.439999999999623,0.0039999999999995595,0.0,0.0013793342653923974,0.00026869714857847426,3.3123007866299576e-06,0.0003473367716677283,0.7574704078387822
5.4439999999996225,0.0039999999999995595,0.0,0.0013828872648898542,0.00027004234683924224,3.3125425225244412e-06,0.00033239350381953324,0.757472025694686
5.447999999999622,0.0039999999999995595,0.0,0.0013862032038167635,0.0002713273993106807,3.312781451304365e-06,0.00031732170796836136,0.7574736317449458
5.451999999999622,0.0039999999999995595,0.0,0.0013892822201096427,0.00027255184948779483,3.313017357552518e-06,0.00030214089735126817,0.7574752261262377
5.455999999999621,0.0039999999999995595,0.0,0.001392124723121185,0.00027371531834136234,3.3132500417779354e-06,0.0002868703926423511,0.7574768089778705
5.459999999999621,0.0039999999999995595,0.0,0.0013947313883734865,0.00027481750349214875,3.3134793214507274e-06,0.0002715293030901639,0.7574783804416143
5.46399999999962,0.0039999999999995595,0.0,0.0013971031528924752,0.00027585817831070325,3.3137050319680615e-06,0.0002561365080043398,0.7574799406615376
5.46799999999962,0.0039999999999995595,0.0,0.0013992412091900293,0.00027683719094427097,3.3139270274950828e-06,0.0002407106386376643,0.7574814897838483
5.471999999999619,0.0039999999999995595,0.0,0.0014011470000235544,0.00027775446327252766,3.3141451816624683e-06,0.00022527006050630818,0.7574830279567326
5.475999999999619,0.0039999999999995595,0.0,0.0014028222125525118,0.0002786099897940044,3.3143593881560235e-06,0.00020983285618611074,0.7574845553302012
5.4799999999996185,0.0039999999999995595,0.0,0.001404268772264416,0.00027940383644521014,3.3145695611949963e-06,0.00019441680862074238,0.7574860720559315
5.483999999999618,0.0039999999999995595,0.0,0.0014054888367993601,0.00028013613935461916,3.3147756359148517e-06,0.00017903938498103314,0.7574875782871208
5.487999999999618,0.0039999999999995595,0.0,0.0014064847896415053,0.000280807103533792,3.3149775685499213e-06,0.0001637177210973779,0.7574890741783312
5.491999999999617,0.0039999999999995595,0.0,0.0014072592334870237,0.00028141700150802716,3.3151753365697084e-06,0.00014846860650303057,0.7574905598853425
5.495999999999617,0.0039999999999995595,0.0,0.0014078149838070498,0.00028196617188904036,3.3153689387664977e-06,0.00013330847010492719,0.7574920355650019
5.499999999999616,0.0039999999999995595,0.0,0.001408155061859756,0.00028245501789225574,3.315558395016133e-06,0.00011825336651195765,0.757493501375077
5.503999999999616,0.0039999999999995595,0.0,0.001408282687825653,0.00028288400580137464,3.315743746174914e-06,0.00010331896303519681,0.757494957474112
5.507999999999615,0.0039999999999995595,0.0,0.0014082012737130132,0.0002832536633829435,3.315925053721466e-06,8.852052738319141e-05,0.757496404021281
5.511999999999615,0.0039999999999995595,0.0,0.0014079144162321142,0.00028356457825369735,3.316102399277813e-06,7.387291607314822e-05,0.7574978411762455
5.5159999999996145,0.0039999999999995595,0.0,0.0014074258895999706,0.00028381739620350665,3.3162758841566224e-06,5.9390563606574496e-05,0.7574992690990108
5.519999999999614,0.0039999999999995595,0.0,0.0014067396380792422,0.0002840128194767691,3.3164456287488466e-06,4.50874725205811e-05,0.7575006879497873
5.523999999999614,0.0039999999999995595,0.0,0.0014058597686068177,0.00028415160501512563,3.3166117717717226e-06,3.097720484830826e-05,0.7575020978888488
5.527999999999613,0.0039999999999995595,0.0,0.0014047905432368645,0.00028423456266437464,3.3167744695304783e-06,1.7072878814649645e-05,0.7575034990763979
5.531999999999613,0.0039999999999995595,0.0,0.0014035363718339544,0.00028426255334847297,3.3169338949940574e-06,3.3872972523491766e-06,0.7575048916724278
5.535999999999612,0.0039999999999995595,0.0,0.001402101804267661,0.00028423648721349475,3.3170902368828973e-06,1.0068015063148456e-05,0.7575062758365896
5.539999999999612,0.0039999999999995595,0.0,0.0014004915226231611,0.00028415732174441794,3.3172436986886667e-06,2.3280497723115053e-05,0.7575076517280591
5.5439999999996115,0.0039999999999995595,0.0,0.001398710334105474,0.00028402605985758373,3.3173944976961027e-06,3.623930293044633e-05,0.7575090195054115
5.547999999999611,0.0039999999999995595,0.0,0.0013967631626210855,0.0002838437479716421,3.3175428636510432e-06,4.8933655174843456e-05,0.7575103793264932
5.551999999999611,0.0039999999999995595,0.0,0.00139465504177599,0.000283611474059761,3.31768903786022e-06,6.135328881014008e-05,0.7575117313482959
5.55599999999961,0.0039999999999995595,0.0,0.0013923911067991973,0.0002833303656858543,3.3178332717755712e-06,7.348843303061203e-05,0.7575130757268289
5.55999999999961,0.0039999999999995595,0.0,0.0013899765870252394,0.0002830015880275567,3.3179758258195257e-06,8.532981291788526e-05,0.7575144126170148
5.563999999999609,0.0039999999999995595,0.0,0.0013874167980306878,0.00028262634188858386,3.3181169681518605e-06,9.68686514478631e-05,0.7575157421725655
5.567999999999609,0.0039999999999995595,0.0,0.0013847171344328558,0.0002822058617031015,3.3182569733830403e-06,0.0001080966711691957,0.7575170645458713
5.571999999999608,0.0039999999999995595,0.0,0.001381883061965653,0.000281741413534686,3.318396121227064e-06,0.00011900609532995486,0.7575183798878911
5.575999999999608,0.0039999999999995595,0.0,0.00137892010984244,0.00028123429307237474,3.3185346952720774e-06,0.00012958964841650538,0.7575196883480475
5.5799999999996075,0.0039999999999995595,0.0,0.0013758338637879523,0.00028068582362627935,3.318672981651893e-06,0.0001398405560886528,0.7575209900741243
5.583999999999607,0.0039999999999995595,0.0,0.0013726299581087807,0.0002800973541251653,3.318811267687418e-06,0.00014975254452381746,0.7575222852121676
5.587999999999607,0.0039999999999995595,0.0,0.0013693140685488102,0.0002794702571183441,3.3189498406667103e-06,0.00015931983918209696,0.7575235739063884
5.591999999999606,0.0039999999999995595,0.0,0.001365891904946876,0.00027880592678417807,3.3190889865257912e-06,0.0001685371629992755,0.7575248562990742
5.595999999999606,0.0039999999999995595,0.0,0.0013623692042453413,0.00027810577694742985,3.3192289885984542e-06,0.0001773997340278324,0.757526132530497
5.599999999999605,0.0039999999999995595,0.0,0.001358751723103902,0.0002773712391076258,3.3193701264062436e-06,0.00018590326254036172,0.757527402738832
5.603999999999605,0.0039999999999995595,0.0,0.0013550452309976189,0.00027660376048055407,3.319512674497007e-06,0.00019404394760479826,0.7575286670600739
5.607999999999604,0.0039999999999995595,0.0,0.001351255503384274,0.00027580480205495136,3.3196569012472146e-06,0.0002018184731524093,0.7575299256279596
5.611999999999604,0.0039999999999995595,0.0,0.0013473883149311575,0.00027497583666637404,3.319803067813975e-06,0.00020922400354904822,0.7575311785738941
5.6159999999996035,0.0039999999999995595,0.0,0.0013434494326276395,0.00027411834709018527,3.319951426999159e-06,0.00021625817868935234,0.7575324260268814
5.619999999999603,0.0039999999999995595,0.0,0.0013394446095192187,0.00027323382415553777,3.3201022223079634e-06,0.00022291910862215679,0.7575336681134566
5.623999999999603,0.0039999999999995595,0.0,0.001335379578155357,0.00027232376488215375,3.3202556870436985e-06,0.00022920536773282015,0.7575349049576204
5.627999999999602,0.0039999999999995595,0.0,0.0013312600442410625,0.0002713896706416696,3.3204120433309177e-06,0.00023511598848496526,0.7575361366807815
5.631999999999602,0.0039999999999995595,0.0,0.0013270916804100901,0.0002704330453452228,3.3205715012990622e-06,0.00024065045474792825,0.7575373634016992
5.635999999999601,0.0039999999999995595,0.0,0.0013228801205408414,0.00026945539365891703,3.320734258395334e-06,0.00024580869471928354,0.7575385852364299
5.639999999999601,0.0039999999999995595,0.0,0.0013186309536171855,0.0002684582192487302,3.320900498653065e-06,0.00025059107346072176,0.7575398022982763
5.6439999999996004,0.0039999999999995595,0.0,0.0013143497179705728,0.0002674430230563782,3.3210703920945077e-06,0.00025499838505701154,0.7575410146977416
5.6479999999996,0.0039999999999995595,0.0,0.0013100418959153981,0.00026641130160757754,3.3212440941637917e-06,0.00025903184442232553,0.7575422225424858
5.6519999999996,0.0039999999999995595,0.0,0.0013057129082812897,0.00026536454535408305,3.3214217452173686e-06,0.00026269307876323594,0.757543425937285
5.655999999999599,0.0039999999999995595,0.0,0.0013013681090166401,0.0002643042370508359,3.3216034702008165e-06,0.0002659841187135261,0.7575446249839953
5.659999999999599,0.0039999999999995595,0.0,0.0012970127805571239,0.00026323185016946895,3.3217893783127562e-06,0.0002689073891608818,0.7575458197815171
5.663999999999598,0.0039999999999995595,0.0,0.0012926521282679705,0.00026214884734938263,3.3219795627270773e-06,0.00027146569977423257,0.7575470104257657
5.667999999999598,0.0039999999999995595,0.0,0.0012882912761882717,0.00026105667888751236,3.3221741004571316e-06,0.0002736622352557226,0.757548197009642
5.671999999999597,0.0039999999999995595,0.0,0.0012839352623894367,0.00025995678126787195,3.3223730522342218e-06,0.000275500545324399,0.7575493796230088
5.675999999999597,0.0039999999999995595,0.0,0.0012795890345574626,0.0002588505757318822,3.322576462505738e-06,0.0002769845344531209,0.7575505583526679
5.6799999999995965,0.0039999999999995595,0.0,0.0012752574456426063,0.0002577394668904353,3.3227843594776964e-06,0.000278118451370251,0.7575517332823422
5.683999999999596,0.0039999999999995595,0.0,0.001270945250115318,0.00025662484137857705,3.3229967552378024e-06,0.0002789068783474326,0.7575529044926582
5.687999999999596,0.0039999999999995595,0.0,0.001266657099980176,0.0002555080665536412,3.323213645926995e-06,0.00027935472027953924,0.7575540720611331
5.691999999999595,0.0039999999999995595,0.0,0.0012623975409081657,0.00025439048923759543,3.3234350120177074e-06,0.0002794671935830299,0.757555236062167
5.695999999999595,0.0039999999999995595,0.0,0.0012581710092992126,0.0002532734345042971,3.323660818636664e-06,0.00027924981491928746,0.7575563965670321
5.699999999999594,0.0039999999999995595,0.0,0.001253981828364363,0.0002521582045122996,3.3238910159345583e-06,0.00027870838976627927,0.7575575536438687
5.703999999999594,0.0039999999999995595,0.0,0.0012498342054408534,0.0002510460773837879,3.3241255395559082e-06,0.000277849000846581,0.7575587073576853
5.707999999999593,0.0039999999999995595,0.0,0.0012457322290697088,0.000249938306130159,3.3243643111180244e-06,0.0002766779964316883,0.7575598577703573
5.711999999999593,0.0039999999999995595,0.0,0.0012416798659355462,0.00024883611762470447,3.3246072387556975e-06,0.0002752019785361294,0.7575610049406326
5.7159999999995925,0.0039999999999995595,0.0,0.001237680958668242,0.00024774071162278255,3.324854217788412e-06,0.00027342779101876896,0.7575621489241364
5.719999999999592,0.0039999999999995595,0.0,0.0012337392233722475,0.00024665325982982096,3.3251051313075604e-06,0.00027136250760276444,0.757563289773382
5.723999999999592,0.0039999999999995595,0.0,0.0012298582474347874,0.0002455749050174165,3.325359850869641e-06,0.0002690134198328319,0.7575644275377815
5.727999999999591,0.0039999999999995595,0.0,0.0012260414874537943,0.0002445067601877541,3.325618237194196e-06,0.0002663880249807368,0.7575655622636616
5.731999999999591,0.0039999999999995595,0.0,0.001222292267667027,0.00024344990778649202,3.3258801409977135e-06,0.0002634940139188073,0.7575666939942811
5.73599999999959,0.0039999999999995595,0.0,0.0012186137780883272,0.00024240539896421852,3.3261454037415433e-06,0.00026033925896982356,0.7575678227698487
5.73999999999959,0.0039999999999995595,0.0,0.0012150090731818427,0.00024137425288651586,3.3264138584641737e-06,0.0002569318017524215,0.7575689486275485
5.743999999999589,0.0039999999999995595,0.0,0.0012114810708249487,0.00024035745609261562,3.32668533054618e-06,0.000253279841034395,0.7575700716015643
5.747999999999589,0.0039999999999995595,0.0,0.0012080325505684066,0.0002393559619025746,3.326959638670437e-06,0.00024939172060677614,0.7575711917231084
5.7519999999995886,0.0039999999999995595,0.0,0.0012046661537734866,0.00023837068987284563,3.327236595634542e-06,0.0002452759171936881,0.7575723090204511
5.755999999999588,0.0039999999999995595,0.0,0.0012013843817018674,0.00023740252530005785,3.3275160092082217e-06,0.00024094102841146052,0.757573423518954
5.759999999999588,0.0039999999999995595,0.0,0.001198189596070824,0.00023645231877278,3.327797683013e-06,0.0002363957607881968,0.7575745352411065
5.763999999999587,0.0039999999999995595,0.0,0.0011950840179512179,0.0002355208857709725,3.3280814174486117e-06,0.0002316489178607598,0.7575756442065648
5.767999999999587,0.0039999999999995595,0.0,0.0011920697276886555,0.00023460900631280896,3.3283670104863123e-06,0.0002267093883532175,0.7575767504321914
5.771999999999586,0.0039999999999995595,0.0,0.0011891486652228175,0.0002337174246484613,3.328654258553902e-06,0.0002215861344633676,0.7575778539320982
5.775999999999586,0.0039999999999995595,0.0,0.0011863226296973362,0.0002328468490004312,3.3289429574435804e-06,0.00021628818025229679,0.7575789547176933
5.7799999999995855,0.0039999999999995595,0.0,0.0011835932801385132,0.00023199795134994672,3.32923290309798e-06,0.00021082460016132415,0.7575800527977282
5.783999999999585,0.0039999999999995595,0.0,0.0011809621358175675,0.00023117136726889017,3.3295238924428783e-06,0.00020520450766336917,0.7575811481783485
5.787999999999585,0.0039999999999995595,0.0,0.0011784305763915962,0.0002303676957966993,3.329815724146393e-06,0.00019943704405655163,0.7575822408631467
5.791999999999584,0.0039999999999995595,0.0,0.0011759998436194552,0.00022958749936162256,3.330108199461632e-06,0.0001935313674172074,0.757583330853217
5.795999999999584,0.0039999999999995595,0.0,0.0011736710411799488,0.00022883130374567426,3.330401122899289e-06,0.000187496641716869,0.7575844181472112
5.799999999999583,0.0039999999999995595,0.0,0.0011714451364548183,0.00022809959809260455,3.3306943029222677e-06,0.00018134202611500813,0.7575855027413998
5.803999999999583,0.0039999999999995595,0.0,0.001169322961363067,0.00022739283495814774,3.330987552713255e-06,0.00017507666443707782,0.7575865846297316
5.807999999999582,0.0039999999999995595,0.0,0.0011673052137575498,0.00022671143040177628,3.3312806907203183e-06,0.00016870967484968225,0.757587663803897
5.811999999999582,0.0039999999999995595,0.0,0.0011653924589157798,0.00022605576411916485,3.3315735412957204e-06,0.00016225013973509165,0.7575887402533927
5.8159999999995815,0.0039999999999995595,0.0,0.0011635851311261594,0.00022542617961452432,3.331865935210847e-06,0.00015570709578008638,0.7575898139655894
5.819999999999581,0.0039999999999995595,0.0,0.0011618835352744847,0.000224822984411933,3.332157710228543e-06,0.0001490895242829315,0.7575908849258004
5.823999999999581,0.0039999999999995595,0.0,0.0011602878488121606,0.00022424645030476827,3.332448711546495e-06,0.00014240634168917658,0.7575919531173502
5.82799999999958,0.0039999999999995595,0.0,0.0011587981234370554,0.000223696813642306,3.3327387922381784e-06,0.00013566639035964876,0.7575930185216454
5.83199999999958,0.0039999999999995595,0.0,0.001157414287728492,0.00022317427565253514,3.3330278136027377e-06,0.00012887842958119548,0.7575940811182512
5.835999999999579,0.0039999999999995595,0.0,0.0011561361484360344,0.00022267900280020076,3.333315645518408e-06,0.00012205112682429822,0.7575951408849637
5.839999999999579,0.0039999999999995595,0.0,0.0011549633935793407,0.00022221112717906778,3.3336021667530675e-06,0.0001151930492552386,0.7575961977978839
5.843999999999578,0.0039999999999995595,0.0,0.0011538955942887313,0.00022177074693738075,3.3338872651533124e-06,0.00010831265550451815,0.7575972518314985
5.847999999999578,0.0039999999999995595,0.0,0.0011529322074905607,0.0002213579267354609,3.3341708379147255e-06,0.00010141828770476417,0.7575983029587539
5.8519999999995775,0.0039999999999995595,0.0,0.0011520725784730866,0.0002209726982343727,3.3344527916271156e-06,9.451816379415644e-05,0.7575993511511365
5.855999999999577,0.0039999999999995595,0.0,0.0011513159432288789,0.0002206150606145753,3.3347330424302684e-06,8.762037009521209e-05,0.7576003963787541
5.859999999999577,0.0039999999999995595,0.0,0.0011506614317236387,0.00022028498112344752,3.335011516054737e-06,8.073285417253331e-05,0.7576014386104118
5.863999999999576,0.0039999999999995595,0.0,0.0011501080701569778,0.00021998239565056883,3.3352881478178437e-06,7.386341797373477e-05,0.7576024778136983
5.867999999999576,0.0039999999999995595,0.0,0.0011496547841348991,0.00021970720932962292,3.3355628826109523e-06,6.701971125844358e-05,0.7576035139550633
5.871999999999575,0.0039999999999995595,0.0,0.0011493004013963077,0.00021945929716577671,3.3358356747840966e-06,6.0209225319026104e-05,0.7576045469999001
5.875999999999575,0.0039999999999995595,0.0,0.0011490436550500097,0.00021923850468738551,3.336106488105197e-06,5.343928700429322e-05,0.7576055769126292
5.8799999999995745,0.0039999999999995595,0.0,0.0011488831864445784,0.00021904464862085418,3.336375295446962e-06,4.671705305591123e-05,0.7576066036567798
5.883999999999574,0.0039999999999995595,0.0,0.0011488175486279524,0.0002188775175874811,3.3366420786859484e-06,4.004950478946594e-05,0.7576076271950707
5.887999999999574,0.0039999999999995595,0.0,0.0011488452088416366,0.00021873687282111646,3.3369068284983954e-06,3.3443443178826284e-05,0.7576086474894935
5.891999999999573,0.0039999999999995595,0.0,0.0011489645523594318,0.00021862244890544737,3.33716954401009e-06,2.690548453732032e-05,0.757609664501395
5.895999999999573,0.0039999999999995595,0.0,0.0011491738856319264,0.00021853395452972715,3.337430232478751e-06,2.0442057435741613e-05,0.7576106781915584
5.899999999999572,0.0039999999999995595,0.0,0.0011494714393071104,0.0002184710732617611,3.3376889090329794e-06,1.4059403779206189e-05,0.7576116885202843
5.903999999999572,0.0039999999999995595,0.0,0.001149855371600971,0.00021843346433696824,3.3379455962872675e-06,7.763605601150387e-06,0.757612695447471
5.907999999999571,0.0039999999999995595,0.0,0.001150323771911652,0.00021842076346233191,3.338200323927481e-06,1.561337823615679e-06,0.7576136989326953
5.911999999999571,0.0039999999999995595,0.0,0.0011508746641846963,0.00021843258363405679,3.3384531283467957e-06,4.545463135970556e-06,0.7576146989352908
5.9159999999995705,0.0039999999999995595,0.0,0.0011515060098279822,0.00021846851596775413,3.3387040521623256e-06,1.0546620257942711e-05,0.7576156954144256
5.91999999999957,0.0039999999999995595,0.0,0.0011522157116146809,0.0002185281305399894,3.338953143800062e-06,1.643910309955523e-05,0.7576166883291819
5.92399999999957,0.0039999999999995595,0.0,0.0011530016169244979,0.0002186109772400196,3.3392004569909164e-06,2.2217773051461967e-05,0.7576176776386307
5.927999999999569,0.0039999999999995595,0.0,0.001153861521183369,0.00021871658663056957,3.339446050356969e-06,2.7877831548760182e-05,0.7576186633019067
5.931999999999569,0.0039999999999995595,0.0,0.0011547931713001504,0.00021884447081649115,3.339689986900166e-06,3.341471384070998e-05,0.7576196452782826
5.935999999999568,0.0039999999999995595,0.0,0.0011557942689001655,0.00021899412432016972,3.339932333486701e-06,3.88240786443864e-05,0.7576206235272404
5.939999999999568,0.0039999999999995595,0.0,0.0011568624741169348,0.00021916502496255408,3.340173160350973e-06,4.410180678216581e-05,0.7576215980085431
5.943999999999567,0.0039999999999995595,0.0,0.0011579954086847282,0.0002193566347486924,3.340412540607138e-06,4.924400138887087e-05,0.7576225686823039
5.947999999999567,0.0039999999999995595,0.0,0.001159190659574586,0.00021956840075667642,3.340650549810707e-06,5.424698836594229e-05,0.7576235355090546
5.9519999999995665,0.0039999999999995595,0.0,0.001160445782110972,0.00021979975602890087,3.340887265336281e-06,5.91073167458942e-05,0.7576244984498096
5.955999999999566,0.0039999999999995595,0.0,0.0011617583035222377,0.00022005012046457252,3.3411227659844043e-06,6.38217588652489e-05,0.7576254574661307
5.959999999999566,0.0039999999999995595,0.0,0.0011631257263429683,0.0002203189017124121,3.3413571314556545e-06,6.838731030555524e-05,0.757626412520189
5.963999999999565,0.0039999999999995595,0.0,0.0011645455313777633,0.00022060549606251845,3.341590441914135e-06,7.28011895961414e-05,0.7576273635748272
5.967999999999565,0.0039999999999995595,0.0,0.001166015181367738,0.00022090928933636732,3.3418227774916466e-06,7.706083766902727e-05,0.7576283105936152
5.971999999999564,0.0039999999999995595,0.0,0.0011675321241127782,0.00022122965777395277,3.342054217881553e-06,8.116391707089246e-05,0.7576292535409074
5.975999999999564,0.0039999999999995595,0.0,0.0011690937954299005,0.0002215659689170875,3.342284841832231e-06,8.510831093466319e-05,0.7576301923818954
5.979999999999563,0.0039999999999995595,0.0,0.0011706976227990546,0.0002219175824879098,3.3425147268075045e-06,8.889212171572288e-05,0.757631127082662
5.983999999999563,0.0039999999999995595,0.0,0.001172341028076459,0.00022228385126165512,3.3427439485695767e-06,9.251366969378776e-05,0.7576320576102297
5.987999999999563,0.0039999999999995595,0.0,0.0011740214306999693,0.0002226641219327824,3.3429725808173386e-06,9.597149125102672e-05,0.7576329839326074
5.991999999999562,0.0039999999999995595,0.0,0.001175736250623721,0.00022305773597356126,3.3432006947766756e-06,9.926433692867637e-05,0.7576339060188358
5.995999999999562,0.0039999999999995595,0.0,0.0011774829117369128,0.00022346403048425793,3.343428358929648e-06,0.00010239116926846773,0.7576348238390312
5.999999999999561,0.0039999999999995595,0.0,0.0011792588440652876,0.0002238823390340679,3.343655638689414e-06,0.00010535116044401913,0.7576357373644239
6.003999999999561,0.0039999999999995595,0.0,0.0011810614873047863,0.00022431199249198857,3.3438825961569394e-06,0.0001081436896927333,0.757636646567398
6.00799999999956,0.0039999999999995595,0.0,0.0011828882930443397,0.00022475231984683038,3.344109289803086e-06,0.00011076834054752789,0.7576375514215249
6.01199999999956,0.0039999999999995595,0.0,0.0011847367282214077,0.00022520264901560618,3.3443357742797655e-06,0.00011322489788164592,0.7576384519015984
6.0159999999995595,0.0039999999999995595,0.0,0.0011866042769897677,0.00022566230763955357,3.344562100264498e-06,0.00011551334476887423,0.7576393479836647
6.019999999999559,0.0039999999999995595,0.0,0.0011884884439129053,0.00022613062386708145,3.3447883142082713e-06,0.0001176338591674773,0.7576402396450508
6.023999999999559,0.0039999999999995595,0.0,0.0011903867562305032,0.0002266069271229494,3.345014458261666e-06,0.00011958681043307178,0.7576411268643903
6.027999999999558,0.0039999999999995595,0.0,0.0011922967666988843,0.00022709054886302536,3.345240570110594e-06,0.00012137275567169836,0.7576420096216467
6.031999999999558,0.0039999999999995595,0.0,0.0011942160554196362,0.00022758082331399092,3.345466682907599e-06,0.00012299243593331618,0.7576428878981374
6.035999999999557,0.0039999999999995595,0.0,0.0011961422327110731,0.00022807708819738218,3.345692825232413e-06,0.00012444677225902654,0.7576437616765456
6.039999999999557,0.0039999999999995595,0.0,0.0011980729410664202,0.0002285786854374077,3.3459190210399807e-06,0.00012573686158561667,0.7576446309409453
6.043999999999556,0.0039999999999995595,0.0,0.0012000058574135489,0.00022908496185198118,3.3461452896591825e-06,0.0001268639725143157,0.7576454956768098
6.047999999999556,0.0039999999999995595,0.0,0.0012019386952131033,0.00022959526982646106,3.346371645805833e-06,0.0001278295409544313,0.7576463558710255
6.0519999999995555,0.0039999999999995595,0.0,0.0012038692066757598,0.00023010896796960565,3.3465980996666173e-06,0.00012863516564447564,0.7576472115119008
6.055999999999555,0.0039999999999995595,0.0,0.001205795184363154,0.000230625421751283,3.3468246569338445e-06,0.00012928260356134637,0.7576480625891753
6.059999999999555,0.0039999999999995595,0.0,0.0012077144632850997,0.00023114400412150104,3.3470513189020112e-06,0.0001297737652212916,0.7576489090940226
6.063999999999554,0.0039999999999995595,0.0,0.0012096249227560767,0.00023166409611036305,3.347278082594252e-06,0.00013011070988694714,0.7576497510190543
6.067999999999554,0.0039999999999995595,0.0,0.0012115244879249162,0.0002321850874085719,3.34750494091348e-06,0.00013029564067789352,0.7576505883583219
6.071999999999553,0.0039999999999995595,0.0,0.0012134111315332274,0.00023270637692813321,3.347731882774843e-06,0.00013033089959962814,0.7576514211073149
6.075999999999553,0.0039999999999995595,0.0,0.0012152828753550138,0.00023322737334294878,3.347958893311814e-06,0.00013021896249426604,0.7576522492629579
6.079999999999552,0.0039999999999995595,0.0,0.0012171377917801457,0.00023374749560901067,3.348185954062535e-06,0.00012996243392344808,0.7576530728236056
6.083999999999552,0.0039999999999995595,0.0,0.001218974005179025,0.00023426617346393807,3.348413043188607e-06,0.00012956404198474625,0.757653891789037
6.0879999999995515,0.0039999999999995595,0.0,0.001220789692872108,0.00023478284790561616,3.34864013569325e-06,0.00012902663307437785,0.7576547061604438
6.091999999999551,0.0039999999999995595,0.0,0.001222583087073727,0.00023529697164975563,3.3488672036457025e-06,0.0001283531666033779,0.7576555159404241
6.095999999999551,0.0039999999999995595,0.0,0.0012243524752644749,0.00023580800956617815,3.3490942164569027e-06,0.00012754670966690144,0.7576563211329679
6.09999999999955,0.0039999999999995595,0.0,0.0012260962015467015,0.00023631543909368718,3.3493211411705863e-06,0.00012661043168139528,0.7576571217434435
6.10399999999955,0.0039999999999995595,0.0,0.001227812667800868,0.00023681875063340493,3.3495479426673725e-06,0.0001255475989933216,0.7576579177785805
6.107999999999549,0.0039999999999995595,0.0,0.0012295003341964452,0.00023731744792048764,3.349774583991267e-06,0.00012436156946819585,0.7576587092464558
6.111999999999549,0.0039999999999995595,0.0,0.0012311577203290944,0.00023781104837414683,3.3500010265850196e-06,0.00012305578706136598,0.7576594961564758
6.1159999999995485,0.0039999999999995595,0.0,0.0012327834055402191,0.0002382990834259338,3.3502272306188575e-06,0.00012163377638184912,0.7576602785193542
6.119999999999548,0.0039999999999995595,0.0,0.0012343760299583753,0.00023878109882627947,3.3504531552948174e-06,0.00012009913725528867,0.7576610563470914
6.123999999999548,0.0039999999999995595,0.0,0.0012359342949113184,0.00023925665492930233,3.3506787591156137e-06,0.00011845553929133096,0.7576618296529539
6.127999999999547,0.0039999999999995595,0.0,0.0012374569633450616,0.0002397253269559079,3.3509040000996853e-06,0.00011670671645889753,0.757662598451449
6.131999999999547,0.0039999999999995595,0.0,0.0012389428601627657,0.00024018670523526093,3.3511288362453338e-06,0.00011485646168280822,0.7576633627583036
6.135999999999546,0.0039999999999995595,0.0,0.0012403908726655324,0.00024064039542469041,3.351353225642915e-06,0.00011290862145798093,0.7576641225904329
6.139999999999546,0.0039999999999995595,0.0,0.0012417999508283434,0.00024108601870815848,3.351577126777341e-06,0.00011086709049692318,0.7576648779659201
6.143999999999545,0.0039999999999995595,0.0,0.0012431691072360427,0.00024152321197340665,3.3518004988649364e-06,0.00010873580640781533,0.757665628903982
6.147999999999545,0.0039999999999995595,0.0,0.0012444974174868316,0.00024195162796795662,3.352023302083666e-06,0.00010651874441813283,0.7576663754249535
6.1519999999995445,0.0039999999999995595,0.0,0.0012457840198139302,0.00024237093543410534,3.352245497871937e-06,0.00010421991213376044,0.757667117550241
6.155999999999544,0.0039999999999995595,0.0,0.0012470281154462845,0.00024278081922313971,3.352467049023087e-06,0.00010184334435716295,0.7576678553023037
6.159999999999544,0.0039999999999995595,0.0,0.0012482289681035948,0.00024318098038898832,3.35268792008016e-06,9.939309796160297e-05,0.7576685887046224
6.163999999999543,0.0039999999999995595,0.0,0.0012493859042324563,0.00024357113626153237,3.3529080775478292e-06,9.687324681955541e-05,0.7576693177816683
6.167999999999543,0.0039999999999995595,0.0,0.0012504983121154824,0.00024395102049984058,3.3531274899730225e-06,9.428787680136562e-05,0.7576700425588658
6.171999999999542,0.0039999999999995595,0.0,0.001251565642167872,0.00024432038312560765,3.353346128185486e-06,9.164108084456472e-05,0.7576707630625662
6.175999999999542,0.0039999999999995595,0.0,0.0012525874061105348,0.00024467899053709215,3.3535639654764543e-06,8.893695409710787e-05,0.7576714793200157
6.179999999999541,0.0039999999999995595,0.0,0.0012535631767098161,0.00024502662550385685,3.353780977824778e-06,8.617958913819033e-05,0.7576721913593192
6.183999999999541,0.0039999999999995595,0.0,0.0012544925870190914,0.00024536308714264967,3.3539971439457787e-06,8.337307128505573e-05,0.7576728992094088
6.1879999999995405,0.0039999999999995595,0.0,0.0012553753301864574,0.0002456881908747637,3.354212445484057e-06,8.052147398542023e-05,0.757673602900009
6.19199999999954,0.0039999999999995595,0.0,0.0012562111583234719,0.00024600176836524375,3.354426867096118e-06,7.762885430244673e-05,0.7576743024616039
6.19599999999954,0.0039999999999995595,0.0,0.0012569998822058994,0.0002463036674443135,3.354640396581932e-06,7.469924849390351e-05,0.7576749979254049
6.199999999999539,0.0039999999999995595,0.0,0.0012577413702136633,0.0002465937520114087,3.35485302488414e-06,7.173666769029114e-05,0.7576756893233131
6.203999999999539,0.0039999999999995595,0.0,0.0012584355477481344,0.00024687190192222865,3.355064746208971e-06,6.874509367497352e-05,0.7576763766878883
6.207999999999538,0.0039999999999995595,0.0,0.0012590823961544648,0.00024713801285921303,3.355275558050764e-06,6.572847476779367e-05,0.7576770600523137
6.211999999999538,0.0039999999999995595,0.0,0.0012596819518553564,0.00024739199618588467,3.355485461189991e-06,6.269072182030707e-05,0.7576777394503623
6.2159999999995375,0.0039999999999995595,0.0,0.0012602343054305082,0.00024763377878548833,3.3556944597577534e-06,5.9635704318385604e-05,0.7576784149163623
6.219999999999537,0.0039999999999995595,0.0,0.001260739600729216,0.00024786330288437976,3.3559025611918036e-06,5.6567246599830876e-05,0.7576790864851625
6.223999999999537,0.0039999999999995595,0.0,0.0012611980334870105,0.000248080525860632,3.3561097761882495e-06,5.3489124189144525e-05,0.7576797541921011
6.227999999999536,0.0039999999999995595,0.0,0.0012616098505025626,0.00024828542003831636,3.356316118683945e-06,5.0405060247997505e-05,0.7576804180729685
6.231999999999536,0.0039999999999995595,0.0,0.0012619753483166657,0.00024847797246795066,3.356521605778928e-06,4.7318722149737385e-05,0.757681078163976
6.235999999999535,0.0039999999999995595,0.0,0.0012622948720968146,0.0002486581846935976,3.356726257678706e-06,4.423371817511835e-05,0.7576817345017227
6.239999999999535,0.0039999999999995595,0.0,0.0012625688146377073,0.0002488260725071029,3.3569300975953975e-06,4.115359433228833e-05,0.757682387123161
6.243999999999534,0.0039999999999995595,0.0,0.001262797614597035,0.00024898166568997564,3.3571331516471875e-06,3.80818313034752e-05,0.7576830360655638
6.247999999999534,0.0039999999999995595,0.0,0.0012629817556362598,0.0002491250077434302,3.3573354487290017e-06,3.502184152545625e-05,0.7576836813664939
6.2519999999995335,0.0039999999999995595,0.0,0.0012631217651453762,0.0002492561556070785,3.357537020383818e-06,3.1976966391942707e-05,0.7576843230637705
6.255999999999533,0.0039999999999995595,0.0,0.0012632182123748596,0.0002493751793668086,3.357737900674613e-06,2.895047360111175e-05,0.7576849611954364
6.259999999999533,0.0039999999999995595,0.0,0.001263271707818995,0.0002494821619523649,3.3579381260118204e-06,2.594555463701968e-05,0.7576855957997267
6.263999999999532,0.0039999999999995595,0.0,0.0012632829011240928,0.00024957719882515183,3.3581377351158007e-06,2.2965322398268914e-05,0.7576862269150466
6.267999999999532,0.0039999999999995595,0.0,0.0012632524801567935,0.0002496603976567733,3.358336768607873e-06,2.0012808995713766e-05,0.7576868545799196
6.271999999999531,0.0039999999999995595,0.0,0.0012631811692092611,0.00024973187799886767,3.3585352689918554e-06,1.7090963757653412e-05,0.7576874788329777
6.275999999999531,0.0039999999999995595,0.0,0.0012630697280094358,0.0002497917709447382,3.3587332804620964e-06,1.4202651535688015e-05,0.7576880997129234
6.27999999999953,0.0039999999999995595,0.0,0.0012629189496889855,0.0002498402187833246,3.3589308486476264e-06,1.135065161806149e-05,0.7576887172585007
6.28399999999953,0.0039999999999995595,0.0,0.0012627296596407506,0.00024987737464603833,3.3591280204600348e-06,8.537658286675096e-06,0.757689331508467
6.2879999999995295,0.0039999999999995595,0.0,0.0012625027140336163,0.0002499034021469905,3.3593248438925082e-06,5.7662879929971355e-06,0.7576899425015632
6.291999999999529,0.0039999999999995595,0.0,0.0012622389981587561,0.0002499184750171436,3.3595213678175866e-06,3.039133146464339e-06,0.7576905502764869
6.295999999999529,0.0039999999999995595,0.0,0.001261939425045204,0.00024992277673291033,3.3597176418367874e-06,3.612597813041172e-07,0.7576911548718649
6.299999999999528,0.0039999999999995595,0.0,0.0012616049337275282,0.0002499165001397232,3.3599137158038903e-06,2.274640782256554e-06,0.7576917563262257
6.303999999999528,0.0039999999999995595,0.0,0.0012612364880436409,0.00024989984707109945,3.360109640061422e-06,4.855321059822067e-06,0.7576923546779732
6.307999999999527,0.0039999999999995595,0.0,0.0012608350747294853,0.00024987302796371355,3.3603054649286583e-06,7.3830253982316655e-06,0.7576929499653657
6.311999999999527,0.0039999999999995595,0.0,0.0012604017023050138,0.0002498362614689781,3.360501240552403e-06,9.855572465370417e-06,0.7576935422264753
6.315999999999526,0.0039999999999995595,0.0,0.0012599373990776048,0.0002497897740616699,3.360697016702254e-06,1.2271004762342667e-05,0.75769413149918
6.319999999999526,0.0039999999999995595,0.0,0.0012594432120223366,0.0002497337996460858,3.3608928426094347e-06,1.4627481974762275e-05,0.7576947178211347
6.323999999999526,0.0039999999999995595,0.0,0.0012589202049526902,0.00024966857916022307,3.361088766779058e-06,1.6923267917660866e-05,0.7576953012297434
6.327999999999525,0.0039999999999995595,0.0,0.0012583694574782723,0.0002495943601784828,3.361284836811206e-06,1.915672766614723e-05,0.757695881762139
6.331999999999525,0.0039999999999995595,0.0,0.0012577920626323004,0.0002495113965133849,3.3614810991599504e-06,2.132632673601386e-05,0.7576964594551606
6.335999999999524,0.0039999999999995595,0.0,0.001257189126430897,0.00024941994781675804,3.3616775990060805e-06,2.3430630776885396e-05,0.7576970343453318
6.339999999999524,0.0039999999999995595,0.0,0.001256561765393566,0.00024932027918088607,3.3618743800929036e-06,2.5468305370853872e-05,0.7576976064688374
6.343999999999523,0.0039999999999995595,0.0,0.0012559111059064635,0.00024921266074007416,3.362071484596687e-06,2.743811580780751e-05,0.7576981758615055
6.347999999999523,0.0039999999999995595,0.0,0.0012552382820730553,0.0002490973672730834,3.3622689529443393e-06,2.9338926789744415e-05,0.7576987425587847
6.3519999999995225,0.0039999999999995595,0.0,0.001254544434789137,0.0002489746778068839,3.3624668236710263e-06,3.116970204540984e-05,0.7576993065957277
6.355999999999522,0.0039999999999995595,0.0,0.0012538307099209463,0.0002488448752221546,3.362665133302883e-06,3.292950384864776e-05,0.7576998680069683
6.359999999999522,0.0039999999999995595,0.0,0.0012530982571769317,0.0002487082458609712,3.362863916240113e-06,3.461749243379191e-05,0.7577004268267079
6.363999999999521,0.0039999999999995595,0.0,0.0012523482286115157,0.0002485650791370831,3.363063204652662e-06,3.623292531336017e-05,0.7577009830886929
6.367999999999521,0.0039999999999995595,0.0,0.0012515817772023312,0.00024841566714920116,3.3632630284163482e-06,3.777515649525755e-05,0.7577015368262021
6.37199999999952,0.0039999999999995595,0.0,0.0012508000555007455,0.000248260304297684,3.363463414976842e-06,3.924363560433311e-05,0.757702088072028
6.37599999999952,0.0039999999999995595,0.0,0.0012500042143555855,0.0002480992869050139,3.363664389299781e-06,4.063790690668659e-05,0.7577026368584603
6.379999999999519,0.0039999999999995595,0.0,0.001249195401621198,0.0002479329128404316,3.3638659738294505e-06,4.195760824459439e-05,0.7577031832172719
6.383999999999519,0.0039999999999995595,0.0,0.0012483747609384626,0.0002477614811491077,3.3640681884089343e-06,4.3202469876916426e-05,0.7577037271797066
6.3879999999995185,0.0039999999999995595,0.0,0.0012475434301439626,0.00024758529168618945,3.3642710502885222e-06,4.437231323722409e-05,0.7577042687764615
6.391999999999518,0.0039999999999995595,0.0,0.0012467025405521893,0.00024740464475607,3.364474574068561e-06,4.546704960363854e-05,0.7577048080376757
6.395999999999518,0.0039999999999995595,0.0,0.0012458532154217068,0.0002472198407572088,3.364678771673952e-06,4.6486678690360315e-05,0.7577053449929185
6.399999999999517,0.0039999999999995595,0.0,0.0012449965689390586,0.00024703117983282673,3.364883652394661e-06,4.743128715694213e-05,0.7577058796711768
6.403999999999517,0.0039999999999995595,0.0,0.001244133704830611,0.000246838961527774,3.3650892228449262e-06,4.8301047045283404e-05,0.7577064121008449
6.407999999999516,0.0039999999999995595,0.0,0.0012432657156722696,0.00024664348445186345,3.3652954870025454e-06,4.909621414380144e-05,0.7577069423097121
6.411999999999516,0.0039999999999995595,0.0,0.001242393681381532,0.0002464450459499551,3.365502446303778e-06,4.9817126280377154e-05,0.7577074703249544
6.415999999999515,0.0039999999999995595,0.0,0.0012415186685872054,0.0002462439417790627,3.3657100995884885e-06,5.0464201549883286e-05,0.7577079961731273
6.419999999999515,0.0039999999999995595,0.0,0.0012406417293601235,0.0002460404657927261,3.3659184432117827e-06,5.1037936480314356e-05,0.7577085198801536
6.4239999999995145,0.0039999999999995595,0.0,0.0012397639001080316,0.00024583490963290394,3.366127471097867e-06,5.153890413710954e-05,0.7577090414713183
6.427999999999514,0.0039999999999995595,0.0,0.0012388862011735388,0.00024562756242961227,3.3663371747626365e-06,5.1967752170652313e-05,0.7577095609712607
6.431999999999514,0.0039999999999995595,0.0,0.00123800963534551,0.00024541871050852714,3.3665475434278326e-06,5.232520081210151e-05,0.7577100784039705
6.435999999999513,0.0039999999999995595,0.0,0.001237135187253299,0.00024520863710675257,3.3667585641642013e-06,5.261204081745266e-05,0.7577105937927785
6.439999999999513,0.0039999999999995595,0.0,0.001236263822481253,0.0002449976220969526,3.3669702219444455e-06,5.282913136447079e-05,0.757711107160354
6.443999999999512,0.0039999999999995595,0.0,0.0012353964870317204,0.0002447859417200166,3.3671824996804617e-06,5.2977397907695865e-05,0.7577116185287003
6.447999999999512,0.0039999999999995595,0.0,0.0012345341059697382,0.00024457386832642963,3.3673953784304813e-06,5.305782999075464e-05,0.7577121279191518
6.4519999999995115,0.0039999999999995595,0.0,0.0012336775833158295,0.0002443616701264995,3.3676088374879294e-06,5.307147902244838e-05,0.7577126353523698
6.455999999999511,0.0039999999999995595,0.0,0.0012328278010322814,0.0002441496109495829,3.367822854453072e-06,5.301945601741553e-05,0.7577131408483416
6.459999999999511,0.0039999999999995595,0.0,0.0012319856183607497,0.00024393795001243448,3.368037405370504e-06,5.2902929307827274e-05,0.7577136444263808
6.46399999999951,0.0039999999999995595,0.0,0.0012311518715135284,0.00024372694169679126,3.368252464885968e-06,5.272312222575109e-05,0.7577141461051227
6.46799999999951,0.0039999999999995595,0.0,0.0012303273725476976,0.00024351683533630107,3.368468006376035e-06,5.248131076150582e-05,0.7577146459025279
6.471999999999509,0.0039999999999995595,0.0,0.0012295129094957978,0.00024330787501287922,3.368684002065547e-06,5.2178821199660824e-05,0.7577151438358803
6.475999999999509,0.0039999999999995595,0.0,0.0012287092452295378,0.00024310029936257423,3.3689004231638378e-06,5.1817027737831206e-05,0.7577156399217918
6.479999999999508,0.0039999999999995595,0.0,0.001227917117402124,0.00024289434139100304,3.369117240000672e-06,5.139735008915849e-05,0.7577161341762023
6.483999999999508,0.0039999999999995595,0.0,0.0012271372379367353,0.0002426902282984074,3.369334422157227e-06,5.092125107409645e-05,0.7577166266143809
6.4879999999995075,0.0039999999999995595,0.0,0.001226370292602877,0.00024248818131438054,3.3695519386035023e-06,5.0390234198809526e-05,0.7577171172509319
6.491999999999507,0.0039999999999995595,0.0,0.0012256169405004532,0.00024228841554228597,3.3697697579017824e-06,4.980584123310741e-05,0.7577176060998019
6.495999999999507,0.0039999999999995595,0.0,0.0012248778141768907,0.00024209113981338878,3.3699878483000312e-06,4.916964977683157e-05,0.7577180931742765
6.499999999999506,0.0039999999999995595,0.0,0.001224153518929473,0.0002418965565506939,3.3702061777813534e-06,4.848327083803213e-05,0.7577185784869936
6.503999999999506,0.0039999999999995595,0.0,0.001223444632560469,0.0002417048616424965,3.3704247142616273e-06,4.7748346400657166e-05,0.7577190620499417
6.507999999999505,0.0039999999999995595,0.0,0.001222751705587505,0.00024151624432563437,3.3706434257134917e-06,4.6966547002162076e-05,0.7577195438744749
6.511999999999505,0.0039999999999995595,0.0,0.0012220752606396015,0.0002413308870783947,3.3708622802925433e-06,4.613956932236537e-05,0.7577200239713151
6.515999999999504,0.0039999999999995595,0.0,0.00122141579249051,0.0002411489655230518,3.3710812464595935e-06,4.5269133776373256e-05,0.7577205023505618
6.519999999999504,0.0039999999999995595,0.0,0.001220773768004737,0.00024097064833798114,3.3713002930963254e-06,4.4356982126109673e-05,0.7577209790216993
6.5239999999995035,0.0039999999999995595,0.0,0.0012201496259053326,0.00024079609717928582,3.3715193895824166e-06,4.340487510365947e-05,0.757721453993606
6.527999999999503,0.0039999999999995595,0.0,0.0012195437769094326,0.00024062546661188147,3.3717385059432026e-06,4.2414590052761857e-05,0.7577219272745661
6.531999999999503,0.0039999999999995595,0.0,0.0012189566035956615,0.00024045890404993784,3.371957612985127e-06,4.13879185947515e-05,0.7577223988722769
6.535999999999502,0.0039999999999995595,0.0,0.0012183884606406642,0.00024029654970660787,3.372176682250447e-06,4.032666431182515e-05,0.7577228687938596
6.539999999999502,0.0039999999999995595,0.0,0.0012178396744234863,0.0002401385365529358,3.3723956862133468e-06,3.923264045964972e-05,0.7577233370458738
6.543999999999501,0.0039999999999995595,0.0,0.0012173105438201453,0.0002399849902858446,3.372614598418701e-06,3.810766770408754e-05,0.7577238036343269
6.547999999999501,0.0039999999999995595,0.0,0.0012168013396375275,0.0002398360293050706,3.3728333934103007e-06,3.6953571892496206e-05,0.7577242685646839
6.5519999999995004,0.0039999999999995595,0.0,0.0012163123051472451,0.0002396917646989463,3.373052046881483e-06,3.577218184898554e-05,0.7577247318418833
6.5559999999995,0.0039999999999995595,0.0,0.00121584365626183,0.00023955230023887987,3.3732705357154996e-06,3.456532721070517e-05,0.7577251934703505
6.5599999999995,0.0039999999999995595,0.0,0.00121539558153504,0.00023941773238239924,3.373488838041314e-06,3.333483629486813e-05,0.7577256534540098
6.563999999999499,0.0039999999999995595,0.0,0.001214968242625604,0.00023928815028460956,3.3737069332387024e-06,3.208253400578283e-05,0.7577261117962979
6.567999999999499,0.0039999999999995595,0.0,0.0012145617744943665,0.00023916363581791373,3.373924802058619e-06,3.081023978027857e-05,0.7577265685001797
6.571999999999498,0.0039999999999995595,0.0,0.0012141762856085106,0.00023904426359982727,3.3741424266086906e-06,2.951976557421915e-05,0.7577270235681612
6.575999999999498,0.0039999999999995595,0.0,0.0012138118584273069,0.00023893010102872756,3.374359790375576e-06,2.821291389170092e-05,0.7577274770023054
6.579999999999497,0.0039999999999995595,0.0,0.001213468549529511,0.00023882120832735353,3.3745768782707147e-06,2.689147585921049e-05,0.7577279288042457
6.583999999999497,0.0039999999999995595,0.0,0.001213146390113758,0.00023871763859388299,3.374793676502816e-06,2.5557229345395566e-05,0.757728378975206
6.5879999999994965,0.0039999999999995595,0.0,0.0012128453865064405,0.00023861943786040183,3.3750101728579088e-06,2.421193712457841e-05,0.7577288275160121
6.591999999999496,0.0039999999999995595,0.0,0.0012125655203106857,0.00023852664515855627,3.3752263564626915e-06,2.285734510042382e-05,0.7577292744271095
6.595999999999496,0.0039999999999995595,0.0,0.0012123067491115033,0.0002384392925922107,3.375442217813479e-06,2.1495180566449647e-05,0.7577297197085754
6.599999999999495,0.0039999999999995595,0.0,0.0012120690066386385,0.00023835740541690363,3.375657748799648e-06,2.0127150526572905e-05,0.7577301633601415
6.603999999999495,0.0039999999999995595,0.0,0.001211852203577136,0.0002382810021258923,3.3758729426984346e-06,1.8754940068112276e-05,0.757730605381208
6.607999999999494,0.0039999999999995595,0.0,0.001211656227651821,0.000238210094542577,3.3760877941090395e-06,1.738021078999358e-05,0.7577310457708595
6.611999999999494,0.0039999999999995595,0.0,0.0012114809445425148,0.00023814468791909176,3.3763022989227533e-06,1.600459929071681e-05,0.757731484527882
6.615999999999493,0.0039999999999995595,0.0,0.0012113261983474784,0.00023808478104083762,3.376516454322468e-06,1.4629715719402911e-05,0.757731921650779
6.619999999999493,0.0039999999999995595,0.0,0.001211191811685981,0.0002380303663367494,3.3767302586338585e-06,1.3257142394008426e-05,0.7577323571377909
6.6239999999994925,0.0039999999999995595,0.0,0.0012110775869979234,0.00023798142999506062,3.376943711394204e-06,1.1888432502904944e-05,0.7577327909869105
6.627999999999492,0.0039999999999995595,0.0,0.0012109833063823198,0.00023793795208434156,3.3771568132523006e-06,1.0525108909453431e-05,0.7577332231958978
6.631999999999492,0.0039999999999995595,0.0,0.0012109087326323074,0.00023789990667958974,3.3773695658818033e-06,9.16866310266606e-06,0.7577336537623001
6.635999999999491,0.0039999999999995595,0.0,0.0012108536099999638,0.00023786726199313327,3.377581972002056e-06,7.820554411872756e-06,0.7577340826834679
6.639999999999491,0.0039999999999995595,0.0,0.0012108176640485476,0.00023783998051011684,3.377794035279582e-06,6.482209757331267e-06,0.7577345099565707
6.64399999999949,0.0039999999999995595,0.0,0.0012108006031590942,0.00023781801912833918,3.378005760140872e-06,5.155024789075616e-06,0.7577349355786154
6.64799999999949,0.0039999999999995595,0.0,0.0012108021185736786,0.00023780132930219995,3.3782171518815645e-06,3.840369526546184e-06,0.7577353595464595
6.651999999999489,0.0039999999999995595,0.0,0.001210821885267175,0.0002377898571905393,3.3784282165779623e-06,2.53961413012004e-06,0.7577357818568392
6.655999999999489,0.0039999999999995595,0.0,0.0012108595627302748,0.00023778354380809289,3.378638960918815e-06,1.2543170244032198e-06,0.7577362025063631
6.6599999999994886,0.0039999999999995595,0.0,0.0012109147951132567,0.0002377823251803799,3.3788493921560232e-06,5.515511132889378e-08,0.7577366214915516
6.663999999999488,0.0039999999999995595,0.0,0.0012109872125639683,0.0002377861325017403,3.379059518077353e-06,1.269440266579514e-06,0.7577370388088398
6.667999999999488,0.0039999999999995595,0.0,0.0012110764314673882,0.00023779489229631384,3.379269346902142e-06,2.5022460058717035e-06,0.7577374544545976
6.671999999999487,0.0039999999999995595,0.0,0.0012111820551451923,0.00023780852658171836,3.3794788871919387e-06,3.715618891301614e-06,0.757737868425146
6.675999999999487,0.0039999999999995595,0.0,0.0012113036746481572,0.00023782695303518078,3.3796881479110935e-06,4.908217210034679e-06,0.7577382807167697
6.679999999999486,0.0039999999999995595,0.0,0.001211440869549336,0.00023785008516189734,3.3798971381472423e-06,6.078954860654651e-06,0.7577386913257298
6.683999999999486,0.0039999999999995595,0.0,0.0012115932082794748,0.0002378778324654016,3.3801058671920853e-06,7.2268244416938335e-06,0.7577391002482877
6.6879999999994855,0.0039999999999995595,0.0,0.001211760249195832,0.00023791010061968373,3.380314344378244e-06,8.350872026116967e-06,0.7577395074807123
6.691999999999485,0.0039999999999995595,0.0,0.001211941540734479,0.0002379467916428522,3.380522579066983e-06,9.450191088184797e-06,0.7577399130192944
6.695999999999485,0.0039999999999995595,0.0,0.0012121366229365233,0.00023798780407210187,3.380730580564232e-06,1.0523920660248705e-05,0.7577403168603626
6.699999999999484,0.0039999999999995595,0.0,0.001212345027232834,0.00023803303313976834,3.3809383581182006e-06,1.1571244725018367e-05,0.7577407190002958
6.703999999999484,0.0039999999999995595,0.0,0.0012125662776936135,0.0002380823709502449,3.381145920749954e-06,1.2591392025092408e-05,0.7577411194355366
6.707999999999483,0.0039999999999995595,0.0,0.0012127998914522227,0.0002381357066575404,3.3813532772808212e-06,1.3583636010606779e-05,0.757741518162604
6.711999999999483,0.0039999999999995595,0.0,0.0012130453796769017,0.00023819292664326475,3.3815604362652357e-06,1.4547294827093655e-05,0.7577419151781047
6.715999999999482,0.0039999999999995595,0.0,0.001213302247808338,0.00023825391469482876,3.381767405926625e-06,1.548173129402958e-05,0.7577423104787468
6.719999999999482,0.0039999999999995595,0.0,0.001213569996344702,0.00023831855218364866,3.3819741941039396e-06,1.638635285531826e-05,0.757742704061351
6.7239999999994815,0.0039999999999995595,0.0,0.0012138481220816887,0.0002383867182431456,3.382180808185459e-06,1.7260611493244936e-05,0.7577430959228603
6.727999999999481,0.0039999999999995595,0.0,0.0012141361177034366,0.00023845828994634052,3.3823872551288532e-06,1.8104003597251635e-05,0.7577434860603528
6.731999999999481,0.0039999999999995595,0.0,0.001214433473383641,0.0002385331424828432,3.382593541400027e-06,1.8916069791675324e-05,0.7577438744710492
6.73599999999948,0.0039999999999995595,0.0,0.0012147396770116703,0.00023861114933504757,3.3827996729128996e-06,1.9696394716972655e-05,0.7577442611523265
6.73999999999948,0.0039999999999995595,0.0,0.0012150542146905884,0.00023869218245333197,3.3830056550778782e-06,2.0444606763508946e-05,0.757744646101723
6.743999999999479,0.0039999999999995595,0.0,0.0012153765716892083,0.0002387761124300872,3.3832114926817373e-06,2.1160377763192456e-05,0.7577450293169509
6.747999999999479,0.0039999999999995595,0.0,0.0012157062327513356,0.00023886280867238484,3.383417189918948e-06,2.18434226355438e-05,0.7577454107959032
6.751999999999478,0.0039999999999995595,0.0,0.0012160426831327815,0.00023895213957311425,3.3836227503900043e-06,2.2493498991398195e-05,0.757745790536662
6.755999999999478,0.0039999999999995595,0.0,0.001216385408630491,0.00023904397268041116,3.383828177056217e-06,2.31104066924758e-05,0.7577461685375065
6.7599999999994775,0.0039999999999995595,0.0,0.0012167338965218624,0.00023913817486521181,3.384033472264407e-06,2.369398737171153e-05,0.7577465447969189
6.763999999999477,0.0039999999999995595,0.0,0.0012170876359529012,0.00023923461248677414,3.384238637731223e-06,2.4244123913511725e-05,0.7577469193135933
6.767999999999477,0.0039999999999995595,0.0,0.0012174461188705834,0.0002393331515560005,3.3844436745868896e-06,2.4760739892491645e-05,0.7577472920864399
6.771999999999476,0.0039999999999995595,0.0,0.0012178088400396445,0.00023943365789641497,3.3846485832773625e-06,2.5243798976354754e-05,0.757747663114593
6.775999999999476,0.0039999999999995595,0.0,0.001218175297877308,0.00023953599730265157,3.384853363630129e-06,2.569330429628639e-05,0.7577480323974122
6.779999999999475,0.0039999999999995595,0.0,0.0012185449949198228,0.00023964003569631006,3.3850580148841588e-06,2.610929777622198e-05,0.7577483999344955
6.783999999999475,0.0039999999999995595,0.0,0.0012189174385591767,0.00023974563927903233,3.385262535721873e-06,2.6491859429807615e-05,0.7577487657256754
6.7879999999994745,0.0039999999999995595,0.0,0.001219292140865728,0.0002398526746826833,3.385466924239915e-06,2.6841106628640436e-05,0.7577491297710253
6.791999999999474,0.0039999999999995595,0.0,0.0012196686199564817,0.00023996100911650943,3.3856711779830004e-06,2.715719333745997e-05,0.7577494920708656
6.795999999999474,0.0039999999999995595,0.0,0.0012200463998117892,0.0002400705105111473,3.3858752939948297e-06,2.744030931873975e-05,0.7577498526257663
6.799999999999473,0.0039999999999995595,0.0,0.0012204250108181396,0.000240181047659373,3.3860792688241155e-06,2.769067931098054e-05,0.7577502114365484
6.803999999999473,0.0039999999999995595,0.0,0.0012208039905808382,0.000240292490353484,3.386283098569979e-06,2.7908562178585972e-05,0.7577505685042856
6.807999999999472,0.0039999999999995595,0.0,0.0012211828838241876,0.00024040470951921134,3.386486778877637e-06,2.809425003862376e-05,0.7577509238303064
6.811999999999472,0.0039999999999995595,0.0,0.001221561243108068,0.00024051757734607165,3.3866903050057336e-06,2.8248067364412335e-05,0.7577512774162017
6.815999999999471,0.0039999999999995595,0.0,0.0012219386292689567,0.00024063096741405623,3.3868936718708775e-06,2.8370370062955388e-05,0.7577516292638187
6.819999999999471,0.0039999999999995595,0.0,0.0012223146115860832,0.00024074475481657807,3.387096874063406e-06,2.846154453436086e-05,0.757751979375264
6.8239999999994705,0.0039999999999995595,0.0,0.0012226887681274364,0.0002408588162795997,3.3872999059479545e-06,2.8522006711608007e-05,0.757752327752905
6.82799999999947,0.0039999999999995595,0.0,0.0012230606863661187,0.00024097303027686347,3.387502761591535e-06,2.855220108201282e-05,0.7577526743993684
6.83199999999947,0.0039999999999995595,0.0,0.0012234299631591285,0.00024108727714116103,3.387705434875489e-06,2.855259969107823e-05,0.7577530193175415
6.835999999999469,0.0039999999999995595,0.0,0.0012237962053601172,0.00024120143917157492,3.3879079195797265e-06,2.852370113282185e-05,0.7577533625105711
6.839999999999469,0.0039999999999995595,0.0,0.001224159029795212,0.00024131540073664415,3.3881102093206633e-06,2.84660295266634e-05,0.757753703981862
6.843999999999468,0.0039999999999995595,0.0,0.0012245180638726866,0.00024142904837339295,3.388312297697077e-06,2.8380133479248927e-05,0.757754043735077
6.847999999999468,0.0039999999999995595,0.0,0.0012248729455563406,0.00024154227088218016,3.3885141782472314e-06,2.826658503753972e-05,0.7577543817741342
6.851999999999467,0.0039999999999995595,0.0,0.001225223323700771,0.00024165495941734144,3.3887158445619146e-06,2.8125978633981143e-05,0.7577547181032056
6.855999999999467,0.0039999999999995595,0.0,0.001225568858385573,0.00024176700757357156,3.3889172902927707e-06,2.795893001921035e-05,0.757755052726715
6.8599999999994665,0.0039999999999995595,0.0,0.0012259092209769183,0.00024187831146803003,3.3891185091702727e-06,2.7766075190614072e-05,0.7577553856493346
6.863999999999466,0.0039999999999995595,0.0,0.0012262440944604029,0.0002419887698181447,3.389319495107849e-06,2.7548069316644033e-05,0.7577557168759836
6.867999999999466,0.0039999999999995595,0.0,0.0012265731732301337,0.00024209828401509784,3.389520242196461e-06,2.73055856544996e-05,0.7577560464118251
6.871999999999465,0.0039999999999995595,0.0,0.001226896163873535,0.000242206758192978,3.3897207447368736e-06,2.7039314467887128e-05,0.7577563742622614
6.875999999999465,0.0039999999999995595,0.0,0.0012272127848694072,0.00024231409929359414,3.3899209973048478e-06,2.6749961939261933e-05,0.757756700432934
6.879999999999464,0.0039999999999995595,0.0,0.0012275227667388994,0.00024242021712694202,3.3901209947773646e-06,2.643824908546327e-05,0.7577570249297131
6.883999999999464,0.0039999999999995595,0.0,0.001227825852196564,0.00024252502442734348,3.390320732328814e-06,2.6104910674965565e-05,0.7577573477587016
6.887999999999463,0.0039999999999995595,0.0,0.0012281217964824037,0.00024262843690524838,3.39052020554834e-06,2.5750694143940325e-05,0.7577576689262266
6.891999999999463,0.0039999999999995595,0.0,0.0012284103671516885,0.0002427303732947198,3.390719410358151e-06,2.537635851747504e-05,0.7577579884388368
6.895999999999463,0.0039999999999995595,0.0,0.0012286913439560493,0.0002428307553966192,3.3909183431245e-06,2.4982673337458922e-05,0.7577583063032947
6.899999999999462,0.0039999999999995595,0.0,0.0012289645196288,0.00024292950811751775,3.3911170006552993e-06,2.457041759369121e-05,0.7577586225265758
6.903999999999462,0.0039999999999995595,0.0,0.0012292296989539469,0.00024302655950435558,3.3913153801959746e-06,2.4140378663608583e-05,0.7577589371158616
6.907999999999461,0.0039999999999995595,0.0,0.0012294866996432666,0.0002431218407748795,3.3915134794942593e-06,2.369335125853386e-05,0.7577592500785356
6.911999999999461,0.0039999999999995595,0.0,0.0012297353516784178,0.00024321528634390163,3.3917112968035085e-06,2.323013638224383e-05,0.7577595614221766
6.91599999999946,0.0039999999999995595,0.0,0.0012299754978282915,0.00024330683384541586,3.3919088308920533e-06,2.275154029657545e-05,0.7577598711545566
6.91999999999946,0.0039999999999995595,0.0,0.001230206992993598,0.00024339642415061044,3.3921060810206867e-06,2.2258373499207852e-05,0.7577601792836307
6.9239999999994595,0.0039999999999995595,0.0,0.0012304297049969923,0.00024348400138183334,3.392303047002521e-06,2.175144971528615e-05,0.7577604858175359
6.927999999999459,0.0039999999999995595,0.0,0.0012306435137496331,0.00024356951292255988,3.3924997292054223e-06,2.1231584900977682e-05,0.7577607907645825
6.931999999999459,0.0039999999999995595,0.0,0.0012308483115924212,0.00024365290942341496,3.3926961285382306e-06,2.069959626054368e-05,0.7577610941332497
6.935999999999458,0.0039999999999995595,0.0,0.0012310440030068235,0.00024373414480430796,3.392892246408591e-06,2.015630127973291e-05,0.7577613959321768
6.939999999999458,0.0039999999999995595,0.0,0.0012312305048682664,0.00024381317625275805,3.393088084782041e-06,1.9602516775965343e-05,0.7577616961701651
6.943999999999457,0.0039999999999995595,0.0,0.0012314077458891648,0.00024388996421845696,3.3932836461835613e-06,1.903905796360169e-05,0.757761994856163
6.947999999999457,0.0039999999999995595,0.0,0.0012315756666947694,0.00024396447240414827,3.3934789336550965e-06,1.846673753658287e-05,0.7577622919992646
6.951999999999456,0.0039999999999995595,0.0,0.00123173421999039,0.00024403666775289315,3.393673950765076e-06,1.7886364770897865e-05,0.7577625876087004
6.955999999999456,0.0039999999999995595,0.0,0.0012318833698285842,0.00024410652043180405,3.3938687015750084e-06,1.729874464624001e-05,0.757762881693835
6.9599999999994555,0.0039999999999995595,0.0,0.0012320230917793483,0.00024417400381231336,3.3940631906072374e-06,1.6704676985050946e-05,0.7577631742641584
6.963999999999455,0.0039999999999995595,0.0,0.0012321533729212784,0.0002442390944470712,3.3942574229420834e-06,1.6104955616223787e-05,0.7577634653292797
6.967999999999455,0.0039999999999995595,0.0,0.001232274211383582,0.0002443017720435447,3.394451404073768e-06,1.550036755531024e-05,0.7577637548989212
6.971999999999454,0.0039999999999995595,0.0,0.0012323856162500054,0.0002443620194344109,3.394645139936648e-06,1.4891692209834056e-05,0.7577640429829123
6.975999999999454,0.0039999999999995595,0.0,0.0012324876074640786,0.00024441982254483444,3.3948386368928685e-06,1.4279700606862677e-05,0.7577643295911822
6.979999999999453,0.0039999999999995595,0.0,0.0012325802152852935,0.0002444751703567079,3.395031901693728e-06,1.3665154639845629e-05,0.7577646147337549
6.983999999999453,0.0039999999999995595,0.0,0.001232663480737477,0.0002445280548699623,3.3952249414178446e-06,1.3048806344133094e-05,0.7577648984207409
6.987999999999452,0.0039999999999995595,0.0,0.0012327374547072452,0.00024457847106103167,3.395417763529165e-06,1.24313971924669e-05,0.7577651806623324
6.991999999999452,0.0039999999999995595,0.0,0.0012328021979445165,0.00024462641683857165,3.3956103757869035e-06,1.1813657416683986e-05,0.7577654614687959
6.9959999999994515,0.0039999999999995595,0.0,0.0012328577810641142,0.00024467189299653204,3.3958027862546447e-06,1.1196305355165203e-05,0.7577657408504662
6.999999999999451,0.0039999999999995595,0.0,0.0012329042840081425,0.0002447149031646749,3.3959950032180474e-06,1.0580046822977921e-05,0.7577660188177411
7.003999999999451,0.0039999999999995595,0.0,0.0012329417958697022,0.0002447554537566452,3.3961870351732e-06,9.965574511952248e-06,0.757766295381072
7.00799999999945,0.0039999999999995595,0.0,0.0012329704146275557,0.000244793553915692,3.3963788907999698e-06,9.353567414369747e-06,0.7577665705509611
7.01199999999945,0.0039999999999995595,0.0,0.0012329902469717926,0.00024482921545814575,3.396570578934576e-06,8.74469027771246e-06,0.7577668443379517
7.015999999999449,0.0039999999999995595,0.0,0.0012330014080403355,0.0002448624528147456,3.3967621085526085e-06,8.139593082155877e-06,0.7577671167526268
7.019999999999449,0.0039999999999995595,0.0,0.0012330040209761982,0.0002448932829699353,3.396953488743235e-06,7.538910559755186e-06,0.7577673878055939
7.0239999999994485,0.0039999999999995595,0.0,0.0012329982168456746,0.0002449217253992241,3.397144728624879e-06,6.94326173559791e-06,0.7577676575074908
7.027999999999448,0.0039999999999995595,0.0,0.0012329841340169624,0.00024494780200471456,3.3973358373322143e-06,6.353249514555908e-06,0.75776792586897
7.031999999999448,0.0039999999999995595,0.0,0.001232961918439836,0.0002449715370489098,3.397526823985383e-06,5.769460310030051e-06,0.7577681929006964
7.035999999999447,0.0039999999999995595,0.0,0.00123293172284536,0.00024499295708690086,3.397717697708045e-06,5.19246373357677e-06,0.7577684586133415
7.039999999999447,0.0039999999999995595,0.0,0.0012328937066664277,0.0002450120908970401,3.397908467398322e-06,4.622812369088498e-06,0.7577687230175764
7.043999999999446,0.0039999999999995595,0.0,0.0012328480356885792,0.0002450289694102078,3.3980991420284885e-06,4.061041687019753e-06,0.7577689861240645
7.047999999999446,0.0039999999999995595,0.0,0.001232794881881267,0.00024504362563778357,3.398289730365785e-06,3.5076702126012594e-06,0.7577692479434589
7.051999999999445,0.0039999999999995595,0.0,0.0012327344229592474,0.00024505609459841645,3.3984802410583334e-06,2.9632002216873276e-06,0.7577695084863958
7.055999999999445,0.0039999999999995595,0.0,0.0012326668420342079,0.000245066413243706,3.3986706825131265e-06,2.4281196949402152e-06,0.757769767763487
7.0599999999994445,0.0039999999999995595,0.0,0.0012325923273565859,0.00024507462038289346,3.3988610629073114e-06,1.9029077977274165e-06,0.7577700257853158
7.063999999999444,0.0039999999999995595,0.0,0.0012325110721475524,0.00024508075660667293,3.3990513901788487e-06,1.3880525991010796e-06,0.7577702825624307
7.067999999999444,0.0039999999999995595,0.0,0.0012324232740707215,0.0002450848642102216,3.3992416719952354e-06,8.841282266911414e-07,0.7577705381053408
7.071999999999443,0.0039999999999995595,0.0,0.001232329135334357,0.0002450869871155568,3.3994319157430887e-06,3.924423187245167e-07,0.757770792424511
7.075999999999443,0.0039999999999995595,0.0,0.0012322288616223723,0.00024508717079331044,3.3996221284740164e-06,1.0386615271305468e-07,0.757771045530355
7.079999999999442,0.0039999999999995595,0.0,0.0012321226627368155,0.00024508546218403115,3.3998123169141085e-06,5.643130806361074e-07,0.757771297433232
7.083999999999442,0.0039999999999995595,0.0,0.001232010751438318,0.00024508190961910673,3.4000024874496905e-06,1.0212395020571214e-06,0.7577715481434395
7.087999999999441,0.0039999999999995595,0.0,0.0012318933437277864,0.00024507656274140886,3.4001926460841026e-06,1.4662343205332378e-06,0.7577717976712095
7.091999999999441,0.0039999999999995595,0.0,0.001231770658316907,0.00024506947242576067,3.4003827984142293e-06,1.8985909060844386e-06,0.7577720460267061
7.0959999999994405,0.0039999999999995595,0.0,0.0012316429162784334,0.0002450606906993054,3.4005729496807546e-06,2.317933272668273e-06,0.7577722932200166
7.09999999999944,0.0039999999999995595,0.0,0.0012315103409664858,0.0002450502706618944,3.400763104689966e-06,2.723965436912312e-06,0.7577725392611507
7.10399999999944,0.0039999999999995595,0.0,0.001231373157395572,0.00024503826640656434,3.4009532678117885e-06,3.116429638622324e-06,0.7577727841600336
7.107999999999439,0.0039999999999995595,0.0,0.001231231592250107,0.00024502473294020505,3.401143443044529e-06,3.4950950953932527e-06,0.7577730279265025
7.111999999999439,0.0039999999999995595,0.0,0.0012310858735328878,0.0002450097261045091,3.4013336339368895e-06,3.859754032177162e-06,0.7577732705703012
7.115999999999438,0.0039999999999995595,0.0,0.0012309362300325967,0.00024499330249728123,3.4015238436005037e-06,4.210219988733711e-06,0.7577735121010798
7.119999999999438,0.0039999999999995595,0.0,0.0012307828913317722,0.0002449755193941982,3.401714074709023e-06,4.546326956143092e-06,0.7577737525283865
7.1239999999994374,0.0039999999999995595,0.0,0.0012306260875437514,0.00024495643467110077,3.401904329507058e-06,4.8679288612360494e-06,0.7577739918616664
7.127999999999437,0.0039999999999995595,0.0,0.0012304660488685556,0.00024493610672690066,3.4020946097831296e-06,5.1748992019454575e-06,0.7577742301102569
7.131999999999437,0.0039999999999995595,0.0,0.0012303030052382552,0.0002449145944071778,3.402284916895293e-06,5.467130750601029e-06,0.7577744672833842
7.135999999999436,0.0039999999999995595,0.0,0.0012301371863226258,0.0002448919569285456,3.4024752517603964e-06,5.744535285260613e-06,0.7577747033901607
7.139999999999436,0.0039999999999995595,0.0,0.0012299688211733154,0.00024486825380386267,3.4026656149226146e-06,6.007043327293136e-06,0.7577749384395801
7.143999999999435,0.0039999999999995595,0.0,0.0012297981378672756,0.0002448435447683588,3.4028560064667663e-06,6.254603879262246e-06,0.7577751724405165
7.147999999999435,0.0039999999999995595,0.0,0.0012296253633300273,0.00024481788970674733,3.403046426107179e-06,6.487184153919569e-06,0.7577754054017196
7.151999999999434,0.0039999999999995595,0.0,0.0012294507232486302,0.00024479134858139076,3.4032368731678456e-06,6.7047692923393025e-06,0.757775637331813
7.155999999999434,0.0039999999999995595,0.0,0.0012292744414422378,0.00024476398136158764,3.4034273466014385e-06,6.9073620704572445e-06,0.7577758682392919
7.1599999999994335,0.0039999999999995595,0.0,0.0012290967399542943,0.0002447358479540392,3.4036178449524846e-06,7.094982592563224e-06,0.7577760981325194
7.163999999999433,0.0039999999999995595,0.0,0.0012289178389636858,0.0002447070081345603,3.403808366441993e-06,7.267667971926936e-06,0.7577763270197253
7.167999999999433,0.0039999999999995595,0.0,0.0012287379559725493,0.0002446775214810909,3.4039989089554144e-06,7.425471997927139e-06,0.7577765549090033
7.171999999999432,0.0039999999999995595,0.0,0.0012285573061677274,0.00024464744730806425,3.404189470069762e-06,7.56846478986525e-06,0.7577767818083097
7.175999999999432,0.0039999999999995595,0.0,0.0012283761019687017,0.00024461684460218503,3.404380047056635e-06,7.696732439725353e-06,0.7577770077254601
7.179999999999431,0.0039999999999995595,0.0,0.0012281945530267008,0.0002445857719596688,3.4045706368962644e-06,7.810376641616612e-06,0.7577772326681301
7.183999999999431,0.0039999999999995595,0.0,0.0012280128655001645,0.0002445542875249874,3.4047612363123692e-06,7.909514310607203e-06,0.7577774566438513
7.18799999999943,0.0039999999999995595,0.0,0.001227831242595098,0.0002445224489311713,3.404951841795944e-06,7.994277190006442e-06,0.7577776796600115
7.19199999999943,0.0039999999999995595,0.0,0.001227649883929908,0.00024449031324170686,3.405142449617161e-06,8.064811448668552e-06,0.7577779017238535
7.1959999999994295,0.0039999999999995595,0.0,0.0012274689853515857,0.000244457936894072,3.4053330558264814e-06,8.12127726826457e-06,0.7577781228424731
7.199999999999429,0.0039999999999995595,0.0,0.001227288738932348,0.000244425375644946,3.4055236563148816e-06,8.163848421892582e-06,0.7577783430228184
7.203999999999429,0.0039999999999995595,0.0,0.0012271093328755107,0.00024439268451713065,3.4057142467747925e-06,8.19271184326432e-06,0.7577785622716902
7.207999999999428,0.0039999999999995595,0.0,0.001226930951149555,0.0002443599177482125,3.4059048227742743e-06,8.208067189310134e-06,0.7577787805957404
7.211999999999428,0.0039999999999995595,0.0,0.0012267537735741352,0.0002443271287410026,3.406095379801183e-06,8.210126393560748e-06,0.7577789980014723
7.215999999999427,0.0039999999999995595,0.0,0.0012265779752723505,0.0002442943700157715,3.406285913209671e-06,8.1991132149212e-06,0.757779214495239
7.219999999999427,0.0039999999999995595,0.0,0.0012264037270276157,0.00024426169316431513,3.4064764182703138e-06,8.175262779112496e-06,0.7577794300832457
7.223999999999426,0.0039999999999995595,0.0,0.0012262311950974366,0.000244229148805862,3.4066668902271216e-06,8.138821115531013e-06,0.7577796447715472
7.227999999999426,0.0039999999999995595,0.0,0.0012260605406646686,0.00024419678654485395,3.4068573242684706e-06,8.090044688439027e-06,0.7577798585660489
7.2319999999994256,0.0039999999999995595,0.0,0.0012258919201938452,0.00024416465493061094,3.407047715597609e-06,8.02919992455849e-06,0.7577800714725079
7.235999999999425,0.0039999999999995595,0.0,0.0012257254851536687,0.00024413280141889694,3.4072380593998214e-06,7.956562736637307e-06,0.7577802834965341
7.239999999999425,0.0039999999999995595,0.0,0.0012255613819203816,0.0002441012723353983,3.407428350889285e-06,7.872418044811982e-06,0.7577804946435893
7.243999999999424,0.0039999999999995595,0.0,0.001225399751771611,0.0002440701128411224,3.407618585322508e-06,7.777059295877075e-06,0.7577807049189881
7.247999999999424,0.0039999999999995595,0.0,0.0012252407306083516,0.00024403936689973142,3.4078087580367113e-06,7.670787979282857e-06,0.7577809143279006
7.251999999999423,0.0039999999999995595,0.0,0.001225084449220474,0.00024400907724680636,3.4079988644057994e-06,7.553913143886441e-06,0.7577811228753505
7.255999999999423,0.0039999999999995595,0.0,0.001224931032918012,0.00024397928536105742,3.4081888998904217e-06,7.426750911868674e-06,0.7577813305662193
7.2599999999994225,0.0039999999999995595,0.0,0.00122478060161545,0.00024395003143746816,3.408378860035078e-06,7.289623995757405e-06,0.7577815374052477
7.263999999999422,0.0039999999999995595,0.0,0.0012246332697348227,0.00024392135436237736,3.408568740583208e-06,7.142861213934158e-06,0.7577817433970327
7.267999999999422,0.0039999999999995595,0.0,0.0012244891461995024,0.0002438932916905013,3.408758537323996e-06,6.98679700591165e-06,0.7577819485460358
7.271999999999421,0.0039999999999995595,0.0,0.0012243483343374077,0.00024386587962387985,3.40894824622405e-06,6.82177095370928e-06,0.7577821528565793
7.275999999999421,0.0039999999999995595,0.0,0.0012242109321470272,0.00024383915299274253,3.409137863411867e-06,6.648127301899727e-06,0.7577823563328508
7.27999999999942,0.0039999999999995595,0.0,0.0012240770317474736,0.0002438131452382843,3.4093273851583476e-06,6.466214481793635e-06,0.7577825589789041
7.28399999999942,0.0039999999999995595,0.0,0.0012239467197354182,0.00024378788839734473,3.409516807899207e-06,6.276384637769438e-06,0.7577827607986634
7.287999999999419,0.0039999999999995595,0.0,0.001223820077270281,0.00024376341308896297,3.4097061282811467e-06,6.0789931612607555e-06,0.7577829617959223
7.291999999999419,0.0039999999999995595,0.0,0.0012236971797060228,0.0002437397485028061,3.409895343099356e-06,5.874398223621698e-06,0.7577831619743484
7.2959999999994185,0.0039999999999995595,0.0,0.0012235780968580675,0.0002437169223894436,3.410084449337443e-06,5.662960319301135e-06,0.7577833613374848
7.299999999999418,0.0039999999999995595,0.0,0.0012234628929983645,0.00024369496105245471,3.4102734442284312e-06,5.445041811882559e-06,0.7577835598887546
7.303999999999418,0.0039999999999995595,0.0,0.0012233516267599184,0.0002436738893423398,3.4104623251450593e-06,5.2210064867174146e-06,0.7577837576314586
7.307999999999417,0.0039999999999995595,0.0,0.0012232443513137828,0.00024365373065221945,3.410651089647641e-06,4.991219112140593e-06,0.7577839545687841
7.311999999999417,0.0039999999999995595,0.0,0.0012231411143648545,0.00024363450691529157,3.4108397355243963e-06,4.756045007637525e-06,0.7577841507038033
7.315999999999416,0.0039999999999995595,0.0,0.0012230419579663592,0.00024361623860402228,3.4110282607583974e-06,4.515849619901088e-06,0.7577843460394773
7.319999999999416,0.0039999999999995595,0.0,0.0012229469188792027,0.00024359894473103964,3.4112166635162188e-06,4.270998113088168e-06,0.7577845405786611
7.323999999999415,0.0039999999999995595,0.0,0.0012228560284778035,0.00024358264285170449,3.4114049421895838e-06,4.021854966885115e-06,0.757784734324103
7.327999999999415,0.0039999999999995595,0.0,0.0012227693128377363,0.00024356734906832422,3.4115930953467e-06,3.7687835924396715e-06,0.7577849272784495
7.3319999999994145,0.0039999999999995595,0.0,0.001222686792642073,0.0002435530780359775,3.4117811217331427e-06,3.512145968516556e-06,0.7577851194442502
7.335999999999414,0.0039999999999995595,0.0,0.0012226084834511864,0.00024353984296991585,3.4119690202853175e-06,3.2523023010515373e-06,0.7577853108239576
7.339999999999414,0.0039999999999995595,0.0,0.0012225343957912996,0.00024352765565450627,3.4121567901208736e-06,2.989610723363116e-06,0.7577855014199314
7.343999999999413,0.0039999999999995595,0.0,0.0012224645349708746,0.00024351652645368378,3.412344430513077e-06,2.7244270518636052e-06,0.7577856912344435
7.347999999999413,0.0039999999999995595,0.0,0.00122239890144214,0.00024350646432287027,3.412531940897263e-06,2.4571046404072315e-06,0.7577858802696791
7.351999999999412,0.0039999999999995595,0.0,0.0012223374907088605,0.00024349747682232063,3.4127193208847e-06,2.187994408454996e-06,0.7577860685277422
7.355999999999412,0.0039999999999995595,0.0,0.0012222802934159956,0.00024348957013186481,3.412906570223628e-06,1.9174451986362567e-06,0.7577862560106564
7.3599999999994115,0.0039999999999995595,0.0,0.0012222272956213093,0.00024348274906699373,3.413093688814041e-06,1.6458048545015456e-06,0.757786442720369
7.363999999999411,0.0039999999999995595,0.0,0.001222178478703938,0.00024347701709625676,3.4132806766712365e-06,1.3734229755096115e-06,0.7577866286587558
7.367999999999411,0.0039999999999995595,0.0,0.0012221338194548553,0.0002434723763599284,3.4134675339733394e-06,1.1006582622205198e-06,0.7577868138276243
7.37199999999941,0.0039999999999995595,0.0,0.0012220932903492868,0.00024346882768989315,3.413654260996755e-06,8.279009538131021e-07,0.7577869982287148
7.37599999999941,0.0039999999999995595,0.0,0.0012220568594560044,0.00024346637063071223,3.4138408580819094e-06,5.556618826069044e-07,0.757787181863706
7.379999999999409,0.0039999999999995595,0.0,0.001222024490710224,0.00024346500346182824,3.4140273257112046e-06,2.85169739004478e-07,0.7577873647342179
7.383999999999409,0.0039999999999995595,0.0,0.001221996144005046,0.00024346472322085743,3.4142136644066625e-06,4.7672812637236014e-08,0.7577875468418164
7.387999999999408,0.0039999999999995595,0.0,0.0012219717751922468,0.00024346552572792945,3.41439987477357e-06,2.647941179995968e-07,0.7577877281880125
7.391999999999408,0.0039999999999995595,0.0,0.001221951336264966,0.0002434674056110274,3.4145859575190983e-06,5.317072981868426e-07,0.7577879087742722
7.3959999999994075,0.0039999999999995595,0.0,0.0012219347754497335,0.00024347035633227827,3.4147719133641403e-06,7.983153565396049e-07,0.7577880886020131
7.399999999999407,0.0039999999999995595,0.0,0.0012219220373895247,0.0002434743702151522,3.414957743086775e-06,1.063275816715279e-06,0.757788267672612
7.403999999999407,0.0039999999999995595,0.0,0.0012219130633269806,0.00024347943847252503,3.4151434474805352e-06,1.3261041296454333e-06,0.7577884459874082
7.407999999999406,0.0039999999999995595,0.0,0.0012219077910151934,0.0002434855512355487,3.415329027351058e-06,1.5864627574100765e-06,0.7577886235477042
7.411999999999406,0.0039999999999995595,0.0,0.0012219061550829192,0.00024349269758329074,3.415514483527223e-06,1.8440612021185475e-06,0.7577888003547706
7.415999999999405,0.0039999999999995595,0.0,0.0012219080870364727,0.00024350086557309723,3.4156998168898817e-06,2.0986313644706708e-06,0.7577889764098502
7.419999999999405,0.0039999999999995595,0.0,0.0012219135152617248,0.00024351004227161717,3.415885028244349e-06,2.349919477505025e-06,0.7577891517141592
7.423999999999404,0.0039999999999995595,0.0,0.0012219223654804895,0.00024352021378645864,3.4160701183943163e-06,2.597682987243368e-06,0.7577893262688908
7.427999999999404,0.0039999999999995595,0.0,0.0012219345606618278,0.00024353136529841859,3.4162550881083854e-06,2.8416892069087523e-06,0.7577895000752174
7.4319999999994035,0.0039999999999995595,0.0,0.0012219500212059921,0.0002435434810942529,3.416439938128898e-06,3.0817147101087678e-06,0.7577896731342997
7.435999999999403,0.0039999999999995595,0.0,0.001221968665037563,0.00024355654459991518,3.416624669247355e-06,3.3175450454772245e-06,0.7577898454472801
7.439999999999403,0.0039999999999995595,0.0,0.001221990407971184,0.00024357053841424038,3.4168092821327763e-06,3.5489746176915986e-06,0.7577900170152899
7.443999999999402,0.0039999999999995595,0.0,0.0012220151632596277,0.0002435854443430242,3.416993777390436e-06,3.7758066492582716e-06,0.7577901878394571
7.447999999999402,0.0039999999999995595,0.0,0.0012220428425955391,0.00024360124343343628,3.417178155553334e-06,3.997853174032347e-06,0.7577903579209012
7.451999999999401,0.0039999999999995595,0.0,0.001222073355477805,0.00024361791600873822,3.4173624171076478e-06,4.214935056571596e-06,0.757790527260742
7.455999999999401,0.0039999999999995595,0.0,0.0012221066096681588,0.00024363544170325006,3.4175465624996724e-06,4.426882015833872e-06,0.7577906958600925
7.4599999999994,0.0039999999999995595,0.0,0.0012221425115568703,0.00024365379949753809,3.417730592134411e-06,4.633532649024404e-06,0.7577908637200803
7.4639999999994,0.0039999999999995595,0.0,0.0012221809657107982,0.00024367296775374786,3.4179145062630675e-06,4.834734451812162e-06,0.7577910308418256
7.4679999999994,0.0039999999999995595,0.0,0.0012222218756932142,0.00024369292425107373,3.4180983050969912e-06,5.030343834340659e-06,0.7577911972264628
7.471999999999399,0.0039999999999995595,0.0,0.0012222651436117715,0.00024371364622130412,3.4182819887617315e-06,5.220226129643182e-06,0.757791362875137
7.475999999999399,0.0039999999999995595,0.0,0.0012223106705748239,0.00024373511038439699,3.4184655572789473e-06,5.404255590339417e-06,0.7577915277890047
7.479999999999398,0.0039999999999995595,0.0,0.0012223583566934697,0.00024375729298405416,3.4186490106042084e-06,5.58231538248106e-06,0.7577916919692362
7.483999999999398,0.0039999999999995595,0.0,0.001222408101446834,0.00024378016982324282,3.4188323486370474e-06,5.754297564056124e-06,0.7577918554170192
7.487999999999397,0.0039999999999995595,0.0,0.0012224598033206487,0.000243803716299634,3.4190155711541694e-06,5.920103059622928e-06,0.7577920181335599
7.491999999999397,0.0039999999999995595,0.0,0.0012225133606264566,0.0002438279074409123,3.41919867784367e-06,6.079641623082038e-06,0.7577921801200851
7.4959999999993965,0.0039999999999995595,0.0,0.0012225686709583686,0.0002438527179399182,3.4193816683258093e-06,6.232831791569445e-06,0.7577923413778442
7.499999999999396,0.0039999999999995595,0.0,0.0012226256317395706,0.00024387812218958974,3.4195645421824244e-06,6.3796008313060635e-06,0.7577925019081108
7.503999999999396,0.0039999999999995595,0.0,0.001222684140132988,0.00024390409431765728,3.4197472988966436e-06,6.519884671699061e-06,0.7577926617121842
7.507999999999395,0.0039999999999995595,0.0,0.0012227440934058816,0.000243930608221066,3.4199299378458333e-06,6.65362783542896e-06,0.7577928207913912
7.511999999999395,0.0039999999999995595,0.0,0.0012228053885679066,0.00024395763760008544,3.420112458353215e-06,6.780783355936102e-06,0.757792979147088
7.515999999999394,0.0039999999999995595,0.0,0.0012228679232802356,0.00024398515599207416,3.4202948596778624e-06,6.901312688781954e-06,0.7577931367806628
7.519999999999394,0.0039999999999995595,0.0,0.0012229315950394199,0.00024401313680486066,3.4204771410056507e-06,7.015185612962629e-06,0.7577932936935343
7.523999999999393,0.0039999999999995595,0.0,0.0012229963020862187,0.00024404155334971361,3.420659301473769e-06,7.122380125879203e-06,0.7577934498871545
7.527999999999393,0.0039999999999995595,0.0,0.0012230619430432124,0.00024407037887387199,3.4208413401879375e-06,7.2228823307127155e-06,0.7577936053630107
7.5319999999993925,0.0039999999999995595,0.0,0.0012231284170970554,0.00024409958659259729,3.4210232561617643e-06,7.316686314870873e-06,0.7577937601226249
7.535999999999392,0.0039999999999995595,0.0,0.0012231956243621115,0.00024412914972072548,3.4212050483910726e-06,7.4037940225733836e-06,0.7577939141675568
7.539999999999392,0.0039999999999995595,0.0,0.0012232634656085626,0.0002441590415036875,3.421386715868611e-06,7.484215119968895e-06,0.7577940674994027
7.543999999999391,0.0039999999999995595,0.0,0.0012233318427165543,0.000244189235247976,3.4215682575083743e-06,7.557966855131808e-06,0.7577942201197991
7.547999999999391,0.0039999999999995595,0.0,0.0012234006584041118,0.0002442197043510203,3.421749672217257e-06,7.6250739074448655e-06,0.7577943720304197
7.55199999999939,0.0039999999999995595,0.0,0.0012234698166810104,0.00024425042233046444,3.421930958901085e-06,7.685568238187078e-06,0.7577945232329804
7.55599999999939,0.0039999999999995595,0.0,0.0012235392227579831,0.0002442813628528026,3.422112116461073e-06,7.739488925912712e-06,0.7577946737292381
7.559999999999389,0.0039999999999995595,0.0,0.0012236087831373414,0.0002443124997613665,3.4222931437829605e-06,7.786882004857387e-06,0.7577948235209883
7.563999999999389,0.0039999999999995595,0.0,0.001223678405794222,0.00024434380710363035,3.422474039676631e-06,7.82780029146869e-06,0.7577949726100693
7.5679999999993885,0.0039999999999995595,0.0,0.0012237479999040789,0.0002443752591578333,3.422654803081763e-06,7.862303214960256e-06,0.757795120998365
7.571999999999388,0.0039999999999995595,0.0,0.0012238174766588186,0.00024440683045887324,3.4228354328831516e-06,7.890456629372161e-06,0.7577952686878003
7.575999999999388,0.0039999999999995595,0.0,0.0012238867485404703,0.00024443849582347075,3.4230159280137963e-06,7.912332634033227e-06,0.7577954156803406
7.579999999999387,0.0039999999999995595,0.0,0.0012239557298649526,0.00024447023037458675,3.4231962874247763e-06,7.928009383839137e-06,0.7577955619779961
7.583999999999387,0.0039999999999995595,0.0,0.0012240243367813814,0.00024450200956507157,3.4233765100943936e-06,7.937570896306271e-06,0.7577957075828216
7.587999999999386,0.0039999999999995595,0.0,0.0012240924870899309,0.00024453380920053705,3.423556595050425e-06,7.941106856750606e-06,0.7577958524969142
7.591999999999386,0.0039999999999995595,0.0,0.001224160100875941,0.0002445656054614297,3.4237365413855976e-06,7.93871241717176e-06,0.757795996722414
7.5959999999993855,0.0039999999999995595,0.0,0.0012242270998741444,0.0002445973749243047,3.423916348215377e-06,7.930487996390405e-06,0.7577961402615057
7.599999999999385,0.0039999999999995595,0.0,0.001224293407921257,0.0002446290945822815,3.4240960147012523e-06,7.916539073164115e-06,0.7577962831164178
7.603999999999385,0.0039999999999995595,0.0,0.0012243589510456763,0.0002446607418646693,3.4242755400794354e-06,7.896975979690244e-06,0.7577964252894206
7.607999999999384,0.0039999999999995595,0.0,0.001224423657285101,0.00024469229465576015,3.424454923644967e-06,7.871913692034905e-06,0.7577965667828276
7.611999999999384,0.0039999999999995595,0.0,0.0012244874569575298,0.00024472373131277625,3.424634164804307e-06,7.841471618159432e-06,0.7577967075989949
7.615999999999383,0.0039999999999995595,0.0,0.0012245502825694984,0.00024475503068298007,3.4248132630045403e-06,7.805773389260725e-06,0.7577968477403239
7.619999999999383,0.0039999999999995595,0.0,0.0012246120689963123,0.0002447861721199098,3.4249922177822365e-06,7.764946638483026e-06,0.7577969872092549
7.623999999999382,0.0039999999999995595,0.0,0.0012246727532089375,0.0002448171354987636,3.4251710287541738e-06,7.719122789374436e-06,0.7577971260082695
7.627999999999382,0.0039999999999995595,0.0,0.0012247322747261755,0.00024484790123092433,3.4253496956077097e-06,7.668436841850816e-06,0.7577972641398902
7.6319999999993815,0.0039999999999995595,0.0,0.0012247905752508885,0.00024487845027761855,3.4255282181816315e-06,7.613027152798012e-06,0.7577974016066817
7.635999999999381,0.0039999999999995595,0.0,0.00122484759912211,0.00024490876416270773,3.4257065962508275e-06,7.553035221686774e-06,0.7577975384112494
7.639999999999381,0.0039999999999995595,0.0,0.0012249032928606646,0.0002449388249846117,3.425884829872695e-06,7.488605471394516e-06,0.7577976745562387
7.64399999999938,0.0039999999999995595,0.0,0.0012249576055306233,0.0002449686154273638,3.426062919090697e-06,7.419885033325847e-06,0.7577978100443282
7.64799999999938,0.0039999999999995595,0.0,0.0012250104887381646,0.00024499811877080793,3.4262408640647513e-06,7.34702353133377e-06,0.7577979448782396
7.651999999999379,0.0039999999999995595,0.0,0.0012250618965398289,0.00024502731889993146,3.426418665048827e-06,7.270172866680231e-06,0.7577980790607294
7.655999999999379,0.0039999999999995595,0.0,0.001225111785350824,0.0002450562003133355,3.4265963224105953e-06,7.189487002161832e-06,0.7577982125945906
7.659999999999378,0.0039999999999995595,0.0,0.0012251601141252352,0.00024508474813086245,3.4267738365458966e-06,7.105121752593026e-06,0.7577983454826532
7.663999999999378,0.0039999999999995595,0.0,0.0012252068444456082,0.0002451129481003735,3.426951207970661e-06,7.017234571361632e-06,0.7577984777277826
7.6679999999993775,0.0039999999999995595,0.0,0.001225251940340712,0.00024514078660367936,3.427128437285551e-06,6.925984340805983e-06,0.7577986093328782
7.671999999999377,0.0039999999999995595,0.0,0.0012252953681939904,0.0002451682506616382,3.4273055252340354e-06,6.831531162047872e-06,0.7577987403008697
7.675999999999377,0.0039999999999995595,0.0,0.0012253370971957022,0.0002451953279384265,3.427482472623574e-06,6.734036151599552e-06,0.7577988706347172
7.679999999999376,0.0039999999999995595,0.0,0.0012253770987077845,0.00024522200674500117,3.4276592803180692e-06,6.633661238028204e-06,0.7577990003374142
7.683999999999376,0.0039999999999995595,0.0,0.0012254153467160809,0.0002452482760417499,3.4278359492908765e-06,6.530568959917949e-06,0.7577991294119865
7.687999999999375,0.0039999999999995595,0.0,0.001225451817829544,0.0002452741254403416,3.4280124805451487e-06,6.42492226711841e-06,0.7577992578614835
7.691999999999375,0.0039999999999995595,0.0,0.0012254864907359222,0.0002452995452048016,3.4281888752642286e-06,6.316884327355614e-06,0.7577993856889884
7.6959999999993745,0.0039999999999995595,0.0,0.0012255193471070612,0.0002453245262518031,3.42836513464492e-06,6.206618330503941e-06,0.7577995128976067
7.699999999999374,0.0039999999999995595,0.0,0.0012255503704205436,0.0002453490601502012,3.4285412599196204e-06,6.094287301178973e-06,0.75779963949047
7.703999999999374,0.0039999999999995595,0.0,0.001225579547136841,0.0002453731391198228,3.428717252380545e-06,5.9800539131323e-06,0.7577997654707345
7.707999999999373,0.0039999999999995595,0.0,0.0012256068656117055,0.00024539675602952527,3.4288931134948195e-06,5.864080306970302e-06,0.7577998908415837
7.711999999999373,0.0039999999999995595,0.0,0.001225632316911022,0.0002454199043945246,3.429068844693456e-06,5.746527909163092e-06,0.7578000156062165
7.715999999999372,0.0039999999999995595,0.0,0.001225655894176297,0.00024544257837303253,3.4292444474698815e-06,5.627557260160457e-06,0.7578001397678564
7.719999999999372,0.0039999999999995595,0.0,0.0012256775929866592,0.00024546477276220013,3.429419923339316e-06,5.507327841127562e-06,0.7578002633297465
7.723999999999371,0.0039999999999995595,0.0,0.001225697411086821,0.000245486482993393,3.4295952738756536e-06,5.385997910515036e-06,0.7578003862951472
7.727999999999371,0.0039999999999995595,0.0,0.0012257153484774301,0.00024550770512680976,3.4297705007472104e-06,5.263724337399832e-06,0.757800508667339
7.7319999999993705,0.0039999999999995595,0.0,0.0012257314074148873,0.00024552843584546243,3.4299456055869897e-06,5.1406624460902455e-06,0.7578006304496144
7.73599999999937,0.0039999999999995595,0.0,0.0012257455921394892,0.0002455486724485382,3.4301205900479797e-06,5.016965861374948e-06,0.7578007516452826
7.73999999999937,0.0039999999999995595,0.0,0.0012257579092376614,0.00024556841284415994,3.430295455826763e-06,4.8927863596730305e-06,0.7578008722576667
7.743999999999369,0.0039999999999995595,0.0,0.0012257683670079075,0.0002455876555415605,3.4304702046180193e-06,4.76827372415448e-06,0.7578009922901
7.747999999999369,0.0039999999999995595,0.0,0.0012257769760042874,0.0002456063996427065,3.4306448381391955e-06,4.643575607724195e-06,0.7578011117459338
7.751999999999368,0.0039999999999995595,0.0,0.0012257837488553356,0.00024562464483335393,3.430819358110006e-06,4.5188373927860906e-06,0.75780123062852
7.755999999999368,0.0039999999999995595,0.0,0.001225788699811317,0.00024564239137359333,3.4309937662596007e-06,4.394202064851397e-06,0.7578013489412221
7.759999999999367,0.0039999999999995595,0.0,0.0012257918451972546,0.0002456596400878883,3.4311680642800736e-06,4.269810087629687e-06,0.7578014666874116
7.763999999999367,0.0039999999999995595,0.0,0.001225793203050841,0.00024567639235462753,3.43134225386787e-06,4.145799282250452e-06,0.7578015838704664
7.7679999999993665,0.0039999999999995595,0.0,0.001225792793394398,0.0002456926500952075,3.4315163367147366e-06,4.022304711794736e-06,0.7578017004937667
7.771999999999366,0.0039999999999995595,0.0,0.001225790637601149,0.0002457084157626789,3.431690314492017e-06,3.89945857332968e-06,0.757801816560702
7.775999999999366,0.0039999999999995595,0.0,0.0012257867591201081,0.00024572369232995524,3.4318641888171664e-06,3.777390090229002e-06,0.7578019320746551
7.779999999999365,0.0039999999999995595,0.0,0.0012257811826612748,0.0002457384832776301,3.4320379612739032e-06,3.656225416446216e-06,0.7578020470390153
7.783999999999365,0.0039999999999995595,0.0,0.001225773934648865,0.0002457527925814083,3.43221163343161e-06,3.5360875403922178e-06,0.7578021614571708
7.787999999999364,0.0039999999999995595,0.0,0.0012257650431311377,0.00024576662469916953,3.4323852067693997e-06,3.4170961945855736e-06,0.7578022753325065
7.791999999999364,0.0039999999999995595,0.0,0.0012257545372373769,0.00024577998455770756,3.4325586828303902e-06,3.299367778948179e-06,0.7578023886684065
7.795999999999363,0.0039999999999995595,0.0,0.0012257424479029195,0.0002457928775391297,3.432732063016111e-06,3.1830152721152217e-06,0.7578025014682515
7.799999999999363,0.0039999999999995595,0.0,0.0012257288070544486,0.00024580530946696934,3.4329053487202322e-06,3.0681481666112003e-06,0.757802613735412
7.803999999999363,0.0039999999999995595,0.0,0.0012257136480633378,0.0002458172865920185,3.4330785412549444e-06,2.9548723978226935e-06,0.7578027254732552
7.807999999999362,0.0039999999999995595,0.0,0.0012256970054744139,0.0002458288155779082,3.4332516418825618e-06,2.8432902826490048e-06,0.7578028366851425
7.811999999999362,0.0039999999999995595,0.0,0.0012256789148252904,0.0002458399034864424,3.433424651828389e-06,2.7335004609802443e-06,0.7578029473744202
7.815999999999361,0.0039999999999995595,0.0,0.0012256594129186056,0.0002458505577627412,3.433597572193841e-06,2.625597848070925e-06,0.7578030575444347
7.819999999999361,0.0039999999999995595,0.0,0.0012256385375507951,0.00024586078622016025,3.4337704040805895e-06,2.5196735811393377e-06,0.7578031671985116
7.82399999999936,0.0039999999999995595,0.0,0.0012256163274220156,0.00024587059702505844,3.433943148492032e-06,2.4158149831244584e-06,0.7578032763399681
7.82799999999936,0.0039999999999995595,0.0,0.0012255928220460618,0.0002458799986814041,3.434115806376762e-06,2.3141055239963914e-06,0.7578033849721069
7.8319999999993595,0.0039999999999995595,0.0,0.0012255680621132189,0.00024588900001525516,3.434288378605691e-06,2.214624790853065e-06,0.7578034930982154
7.835999999999359,0.0039999999999995595,0.0,0.001225542088675484,0.00024589761015913163,3.4344608659972713e-06,2.117448461846535e-06,0.7578036007215718
7.839999999999359,0.0039999999999995595,0.0,0.0012255149436905712,0.00024590583853628054,3.43463326929146e-06,2.022648282679123e-06,0.7578037078454295
7.843999999999358,0.0039999999999995595,0.0,0.0012254866698412266,0.00024591369484488134,3.4348055891432155e-06,1.9302920515644675e-06,0.7578038144730274
7.847999999999358,0.0039999999999995595,0.0,0.0012254573103545145,0.0002459211890421954,3.4349778261310334e-06,1.840443607467893e-06,0.7578039206075853
7.851999999999357,0.0039999999999995595,0.0,0.0012254269089116742,0.00024592833132868575,3.43514998076294e-06,1.753162824233646e-06,0.7578040262523041
7.855999999999357,0.0039999999999995595,0.0,0.0012253955097391524,0.000245935132132117,3.435322053507708e-06,1.668505605997983e-06,0.7578041314103645
7.859999999999356,0.0039999999999995595,0.0,0.0012253631574278329,0.00024594160209166516,3.435494044752883e-06,1.5865238908841745e-06,0.7578042360849241
7.863999999999356,0.0039999999999995595,0.0,0.0012253298971146502,0.000245947752042045,3.4356659547697123e-06,1.5072656556663208e-06,0.7578043402791195
7.8679999999993555,0.0039999999999995595,0.0,0.0012252957738487435,0.00024595359299768306,3.4358377838300204e-06,1.430774929400185e-06,0.7578044439960621
7.871999999999355,0.0039999999999995595,0.0,0.0012252608334072722,0.00024595913613695026,3.436009532079253e-06,1.3570918029694063e-06,0.7578045472388444
7.875999999999355,0.0039999999999995595,0.0,0.0012252251213896912,0.0002459643927864621,3.4361811996525986e-06,1.286252450762985e-06,0.7578046500105273
7.879999999999354,0.0039999999999995595,0.0,0.0012251886836711053,0.0002459693744054749,3.436352786560708e-06,1.2182891474335694e-06,0.7578047523141491
7.883999999999354,0.0039999999999995595,0.0,0.0012251515662213498,0.00024597409257039415,3.436524292729573e-06,1.1532302972505756e-06,0.75780485415272
7.887999999999353,0.0039999999999995595,0.0,0.0012251138148334033,0.00024597855895941163,3.436695718204401e-06,1.0911004610880663e-06,0.757804955529228
7.891999999999353,0.0039999999999995595,0.0,0.0012250754755767305,0.00024598278533727124,3.436867062848467e-06,1.0319203777760843e-06,0.7578050564466275
7.895999999999352,0.0039999999999995595,0.0,0.0012250365942537871,0.0002459867835401996,3.437038326480421e-06,9.757070037101174e-07,0.7578051569078463
7.899999999999352,0.0039999999999995595,0.0,0.0012249972164001908,0.0002459905654610048,3.4372095088589453e-06,9.224735426640761e-07,0.7578052569157818
7.9039999999993515,0.0039999999999995595,0.0,0.0012249573877380386,0.0002459941430343633,3.4373806096998192e-06,8.722294808906658e-07,0.7578053564733047
7.907999999999351,0.0039999999999995595,0.0,0.0012249171533603852,0.00024599752822230316,3.437551628635493e-06,8.249806218590653e-07,0.7578054555832529
7.911999999999351,0.0039999999999995595,0.0,0.001224876558275136,0.000246000732999903,3.4377225653097923e-06,7.807291252885756e-07,0.7578055542484351
7.91599999999935,0.0039999999999995595,0.0,0.0012248356471332453,0.00024600376934120783,3.437893419317128e-06,7.394735413416456e-07,0.7578056524716262
7.91999999999935,0.0039999999999995595,0.0,0.001224794464228782,0.0002460066492053989,3.4380641901942277e-06,7.012088605971073e-07,0.7578057502555716
7.923999999999349,0.0039999999999995595,0.0,0.0012247530534083258,0.00024600938452320055,3.4382348774817366e-06,6.659265482387782e-07,0.7578058476029856
7.927999999999349,0.0039999999999995595,0.0,0.0012247114578896796,0.00024601198718355194,3.4384054806785716e-06,6.336146033786619e-07,0.7578059445165457
7.9319999999993485,0.0039999999999995595,0.0,0.001224669720715109,0.0002460144690205499,3.438575999212887e-06,6.042576127153958e-07,0.7578060409988965
7.935999999999348,0.0039999999999995595,0.0,0.0012246278841167653,0.0002460168418006875,3.4387464325186362e-06,5.778368291965048e-07,0.7578061370526572
7.939999999999348,0.0039999999999995595,0.0,0.0012245859897885717,0.00024601911721036277,3.4389167800343837e-06,5.543302478975854e-07,0.7578062326804033
7.943999999999347,0.0039999999999995595,0.0,0.001224544078795494,0.00024602130684370975,3.4390870411636046e-06,5.337127176519541e-07,0.7578063278846809
7.947999999999347,0.0039999999999995595,0.0,0.001224502191664113,0.0002460234221907345,3.4392572152337186e-06,5.159560578933923e-07,0.757806422668002
7.951999999999346,0.0039999999999995595,0.0,0.0012244603680198498,0.00024602547462577323,3.439427301693431e-06,5.010292081835163e-07,0.7578065170328454
7.955999999999346,0.0039999999999995595,0.0,0.0012244186468588177,0.0002460274753962726,3.4395972999059556e-06,4.888983751071164e-07,0.7578066109816527
7.959999999999345,0.0039999999999995595,0.0,0.0012243770663663358,0.00024602943561191274,3.439767209252137e-06,4.79527209968818e-07,0.7578067045168317
7.963999999999345,0.0039999999999995595,0.0,0.0012243356640074326,0.0002460313662340707,3.4399370290783246e-06,4.728769717476009e-07,0.757806797640757
7.9679999999993445,0.0039999999999995595,0.0,0.001224294476345309,0.00024603327806563285,3.440106758753167e-06,4.689066899079807e-07,0.7578068903557673
7.971999999999344,0.0039999999999995595,0.0,0.0012242535391318139,0.00024603518174115893,3.440276397654726e-06,4.675733044717842e-07,0.7578069826641667
7.975999999999344,0.0039999999999995595,0.0,0.0012242128871258616,0.0002460370877174112,3.4404459451560724e-06,4.688317806921839e-07,0.7578070745682247
7.979999999999343,0.0039999999999995595,0.0,0.0012241725542745739,0.00024603900626425033,3.440615400641576e-06,4.7263519330969553e-07,0.7578071660701762
7.983999999999343,0.0039999999999995595,0.0,0.0012241325736223668,0.00024604094745589363,3.440784763451117e-06,4.789347834189625e-07,0.757807257172222
7.987999999999342,0.0039999999999995595,0.0,0.0012240929771293162,0.00024604292116255143,3.440954033009535e-06,4.876799900317031e-07,0.7578073478765278
7.991999999999342,0.0039999999999995595,0.0,0.0012240537959429857,0.00024604493704243936,3.4411232087258326e-06,4.988184691477472e-07,0.7578074381852237
7.995999999999341,0.0039999999999995595,0.0,0.0012240150600353807,0.00024604700453417365,3.441292289996431e-06,5.122961077395558e-07,0.7578075281004065
7.999999999999341,0.0039999999999995595,0.0,0.00122397679856548,0.00024604913284954785,3.441461276340579e-06,5.280570456522022e-07,0.7578076176241427
8.003999999999342,0.004000000000001336,0.0,0.0012239390394254517,0.0002460513309666862,3.441630167236389e-06,5.460436971475395e-07,0.7578077067584581
