t,dt,force_n,tilt_rad,x,y,speed_m_s,effort_nm
0.004,0.004,0.0,0.0,-4.2767836703759016e-20,7.512001852942428e-20,4.321762617903042e-17,0.0
0.008,0.004,0.0,0.0,-8.422214197208686e-20,1.683638814411784e-19,6.493358919695238e-17,1.0021494745160453e-15
0.012,0.004,0.0,0.0,-1.3015167072495155e-19,2.981682992375545e-19,1.0663985617395476e-16,1.2067034462337217e-15
0.016,0.004,0.0,0.0,-1.8842560257283084e-19,4.881655042978289e-19,1.8547421283626825e-16,2.4244866966895364e-15
0.020000000000000004,0.0040000000000000036,0.0,0.0,-2.2948311447855e-19,7.913081913635469e-19,3.3429531574789234e-16,4.6026271924756184e-15
0.024000000000000007,0.0040000000000000036,0.0,1.2020167404189313e-06,5.621764921300144e-07,-2.263057284341796e-08,0.0002811242629184241,8.711390821754545e-15
0.02800000000000001,0.0040000000000000036,0.0,1.276465162446708e-06,-7.246994441850564e-07,-1.0788174775120605e-07,0.0005386144545765681,0.20500198476634487
0.032000000000000015,0.0040000000000000036,0.0,1.4523090931971896e-06,-4.414509454339562e-06,-1.9269393990745616e-07,0.0010392904704387873,0.33209089118082424
0.03600000000000002,0.0040000000000000036,0.0,4.0341712003083505e-06,-9.538768525615426e-06,-2.499088294406186e-07,0.0013481258719139745,0.40313161033827594
0.04000000000000002,0.0040000000000000036,0.0,6.378863213555757e-06,-1.535781288147688e-05,-2.715167599581185e-07,0.001477162969395632,0.4395908439186103
0.044000000000000025,0.0040000000000000036,0.0,7.487414624723541e-06,-2.1232787905720515e-05,-2.5803304132973585e-07,0.0014549552931152484,0.4559878965868083
0.04800000000000003,0.0040000000000000036,0.0,6.760382747898116e-06,-2.6660646096761357e-05,-2.140289015265554e-07,0.0013159786918441158,0.46144296512469574
0.05200000000000003,0.0040000000000000036,0.0,4.3350343820152716e-06,-3.127437358231561e-05,-1.4554059199903409e-07,0.0010934428872286723,0.4615420938563215
0.056000000000000036,0.0040000000000000036,0.0,5.327972646017224e-06,-3.482731653763088e-05,-5.865865889364391e-08,0.0008161510246155334,0.4595899744329801
0.06000000000000004,0.0040000000000000036,0.0,1.34161684397008e-05,-3.7171939318278846e-05,4.116337357429015e-08,0.0005075924151067433,0.45744299092734364
0.06400000000000004,0.0040000000000000036,0.0,2.5123225200529594e-05,-3.823310864194396e-05,1.496174632111371e-07,0.00018420904884824181,0.4560573065049892
0.06800000000000005,0.0040000000000000036,0.0,3.9888449109697045e-05,-3.793364853358234e-05,2.641951821747171e-07,0.00016623026000875166,0.4558324806781628
0.07200000000000005,0.0040000000000000036,0.0,5.756736119084654e-05,-3.6236434253584945e-05,3.8264175734254993e-07,0.0005133323133518786,0.4568110900139842
0.07600000000000005,0.0040000000000000036,0.0,7.793685382096182e-05,-3.32029325694277e-05,5.019869516807239e-07,0.0008410048410477275,0.45886866273335786
0.08000000000000006,0.0040000000000000036,0.0,0.0001006917728266634,-2.896393377102145e-05,6.19159519964144e-07,0.001132742189537804,0.4618605108576691
0.08400000000000006,0.0040000000000000036,0.0,0.0001254807895146779,-2.3690181219889127e-05,7.315195948927299e-07,0.0013800864064317379,0.4656430411898101
0.08800000000000006,0.0040000000000000036,0.0,0.0001519403425900744,-1.7568653223988503e-05,8.37132589393748e-07,0.0015802430855323551,0.47007942400995495
0.09200000000000007,0.0040000000000000036,0.0,0.0001797082254092923,-1.0793517862555216e-05,9.345475436434553e-07,0.001730821952963691,0.47504268306083175
0.09600000000000007,0.0040000000000000036,0.0,0.0002084048813417377,-3.5797365256261306e-06,1.0230709498747112e-06,0.0018266254654647057,0.4804237355107633
0.10000000000000007,0.0040000000000000036,0.0,0.0002376694781671311,3.860822097680906e-06,1.1030043267528216e-06,0.0018706179419026778,0.4861191998403591
0.10400000000000008,0.0040000000000000036,0.0,0.00026720612090413434,1.1351208615829988e-05,1.1745895274716374e-06,0.0018736003657583245,0.49202920799004685
0.10800000000000008,0.0040000000000000036,0.0,0.00029681423650097463,1.876701037082651e-05,1.2382446337131554e-06,0.0018472756568500056,0.49202920799004685
0.11200000000000009,0.0040000000000000036,0.0,0.00032638993875557567,2.603452476171799e-05,1.2951407381921065e-06,0.0018099906634884571,0.49807106493872916
0.11600000000000009,0.0040000000000000036,0.0,0.0003559486555461995,3.317090544545047e-05,1.3464614323590403e-06,0.0017789843284538656,0.5047647765178557
0.12000000000000009,0.0040000000000000036,0.0,0.0003855336726356762,4.021022520933497e-05,1.3934427276125037e-06,0.0017566089715356846,0.5113779051967828
0.1240000000000001,0.0040000000000000036,0.0,0.00041518931814970883,4.718708791318219e-05,1.4372549193172662e-06,0.001742857412338832,0.5177978722579855
0.12800000000000009,0.00399999999999999,0.0,0.0004449575591400141,5.4134996084088794e-05,1.4789294725071069e-06,0.0017374488113714994,0.5239955907849134
0.1320000000000001,0.0040000000000000036,0.0,0.00047487712522852906,6.108614678221085e-05,1.5193244980405853e-06,0.0017400351106228852,0.529956860965068
0.1360000000000001,0.0040000000000000036,0.0,0.0005049863802237276,6.807727801982414e-05,1.5590273583488723e-06,0.001753276308691216,0.5411449319801217
0.1400000000000001,0.0040000000000000036,0.0,0.00053531544431524,7.514831452530603e-05,1.5983242388007808e-06,0.0017737607762745905,0.5458311307281849
0.1440000000000001,0.0040000000000000036,0.0,0.0005658662027534277,8.231078417650062e-05,1.6376597910214765e-06,0.001797343607374049,0.550418497438115
0.1480000000000001,0.0040000000000000036,0.0,0.0005966416454152483,8.957812214995573e-05,1.6773082613809815e-06,0.0018243405478466509,0.5548774664462017
0.1520000000000001,0.0040000000000000036,0.0,0.0006276427678994543,9.696354472916915e-05,1.7174074162011865e-06,0.0018545885265997565,0.5591902427641814
0.1560000000000001,0.0040000000000000036,0.0,0.0006588666187203841,0.00010447865269736229,1.7579882885397942e-06,0.001887613424416431,0.5633472959261705
0.16000000000000011,0.0040000000000000036,0.0,0.0006903051741151864,0.00011213256088800378,1.7990009036729247e-06,0.0019227511196869885,0.5673448118785401
0.16400000000000012,0.0040000000000000036,0.0,0.0007219448071657668,0.00011993140751475275,1.8403362345286728e-06,0.0019592348413521015,0.5711828546465493
0.16800000000000012,0.0040000000000000036,0.0,0.0007537661820513199,0.0001278781370767727,1.8818446821436756e-06,0.0019962580149963985,0.574864050786929
0.17200000000000013,0.0040000000000000036,0.0,0.0007857467114785376,0.00013596945828636448,1.9234127647515954e-06,0.0020315089246248307,0.574864050786929
0.17600000000000013,0.0040000000000000036,0.0,0.0008178688774257179,0.00014419675526428937,1.9650028056203086e-06,0.0020656637417146673,0.5783926566765082
0.18000000000000013,0.0040000000000000036,0.0,0.0008501091180232649,0.00015256110236205,2.006354631211588e-06,0.002099945855377322,0.5821226687857356
0.18400000000000014,0.0040000000000000036,0.0,0.0008824391145619794,0.00016106055733864513,2.0472168894560906e-06,0.0021334182461102873,0.585655874240334
0.18800000000000014,0.0040000000000000036,0.0,0.000914823444623893,0.00016968847377251295,2.0873715466866778e-06,0.0021649613660428765,0.5889751198300152
0.19200000000000014,0.0040000000000000036,0.0,0.0009472211380984905,0.0001784344154231916,2.1266319720045037e-06,0.0021936932056474054,0.5921046774677177
0.19600000000000015,0.0040000000000000036,0.0,0.0009795872841450281,0.00018728510647662283,2.1648397986339285e-06,0.0022189556858645716,0.5950675483631911
0.20000000000000015,0.0040000000000000036,0.0,0.0010118743213863607,0.00019622518348704447,2.20186256012989e-06,0.0022402671883494127,0.5978817857793539
0.20400000000000015,0.0040000000000000036,0.0,0.0010440330649212327,0.00020523778562498348,2.2375918691527446e-06,0.002257285497090156,0.600561421284615
0.20800000000000016,0.0040000000000000036,0.0,0.0010760076508028779,0.00021430572405257365,2.271915818824036e-06,0.0022701284762480993,0.6055592421101033
0.21200000000000016,0.0040000000000000036,0.0,0.0011077332789152855,0.0002234097750667525,2.304731131898143e-06,0.0022775371307708994,0.6055592421101033
0.21600000000000016,0.0040000000000000036,0.0,0.0011391756403939734,0.00023252730168942014,2.3360816656345673e-06,0.002279668735633099,0.6076524683364551
0.22000000000000017,0.0040000000000000036,0.0,0.0011702862685380594,0.00024163950863118956,2.365939948553078e-06,0.0022772344077941664,0.6099148050135395
0.22400000000000017,0.0040000000000000036,0.0,0.0012010199204114337,0.00025072909232424617,2.3942850154961424e-06,0.00227047121327993,0.612099664694351
0.22800000000000017,0.0040000000000000036,0.0,0.0012313325259401165,0.00025977881324582025,2.42111295037078e-06,0.0022594011357021547,0.6141840089677869
0.23200000000000018,0.0040000000000000036,0.0,0.0012611814115162008,0.00026877163500003205,2.4464353896569307e-06,0.0022440925279606475,0.6161725745496192
0.23600000000000018,0.0040000000000000036,0.0,0.0012905256829031718,0.0002776909720863284,2.4702769861616038e-06,0.002224672163848665,0.6180722163022356
0.24000000000000019,0.0040000000000000036,0.0,0.001319326515128569,0.0002865208820825138,2.4926731429840008e-06,0.0022013109092840276,0.6198889282368512
0.2440000000000002,0.0040000000000000036,0.0,0.001347547350335066,0.00029524620149919015,2.5136680888346854e-06,0.0021742105475947124,0.6216277687196882
0.2480000000000002,0.0040000000000000036,0.0,0.0013751540223916998,0.0003038526383323179,2.5333132305909366e-06,0.002143593701022504,0.6232930752934746
0.25200000000000017,0.003999999999999976,0.0,0.0014021148268470937,0.00031232683169759846,2.5516657260874617e-06,0.0021096961252204,0.6248886490979282
0.25600000000000017,0.0040000000000000036,0.0,0.0014284005470296141,0.00032065638589527586,2.5687872372303612e-06,0.002072760688090479,0.6264178876772476
0.2600000000000002,0.0040000000000000036,0.0,0.0014539844462197222,0.00032882988419947865,2.5847428358237214e-06,0.0020330325754099035,0.6278838782666557
0.2640000000000002,0.0040000000000000036,0.0,0.0014788422323098278,0.00033683688635838006,2.5996000419403676e-06,0.001990755431729601,0.6292894633952809
0.2680000000000002,0.0040000000000000036,0.0,0.0015029520010590492,0.00034466791295198186,2.613427979354889e-06,0.0019461682480912388,0.63063728737508
0.2720000000000002,0.0040000000000000036,0.0,0.001526294161458932,0.0003523144191970475,2.626296635183743e-06,0.0018995028699393414,0.6319298296010448
0.2760000000000002,0.0040000000000000036,0.0,0.0015488513490060742,0.00035976876039899784,2.63827621273859e-06,0.0018509820352696842,0.6331694287283666
0.2800000000000002,0.0040000000000000036,0.0,0.0015706083284360791,0.00036702415095952735,2.6494365675640293e-06,0.0018008178745964993,0.6343583005156022
0.2840000000000002,0.0040000000000000036,0.0,0.001591551890395874,0.000374074618615603,2.659846717632144e-06,0.001749210816995053,0.635498551249651
0.2880000000000002,0.0040000000000000036,0.0,0.0016116567105133024,0.00038090773008908147,2.6695783879889125e-06,0.001692736037573365,0.6376411271109861
0.2920000000000002,0.0040000000000000036,0.0,0.0016308914686332038,0.00038750854497729805,2.6787081655950044e-06,0.0016366650905576575,0.6376411271109861
0.2960000000000002,0.0040000000000000036,0.0,0.001649295540781286,0.00039389812535573594,2.687289187597916e-06,0.0015836255187784579,0.6385433401928999
0.3000000000000002,0.0040000000000000036,0.0,0.0016668620260880747,0.00040007270616494777,2.695381657007463e-06,0.001529505144115945,0.6395205201371214
0.3040000000000002,0.0040000000000000036,0.0,0.0016835826862194327,0.00040602733335518053,2.7030437530020426e-06,0.001474215738457784,0.6404658126396992
0.3080000000000002,0.0040000000000000036,0.0,0.0016994515199529356,0.0004117581216651108,2.7103315890408747e-06,0.0014180299976053925,0.6413687488807442
0.3120000000000002,0.0040000000000000036,0.0,0.001714464739358435,0.0004172622451809089,2.71729910124634e-06,0.0013611972625588056,0.6422310078774716
0.3160000000000002,0.0040000000000000036,0.0,0.0017286204057223983,0.0004225377125995756,2.7239976029253827e-06,0.001303912820378014,0.643055290511902
0.32000000000000023,0.0040000000000000036,0.0,0.0017419181238884551,0.0004275831810645401,2.7304754550356067e-06,0.0012463290860590319,0.643843997634742
0.32400000000000023,0.0040000000000000036,0.0,0.001754358815667602,0.00043239782116975996,2.7367778709627302e-06,0.0011885674771567054,0.6445991772649136
0.32800000000000024,0.0040000000000000036,0.0,0.0017659445523215225,0.00043698121967101176,2.7429468083104875e-06,0.0011307269771271321,0.6453226038622089
0.33200000000000024,0.0040000000000000036,0.0,0.0017766784284340134,0.000441333308142561,2.7490209120838494e-06,0.0010728900262279375,0.6460158483278429
0.33600000000000024,0.0040000000000000036,0.0,0.0017865644638985656,0.00044545430954309485,2.755035488882858e-06,0.0010151266084922875,0.6466803282633035
0.34000000000000025,0.0040000000000000036,0.0,0.0017956075274497504,0.00044934469741770823,2.7610225014955394e-06,0.0009574971562218755,0.6473173429815483
0.34400000000000025,0.0040000000000000036,0.0,0.0018038132743531548,0.0004530051642808392,2.7670105788542556e-06,0.00090005467785363,0.6479280978950575
0.34800000000000025,0.0040000000000000036,0.0,0.0018111726123885273,0.00045642645321134227,2.7730177959636175e-06,0.0008377744196257283,0.6490752781953898
0.35200000000000026,0.0040000000000000036,0.0,0.0018176717881384292,0.0004595959722143377,2.7790599759073654e-06,0.0007782274494206263,0.6490752781953898
0.35600000000000026,0.0040000000000000036,0.0,0.0018233731981582037,0.0004625507217352533,2.785182824870878e-06,0.0007246435223719675,0.6495581214815134
0.36000000000000026,0.0040000000000000036,0.0,0.001828268545343966,0.0004652807571955238,2.7913881438242697e-06,0.0006656348601691015,0.6505869528106762
0.36400000000000027,0.0040000000000000036,0.0,0.0018323403223381644,0.00046776963011617754,2.7976739328838177e-06,0.0006086947306612714,0.6505869528106762
0.36800000000000027,0.0040000000000000036,0.0,0.0018356489448021754,0.00047005330749062493,2.8040836930460405e-06,0.0005573927576020841,0.6510198996140086
0.3720000000000003,0.0040000000000000036,0.0,0.0018381851011773614,0.0004721201559931344,2.8106060749734027e-06,0.0005002399420169269,0.6519375075684583
0.3760000000000003,0.0040000000000000036,0.0,0.0018399182564214605,0.000473943116605065,2.8172118796527053e-06,0.0004402662207912343,0.6523219954658
0.3800000000000003,0.0040000000000000036,0.0,0.001840891760656035,0.0004755457240673683,2.823927664850979e-06,0.0003883085528993648,0.6523219954658
0.3840000000000003,0.0040000000000000036,0.0,0.0018411602171468525,0.000476960471887713,2.8307903813916996e-06,0.0003410969176620229,0.6526982007362221
0.3880000000000003,0.0040000000000000036,0.0,0.0018407259158837676,0.00047818310381756427,2.837621760741689e-06,0.00029263079878306584,0.6531016982569336
0.3920000000000003,0.0040000000000000036,0.0,0.0018395894773301394,0.00047920813522416955,2.844315101003423e-06,0.00024297959055750434,0.6534887918638803
0.3960000000000003,0.0040000000000000036,0.0,0.0018377558345208708,0.00048003266163963644,2.8509022811373703e-06,0.00019276017707604197,0.6538556305117408
0.4000000000000003,0.0040000000000000036,0.0,0.001835219766710507,0.0004806456158877222,2.8574548214723103e-06,0.0001373037932912853,0.6546403410243805
0.4040000000000003,0.0040000000000000036,0.0,0.0018319755706563937,0.0004810341608114442,2.8640050864400057e-06,8.471038542129017e-05,0.6546403410243805
0.4080000000000003,0.0040000000000000036,0.0,0.0018280723709031281,0.00048122618808640254,2.870598510958339e-06,3.321816665219598e-05,0.6554987627951402
0.4120000000000003,0.0040000000000000036,0.0,0.0018235070934540596,0.0004812098560182278,2.877219748428443e-06,1.5724419419032915e-05,0.6554987627951402
0.4160000000000003,0.0040000000000000036,0.0,0.0018183371109247051,0.000481020094590593,2.883903393708312e-06,5.902363427658176e-05,0.6559384374694561
0.4200000000000003,0.0040000000000000036,0.0,0.0018125721188134985,0.00048065600565497707,2.890633585677498e-06,0.00010284757381877234,0.6563894158601247
0.4240000000000003,0.0040000000000000036,0.0,0.0018062187987491665,0.0004801146411451356,2.8973904671395693e-06,0.0001472740038539776,0.6568420132856198
0.4280000000000003,0.0040000000000000036,0.0,0.0017992871812147861,0.00047939511087824357,2.904153497171477e-06,0.00019179199832406745,0.657294871108363
0.43200000000000033,0.0040000000000000036,0.0,0.0017917902722712816,0.00047849833457381635,2.9109019031582132e-06,0.00023598807373011017,0.6577472260597536
0.43600000000000033,0.0040000000000000036,0.0,0.0017837431895245633,0.0004774264864282425,2.917614767842092e-06,0.00027957847174435056,0.6581985768502309
0.44000000000000034,0.0040000000000000036,0.0,0.0017751625191262115,0.0004761825876110447,2.9242710506463627e-06,0.00032237115447694074,0.6586485887501501
0.44400000000000034,0.0040000000000000036,0.0,0.0017660658870178535,0.0004747702394574205,2.9308496075117523e-06,0.00036423376293045616,0.6590970387151892
0.44800000000000034,0.0040000000000000036,0.0,0.0017564716758952663,0.0004731934518100668,2.937329225373332e-06,0.00040507234374325416,0.6595437793398183
0.45200000000000035,0.0040000000000000036,0.0,0.0017463988350950887,0.00047145653208619485,2.9436886758983195e-06,0.00044481783100742576,0.6599887144252092
0.45600000000000035,0.0040000000000000036,0.0,0.0017358667500216253,0.00046956401259880726,2.94990678968732e-06,0.0004834175411113942,0.6604317823488834
0.46000000000000035,0.0040000000000000036,0.0,0.0017248951491551712,0.00046752060189689655,2.955962550002268e-06,0.0005208298345142911,0.6608729447764946
0.46400000000000036,0.0040000000000000036,0.0,0.0017135040346567794,0.0004653311511785839,2.961835202983547e-06,0.0005570207654020499,0.6613121790283368
0.46800000000000036,0.0040000000000000036,0.0,0.0017017136278792676,0.00046300063017402855,2.967504380815459e-06,0.0005919619755007459,0.6617494729328227
0.47200000000000036,0.0040000000000000036,0.0,0.0016895443252041569,0.0004605341089967747,2.9729502335716383e-06,0.0006256293648922919,0.6621848213636125
0.47600000000000037,0.0040000000000000036,0.0,0.0016770166598163662,0.0004579367437800521,2.9781535654785886e-06,0.0006580022471395537,0.6626182239122209
0.48000000000000037,0.0040000000000000036,0.0,0.0016641512674542267,0.00045521376473894984,2.9830959718691585e-06,0.0006890628057387542,0.6630496833244398
0.4840000000000004,0.0040000000000000036,0.0,0.0016509688557231467,0.00045237046581390487,2.987759973390793e-06,0.0007187957377719631,0.6634792044497785
0.4880000000000004,0.0040000000000000036,0.0,0.0016374901749537376,0.000449412195371248,2.992129144702988e-06,0.000747188013760247,0.6639067935352063
0.4920000000000004,0.0040000000000000036,0.0,0.0016237359905408623,0.00044634434763542175,2.996188235330861e-06,0.0007742287096622111,0.664332457749905
0.4960000000000004,0.0040000000000000036,0.0,0.0016097270568624887,0.0004431723546505606,2.999923281000818e-06,0.0007999088837790406,0.6647562048650344
0.5000000000000003,0.003999999999999948,0.0,0.0015954785606564026,0.0004398955739285079,3.003317191137517e-06,0.0008272736983196018,0.6655979806642375
0.5040000000000003,0.0040000000000000036,0.0,0.0015810073727944832,0.00043651214573991537,3.006350388371908e-06,0.000851465303592896,0.6655979806642375
0.5080000000000003,0.0040000000000000036,0.0,0.001566356500197287,0.0004330498028105668,3.0090277749524298e-06,0.0008707983773402237,0.6660104518797197
0.5120000000000003,0.0040000000000000036,0.0,0.0015515456338790637,0.0004295135543292347,3.011342301134317e-06,0.0008891235789189907,0.6664277807620359
0.5160000000000003,0.0040000000000000036,0.0,0.001536590598381627,0.000425905981757233,3.013286623855909e-06,0.0009067563444766714,0.6668429587741722
0.5200000000000004,0.0040000000000000036,0.0,0.00152150818737606,0.0004222304020710158,3.0148554750642602e-06,0.0009235029335984965,0.6672559805401118
0.5240000000000004,0.0040000000000000036,0.0,0.0015063162154301403,0.00041849089883805367,3.0160456467489624e-06,0.0009391897386824401,0.6676669466088108
0.5280000000000004,0.0040000000000000036,0.0,0.0014910300882818117,0.00041468762178029664,3.0168570866465807e-06,0.0009559263144438267,0.6684829882389025
0.5320000000000004,0.0040000000000000036,0.0,0.0014756680965499344,0.0004108203596554546,3.0172905821635437e-06,0.0009700255353653942,0.6684829882389025
0.5360000000000004,0.0040000000000000036,0.0,0.0014602626780098398,0.00040691057903957905,3.0173435770632525e-06,0.0009802856243461976,0.6688827995981191
0.5400000000000004,0.0040000000000000036,0.0,0.001444832046114687,0.00040296309847561064,3.0170216340032996e-06,0.0009895300997551418,0.6692872164777551
0.5440000000000004,0.0040000000000000036,0.0,0.0014293896258421623,0.00039897734873273796,3.01633503695019e-06,0.0009997576579213055,0.6700897384788
0.5480000000000004,0.0040000000000000036,0.0,0.0014139524375696034,0.0003949529714248648,3.0152964460347412e-06,0.0010078949940450527,0.6700897384788
0.5520000000000004,0.0040000000000000036,0.0,0.0013985459074219932,0.0003909071774586421,3.0139004737598826e-06,0.0010129313171235938,0.670482712247323
0.5560000000000004,0.0040000000000000036,0.0,0.0013831864255142237,0.0003868441795635473,3.012159601069887e-06,0.0010170598856094333,0.6708800889827725
0.5600000000000004,0.0040000000000000036,0.0,0.0013678876436484155,0.0003827642689453177,3.0100937705592364e-06,0.0010217066330367574,0.6716684767112087
0.5640000000000004,0.0040000000000000036,0.0,0.0013526670917121861,0.00037866825899833865,3.007726385802877e-06,0.0010245517149390338,0.6716684767112087
0.5680000000000004,0.0040000000000000036,0.0,0.0013375440895529928,0.000374569663757013,3.005050046940316e-06,0.0010248963530725868,0.6720545072105348
0.5720000000000004,0.0040000000000000036,0.0,0.001322533817288354,0.0003704725660266757,3.0020829677517593e-06,0.0010243348180431647,0.6724448152432406
0.5760000000000004,0.0040000000000000036,0.0,0.0013076504310987884,0.0003663784044275647,2.9988527555482734e-06,0.0010237676346468469,0.6732191485098283
0.5800000000000004,0.0040000000000000036,0.0,0.001292911971712012,0.000362289300274796,2.995391203736957e-06,0.001021654957043238,0.6732191485098283
0.5840000000000004,0.0040000000000000036,0.0,0.001278331863419554,0.00035821517474079947,2.9916896495395876e-06,0.0010176227976588183,0.6735983117522469
0.5880000000000004,0.0040000000000000036,0.0,0.0012639257607482137,0.0003541591488932333,2.9877796664843624e-06,0.0010131090303991915,0.6743629073144138
0.5920000000000004,0.0040000000000000036,0.0,0.0012497113439140103,0.0003501239158843627,2.9836981708005895e-06,0.001007323278967071,0.6743629073144138
0.5960000000000004,0.0040000000000000036,0.0,0.001235697346931807,0.00034611650168399555,2.979436569773268e-06,0.0010001095800910495,0.6747372026863326
0.6000000000000004,0.0040000000000000036,0.0,0.0012218988688202203,0.00034214038743364306,2.975029080825971e-06,0.0009921259496950042,0.6754917614087723
0.6040000000000004,0.0040000000000000036,0.0,0.001208336598408079,0.00033819931149019894,2.9705250523467406e-06,0.000982958881782432,0.6758611023772226
0.6080000000000004,0.0040000000000000036,0.0,0.0011950251357907694,0.0003342990529150358,2.965939776392975e-06,0.0009724102145699522,0.6762296241153636
0.6120000000000004,0.0040000000000000036,0.0,0.0011819774703095908,0.00033044453577218605,2.9612905908006595e-06,0.0009606735296111064,0.6765970594886374
0.6160000000000004,0.0040000000000000036,0.0,0.0011692053870810681,0.00032664009740904047,2.9565963477913856e-06,0.0009478826363291788,0.6769632294129968
0.6200000000000004,0.0040000000000000036,0.0,0.001156719725639153,0.00032288965957224153,2.9518769617153907e-06,0.0009341332421490084,0.6773280148049271
0.6240000000000004,0.0040000000000000036,0.0,0.001144530545926565,0.00031919683727888245,2.947153026067823e-06,0.0009194968295764517,0.6776913373499898
0.6280000000000004,0.0040000000000000036,0.0,0.0011326472330682328,0.0003155650078697523,2.942445489611207e-06,0.0009040295303738748,0.6780531463703161
0.6320000000000005,0.0040000000000000036,0.0,0.001121078564242392,0.000311997354624878,2.9377753821375534e-06,0.0008877777930361653,0.6784134098862198
0.6360000000000005,0.0040000000000000036,0.0,0.0011098327507554344,0.00030849689414859155,2.9331635818050583e-06,0.0008707819978090856,0.6787721085487511
0.6400000000000005,0.0040000000000000036,0.0,0.0010989174653839944,0.0003050664934117715,2.9286306170874843e-06,0.0008530787595982412,0.6791292315300701
0.6440000000000005,0.0040000000000000036,0.0,0.0010883398589681779,0.0003017088802126116,2.9241964976685315e-06,0.0008347023927628484,0.6794847737448234
0.6480000000000005,0.0040000000000000036,0.0,0.001078106571471651,0.000298426649457779,2.919880569689645e-06,0.0008156858407228103,0.6798387339741194
0.6520000000000005,0.0040000000000000036,0.0,0.0010682237392404669,0.0002952222667981426,2.915701391533477e-06,0.0007960612636333471,0.6801911136003154
0.6560000000000005,0.0040000000000000036,0.0,0.0010586969999353316,0.0002920980706003231,2.911676627199551e-06,0.0007758604072365796,0.6805419157544621
0.6600000000000005,0.0040000000000000036,0.0,0.0010495314963164348,0.0002890562728834822,2.9078229549588226e-06,0.0007551148311997397,0.680891144742154
0.6640000000000005,0.0040000000000000036,0.0,0.0010407318788719217,0.0002860989596270811,2.904155989315261e-06,0.0007338560467261512,0.6812388056570197
0.6680000000000005,0.0040000000000000036,0.0,0.0010323023091106257,0.0002832280907130933,2.9006902147404384e-06,0.0007121155951018109,0.6815849041205537
0.6720000000000005,0.0040000000000000036,0.0,0.0010242464618797915,0.00028044549967566346,2.897438930181054e-06,0.0006899250873324763,0.6819294461069755
0.6760000000000005,0.0040000000000000036,0.0,0.001016567528448479,0.0002777528933733931,2.8944142031031395e-06,0.0006673162177645756,0.6822724378252742
0.6800000000000005,0.0040000000000000036,0.0,0.0010092682197793638,0.00027515185166229446,2.891626832580975e-06,0.0006443207599920277,0.6826138856397099
0.6840000000000005,0.0040000000000000036,0.0,0.0010023507702490695,0.00027264382712333037,2.8890863206314253e-06,0.0006209705504619184,0.6829537960161581
0.6880000000000005,0.0040000000000000036,0.0,0.000995816941634212,0.00027023014488252226,2.8868008514924563e-06,0.0005972974633709348,0.6832921754858252
0.6920000000000005,0.0040000000000000036,0.0,0.0009896680272700306,0.0002679120025508384,2.8847772782259937e-06,0.0005733333793045584,0.6836290306206358
0.6960000000000005,0.0040000000000000036,0.0,0.0009839048578525736,0.00026569047030355637,2.8830211164286234e-06,0.000549110149340957,0.683964368016458
0.7000000000000005,0.0040000000000000036,0.0,0.0009785278062119846,0.00026356649111332483,2.881536544615538e-06,0.0005246595558898475,0.6842981942815896
0.7040000000000005,0.0040000000000000036,0.0,0.0009735367937225107,0.00026154088114702106,2.880326411149372e-06,0.0005000132712340815,0.6846305160287766
0.7080000000000005,0.0040000000000000036,0.0,0.0009689312967658093,0.0002596143303332532,2.8793922474192634e-06,0.00047520281454395104,0.6849613398695953
0.7120000000000005,0.0040000000000000036,0.0,0.0009647103536544559,0.0002577874031046915,2.878734286931391e-06,0.0004502595080031034,0.685290672410417
0.7160000000000005,0.0040000000000000036,0.0,0.0009608661255562288,0.00025605644710772086,2.8783531653066523e-06,0.0004272606103075659,0.685290672410417
0.7200000000000005,0.0040000000000000036,0.0,0.0009573814866396025,0.00025441207416262567,2.8782502082258434e-06,0.00040529189293435634,0.6856185202494285
0.7240000000000005,0.0040000000000000036,0.0,0.0009542685903977859,0.00025286361733664137,2.8784180272668337e-06,0.00037983745967777366,0.6862772207081538
0.7280000000000005,0.0040000000000000036,0.0,0.0009515475510048516,0.00025142576580305584,2.8788452813028165e-06,0.0003524332817936471,0.6865991215669309
0.7320000000000005,0.0040000000000000036,0.0,0.0009492100408564031,0.0002500950471590572,2.8795274243852125e-06,0.00032582418336272773,0.6869200593208661
0.7360000000000005,0.0040000000000000036,0.0,0.000947249031540178,0.0002488689710279833,2.8804586538724004e-06,0.00029979027340677034,0.6872398790984875
0.7400000000000005,0.0040000000000000036,0.0,0.0009456582748896915,0.0002477456813562665,2.881631951808753e-06,0.0002741903826270427,0.6875584786113997
0.7440000000000005,0.0040000000000000036,0.0,0.0009444319503508763,0.0002467237202159612,2.8830391594018007e-06,0.00024893678346766304,0.687875791029881
0.7480000000000006,0.0040000000000000036,0.0,0.0009435644273426654,0.0002458018677952608,2.8846710654076855e-06,0.000223977927190988,0.6881917734156402
0.7520000000000006,0.0040000000000000036,0.0,0.0009430501066714948,0.0002449790343345385,2.886517499032437e-06,0.00019928667962933986,0.6885063989181126
0.7560000000000006,0.0040000000000000036,0.0,0.0009428833152386012,0.00024425418742111737,2.8885674224053573e-06,0.00017485231696972876,0.688819651514711
0.7600000000000006,0.0040000000000000036,0.0,0.0009430582374413735,0.0002436263033257544,2.8908090209866697e-06,0.0001506750865331895,0.68913152246807
0.7640000000000006,0.0040000000000000036,0.0,0.0009435628651339746,0.00024308992275189179,2.893235569985189e-06,0.00012896852020396695,0.68913152246807
0.7680000000000006,0.0040000000000000036,0.0,0.0009443843463568138,0.00024263865417403275,2.8958422057241873e-06,0.00010617236099161044,0.6897550314334013
0.7720000000000006,0.0040000000000000036,0.0,0.0009455388481074725,0.0002422875759611562,2.898595332859504e-06,8.13650096556428e-05,0.6900618872654936
0.7760000000000006,0.0040000000000000036,0.0,0.0009470162445969972,0.00024203322904739385,2.9014823992797486e-06,5.737429009311026e-05,0.6903676401996693
0.7800000000000006,0.0040000000000000036,0.0,0.0009488072889017431,0.0002418728094866312,2.9044901941072044e-06,3.405542064668806e-05,0.6906722036806676
0.7840000000000006,0.0040000000000000036,0.0,0.0009509032614123741,0.00024180393081491073,2.9076049573415245e-06,1.1328619148150029e-05,0.690975521380219
0.7880000000000006,0.0040000000000000036,0.0,0.0009532957338344823,0.0002418244643229843,2.9108125004626106e-06,1.095332168835423e-05,0.6912775573472965
0.7920000000000006,0.0040000000000000036,0.0,0.0009559764142529144,0.00024193243209412563,2.9140983264329463e-06,3.267074312887918e-05,0.6915782893566237
0.7960000000000006,0.0040000000000000036,0.0,0.0009589370450987567,0.0002421259357227529,2.9174477442299383e-06,5.393179939518611e-05,0.6918777044215993
0.8000000000000006,0.0040000000000000036,0.0,0.0009621693375120074,0.00024240310913422098,2.9208459756007196e-06,7.472900324297454e-05,0.6921757957696175
0.8040000000000006,0.0040000000000000036,0.0,0.000965664931570711,0.0002427620876736747,2.924278253723125e-06,9.50597547065937e-05,0.6924725608042042
0.8080000000000006,0.0040000000000000036,0.0,0.0009694153719807187,0.0002432009881759213,2.927729914280275e-06,0.00011491808265489322,0.6927679997324089
0.8120000000000006,0.0040000000000000036,0.0,0.000973407350186642,0.00024371388641906028,2.9311921729673506e-06,0.00013229050962154608,0.6927679997324089
0.8160000000000006,0.0040000000000000036,0.0,0.0009776225172582179,0.0002442897940019925,2.934665476438685e-06,0.00014828339439673985,0.6930621146403424
0.8200000000000006,0.0040000000000000036,0.0,0.0009820605813761066,0.0002449322333743971,2.9381311727271213e-06,0.00016517033242780535,0.6933586226418719
0.8240000000000006,0.0040000000000000036,0.0,0.0009867253878246905,0.0002456484389604177,2.9415660037154993e-06,0.00018476379381269416,0.6939455385753236
0.8280000000000006,0.0040000000000000036,0.0,0.0009916181292135447,0.00024644490090543295,2.9449449707179593e-06,0.00020345533345033644,0.6939455385753236
0.8320000000000006,0.0040000000000000036,0.0,0.0009967191799701923,0.00024731065758107427,2.9482661749726836e-06,0.00022169314008102316,0.6945226653586062
0.8360000000000006,0.0040000000000000036,0.0,0.0010020260230983297,0.00024824995120396995,2.951508085737039e-06,0.00023878004001248474,0.6945226653586062
0.8400000000000006,0.0040000000000000036,0.0,0.0010075203276707755,0.0002492526112751402,2.9546690380094728e-06,0.00025552868102585044,0.6950948233071881
0.8440000000000006,0.0040000000000000036,0.0,0.0010132029683831405,0.0002503262787002694,2.957726195363708e-06,0.0002728516220706613,0.6953769884566017
0.8480000000000006,0.0040000000000000036,0.0,0.0010190587042728167,0.0002514648631016942,2.960671904872227e-06,0.0002887427478539791,0.6956583622482382
0.8520000000000006,0.0040000000000000036,0.0,0.0010250741983256068,0.0002526635024640351,2.963498650670854e-06,0.00030347892459965897,0.6959387918896021
0.8560000000000006,0.0040000000000000036,0.0,0.001031237402737235,0.00025391815500705776,2.9661991881607682e-06,0.00031724503183864973,0.6962181759538274
0.8600000000000007,0.0040000000000000036,0.0,0.0010375371477188717,0.00025522532666620915,2.9687666721734267e-06,0.00033016453939410927,0.6964964477411628
0.8640000000000007,0.0040000000000000036,0.0,0.0010439628676243646,0.00025658188929067607,2.9711947683968537e-06,0.00034231995786685696,0.6967735640082777
0.8680000000000007,0.0040000000000000036,0.0,0.0010505044195737113,0.0002579849594755139,2.9734777447648586e-06,0.00035376650551789164,0.6970494973434518
0.8720000000000007,0.0040000000000000036,0.0,0.0010571519634470492,0.0002594318179001572,2.975610543048879e-06,0.00036454123812362284,0.6973242310133888
0.8760000000000007,0.0040000000000000036,0.0,0.0010638958835397661,0.0002609198557260332,2.9775888325071333e-06,0.0003746691485798644,0.6975977554830671
0.8800000000000007,0.0040000000000000036,0.0,0.0010707267377081525,0.0002624465390801066,2.9794090478950014e-06,0.00038416724496876227,0.6978700660666873
0.8840000000000007,0.0040000000000000036,0.0,0.0010776352254639099,0.000264009385642588,2.9810684141907325e-06,0.0003930472812513874,0.6981411613426064
0.8880000000000007,0.0040000000000000036,0.0,0.0010846121685676236,0.0002656059493538736,2.9825649602655003e-06,0.0004013175904477852,0.6984110420839366
0.8920000000000007,0.0040000000000000036,0.0,0.0010916484998823902,0.00026723381058678055,2.9838975232680054e-06,0.00040898432005670226,0.6986797105370244
0.8960000000000007,0.0040000000000000036,0.0,0.00109873525825485,0.0002688905700160739,2.985065745020123e-06,0.000416052269169801,0.6989471699345537
0.9000000000000007,0.0040000000000000036,0.0,0.0011058635872880122,0.0002705738450062014,2.9860700620221843e-06,0.00042252545983161537,0.6992134241668665
0.9040000000000007,0.0040000000000000036,0.0,0.0011130247363688294,0.00027228126772916656,2.9869116896118776e-06,0.0004284075306247768,0.6994784775599959
0.9080000000000007,0.0040000000000000036,0.0,0.0011202100642755991,0.00027401048448379687,2.987592601418821e-06,0.0004337020108188085,0.6997423347256919
0.9120000000000007,0.0040000000000000036,0.0,0.001127411043013072,0.00027575915585945884,2.9881155045327123e-06,0.0004384125137197574,0.7000050004600483
0.9160000000000007,0.0040000000000000036,0.0,0.0011346192634584687,0.00027752495750104256,2.9884838109529178e-06,0.00044254287480791196,0.7002664796749618
0.9200000000000007,0.0040000000000000036,0.0,0.0011418264411141223,0.0002793055813073406,2.9887016058119138e-06,0.00044609725160027225,0.7005267773518054
0.9240000000000007,0.0040000000000000036,0.0,0.001149024422088676,0.0002810987369448337,2.9887736127652838e-06,0.00044908019646385986,0.7007858985101446
0.9280000000000007,0.0040000000000000036,0.0,0.0011562051897126187,0.00028290215359202194,2.9887051567849576e-06,0.0004514967098390974,0.7010438481866712
0.9320000000000007,0.0040000000000000036,0.0,0.0011633608711261302,0.0002847135818515283,2.9885021247663598e-06,0.0004533522788590014,0.7013006314210819
0.9360000000000007,0.0040000000000000036,0.0,0.0011704837435910906,0.00028653079578204715,2.988170924298035e-06,0.00045465290472040113,0.7015562532467005
0.9400000000000007,0.0040000000000000036,0.0,0.0011775662410471585,0.0002883515950123636,2.987718440653586e-06,0.000455405121119244,0.7018107186843444
0.9440000000000007,0.0040000000000000036,0.0,0.0011846009607525178,0.0002901738069066807,2.9871519924775206e-06,0.00045561600535038056,0.7020640327384204
0.9480000000000007,0.0040000000000000036,0.0,0.001191580669207025,0.0002919952887555842,2.98647928629801e-06,0.00045529318325474884,0.702316200394555
0.9520000000000007,0.0040000000000000036,0.0,0.0011984983086321236,0.0002938139299707253,2.985708370241134e-06,0.00045444482888200993,0.7025672266182913
0.9560000000000007,0.0040000000000000036,0.0,0.0012053470024609941,0.00029562765426424767,2.9848475870302574e-06,0.00045307965957384737,0.7028171163545168
0.9600000000000007,0.0040000000000000036,0.0,0.0012121200612029775,0.0002974344217963951,2.9839055266903012e-06,0.0004512069270388186,0.7030658745274058
0.9640000000000007,0.0040000000000000036,0.0,0.0012188109876173014,0.00029923223127678524,2.9828909790645565e-06,0.000448836404917475,0.7033135060407095
0.9680000000000007,0.0040000000000000036,0.0,0.0012254134820811034,0.00030101912200667535,2.981812886357521e-06,0.00044597837328543975,0.7035600157782894
0.9720000000000008,0.0040000000000000036,0.0,0.0012319214468356444,0.00030279317585119324,2.9806802961301727e-06,0.00044264360049773167,0.703805408604811
0.9760000000000008,0.0040000000000000036,0.0,0.0012383289909878464,0.0003045525191320535,2.9795023147381208e-06,0.0004388433227567877,0.7040496893665361
0.9800000000000008,0.0040000000000000036,0.0,0.001244630434051877,0.00030629532443272113,2.978288061429373e-06,0.00043458922175486386,0.7042928628921832
0.9840000000000008,0.0040000000000000036,0.0,0.0012508203100767337,0.00030801981230933127,2.977046623523358e-06,0.00042989340072714866,0.7045349339938128
0.9880000000000008,0.0040000000000000036,0.0,0.001256893370878045,0.0003097242529019265,2.975787012729597e-06,0.0004247683592194985,0.7047759074677196
0.9920000000000008,0.0040000000000000036,0.0,0.0012628445890593,0.0003114069674417608,2.974518122723068e-06,0.000419226966864627,0.7050157880953091
0.9960000000000008,0.0040000000000000036,0.0,0.0012686691606045976,0.00031306632965150106,2.973248688245068e-06,0.00041328243643256354,0.7052545806439487
1.0000000000000007,0.0039999999999998925,0.0,0.0012743625076156607,0.00031470076703616565,2.971987245888094e-06,0.00040694829639866204,0.7054922898677871
1.0040000000000007,0.0040000000000000036,0.0,0.0012799202795754168,0.00031630876206353923,2.970742096739596e-06,0.0004002383632527322,0.7057289205085183
1.0080000000000007,0.0040000000000000036,0.0,0.0012853383556342714,0.00031788885323362937,2.969521270906644e-06,0.00039316671374695804,0.7059644772960995
1.0120000000000007,0.0040000000000000036,0.0,0.0012906128453387545,0.0003194396360374587,2.9683324941983314e-06,0.0003857476572614035,0.706198964949407
1.0160000000000007,0.0040000000000000036,0.0,0.0012957400899328555,0.0003209597638061339,2.9671831569937463e-06,0.00037799570844196357,0.7064323881768371
1.0200000000000007,0.0040000000000000036,0.0,0.001300716662791492,0.00032244794845167816,2.9660802854331212e-06,0.0003699255602434289,0.7066647516768372
1.0240000000000007,0.0040000000000000036,0.0,0.0013055393696296618,0.00032390296110159804,2.965030515020986e-06,0.00036155205749165587,0.7068960601383742
1.0280000000000007,0.0040000000000000036,0.0,0.0013102052485151688,0.00032532363262955093,2.964040066636979e-06,0.00035289017106240807,0.7071263182413361
1.0320000000000007,0.0040000000000000036,0.0,0.0013147115694565703,0.000326708854084804,2.963114725200517e-06,0.0003439549727494923,0.7073555306568684
1.0360000000000007,0.0040000000000000036,0.0,0.0013190558336786044,0.0003280575770234212,2.962259820832476e-06,0.0003347616108821127,0.7075837020476416
1.0400000000000007,0.0040000000000000036,0.0,0.0013232357728594091,0.0003293688137443168,2.9614802126732342e-06,0.00032532528673870006,0.7078108370680544
1.0440000000000007,0.0040000000000000036,0.0,0.0013272493476745313,0.0003306416374334658,2.960780275318133e-06,0.00031566123179036003,0.7080369403643766
1.0480000000000007,0.0040000000000000036,0.0,0.0013310947464241648,0.0003318751822196181,2.960163888007491e-06,0.00030578468578568407,0.7082620165748227
1.0520000000000007,0.0040000000000000036,0.0,0.0013347703831681982,0.000333068643144943,2.959634426375162e-06,0.0002957108756948281,0.7084860703295723
1.0560000000000007,0.0040000000000000036,0.0,0.0013382748956341324,0.0003342212760540035,2.9591947568382806e-06,0.0002854549955024874,0.7087091062507274
1.0600000000000007,0.0040000000000000036,0.0,0.0013416071433199567,0.00033533239740446457,2.9588472336090794e-06,0.00027503218685288704,0.7089311289522179
1.0640000000000007,0.0040000000000000036,0.0,0.0013447662043876156,0.00033640138400285876,2.9585936982806446e-06,0.00026445752051856684,0.7091521430396501
1.0680000000000007,0.0040000000000000036,0.0,0.001347751373673816,0.00033742767266868573,2.9584354819158584e-06,0.00025374597868901426,0.7093721531101116
1.0720000000000007,0.0040000000000000036,0.0,0.00135056215916821,0.0003384107598300053,2.9583734095294146e-06,0.0002429124380380683,0.709591163751926
1.0760000000000007,0.0040000000000000036,0.0,0.0013531982791936375,0.0003393502010535875,2.9584078070795266e-06,0.00023197165355850544,0.7098091795443605
1.0800000000000007,0.0040000000000000036,0.0,0.0013556596589623798,0.00034024561051258827,2.958538510614351e-06,0.0002209382431293279,0.7100262050572982
1.0840000000000007,0.0040000000000000036,0.0,0.0013579464271637565,0.0003410966603945724,2.958764877652374e-06,0.0002098266727827433,0.7102422448508761
1.0880000000000007,0.0040000000000000036,0.0,0.0013600589123289545,0.00034190308025260036,2.9590858006915477e-06,0.00019865124264899234,0.7104573034750772
1.0920000000000007,0.0040000000000000036,0.0,0.0013619976388839514,0.0003426646563019774,2.959499722661157e-06,0.0001874260735444733,0.710671385469305
1.0960000000000008,0.0040000000000000036,0.0,0.0013637633232075753,0.00034338123066513963,2.960004654238857e-06,0.00017616509417813214,0.7108844953619233
1.1000000000000008,0.0040000000000000036,0.0,0.0013653568695188743,0.000344052700567044,2.960598192956591e-06,0.0001648820289506056,0.7110966376697744
1.1040000000000008,0.0040000000000000036,0.0,0.0013667793655810685,0.0003446790174833242,2.961277543879566e-06,0.0001535903863233992,0.7113078168976749
1.1080000000000008,0.0040000000000000036,0.0,0.0013680320782080827,0.00034526018624336254,2.9620395418154915e-06,0.00014230344773678386,0.7115180375378956
1.1120000000000008,0.0040000000000000036,0.0,0.0013691164488016884,0.00034579626409036155,2.9628806747520043e-06,0.00013103425707261093,0.7117273040696234
1.1160000000000008,0.0040000000000000036,0.0,0.0013700340887395986,0.0003462873597003936,2.9637971085749846e-06,0.00011979561064727014,0.7119356209584183
1.1200000000000008,0.0040000000000000036,0.0,0.001370786774597199,0.00034673363216235095,2.96478471283482e-06,0.00010860004775706622,0.7121429926556561
1.1240000000000008,0.0040000000000000036,0.0,0.0013713764431037515,0.00034713528992063697,2.965839087406323e-06,9.745984180940702e-05,0.7123494235979664
1.1280000000000008,0.0040000000000000036,0.0,0.0013718051863806733,0.0003474925896824042,2.9669555899054823e-06,8.638699214278547e-05,0.7125549182066698
1.1320000000000008,0.0040000000000000036,0.0,0.0013720752468746665,0.0003478058352910882,2.9681293636962445e-06,7.53932167585577e-05,0.7127594808872129
1.1360000000000008,0.0040000000000000036,0.0,0.0013721890120468282,0.00034807537656794213,2.96935536641475e-06,6.448994649289748e-05,0.7129631160286094
1.1400000000000008,0.0040000000000000036,0.0,0.0013721490093632411,0.00034830160812326087,2.9706283986511882e-06,5.368832200880147e-05,0.7131658280028822
1.1440000000000008,0.0040000000000000036,0.0,0.0013719579009184998,0.00034848496813894714,2.971943133004544e-06,4.299919763586182e-05,0.7133676211645176
1.1480000000000008,0.0040000000000000036,0.0,0.001371618477994564,0.00034862593712405986,2.9732941429795255e-06,3.2433166328269055e-05,0.7135684998499237
1.1520000000000008,0.0040000000000000036,0.0,0.0013711336559381292,0.00034872503664497626,2.974675931809003e-06,2.2000672951793444e-05,0.7137684683769091
1.1560000000000008,0.0040000000000000036,0.0,0.001370506468525972,0.0003487828280317835,2.9760829610796055e-06,1.171274784019143e-05,0.7139675310441683
1.1600000000000008,0.0040000000000000036,0.0,0.001369740062282012,0.00034879991106252366,2.977509678896719e-06,1.6096544374943301e-06,0.7141656921307886
1.1640000000000008,0.0040000000000000036,0.0,0.001368837691373332,0.0003487769226269025,2.978950547521237e-06,8.414762317473438e-06,0.7143629558957727
1.1680000000000008,0.0040000000000000036,0.0,0.0013678027119307453,0.0003487145353710892,2.9804000703914905e-06,1.8216506602808155e-05,0.7145593265775837
1.1720000000000008,0.0040000000000000036,0.0,0.0013666385761771274,0.0003486134563252261,2.981852818375439e-06,2.7842126723916546e-05,0.7147548083937089
1.1760000000000008,0.0040000000000000036,0.0,0.0013653488270738221,0.0003484744255152801,2.9833034550535242e-06,3.728120832958605e-05,0.7149494055402511
1.1800000000000008,0.0040000000000000036,0.0,0.0013639370929804148,0.000348298214560871,2.984746761166477e-06,4.652555137964222e-05,0.7151431221915386
1.1840000000000008,0.0040000000000000036,0.0,0.0013624070814945563,0.00034808562526071277,2.9861776578594293e-06,5.5567579524837886e-05,0.7153359624997665
1.1880000000000008,0.0040000000000000036,0.0,0.001360762574160349,0.0003478374881673204,2.9875912288936718e-06,6.440014601043587e-05,0.7155279305946632
1.1920000000000008,0.0040000000000000036,0.0,0.0013590074209724244,0.0003475546611526238,2.9889827413694496e-06,7.301648959832635e-05,0.7157190305831844
1.1960000000000008,0.0040000000000000036,0.0,0.001357145534575475,0.00034723802796613785,2.99034766532981e-06,8.141022144582355e-05,0.7159092665492331
1.2000000000000008,0.0040000000000000036,0.0,0.0013551808847954278,0.0003468884967873513,2.9916816918839414e-06,8.957532063287504e-05,0.7160986425534175
1.2040000000000008,0.0040000000000000036,0.0,0.00135311749316178,0.0003465069987739698,2.9929807498605286e-06,9.75061324953009e-05,0.7162871626328292
1.2080000000000009,0.0040000000000000036,0.0,0.0013509594273243206,0.00034609448660765936,2.9942410209448337e-06,0.00010519736785900463,0.7164748308008576
1.2120000000000009,0.0040000000000000036,0.0,0.001348710795678574,0.00034565193303893484,2.995458953298982e-06,0.00011264410246241297,0.7166616510470334
1.2160000000000009,0.0040000000000000036,0.0,0.0013463757418596632,0.00034518032943280845,2.9966312735726973e-06,0.0001198417762722465,0.7168476273369035
1.2200000000000009,0.0040000000000000036,0.0,0.001343958439256307,0.0003446806843168239,2.9977549973538544e-06,0.00012678619254904497,0.717032763611936
1.2240000000000009,0.0040000000000000036,0.0,0.0013414630861961724,0.00034415402193306897,2.9988274378258693e-06,0.00013347351660309318,0.7172170637894568
1.2280000000000009,0.0040000000000000036,0.0,0.00133889390006006,0.0003436013807957457,2.9998462130120163e-06,0.00013990027420946464,0.7174005317626154
1.2320000000000009,0.0040000000000000036,0.0,0.00133625511246178,0.00034302381225585494,3.000809251194007e-06,0.00014606334966351612,0.7175831714003812
1.2360000000000009,0.0040000000000000036,0.0,0.001333550964084719,0.0003424223790745426,3.0017147948540875e-06,0.00015195998347370762,0.7177649865475734
1.2400000000000009,0.0040000000000000036,0.0,0.0013307856995804653,0.0003417981540065994,3.0025614028393006e-06,0.00015758776969395055,0.7179459810249113
1.2440000000000009,0.0040000000000000036,0.0,0.0013279635625241843,0.00034115221839560667,3.00334795105328e-06,0.0001629446528946504,0.7181261586291021
1.2480000000000009,0.0040000000000000036,0.0,0.00132508879075747,0.0003404856607821646,3.00407363155772e-06,0.00016802892478164414,0.7183055231329488
1.252000000000001,0.0040000000000000036,0.0,0.0013221656114485883,0.00033979957552662734,3.004737950110205e-06,0.0001728392204657004,0.7184840782854907
1.256000000000001,0.0040000000000000036,0.0,0.0013191982362833032,0.0003390950614477082,3.0053407222361028e-06,0.00017737451439693862,0.718661827812163
1.260000000000001,0.0040000000000000036,0.0,0.0013161908570389212,0.00033837322047830894,3.0058820678733953e-06,0.0001816341159646263,0.7188387754149884
1.264000000000001,0.0040000000000000036,0.0,0.001313147641123483,0.0003376351563398577,3.0063624046544267e-06,0.0001856176647802453,0.7190149247727821
1.268000000000001,0.0040000000000000036,0.0,0.0013100727269095285,0.00033688197323642876,3.006782439857911e-06,0.00018932512564668157,0.7191902795413893
1.272000000000001,0.0040000000000000036,0.0,0.0013069702197087306,0.0003361147745698406,3.007143161070114e-06,0.00019275678323194537,0.7193648433539344
1.276000000000001,0.0040000000000000036,0.0,0.0013038441872070016,0.0003353346616769137,3.007445825753146e-06,0.0001959132364498048,0.7195386198210934
1.280000000000001,0.0040000000000000036,0.0,0.0013006986559746414,0.00033454273259000804,3.0076919496550766e-06,0.00019879539256597965,0.7197116125313833
1.284000000000001,0.0040000000000000036,0.0,0.0012975376070188164,0.00033374008082192306,3.007883294187567e-06,0.00020140446103542392,0.719883825051468
1.288000000000001,0.0040000000000000036,0.0,0.0012943649720808558,0.00033292779417617703,3.0080218528967245e-06,0.0002037419470901727,0.7200552609264764
1.292000000000001,0.0040000000000000036,0.0,0.0012911846300072136,0.0003321069535836589,3.0081098370290994e-06,0.00020580964508119362,0.7202259236803363
1.296000000000001,0.0040000000000000036,0.0,0.001288000402941416,0.0003312786319665806,3.0081496604375147e-06,0.00020760963159154158,0.720395816816118
1.300000000000001,0.0040000000000000036,0.0,0.001284816053203206,0.00033044389313061843,3.008143923668597e-06,0.00020914425833208156,0.7205649438163877
1.304000000000001,0.0040000000000000036,0.0,0.0012816352796598167,0.0003296037906860677,3.008095397538206e-06,0.00021041614483322072,0.7207333081435693
1.308000000000001,0.0040000000000000036,0.0,0.0012784617143683276,0.0003287593669988068,3.008007006220444e-06,0.00021142817094118633,0.7209009132403129
1.312000000000001,0.0040000000000000036,0.0,0.0012752989201099258,0.00032791165217179054,3.007881809958421e-06,0.00021218346913833081,0.7210677625298668
1.316000000000001,0.0040000000000000036,0.0,0.0012721503868314205,0.00032706166305777456,3.0077229873718933e-06,0.0002126854166892025,0.721233859416454
1.320000000000001,0.0040000000000000036,0.0,0.001269019528907137,0.0003262104023038917,3.0075338176121263e-06,0.0002129376276378454,0.7213992072856492
1.324000000000001,0.0040000000000000036,0.0,0.0012659096828924231,0.0003253588574286749,3.0073176623968886e-06,0.00021294394465734646,0.721563809504759
1.328000000000001,0.0040000000000000036,0.0,0.0012628241044664434,0.00032450799993205163,3.0070779479998107e-06,0.00021270843077096473,0.7217276694231951
1.332000000000001,0.0040000000000000036,0.0,0.0012597659662329779,0.00032365878443881105,3.0068181472632384e-06,0.0002122353609533289,0.7218907903728495
1.336000000000001,0.0040000000000000036,0.0,0.001256738355607244,0.00032281214787597347,3.0065417618060104e-06,0.0002115292136255377,0.7220531756684655
1.340000000000001,0.0040000000000000036,0.0,0.0012537442723558195,0.0003219690086844548,3.0062523044097875e-06,0.00021059466205526446,0.7222148286079975
1.344000000000001,0.0040000000000000036,0.0,0.0012507866268575444,0.00032113026606536856,3.005953281721131e-06,0.00020943656567562607,0.7223757524729716
1.348000000000001,0.0040000000000000036,0.0,0.001247868238038367,0.0003202967992612623,3.005648177360622e-06,0.00020805996133132622,0.7225359505288328
1.352000000000001,0.0040000000000000036,0.0,0.001244991831875022,0.00031946946687253506,3.005340435417299e-06,0.0002064700544668209,0.7226954260252827
1.356000000000001,0.0040000000000000036,0.0,0.0012421600395021164,0.00031864910620924453,3.0050334445385798e-06,0.00020467221026540658,0.7228541821966127
1.360000000000001,0.0040000000000000036,0.0,0.0012393753961787374,0.0003178365326784555,3.00473052257211e-06,0.00020267194475275535,0.7230122222620182
1.364000000000001,0.0040000000000000036,0.0,0.0012366403395204129,0.00031703253920725455,3.0044349019324798e-06,0.0002004749158721031,0.7231695494259062
1.368000000000001,0.0040000000000000036,0.0,0.0012339564830732821,0.0003162377656460734,3.0041487362879255e-06,0.0001981519934592525,0.7231695494259062
1.372000000000001,0.0040000000000000036,0.0,0.0012313245582686399,0.00031545264388803526,3.003873529842099e-06,0.00019566582920546444,0.7234840675510414
1.376000000000001,0.0040000000000000036,0.0,0.0012287488415051112,0.0003146782393538707,3.003615530717564e-06,0.0001929351710987151,0.7236388491919399
1.380000000000001,0.0040000000000000036,0.0,0.001226231445801221,0.0003139153003913397,3.003377244150273e-06,0.00019002069532143666,0.723793063750087
1.384000000000001,0.0040000000000000036,0.0,0.0012237743498099039,0.00031316452898496006,3.003161092232134e-06,0.0001869333248691524,0.7239466730204196
1.388000000000001,0.0040000000000000036,0.0,0.0012213794108359988,0.00031242658940320347,3.0029693907029366e-06,0.00018368209811553643,0.7240996513499884
1.392000000000001,0.0040000000000000036,0.0,0.0012190483726083334,0.00031170211322957943,3.002804329055556e-06,0.00018027496319922097,0.7242519819449469
1.396000000000001,0.0040000000000000036,0.0,0.0012167828697377788,0.00031099170221646064,3.0026679536746755e-06,0.00017671925486664308,0.724403654204122
1.400000000000001,0.0040000000000000036,0.0,0.0012145844300046503,0.00031029592984529834,3.0025621537708174e-06,0.00017302197659989588,0.7245546618220511
1.404000000000001,0.0040000000000000036,0.0,0.001212454476463319,0.00030961534213242077,3.0024886498579375e-06,0.0001691899641542562,0.72470500145449
1.408000000000001,0.0040000000000000036,0.0,0.0012103943277128675,0.0003089504580068707,3.0024489843821216e-06,0.00016522997745382673,0.724854671787755
1.412000000000001,0.0040000000000000036,0.0,0.0012084051990707049,0.0003083017694561203,3.002444514430545e-06,0.00016114874963069143,0.7250036728941384
1.416000000000001,0.0040000000000000036,0.0,0.0012064882029144577,0.00030766974155571624,3.0024764063334813e-06,0.0001569530107596057,0.7251520057878846
1.420000000000001,0.0040000000000000036,0.0,0.0012046443489227006,0.0003070548124506055,3.0025456317126127e-06,0.000152649496889433,0.7252996721206677
1.424000000000001,0.0040000000000000036,0.0,0.0012028745451393653,0.00030645739332686505,3.002652965251647e-06,0.000148244950727796,0.7254466739734712
1.428000000000001,0.0040000000000000036,0.0,0.001201179598578686,0.00030587786839531066,3.0027989837113295e-06,0.00014374611774543243,0.7255930137147574
1.432000000000001,0.0040000000000000036,0.0,0.0011995602155527548,0.00030531659489835717,3.0029840662821656e-06,0.0001391597398911965,0.7257386939040175
1.436000000000001,0.0040000000000000036,0.0,0.0011980170030181762,0.00030477390314566935,3.0032083961365564e-06,0.00013449254818631692,0.7258837172263047
1.440000000000001,0.0040000000000000036,0.0,0.001196550469282074,0.00030425009658087497,3.0034719630658705e-06,0.00012975125489003662,0.72602808644784
1.444000000000001,0.0040000000000000036,0.0,0.0011951610251769186,0.00030374545187981147,3.0037745671355847e-06,0.00012494254562884163,0.7261718043859448
1.448000000000001,0.0040000000000000036,0.0,0.0011938489852433213,0.0003032602190798721,3.0041158232860143e-06,0.0001200730716688949,0.7263148738886763
1.452000000000001,0.0040000000000000036,0.0,0.001192614568734249,0.00030279462173955177,3.0044951668379424e-06,0.00011514944243300238,0.7264572978210362
1.456000000000001,0.0040000000000000036,0.0,0.0011914579013705443,0.0003023488571271319,3.004911859792168e-06,0.00011017821828806353,0.7265990790556229
1.460000000000001,0.0040000000000000036,0.0,0.0011903790165460277,0.00030192309643739984,3.005364997937427e-06,0.00010516590360896946,0.7267402204662885
1.464000000000001,0.0040000000000000036,0.0,0.0011893778568169784,0.0003015174850353087,3.0058535185134773e-06,0.00010011894011623958,0.7268807249238257
1.468000000000001,0.0040000000000000036,0.0,0.0011884542756759825,0.0003011321427255502,3.0063762086070696e-06,9.504370046630801e-05,0.7270205952930233
1.472000000000001,0.0040000000000000036,0.0,0.0011876080390484617,0.0003007671640470575,3.0069317141285995e-06,8.994648208843324e-05,0.7271598344306491
1.476000000000001,0.0040000000000000036,0.0,0.0011868388269755342,0.0003004226185915064,3.007518549209224e-06,8.48335012526938e-05,0.7272984451840523
1.480000000000001,0.0040000000000000036,0.0,0.0011861462358557172,0.0003000985513449314,3.0081351060946163e-06,7.971088736142552e-05,0.7274364303901947
1.484000000000001,0.0040000000000000036,0.0,0.0011855297799333359,0.00029979498305159253,3.008779665440349e-06,7.458467745973378e-05,0.727573792874961
1.488000000000001,0.0040000000000000036,0.0,0.0011849888931514836,0.0002995119105992716,3.0094504068509814e-06,6.946081095776825e-05,0.7277105354526668
1.492000000000001,0.0040000000000000036,0.0,0.0011845229317422714,0.0002992493074251802,3.0101454197290755e-06,6.434512456839109e-05,0.7278466609256926
1.496000000000001,0.0040000000000000036,0.0,0.0011841311756770833,0.0002990071239416815,3.0108627143953034e-06,5.9243347464590874e-05,0.727982172084215
1.500000000000001,0.0040000000000000036,0.0,0.0011838128309392454,0.0002987852879810189,3.0116002332694115e-06,5.4161096665671566e-05,0.7281170717059884
1.5040000000000011,0.0040000000000000036,0.0,0.0011835670320539558,0.00029858370525826303,3.0123558621466556e-06,4.910387267382864e-05,0.7282513625561785
1.5080000000000011,0.0040000000000000036,0.0,0.0011833928438390764,0.00029840225985168614,3.0131274415523946e-06,4.407705539796853e-05,0.7283850473872231
1.5120000000000011,0.0040000000000000036,0.0,0.0011832892636847868,0.00029824081469975185,3.013912778114964e-06,3.9085900445853835e-05,0.7285181289387096
1.5160000000000011,0.0040000000000000036,0.0,0.0011832552242642418,0.0002980992121139343,3.0147096557357194e-06,3.413553594051693e-05,0.7286506099372775
1.5200000000000011,0.0040000000000000036,0.0,0.0011832895954505774,0.00029797727430653945,3.0155158467653792e-06,2.9230960238239308e-05,0.7287824930965263
1.5240000000000011,0.0040000000000000036,0.0,0.0011833911867488132,0.000297874803932732,3.0163291229093002e-06,2.4377041465345857e-05,0.7289137811169374
1.5280000000000011,0.0040000000000000036,0.0,0.0011835587499563233,0.000297791584645944,3.0171472659888522e-06,1.957852157301863e-05,0.7290444766858079
1.5320000000000011,0.0040000000000000036,0.0,0.0011837909812024846,0.0002977273816658371,3.0179680783921565e-06,1.4840034240760367e-05,0.7291745824771869
1.5360000000000011,0.0040000000000000036,0.0,0.001184086523582278,0.0002976819423579934,3.0187893931687753e-06,1.0166179477425774e-05,0.7293041011518255
1.5400000000000011,0.0040000000000000036,0.0,0.0011844439697219831,0.00029765499682450684,3.0196090838412548e-06,5.561976475219104e-06,0.7294330353571338
1.5440000000000011,0.0040000000000000036,0.0,0.0011848618640846811,0.0002976462585046317,3.0204250737731693e-06,1.045106617511085e-06,0.7295613877271454
1.5480000000000012,0.0040000000000000036,0.0,0.0011853387053860581,0.0002976554247846597,3.0212353451230444e-06,3.4373945637216714e-06,0.7296891608824924
1.5520000000000012,0.0040000000000000036,0.0,0.0011858729493965127,0.00029768217761617807,3.022037947308219e-06,7.809945223994128e-06,0.729816357430386
1.5560000000000012,0.0040000000000000036,0.0,0.0011864630112815317,0.00029772618414188084,3.02283100496957e-06,1.2100749331794345e-05,0.7299429799646103
1.5600000000000012,0.0040000000000000036,0.0,0.001187107268038455,0.00029778709732809197,3.023612725487053e-06,1.6304365372655147e-05,0.730069031065524
1.5640000000000012,0.0040000000000000036,0.0,0.0011878040611185204,0.0002978645566031611,3.0243814058841444e-06,2.041713666543834e-05,0.73019451330007
1.5680000000000012,0.0040000000000000036,0.0,0.0011885516990424246,0.0002979581885009103,3.025135439087757e-06,2.443578528903152e-05,0.7303194292217954
1.5720000000000012,0.0040000000000000036,0.0,0.0011893484597252444,0.0002980676073083028,3.025873319705048e-06,2.8357252451497532e-05,0.7304437813708832
1.5760000000000012,0.0040000000000000036,0.0,0.0011901925929746141,0.0002981924157165095,3.026593649152961e-06,3.21786626559849e-05,0.7305675722741916
1.5800000000000012,0.0040000000000000036,0.0,0.0011910823231577113,0.00029833220547456895,3.0272951401465168e-06,3.589731271853867e-05,0.7306908044453039
1.5840000000000012,0.0040000000000000036,0.0,0.0011920149531545678,0.00029848577379957425,3.0279770202403127e-06,3.911851962161668e-05,0.7306908044453039
1.5880000000000012,0.0040000000000000036,0.0,0.0011929878805592153,0.00029865179410789135,3.0286390069916934e-06,4.2492056356540093e-05,0.7309371525974903
1.5920000000000012,0.0040000000000000036,0.0,0.0011940028252460106,0.00029883275163820205,3.029278864962766e-06,4.616608706373205e-05,0.7310583894425419
1.5960000000000012,0.0040000000000000036,0.0,0.00119505727318486,0.0002990277715384303,3.0298957935556992e-06,4.9631281730230575e-05,0.7311791832578866
1.6000000000000012,0.0040000000000000036,0.0,0.0011961489117106477,0.0002992361122276722,3.0304891265314477e-06,5.2917570024271323e-05,0.7312995030706134
1.6040000000000012,0.0040000000000000036,0.0,0.00119727556270693,0.000299457119709973,3.031058323533867e-06,5.6044594281414824e-05,0.7314193283259658
1.6080000000000012,0.0040000000000000036,0.0,0.001198435137720381,0.0002996901972020091,3.03160296654476e-06,5.9025163614675876e-05,0.731538645690775
1.6120000000000012,0.0040000000000000036,0.0,0.0011996256081465077,0.0002999347850176034,3.032122758323036e-06,6.186756651077996e-05,0.7316574468094579
1.6160000000000012,0.0040000000000000036,0.0,0.0012008449868970955,0.0003001903473113741,3.0326175215515196e-06,6.457711684060998e-05,0.7317757267412792
1.6200000000000012,0.0040000000000000036,0.0,0.001202091315943906,0.0003004563634031553,3.0330871978068284e-06,6.715718604548516e-05,0.7318934828789292
1.6240000000000012,0.0040000000000000036,0.0,0.0012033626590608002,0.000300732322158093,3.0335318460267437e-06,6.960989151326461e-05,0.7320107142039523
1.6280000000000012,0.0040000000000000036,0.0,0.0012046570969677275,0.00030101771840314936,3.0339516404153693e-06,7.193655525103716e-05,0.7321274207762047
1.6320000000000012,0.0040000000000000036,0.0,0.00120597272587521,0.0003013120506997158,3.034346867600049e-06,7.413800929124348e-05,0.7322436033849411
1.6360000000000012,0.0040000000000000036,0.0,0.001207307655543584,0.00030161482001880765,3.0347179232800886e-06,7.621479894296796e-05,0.7323592633110043
1.6400000000000012,0.0040000000000000036,0.0,0.0012086600099852681,0.00030192552901677145,3.0350653082712334e-06,7.816731801579332e-05,0.7324744021651006
1.6440000000000012,0.0040000000000000036,0.0,0.0012100279274874436,0.0003022436817104266,3.035389623962509e-06,7.99958987634063e-05,0.7325890217780108
1.6480000000000012,0.0040000000000000036,0.0,0.0012114095619773816,0.0003025687834178452,3.035691567489426e-06,8.17008716962255e-05,0.732703124126176
1.6520000000000012,0.0040000000000000036,0.0,0.001212803083614912,0.000302900340875682,3.0359719263497495e-06,8.328260532662966e-05,0.7328167112813181
1.6560000000000012,0.0040000000000000036,0.0,0.0012142066807218454,0.0003032378624736886,3.0362315727630975e-06,8.474153253476561e-05,0.7329297853763714
1.6600000000000013,0.0040000000000000036,0.0,0.001215618560663635,0.00030358085856675146,3.0364714577376994e-06,8.607816798905745e-05,0.7330423485824693
1.6640000000000013,0.0040000000000000036,0.0,0.0012170369519730465,0.0003039288418378587,3.0366926048266795e-06,8.729311955986223e-05,0.7331544030934131
1.6680000000000013,0.0040000000000000036,0.0,0.0012184601048819204,0.00030428132769403683,3.0368961036652e-06,8.838709566599121e-05,0.7332659511152099
1.6720000000000013,0.0040000000000000036,0.0,0.0012198862939153264,0.0003046378346830164,3.0370831033617478e-06,8.936090984297284e-05,0.7333769948590335
1.6760000000000013,0.0040000000000000036,0.0,0.0012213138183507014,0.0003049978849221662,3.037254805720513e-06,9.021548337960693e-05,0.7334875365365067
1.6800000000000013,0.0040000000000000036,0.0,0.0012227410044648168,0.00030536100453372494,3.037412458397537e-06,9.095184658522733e-05,0.7335975783565477
1.6840000000000013,0.0040000000000000036,0.0,0.0012241662065623543,0.00030572672408202674,3.0375573479199505e-06,9.157113906163063e-05,0.7337071225232826
1.6880000000000013,0.0040000000000000036,0.0,0.0012255878081561169,0.0003060945790094891,3.0376907926480063e-06,9.207460922025654e-05,0.7338161712346749
1.6920000000000013,0.0040000000000000036,0.0,0.001227004224022865,0.0003064641100688943,3.0378141358627192e-06,9.246361322035389e-05,0.733924726681641
1.6960000000000013,0.0040000000000000036,0.0,0.0012284139007793314,0.0003068348637499718,3.037928738707147e-06,9.273961343041209e-05,0.7340327910475005
1.7000000000000013,0.0040000000000000036,0.0,0.0012298153185195423,0.0003072063926986237,3.0380359732948893e-06,9.290417649648723e-05,0.7341403665076345
1.7040000000000013,0.0040000000000000036,0.0,0.001231206991883404,0.0003075782561274331,3.0381372158405635e-06,9.295897107931036e-05,0.734247455229326
1.7080000000000013,0.0040000000000000036,0.0,0.0012325874712832792,0.00030795002021620255,3.0382338399765303e-06,9.290576529179426e-05,0.7343540593716703
1.7120000000000013,0.0040000000000000036,0.0,0.0012339553439290772,0.00030832125850145897,3.038327210177173e-06,9.274642387308866e-05,0.734460181085571
1.7160000000000013,0.0040000000000000036,0.0,0.0012353092350146145,0.00030869155225396965,3.0384186754008402e-06,9.248290513655059e-05,0.7345658225137754
1.7200000000000013,0.0040000000000000036,0.0,0.0012366478082577283,0.0003090604908434117,3.0385095628487875e-06,9.211725770427487e-05,0.7346709857909451
1.7240000000000013,0.0040000000000000036,0.0,0.0012379697675943592,0.00030942767208942446,3.03860117207483e-06,9.165161705667703e-05,0.7347756730437375
1.7280000000000013,0.0040000000000000036,0.0,0.0012392738573321024,0.0003097927025983657,3.0386947692936987e-06,9.108820191786878e-05,0.7348798863909017
1.7320000000000013,0.0040000000000000036,0.0,0.0012405588631926887,0.0003101551980851827,3.038791581913398e-06,9.042931049670347e-05,0.7349836279433817
1.7360000000000013,0.0040000000000000036,0.0,0.0012418236131657029,0.0003105147836798608,3.038892793464417e-06,8.967731660123331e-05,0.7350868998044149
1.7400000000000013,0.0040000000000000036,0.0,0.0012430669781766169,0.0003108710942180164,3.038999538793047e-06,8.883466564577553e-05,0.7351897040696331
1.7440000000000013,0.0040000000000000036,0.0,0.0012442878723936534,0.00031122377451525733,3.0391128996075765e-06,8.790387057252111e-05,0.7352920428271607
1.7480000000000013,0.0040000000000000036,0.0,0.0012454852542471966,0.0003115724796250032,3.0392339003794066e-06,8.688750769691146e-05,0.7353939181577006
1.7520000000000013,0.0040000000000000036,0.0,0.0012466581265554836,0.00031191687507953924,3.0393635045272207e-06,8.578821250245151e-05,0.7354953321346247
1.7560000000000013,0.0040000000000000036,0.0,0.0012478055371876156,0.00031225663711412053,3.039502611157144e-06,8.460867539357134e-05,0.7355962868240488
1.7600000000000013,0.0040000000000000036,0.0,0.0012489265791950797,0.0003125914528740177,3.039652051977342e-06,8.335163742398482e-05,0.7356967842849029
1.7640000000000013,0.0040000000000000036,0.0,0.0012500203913934978,0.00031292102060444726,3.0398125887423854e-06,8.201988601553324e-05,0.735796826568993
1.7680000000000013,0.0040000000000000036,0.0,0.0012510861584169798,0.0003132450498233762,3.0399849109993733e-06,8.061625067678115e-05,0.7358964157210548
1.7720000000000014,0.0040000000000000036,0.0,0.0012521231110475138,0.0003135632614772586,3.04016963434859e-06,7.914359873932682e-05,0.7359955537788028
1.7760000000000014,0.0040000000000000036,0.0,0.0012531305261987374,0.0003138753880797698,3.0403672990233436e-06,7.760483111319596e-05,0.7360942427729611
1.7800000000000014,0.0040000000000000036,0.0,0.0012541077269997668,0.00031418117383368477,3.0405783687895156e-06,7.600287808196728e-05,0.7361924847272977
1.7840000000000014,0.0040000000000000036,0.0,0.0012550540830679347,0.00031448037473606055,3.0408032304288242e-06,7.434069513896662e-05,0.7362902816586437
1.7880000000000014,0.0040000000000000036,0.0,0.0012559690101748265,0.00031477275866691185,3.041042193465754e-06,7.262125887376594e-05,0.7363876355769056
1.7920000000000014,0.0040000000000000036,0.0,0.00125685197010456,0.0003150581054616172,3.0412954902880826e-06,7.084756291982372e-05,0.7364845484850686
1.7960000000000014,0.0040000000000000036,0.0,0.0012577024708805178,0.00031533620696729865,3.04156327674229e-06,6.902261396337545e-05,0.7365810223791976
1.8000000000000014,0.0040000000000000036,0.0,0.0012585200662126584,0.0003156068670834547,3.0418456329153743e-06,6.714942782545974e-05,0.7366770592484233
1.8040000000000014,0.0040000000000000036,0.0,0.0012593043554038183,0.00031586990178713827,3.042142564448846e-06,6.523102561720004e-05,0.7367726610749291
1.8080000000000014,0.0040000000000000036,0.0,0.0012600549830084835,0.00031612513914299454,3.0424540040968198e-06,6.32704299744848e-05,0.7368678298339245
1.8120000000000014,0.0040000000000000036,0.0,0.0012607716384215857,0.00031637241929847277,3.042779813614204e-06,6.127066137262316e-05,0.7369625674936193
1.8160000000000014,0.0040000000000000036,0.0,0.0012614540555738695,0.000316611594464558,3.0431197859174784e-06,5.9234734529277296e-05,0.737056876015184
1.8200000000000014,0.0040000000000000036,0.0,0.0012621020125576643,0.0003168425288823741,3.0434736476441973e-06,5.716565489453555e-05,0.7371507573527157
1.8240000000000014,0.0040000000000000036,0.0,0.0012627153310076085,0.0003170650987759926,3.0438410618983684e-06,5.5066415225933976e-05,0.7372442134531858
1.8280000000000014,0.0040000000000000036,0.0,0.0012632938755008174,0.000317279192291833,3.044221631224965e-06,5.29399922609019e-05,0.7373372462563965
1.8320000000000014,0.0040000000000000036,0.0,0.00126383755306414,0.0003174847094250116,3.0446149008851734e-06,5.0789343479295466e-05,0.7374298576949252
1.8360000000000014,0.0040000000000000036,0.0,0.0012643463128758272,0.0003176815619329973,3.0450203622891834e-06,4.861740395476181e-05,0.737522049694068
1.8400000000000014,0.0040000000000000036,0.0,0.0012648201450198256,0.00031786967323697244,3.0454374567006216e-06,4.642708330849458e-05,0.7376138241717817
1.8440000000000014,0.0040000000000000036,0.0,0.0012652590803130526,0.00031804897831125755,3.0458655789884813e-06,4.422126275226114e-05,0.7377051830386193
1.8480000000000014,0.0040000000000000036,0.0,0.0012656631892727416,0.0003182194235611803,3.0463040816368416e-06,4.2002792227422236e-05,0.7377961281976689
1.8520000000000014,0.0040000000000000036,0.0,0.001266032581453174,0.0003183809666897753,3.046752278809838e-06,3.97744876437959e-05,0.7378866615444875
1.8560000000000014,0.0040000000000000036,0.0,0.0012663674047121009,0.00031853357655368985,3.047209450533601e-06,3.753912821198902e-05,0.7379767849670348
1.8600000000000014,0.0040000000000000036,0.0,0.001266667844406464,0.00031867723300867503,3.0476748469874626e-06,3.529945387452684e-05,0.7380665003456066
1.8640000000000014,0.0040000000000000036,0.0,0.0012669341225169512,0.00031881192674504736,3.0481476928055003e-06,3.305816283769229e-05,0.7381558095527687
1.8680000000000014,0.0040000000000000036,0.0,0.0012671664966132092,0.00031893765911349456,3.048627191460443e-06,3.08179092009559e-05,0.7382447144532891
1.8720000000000014,0.0040000000000000036,0.0,0.0012673652591847805,0.00031905444194161296,3.0491125295360433e-06,2.858130069383024e-05,0.7383332169040716
1.8760000000000014,0.0040000000000000036,0.0,0.0012675307366358777,0.0003191622973415624,3.0496028812666957e-06,2.6350896521931715e-05,0.7384213187540997
1.8800000000000014,0.0040000000000000036,0.0,0.0012676632881187515,0.0003192612575091952,3.0500974126802163e-06,2.4129205321928027e-05,0.7385090218443594
1.8840000000000015,0.0040000000000000036,0.0,0.0012677633050806184,0.00031935136451506917,3.0505952859915484e-06,2.191868326098464e-05,0.7385963280077875
1.8880000000000015,0.0040000000000000036,0.0,0.0012678312097715479,0.0003194326700877068,3.0510956637539846e-06,1.972173228390783e-05,0.7386832390692123
1.8920000000000015,0.0040000000000000036,0.0,0.0012678674544642492,0.0003195052353894887,3.051597713011237e-06,1.7540698577064645e-05,0.7387697568452966
1.8960000000000015,0.0040000000000000036,0.0,0.0012678725201586676,0.00031956913078554967,3.052100609297172e-06,1.537787134667405e-05,0.7388558831444819
1.9000000000000015,0.0040000000000000036,0.0,0.0012678469161716192,0.00031962443560607076,3.052603540499332e-06,1.3235482162697836e-05,0.7389416197669427
1.9040000000000015,0.0040000000000000036,0.0,0.0012677911783338285,0.0003196712379023316,3.053105710621743e-06,1.1115705455210798e-05,0.7390269685045345
1.9080000000000015,0.0040000000000000036,0.0,0.0012677058683328566,0.0003197096341969189,3.0536063433538735e-06,9.020661835439419e-06,0.7391119311407558
1.9120000000000015,0.0040000000000000036,0.0,0.0012675915725372316,0.00031973972922844996,3.0541046855050845e-06,6.952429716823423e-06,0.7391965094507058
1.9160000000000015,0.0040000000000000036,0.0,0.001267448900913822,0.0003197616356912039,3.0546000102147307e-06,4.9130884627931814e-06,0.7392807052010505
1.9200000000000015,0.0040000000000000036,0.0,0.001267278486037578,0.0003197754739700231,3.0550916199966304e-06,2.904942064902682e-06,0.7393645201499903
1.9240000000000015,0.0040000000000000036,0.0,0.001267080981667117,0.00031978137187086954,3.0555788495317794e-06,9.335641261568197e-07,0.7394479560472348
1.9280000000000015,0.0040000000000000036,0.0,0.001266857061936403,0.0003197794643474089,3.0560610683118742e-06,1.0240467423307005e-06,0.7395310146339806
1.9320000000000015,0.0040000000000000036,0.0,0.0012666074200228564,0.0003197698932239905,3.0565376830724513e-06,2.9259955352263916e-06,0.7396136976428933
1.9360000000000015,0.0040000000000000036,0.0,0.0012663327673424422,0.0003197528069153977,3.0570081398475294e-06,4.7941105437560356e-06,0.7396960067980947
1.9400000000000015,0.0040000000000000036,0.0,0.001266033832043972,0.00031972836014373154,3.0574719259317062e-06,6.623686371042821e-06,0.7397779438151537
1.9440000000000015,0.0040000000000000036,0.0,0.0012657113580287025,0.00031969671365280244,3.0579285715642992e-06,8.412868608793389e-06,0.7398595104010838
1.9480000000000015,0.0040000000000000036,0.0,0.0012653661038811129,0.00031965803392038805,3.0583776513281293e-06,1.0160140977953689e-05,0.7399407082543448
1.9520000000000015,0.0040000000000000036,0.0,0.0012649988417099871,0.00031961249286871935,3.0588187853701272e-06,1.1864121956053827e-05,0.7400215390648477
1.9560000000000015,0.0040000000000000036,0.0,0.001264610356074476,0.00031956026757355477,3.059251640337172e-06,1.3523523748690494e-05,0.7401020045139663
1.9600000000000015,0.0040000000000000036,0.0,0.001264201442731168,0.0003195015399721874,3.0596759300068307e-06,1.5137140274903676e-05,0.7401821062745491
1.9640000000000015,0.0040000000000000036,0.0,0.0012637729077281978,0.00031943649657074935,3.0600914158116295e-06,1.6703842783693425e-05,0.7402618460109441
1.9680000000000015,0.0040000000000000036,0.0,0.0012633255661435366,0.0003193653281511458,3.060497907009624e-06,1.822257797133412e-05,0.740341225379018
1.9720000000000015,0.0040000000000000036,0.0,0.0012628602409055969,0.00031928822947797057,3.0608952605955158e-06,1.969236702863025e-05,0.7404202460261877
1.9760000000000015,0.0040000000000000036,0.0,0.0012623777620475601,0.00031920539900572747,3.061283381083613e-06,2.1112305055551946e-05,0.7404989095914517
1.9800000000000015,0.0040000000000000036,0.0,0.001261878965252345,0.00031911703858670127,3.061662220017576e-06,2.2481560605220737e-05,0.7405772177054268
1.9840000000000015,0.0040000000000000036,0.0,0.0012613646910060766,0.0003190233531797945,3.062031775244522e-06,2.3799375262416407e-05,0.7406551719903891
1.9880000000000015,0.0040000000000000036,0.0,0.0012608357836568942,0.0003189245505606519,3.062392089987858e-06,2.506506320342045e-05,0.7407327740603158
1.9920000000000015,0.0040000000000000036,0.0,0.0012602930900261088,0.00031882084103338333,3.062743251732558e-06,2.6278010712872424e-05,0.7408100255209351
1.9960000000000016,0.0040000000000000036,0.0,0.0012597374585394635,0.00031871243714419586,3.0630853908400277e-06,2.7437675647285673e-05,0.7408869279697785
2.0000000000000013,0.0039999999999997815,0.0,0.0012591697383507374,0.00031859955339722657,3.0634186791191317e-06,2.8543586835889684e-05,0.7409634829962299
2.004000000000001,0.0039999999999995595,0.0,0.001258590778369235,0.0003184824059728795,3.063743328121198e-06,2.9595343417501878e-05,0.7410396921815858
2.0080000000000005,0.0039999999999995595,0.0,0.0012580014260141533,0.00031836121244893585,3.0640595872808995e-06,3.059261411515663e-05,0.7411155570991167
2.012,0.0039999999999995595,0.0,0.0012574025264011008,0.00031823619152472783,3.0643677419574395e-06,3.153513644184252e-05,0.7411910793141231
2.0159999999999996,0.0039999999999995595,0.0,0.00125679492143203,0.00031810756274863874,3.0646681113265372e-06,3.2422715844400055e-05,0.7412662603840047
2.019999999999999,0.0039999999999995595,0.0,0.001256179622545115,0.00031797576297311385,3.06496095714058e-06,3.31468935159668e-05,0.7412662603840047
2.0239999999999987,0.0039999999999995595,0.0,0.00125555749498355,0.00031784123578701456,3.06524658379338e-06,3.389763396866805e-05,0.7414165557593003
2.0279999999999982,0.0039999999999995595,0.0,0.0012549285798150248,0.000317703373261386,3.0655257316618317e-06,3.470676715323636e-05,0.7414905207514502
2.031999999999998,0.0039999999999995595,0.0,0.0012542939090799538,0.00031756253376839127,3.0657987870353423e-06,3.5429732978758786e-05,0.7415642132043081
2.0359999999999974,0.0039999999999995595,0.0,0.0012536544373816785,0.00031741902923908993,3.0660661642584842e-06,3.607702528224167e-05,0.741637615531071
2.039999999999997,0.0039999999999995595,0.0,0.0012530110634389438,0.00031727314017063006,3.0663283045330344e-06,3.6655762473069085e-05,0.7417107158182132
2.0439999999999965,0.0039999999999995595,0.0,0.0012523646453997785,0.0003171251255663733,3.0665856730643262e-06,3.71708293913266e-05,0.74178350621303
2.047999999999996,0.0039999999999995595,0.0,0.0012517160099855752,0.00031697522949189483,3.0668387551035422e-06,3.7625639584304416e-05,0.7418559817327668
2.0519999999999956,0.0039999999999995595,0.0,0.0012510659589055684,0.00031682368537483223,3.067088052086063e-06,3.802264329262231e-05,0.7419281394029069
2.055999999999995,0.0039999999999995595,0.0,0.0012504152727103766,0.0003166707188031927,3.0673340776169992e-06,3.836366539155508e-05,0.7419999776429633
2.0599999999999947,0.0039999999999995595,0.0,0.0012497647133196473,0.0003165165493260282,3.0675773537376157e-06,3.865012982560525e-05,0.7420714958336605
2.0639999999999943,0.0039999999999995595,0.0,0.0012491150252194703,0.0003163613915924677,3.0678184073671126e-06,3.888320838872628e-05,0.742142694014639
2.067999999999994,0.0039999999999995595,0.0,0.0012484669365700816,0.0003162054560527733,3.0680577669143435e-06,3.906391915800915e-05,0.7422135726748006
2.0719999999999934,0.0039999999999995595,0.0,0.0012478211595120924,0.0003160489493701393,3.0682959592149873e-06,3.9193191461212264e-05,0.7422841326077178
2.075999999999993,0.0039999999999995595,0.0,0.001247178389846691,0.00031589207464199204,3.068533506609539e-06,3.927190862727235e-05,0.7423543748123729
2.0799999999999925,0.0039999999999995595,0.0,0.0012465393075129052,0.00031573503149631823,3.0687709242413105e-06,3.9300935995688894e-05,0.7424243004252639
2.083999999999992,0.0039999999999995595,0.0,0.0012459045760829129,0.00031557801610647223,3.069008717500717e-06,3.9281139154844445e-05,0.7424939106741162
2.0879999999999916,0.0039999999999995595,0.0,0.0012452748425203605,0.00031542122115325915,3.0692473796386105e-06,3.921339570231299e-05,0.7425632068463979
2.091999999999991,0.0039999999999995595,0.0,0.001244650736667763,0.0003152648357534023,3.0694873895056036e-06,3.9098602706594116e-05,0.7426321902679549
2.0959999999999908,0.0039999999999995595,0.0,0.0012440328712655577,0.0003151090453670721,3.069729209551948e-06,3.893768131486081e-05,0.7427008622885398
2.0999999999999903,0.0039999999999995595,0.0,0.0012434218416121222,0.0003149540316929416,3.0699732837915366e-06,3.873157945214223e-05,0.7427692242720292
2.10399999999999,0.0039999999999995595,0.0,0.0012428182246851625,0.0003147999725564073,3.070220036119935e-06,3.8481273250508666e-05,0.7428372775898174
2.1079999999999894,0.0039999999999995595,0.0,0.0012422225795104768,0.00031464704179478924,3.070469868664334e-06,3.818776761179559e-05,0.7429050236163667
2.111999999999989,0.0039999999999995595,0.0,0.001241635446368397,0.00031449540914211773,3.0707231602538124e-06,3.785209618088477e-05,0.7429724637262141
2.1159999999999886,0.0039999999999995595,0.0,0.0012410573468024228,0.0003143452401152995,3.070980265068242e-06,3.747532090825248e-05,0.7430395992919653
2.119999999999988,0.0039999999999995595,0.0,0.001240488783180041,0.000314196695902936,3.0712415114926685e-06,3.705853132180068e-05,0.7431064316829514
2.1239999999999877,0.0039999999999995595,0.0,0.0012399302384313645,0.00031404993325771747,3.0715072009886632e-06,3.660284358311177e-05,0.7431729622643326
2.1279999999999872,0.0039999999999995595,0.0,0.0012393821758769099,0.00031390510439308376,3.0717776072324417e-06,3.6109399384230924e-05,0.7432391923965084
2.131999999999987,0.0039999999999995595,0.0,0.0012388450391450912,0.00031376235688468693,3.0720529753701724e-06,3.557936471793713e-05,0.7433051234347292
2.1359999999999864,0.0039999999999995595,0.0,0.0012383192518213646,0.0003136218335770689,3.0723335214066497e-06,3.501392855022728e-05,0.7433707567288412
2.139999999999986,0.0039999999999995595,0.0,0.0012378052170975828,0.0003134836724959069,3.072619431732778e-06,3.441430140939893e-05,0.7434360936231279
2.1439999999999855,0.0039999999999995595,0.0,0.0012373033182294317,0.0003133480067661046,3.0729108628434094e-06,3.378171390792585e-05,0.7435011354562076
2.147999999999985,0.0039999999999995595,0.0,0.0012368139178296684,0.00031321496453596485,3.0732079411844554e-06,3.311741520946918e-05,0.7435658835609745
2.1519999999999846,0.0039999999999995595,0.0,0.0012363373580595225,0.0003130846689076451,3.0735107631727605e-06,3.242267144574558e-05,0.7436303392645628
2.155999999999984,0.0039999999999995595,0.0,0.001235873960642988,0.0003129572378740645,3.0738193952257587e-06,3.169876409526974e-05,0.7436945038883324
2.1599999999999837,0.0039999999999995595,0.0,0.0012354240264341107,0.0003128327842623851,3.0741338741207642e-06,3.094698833259105e-05,0.7437583787478638
2.1639999999999833,0.0039999999999995595,0.0,0.0012349878360646076,0.0003127114156841776,3.074454207404733e-06,3.0168651351510742e-05,0.7438219651529558
2.167999999999983,0.0039999999999995595,0.0,0.0012345656492466206,0.00031259323449234704,3.074780373947948e-06,2.9365070671758418e-05,0.7438852644076319
2.1719999999999824,0.0039999999999995595,0.0,0.0012341577052463223,0.000312478337744875,3.0751123245160695e-06,2.853757243234503e-05,0.7439482778101492
2.175999999999982,0.0039999999999995595,0.0,0.0012337642229115515,0.0003123668171753973,3.0754499825801236e-06,2.7687489683161822e-05,0.7440110066530051
2.1799999999999815,0.0039999999999995595,0.0,0.001233385400612597,0.00031225875917062257,3.075793245331341e-06,2.681616067596427e-05,0.7440734522229467
2.183999999999981,0.0039999999999995595,0.0,0.0012330214163661967,0.00031215424475457146,3.076141984684371e-06,2.5924927162418863e-05,0.744135615800975
2.1879999999999806,0.0039999999999995595,0.0,0.0012326724280531775,0.0003120533495795979,3.076496048253448e-06,2.5015132703073736e-05,0.7441974986623581
2.19199999999998,0.0039999999999995595,0.0,0.0012323385734597098,0.0003119561439241224,3.076855260657432e-06,2.408812099479941e-05,0.74425910207663
2.1959999999999797,0.0039999999999995595,0.0,0.0012320199705924666,0.0003118626926970198,3.0772194248357637e-06,2.3145234216468163e-05,0.7443204273076092
2.1999999999999793,0.0039999999999995595,0.0,0.0012317167176372726,0.0003117730554485407,3.077588323352158e-06,2.2187811404047677e-05,0.7443814756133962
2.203999999999979,0.0039999999999995595,0.0,0.001231428893462214,0.0003116872863876675,3.0779617198677803e-06,2.1217186853464535e-05,0.74444224824638
2.2079999999999784,0.0039999999999995595,0.0,0.0012311565577643499,0.00031160543440578625,3.078339360771996e-06,2.0234688554033075e-05,0.7445027464532463
2.211999999999978,0.0039999999999995595,0.0,0.0012308997509496095,0.00031152754310652435,3.078720976565219e-06,1.9241636665488183e-05,0.7445629714749856
2.2159999999999775,0.0039999999999995595,0.0,0.0012306584950084968,0.0003114536508415937,3.07910628352371e-06,1.8239342031405832e-05,0.7446229245468841
2.219999999999977,0.0039999999999995595,0.0,0.0012304327934940962,0.00031138379075251244,3.0794949853519467e-06,1.7229104732927335e-05,0.7446826068985415
2.2239999999999767,0.0039999999999995595,0.0,0.0012302226315937916,0.00031131799081801886,3.0798867748426763e-06,1.6212212692795742e-05,0.7447420197538763
2.227999999999976,0.0039999999999995595,0.0,0.001230027977016887,0.0003112562739070023,3.080281335609592e-06,1.5189940328797148e-05,0.7448011643311255
2.231999999999976,0.0039999999999995595,0.0,0.0012298487797129272,0.0003111986578367738,3.0806783437459115e-06,1.416354726318848e-05,0.7448600418428546
2.2359999999999753,0.0039999999999995595,0.0,0.0012296849727667916,0.0003111451554364892,3.081077469562486e-06,1.3134277090900424e-05,0.7449186534959601
2.239999999999975,0.0039999999999995595,0.0,0.0012295364723947928,0.00031109577461554234,3.0814783792627683e-06,1.2103356219702174e-05,0.7449770004916804
2.2439999999999745,0.0039999999999995595,0.0,0.0012294031783954239,0.00031105051843672465,3.0818807366360032e-06,1.1071992795891746e-05,0.7450350840256008
2.247999999999974,0.0039999999999995595,0.0,0.0012292849747840718,0.0003110093851939686,3.0822842046967862e-06,1.0041375741991871e-05,0.7450929052876644
2.2519999999999736,0.0039999999999995595,0.0,0.0012291817297987464,0.00031097236849446976,3.0826884473611997e-06,9.012673956210014e-06,0.745150465462179
2.255999999999973,0.0039999999999995595,0.0,0.0012290932967215498,0.00031093945734499747,3.0830931309437582e-06,7.987035773491842e-06,0.745207765727829
2.2599999999999727,0.0039999999999995595,0.0,0.0012290195138901555,0.000310910636242193,3.0834979258174285e-06,6.965588895780611e-06,0.7452648072576873
2.2639999999999723,0.0039999999999995595,0.0,0.0012289602056151836,0.00031088588526666336,3.0839025078892488e-06,5.9494412864138775e-06,0.7453215912192276
2.267999999999972,0.0039999999999995595,0.0,0.0012289151821064568,0.000310865180180667,3.0843065599881427e-06,4.939684295515125e-06,0.7453781187743367
2.2719999999999714,0.0039999999999995595,0.0,0.0012288842403952354,0.0003108484925292085,3.0847097732740364e-06,3.937401818158808e-06,0.7454343910793321
2.275999999999971,0.0039999999999995595,0.0,0.001228867164355218,0.0003108357897443372,3.0851118485483874e-06,2.9436993337186802e-06,0.7454904092849763
2.2799999999999705,0.0039999999999995595,0.0,0.0012288637257192514,0.0003108270352524654,3.0855124974885282e-06,1.9598213548794447e-06,0.7455461745364962
2.28399999999997,0.0039999999999995595,0.0,0.0012288736840136733,0.0003108221885845107,3.0859114438209944e-06,9.87958990080712e-07,0.7456016879735996
2.2879999999999696,0.0039999999999995595,0.0,0.0012288967872169832,0.0003108212054886809,3.0863084244047484e-06,1.0126438375191082e-07,0.7456569507304968
2.291999999999969,0.0039999999999995595,0.0,0.0012289327726005773,0.0003108240380457128,3.086703190182902e-06,9.361757913628028e-07,0.7457119639359245
2.2959999999999687,0.0039999999999995595,0.0,0.0012289813665768894,0.0003108306347863801,3.0870955071017163e-06,1.871248860450805e-06,0.7457667287131664
2.2999999999999683,0.0039999999999995595,0.0,0.001229042285632664,0.00031084094081108783,3.0874851569493274e-06,2.7941449702438213e-06,0.745821246180078
2.303999999999968,0.0039999999999995595,0.0,0.0012291152369016262,0.0003108548979113765,3.087871938059962e-06,3.7027103600186237e-06,0.745875517449112
2.3079999999999674,0.0039999999999995595,0.0,0.0012291999183764453,0.0003108724446931636,3.0882556659086797e-06,4.59589289189996e-06,0.7459295436273489
2.311999999999967,0.0039999999999995595,0.0,0.001229296019392195,0.00031089351670153883,3.0886361736855023e-06,5.472848078305029e-06,0.7459833258165234
2.3159999999999665,0.0039999999999995595,0.0,0.0012294032214713259,0.00031091804654694526,3.08901331272356e-06,6.3328131572481586e-06,0.7460368651130528
2.319999999999966,0.0039999999999995595,0.0,0.001229521198536469,0.00031094596403257775,3.0893869527833485e-06,7.175076010674269e-06,0.7460901626080712
2.3239999999999656,0.0039999999999995595,0.0,0.0012296493987171695,0.0003109770206458348,3.0897570422184564e-06,7.911126377438163e-06,0.7460901626080712
2.327999999999965,0.0039999999999995595,0.0,0.001229787021032598,0.00031101074124286187,3.0901237017398276e-06,8.587737442871092e-06,0.746143219387461
2.3319999999999648,0.0039999999999995595,0.0,0.0012299343156087984,0.0003110474700110375,3.0904868364793745e-06,9.397884939564082e-06,0.7462498150855935
2.3359999999999643,0.0039999999999995595,0.0,0.0012300917264572125,0.0003110877484154261,3.0908461999256424e-06,1.0268107601687926e-05,0.7463019159510965
2.339999999999964,0.0039999999999995595,0.0,0.0012302586470515854,0.00031113133211939923,3.09120172001833e-06,1.1081014128924723e-05,0.746353855158149
2.3439999999999634,0.0039999999999995595,0.0,0.001230434547479812,0.0003111780276593329,3.091553356427699e-06,1.1848044675372189e-05,0.7464056105920984
2.347999999999963,0.0039999999999995595,0.0,0.0012306189482691199,0.000311227675197663,3.091901095561822e-06,1.2576754650362999e-05,0.7464571671843894
2.3519999999999626,0.0039999999999995595,0.0,0.001230811403696701,0.00031128013703738365,3.092244947342354e-06,1.3272113379593885e-05,0.7465085148292451
2.355999999999962,0.0039999999999995595,0.0,0.0012310114900700392,0.00031133528998674093,3.0925849430679087e-06,1.393737174410146e-05,0.7465596468868727
2.3599999999999617,0.0039999999999995595,0.0,0.0012312187981622128,0.00031139302029360895,3.092921133665586e-06,1.457464113584117e-05,0.7466105591218832
2.3639999999999612,0.0039999999999995595,0.0,0.0012314329286268364,0.0003114532202931793,3.093253588259279e-06,1.5185279407291016e-05,0.7466612489578149
2.367999999999961,0.0039999999999995595,0.0,0.0012316534885871762,0.0003115157861971714,3.0935823928216524e-06,1.5770147999233572e-05,0.7467117149576599
2.3719999999999604,0.0039999999999995595,0.0,0.0012318800896689351,0.00031158061664332385,3.0939076489733255e-06,1.6329783194123747e-05,0.7467619564640811
2.37599999999996,0.0039999999999995595,0.0,0.0012321123469345961,0.00031164761175129217,3.0942294727753584e-06,1.686451020435991e-05,0.7468119733514283
2.3799999999999595,0.0039999999999995595,0.0,0.0012323498777273671,0.00031171667251608196,3.0945479935487733e-06,1.7374519238549408e-05,0.7468617658554789
2.383999999999959,0.0039999999999995595,0.0,0.0012325923018661467,0.0003117877004267845,3.0948633527163987e-06,1.785991630557682e-05,0.7469113344568941
2.3879999999999586,0.0039999999999995595,0.0,0.001232839240938385,0.0003118605972360586,3.0951757026974653e-06,1.832075723488411e-05,0.7469606798016447
2.391999999999958,0.0039999999999995595,0.0,0.0012330903189430352,0.0003119352648308473,3.0954852058026483e-06,1.8757070550536e-05,0.7470098026467705
2.3959999999999577,0.0039999999999995595,0.0,0.0012333451617612312,0.0003120116051714353,3.095792033186349e-06,1.9168872940424586e-05,0.7470587038234675
2.3999999999999573,0.0039999999999995595,0.0,0.0012336033976163507,0.00031208952027696836,3.0960963637713403e-06,1.9556179795696906e-05,0.7471073842119873
2.403999999999957,0.0039999999999995595,0.0,0.0012338646575322822,0.0003121689122428535,3.0963983832448767e-06,1.991901246180798e-05,0.7471558447245843
2.4079999999999564,0.0039999999999995595,0.0,0.0012341285751601705,0.00031224968328027157,3.0966982830158185e-06,2.025740328370758e-05,0.7472040862939343
2.411999999999956,0.0039999999999995595,0.0,0.0012343947874136564,0.0003123317357712151,3.0969962592179495e-06,2.057139916068721e-05,0.7472521098652665
2.4159999999999555,0.0039999999999995595,0.0,0.0012346629345625988,0.00031241497233457744,3.0972925117111566e-06,2.086106408432027e-05,0.7472999163910223
2.419999999999955,0.0039999999999995595,0.0,0.0012349326605952274,0.0003124992959001848,3.0975872430566515e-06,2.112648096643704e-05,0.7473475068272312
2.4239999999999546,0.0039999999999995595,0.0,0.001235203613578703,0.00031258460978857746,3.097880657584155e-06,2.1367752963869976e-05,0.7473948821310462
2.427999999999954,0.0039999999999995595,0.0,0.0012354754459282535,0.00031267081779495293,3.098172960422605e-06,2.1585004435240194e-05,0.7474420432590745
2.4319999999999538,0.0039999999999995595,0.0,0.00123574781458506,0.00031275782427607636,3.0984643564604915e-06,2.1778381617748694e-05,0.7474889911662478
2.4359999999999533,0.0039999999999995595,0.0,0.0012360203814623623,0.0003128455342392117,3.0987550496080784e-06,2.194805308156826e-05,0.7475357268050534
2.439999999999953,0.0039999999999995595,0.0,0.0012362928138900072,0.00031293385343233684,3.0990452417461352e-06,2.2094210007073403e-05,0.7475822511250283
2.4439999999999524,0.0039999999999995595,0.0,0.0012365647845187873,0.00031302268843499053,3.0993351318458045e-06,2.221706630625295e-05,0.7476285650724098
2.447999999999952,0.0039999999999995595,0.0,0.0012368359718523802,0.00031311194674920126,3.0996249151063215e-06,2.2316858610443474e-05,0.7476746695899134
2.4519999999999516,0.0039999999999995595,0.0,0.0012371060605982768,0.00031320153689001583,3.099914782109285e-06,2.2393846141812778e-05,0.7477205656165875
2.455999999999951,0.0039999999999995595,0.0,0.0012373747417483189,0.00031329136847518536,3.100204918088179e-06,2.244831047538682e-05,0.7477662540877223
2.4599999999999507,0.0039999999999995595,0.0,0.001237641712837835,0.00031338135231361605,3.1004955020953422e-06,2.248055520645984e-05,0.7478117359348011
2.4639999999999502,0.0039999999999995595,0.0,0.0012379066784728515,0.0003134714004922104,3.1007867063346105e-06,2.249090552662287e-05,0.7478570120854708
2.46799999999995,0.0039999999999995595,0.0,0.0012381693503180464,0.00031356142646078586,3.101078695420358e-06,2.24797077222217e-05,0.7479020834635367
2.4719999999999493,0.0039999999999995595,0.0,0.0012384294471738497,0.00031365134511476014,3.101371625795647e-06,2.244732859860414e-05,0.7479469509889648
2.475999999999949,0.0039999999999995595,0.0,0.0012386866955907613,0.000313741072875342,3.101665645099993e-06,2.2394154839880693e-05,0.7479916155778944
2.4799999999999485,0.0039999999999995595,0.0,0.0012389408298552412,0.00031383052776698395,3.101960891698718e-06,2.232059230962968e-05,0.7480360781426554
2.483999999999948,0.0039999999999995595,0.0,0.001239191592154479,0.0003139196294918849,3.1022574941576173e-06,2.2227065301326e-05,0.7480803395917872
2.4879999999999476,0.0039999999999995595,0.0,0.0012394387328302815,0.0003140082995013687,3.102555570822235e-06,2.211401574557015e-05,0.7481244008300626
2.491999999999947,0.0039999999999995595,0.0,0.0012396820105429055,0.00031409646106397116,3.102855229496152e-06,2.1981902378564085e-05,0.7481682627585103
2.4959999999999467,0.0039999999999995595,0.0,0.0012399211922554903,0.0003141840393301052,3.1031565670916234e-06,2.1831199877382933e-05,0.7482119262744367
2.4999999999999463,0.0039999999999995595,0.0,0.0012401560537555834,0.000314270961393199,3.103459669427394e-06,2.166239797397114e-05,0.7482553922714484
2.503999999999946,0.0039999999999995595,0.0,0.0012403863793705133,0.0003143571563472274,3.1037646109734424e-06,2.1476000546659773e-05,0.7482986616394753
2.5079999999999454,0.0039999999999995595,0.0,0.001240611962309576,0.00031444255534056337,3.104071454709526e-06,2.127252469786093e-05,0.7483417352647905
2.511999999999945,0.0039999999999995595,0.0,0.0012408326047375422,0.0003145270916261148,3.10438025213413e-06,2.105249982239011e-05,0.748384614030029
2.5159999999999445,0.0039999999999995595,0.0,0.0012410481176693482,0.0003146107006077168,3.1046910431951605e-06,2.0816466670109804e-05,0.7484272988142058
2.519999999999944,0.0039999999999995595,0.0,0.0012412583214912313,0.0003146933198827759,3.1050038563527362e-06,2.0564976409332885e-05,0.7484697904927335
2.5239999999999436,0.0039999999999995595,0.0,0.0012414630454084788,0.00031477488928116756,3.1053187087523264e-06,2.0298589690138765e-05,0.7485120899374358
2.527999999999943,0.0039999999999995595,0.0,0.0012416621282352787,0.0003148553509004116,3.10563560627647e-06,2.001787571502534e-05,0.7485541980165626
2.5319999999999427,0.0039999999999995595,0.0,0.0012418554175749837,0.00031493464913715994,3.1059545436646044e-06,1.9723411321382455e-05,0.7485961155948004
2.5359999999999423,0.0039999999999995595,0.0,0.0012420427706999278,0.00031501273071502835,3.106275505017528e-06,1.941578006704935e-05,0.7486378435332877
2.539999999999942,0.0039999999999995595,0.0,0.0012422240539115528,0.0003150895447088347,3.106598463914988e-06,1.9095571338262128e-05,0.7486793826896152
2.5439999999999414,0.0039999999999995595,0.0,0.0012423991427058683,0.0003151650425653038,3.1069233838151664e-06,1.876337946918664e-05,0.7487207339178432
2.547999999999941,0.0039999999999995595,0.0,0.0012425679222073504,0.0003152391781202962,3.1072502184395393e-06,1.8419802876804473e-05,0.7487618980685052
2.5519999999999405,0.0039999999999995595,0.0,0.0012427302864416844,0.00031531190761263775,3.1075789122663252e-06,1.8065443216469372e-05,0.7488028759886136
2.55599999999994,0.0039999999999995595,0.0,0.0012428861388602578,0.0003153831896946251,3.1079094009653945e-06,1.770090455551325e-05,0.7488436685216648
2.5599999999999397,0.0039999999999995595,0.0,0.0012430353917930947,0.00031545298543928126,3.1082416118525035e-06,1.7326792565669368e-05,0.7488842765076433
2.563999999999939,0.0039999999999995595,0.0,0.001243177967153112,0.00031552125834444325,3.1085754645201703e-06,1.694371373636213e-05,0.7489247007830232
2.5679999999999388,0.0039999999999995595,0.0,0.0012433137954439512,0.00031558797433376703,3.1089108713389383e-06,1.65522746102119e-05,0.7489649421807721
2.5719999999999383,0.0039999999999995595,0.0,0.0012434428164655941,0.00031565310175473587,3.1092477380816052e-06,1.6153081038785064e-05,0.7490050015303529
2.575999999999938,0.0039999999999995595,0.0,0.0012435649786810645,0.00031571661137374315,3.1095859644956512e-06,1.574673745616105e-05,0.7490448796577237
2.5799999999999375,0.0039999999999995595,0.0,0.0012436802395661825,0.00031577847636835065,3.1099254449509474e-06,1.5333846180332415e-05,0.7490845773853388
2.583999999999937,0.0039999999999995595,0.0,0.0012437885652457406,0.0003158386723167964,3.110266069097414e-06,1.4915006729196285e-05,0.7491240955321511
2.5879999999999366,0.0039999999999995595,0.0,0.001243889930309107,0.0003158971771848365,3.1106077224902175e-06,1.449081516121477e-05,0.7491634349136074
2.591999999999936,0.0039999999999995595,0.0,0.0012439843178943684,0.00031595397131000286,3.1109502872886656e-06,1.4061863433868328e-05,0.7492025963416519
2.5959999999999357,0.0039999999999995595,0.0,0.0012440717196839032,0.00031600903738336454,3.1112936428644384e-06,1.3628738786901996e-05,0.7492415806247239
2.5999999999999353,0.0039999999999995595,0.0,0.0012441521352760266,0.00031606236042886697,3.1116376664664014e-06,1.3192023141052061e-05,0.7492803885677584
2.603999999999935,0.0039999999999995595,0.0,0.0012442255726283385,0.00031611392778033235,3.111982233942197e-06,1.2752292520256831e-05,0.7493190209721853
2.6079999999999344,0.0039999999999995595,0.0,0.0012442920474308912,0.00031616372905620115,3.112327220305756e-06,1.2310116492423401e-05,0.7493574786359285
2.611999999999934,0.0039999999999995595,0.0,0.0012443515832832285,0.00031621175613208695,3.112672500435046e-06,1.1866057628994524e-05,0.7493957623534068
2.6159999999999335,0.0039999999999995595,0.0,0.0012444043126875212,0.0003162580698207243,3.113018024437421e-06,1.1454000997703362e-05,0.7493957623534068
2.619999999999933,0.0039999999999995595,0.0,0.0012444503978077958,0.0003163027479096009,3.113363819887848e-06,1.1021064482671759e-05,0.7494722917184081
2.6239999999999326,0.0039999999999995595,0.0,0.0012444895138507765,0.0003163455453450219,3.113709529830606e-06,1.0553306197025407e-05,0.7495099574841283
2.627999999999932,0.0039999999999995595,0.0,0.0012445217651342545,0.0003163864961369152,3.1140550349721987e-06,1.0093396512990127e-05,0.7495474833445396
2.6319999999999317,0.0039999999999995595,0.0,0.0012445472465729248,0.0003164256256389729,3.114400217184726e-06,9.639415920369933e-06,0.7495848607235293
2.6359999999999313,0.0039999999999995595,0.0,0.0012445660483235016,0.00031646295385586186,3.114744961600471e-06,9.19019599987752e-06,0.7496220837866152
2.639999999999931,0.0039999999999995595,0.0,0.0012445782594474734,0.00031649849772214086,3.1150891578021465e-06,8.745085126589924e-06,0.7496591486758486
2.6439999999999304,0.0039999999999995595,0.0,0.0012445839699676356,0.0003165322726627469,3.115432700482083e-06,8.303784962191633e-06,0.7496960529385613
2.64799999999993,0.0039999999999995595,0.0,0.0012445832722108442,0.00031656429365375244,3.115775489751025e-06,7.866236830011566e-06,0.7497327951105317
2.6519999999999295,0.0039999999999995595,0.0,0.0012445762620616181,0.0003165945759368004,3.1161174314275733e-06,7.432543034159946e-06,0.7497693744168709
2.655999999999929,0.0039999999999995595,0.0,0.0012445630395022838,0.0003166231354941945,3.1164584371890375e-06,7.002912519400751e-06,0.7498057905600345
2.6599999999999286,0.0039999999999995595,0.0,0.0012445437088857416,0.0003166499893589454,3.116798424694763e-06,6.5776234203711615e-06,0.7498420435710387
2.663999999999928,0.0039999999999995595,0.0,0.001244518378851653,0.0003166751558111312,3.117137317787209e-06,6.1569972808840576e-06,0.7498781337058013
2.6679999999999278,0.0039999999999995595,0.0,0.0012444871631349566,0.0003166986544959805,3.1174750465571856e-06,5.741381315853113e-06,0.7499140613733581
2.6719999999999273,0.0039999999999995595,0.0,0.0012444501797688916,0.0003167205064880209,3.117811547525007e-06,5.331136205977417e-06,0.7499498270863878
2.675999999999927,0.0039999999999995595,0.0,0.0012444075512694952,0.0003167407343179734,3.118146763759313e-06,4.926627693576389e-06,0.7499854314272352
2.6799999999999264,0.0039999999999995595,0.0,0.0012443594045526629,0.00031675936197383454,3.118480644983313e-06,4.528220800443036e-06,0.7500208750246542
2.683999999999926,0.0039999999999995595,0.0,0.0012443058706729222,0.0003167764148839636,3.1188131477692385e-06,4.13627586158685e-06,0.7500561585379169
2.6879999999999256,0.0039999999999995595,0.0,0.0012442470849192014,0.0003167919198875681,3.1191442355515493e-06,3.751145857859218e-06,0.750091282645994
2.691999999999925,0.0039999999999995595,0.0,0.001244183186107659,0.0003168059051962428,3.119473878648812e-06,3.373174698674383e-06,0.750126248040179
2.6959999999999247,0.0039999999999995595,0.0,0.0012441143167667723,0.00031681840034911954,3.119802054388682e-06,3.002696307413616e-06,0.7501610554190762
2.6999999999999242,0.0039999999999995595,0.0,0.0012440406229655792,0.00031682943616339313,3.1201287470386253e-06,2.6400345096265057e-06,0.7501957054851978
2.703999999999924,0.0039999999999995595,0.0,0.001243962253606415,0.0003168390446814676,3.1204539478570647e-06,2.2855040067827206e-06,0.7502301989426547
2.7079999999999234,0.0039999999999995595,0.0,0.0012438793609669664,0.00031684725911560336,3.12077765495289e-06,1.9394132469148456e-06,0.7502645364955867
2.711999999999923,0.0039999999999995595,0.0,0.0012437920995465668,0.00031685411379071317,3.1210998732428286e-06,1.6020714357336437e-06,0.7502987188471052
2.7159999999999225,0.0039999999999995595,0.0,0.00124370062687587,0.0003168596440857794,3.121420614314616e-06,1.2738062947135557e-06,0.7503327466985729
2.719999999999922,0.0039999999999995595,0.0,0.0012436051023627752,0.0003168638863742721,3.1217398962493085e-06,9.550158080584575e-07,0.7503666207491214
2.7239999999999216,0.0039999999999995595,0.0,0.0012435056875662585,0.0003168668779638457,3.1220577434161382e-06,6.463613849111713e-07,0.750400341695326
2.727999999999921,0.0039999999999995595,0.0,0.0012434026046867352,0.00031686871563247975,3.1223741968969193e-06,3.7848487932731916e-07,0.750400341695326
2.7319999999999207,0.0039999999999995595,0.0,0.0012432960549797532,0.000316869501599714,3.1226893519506668e-06,1.1791215897174717e-07,0.7504677496808622
2.7359999999999203,0.0039999999999995595,0.0,0.0012431859615556345,0.0003168690546412062,3.1230032364693463e-06,2.2922626999265823e-07,0.7505009272858407
2.73999999999992,0.0039999999999995595,0.0,0.0012430725461297385,0.0003168674506146071,3.123315880554848e-06,5.062615429193804e-07,0.7505339814176697
2.7439999999999194,0.0039999999999995595,0.0,0.0012429560134994582,0.0003168647543276721,3.1236273215897204e-06,7.732955798680237e-07,0.7505669046745977
2.747999999999919,0.0039999999999995595,0.0,0.0012428365574375865,0.0003168610232488024,3.1239376046956456e-06,1.0274682901033294e-06,0.7505996920034801
2.7519999999999185,0.0039999999999995595,0.0,0.0012427143637293765,0.0003168563100080013,3.124246782304332e-06,1.2691404530781186e-06,0.7506323400535673
2.755999999999918,0.0039999999999995595,0.0,0.001242589612853366,0.0003168506640737466,3.124554913351536e-06,1.4987990251144455e-06,0.7506648466895374
2.7599999999999176,0.0039999999999995595,0.0,0.0012424624818591094,0.0003168441328699405,3.1248620624289207e-06,1.716810427630952e-06,0.7506972106338196
2.763999999999917,0.0039999999999995595,0.0,0.0012423331449051707,0.0003168367625133131,3.125168298899836e-06,1.9234220283444455e-06,0.7507294312086585
2.7679999999999167,0.0039999999999995595,0.0,0.0012422017742439923,0.00031682859829413256,3.1254736959493058e-06,2.1187936778463797e-06,0.7507615081526238
2.7719999999999163,0.0039999999999995595,0.0,0.0012420685404026135,0.0003168196849836465,3.1257783299078675e-06,2.3030266790950033e-06,0.7507934414914172
2.775999999999916,0.0039999999999995595,0.0,0.0012419336127208022,0.00031681006702481506,3.126082279267819e-06,2.4761856426618333e-06,0.7508252314476656
2.7799999999999154,0.0039999999999995595,0.0,0.0012417971588164175,0.00031679978864454354,3.126385624214381e-06,2.6383140059384457e-06,0.7508568783782994
2.783999999999915,0.0039999999999995595,0.0,0.001241659364704907,0.00031678892934297966,3.126688442152925e-06,2.7717611387655816e-06,0.7508568783782994
2.7879999999999145,0.0039999999999995595,0.0,0.001241520403960103,0.0003167776054148418,3.1269908466512975e-06,2.8893291232934265e-06,0.7508883827313213
2.791999999999914,0.0039999999999995595,0.0,0.0012413803463963726,0.000316765797193833,3.1272929886337497e-06,3.0118464324527438e-06,0.7509201410995757
2.7959999999999137,0.0039999999999995595,0.0,0.0012412392699065861,0.00031675349094425586,3.127594991106832e-06,3.136240821158944e-06,0.7509516782758914
2.7999999999999132,0.0039999999999995595,0.0,0.001241097283993996,0.0003167406943815517,3.127896960095991e-06,3.2575145571731483e-06,0.7509830141444597
2.803999999999913,0.0039999999999995595,0.0,0.0012409545209339798,0.00031672743103695775,3.1281989878447995e-06,3.372142362055163e-06,0.7510141676107969
2.8079999999999123,0.0039999999999995595,0.0,0.0012408111220087125,0.0003167137087585939,3.1285011547482447e-06,3.490740526601784e-06,0.7510759768213606
2.811999999999912,0.0039999999999995595,0.0,0.0012406672735759993,0.00031669952219158217,3.128803493426401e-06,3.599274030335448e-06,0.7511062615173623
2.8159999999999115,0.0039999999999995595,0.0,0.0012405232226684795,0.0003166849761234514,3.129106012230469e-06,3.6832445039575664e-06,0.751136480683201
2.819999999999911,0.0039999999999995595,0.0,0.0012403791808991334,0.00031667015348356024,3.129408734363178e-06,3.7475900169828273e-06,0.7511666128514106
2.8239999999999106,0.0039999999999995595,0.0,0.0012402353352724826,0.00031665512237579737,3.129711695593589e-06,3.7956625024668186e-06,0.7511966431421784
2.82799999999991,0.0039999999999995595,0.0,0.0012400918553323627,0.00031663994081151465,3.1300149411982726e-06,3.8297470004472725e-06,0.7512265613710118
2.8319999999999097,0.0039999999999995595,0.0,0.0012399488978969276,0.0003166246598870901,3.1303185228430057e-06,3.8514127069768494e-06,0.7512563606645707
2.8359999999999093,0.0039999999999995595,0.0,0.001239806610364013,0.0003166093259115848,3.130622495719981e-06,3.861749850186794e-06,0.7512860364653573
2.839999999999909,0.0039999999999995595,0.0,0.0012396651325857248,0.0003165939818268627,3.1309269161404556e-06,3.861529276373231e-06,0.7513155858251231
2.8439999999999084,0.0039999999999995595,0.0,0.0012395245987442168,0.00031657866815153516,3.1312318394469324e-06,3.851309823844396e-06,0.7513450069080947
2.847999999999908,0.0039999999999995595,0.0,0.001239385137974558,0.00031656342360476646,3.1315373184336847e-06,3.831510501312532e-06,0.751374298644344
2.8519999999999075,0.0039999999999995595,0.0,0.001239246874808765,0.0003165482855149997,3.131843402094724e-06,3.802458972202646e-06,0.7514034604893494
2.855999999999907,0.0039999999999995595,0.0,0.0012391099299784592,0.0003165332900842218,3.132150134725039e-06,3.7644241224271968e-06,0.7514324922579786
2.8599999999999066,0.0039999999999995595,0.0,0.0012389744203219139,0.00031651847255520824,3.1324575552954726e-06,3.71763793402607e-06,0.7514613940102777
2.863999999999906,0.0039999999999995595,0.0,0.0012388404588702239,0.0003165038673135971,3.1327656970457307e-06,3.662310179184498e-06,0.7514901659731162
2.8679999999999057,0.0039999999999995595,0.0,0.0012387081553816286,0.00031648950794615555,3.1330745872490865e-06,3.5986383033015804e-06,0.7515188084865353
2.8719999999999053,0.0039999999999995595,0.0,0.0012385776155315904,0.00031647542726962103,3.133384247229908e-06,3.526814061826931e-06,0.7515473219670772
2.875999999999905,0.0039999999999995595,0.0,0.0012384489417159724,0.00031646165733979005,3.1336946923626656e-06,3.447027977169015e-06,0.7515757068827345
2.8799999999999044,0.0039999999999995595,0.0,0.001238322232689188,0.00031644822944739613,3.1340059321733117e-06,3.3594723199357896e-06,0.7516039637358511
2.883999999999904,0.0039999999999995595,0.0,0.001238197583202126,0.00031643517410523804,3.1343179706184513e-06,3.26434308193052e-06,0.7516320930514513
2.8879999999999035,0.0039999999999995595,0.0,0.0012380750846262753,0.00031642252102960587,3.1346308062972854e-06,3.161841261719448e-06,0.7516600953692693
2.891999999999903,0.0039999999999995595,0.0,0.0012379548243226977,0.0003164102991181325,3.1349444327109208e-06,3.052173671187094e-06,0.7516879712383061
2.8959999999999027,0.0039999999999995595,0.0,0.0012378368859075678,0.0003163985364255777,3.135258838503741e-06,2.9355534019098707e-06,0.7517157212131151
2.899999999999902,0.0039999999999995595,0.0,0.0012377213490694162,0.0003163872601385973,3.1355740079344086e-06,2.812200068782593e-06,0.751743345851249
2.9039999999999018,0.0039999999999995595,0.0,0.001237608289476032,0.00031637649655028623,3.1358899210156003e-06,2.6823398754327297e-06,0.7517708457115134
2.9079999999999013,0.0039999999999995595,0.0,0.0012374977790402405,0.00031636627103510105,3.1362065538705103e-06,2.546205570659023e-06,0.751798221352778
2.911999999999901,0.0039999999999995595,0.0,0.0012373898854681135,0.00031635660802459975,3.1365238790353766e-06,2.404036336024872e-06,0.7518254733331577
2.9159999999999004,0.0039999999999995595,0.0,0.0012372846725248702,0.0003163475309843429,3.1368418657591e-06,2.2560776466447936e-06,0.7518526022094466
2.9199999999999,0.0039999999999995595,0.0,0.0012371821997625807,0.00031633906239223006,3.1371604802732325e-06,2.1025811571060355e-06,0.751879608536735
2.9239999999998996,0.0039999999999995595,0.0,0.0012370825228760515,0.00031633122371848513,3.1374796860626667e-06,1.9438046847934746e-06,0.7519064928681469
2.927999999999899,0.0039999999999995595,0.0,0.0012369856932512204,0.00031632403540745067,3.1377994441611585e-06,1.780012408057493e-06,0.7519332557546556
2.9319999999998987,0.0039999999999995595,0.0,0.0012368917581417685,0.0003163175168613288,3.1381197134549697e-06,1.6114754911425667e-06,0.7519598977449699
2.9359999999998982,0.0039999999999995595,0.0,0.0012368007609357024,0.0003163116864259496,3.138440450934452e-06,1.438473573544571e-06,0.7519864193854465
2.939999999999898,0.0039999999999995595,0.0,0.0012367127407040038,0.0003163065613786344,3.138761611850044e-06,1.2612980458460566e-06,0.7520128212200367
2.9439999999998974,0.0039999999999995595,0.0,0.001236627732377664,0.00031630215791819504,3.139083149976622e-06,1.0802593776645625e-06,0.7520391037902555
2.947999999999897,0.0039999999999995595,0.0,0.0012365457669249336,0.0003162984911570889,3.139405017858223e-06,8.957045943863045e-07,0.7520652676351622
2.9519999999998965,0.0039999999999995595,0.0,0.0012364668712594121,0.00031629557511571657,3.1397271671535943e-06,7.08064379061479e-07,0.7520913132913473
2.955999999999896,0.0039999999999995595,0.0,0.0012363910681482443,0.00031629342271884445,3.1400495487749582e-06,5.180075497632163e-07,0.7521172412929271
2.9599999999998956,0.0039999999999995595,0.0,0.0012363183763898311,0.0003162920457941167,3.1403721130493456e-06,3.271482533183332e-07,0.7521430521715441
2.963999999999895,0.0039999999999995595,0.0,0.0012362488109917535,0.00031629145507260667,3.140694810149101e-06,1.4447459348457218e-07,0.752168746456377
2.9679999999998947,0.0039999999999995595,0.0,0.0012361823827202263,0.00031629166019134225,3.1410175901319992e-06,1.1366337907096384e-07,0.7521943246741392
2.9719999999998943,0.0039999999999995595,0.0,0.0012361190988171536,0.0003162926696977292,3.1413404031282294e-06,2.9293657779983203e-07,0.752219787349082
2.975999999999894,0.0039999999999995595,0.0,0.001236058962460081,0.0003162944910558105,3.1416631996443028e-06,4.917188873432591e-07,0.7522451350030163
2.9799999999998934,0.0039999999999995595,0.0,0.001236001973300016,0.0003162971306542686,3.1419859307475474e-06,6.947427916152363e-07,0.7522703681553146
2.983999999999893,0.0039999999999995595,0.0,0.0012359481270114404,0.00031630059381607996,3.142308548253522e-06,8.999187035891248e-07,0.7522954873229221
2.9879999999998925,0.0039999999999995595,0.0,0.0012358974159203246,0.0003163048848097335,3.142631004905535e-06,1.1064927976439296e-06,0.7523204930203676
2.991999999999892,0.0039999999999995595,0.0,0.0012358498286442515,0.00031631000686192356,3.1429532545866134e-06,1.3140189494047617e-06,0.7523453857597757
2.9959999999998916,0.0039999999999995595,0.0,0.0012358053503614597,0.00031631596217161594,3.1432752525051498e-06,1.522154929043033e-06,0.7523701660508768
2.999999999999891,0.0039999999999995595,0.0,0.0012357639629003946,0.00031632275192540346,3.143596955254405e-06,1.730603330165947e-06,0.7523948344010183
3.0039999999998908,0.0039999999999995595,-5.0,0.0012357115000944732,0.0003163302665553442,2.8719502227437507e-06,0.00013591664487672285,0.752419391315181
3.0079999999998903,0.0039999999999995595,-5.0,0.0012356645381905434,0.00031633813800784316,1.2919219232483004e-06,0.00048812147806417266,0.7514576765714615
3.01199999999989,0.0039999999999995595,-5.0,0.0012358271204423088,0.0003163465863631393,-1.9512970367598467e-06,0.0009228276323373111,0.7507557241244459
3.0159999999998894,0.0039999999999995595,-5.0,0.0012365087629609877,0.00031635679100345165,-7.154100688482069e-06,0.0014307628821362414,0.7502328221004677
3.019999999999889,0.0039999999999995595,-5.0,0.0012380805846388338,0.00031637026239494443,-1.4629299099758793e-05,0.0020193715331599917,0.7498414445392405
3.0239999999998886,0.0039999999999995595,-5.0,0.0012409366015373286,0.00031638768312675455,-2.468592021362338e-05,0.0026807811326161517,0.749553082784799
3.027999999999888,0.0039999999999995595,-5.0,0.0012454753322326097,0.00031640978358779326,-3.7537910691922694e-05,0.0033897186311837484,0.7493425951009729
3.0319999999998877,0.0039999999999995595,-5.0,0.001252087750486341,0.000316437458222086,-5.331342736670343e-05,0.00412597187902771,0.7491912029301132
3.0359999999998872,0.0039999999999995595,-5.0,0.0012611479381202289,0.0003164717879589945,-7.207279012228513e-05,0.004873588040185766,0.7490856353944276
3.039999999999887,0.0039999999999995595,-5.0,0.0012730049618110044,0.00031651406045645207,-9.3823073636319e-05,0.005620071589790536,0.7490164777864555
3.0439999999998864,0.0039999999999995595,-5.0,0.0012879751803763124,0.0003165657788063516,-0.00011852990587614984,0.00635571860437363,0.7489770164239512
3.047999999999886,0.0039999999999995595,-5.0,0.0013063347332024243,0.00031662863772280783,-0.00014612726699516775,0.007073222272055647,0.7489624305886152
3.0519999999998855,0.0039999999999995595,-5.0,0.0013283061375642987,0.00031670397059683814,-0.0001765373822068929,0.0077714239168296005,0.7489668715909529
3.055999999999885,0.0039999999999995595,-5.0,0.0013540475725591834,0.0003167938045246659,-0.0002096841287408914,0.008450259882577518,0.7489798310719763
3.0599999999998846,0.0039999999999995595,-5.0,0.0013836606576986654,0.00031690062112422313,-0.00024547128917695553,0.009103358431675437,0.7489986603202111
3.063999999999884,0.0039999999999995595,-5.0,0.0014171954083199865,0.0003170268166005099,-0.00028377935570400716,0.009725383203859947,0.749026170478324
3.0679999999998837,0.0039999999999995595,-5.0,0.001454651988028198,0.0003171746648426023,-0.0003244724237028445,0.010312610598285971,0.749064463722998
3.0719999999998833,0.0039999999999995595,-5.0,0.0014959833611106106,0.0003173462678157564,-0.0003674034902791479,0.010862553012664065,0.7491150688621555
3.075999999999883,0.0039999999999995595,-5.0,0.0015410987909172601,0.0003175434980308147,-0.00041241847840951,0.011373658275526567,0.7491790430275228
3.0799999999998824,0.0039999999999995595,-5.0,0.001589868033407769,0.00031776793739117016,-0.0004593592497252245,0.011845071571213863,0.7492570490727306
3.083999999999882,0.0039999999999995595,-5.0,0.0016421260223993949,0.00031802081363750467,-0.0005080658092993629,0.012276442475748047,0.7493494163446849
3.0879999999998815,0.0039999999999995595,-5.0,0.0016976785284503783,0.00031830277574605703,-0.0005583770716410555,0.012667464330115159,0.7494561739211494
3.091999999999881,0.0039999999999995595,-5.0,0.0017563085520694592,0.0003186135401270495,-0.0006101306452476661,0.013017862761420813,0.7495770307853105
3.0959999999998806,0.0039999999999995595,-5.0,0.001817780903943595,0.00031895191851477914,-0.0006631643047818015,0.013327779872766234,0.7497115039238921
3.09999999999988,0.0039999999999995595,-5.0,0.0018818460421143703,0.0003193159218968345,-0.0007173173911896086,0.01359767866505359,0.7498589738528534
3.1039999999998797,0.0039999999999995595,-5.0,0.0019482435008917358,0.0003197028611842189,-0.0007724318007459659,0.013828247116088987,0.7509581740270329
3.1079999999998793,0.0039999999999995595,-5.0,0.0020167049300434605,0.0003201094441881533,-0.0008283526615107714,0.014020325617435719,0.7807624553056776
3.111999999999879,0.0039999999999995595,-5.0,0.0020869567736722114,0.0003205318689075759,-0.0008849287769397226,0.014174853268284984,0.8114252271734163
3.1159999999998784,0.0039999999999995595,-5.0,0.0021587226238639103,0.00032096591324290533,-0.0009420129005061171,0.014292829218647576,0.842881091832973
3.119999999999878,0.0039999999999995595,-5.0,0.0022317252854557224,0.0003214070212064712,-0.0009994618918251,0.01437528586586186,0.875059890654212
3.1239999999998775,0.0039999999999995595,-5.0,0.0023056885884058104,0.00032185038559303026,-0.0010571367936235945,0.014423271245137537,0.9078870416458961
3.127999999999877,0.0039999999999995595,-5.0,0.0023803389794395946,0.0003222910269567272,-0.0011149028596890995,0.014437838423315292,0.9412839067962911
3.1319999999998767,0.0039999999999995595,-5.0,0.0024554069236430694,0.0003227238686407851,-0.0011726295563995771,0.014420040109797631,0.9751681836582524
3.135999999999876,0.0039999999999995595,-5.0,0.0025306281406271072,0.0003231438075363044,-0.0012301905543464552,0.01437092704519395,1.009454316390931
3.139999999999876,0.0039999999999995595,-5.0,0.002605744696753766,0.0003235457802118372,-0.0012874637216959855,0.014291549021531232,1.044053922143976
3.1439999999998753,0.0039999999999995595,-5.0,0.002680505972154236,0.00032392482405605013,-0.0013443311270926969,0.014182957633169832,1.0788762292045389
3.147999999999875,0.0039999999999995595,-5.0,0.0027546503242802307,0.00032427454157950573,-0.0014007542591079193,0.014083811092588015,1.0788762292045389
3.1519999999998745,0.0039999999999995595,-5.0,0.0028279487666959483,0.0003245884867866429,-0.0014567368703866691,0.013943258981851605,1.1491746844185837
3.155999999999874,0.0039999999999995595,-5.0,0.002900270830585629,0.000324868052313689,-0.0015119153185897923,0.013737228187085913,1.1841473017259314
3.1599999999998736,0.0039999999999995595,-5.0,0.0029713801349642846,0.0003251084667479344,-0.0015662077555340748,0.013510708747207213,1.2189694436320562
3.163999999999873,0.0039999999999995595,-5.0,0.0030410557290053712,0.00032530552987224603,-0.0016195322436922171,0.013263753618016867,1.2535433983553386
3.1679999999998727,0.0039999999999995595,-5.0,0.0031090917075442676,0.0003254555451821999,-0.001671807841157622,0.012996673969194027,1.287772116468528
3.1719999999998723,0.0039999999999995595,-5.0,0.0031752968705696725,0.00032555528238802333,-0.0017229554938358459,0.0127099936761138,1.321559612533656
3.175999999999872,0.0039999999999995595,-5.0,0.0032394944246396974,0.00032560195763157486,-0.0017728987744255595,0.012404413040312073,1.3548113575536695
3.1799999999998714,0.0039999999999995595,-5.0,0.0033015205528059764,0.0003255932963797554,-0.0018215654741333812,0.01208126751670507,1.3874346644840312
3.183999999999871,0.0039999999999995595,-5.0,0.0033612141698571504,0.00032552818976070525,-0.0018688966626915918,0.011744698447856257,1.4193384696280953
3.1879999999998705,0.0039999999999995595,-5.0,0.0034184218558061283,0.00032540652344684135,-0.0019148437288550276,0.011395797874806265,1.4504329413433132
3.19199999999987,0.0039999999999995595,-5.0,0.003473006961030743,0.00032522812455832757,-0.001959361252104891,0.011036420259270754,1.4806326696798888
3.1959999999998696,0.0039999999999995595,-5.0,0.0035248450438788545,0.00032499278852739835,-0.0020024112739134223,0.010667382946777004,1.5098582687884292
3.199999999999869,0.0039999999999995595,-5.0,0.0035738368108713006,0.00032470051674277105,-0.0020439532632245483,0.0102881582121934,1.5380327110508902
3.2039999999998687,0.0039999999999995595,0.0,0.0036179208498013115,0.0003243539602029635,-0.002083430881626374,0.009641005014082911,1.5650839869796105
3.2079999999998683,0.0039999999999995595,0.0,0.003651517024719962,0.00032395726943718273,-0.002119076487935492,0.008663609819532538,1.5897400135991784
3.211999999999868,0.0039999999999995595,0.0,0.003675244127674328,0.0003235016545376289,-0.0021506817209592985,0.007650612538553203,1.6119271474288643
3.2159999999998674,0.0039999999999995595,0.0,0.0036894904390688764,0.0003229764372915813,-0.002178284145543636,0.006654322781098851,1.6119271474288643
3.219999999999867,0.0039999999999995595,0.0,0.0036946515470571554,0.0003223731826026481,-0.002201962483051336,0.005680631120056237,1.6316151102249998
3.2239999999998665,0.0039999999999995595,0.0,0.003690994866767895,0.00032168391906783135,-0.0022218178089233897,0.004734832463965346,1.6635365461966882
3.227999999999866,0.0039999999999995595,0.0,0.0036787641119385523,0.00032090210428477615,-0.0022379492628950243,0.003808425795273261,1.675323845428746
3.2319999999998656,0.0039999999999995595,0.0,0.0036583559970995226,0.0003200267040591482,-0.0022503929397046586,0.002892431649184082,1.6843635313009673
3.235999999999865,0.0039999999999995595,0.0,0.0036301839203883336,0.0003190582502251786,-0.002259186899421362,0.0019895965735941515,1.690623120492565
3.2399999999998648,0.0039999999999995595,0.0,0.00359471237511473,0.0003179996117042625,-0.0022643336221435037,0.001090384057702811,1.6940811767272885
3.2439999999998643,0.0039999999999995595,0.0,0.0035526269488375863,0.0003168582321685409,-0.0022656047197295846,0.00029921807966672566,1.6947273364130333
3.247999999999864,0.0039999999999995595,0.0,0.0035046015662019703,0.0003156423634035664,-0.00226278237584529,0.0010112104324991283,1.6925664068852486
3.2519999999998634,0.0039999999999995595,0.0,0.003451249855279066,0.00031435904206255554,-0.002255716255647686,0.0020550839547158746,1.6876177885610097
3.255999999999863,0.0039999999999995595,0.0,0.0033930653534924647,0.00031301751689834776,-0.002244366626125123,0.0031174379219908494,1.6799084282971697
3.2599999999998626,0.0039999999999995595,0.0,0.0033304444902960634,0.0003116293168089746,-0.0022287810614278914,0.0041674410252691835,1.6694665380986229
3.263999999999862,0.0039999999999995595,0.0,0.003263775251201333,0.0003102088538840651,-0.0022089823787889693,0.005230109058966541,1.6694665380986229
3.2679999999998617,0.0039999999999995595,0.0,0.00319346850788699,0.0003087730290978606,-0.0021849135222921532,0.006281357181489721,1.656324364599674
3.2719999999998612,0.0039999999999995595,0.0,0.0031196141825614704,0.0003073336894807175,-0.0021569035797513268,0.007225997055272039,1.621757464591928
3.275999999999861,0.0039999999999995595,0.0,0.0030422484932038137,0.0003059033638403842,-0.002125437539111338,0.008078470189833854,1.6007228651241334
3.2799999999998604,0.0039999999999995595,0.0,0.0029616910263165954,0.0003045006405037806,-0.002090688108106443,0.008886707663483385,1.5771430549103085
3.28399999999986,0.0039999999999995595,0.0,0.002878260445890991,0.0003031427823212102,-0.0020528436380157595,0.00964712719391269,1.5510619965626924
3.2879999999998595,0.0039999999999995595,0.0,0.0027922877073573017,0.0003018458185395233,-0.002012103321779274,0.010357321413234262,1.5225561488846597
3.291999999999859,0.0039999999999995595,0.0,0.002704180382918067,0.00030062478030732807,-0.0019685654760990498,0.011069504488146833,1.5225561488846597
3.2959999999998586,0.0039999999999995595,0.0,0.002614351584272098,0.00029949245672617977,-0.0019222829675405297,0.011707206086330914,1.4582762765070527
3.299999999999858,0.0039999999999995595,0.0,0.0025229665082659777,0.0002984598273668089,-0.0018738350133327229,0.012236829270314324,1.423043807811719
3.3039999999998577,0.0039999999999995595,0.0,0.002430536773972272,0.0002975380508005115,-0.0018232854122878829,0.01277863606941339,1.423043807811719
3.3079999999998573,0.0039999999999995595,0.0,0.0023375675714054148,0.00029673509384618593,-0.0017706494191326728,0.013251786907807409,1.3462231492853753
3.311999999999857,0.0039999999999995595,0.0,0.0022443556983070844,0.0002960599710512027,-0.0017165031246705418,0.013619446634459893,1.3052995116155173
3.3159999999998564,0.0039999999999995595,0.0,0.00215146955077405,0.00029551914681128004,-0.0016610016602483383,0.013947893169726614,1.2627638182093988
3.319999999999856,0.0039999999999995595,0.0,0.002059495173095802,0.00029511686213659383,-0.001604307581562709,0.014235435766178885,1.2187694359387478
3.3239999999998555,0.0039999999999995595,0.0,0.001969038550895265,0.00029485532163794784,-0.001546588566871017,0.014480917265385725,1.173474625844101
3.327999999999855,0.0039999999999995595,0.0,0.0018807265744753196,0.0002947348217790409,-0.0014880156533516832,0.014683589979645613,1.1270418833912528
3.3319999999998546,0.0039999999999995595,0.0,0.0017952062955133325,0.00029475385245425207,-0.0014287618713011542,0.014843024272305078,1.0796372452563947
3.335999999999854,0.0039999999999995595,0.0,0.0017131418846857607,0.0002949091923626819,-0.0013690011670200375,0.014959042667969531,1.0314295671075475
3.3399999999998538,0.0039999999999995595,0.0,0.001635208472498761,0.0002951960107490693,-0.001308907529490633,0.015031673852984925,0.9825897790403926
3.3439999999998533,0.0039999999999995595,0.0,0.001562080871848263,0.0002956079386657194,-0.0012486539987437858,0.015061250045194801,0.93329012625876
3.347999999999853,0.0039999999999995595,0.0,0.001494416869447826,0.0002961371446263927,-0.0011884115090321553,0.015048280123652695,0.8837028231525825
3.3519999999998524,0.0039999999999995595,0.0,0.001432836707696765,0.00029677453758808524,-0.0011283470044281933,0.014994156266326315,0.8339994052303534
3.355999999999852,0.0039999999999995595,0.0,0.001377896045366448,0.0002975099961474359,-0.0010686199502926766,0.014900414966648503,0.7843120607546716
3.3599999999998515,0.0039999999999995595,0.0,0.0013300566692221855,0.00029833258098427355,-0.001009386550654097,0.014767823286886679,0.7693889356867938
3.363999999999851,0.0039999999999995595,0.0,0.0012896532382538643,0.0002992307359407314,-0.0009507997611961785,0.014597231404497618,0.7691017952167164
3.3679999999998507,0.0039999999999995595,0.0,0.0012568614022488022,0.00030019249219629524,-0.0008930085035954606,0.014389683672606731,0.7688207099372091
3.3719999999998502,0.0039999999999995595,0.0,0.0012316730663098012,0.00030120567576214635,-0.0008361569319291742,0.01414640635281348,0.768546610591454
3.37599999999985,0.0039999999999995595,0.0,0.001213884274900265,0.00030225811413933114,-0.0007803837456366844,0.01386879635053884,0.7682803880717641
3.3799999999998493,0.0039999999999995595,0.0,0.0012030994706862103,0.00030333783784415656,-0.0007258215478815548,0.013558409949679186,0.7680228888912044
3.383999999999849,0.0039999999999995595,0.0,0.0011987527298800112,0.0003044332725930277,-0.0006725962510564131,0.013216950896906944,0.7677749102018763
3.3879999999998485,0.0039999999999995595,0.0,0.0012001429961788132,0.0003055334182086943,-0.0006208265328885812,0.012846257471230046,0.7675371948841703
3.391999999999848,0.0039999999999995595,0.0,0.0012064776498925654,0.0003066280107213096,-0.0005706233473771023,0.012448288401701698,0.7673104270292689
3.3959999999998476,0.0039999999999995595,0.0,0.0012169165771118197,0.00030770798270633937,-0.0005220795910290692,0.012029419198841878,0.7670960571214464
3.399999999999847,0.0039999999999995595,0.0,0.0012306080847821308,0.00030876572804165633,-0.0004752595831580081,0.011595250350552339,0.7669035025571238
3.4039999999998467,0.0039999999999995595,0.0,0.0012467213904794917,0.0003097937993455526,-0.0004302167638902391,0.011147955710689404,0.7667353657557479
3.4079999999998463,0.0039999999999995595,0.0,0.0012644790604124387,0.0003107857882146038,-0.000387005282071119,0.010686854633063785,0.7665902124769741
3.411999999999846,0.0039999999999995595,0.0,0.0012831784253950402,0.0003117366395955912,-0.00034568092937321804,0.010211812761024047,0.7664647845414116
3.4159999999998454,0.0039999999999995595,0.0,0.0013022014872842113,0.0003126426091696909,-0.0003062974085323464,0.009723554196391607,0.7663566935353073
3.419999999999845,0.0039999999999995595,0.0,0.0013210173879082336,0.00031350122229884745,-0.000268903659115276,0.009223413393276987,0.7662641647863295
3.4239999999998445,0.0039999999999995595,0.0,0.0013391800279789615,0.00031431122609570776,-0.0002335420054161073,0.008713142654833271,0.7661858547458614
3.427999999999844,0.0039999999999995595,0.0,0.0013563228572117802,0.000315072529605543,-0.00020024693814331757,0.008194764079113757,0.7661207214087271
3.4319999999998436,0.0039999999999995595,0.0,0.0013721522765569732,0.0003157861296039432,-0.0001690443799843897,0.0076704568638516135,0.7660679323705278
3.435999999999843,0.0039999999999995595,0.0,0.001386440596145589,0.00031645402134582667,-0.00013995131635255266,0.007142472596136197,0.7680706691393484
3.4399999999998427,0.0039999999999995595,0.0,0.0013990087913979396,0.00031707888540428243,-0.00011295535135603966,0.006623016841519157,0.7893672432062687
3.4439999999998423,0.0039999999999995595,0.0,0.0014096818181859217,0.0003176632304658038,-8.793949536438253e-05,0.006135991485211032,0.8085410846844505
3.447999999999842,0.0039999999999995595,0.0,0.0014183313729234912,0.0003182108714005512,-6.476992146591006e-05,0.005683319543041195,0.8255784519436375
3.4519999999998414,0.0039999999999995595,0.0,0.001424883562117837,0.00031872678704754565,-4.331472494537206e-05,0.00526189498294397,0.8404460423206715
3.455999999999841,0.0039999999999995595,0.0,0.0014293310001624229,0.00031921632680055037,-2.3476613851342004e-05,0.004862807692325198,0.8531505703664685
3.4599999999998405,0.0039999999999995595,0.0,0.0014317243181631355,0.00031968512049458415,-5.184973515579943e-06,0.004480068376407936,0.8636996387710085
3.46399999999984,0.0039999999999995595,0.0,0.0014321614435781822,0.0003201389173369486,1.1613495688027761e-05,0.004109849855207902,0.8721127775416733
3.4679999999998397,0.0039999999999995595,0.0,0.0014307779017135086,0.00032058342890616166,2.6961610784845743e-05,0.003749897962396692,0.8784201516321257
3.471999999999839,0.0039999999999995595,0.0,0.001427738212541758,0.0003210241803187717,4.089661342989912e-05,0.0033990846139045875,0.8826614924859943
3.4759999999998388,0.0039999999999995595,0.0,0.0014232283243642465,0.00032146637295714397,5.345362365165018e-05,0.003057071722514325,0.8848851948864016
3.4799999999998383,0.0039999999999995595,0.0,0.0014174489658070077,0.00032191476142299493,6.466800496793478e-05,0.002724061014161555,0.8851475338101268
3.483999999999838,0.0039999999999995595,0.0,0.0014106097776509985,0.0003223735467206774,7.457692079230834e-05,0.0024006102868035116,0.8835119668837115
3.4879999999998375,0.0039999999999995595,0.0,0.0014029240980144874,0.00032284628710083546,8.32202952182185e-05,0.0020875014712087975,0.8800484967850766
3.491999999999837,0.0039999999999995595,0.0,0.00139460429204973,0.0003233358275007381,9.064133916863983e-05,0.0017856504866404464,0.87483307484147
3.4959999999998366,0.0039999999999995595,0.0,0.0013858575512733496,0.0003238442480859977,9.688676263132608e-05,0.0014960544472636087,0.8679470324539234
3.499999999999836,0.0039999999999995595,0.0,0.001376883372946387,0.0003243728715266584,0.00010200381276072002,0.001218317393750963,0.859476531115433
3.5039999999998357,0.0039999999999995595,0.0,0.001367878417374029,0.0003249225532541338,0.00010601841264506416,0.0009470643513191063,0.8495132776978569
3.5079999999998353,0.0039999999999995595,0.0,0.0013590199403916983,0.00032549336543934794,0.00010896178815448664,0.0006868084056485445,0.838153816200145
3.511999999999835,0.0039999999999995595,0.0,0.0013504617827126888,0.00032608444318147446,0.00011087518741981168,0.00044204810363090036,0.8254964115576335
3.5159999999998344,0.0039999999999995595,0.0,0.0013423433366630006,0.00032669374783273077,0.00011177769329870219,0.00022528776531036398,0.8116371874461124
3.519999999999834,0.0039999999999995595,0.0,0.0013347732449565822,0.00032731852713888414,0.00011170557329713584,0.00017435463943636095,0.7966777199593907
3.5239999999998335,0.0039999999999995595,0.0,0.0013278295333273632,0.00032795492716001883,0.00011069015131858544,0.000352194934106207,0.7966777199593907
3.527999999999833,0.0039999999999995595,0.0,0.001321561596866655,0.0003285988765897253,0.00010876385566371736,0.0005523408989542788,0.7669970106565883
3.5319999999998326,0.0039999999999995595,0.0,0.00131599912349586,0.00032924836953329316,0.00010610350544499476,0.0007250902754550348,0.7671046288205584
3.535999999999832,0.0039999999999995595,0.0,0.0013111544664515052,0.0003298977754603925,0.00010276709422640692,0.0008917444010115881,0.7671046288205584
3.5399999999998317,0.0039999999999995595,0.0,0.0013070205209040726,0.00033054170740900773,9.880252547600037e-05,0.0010324123310569643,0.7673029145160832
3.5439999999998313,0.0039999999999995595,0.0,0.001303580925020711,0.00033117706213643043,9.439460017673789e-05,0.0011363863906014547,0.7673947127915325
3.547999999999831,0.0039999999999995595,0.0,0.0013008049589326711,0.00033179823815764206,8.963020086496593e-05,0.001218838697315738,0.7674795124406321
3.5519999999998304,0.0039999999999995595,0.0,0.001298650139270484,0.0003323999420310381,8.459646981925082e-05,0.001279726373628846,0.7675566351124488
3.55599999999983,0.0039999999999995595,0.0,0.001297064335758909,0.0003329771750598175,7.937915035657841e-05,0.0013194313595749822,0.767625572544621
3.5599999999998295,0.0039999999999995595,0.0,0.0012959878220980684,0.0003335252572149262,7.406132646220442e-05,0.001338650706195956,0.7676859514065275
3.563999999999829,0.0039999999999995595,0.0,0.0012953552594657742,0.0003340398708224953,6.872247804058162e-05,0.0013383139345406138,0.7677375043640042
3.5679999999998286,0.0039999999999995595,0.0,0.0012950976036773664,0.00033451711240073195,6.343778612575726e-05,0.0013195194735132916,0.7677800476252007
3.571999999999828,0.0039999999999995595,0.0,0.0012951439347632658,0.0003349535322262845,5.827650394908826e-05,0.001284048742345782,0.7678134640998512
3.5759999999998278,0.0039999999999995595,0.0,0.0012954229270936105,0.00033534596695596405,5.3282713492352496e-05,0.0012402767885015937,0.7678384617071898
3.5799999999998273,0.0039999999999995595,0.0,0.001295863081331022,0.000335691601942999,4.847836314984868e-05,0.0011907293252160593,0.7678569804281523
3.583999999999827,0.0039999999999995595,0.0,0.0012963944674273357,0.0003359882978549006,4.388797301195814e-05,0.0011352432931362915,0.7678684184133653
3.5879999999998264,0.0039999999999995595,0.0,0.0012969508775913454,0.00033623477592179533,3.952213836808177e-05,0.001078654574650791,0.7678729327214024
3.591999999999826,0.0039999999999995595,0.0,0.00129747127929511,0.0003364305747084305,3.538294362068465e-05,0.0010211289371454733,0.7678712289201152
3.5959999999998256,0.0039999999999995595,0.0,0.0012979018541477614,0.0003365758667028214,3.147895382503942e-05,0.000961255964369671,0.7678624476059841
3.599999999999825,0.0039999999999995595,0.0,0.0012981975727039317,0.0003366714368880439,2.7822575564621695e-05,0.0008982341168215829,0.7678458788568463
3.6039999999998247,0.0039999999999995595,0.0,0.0012983231243011764,0.00033671864911641406,2.442807611198234e-05,0.0008317185054937959,0.7678209865584601
3.6079999999998242,0.0039999999999995595,0.0,0.0012982533315558484,0.0003367194028317917,2.1310115745514702e-05,0.0007617031546615997,0.7677874016527826
3.611999999999824,0.0039999999999995595,0.0,0.0012979731572695722,0.00033667608185281164,1.8482677393821303e-05,0.0006884311857516743,0.7677449038370323
3.6159999999998234,0.0039999999999995595,0.0,0.0012974773851736332,0.00033659149661096266,1.5958302034100545e-05,0.0006123280690033116,0.7676934008251638
3.619999999999823,0.0039999999999995595,0.0,0.001296770041702042,0.00033646882114749286,1.3747558023748678e-05,0.0005339551902989046,0.767632909019559
3.6239999999998225,0.0039999999999995595,0.0,0.0012958636108845783,0.0003363115261689824,1.1858688432299202e-05,0.0004539844881916507,0.76756353688822
3.627999999999822,0.0039999999999995595,0.0,0.0012947780859556331,0.0003361233094748523,1.0297393094520933e-05,0.0003732031712020912,0.7674854711846436
3.6319999999998216,0.0039999999999995595,0.0,0.0012935398929217706,0.0003359080250714596,9.066712102310223e-06,0.0002925833685973958,0.7673989656840625
3.635999999999821,0.0039999999999995595,0.0,0.0012921807192054146,0.0003356696122663279,8.166985298186322e-06,0.000213556010244518,0.767304331975867
3.6399999999998207,0.0039999999999995595,0.0,0.0012907362762720966,0.0003354120259910558,7.595868453138211e-06,0.00013919392795428936,0.7672019318623766
3.6439999999998203,0.0039999999999995595,0.0,0.0012892450229497014,0.0003351391695347874,7.348391559803498e-06,8.107746822750536e-05,0.7670921709779248
3.64799999999982,0.0039999999999995595,0.0,0.001287746879000535,0.00033485483078534567,7.417048335624428e-06,8.03983817487812e-05,0.7669754933176118
3.6519999999998194,0.0039999999999995595,0.0,0.0012862819539130686,0.00033456262297562584,7.791908841629234e-06,0.00013397486879278205,0.7668523764346601
3.655999999999819,0.0039999999999995595,0.0,0.0012848893189761272,0.00033426593082161807,8.460749263681129e-06,0.00019906227227856524,0.7667233271233722
3.6599999999998185,0.0039999999999995595,0.0,0.0012836058487703948,0.0003339678628179473,9.409194520612706e-06,0.0002642742306133982,0.7665888774508379
3.663999999999818,0.0039999999999995595,0.0,0.0012824651577957261,0.0003336712103290084,1.0620870570507463e-05,0.0003267354156722155,0.7664495810362574
3.6679999999998176,0.0039999999999995595,0.0,0.0012814966559853602,0.00033337841398029433,1.2077564173022355e-05,0.0003852428654111446,0.7663060095041612
3.671999999999817,0.0039999999999995595,0.0,0.00128072474367713,0.000333091537716816,1.3759388500679233e-05,0.0004390837649287708,0.7661587490588022
3.6759999999998167,0.0039999999999995595,0.0,0.001280168164538296,0.00033281225075498837,1.5644953430913685e-05,0.0004877480015581257,0.7660083971432345
3.6799999999998163,0.0039999999999995595,0.0,0.0012798395290125719,0.00033254181751256475,1.7711539637064638e-05,0.0005308369335489489,0.7658555591592622
3.683999999999816,0.0039999999999995595,0.0,0.001279745017623269,0.00033228109545975433,1.993527576380238e-05,0.0005680287394236931,0.7657008452344589
3.6879999999998154,0.0039999999999995595,0.0,0.0012798842657780489,0.00033203054069547795,2.229131805021308e-05,0.0005990635205050956,0.7655448670304825
3.691999999999815,0.0039999999999995595,0.0,0.0012802504279165604,0.000331790220917917,2.4754031773983547e-05,0.0006237362999350959,0.765388234593332
3.6959999999998145,0.0039999999999995595,0.0,0.0012808304131646066,0.0003315598353303216,2.7297173852581822e-05,0.0006418934895903323,0.7652315532513682
3.699999999999814,0.0039999999999995595,0.0,0.0012816052778564066,0.0003313387409039714,2.9894075868798696e-05,0.0006534309668004578,0.7650754205709848
3.7039999999998137,0.0039999999999995595,0.0,0.0012825507591622987,0.0003311259843126168,3.251782670186942e-05,0.0006582929051869695,0.7649204233829493
3.7079999999998132,0.0039999999999995595,0.0,0.001283637926204655,0.0003309203387591431,3.514145385440225e-05,0.0006564709381873556,0.7647671348946838
3.711999999999813,0.0039999999999995595,0.0,0.0012848339277276644,0.0003307203448377208,3.773810247933913e-05,0.0006480034443232996,0.7646161119052215
3.7159999999998123,0.0039999999999995595,0.0,0.001286102809141924,0.0003305243545153708,4.0281211038380655e-05,0.0006329748637967178,0.7644678921402905
3.719999999999812,0.0039999999999995595,0.0,0.0012874063757911806,0.00033033057727710843,4.274468247115926e-05,0.0006115150474229675,0.7643229917250296
3.7239999999998115,0.0039999999999995595,0.0,0.001288705076612005,0.00033013712745968385,4.5103049726555134e-05,0.0005837987386235385,0.7641819028112352
3.727999999999811,0.0039999999999995595,0.0,0.0012899588867751409,0.000329942071800897,4.733163450778578e-05,0.0005500454408199185,0.7640450913749625
3.7319999999998106,0.0039999999999995595,0.0,0.0012911281671564247,0.00032974347625428413,4.9406698112883664e-05,0.0005105202057405007,0.7639129951986812
3.73599999999981,0.0039999999999995595,0.0,0.0012921744839071347,0.0003295394511619694,5.130558331023685e-05,0.00046553647936552927,0.7637860220502539
3.7399999999998097,0.0039999999999995595,0.0,0.0012930613727346128,0.0003293281939402093,5.30068462747426e-05,0.00041546356374289056,0.7636645480687607
3.7439999999998093,0.0039999999999995595,0.0,0.001293755034569383,0.0003291080285107047,5.4490377719583735e-05,0.00036074499349604897,0.7635489163647696
3.747999999999809,0.0039999999999995595,0.0,0.0012942249544716418,0.00032887744080380046,5.573751248839295e-05,0.00030194531667914224,0.7634394358401435
3.7519999999998084,0.0039999999999995595,0.0,0.0012944444350151828,0.00032863510976440853,5.6731127017121724e-05,0.00023988217028610143,0.7633363802299542
3.755999999999808,0.0039999999999995595,0.0,0.0012943910418439788,0.00032837993340492096,5.745572422919796e-05,0.0001760729058563778,0.7632399873666343
3.7599999999998075,0.0039999999999995595,0.0,0.0012940469558969374,0.00032811104956841276,5.789750558649588e-05,0.00011472607052594279,0.7631504586642198
3.763999999999807,0.0039999999999995595,0.0,0.0012933992344007377,0.00032782785118687575,5.80444301760753e-05,7.394486005253312e-05,0.7630679588184337
3.7679999999998066,0.0039999999999995595,0.0,0.0012924399782037986,0.00032752999594009923,5.788626086464085e-05,9.566405296967263e-05,0.7629926157165487
3.771999999999806,0.0039999999999995595,0.0,0.001291170356957003,0.0003272175005366916,5.741390064142176e-05,0.00015903818897473068,0.7629926157165487
3.7759999999998057,0.0039999999999995595,0.0,0.0012895990065438904,0.0003268906154545686,5.662168245188905e-05,0.0002330172414656876,0.7628634233411804
3.7799999999998053,0.0039999999999995595,0.0,0.0012877201822603433,0.00032654938833819643,5.550800889288707e-05,0.0003106704914997746,0.7628105924289834
3.783999999999805,0.0039999999999995595,0.0,0.0012855465125275818,0.0003261946091053933,5.4069280634203606e-05,0.0003902621238824414,0.762764629533424
3.7879999999998044,0.0039999999999995595,0.0,0.0012830950993392416,0.00032582727609886035,5.230390976003853e-05,0.0004707070784067313,0.7627256985902948
3.791999999999804,0.0039999999999995595,0.0,0.0012803872271325088,0.00032544858315854087,5.021226079267566e-05,0.0005512644311348956,0.7626938355672253
3.7959999999998035,0.0039999999999995595,0.0,0.0012774479967087595,0.00032505990139767427,4.779659049111859e-05,0.0006313359885332046,0.7626689890223803
3.799999999999803,0.0039999999999995595,0.0,0.0012743058927987343,0.0003246627567609201,4.506098487811749e-05,0.0007103971517262535,0.7626510448701784
3.8039999999998027,0.0039999999999995595,0.0,0.0012709922949536107,0.0003242588043331059,4.201129259260455e-05,0.0007879694215086232,0.7626398416279401
3.807999999999802,0.0039999999999995595,0.0,0.0012675409402413099,0.000323849800286112,3.865505409526916e-05,0.0008636083945333897,0.7626351799755746
3.8119999999998018,0.0039999999999995595,0.0,0.0012639873468823575,0.0003234375722858887,3.50014265428464e-05,0.0009368982692380123,0.7626368289571684
3.8159999999998013,0.0039999999999995595,0.0,0.0012603682093463371,0.0003230239891234327,3.106110433550518e-05,0.0010074493426138317,0.7626445302307561
3.819999999999801,0.0039999999999995595,0.0,0.0012567207746138128,0.00032261093027795035,2.6846235463858135e-05,0.0010748969706825485,0.762658001208576
3.8239999999998004,0.0039999999999995595,0.0,0.001253082211574009,0.0003222002560644779,2.237033385918568e-05,0.0011389012742633851,0.7626769375868486
3.8279999999998,0.0039999999999995595,0.0,0.0012494889836095493,0.000321793778960341,1.7648187996902403e-05,0.0011991472299680177,0.7627010155563574
3.8319999999997996,0.0039999999999995595,0.0,0.0012459762375641595,0.00032139323664426777,1.269576603201177e-05,0.0012553449560122375,0.7627298938601789
3.835999999999799,0.0039999999999995595,0.0,0.0012425772209125525,0.0003210002672184557,7.530117761395564e-06,0.0013072300881896955,0.7627632157903368
3.8399999999997987,0.0039999999999995595,0.0,0.0012393227379523903,0.00032061638701764544,2.1692737198154803e-06,0.001354564185587947,0.7628006111710863
3.8439999999997982,0.0039999999999995595,0.0,0.0012362406575848219,0.0003202429713406437,-3.3678582740644906e-06,0.0013971351298360806,0.762841698350735
3.847999999999798,0.0039999999999995595,0.0,0.0012333557895111691,0.0003198809495524982,-9.071057983905666e-06,0.0014394868735065935,0.762841698350735
3.8519999999997974,0.0039999999999995595,0.0,0.001230688658150892,0.00031953108595428786,-1.4933258971073726e-05,0.001474596495926911,0.7629310103968571
3.855999999999797,0.0039999999999995595,0.0,0.0012282548534271792,0.0003191952936054556,-2.0900816894458693e-05,0.0014995664903928762,0.7629815340215834
3.8599999999997965,0.0039999999999995595,0.0,0.0012260672628703372,0.0003188736547063866,-2.6964701031775224e-05,0.0015246163869812343,0.7629815340215834
3.863999999999796,0.0039999999999995595,0.0,0.0012241332725154857,0.00031856535594406555,-3.313849385574456e-05,0.0015524207857872201,0.7629815340215834
3.8679999999997956,0.0039999999999995595,0.0,0.0012224555870506738,0.0003182702335146665,-3.941703003980746e-05,0.0015760704390798367,0.7630339218593236
3.871999999999795,0.0039999999999995595,0.0,0.0012210346593952244,0.00031798958071477035,-4.575419701083724e-05,0.001585814469620231,0.7631361836985334
3.8759999999997947,0.0039999999999995595,0.0,0.001219868983433897,0.00031772497885642324,-5.2091185181419576e-05,0.0015842178602602315,0.7631885568008039
3.8799999999997943,0.0039999999999995595,0.0,0.0012189519114283083,0.00031747598565877867,-5.8406537634754414e-05,0.0015774434623802625,0.7632449412225935
3.883999999999794,0.0039999999999995595,0.0,0.0012182729713502876,0.000317241931977109,-6.468060405499248e-05,0.0015657782910290627,0.7633016468120184
3.8879999999997934,0.0039999999999995595,0.0,0.0012178183844072457,0.00031702213604876766,-7.089379636436212e-05,0.00154923885045854,0.7633579920644049
3.891999999999793,0.0039999999999995595,0.0,0.0012175714260218074,0.00031681589623315867,-7.702666333351536e-05,0.0015278658359335294,0.7634136332545687
3.8959999999997925,0.0039999999999995595,0.0,0.0012175123112857158,0.00031662193343590404,-8.306839464609319e-05,0.001505926316162572,0.7634136332545687
3.899999999999792,0.0039999999999995595,0.0,0.001217619155322418,0.00031643827591380075,-8.902149814052037e-05,0.0014820586584750463,0.7634682424890001
3.9039999999997916,0.0039999999999995595,0.0,0.001217872110271864,0.0003162656457316198,-9.485232510445085e-05,0.0014478555853456563,0.7635707905718324
3.907999999999791,0.0039999999999995595,0.0,0.001218250440299176,0.00031610599106202846,-0.00010050991962595088,0.001401900807803234,0.7636658572550515
3.9119999999997908,0.0039999999999995595,0.0,0.0012187254667672344,0.0003159581876962931,-0.00010596283230804944,0.0013503683147111601,0.7637133531917224
3.9159999999997903,0.0039999999999995595,0.0,0.0012192689931650453,0.0003158201314710712,-0.00011120462270056582,0.0012970961857954953,0.7637575932096227
3.91999999999979,0.0039999999999995595,0.0,0.001219853937835644,0.00031569022763693554,-0.00011622692525940533,0.0012416534265196496,0.7637982582561221
3.9239999999997894,0.0039999999999995595,0.0,0.0012204546534677603,0.00031556722012528453,-0.00012102023645958878,0.001183795702975353,0.7638351236486456
3.927999999999789,0.0039999999999995595,0.0,0.0012210472522329945,0.00031545008985031653,-0.00012557453175072338,0.0011234245787417796,0.7638680207131134
3.9319999999997886,0.0039999999999995595,0.0,0.0012216099075618874,0.00031533799603636987,-0.00012987974765396067,0.0010605553401968465,0.7638968154371276
3.935999999999788,0.0039999999999995595,0.0,0.0012221231162830725,0.00031523024376639536,-0.00013392615669399966,0.0009952914981727265,0.7639213973252724
3.9399999999997877,0.0039999999999995595,0.0,0.001222569912340156,0.00031512626697306664,-0.00013770465691617152,0.0009278045014189722,0.7639416741736759
3.9439999999997872,0.0039999999999995595,0.0,0.0012229360280932382,0.0003150256200201091,-0.00014120699309485006,0.000858317534500448,0.7639575701259851
3.947999999999787,0.0039999999999995595,0.0,0.0012232100025921272,0.00031492797356879356,-0.0001444259231120033,0.0007870925310921077,0.7639690254233389
3.9519999999997864,0.0039999999999995595,0.0,0.0012233832358421067,0.00031483311207149264,-0.00014735534014947527,0.0007144197335288218,0.7639759969197989
3.955999999999786,0.0039999999999995595,0.0,0.0012234499932597509,0.00031474093129599533,-0.00014999035912141904,0.000640609288899733,0.7639784588402547
3.9599999999997855,0.0039999999999995595,0.0,0.0012234073616479888,0.0003146514349675622,-0.00015232737403813318,0.0005659845070250466,0.7639764035021726
3.963999999999785,0.0039999999999995595,0.0,0.0012232551596676544,0.00031456473005500314,-0.00015436409163215796,0.0004908765390005994,0.7639698418661377
3.9679999999997846,0.0039999999999995595,0.0,0.0012229958073407968,0.0003144810205093892,-0.00015609954551063025,0.0004156204177394832,0.76395880386165
3.971999999999784,0.0039999999999995595,0.0,0.0012226341584383208,0.0003144005994453979,-0.00015753409425827247,0.0003405527846351044,0.7639433384788791
3.9759999999997837,0.0039999999999995595,0.0,0.0012221772982414264,0.0003143238398714276,-0.0001586694062545951,0.0002660127973481424,0.7639235136392992
3.9799999999997833,0.0039999999999995595,0.0,0.001221634314037972,0.0003142511841482793,-0.00015950843344682348,0.0001923526332239702,0.7638994158678526
3.983999999999783,0.0039999999999995595,0.0,0.0012210160391275162,0.0003141831324016593,-0.00016005537590693577,0.0001199946513977218,0.7638711497921418
3.9879999999997824,0.0039999999999995595,0.0,0.0012203347791260469,0.00031412023014008216,-0.00016031563867341853,4.99837717804969e-05,0.7638388374935102
3.991999999999782,0.0039999999999995595,0.0,0.0012196040216495767,0.0003140630553425949,-0.00016029578211760497,2.6038860617232475e-05,0.7638026177326661
3.9959999999997815,0.0039999999999995595,0.0,0.0012188381374406581,0.0003140122052837486,-0.00016000346686692875,9.042593152879737e-05,0.7637626450697407
3.999999999999781,0.0039999999999995595,0.0,0.001218052076415518,0.0003139682833587165,-0.00015944739415144318,0.0001552862351827826,0.7637190888959716
4.003999999999781,0.0040000000000000036,0.0,0.0012172610639296533,0.00031393188616097315,-0.0001586372423078878,0.00021796558730942064,0.7636721323917307
4.007999999999781,0.0039999999999995595,0.0,0.0012164803028692525,0.0003139035910496615,-0.00015758360007009906,0.00027803910686822385,0.7636219714235535
4.01199999999978,0.0039999999999995595,0.0,0.0012157246862233115,0.0003138839444244855,-0.000156297897190652,0.0003352508640688061,0.7635688133911466
4.01599999999978,0.0039999999999995595,0.0,0.0012150085254756492,0.0003138734509034375,-0.0001547923328726604,0.00038939485125067953,0.7635128760339711
4.019999999999779,0.0039999999999995595,0.0,0.001214345297991177,0.00031387256357352225,-0.0001530798024386537,0.0004402935765321061,0.7634543862059975
4.023999999999779,0.0039999999999995595,0.0,0.0012137474191190754,0.00031388167545746634,-0.00015117382262354678,0.00048779227126528115,0.7633935786264118
4.027999999999778,0.0039999999999995595,0.0,0.0012132260418532886,0.0003139011123107923,-0.0001490884558480789,0.000531756939295473,0.7633306946134759
4.031999999999778,0.0039999999999995595,0.0,0.0012127908867820374,0.0003139311268341241,-0.000146838233806755,0.0005720735924556444,0.7632659808083042
4.0359999999997775,0.0039999999999995595,0.0,0.001212450105719927,0.000313971894355773,-0.00014443808068783897,0.0006086478941942442,0.7631996878950091
4.039999999999777,0.0039999999999995595,0.0,0.0012122101795457672,0.0003140235100099984,-0.00014190323633187437,0.0006414049391651446,0.7631320693234498
4.043999999999777,0.0039999999999995595,0.0,0.001212075852331725,0.0003140859874074111,-0.00013924917962781673,0.0006702890607321076,0.7630633800406124
4.047999999999776,0.0039999999999995595,0.0,0.0012120501007030415,0.0003141592587662678,-0.0001364915524412151,0.0006952636187860991,0.7629938752365555
4.051999999999776,0.0039999999999995595,0.0,0.001212134139409918,0.00031424317644729,-0.00013364608436600308,0.0007163107450842051,0.7629238091107016
4.055999999999775,0.0039999999999995595,0.0,0.0012123274597084116,0.00031433751581064304,-0.0001307285185899133,0.0007334310345180108,0.762853433664131
4.059999999999775,0.0039999999999995595,0.0,0.001212627900087053,0.0003144419792921048,-0.00012775453916183334,0.0007466431759525724,0.7627829975234217
4.0639999999997745,0.0039999999999995595,0.0,0.0012130317462387442,0.0003145562015766194,-0.000124739699947014,0.0007559835195102655,0.7627127448013847
4.067999999999774,0.0039999999999995595,0.0,0.0012135338563946387,0.00031467975573157536,-0.00012169935555315781,0.0007615055786653335,0.7626429139998673
4.071999999999774,0.0039999999999995595,0.0,0.0012141278086675639,0.000314812160149544,-0.00011864859450546778,0.0007632794670503995,0.7625737369595728
4.075999999999773,0.0039999999999995595,0.0,0.001214806067526097,0.00031495288614088844,-0.00011560217494180091,0.0007613912709000516,0.7625054378615582
4.079999999999773,0.0039999999999995595,0.0,0.001215560162461879,0.0003151013660107858,-0.00011257446309004439,0.0007559423590711364,0.7624382322847881
4.083999999999772,0.0039999999999995595,0.0,0.0012163808777723429,0.0003152570014526928,-0.00010957937477828065,0.0007470486336336379,0.7623723263237584
4.087999999999772,0.0039999999999995595,0.0,0.0012172584463865763,0.0003154191720911348,-0.00010663032021400017,0.0007348397250402477,0.7623079157698351
4.091999999999771,0.0039999999999995595,0.0,0.0012181827455788501,0.000315587244010722,-0.00010374015225191094,0.0007194581369934205,0.762245185359542
4.095999999999771,0.0039999999999995595,0.0,0.001219143489310314,0.00031576057811531837,-0.0001009211183512123,0.0007010583472650256,0.7621843080925781
4.0999999999997705,0.0039999999999995595,0.0,0.0012201304142400273,0.0003159385381710924,-9.818481640147972e-05,0.0006798058721755509,0.7621254446219183
4.10399999999977,0.0039999999999995595,0.0,0.0012211334558298044,0.0003161204983993804,-9.554215457328238e-05,0.0006558763040261791,0.7620687427178442
4.10799999999977,0.0039999999999995595,0.0,0.0012221429116266308,0.0003163058504996519,-9.300331532511909e-05,0.0006294543327311008,0.7620143368072982
4.111999999999769,0.0039999999999995595,0.0,0.0012231495895448433,0.0003164940099989487,-9.057772367199544e-05,0.0006007327660402134,0.7619623475894597
4.115999999999769,0.0039999999999995595,0.0,0.0012241449387839134,0.0003166844218415944,-8.82740197944388e-05,0.0005699115668619654,0.7619128817279742
4.119999999999768,0.0039999999999995595,0.0,0.0012251211620850188,0.00031687656515135183,-8.61000360396193e-05,0.0005371969330348425,0.7618660316197904
4.123999999999768,0.0039999999999995595,0.0,0.0012260713079839348,0.0003170699571171351,-8.406277833903374e-05,0.0005028004563493828,0.7618218752401422
4.127999999999767,0.0039999999999995595,0.0,0.0012269893428293848,0.0003172641559723924,-8.216841204127571e-05,0.00046693841705656574,0.7617804760627254
4.131999999999767,0.0039999999999995595,0.0,0.0012278702021556352,0.0003174587630571234,-8.042225213143171e-05,0.00042983130629863553,0.7617418830537928
4.1359999999997665,0.0039999999999995595,0.0,0.0012287098207123541,0.0003176534239696316,-7.882875778505303e-05,0.0003917037360208766,0.7617061307384433
4.139999999999766,0.0039999999999995595,0.0,0.0012295051436785037,0.00031784782883240956,-7.739153118091077e-05,0.0003527850315803809,0.7616732393370979
4.143999999999766,0.0039999999999995595,0.0,0.0012302541177430235,0.0003180417117124916,-7.611332047488054e-05,0.0003133110869454735,0.7616432149697784
4.147999999999765,0.0039999999999995595,0.0,0.0012309556644836076,0.000318234849251127,-7.499602681780008e-05,0.0002735287061842988,0.7616160499255541
4.151999999999765,0.0039999999999995595,0.0,0.0012316096367918714,0.00031842705857039314,-7.404071528181186e-05,0.00023370523288409847,0.7615917229942653
4.155999999999764,0.0039999999999995595,0.0,0.0012322167612052414,0.00031861819453524935,-7.324762954342348e-05,0.00019415054185275698,0.7615701998573889
4.159999999999764,0.0039999999999995595,0.0,0.0012327785655295582,0.0003188081464584079,-7.261621015764194e-05,0.0001552715632035571,0.7615514335347211
4.1639999999997634,0.0039999999999995595,0.0,0.001233297296324089,0.00031899683434217385,-7.214511624482672e-05,0.00011772630152749524,0.7615353648833835
4.167999999999763,0.0039999999999995595,0.0,0.0012337758267277157,0.00031918420475606846,-7.183225040144287e-05,8.294382134850827e-05,0.7615219231454987
4.171999999999763,0.0039999999999995595,0.0,0.00123421755742507,0.00031937022645158814,-7.16747866366482e-05,5.5194295142067626e-05,0.76151102654077
4.175999999999762,0.0039999999999995595,0.0,0.001234626311736252,0.0003195548858159255,-7.166920112952499e-05,4.672724638336569e-05,0.7615025829000773
4.179999999999762,0.0039999999999995595,0.0,0.0012350062294974574,0.00031973818226498465,-7.181130559534796e-05,6.377822909310314e-05,0.7614964903361355
4.183999999999761,0.0039999999999995595,0.0,0.0012353616587348062,0.0003199201236726396,-7.209628304442229e-05,9.184625182040294e-05,0.7614926379471738
4.187999999999761,0.0039999999999995595,0.0,0.0012356970495418678,0.0003201007219281167,-7.25187257133656e-05,0.00012243802143868104,0.7614909065495539
4.19199999999976,0.0039999999999995595,0.0,0.0012360168510772778,0.0003202799887067468,-7.307267494520161e-05,0.0001530072288454578,0.7614911694352074
4.19599999999976,0.0039999999999995595,0.0,0.0012363254140554214,0.00032045793153136014,-7.375166279318681e-05,0.00018263442637079667,0.7614932931497361
4.1999999999997595,0.0039999999999995595,0.0,0.0012366268992347954,0.00032063455019248573,-7.454875512118552e-05,0.00021088322781134065,0.7614971382870382
4.203999999999759,0.0039999999999995595,0.0,0.0012369251949412474,0.0003208098335854651,-7.545659597288884e-05,0.0002374978230077453,0.7615025602962933
4.207999999999759,0.0039999999999995595,0.0,0.0012372238441622648,0.0003209837570118629,-7.646745298157343e-05,0.00026230546842855636,0.7615094102971957
4.211999999999758,0.0039999999999995595,0.0,0.0012375259814021114,0.00032115627998135766,-7.757326359260746e-05,0.0002851792956954408,0.7615175358993274
4.215999999999758,0.0039999999999995595,0.0,0.001237834281648618,0.0003213273445388656,-7.876568187140273e-05,0.00030602216980498114,0.7615267820216431
4.219999999999757,0.0039999999999995595,0.0,0.0012381509210220305,0.0003214968741302042,-8.003612567073867e-05,0.0003247589337793481,0.7615369917080788
4.223999999999757,0.0039999999999995595,0.0,0.0012384775493935666,0.00032166477300837496,-8.137582393334166e-05,0.00034133235059741586,0.7615480069353986
4.227999999999756,0.0039999999999995595,0.0,0.0012388152751663347,0.00032183092617172406,-8.277586390796252e-05,0.0003557008048253406,0.7615596694094818
4.231999999999756,0.0039999999999995595,0.0,0.0012391646624028854,0.00032199519981501625,-8.422723806044403e-05,0.00036783688979470105,0.7615718213463738
4.2359999999997555,0.0039999999999995595,0.0,0.0012395257388608401,0.0003221574422650138,-8.572089046509619e-05,0.00037772645660249507,0.7615843062345604
4.239999999999755,0.0039999999999995595,0.0,0.0012398980152810463,0.00032231748536363017,-8.724776246621994e-05,0.0003853679070688476,0.7615969695750683
4.243999999999755,0.0039999999999995595,0.0,0.0012402805142021328,0.00032247514625426626,-8.879883740594588e-05,0.00039077161355066296,0.7616096595961841
4.247999999999754,0.0039999999999995595,0.0,0.0012406718085383735,0.0003226302295206043,-9.03651842199901e-05,0.00039395939942454394,0.761622227939728
4.251999999999754,0.0039999999999995595,0.0,0.0012410700664815884,0.000322782529622096,-9.193799971148967e-05,0.0003949640431480153,0.7616345303160843
4.255999999999753,0.0039999999999995595,0.0,0.0012414731044781283,0.00032293183356654054,-9.350864932103368e-05,0.00039382878330677213,0.7616464271253268
4.259999999999753,0.0039999999999995595,0.0,0.0012418784443036174,0.00032307792375770825,-9.506870622111633e-05,0.0003906068127144377,0.7616577840420744
4.263999999999752,0.0039999999999995595,0.0,0.0012422833741118585,0.00032322058095476995,-9.660998857234186e-05,0.00038536075370997677,0.7616684725619025
4.267999999999752,0.0039999999999995595,0.0,0.0012426850119978054,0.0003233595872804245,-9.812459479236525e-05,0.0003781621124527356,0.7616783705074096
4.2719999999997516,0.0039999999999995595,0.0,0.0012430803704451855,0.000323494729215963,-9.960493669904968e-05,0.0003690907100996669,0.7616873624922906
4.275999999999751,0.0039999999999995595,0.0,0.0012434664204871162,0.0003236258005239861,-0.00010104377040329273,0.00035823409265125285,0.7616953403419986
4.279999999999751,0.0039999999999995595,0.0,0.0012438401538835686,0.00032375260504308216,-0.00010243422484079205,0.0003456869207296614,0.7617022034698685
4.28399999999975,0.0039999999999995595,0.0,0.0012441986431488677,0.0003238749593033124,-0.00010376982784616268,0.0003315503428152662,0.7617078592078566
4.28799999999975,0.0039999999999995595,0.0,0.0012445390969511904,0.00032399269491667075,-0.00010504452968797703,0.00031593135580995467,0.7617122230912304
4.291999999999749,0.0039999999999995595,0.0,0.0012448589113612295,0.0003241056607027419,-0.00010625272399860442,0.000298942158204908,0.7617152190968871
4.295999999999749,0.0039999999999995595,0.0,0.0012451557151127173,0.0003242137245163485,-0.00010738926604752082,0.000280699502647595,0.7617167798351668
4.2999999999997485,0.0039999999999995595,0.0,0.0012454274087377187,0.00032431677475098613,-0.00010844948832285719,0.0002613240573469246,0.7617168466953054
4.303999999999748,0.0039999999999995595,0.0,0.0012456721971728923,0.00032441472149902765,-0.00010942921340088305,0.00024093979033708044,0.7617153699448798
4.307999999999748,0.0039999999999995595,0.0,0.001245888614986347,0.0003245074973569924,-0.00011032476409815206,0.00021967339942054594,0.7617123087838307
4.311999999999747,0.0039999999999995595,0.0,0.0012460755444412648,0.00032459505787142787,-0.00011113297091592324,0.00019765382902177451,0.7617076313538604
4.315999999999747,0.0039999999999995595,0.0,0.0012462322263391552,0.0003246773816279756,-0.00011185117680047301,0.00017501195546529703,0.7617013147041923
4.319999999999746,0.0039999999999995595,0.0,0.0012463582633113906,0.00032475446999293516,-0.00011247723925644873,0.0001518806192293055,0.7616933447148754
4.323999999999746,0.0039999999999995595,0.0,0.0012464536167341204,0.00032482634652288353,-0.00011300952986357091,0.00012839544048067925,0.7616837159789754
4.327999999999745,0.0039999999999995595,0.0,0.0012465185964730095,0.00032489305606364497,-0.00011344693125893279,0.00010469763263343101,0.7616724316451666
4.331999999999745,0.0039999999999995595,0.0,0.0012465538444377403,0.00032495466356499426,-0.00011378883165866324,8.094283026685182e-05,0.7616595032223806
4.3359999999997445,0.0039999999999995595,0.0,0.0012465603127398866,0.0003250112526418278,-0.0001140351170031409,5.733289739776776e-05,0.761644950348289
4.339999999999744,0.0039999999999995595,0.0,0.001246539236973863,0.0003250629239161679,-0.00011418616081973746,3.4277233787318176e-05,0.7616288005235398
4.343999999999744,0.0039999999999995595,0.0,0.0012464921046010434,0.0003251097931771657,-0.00011424281190576742,1.4129805339936595e-05,0.7616110888137528
4.347999999999743,0.0039999999999995595,0.0,0.0012464206206400166,0.0003251519893982464,-0.00011420637994232159,1.799100807410415e-05,0.7615918575213884
4.351999999999743,0.0039999999999995595,0.0,0.00124632666974679,0.0003251896526517098,-0.00011407861915666452,3.858998061059612e-05,0.7615711558296862
4.355999999999742,0.0039999999999995595,0.0,0.0012462122771530703,0.0003252229319614315,-0.00011386171015742756,6.0166706971443755e-05,0.7615490394209427
4.359999999999742,0.0039999999999995595,0.0,0.0012460795679929526,0.000325251983133877,-0.00011355824007187353,8.13876482331908e-05,0.7615255700714578
4.363999999999741,0.0039999999999995595,0.0,0.0012459307265105996,0.000325276966606448,-0.00011317118111943609,0.00010195588079093314,0.7615008152255361
4.367999999999741,0.0039999999999995595,0.0,0.0012457679560220355,0.00032529804535030035,-0.00011270386775972326,0.00012172182411442222,0.7614748475509721
4.3719999999997405,0.0039999999999995595,0.0,0.0012455934392610777,0.0003253153828622645,-0.00011215997255624778,0.00014057824559778534,0.761447744478475
4.37599999999974,0.0039999999999995595,0.0,0.0012454093022197983,0.00032532914127743974,-0.00011154348089990394,0.0001584369887659829,0.7614195877275229
4.37999999999974,0.0039999999999995595,0.0,0.0012452175788063707,0.0003253394796304888,-0.00011085866473795204,0.00017522190450150487,0.761390462821141
4.383999999999739,0.0039999999999995595,0.0,0.0012450201797968561,0.00032534655228975994,-0.00011011005545551986,0.00019086627287890706,0.761360458592108
4.387999999999739,0.0039999999999995595,0.0,0.0012448188654625358,0.000325350507584101,-0.00010930241605767503,0.00020531175061640206,0.7613296666830827
4.391999999999738,0.0039999999999995595,0.0,0.0012446152212564668,0.0003253514866378557,-0.00010844071279977664,0.00021850790776869534,0.7612981810431423
4.395999999999738,0.0039999999999995595,0.0,0.0012444106390666631,0.0003253496224249529,-0.0001075300864136784,0.00023041200791671312,0.7612660974231824
4.3999999999997375,0.0039999999999995595,0.0,0.0012442063019077027,0.00032534503904846243,-0.00010657582307607967,0.0002409888887027517,0.7612335128726082
4.403999999999737,0.0039999999999995595,0.0,0.0012440031742931867,0.00032533785124749505,-0.00010558332526372903,0.0002502108779503053,0.761200525239698
4.407999999999737,0.0039999999999995595,0.0,0.0012438019961602757,0.0003253281641289586,-0.00010455808263836301,0.0002580577139136465,0.7611672326779553
4.411999999999736,0.0039999999999995595,0.0,0.001243603282588276,0.00032531607311758867,-0.0001035056431010722,0.0002645164540319644,0.7611337331607303
4.415999999999736,0.0039999999999995595,0.0,0.0012434073269117422,0.0003253016641138167,-0.00010243158415267058,0.0002695813638216384,0.7611001240062795
4.419999999999735,0.0039999999999995595,0.0,0.001243214208753206,0.00032528501384558844,-0.00010134148469308202,0.0002732537817729159,0.7610665014153847
4.423999999999735,0.0039999999999995595,0.0,0.0012430238053748068,0.0003252661903971581,-0.00010024089738793344,0.0002755419584897345,0.7610329600235347
4.427999999999734,0.0039999999999995595,0.0,0.001242835807067108,0.00032524525389528614,-9.913532172583992e-05,0.00027646086936799195,0.7609995924695827
4.431999999999734,0.0039999999999995595,0.0,0.0012426497352380202,0.0003252222573311218,-9.803017788462116e-05,0.0002760320011285034,0.7609664889826795
4.4359999999997335,0.0039999999999995595,0.0,0.0012424649633811843,0.00032519724749442464,-9.693078151824031e-05,0.00027428311326820905,0.7609337369891604
4.439999999999733,0.0039999999999995595,0.0,0.0012422807394941399,0.00032517026599566804,-9.584231957040555e-05,0.0002712479754686423,0.7609014207409505
4.443999999999733,0.0039999999999995595,0.0,0.0012420962109280648,0.0003251413503509441,-9.476982721319699e-05,0.0002669660828968529,0.7608696209668816
4.447999999999732,0.0039999999999995595,0.0,0.0012419104498809868,0.0003251105351045301,-9.37181660023579e-05,0.0002614823512687549,0.7608384145482422
4.451999999999732,0.0039999999999995595,0.0,0.0012417224789071628,0.00032507785296431973,-9.269200333286816e-05,0.00025484679402588,0.7608078742196555
4.455999999999731,0.0039999999999995595,0.0,0.0012415312973356107,0.0003250433359262209,-9.169579327037728e-05,0.00024711418439081104,0.7607780682963032
4.459999999999731,0.0039999999999995595,0.0,0.0012413359061837236,0.00032500701636486334,-9.073375882580737e-05,0.0002383437054971556,0.7607490604283217
4.46399999999973,0.0039999999999995595,0.0,0.0012411353329069867,0.0003249689280696275,-8.980987573176385e-05,0.0002285985924919349,0.7607209093830452
4.46799999999973,0.0039999999999995595,0.0,0.0012409286541972093,0.0003249291072069986,-8.892785777082633e-05,0.0002179457715076697,0.7606936688556328
4.4719999999997295,0.0039999999999995595,0.0,0.001240715016919423,0.000324887593192534,-8.809114369664636e-05,0.0002064555020462125,0.7606673873084564
4.475999999999729,0.0039999999999995595,0.0,0.001240493657457334,0.00032484442945820285,-8.730288578002901e-05,0.00019420103199008142,0.7606421078394464
4.479999999999729,0.0039999999999995595,0.0,0.0012402639179477349,0.0003247996641035618,-8.65659400032929e-05,0.00018125827900604966,0.7606178680794882
4.483999999999728,0.0039999999999995595,0.0,0.001240025260299503,0.0003247533504219836,-8.588285791708973e-05,0.00016770556057731092,0.7605947001187692
4.487999999999728,0.0039999999999995595,0.0,0.0012397772774610737,0.0003247055472959973,-8.525588016534837e-05,0.00015362341061743857,0.7605726304618544
4.491999999999727,0.0039999999999995595,0.0,0.001239519701219771,0.0003246563194586244,-8.468693167531208e-05,0.0001390945519724683,0.7605516800111207
4.495999999999727,0.0039999999999995595,0.0,0.001239252407874863,0.00032460573762034593,-8.417761850129055e-05,0.00012420416024428889,0.7605318640780462
4.499999999999726,0.0039999999999995595,0.0,0.0012389754201703753,0.0003245538784639933,-8.37292263027213e-05,0.00010904070335330226,0.7605131924217137
4.503999999999726,0.0039999999999995595,0.0,0.0012386889069170891,0.0003245008245123622,-8.334272042927575e-05,9.369800705923862e-05,0.7604956693137853
4.507999999999726,0.0039999999999995595,0.0,0.0012383931796725316,0.0003244466638756243,-8.3018747578354e-05,7.828019217032421e-05,0.7604792936290601
4.511999999999725,0.0039999999999995595,0.0,0.0012380886870111687,0.0003243914898876788,-8.275763898319762e-05,6.291421988483191e-05,0.760464058960638
4.515999999999725,0.0039999999999995595,0.0,0.0012377760059303035,0.00032433540064237185,-8.255941508344641e-05,4.7786183566980335e-05,0.7604499537586058
4.519999999999724,0.0039999999999995595,0.0,0.0012374558316399903,0.0003242784984420255,-8.242379162327125e-05,3.3270434617626446e-05,0.7604369614910728
4.523999999999724,0.0039999999999995595,0.0,0.001237128965640995,0.000324220889171902,-8.235018711711829e-05,2.0545119896899315e-05,0.7604250608262811
4.527999999999723,0.0039999999999995595,0.0,0.0012367963014556567,0.0003241626816151237,-8.233773161708337e-05,1.4620844885527108e-05,0.7604142258344744
4.531999999999723,0.0039999999999995595,0.0,0.0012364588101584557,0.0003241039867231155,-8.238527671173288e-05,2.140772619508878e-05,0.760404426208091
4.5359999999997225,0.0039999999999995595,0.0,0.001236117523995772,0.00032404491685689455,-8.249140668120524e-05,3.353313642123726e-05,0.7603956274988416
4.539999999999722,0.0039999999999995595,0.0,0.0012357735205135894,0.00032398558501445956,-8.265445073004758e-05,4.663094470419225e-05,0.7603877913701387
4.543999999999722,0.0039999999999995595,0.0,0.0012354279053940927,0.0003239261040591774,-8.287249621555162e-05,5.970479139082648e-05,0.7603808758633194
4.547999999999721,0.0039999999999995595,0.0,0.0012350817960641103,0.000323866585963429,-8.314340278642487e-05,7.243579133278007e-05,0.7603748356760763
4.551999999999721,0.0039999999999995595,0.0,0.0012347363053563476,0.00032380714108089936,-8.346481734406794e-05,8.467340282416054e-05,0.760369622451468
4.55599999999972,0.0039999999999995595,0.0,0.0012343925261225181,0.0003237478774597809,-8.383418973694496e-05,9.632487033486629e-05,0.7603651850758772
4.55999999999972,0.0039999999999995595,0.0,0.001234051516710664,0.0003236889002078616,-8.42487890967341e-05,0.00010732312107610912,0.760361469984269
4.563999999999719,0.0039999999999995595,0.0,0.0012337142871294933,0.0003236303109190194,-8.470572072382256e-05,0.00011761529004981818,0.7603584214711051
4.567999999999719,0.0039999999999995595,0.0,0.001233381787613099,0.00032357220716904364,-8.520194342912111e-05,0.00012715797237758207,0.7603559820052684
4.5719999999997185,0.0039999999999995595,0.0,0.001233054897521972,0.000323514682087057,-8.57342872388254e-05,0.00013591503565795414,0.7603540925473807
4.575999999999718,0.0039999999999995595,0.0,0.001232734416925104,0.00032345782400705137,-8.629947136904332e-05,0.0001438565220453979,0.7603526928679019
4.579999999999718,0.0039999999999995595,0.0,0.001232421059429466,0.0003234017162023433,-8.689412237759856e-05,0.0001509580530475662,0.7603517218644392
4.583999999999717,0.0039999999999995595,0.0,0.0012321154470727343,0.00032334643670400463,-8.751479240145945e-05,0.0001572004790484626,0.7603511178767354
4.587999999999717,0.0039999999999995595,0.0,0.0012318181066544864,0.00032329205820266354,-8.815797738955978e-05,0.00016256965091166246,0.7603508189978302
4.591999999999716,0.0039999999999995595,0.0,0.001231529468682479,0.00032323864803146876,-8.88201352425891e-05,0.0001670562518038781,0.7603507633799621
4.595999999999716,0.0039999999999995595,0.0,0.0012312498674973808,0.0003231862682265225,-8.949770377344032e-05,0.00017065565633952383,0.7603508895338122
4.599999999999715,0.0039999999999995595,0.0,0.0012309795427594926,0.00032313497565974086,-9.018711840451553e-05,0.00017336779897031735,0.7603511366197712
4.603999999999715,0.0039999999999995595,0.0,0.001230718644014345,0.0003230848222378873,-9.088482952107838e-05,0.00017519704147380866,0.7603514447299606
4.6079999999997145,0.0039999999999995595,0.0,0.0012304672345524218,0.00032303585516051147,-9.158731940290068e-05,0.00017615203367625138,0.7603517551598294
4.611999999999714,0.0039999999999995595,0.0,0.0012302252987129892,0.0003229881172286652,-9.229111865997841e-05,0.0001762455642154673,0.7603520106682095
4.615999999999714,0.0039999999999995595,0.0,0.001229992748574303,0.0003229416471956181,-9.29928221020127e-05,0.00017549439979013397,0.760352155724798
4.619999999999713,0.0039999999999995595,0.0,0.001229769432646306,0.0003228964801503436,-9.368910397534025e-05,0.0001739191120416303,0.7603521367441186
4.623999999999713,0.0039999999999995595,0.0,0.0012295551447611215,0.0003228526479242868,-9.437673250567644e-05,0.00017154389222029214,0.7603519023051042
4.627999999999712,0.0039999999999995595,0.0,0.0012293496336114975,0.0003228101795118696,-9.505258368906546e-05,0.0001683963538605791,0.7603514033555313
4.631999999999712,0.0039999999999995595,0.0,0.0012291526125749633,0.0003227691014953095,-9.57136542786809e-05,0.0001645073242165404,0.7603505934006205
4.6359999999997115,0.0039999999999995595,0.0,0.0012289637697319306,0.000322729438464649,-9.635707391999324e-05,0.00015991062535381217,0.7603494286752198
4.639999999999711,0.0039999999999995595,0.0,0.0012287827773534415,0.0003226912134243547,-9.698011639200252e-05,0.00015464284594591507,0.760347868299079
4.643999999999711,0.0039999999999995595,0.0,0.0012286093016697123,0.00032265444817847704,-9.758020991727657e-05,0.0001487431049035966,0.7603458744148083
4.64799999999971,0.0039999999999995595,0.0,0.0012284430116530686,0.00032261916368712506,-9.81549465092663e-05,0.00014225280817284353,0.7603434123082299
4.65199999999971,0.0039999999999995595,0.0,0.001228283587536186,0.00032258538038786223,-9.870209033031048e-05,0.00013521539998591754,0.7603404505108924
4.655999999999709,0.0039999999999995595,0.0,0.0012281307283411756,0.000322553118476614,-9.92195850396221e-05,0.00012767611013926155,0.7603369608846435
4.659999999999709,0.0039999999999995595,0.0,0.0012279841585986198,0.0003225223981436906,-9.970556011572416e-05,0.0001196816988169324,0.7603329186882204
4.663999999999708,0.0039999999999995595,0.0,0.001227843634074395,0.0003224932397616083,-0.00010015833614331502,0.00011128020082667506,0.7603283026259231
4.667999999999708,0.0039999999999995595,0.0,0.001227708946412572,0.0003224656640224921,-0.00010057642905972996,0.00010252067148300588,0.7603230948785088
4.6719999999997075,0.0039999999999995595,0.0,0.0012275799266932264,0.00032243969202394915,-0.00010095855336170987,9.345293710047246e-05,0.7603172811165413
4.675999999999707,0.0039999999999995595,0.0,0.0012274564478136937,0.0003224153453033672,-0.00010130362427820388,8.412735466744633e-05,0.7603108504964985
4.679999999999707,0.0039999999999995595,0.0,0.0012273384258732424,0.00032239264582165187,-0.00010161075891967573,7.45945885049149e-05,0.7603037956400264
4.683999999999706,0.0039999999999995595,0.0,0.0012272258203795134,0.0003223716158983713,-0.00010187927641963431,6.490541990735885e-05,0.7602961125967915
4.687999999999706,0.0039999999999995595,0.0,0.0012271186334569314,0.00032235227810120345,-0.00010210869708832973,5.511062636500919e-05,0.7602878007914593
4.691999999999705,0.0039999999999995595,0.0,0.0012270169077850891,0.0003223346550933942,-0.00010229874060356288,4.526102788332591e-05,0.7602788629553968
4.695999999999705,0.0039999999999995595,0.0,0.0012269207238094187,0.00032231876944362496,-0.00010244932326709797,3.540800801296071e-05,0.7602693050437394
4.699999999999704,0.0039999999999995595,0.0,0.001226830196585893,0.0003223046434033243,-0.00010256055435954046,2.5605735239954802e-05,0.7602591361385381
4.703999999999704,0.0039999999999995595,0.0,0.001226745470902245,0.0003222922986568991,-0.0001026327316303064,1.59221436883183e-05,0.7602483683387403
4.7079999999997035,0.0039999999999995595,0.0,0.001226666716666285,0.00032228175605075835,-0.00010266633596249161,6.546429829350057e-06,0.7602370166378158
4.711999999999703,0.0039999999999995595,0.0,0.0012265941232946183,0.00032227303530719855,-0.00010266202525585951,3.9784373019494456e-06,0.7602250987898692
4.715999999999703,0.0039999999999995595,0.0,0.0012265278940974352,0.0003222661547293551,-0.00010262062757387488,1.2707350114859895e-05,0.7602126351651282
4.719999999999702,0.0039999999999995595,0.0,0.0012264682402977794,0.0003222611309033857,-0.00010254313360349753,2.1588857098294133e-05,0.7601996485957209
4.723999999999702,0.0039999999999995595,0.0,0.0012264153750478279,0.0003222579784039378,-0.00010243068847866959,3.0224459969244097e-05,0.7601861642126895
4.727999999999701,0.0039999999999995595,0.0,0.0012263695068996364,0.00032225670950869093,-0.00010228458302041614,3.854468008379241e-05,0.7601722092752055
4.731999999999701,0.0039999999999995595,0.0,0.0012263308346320998,0.000322257333927431,-0.00010210624444816768,4.6507437199063994e-05,0.7601578129929666
4.7359999999997004,0.0039999999999995595,0.0,0.001226299541171822,0.00032225985855068056,-0.00010189722661856197,5.407853555520965e-05,0.7601430063427809
4.7399999999997,0.0039999999999995595,0.0,0.001226275788238122,0.0003222642872223819,-0.0001016591998487063,6.122808976776141e-05,0.7601278218803322
4.7439999999997,0.0039999999999995595,0.0,0.0012262597122563237,0.0003222706205405645,-0.00010139394038220475,6.79295694375791e-05,0.7601122935481396
4.747999999999699,0.0039999999999995595,0.0,0.001226251419276727,0.0003222788556892876,-0.00010110331955619689,7.415949634984773e-05,0.7600964564807179
4.751999999999699,0.0039999999999995595,0.0,0.0012262509818876527,0.000322288986304474,-0.00010078929272841345,7.989734377613996e-05,0.7600803468079308
4.755999999999698,0.0039999999999995595,0.0,0.0012262584361314181,0.00032230100237557515,-0.0001004538880232583,8.512550446350715e-05,0.7600640014575345
4.759999999999698,0.0039999999999995595,0.0,0.0012262737794196282,0.00032231489018428087,-0.00010009919495468613,8.982928059070982e-05,0.7600474579578796
4.763999999999697,0.0039999999999995595,0.0,0.0012262969686332877,0.0003223306322807928,-9.972735298432528e-05,9.399687642504362e-05,0.7600307542417182
4.767999999999697,0.0039999999999995595,0.0,0.0012263279196754356,0.0003223482074975046,-9.934054007153614e-05,9.761938600271828e-05,0.7600139284520552
4.7719999999996965,0.0039999999999995595,0.0,0.0012263665073898253,0.0003223675909992689,-9.894096127183543e-05,0.00010069077182312958,0.7599970187509396
4.775999999999696,0.0039999999999995595,0.0,0.001226412565936048,0.0003223887543688246,-9.853083743739597e-05,0.0001032078333494218,0.7599800631320763
4.779999999999696,0.0039999999999995595,0.0,0.001226465890616562,0.0003224116657253864,-9.811239407313243e-05,0.00010517016413581258,0.7599630992380739
4.783999999999695,0.0039999999999995595,0.0,0.0012265262391635001,0.0003224362898738972,-9.768785039938808e-05,0.0001065800980108747,0.759946164183137
4.787999999999695,0.0039999999999995595,0.0,0.001226593334928859,0.00032246258848200003,-9.72594086701994e-05,0.00010744264421352175,0.759929294381956
4.791999999999694,0.0039999999999995595,0.0,0.0012266668693521427,0.00032249052028143223,-9.682924379431682e-05,0.00010776541234306287,0.7599125253854999
4.795999999999694,0.0039999999999995595,0.0,0.0012267465057866948,0.00032252004129024935,-9.639949330293538e-05,0.00010755852751931395,0.7598958917243867
4.799999999999693,0.0039999999999995595,0.0,0.0012268318833260775,0.0003225511050520399,-9.597224770675308e-05,0.00010683453675725891,0.7598794267604151
4.803999999999693,0.0039999999999995595,0.0,0.0012269226205393554,0.0003225836628882278,-9.554954128077024e-05,0.00010560830767589902,0.759863162546853
4.8079999999996925,0.0039999999999995595,0.0,0.0012270183202909724,0.00032261766415944053,-9.513334331337511e-05,0.00010389692067983061,0.7598471296979682
4.811999999999692,0.0039999999999995595,0.0,0.0012271185737440903,0.0003226530565319629,-9.472554985301158e-05,0.00010171955614157037,0.7598313572682528
4.815999999999692,0.0039999999999995595,0.0,0.0012272229649043,0.0003226897862454029,-9.432797598252961e-05,9.909737853163757e-05,0.7598158726417427
4.819999999999691,0.0039999999999995595,0.0,0.0012273310751601777,0.00032272779837783094,-9.394234864820842e-05,9.605341987650239e-05,0.759800701431768
4.823999999999691,0.0039999999999995595,0.0,0.001227442487368047,0.0003227670371048963,-9.357030006686216e-05,9.261246575365792e-05,0.7597858673914127
4.82799999999969,0.0039999999999995595,0.0,0.0012275567902044668,0.0003228074459496883,-9.321336173183037e-05,8.880094806892971e-05,0.7597713923349015
4.83199999999969,0.0039999999999995595,0.0,0.0012276735813391323,0.0003228489680204436,-9.287295903431916e-05,8.464685095458418e-05,0.7597572960700844
4.835999999999689,0.0039999999999995595,0.0,0.0012277924717798846,0.0003228915462335577,-9.255040651415243e-05,8.01796387484425e-05,0.7597435963421173
4.839999999999689,0.0039999999999995595,0.0,0.0012279130883148736,0.00032293512351975134,-9.224690374999812e-05,7.5430220286931e-05,0.759730308788389
4.8439999999996886,0.0039999999999995595,0.0,0.0012280350766749823,0.00032297964301166403,-9.196353189584395e-05,7.04309719487612e-05,0.7597174469046839
4.847999999999688,0.0039999999999995595,0.0,0.001228158103517764,0.00032302504821157287,-9.17012508674595e-05,6.521585681302342e-05,0.7597050220225217
4.851999999999688,0.0039999999999995595,0.0,0.0012282818584992811,0.00032307128313835735,-9.146089717913503e-05,5.9820704811906924e-05,0.7596930432975463
4.855999999999687,0.0039999999999995595,0.0,0.001228406055530157,0.0003231182924532677,-9.124318242768344e-05,5.4283771039554884e-05,0.7596815177088022
4.859999999999687,0.0039999999999995595,0.0,0.0012285303986048805,0.00032316596580374534,-9.104862675715346e-05,4.867176891293136e-05,0.7596815177088022
4.863999999999686,0.0039999999999995595,0.0,0.0012286545511751672,0.00032321411261859636,-9.087748057541271e-05,4.302380003020797e-05,0.7596597632050494
4.867999999999686,0.0039999999999995595,0.0,0.0012287783595200164,0.00032326279973569433,-9.073026139524237e-05,3.735674437552557e-05,0.7596496760328747
4.8719999999996855,0.0039999999999995595,0.0,0.0012289019797653304,0.00032331222217574815,-9.060718571468253e-05,3.177483051862934e-05,0.7596400102340714
4.875999999999685,0.0039999999999995595,0.0,0.0012290251590336703,0.00032336226944189035,-9.050835842143261e-05,2.6369503534289495e-05,0.7596307832893912
4.879999999999685,0.0039999999999995595,0.0,0.0012291476972078905,0.0003234128510973715,-9.043376100308832e-05,2.1318378640111877e-05,0.759621998437556
4.883999999999684,0.0039999999999995595,0.0,0.0012292694357950349,0.0003234638906050468,-9.0383254622202e-05,1.6949766169723446e-05,0.7596136531288069
4.887999999999684,0.0039999999999995595,0.0,0.0012293902504995314,0.0003235153211624286,-9.035658360948073e-05,1.387967967775943e-05,0.7596057407218654
4.891999999999683,0.0039999999999995595,0.0,0.0012295100439815665,0.0003235670828786527,-9.035337938487453e-05,1.29612205896657e-05,0.7595982515365086
4.895999999999683,0.0039999999999995595,0.0,0.0012296287415994851,0.00032361912085298976,-9.037316480113359e-05,1.447596702799367e-05,0.7595911735163913
4.899999999999682,0.0039999999999995595,0.0,0.001229746286613224,0.00032367138385893876,-9.04153588940814e-05,1.7675444284179788e-05,0.7595844926586437
4.903999999999682,0.0039999999999995595,0.0,0.001229862636744817,0.0003237238234354956,-9.04792820169031e-05,2.1695968420038173e-05,0.7595781933058506
4.9079999999996815,0.0039999999999995595,0.0,0.0012299777604702733,0.0003237763932529654,-9.05641613315258e-05,2.603333687162614e-05,0.759572258358349
4.911999999999681,0.0039999999999995595,0.0,0.0012300916344870315,0.00032382904866489956,-9.066913662685728e-05,3.0432335187732746e-05,0.7595666694415647
4.915999999999681,0.0039999999999995595,0.0,0.0012302042406414802,0.000323881746387402,-9.079326643104678e-05,3.475712130545705e-05,0.7595614070489127
4.91999999999968,0.0039999999999995595,0.0,0.0012303155634899392,0.0003239344442669035,-9.093553438398903e-05,3.8927916396867585e-05,0.7595564506721294
4.92399999999968,0.0039999999999995595,0.0,0.0012304255880414875,0.0003239871011107089,-9.109485583479831e-05,4.289315093577447e-05,0.7595517789256986
4.927999999999679,0.0039999999999995595,0.0,0.0012305342976824765,0.00032403967656339806,-9.127008462840065e-05,4.66168058745285e-05,0.7595473696688989
4.931999999999679,0.0039999999999995595,0.0,0.001230641672372778,0.00032409213101793635,-9.146002004519975e-05,5.0072295117504806e-05,0.7595432001271675
4.935999999999678,0.0039999999999995595,0.0,0.001230747687384182,0.0003241444255541102,-9.166341385733762e-05,5.3239316964745e-05,0.7595392470133986
4.939999999999678,0.0039999999999995595,0.0,0.0012308523117687759,0.00032419652189934374,-9.18789774653803e-05,5.610213671939786e-05,0.7595354866491952
4.9439999999996775,0.0039999999999995595,0.0,0.0012309555075495499,0.00032424838240847453,-9.210538907941169e-05,5.864859857719644e-05,0.7595318950857506
4.947999999999677,0.0039999999999995595,0.0,0.0012310572290014708,0.0003242999700600102,-9.234130090914274e-05,6.086952758351357e-05,0.7595284482238837
4.951999999999677,0.0039999999999995595,0.0,0.0012311574223836579,0.00032435124846693405,-9.25853463281587e-05,6.275834845911472e-05,0.7595251219326579
4.955999999999676,0.0039999999999995595,0.0,0.0012312560254010166,0.00032440218190043287,-9.283614697822274e-05,6.431082902157941e-05,0.7595218921660027
4.959999999999676,0.0039999999999995595,0.0,0.0012313529679282306,0.0003244527353250572,-9.30923197806997e-05,6.552489658555393e-05,0.7595187350767671
4.963999999999675,0.0039999999999995595,0.0,0.0012314481718316583,0.00032450287444386454,-9.335248382296434e-05,6.640049767642519e-05,0.7595156271276405
4.967999999999675,0.0039999999999995595,0.0,0.001231541551872893,0.0003245525657520936,-9.361526708915601e-05,6.693948358226029e-05,0.7595125451984253
4.9719999999996745,0.0039999999999995595,0.0,0.0012316330164314137,0.00032460177659788934,-9.387931300595209e-05,6.714551088779037e-05,0.7595094666891805
4.975999999999674,0.0039999999999995595,0.0,0.0012317224683168336,0.0003246504752485425,-9.414328677538918e-05,6.70239506099672e-05,0.7595063696187746
4.979999999999674,0.0039999999999995595,0.0,0.0012318098062114873,0.00032469863096069645,-9.440588146846169e-05,6.658180182442723e-05,0.7595032327184501
4.983999999999673,0.0039999999999995595,0.0,0.0012318949253912156,0.00032474621405295234,-9.466582385482391e-05,6.582760743481696e-05,0.7595000355200182
4.987999999999673,0.0039999999999995595,0.0,0.001231977719617191,0.00032479319597931153,-9.492187994591298e-05,6.477137086015242e-05,0.7594967584383616
4.991999999999672,0.0039999999999995595,0.0,0.0012320580819454826,0.00032483954940191957,-9.517286023031015e-05,6.342447299994511e-05,0.7594933828479371
4.995999999999672,0.0039999999999995595,0.0,0.0012321359064372344,0.00032488524826164065,-9.541762458228938e-05,6.179958969019237e-05,0.7594898911530362
4.999999999999671,0.0039999999999995595,0.0,0.0012322110895077037,0.00032493026784506033,-9.565508682658656e-05,5.9910610355694494e-05,0.7594862668515739
5.003999999999671,0.0039999999999995595,0.0,0.0012322835311846677,0.00032497458484662204,-9.588421894415766e-05,5.777255908686782e-05,0.7594824945922319
5.0079999999996705,0.0039999999999995595,0.0,0.0012323531363663965,0.00032501817742471934,-9.610405490588317e-05,5.5401520331247605e-05,0.7594785602248102
5.01199999999967,0.0039999999999995595,0.0,0.0012324198161693437,0.0003250610252506874,-9.631369412332079e-05,5.2814572410150725e-05,0.7594744508436773
5.01599999999967,0.0039999999999995595,0.0,0.0012324834887350365,0.00032510310954985235,-9.651230450761315e-05,5.002973385428437e-05,0.7594701548242659
5.019999999999669,0.0039999999999995595,0.0,0.0012325440805773444,0.000325144413133876,-9.669912512973034e-05,4.7065930340162816e-05,0.75946566185256
5.023999999999669,0.0039999999999995595,0.0,0.0012326015270288614,0.0003251849204238579,-9.687346847734754e-05,4.394299494330338e-05,0.7594609629475777
5.027999999999668,0.0039999999999995595,0.0,0.0012326557731377845,0.00032522461746383336,-9.703472230573025e-05,4.0681722857257774e-05,0.7594560504769038
5.031999999999668,0.0039999999999995595,0.0,0.0012327067740244921,0.0003252634919244617,-9.718235108204292e-05,3.7304017592339024e-05,0.7594509181653211
5.035999999999667,0.0039999999999995595,0.0,0.0012327544953284596,0.00032530153309689503,-9.731589702432445e-05,3.383319603324168e-05,0.759445561096651
5.039999999999667,0.0039999999999995595,0.0,0.001232798913565403,0.0003253387318769707,-9.743498073868501e-05,3.0294581394797047e-05,0.7594399757089321
5.0439999999996665,0.0039999999999995595,0.0,0.0012328400154941696,0.00032537508074003974,-9.753930145973385e-05,2.6716644325639826e-05,0.7594341597831036
5.047999999999666,0.0039999999999995595,0.0,0.001232877798654846,0.00032541057370689573,-9.762863690142897e-05,2.3133250961666457e-05,0.7594281124253766
5.051999999999666,0.0039999999999995595,0.0,0.0012329122708266023,0.00032544520630140185,-9.770284272706987e-05,1.95882980621811e-05,0.7594218340435169
5.055999999999665,0.0039999999999995595,0.0,0.001232943449396005,0.00032547897550052793,-9.77618516490513e-05,1.6145869929560806e-05,0.7594153263172753
5.059999999999665,0.0039999999999995595,0.0,0.0012329713608158733,0.00032551187967762117,-9.780567217014049e-05,1.2913939319372096e-05,0.7594085921632338
5.063999999999664,0.0039999999999995595,0.0,0.0012329960404247483,0.0003255439185398172,-9.783438698034458e-05,1.0100763594471114e-05,0.7594016356943546
5.067999999999664,0.0039999999999995595,0.0,0.0012330175307360366,0.0003255750930605549,-9.784815102379559e-05,8.12290506310573e-06,0.7593944621745348
5.0719999999996634,0.0039999999999995595,0.0,0.0012330358815284376,0.0003256054054082159,-9.784718925230704e-05,7.592042574294312e-06,0.7593870779684966
5.075999999999663,0.0039999999999995595,0.0,0.0012330511482258894,0.0003256348588719299,-9.783179408294106e-05,8.689885029343813e-06,0.7593794904873474
5.079999999999663,0.0039999999999995595,0.0,0.0012330633912682814,0.0003256634577855824,-9.780232257805251e-05,1.0848314197683472e-05,0.7593717081301685
5.083999999999662,0.0039999999999995595,0.0,0.0012330726750321938,0.0003256912074510658,-9.7759193367449e-05,1.3485237910113605e-05,0.7593637402219932
5.087999999999662,0.0039999999999995595,0.0,0.0012330790668418604,0.00032571811406177046,-9.77028833330093e-05,1.629066306654957e-05,0.7593555969485579
5.091999999999661,0.0039999999999995595,0.0,0.0012330826360702888,0.0003257441846272712,-9.763392407674356e-05,1.911552755774013e-05,0.7593472892882043
5.095999999999661,0.0039999999999995595,0.0,0.001233083453060379,0.00032576942690009145,-9.755289819420715e-05,2.188211089777018e-05,0.7593388289413183
5.09999999999966,0.0039999999999995595,0.0,0.0012330815884962435,0.00032579384930536985,-9.746043537535898e-05,2.4544891410875525e-05,0.759330228257716
5.10399999999966,0.0039999999999995595,0.0,0.001233077112144248,0.0003258174608741437,-9.735720835556896e-05,2.7074240438945292e-05,0.7593215001623518
5.1079999999996595,0.0039999999999995595,0.0,0.0012330700924943535,0.0003258402711808864,-9.724392873950066e-05,2.9449231411289215e-05,0.7593126580797588
5.111999999999659,0.0039999999999995595,0.0,0.0012330605961312577,0.0003258622902858172,-9.712134272117472e-05,3.165422710641928e-05,0.7593037158576096
5.115999999999659,0.0039999999999995595,0.0,0.0012330486867452707,0.00032588352868239984,-9.699022672290277e-05,3.367714404637293e-05,0.7592946876897908
5.119999999999658,0.0039999999999995595,0.0,0.0012330344251334658,0.0003259039972503371,-9.685138297637347e-05,3.5508513537820916e-05,0.7592855880393702
5.123999999999658,0.0039999999999995595,0.0,0.0012330178686604694,0.00032592370721425275,-9.670563506850427e-05,3.714094469198755e-05,0.7592764315618413
5.127999999999657,0.0039999999999995595,0.0,0.0012329990709892156,0.0003259426701081388,-9.6553823474673e-05,3.8568800501803733e-05,0.7592672330290079
5.131999999999657,0.0039999999999995595,0.0,0.001232978081901599,0.00032596089774554525,-9.639680110127165e-05,3.9787991677167565e-05,0.7592580072538692
5.135999999999656,0.0039999999999995595,0.0,0.0012329549474791649,0.0003259784021953857,-9.623542885934538e-05,4.0795837269412e-05,0.7592487690168482
5.139999999999656,0.0039999999999995595,0.0,0.0012329297101036057,0.0003259951957631422,-9.607057129014753e-05,4.1590964192358225e-05,0.7592395329937035
5.1439999999996555,0.0039999999999995595,0.0,0.0012329024083670948,0.0003260112909771515,-9.590309226311233e-05,4.217322924084484e-05,0.7592303136854265
5.147999999999655,0.0039999999999995595,0.0,0.0012328730777029146,0.00032602670057960576,-9.573385076561812e-05,4.254365423863193e-05,0.759221125350445
5.151999999999655,0.0039999999999995595,0.0,0.001232841750655856,0.00032604143752181024,-9.556369680319635e-05,4.270436838238789e-05,0.7592119819394005
5.155999999999654,0.0039999999999995595,0.0,0.0012328084569724635,0.0003260555149631949,-9.539346742821743e-05,4.265855417528466e-05,0.7592028970327673
5.159999999999654,0.0039999999999995595,0.0,0.001232773224681867,0.00032606894627354406,-9.522398291359323e-05,4.2410394853182854e-05,0.7591938837815724
5.163999999999653,0.0039999999999995595,0.0,0.0012327360798258075,0.0003260817450378694,-9.505604308727521e-05,4.19650218626548e-05,0.7591849548514256
5.167999999999653,0.0039999999999995595,0.0,0.0012326970477196649,0.00032609392506333584,-9.489042384214649e-05,4.132846152891075e-05,0.7591761223700769
5.171999999999652,0.0039999999999995595,0.0,0.0012326561532229412,0.0003261055003876397,-9.472787383486691e-05,4.050758050199455e-05,0.759167397878676
5.175999999999652,0.0039999999999995595,0.0,0.0012326134211899204,0.00032611648528825977,-9.456911138579765e-05,3.951002976671974e-05,0.7591587922869066
5.1799999999996515,0.0039999999999995595,0.0,0.0012325688773707792,0.000326126894292001,-9.441482159104163e-05,3.8344187086842015e-05,0.7591503158321269
5.183999999999651,0.0039999999999995595,0.0,0.0012325225487724337,0.0003261367421842892,-9.426565365647314e-05,3.701909798833463e-05,0.7591419780426348
5.187999999999651,0.0039999999999995595,0.0,0.0012324744641095634,0.00032614604401771046,-9.412221846207897e-05,3.554441545585134e-05,0.7591337877051618
5.19199999999965,0.0039999999999995595,0.0,0.001232424654616106,0.00032615481511932295,-9.398508636379287e-05,3.393033848837606e-05,0.7591257528366517
5.19599999999965,0.0039999999999995595,0.0,0.0012323731541362775,0.00032616307109633355,-9.385478523881623e-05,3.218754979919309e-05,0.7591178806603888
5.199999999999649,0.0039999999999995595,0.0,0.0012323199999363967,0.000326170827839784,-9.373179877876854e-05,3.0327153015107434e-05,0.7591101775864976
5.203999999999649,0.0039999999999995595,0.0,0.0012322652327962029,0.00032617810152594005,-9.361656503405833e-05,2.8360609715784686e-05,0.7591026491968152
5.2079999999996485,0.0039999999999995595,0.0,0.0012322088971002535,0.00032618490861515624,-9.350947521138363e-05,2.6299676866860307e-05,0.759095300234129
5.211999999999648,0.0039999999999995595,0.0,0.0012321510415601333,0.0003261912658480519,-9.341087272493503e-05,2.4156345227659672e-05,0.7590881345957377
5.215999999999648,0.0039999999999995595,0.0,0.0012320917190358353,0.0003261971902388826,-9.332105250076704e-05,2.194277984220007e-05,0.7590811553312755
5.219999999999647,0.0039999999999995595,0.0,0.0012320309866274885,0.0003262026990660756,-9.3240260532629e-05,1.9671264145966153e-05,0.7590743646447303
5.223999999999647,0.0039999999999995595,0.0,0.0012319689057671626,0.0003262078098599444,-9.316869368607303e-05,1.7354151031882452e-05,0.759067763900551
5.227999999999646,0.0039999999999995595,0.0,0.0012319055420403765,0.00032621254038766586,-9.310649974674709e-05,1.5003827556083443e-05,0.7590613536337377
5.231999999999646,0.0039999999999995595,0.0,0.001231840965277972,0.00032621690863565033,-9.305377770750747e-05,1.2632709942047536e-05,0.7590551335637779
5.235999999999645,0.0039999999999995595,0.0,0.0012317752491072525,0.00032622093278947945,-9.301057828832363e-05,1.0253314865203919e-05,0.759049102612281
5.239999999999645,0.0039999999999995595,0.0,0.0012317084706832688,0.00032622463121164454,-9.297690468118173e-05,7.878561525128876e-06,0.759043258924155
5.2439999999996445,0.0039999999999995595,0.0,0.00123164071069045,0.000326228022417335,-9.29527135121225e-05,5.52297136951813e-06,0.7590375998921416
5.247999999999644,0.0039999999999995595,0.0,0.0012315720527131997,0.00032623112504856727,-9.293791601091901e-05,3.209199002450583e-06,0.7590321221845229
5.251999999999644,0.0039999999999995595,0.0,0.0012315025830570265,0.0003262339578469663,-9.293237937867858e-05,1.0604088237749114e-06,0.7590268217757996
5.255999999999643,0.0039999999999995595,0.0,0.0012314323899384884,0.00032623653962551814,-9.293592834231372e-05,1.5657898721336222e-06,0.7590216939801292
5.259999999999643,0.0039999999999995595,0.0,0.0012313615636666052,0.00032623888923963344,-9.294834688459774e-05,3.6847256862836847e-06,0.7590167334873033
5.263999999999642,0.0039999999999995595,0.0,0.0012312901955619411,0.00032624102555784415,-9.296938013778288e-05,5.800250285890996e-06,0.7590119344010318
5.267999999999642,0.0039999999999995595,0.0,0.0012312183778671593,0.00032624296743246386,-9.299873642807852e-05,7.852324191801334e-06,0.7590072902793075
5.271999999999641,0.0039999999999995595,0.0,0.0012311462032065915,0.00032624473367052196,-9.303608945778182e-05,9.824890098049509e-06,0.7590027941766025
5.275999999999641,0.0039999999999995595,0.0,0.00123107376395537,0.00032624634300527195,-9.308108061183359e-05,1.1707803677696195e-05,0.758998438687656
5.2799999999996405,0.0039999999999995595,0.0,0.0012310011521493983,0.00032624781406854396,-9.313332137462725e-05,1.3492865561167952e-05,0.7589942159926067
5.28399999999964,0.0039999999999995595,0.0,0.0012309284587638635,0.00032624916536418125,-9.319239584330723e-05,1.517297341523262e-05,0.7589901179032209
5.28799999999964,0.0039999999999995595,0.0,0.0012308557731718227,0.00032625041524277386,-9.325786332305433e-05,1.674187374857328e-05,0.7589861359099612
5.291999999999639,0.0039999999999995595,0.0,0.0012307831834143692,0.0003262515818778728,-9.332926099025465e-05,1.819407662872081e-05,0.758982261229663
5.295999999999639,0.0039999999999995595,0.0,0.0012307107752078958,0.0003262526832438218,-9.340610660873903e-05,1.9524823848492306e-05,0.7589784848535588
5.299999999999638,0.0039999999999995595,0.0,0.0012306386318530957,0.0003262537370953193,-9.348790128518554e-05,2.073007640008945e-05,0.7589747975954151
5.303999999999638,0.0039999999999995595,0.0,0.0012305668342341037,0.00032625476094876396,-9.35741322490586e-05,2.180650855644772e-05,0.7589711901395395
5.3079999999996375,0.0039999999999995595,0.0,0.0012304954601860063,0.0003262557720654306,-9.366427564318767e-05,2.2751503426611117e-05,0.7589676530884368
5.311999999999637,0.0039999999999995595,0.0,0.001230424584583942,0.00032625678743645765,-9.37577993110826e-05,2.3563147720143624e-05,0.7589641770098747
5.315999999999637,0.0039999999999995595,0.0,0.0012303542793419614,0.0003262578237696137,-9.385416556742861e-05,2.424022454238233e-05,0.7589607524831485
5.319999999999636,0.0039999999999995595,0.0,0.0012302846130508996,0.0003262588974777621,-9.3952833938591e-05,2.4782203825821907e-05,0.7589573701443374
5.323999999999636,0.0039999999999995595,0.0,0.0012302156507965978,0.00032626002466893257,-9.4053263860369e-05,2.5189230132913084e-05,0.7589540207303459
5.327999999999635,0.0039999999999995595,0.0,0.0012301474547903144,0.0003262612211378658,-9.41549173206096e-05,2.5462107729230536e-05,0.7589506951215469
5.331999999999635,0.0039999999999995595,0.0,0.0012300800837357546,0.00032626250235888747,-9.425726143502352e-05,2.5602283080504607e-05,0.7589473843828416
5.335999999999634,0.0039999999999995595,0.0,0.001230013593098504,0.0003262638834799439,-9.435977094488529e-05,2.5611824758438586e-05,0.7589440798029701
5.339999999999634,0.0039999999999995595,0.0,0.0012299480354658195,0.00032626537931761834,-9.446193062611503e-05,2.549340095825003e-05,0.75894077293192
5.3439999999996335,0.0039999999999995595,0.0,0.001229883460274654,0.000326267004352947,-9.4563237599756e-05,2.5250254770404135e-05,0.7589374556162843
5.347999999999633,0.0039999999999995595,0.0,0.001229819913990982,0.0003262687727278391,-9.466320353453878e-05,2.4886177417446052e-05,0.7589341200324476
5.351999999999633,0.0039999999999995595,0.0,0.001229757440469759,0.0003262706982419142,-9.476135673302764e-05,2.4405479702549836e-05,0.7589307587174673
5.355999999999632,0.0039999999999995595,0.0,0.0012296960810441585,0.00032627279434956357,-9.485724409363658e-05,2.3812961949582746e-05,0.7589273645975676
5.359999999999632,0.0039999999999995595,0.0,0.0012296358745245632,0.0003262750741570617,-9.495043294129426e-05,2.3113882725239828e-05,0.7589239310141374
5.363999999999631,0.0039999999999995595,0.0,0.0012295768572878718,0.0003262775504195623,-9.504051272065234e-05,2.2313926796452264e-05,0.7589204517471716
5.367999999999631,0.0039999999999995595,0.0,0.0012295190639086376,0.00032628023553782923,-9.512709654638997e-05,2.1419172802502653e-05,0.7589169210360855
5.37199999999963,0.0039999999999995595,0.0,0.0012294625267970922,0.00032628314155456144,-9.520982260588524e-05,2.0436061309331657e-05,0.7589133335978566
5.37599999999963,0.0039999999999995595,0.0,0.0012294072764692263,0.0003262862801502067,-9.528835541057247e-05,1.937136424569608e-05,0.758909684642465
5.3799999999996295,0.0039999999999995595,0.0,0.0012293533419975853,0.0003262896626381733,-9.536238689282389e-05,1.823215703899771e-05,0.7589059698856072
5.383999999999629,0.0039999999999995595,0.0,0.0012293007505590726,0.0003262932999593714,-9.543163734626668e-05,1.7025795771406832e-05,0.758902185558684
5.387999999999629,0.0039999999999995595,0.0,0.001229249527976141,0.00032629720267604145,-9.549585620821657e-05,1.5759902957359914e-05,0.7588983284160619
5.391999999999628,0.0039999999999995595,0.0,0.0012291996988065402,0.00032630138096485583,-9.555482268354818e-05,1.444236828163112e-05,0.7588943957396375
5.395999999999628,0.0039999999999995595,0.0,0.0012291512858008304,0.0003263058446092951,-9.560834621021507e-05,1.3081376162373498e-05,0.7588903853407319
5.399999999999627,0.0039999999999995595,0.0,0.0012291043108953635,0.000326310602991339,-9.565626676752596e-05,1.1685483273097595e-05,0.7588862955593677
5.403999999999627,0.0039999999999995595,0.0,0.0012290587943085544,0.00032631566508251964,-9.569845502874666e-05,1.0263794605794444e-05,0.7588821252609783
5.407999999999626,0.0039999999999995595,0.0,0.0012290147549919885,0.0003263210394344125,-9.573481236060453e-05,8.826348659271113e-06,0.758877873830625
5.411999999999626,0.0039999999999995595,0.0,0.0012289722109009725,0.00032632673416866477,-9.576527067282004e-05,7.384988311900105e-06,0.7588735411647989
5.415999999999626,0.0039999999999995595,0.0,0.001228931178090734,0.00032633275696667216,-9.578979212142585e-05,5.955495471833478e-06,0.7588691276608979
5.419999999999625,0.0039999999999995595,0.0,0.0012288916715289858,0.00032633911505902885,-9.580836867044742e-05,4.563522209995771e-06,0.7588646342044799
5.423999999999625,0.0039999999999995595,0.0,0.0012288537045534844,0.0003263458152148873,-9.5821021516879e-05,3.2640823837620255e-06,0.7588600621543952
5.427999999999624,0.0039999999999995595,0.0,0.0012288172888715995,0.0003263528637313855,-9.582780038467475e-05,2.215830649954726e-06,0.7588554133259217
5.431999999999624,0.0039999999999995595,0.0,0.0012287824344695644,0.0003263602664232814,-9.58287826939156e-05,1.8620354391349722e-06,0.7588506899720181
5.435999999999623,0.0039999999999995595,0.0,0.0012287491497928026,0.00032636802861296557,-9.582407261156185e-05,2.4746815163639176e-06,0.7588458947628369
5.439999999999623,0.0039999999999995595,0.0,0.0012287174412034638,0.00032637615512099517,-9.581379999123287e-05,3.5509138495242493e-06,0.7588410307636158
5.4439999999996225,0.0039999999999995595,0.0,0.00122868731298006,0.0003263846502573195,-9.5798119209218e-05,4.752775879417812e-06,0.7588361014111084
5.447999999999622,0.0039999999999995595,0.0,0.001228658767588224,0.0003263935178133327,-9.577720790454045e-05,5.973092686738855e-06,0.7588311104886853
5.451999999999622,0.0039999999999995595,0.0,0.0012286318051382798,0.00032640276105489906,-9.57512656313113e-05,7.172636084025201e-06,0.7588260621002585
5.455999999999621,0.0039999999999995595,0.0,0.0012286064236560611,0.00032641238271648203,-9.572051243184744e-05,8.33264727524158e-06,0.7588209606431807
5.459999999999621,0.0039999999999995595,0.0,0.0012285826186308763,0.0003264223849964944,-9.568518733890694e-05,9.44198682473767e-06,0.7588158107802769
5.46399999999962,0.0039999999999995595,0.0,0.0012285603832864088,0.00032643276955396887,-9.5645546815987e-05,1.0492972704220801e-05,0.7588106174111552
5.46799999999962,0.0039999999999995595,0.0,0.0012285397083998447,0.0003264435375066443,-9.560186314456717e-05,1.147979496768178e-05,0.758805385642953
5.471999999999619,0.0039999999999995595,0.0,0.0012285205823017694,0.0003264546894305308,-9.555442276729018e-05,1.2397831361299044e-05,0.7588001207606828
5.475999999999619,0.0039999999999995595,0.0,0.0012285029907857371,0.0003264662253610083,-9.550352459599822e-05,1.3243321931965935e-05,0.758794828197315
5.4799999999996185,0.0039999999999995595,0.0,0.001228486917108251,0.0003264781447954959,-9.544947829363331e-05,1.4013201899417982e-05,0.7587895135037594
5.483999999999618,0.0039999999999995595,0.0,0.0012284723420791647,0.00032649044669770294,-9.539260253918053e-05,1.4705009823905372e-05,0.7587841823188957
5.487999999999618,0.0039999999999995595,0.0,0.0012284592442425072,0.00032650312950346157,-9.533322328401754e-05,1.531683394549127e-05,0.7587788403397858
5.491999999999617,0.0039999999999995595,0.0,0.0012284475995151037,0.0003265161911281184,-9.527167200875363e-05,1.5847278349233754e-05,0.7587734932922254
5.495999999999617,0.0039999999999995595,0.0,0.0012284373817289846,0.00032652962897545125,-9.520828398898401e-05,1.6295439928685422e-05,0.7587681469017601
5.499999999999616,0.0039999999999995595,0.0,0.0012284285622700824,0.0003265434399480503,-9.514339657813723e-05,1.666089109638641e-05,0.7587628068653011
5.503999999999616,0.0039999999999995595,0.0,0.0012284211106207274,0.0003265576204591095,-9.507734751569639e-05,1.694366551477015e-05,0.7587574788234731
5.507999999999615,0.0039999999999995595,0.0,0.001228414994088787,0.000326572166445523,-9.501047326810832e-05,1.714424540806948e-05,0.7587521683338029
5.511999999999615,0.0039999999999995595,0.0,0.0012284101783502325,0.0003265870733822135,-9.494310741038071e-05,1.726354945344502e-05,0.7587468808448655
5.5159999999996145,0.0039999999999995595,0.0,0.0012284066271783293,0.00032660233629758033,-9.4875579054937e-05,1.7302921055278096e-05,0.7587416216715089
5.519999999999614,0.0039999999999995595,0.0,0.001228404302895874,0.0003266179497899596,-9.480821133475458e-05,1.7264116669080016e-05,0.7587363959712325
5.523999999999614,0.0039999999999995595,0.0,0.0012284031663755547,0.0003266339080449698,-9.47413199470109e-05,1.7149294389358395e-05,0.7587312087218275
5.527999999999613,0.0039999999999995595,0.0,0.001228403177311461,0.0003266502048536353,-9.4675211762991e-05,1.696100302765856e-05,0.7587260647003584
5.531999999999613,0.0039999999999995595,0.0,0.0012284042942194604,0.00032666683363115296,-9.461018350987486e-05,1.6702172009129322e-05,0.7587209684635599
5.535999999999612,0.0039999999999995595,0.0,0.001228406475070233,0.0003266837874361792,-9.454652052918119e-05,1.637610280173779e-05,0.7587159243297121
5.539999999999612,0.0039999999999995595,0.0,0.0012284096767473719,0.0003267010589905158,-9.448449561657123e-05,1.5986462607802436e-05,0.7587109363620609
5.5439999999996115,0.0039999999999995595,0.0,0.001228413855770787,0.00032671864069907565,-9.442436794676555e-05,1.5537281545852262e-05,0.7587060083538252
5.547999999999611,0.0039999999999995595,0.0,0.00122841896847782,0.00032673652467001023,-9.436638208722988e-05,1.503295472823142e-05,0.7587011438148343
5.551999999999611,0.0039999999999995595,0.0,0.0012284249706620762,0.00032675470273489443,-9.431076710371429e-05,1.4478251370868745e-05,0.7586963459598294
5.55599999999961,0.0039999999999995595,0.0,0.001228431818296781,0.00032677316646886217,-9.425773575986588e-05,1.3878333839956527e-05,0.7586916176984467
5.55999999999961,0.0039999999999995595,0.0,0.0012284394674447105,0.00032679190721059907,-9.420748381304867e-05,1.3238790440613939e-05,0.7586869616269014
5.563999999999609,0.0039999999999995595,0.0,0.0012284478743488606,0.0003268109160821111,-9.416018940790655e-05,1.2565687428866937e-05,0.758682380021375
5.567999999999609,0.0039999999999995595,0.0,0.0012284569956134675,0.00032683018400819357,-9.411601256842784e-05,1.1865647758617494e-05,0.7586778748331079
5.571999999999608,0.0039999999999995595,0.0,0.0012284667882946326,0.00032684970173552796,-9.40750947891523e-05,1.1145966632794268e-05,0.7586734476851786
5.575999999999608,0.0039999999999995595,0.0,0.0012284772101716684,0.0003268694598513643,-9.403755872536293e-05,1.0414777334718057e-05,0.7586690998709553
5.5799999999996075,0.0039999999999995595,0.0,0.0012284882194761744,0.00032688944880173446,-9.40035079816929e-05,9.681283705482585e-06,0.7586648323541969
5.583999999999607,0.0039999999999995595,0.0,0.001228499775253714,0.00032690965890916433,-9.397302699837548e-05,8.956076284869213e-06,0.7586606457707579
5.587999999999607,0.0039999999999995595,0.0,0.0012285118372735951,0.0003269300803898656,-9.394618103343191e-05,8.251541282154428e-06,0.7586565404318676
5.591999999999606,0.0039999999999995595,0.0,0.0012285243663904917,0.0003269507033703824,-9.392301623899463e-05,7.582341224515643e-06,0.7586525163289269
5.595999999999606,0.0039999999999995595,0.0,0.0012285373240023278,0.00032697151790369184,-9.390355982954055e-05,6.9658666186092245e-06,0.7586485731397717
5.599999999999605,0.0039999999999995595,0.0,0.0012285506725926015,0.00032699251398476086,-9.38878203391872e-05,6.42239064914062e-06,0.7586447102363418
5.603999999999605,0.0039999999999995595,0.0,0.0012285643754593517,0.0003270136815655584,-9.38757879650769e-05,5.974392659977276e-06,0.7586409266936863
5.607999999999604,0.0039999999999995595,0.0,0.0012285783970766896,0.00032703501056954187,-9.386743499328383e-05,5.644300140617987e-06,0.7586372213002385
5.611999999999604,0.0039999999999995595,0.0,0.0012285927023719086,0.00032705649090563813,-9.386271630348941e-05,5.450217821127106e-06,0.7586335925692786
5.6159999999996035,0.0039999999999995595,0.0,0.001228607257629187,0.000327078112481735,-9.386156994849092e-05,5.400617290819414e-06,0.7586300387515096
5.619999999999603,0.0039999999999995595,0.0,0.0012286220297666767,0.000327099865217713,-9.38639178038933e-05,5.490780480913364e-06,0.7586265578486544
5.623999999999603,0.0039999999999995595,0.0,0.0012286369864268913,0.00032712173905804115,-9.38696662835256e-05,5.703610800070812e-06,0.7586231476279941
5.627999999999602,0.0039999999999995595,0.0,0.0012286520965188808,0.00032714372398396583,-9.387870711585461e-05,6.014396397690655e-06,0.75861980563775
5.631999999999602,0.0039999999999995595,0.0,0.0012286673292242385,0.0003271658100253158,-9.389091817602945e-05,6.3964786403219395e-06,0.7586165292232258
5.635999999999601,0.0039999999999995595,0.0,0.0012286826548103488,0.00032718798727195993,-9.390616436859895e-05,6.825244749644463e-06,0.7586133155436051
5.639999999999601,0.0039999999999995595,0.0,0.0012286980443592718,0.00032721024588492893,-9.392429855538658e-05,7.279891182884401e-06,0.7586101615893155
5.6439999999996004,0.0039999999999995595,0.0,0.001228713469225573,0.00032723257610723044,-9.394516252326923e-05,7.743651842020687e-06,0.7586070641998579
5.6479999999996,0.0039999999999995595,0.0,0.0012287289018495164,0.00032725496827437373,-9.396858798601562e-05,8.203317735275544e-06,0.7586040200820107
5.6519999999996,0.0039999999999995595,0.0,0.0012287443150341656,0.00032727741282461895,-9.399439761481333e-05,8.64856911564842e-06,0.7586010258283062
5.655999999999599,0.0039999999999995595,0.0,0.0012287596823067743,0.0003272999003089682,-9.402240609173687e-05,9.071354193889082e-06,0.758598077935686
5.659999999999599,0.0039999999999995595,0.0,0.001228774977828381,0.0003273224214008941,-9.405242118057666e-05,9.465386482545877e-06,0.7585951728242375
5.663999999999598,0.0039999999999995595,0.0,0.001228790176032353,0.0003273449669058209,-9.408424480947986e-05,9.82576262328582e-06,0.7585923068559254
5.667999999999598,0.0039999999999995595,0.0,0.0012288052523471513,0.00032736752777034334,-9.411767415974294e-05,1.0148679871768663e-05,0.7585894763532168
5.671999999999597,0.0039999999999995595,0.0,0.0012288201822927593,0.0003273900950911928,-9.41525027554491e-05,1.0431229440102399e-05,0.7585866776175195
5.675999999999597,0.0039999999999995595,0.0,0.0012288349421130844,0.0003274126601239289,-9.418852154850337e-05,1.0671245206788486e-05,0.7585839069473427
5.6799999999995965,0.0039999999999995595,0.0,0.0012288495085951902,0.0003274352142913475,-9.422551999389599e-05,1.0867192306439888e-05,0.7585811606560989
5.683999999999596,0.0039999999999995595,0.0,0.0012288638589788839,0.00032745774919159073,-9.426328711011695e-05,1.1018084152372232e-05,0.758578435089467
5.687999999999596,0.0039999999999995595,0.0,0.0012288779710469962,0.0003274802566059428,-9.430161251986251e-05,1.1123419812302605e-05,0.7585757266422397
5.691999999999595,0.0039999999999995595,0.0,0.0012288918232156525,0.0003275027285062774,-9.43402874663795e-05,1.1183136069736109e-05,0.7585730317745837
5.695999999999595,0.0039999999999995595,0.0,0.001228905394172822,0.00032752515706214693,-9.437910580090703e-05,1.1197570161248658e-05,0.7585703470276494
5.699999999999594,0.0039999999999995595,0.0,0.0012289186636009885,0.00032754753464748365,-9.441786493707266e-05,1.1167430530487192e-05,0.7585676690384612
5.703999999999594,0.0039999999999995595,0.0,0.0012289316113639815,0.0003275698538468918,-9.445636676817839e-05,1.1093773739552062e-05,0.7585649945540345
5.707999999999593,0.0039999999999995595,0.0,0.0012289442181392938,0.0003275921074614993,-9.449441854360707e-05,1.0977986327555061e-05,0.7585623204446649
5.711999999999593,0.0039999999999995595,0.0,0.001228956465146969,0.0003276142885143558,-9.453183370110595e-05,1.0821771056150369e-05,0.758559643716342
5.7159999999995925,0.0039999999999995595,0.0,0.001228968334420535,0.0003276363902553441,-9.4568432651678e-05,1.0627137098795438e-05,0.7585569615222439
5.719999999999592,0.0039999999999995595,0.0,0.0012289798083552244,0.00032765840616559566,-9.460404351407382e-05,1.0396394284987116e-05,0.7585542711732821
5.723999999999592,0.0039999999999995595,0.0,0.0012289908704305906,0.00032768032996138185,-9.463850279651112e-05,1.0132151798329949e-05,0.7585515701476518
5.727999999999591,0.0039999999999995595,0.0,0.0012290015044877198,0.00032770215559747693,-9.46716560234351e-05,9.83732189565543e-06,0.7585488560993743
5.731999999999591,0.0039999999999995595,0.0,0.0012290116953615029,0.0003277238772699745,-9.470335830509433e-05,9.51512953435662e-06,0.7585461268658061
5.73599999999959,0.0039999999999995595,0.0,0.0012290214283385344,0.00032774548941854963,-9.473347484865384e-05,9.169129207836526e-06,0.7585433804740933
5.73999999999959,0.0039999999999995595,0.0,0.0012290306898797064,0.0003277669867281689,-9.47618814093862e-05,8.803230232541635e-06,0.7585406151465736
5.743999999999589,0.0039999999999995595,0.0,0.0012290394669877821,0.0003277883641302409,-9.47884646808846e-05,8.421731996523645e-06,0.7585378293051099
5.747999999999589,0.0039999999999995595,0.0,0.0012290477472976572,0.0003278096168032205,-9.481312262387389e-05,8.029370305506652e-06,0.7585350215743638
5.7519999999995886,0.0039999999999995595,0.0,0.0012290555195279456,0.00032783074017266696,-9.483576473306464e-05,7.631374897575281e-06,0.7585321907840108
5.755999999999588,0.0039999999999995595,0.0,0.001229062773119572,0.0003278517299107765,-9.485631224215326e-05,7.233535821639625e-06,0.7585293359699102
5.759999999999588,0.0039999999999995595,0.0,0.0012290694982357065,0.00032787258193540215,-9.487469826715624e-05,6.842271578242052e-06,0.7585264563742445
5.763999999999587,0.0039999999999995595,0.0,0.0012290756858520302,0.0003278932924085818,-9.489086788871523e-05,6.464683169762408e-06,0.7585235514446528
5.767999999999587,0.0039999999999995595,0.0,0.0012290813277566742,0.00032791385773459964,-9.490477817417371e-05,6.108564248948751e-06,0.7585206208323718
5.771999999999586,0.0039999999999995595,0.0,0.001229086416369505,0.00032793427455761253,-9.491639814058582e-05,5.782318184200694e-06,0.7585176643894338
5.775999999999586,0.0039999999999995595,0.0,0.0012290909451937201,0.00032795453975886226,-9.49257086600572e-05,5.494713002046635e-06,0.7585146821649297
5.7799999999995855,0.0039999999999995595,0.0,0.0012290949080931677,0.0003279746504535205,-9.493270230903624e-05,5.25439919522244e-06,0.7585116744004
5.783999999999585,0.0039999999999995595,0.0,0.00122909829992461,0.0003279946039871853,-9.493738316348959e-05,5.069149735113493e-06,0.7585086415243745
5.787999999999585,0.0039999999999995595,0.0,0.0012291011160860434,0.000328014397932079,-9.493976654202836e-05,4.944881479617636e-06,0.7585055841461135
5.791999999999584,0.0039999999999995595,0.0,0.0012291033526973247,0.00032803403008298065,-9.493987869946683e-05,4.884669301189265e-06,0.7585025030486029
5.795999999999584,0.0039999999999995595,0.0,0.0012291050066904733,0.0003280534984529266,-9.493775647295222e-05,4.888081029992669e-06,0.758499399180837
5.799999999999583,0.0039999999999995595,0.0,0.0012291060752676825,0.0003280728012687263,-9.493344688387885e-05,4.951118068847829e-06,0.7584962736494588
5.803999999999583,0.0039999999999995595,0.0,0.001229106556533598,0.00032809193696631777,-9.492700669812322e-05,5.066814141450426e-06,0.7584931277097984
5.807999999999582,0.0039999999999995595,0.0,0.001229106449043667,0.00032811090418601334,-9.491850194763145e-05,5.226267628259468e-06,0.7584899627563761
5.811999999999582,0.0039999999999995595,0.0,0.0012291057519847855,0.0003281297017676672,-9.490800741648914e-05,5.4197547895436e-06,0.7584867803129203
5.8159999999995815,0.0039999999999995595,0.0,0.0012291044649946389,0.0003281483287457873,-9.489560609495641e-05,5.637642594995606e-06,0.7584835820219594
5.819999999999581,0.0039999999999995595,0.0,0.0012291025882520301,0.00032816678434463987,-9.488138860442177e-05,5.870985573571275e-06,0.7584803696340553
5.823999999999581,0.0039999999999995595,0.0,0.0012291001222058983,0.00032818506797336065,-9.486545259706429e-05,6.111827686492807e-06,0.7584771449967246
5.82799999999958,0.0039999999999995595,0.0,0.0012290970682076218,0.00032820317922111056,-9.484790213333746e-05,6.353292420103699e-06,0.7584739100431248
5.83199999999958,0.0039999999999995595,0.0,0.001229093427517419,0.00032822111785229044,-9.482884704095784e-05,6.589547643851362e-06,0.7584706667805488
5.835999999999579,0.0039999999999995595,0.0,0.0012290892022979705,0.00032823888380184276,-9.48084022589786e-05,6.815710606909487e-06,0.7584674172788016
5.839999999999579,0.0039999999999995595,0.0,0.001229084394801481,0.00032825647717064883,-9.478668717029947e-05,7.027733728913682e-06,0.7584641636585095
5.843999999999578,0.0039999999999995595,0.0,0.001229079007821338,0.0003282738982210396,-9.476382492621933e-05,7.2222927587620184e-06,0.7584609080794221
5.847999999999578,0.0039999999999995595,0.0,0.0012290730444211467,0.00032829114737243547,-9.473994176643123e-05,7.396687016356723e-06,0.7584576527287726
5.8519999999995775,0.0039999999999995595,0.0,0.0012290665082057412,0.00032830822519711256,-9.471516633795588e-05,7.548754598492916e-06,0.7584543998097367
5.855999999999577,0.0039999999999995595,0.0,0.0012290594029598903,0.00032832513241610605,-9.4689629016303e-05,7.67680216930574e-06,0.7584511515300576
5.859999999999577,0.0039999999999995595,0.0,0.0012290517330999784,0.0003283418698952511,-9.466346123221926e-05,7.779547618575874e-06,0.7584479100908847
5.863999999999576,0.0039999999999995595,0.0,0.0012290435030417178,0.0003283584386413578,-9.463679480705998e-05,7.856073388980413e-06,0.7584446776758753
5.867999999999576,0.0039999999999995595,0.0,0.001229034718013166,0.0003283748397985131,-9.460976129995168e-05,7.905788488038961e-06,0.7584414564406038
5.871999999999575,0.0039999999999995595,0.0,0.0012290253833321064,0.00032839107464451483,-9.458249136976658e-05,7.928397338321058e-06,0.7584382485023363
5.875999999999575,0.0039999999999995595,0.0,0.00122901550467708,0.0003284071445874162,-9.455511415456779e-05,7.923874170543285e-06,0.7584350559301972
5.8799999999995745,0.0039999999999995595,0.0,0.001229005088358428,0.0003284230511621754,-9.452775667123344e-05,7.89244168983703e-06,0.7584318807357773
5.883999999999574,0.0039999999999995595,0.0,0.0012289941407763309,0.00032843879602739874,-9.450054323794681e-05,7.834553211868745e-06,0.7584287248642194
5.887999999999574,0.0039999999999995595,0.0,0.0012289826690531965,0.00032845438096217245,-9.44735949216934e-05,7.750877712753281e-06,0.7584255901858149
5.891999999999573,0.0039999999999995595,0.0,0.0012289706804916973,0.00032846980786294957,-9.444702901304873e-05,7.642287270733486e-06,0.7584224784881329
5.895999999999573,0.0039999999999995595,0.0,0.0012289581829361643,0.0003284850787404979,-9.442095853026487e-05,7.50984670088919e-06,0.7584193914687293
5.899999999999572,0.0039999999999995595,0.0,0.001228945184591966,0.00032850019571688775,-9.439549175448774e-05,7.354805242117143e-06,0.7584163307284365
5.903999999999572,0.0039999999999995595,0.0,0.0012289316940255618,0.0003285151610224958,-9.437073179766577e-05,7.178590328770675e-06,0.7584132977652714
5.907999999999571,0.0039999999999995595,0.0,0.0012289177205259208,0.00032852997699302385,-9.434677620470057e-05,6.982803592088878e-06,0.7584102939689705
5.911999999999571,0.0039999999999995595,0.0,0.001228903273472201,0.00032854464606651876,-9.432371659098686e-05,6.769219328597114e-06,0.7584073206161719
5.9159999999995705,0.0039999999999995595,0.0,0.0012288883629661958,0.0003285591707803719,-9.43016383163953e-05,6.539785868735169e-06,0.7584043788662441
5.91999999999957,0.0039999999999995595,0.0,0.0012288729994710365,0.0003285735537682916,-9.428062019668695e-05,6.296630268140591e-06,0.7584014697577811
5.92399999999957,0.0039999999999995595,0.0,0.001228857193811253,0.0003285877977572352,-9.426073425272807e-05,6.042066990424755e-06,0.7583985942057572
5.927999999999569,0.0039999999999995595,0.0,0.001228840957443877,0.00032860190556430164,-9.424204549819462e-05,5.778611083986033e-06,0.7583957529993502
5.931999999999569,0.0039999999999995595,0.0,0.0012288243020067815,0.0003286158800935621,-9.422461176592927e-05,5.508996407500327e-06,0.7583929468004218
5.935999999999568,0.0039999999999995595,0.0,0.0012288072398608312,0.00032862972433283296,-9.420848357296747e-05,5.23619902916301e-06,0.7583901761426547
5.939999999999568,0.0039999999999995595,0.0,0.0012287897836382182,0.00032864344135037936,-9.419370402409722e-05,4.963464974310552e-06,0.7583874414313329
5.943999999999567,0.0039999999999995595,0.0,0.001228771946423226,0.0003286570342915531,-9.418030875377158e-05,4.694339916588774e-06,0.7583847429437602
5.947999999999567,0.0039999999999995595,0.0,0.0012287537415715964,0.0003286705063753534,-9.41683259056294e-05,4.43269518411666e-06,0.7583820808302912
5.9519999999995665,0.0039999999999995595,0.0,0.0012287351830720088,0.0003286838608909193,-9.415777614912734e-05,4.182739391771279e-06,0.7583794551159664
5.955999999999566,0.0039999999999995595,0.0,0.001228716285184744,0.00032869710119394946,-9.414867273240995e-05,3.948997520894703e-06,0.7583768657027263
5.959999999999566,0.0039999999999995595,0.0,0.001228697062351386,0.00032871023070304956,-9.414102157043541e-05,3.7362303174265557e-06,0.7583743123721816
5.963999999999565,0.0039999999999995595,0.0,0.0012286775296466712,0.00032872325289601804,-9.41348213670151e-05,3.549259803649238e-06,0.7583717947889185
5.967999999999565,0.0039999999999995595,0.0,0.001228657702055692,0.00032873617130606037,-9.413006376976743e-05,3.3926697352910153e-06,0.7583693125043035
5.971999999999564,0.0039999999999995595,0.0,0.0012286375951968233,0.0003287489895179554,-9.41267335562527e-05,3.270375040750314e-06,0.7583668649607711
5.975999999999564,0.0039999999999995595,0.0,0.0012286172247796285,0.0003287617111641618,-9.412480885002137e-05,3.1851084627005354e-06,0.7583644514965525
5.979999999999563,0.0039999999999995595,0.0,0.0012285966067856315,0.0003287743399208814,-9.412426136461587e-05,3.137942713865881e-06,0.7583620713508163
5.983999999999563,0.0039999999999995595,0.0,0.0012285757572876397,0.0003287868795040843,-9.412505667402283e-05,3.1280075374488297e-06,0.7583597236691928
5.987999999999563,0.0039999999999995595,0.0,0.0012285546925401506,0.0003287993336654966,-9.412715450752311e-05,3.15252374597907e-06,0.7583574075096373
5.991999999999562,0.0039999999999995595,0.0,0.001228533429160137,0.00032881170618856946,-9.413050906707581e-05,3.2071600429642793e-06,0.7583551218486069
5.995999999999562,0.0039999999999995595,0.0,0.001228511983494506,0.00032882400088442466,-9.413506936518218e-05,3.2865934868820517e-06,0.7583528655875057
5.999999999999561,0.0039999999999995595,0.0,0.0012284903721623385,0.0003288362215877873,-9.414077958120104e-05,3.3851015241976996e-06,0.7583506375593665
6.003999999999561,0.0039999999999995595,0.0,0.0012284686119645627,0.0003288483721529185,-9.414757943395171e-05,3.4970496062369866e-06,0.7583484365357295
6.00799999999956,0.0039999999999995595,0.0,0.0012284467194321102,0.0003288604564495491,-9.415540456845186e-05,3.6172164239820333e-06,0.7583462612336845
6.01199999999956,0.0039999999999995595,0.0,0.0012284247111874222,0.0003288724783588179,-9.416418695463774e-05,3.740964724620861e-06,0.7583441103230258
6.0159999999995595,0.0039999999999995595,0.0,0.0012284026038540947,0.0003288844417692265,-9.417385529586445e-05,3.864297696718211e-06,0.7583419824334988
6.019999999999559,0.0039999999999995595,0.0,0.0012283804138761322,0.00032889635057261273,-9.418433544489475e-05,3.983844888621605e-06,0.7583398761620962
6.023999999999559,0.0039999999999995595,0.0,0.0012283581577890903,0.0003289082086601411,-9.41955508253533e-05,4.096812377928012e-06,0.7583377900803548
6.027999999999558,0.0039999999999995595,0.0,0.0012283358517681735,0.0003289200199183312,-9.420742285635193e-05,4.200919773300681e-06,0.7583357227416377
6.031999999999558,0.0039999999999995595,0.0,0.0012283135118993668,0.0003289317882251118,-9.421987137811681e-05,4.294336766780052e-06,0.7583336726883506
6.035999999999557,0.0039999999999995595,0.0,0.0012282911541794353,0.0003289435174459083,-9.42328150766127e-05,4.375625470996494e-06,0.758331638459062
6.039999999999557,0.0039999999999995595,0.0,0.0012282687943351385,0.0003289552114297674,-9.42461719051329e-05,4.443690724808416e-06,0.7583296185955012
6.043999999999556,0.0039999999999995595,0.0,0.001228246447823208,0.0003289668740055212,-9.4259859500696e-05,4.497738593016428e-06,0.7583276116493934
6.047999999999556,0.0039999999999995595,0.0,0.0012282241298303233,0.00032897850897799664,-9.427379559345304e-05,4.537242419948071e-06,0.7583256161891098
6.0519999999995555,0.0039999999999995595,0.0,0.0012282018555442652,0.00032899012012425774,-9.428789840721737e-05,4.5619153399686094e-06,0.7583236308060929
6.055999999999555,0.0039999999999995595,0.0,0.001228179639521142,0.0003290017111899007,-9.430208704924797e-05,4.571688216446121e-06,0.7583216541210476
6.059999999999555,0.0039999999999995595,0.0,0.0012281574961373134,0.00032901328588538916,-9.431628188780911e-05,4.566692129512275e-06,0.7583196847898525
6.063999999999554,0.0039999999999995595,0.0,0.0012281354395893662,0.00032902484788243817,-9.433040491569716e-05,4.547244554816496e-06,0.7583177215091849
6.067999999999554,0.0039999999999995595,0.0,0.001228113483622887,0.0003290364008104428,-9.434438009836147e-05,4.513838694499437e-06,0.7583157630218272
6.071999999999553,0.0039999999999995595,0.0,0.0012280916415324111,0.00032904794825295647,-9.435813370520742e-05,4.467135458839583e-06,0.7583138081216418
6.075999999999553,0.0039999999999995595,0.0,0.0012280699265229866,0.00032905949374421645,-9.437159462279218e-05,4.407957743134421e-06,0.7583118556581939
6.079999999999552,0.0039999999999995595,0.0,0.0012280483511677195,0.000329071040765727,-9.43846946486973e-05,4.337286662790126e-06,0.7583099045410071
6.083999999999552,0.0039999999999995595,0.0,0.0012280269277693341,0.00032908259274288805,-9.439736876528442e-05,4.256259589177038e-06,0.758307953743439
6.0879999999995515,0.0039999999999995595,0.0,0.0012280056683601334,0.00032909415304168186,-9.4409555392062e-05,4.1661694715370705e-06,0.7583060023061656
6.091999999999551,0.0039999999999995595,0.0,0.0012279845843403197,0.0003291057249654204,-9.442119661615589e-05,4.068465220010452e-06,0.7583040493402671
6.095999999999551,0.0039999999999995595,0.0,0.0012279636868395708,0.00032911731175155,-9.443223840000406e-05,3.9647523166605484e-06,0.7583020940299059
6.09999999999955,0.0039999999999995595,0.0,0.0012279429865361742,0.0003291289165685212,-9.44426307658199e-05,3.856792766814283e-06,0.7583001356345903
6.10399999999955,0.0039999999999995595,0.0,0.0012279224937473874,0.00032914054251272686,-9.445232795648082e-05,3.7465027817617336e-06,0.7582981734910293
6.107999999999549,0.0039999999999995595,0.0,0.001227902218248556,0.00032915219260551095,-9.446128857235997e-05,3.635945963732898e-06,0.7582962070145677
6.111999999999549,0.0039999999999995595,0.0,0.0012278821695443072,0.00032916386979025945,-9.446947568404812e-05,3.527318910846706e-06,0.7582942357002123
6.1159999999995485,0.0039999999999995595,0.0,0.0012278623564164124,0.0003291755769295713,-9.447685692093918e-05,3.422925320832237e-06,0.7582922591232453
6.119999999999548,0.0039999999999995595,0.0,0.0012278427874662368,0.00032918731680251623,-9.448340453563539e-05,3.325133991208291e-06,0.7582902769394341
6.123999999999548,0.0039999999999995595,0.0,0.0012278234707530189,0.0003291990921019894,-9.448909544438351e-05,3.2363164455790792e-06,0.758288288884846
6.127999999999547,0.0039999999999995595,0.0,0.0012278044137938116,0.00032921090543216596,-9.449391124393287e-05,3.158761453826002e-06,0.7582862947752739
6.131999999999547,0.0039999999999995595,0.0,0.001227785623834698,0.00032922275930606496,-9.449783820505509e-05,3.0945673952736175e-06,0.7582842945052841
6.135999999999546,0.0039999999999995595,0.0,0.0012277671073986241,0.0003292346561432239,-9.450086724341547e-05,3.0455193377456936e-06,0.7582822880469002
6.139999999999546,0.0039999999999995595,0.0,0.001227748870737467,0.0003292465982675001,-9.450299386831284e-05,3.012964580695647e-06,0.758280275447939
6.143999999999545,0.0039999999999995595,0.0,0.0012277309195607132,0.0003292585879049954,-9.450421810996432e-05,2.9977061444092397e-06,0.7582782568300058
6.147999999999545,0.0039999999999995595,0.0,0.0012277132591258357,0.0003292706271821196,-9.450454442619457e-05,2.999934922317697e-06,0.7582762323861766
6.1519999999995445,0.0039999999999995595,0.0,0.0012276958941478176,0.0003292827181237935,-9.450398158931206e-05,3.0192158667245274e-06,0.7582742023783762
6.155999999999544,0.0039999999999995595,0.0,0.0012276788289799668,0.00032929486265179976,-9.450254255430614e-05,3.0545325074259115e-06,0.758272167134475
6.159999999999544,0.0039999999999995595,0.0,0.0012276620673425773,0.0003293070625832965,-9.45002443092949e-05,3.1043811221386506e-06,0.758270127045128
6.163999999999543,0.0039999999999995595,0.0,0.0012276456126846182,0.0003293193196294804,-9.449710770921137e-05,3.1668961426942463e-06,0.7582680825603667
6.167999999999543,0.0039999999999995595,0.0,0.001227629467731524,0.00032933163539442494,-9.4493157294117e-05,3.2399850697391996e-06,0.7582660341859772
6.171999999999542,0.0039999999999995595,0.0,0.001227613634937327,0.0003293440113740884,-9.448842109318901e-05,3.3214542166362753e-06,0.758263982479678
6.175999999999542,0.0039999999999995595,0.0,0.001227598116213317,0.00032935644895549474,-9.44829304155827e-05,3.409113328339725e-06,0.7582619280471273
6.179999999999541,0.0039999999999995595,0.0,0.001227582912928002,0.00032936894941609367,-9.447671962968583e-05,3.5008542830264737e-06,0.7582598715377724
6.183999999999541,0.0039999999999995595,0.0,0.0012275680261783924,0.00032938151392330914,-9.446982593201623e-05,3.5947046361297828e-06,0.7582578136405826
6.1879999999995405,0.0039999999999995595,0.0,0.0012275534565186561,0.00032939414353427404,-9.446228910674995e-05,3.688859961965142e-06,0.758255755079669
6.19199999999954,0.0039999999999995595,0.0,0.0012275392039600838,0.0003294068391957372,-9.445415127778602e-05,3.7816999200619967e-06,0.7582536966098186
6.19599999999954,0.0039999999999995595,0.0,0.0012275252681519444,0.0003294196017441675,-9.44454566544146e-05,3.871792987083897e-06,0.7582516390119874
6.199999999999539,0.0039999999999995595,0.0,0.001227511648291021,0.0003294324319060493,-9.443625127202584e-05,3.95789381137818e-06,0.7582495830887498
6.203999999999539,0.0039999999999995595,0.0,0.0012274983432120324,0.00032944533029835804,-9.442658272915152e-05,4.038936225556615e-06,0.7582475296597346
6.207999999999538,0.0039999999999995595,0.0,0.001227485351387616,0.00032945829742921963,-9.441649992241881e-05,4.114024007816602e-06,0.7582454795570778
6.211999999999538,0.0039999999999995595,0.0,0.0012274726706569686,0.0003294713336987576,-9.440605278047364e-05,4.182420782601391e-06,0.758243433620908
6.2159999999995375,0.0039999999999995595,0.0,0.0012274602986780628,0.0003294844394001137,-9.439529199837835e-05,4.243539866560981e-06,0.7582413926948836
6.219999999999537,0.0039999999999995595,0.0,0.001227448232656294,0.000329497614720646,-9.438426877376646e-05,4.296934539329883e-06,0.7582393576218095
6.223999999999537,0.0039999999999995595,0.0,0.0012274364695253656,0.0003295108597432984,-9.437303454593881e-05,4.342288966308494e-06,0.7582373292393474
6.227999999999536,0.0039999999999995595,0.0,0.001227425005675929,0.0003295241744481333,-9.436164073914544e-05,4.37940981423461e-06,0.75823530837584
6.231999999999536,0.0039999999999995595,0.0,0.0012274138374982807,0.0003295375587140231,-9.435013851125386e-05,4.408218537000388e-06,0.7582332958462691
6.235999999999535,0.0039999999999995595,0.0,0.0012274029606587455,0.0003295510123204957,-9.433857850897167e-05,4.428744273043048e-06,0.7582312924483628
6.239999999999535,0.0039999999999995595,0.0,0.0012273923708232854,0.0003295645349497245,-9.432701063039378e-05,4.441117262743877e-06,0.7582292989588678
6.243999999999534,0.0039999999999995595,0.0,0.0012273820632956907,0.00032957812618865904,-9.431548379630755e-05,4.445562587098384e-06,0.7582273161300026
6.247999999999534,0.0039999999999995595,0.0,0.0012273720330175765,0.00032959178553128006,-9.430404573093111e-05,4.44239419776497e-06,0.7582253446861018
6.2519999999995335,0.0039999999999995595,0.0,0.0012273622749302015,0.0003296055123809857,-9.42927427530402e-05,4.432009057346226e-06,0.7582233853204751
6.255999999999533,0.0039999999999995595,0.0,0.0012273527833412832,0.00032961930605308345,-9.428161957816861e-05,4.414881297130919e-06,0.7582214386924704
6.259999999999533,0.0039999999999995595,0.0,0.0012273435527391022,0.00032963316577739227,-9.427071913287612e-05,4.391556167419423e-06,0.7582195054247775
6.263999999999532,0.0039999999999995595,0.0,0.0012273345772497715,0.0003296470907009415,-9.426008238154399e-05,4.362643760845423e-06,0.7582175861009587
6.267999999999532,0.0039999999999995595,0.0,0.0012273258506372362,0.0003296610798907555,-9.424974816625836e-05,4.3288122773115585e-06,0.7582156812632266
6.271999999999531,0.0039999999999995595,0.0,0.001227317366846029,0.0003296751323367204,-9.42397530605142e-05,4.29078067176082e-06,0.7582137914104703
6.275999999999531,0.0039999999999995595,0.0,0.0012273091193680682,0.00032968924695451763,-9.423013123693454e-05,4.249310589559033e-06,0.7582119169965305
6.27999999999953,0.0039999999999995595,0.0,0.0012273011016949583,0.00032970342258862423,-9.422091434947927e-05,4.205197380688562e-06,0.7582100584287409
6.28399999999953,0.0039999999999995595,0.0,0.0012272933073180028,0.0003297176580153653,-9.421213143048948e-05,4.159260065851158e-06,0.7582082160667178
6.2879999999995295,0.0039999999999995595,0.0,0.0012272857292759062,0.00032973195194601213,-9.420380880252478e-05,4.1123302117481605e-06,0.7582063902214139
6.291999999999529,0.0039999999999995595,0.0,0.0012272783608784715,0.00032974630302991806,-9.419597000540432e-05,4.065239556361189e-06,0.7582045811544313
6.295999999999529,0.0039999999999995595,0.0,0.00122727119507338,0.00032976070985768453,-9.418863573834863e-05,4.018806524415684e-06,0.7582027890775865
6.299999999999528,0.0039999999999995595,0.0,0.0012272642249889722,0.0003297751709643463,-9.418182381718852e-05,3.973821724768765e-06,0.7582010141527336
6.303999999999528,0.0039999999999995595,0.0,0.0012272574434819454,0.00032978968483257567,-9.417554914653993e-05,3.931032690402911e-06,0.7581992564918302
6.307999999999527,0.0039999999999995595,0.0,0.001227250843499214,0.00032980424989589456,-9.416982370684786e-05,3.891128294487482e-06,0.7581975161572555
6.311999999999527,0.0039999999999995595,0.0,0.0012272444179874582,0.0003298188645418863,-9.416465655598112e-05,3.854723424939727e-06,0.7581957931623557
6.315999999999526,0.0039999999999995595,0.0,0.0012272381597122032,0.000329833527115405,-9.416005384511398e-05,3.822344585678861e-06,0.7581940874722245
6.319999999999526,0.0039999999999995595,0.0,0.001227232061529222,0.0003298482359217682,-9.415601884849913e-05,3.7944172337508475e-06,0.7581923990047006
6.323999999999526,0.0039999999999995595,0.0,0.0012272261163845477,0.00032986298922994437,-9.415255200668888e-05,3.7712556485502693e-06,0.7581907276315836
6.327999999999525,0.0039999999999995595,0.0,0.0012272203171335505,0.0003298777852757066,-9.414965098275175e-05,3.7530560443155874e-06,0.7581890731800396
6.331999999999525,0.0039999999999995595,0.0,0.0012272146565409454,0.00032989262226476644,-9.414731073090098e-05,3.7398935147702777e-06,0.7581874354342063
6.335999999999524,0.0039999999999995595,0.0,0.001227209127552199,0.0003299074983758732,-9.41455235770151e-05,3.731723103045802e-06,0.7581858141369723
6.339999999999524,0.0039999999999995595,0.0,0.0012272037232030756,0.00032992241176388185,-9.41442793102539e-05,3.7283850302354843e-06,0.7581842089919222
6.343999999999523,0.0039999999999995595,0.0,0.0012271984363482406,0.00032993736056277325,-9.414356528539455e-05,3.729613776016174e-06,0.758182619665434
6.347999999999523,0.0039999999999995595,0.0,0.0012271932600231383,0.0003299523428886344,-9.414336653476616e-05,3.73505045778653e-06,0.7581810457889182
6.3519999999995225,0.0039999999999995595,0.0,0.0012271881874440019,0.0003299673568425898,-9.414366588937327e-05,3.744257704946889e-06,0.7581794869611808
6.355999999999522,0.0039999999999995595,0.0,0.0012271832115555174,0.0003299824005136796,-9.414444410818767e-05,3.7567361535724432e-06,0.7581779427508971
6.359999999999522,0.0039999999999995595,0.0,0.001227178325664111,0.00032999747198168475,-9.414568001505302e-05,3.7719416440852684e-06,0.7581764126991843
6.363999999999521,0.0039999999999995595,0.0,0.0012271735228951406,0.0003300125693198928,-9.414735064216341e-05,3.7893022836719417e-06,0.7581748963222553
6.367999999999521,0.0039999999999995595,0.0,0.0012271687968261915,0.00033002769059780425,-9.414943137934773e-05,3.8082346756629802e-06,0.7581733931141421
6.37199999999952,0.0039999999999995595,0.0,0.0012271641405823804,0.00033004283388376944,-9.415189612832342e-05,3.828158780875466e-06,0.7581719025494668
6.37599999999952,0.0039999999999995595,0.0,0.0012271595478315336,0.00033005799724756586,-9.415471746109754e-05,3.848511067246222e-06,0.7581704240862591
6.379999999999519,0.0039999999999995595,0.0,0.0012271550120604292,0.00033007317876290407,-9.415786678155055e-05,3.868755748184341e-06,0.7581689571687918
6.383999999999519,0.0039999999999995595,0.0,0.0012271505269366835,0.0003300883765098592,-9.416131448946452e-05,3.888394076270625e-06,0.7581675012304279
6.3879999999995185,0.0039999999999995595,0.0,0.001227146086218286,0.00033010358857723295,-9.416503014597222e-05,3.906971728713095e-06,0.7581660556964608
6.391999999999518,0.0039999999999995595,0.0,0.0012271416836631293,0.00033011881306483677,-9.416898263988408e-05,3.924084449655648e-06,0.7581646199869386
6.395999999999518,0.0039999999999995595,0.0,0.001227137313300432,0.00033013404808570365,-9.417314035376375e-05,3.939382065725937e-06,0.758163193519458
6.399999999999517,0.0039999999999995595,0.0,0.0012271329690688503,0.0003301492917682139,-9.417747132904811e-05,3.952571100360349e-06,0.7581617757119072
6.403999999999517,0.0039999999999995595,0.0,0.0012271286450879,0.0003301645422581456,-9.418194342949005e-05,3.963416158593812e-06,0.7581603659851576
6.407999999999516,0.0039999999999995595,0.0,0.0012271243356579598,0.0003301797977206426,-9.418652450205523e-05,3.971740249750553e-06,0.7581589637656813
6.411999999999516,0.0039999999999995595,0.0,0.0012271200350793274,0.0003301950563421018,-9.419118253464161e-05,3.9774242174119616e-06,0.7581575684880938
6.415999999999515,0.0039999999999995595,0.0,0.0012271157377426948,0.00033021031633197136,-9.419588580984876e-05,3.98040537330737e-06,0.7581561795975981
6.419999999999515,0.0039999999999995595,0.0,0.0012271114381291496,0.0003302255759244689,-9.42006030540698e-05,3.9806754812003e-06,0.7581547965523316
6.4239999999995145,0.0039999999999995595,0.0,0.0012271071310816018,0.00033024083338021356,-9.420530358140228e-05,3.978278143236391e-06,0.7581534188256025
6.427999999999514,0.0039999999999995595,0.0,0.0012271028112619384,0.0003302560869877725,-9.420995743172658e-05,3.973305676768975e-06,0.7581520459080019
6.431999999999514,0.0039999999999995595,0.0,0.0012270984735129214,0.0003302713350651258,-9.421453550233262e-05,3.965895512077755e-06,0.758150677309395
6.435999999999513,0.0039999999999995595,0.0,0.0012270941128581917,0.00033028657596103896,-9.421900967270086e-05,3.95622615955154e-06,0.7581493125607716
6.439999999999513,0.0039999999999995595,0.0,0.00122708972450227,0.0003303018080563581,-9.422335292189586e-05,3.944512764726897e-06,0.7581479512159609
6.443999999999512,0.0039999999999995595,0.0,0.0012270853035591307,0.0003303170297652151,-9.422753943810446e-05,3.931002282907988e-06,0.7581465928531955
6.447999999999512,0.0039999999999995595,0.0,0.0012270808454141052,0.0003303322395361493,-9.423154472006479e-05,3.915968291200368e-06,0.7581452370765269
6.4519999999995115,0.0039999999999995595,0.0,0.0012270763456334094,0.0003303474358531482,-9.423534566993354e-05,3.899705470303221e-06,0.7581438835170845
6.455999999999511,0.0039999999999995595,0.0,0.0012270717997831901,0.0003303626172366085,-9.423892067741918e-05,3.882523785704492e-06,0.7581425318341801
6.459999999999511,0.0039999999999995595,0.0,0.0012270672035200015,0.00033037778224420883,-9.424224969487248e-05,3.864742425968293e-06,0.7581411817162479
6.46399999999951,0.0039999999999995595,0.0,0.0012270625526812826,0.0003303929294717108,-9.42453143032378e-05,3.846683557559654e-06,0.7581398328816287
6.46799999999951,0.0039999999999995595,0.0,0.0012270578433758383,0.00033040805755368157,-9.424809776858867e-05,3.828665972638436e-06,0.758138485079185
6.471999999999509,0.0039999999999995595,0.0,0.0012270530717124056,0.00033042316516413827,-9.425058508929072e-05,3.8109987497874802e-06,0.7581371380887648
6.475999999999509,0.0039999999999995595,0.0,0.001227048233799652,0.0003304382510171196,-9.425276303372104e-05,3.793975040392095e-06,0.7581357917214923
6.479999999999508,0.0039999999999995595,0.0,0.0012270433260176117,0.0003304533138671925,-9.425462016856502e-05,3.7778661220272893e-06,0.7581344458199137
6.483999999999508,0.0039999999999995595,0.0,0.0012270383450176893,0.00033046835250987843,-9.425614687770688e-05,3.7629158671893577e-06,0.758133100257975
6.4879999999995075,0.0039999999999995595,0.0,0.0012270332872702616,0.0003304833657820255,-9.4257335371796e-05,3.749335796249468e-06,0.7581317549408572
6.491999999999507,0.0039999999999995595,0.0,0.0012270281496075564,0.00033049835256210877,-9.425817968875829e-05,3.7373008621703194e-06,0.7581304098046552
6.495999999999507,0.0039999999999995595,0.0,0.0012270229289522137,0.0003305133117704733,-9.425867568529221e-05,3.726946105623065e-06,0.7581290648159169
6.499999999999506,0.0039999999999995595,0.0,0.001227017622226805,0.0003305282423695162,-9.425882101965453e-05,3.718364305554312e-06,0.7581277199710422
6.503999999999506,0.0039999999999995595,0.0,0.0012270122266252767,0.0003305431433638197,-9.42586151259894e-05,3.711604703603682e-06,0.7581263752955502
6.507999999999505,0.0039999999999995595,0.0,0.0012270067394319882,0.00033055801380022615,-9.425805918046401e-05,3.7066728429215214e-06,0.7581250308432179
6.511999999999505,0.0039999999999995595,0.0,0.0012270011581121969,0.00033057285276786214,-9.425715605964519e-05,3.7035315216828615e-06,0.7581236866950994
6.515999999999504,0.0039999999999995595,0.0,0.0012269954801310914,0.000330587659398122,-9.425591029130852e-05,3.7021028139289186e-06,0.7581223429584341
6.519999999999504,0.0039999999999995595,0.0,0.0012269897032252427,0.0003306024328646036,-9.425432799830644e-05,3.7022710487460223e-06,0.7581209997654492
6.5239999999995035,0.0039999999999995595,0.0,0.0012269838251311547,0.00033061717238300117,-9.425241683567612e-05,3.703886642185497e-06,0.7581196572720634
6.527999999999503,0.0039999999999995595,0.0,0.0012269778437662324,0.00033063187721096604,-9.425018592155456e-05,3.70677059530642e-06,0.7581183156565057
6.531999999999503,0.0039999999999995595,0.0,0.001226971757409754,0.0003306465466479249,-9.424764576240856e-05,3.710719499548835e-06,0.7581169751178503
6.535999999999502,0.0039999999999995595,0.0,0.001226965563978995,0.00033066118003486906,-9.424480817297871e-05,3.715510861131976e-06,0.7581156358744844
6.539999999999502,0.0039999999999995595,0.0,0.0012269592620245623,0.0003306757767541149,-9.424168619148884e-05,3.720908567489567e-06,0.7581142981625105
6.543999999999501,0.0039999999999995595,0.0,0.0012269528499160316,0.00033069033622903015,-9.423829399056442e-05,3.7266683316045154e-06,0.7581129622340962
6.547999999999501,0.0039999999999995595,0.0,0.001226946326294375,0.00033070485792373474,-9.423464678445563e-05,3.732542968417341e-06,0.7581116283557804
6.5519999999995004,0.0039999999999995595,0.0,0.0012269396898005065,0.00033071934134278183,-9.423076073314804e-05,3.7382873858618227e-06,0.758110296806746
6.5559999999995,0.0039999999999995595,0.0,0.0012269329393467415,0.00033073378603081503,-9.422665284370065e-05,3.7436632017976256e-06,0.7581089678770666
6.5599999999995,0.0039999999999995595,0.0,0.001226926073845341,0.0003307481915722053,-9.422234086950105e-05,3.748442904488669e-06,0.7581076418659339
6.563999999999499,0.0039999999999995595,0.0,0.0012269190925704638,0.00033076255759066495,-9.421784320804823e-05,3.7524135119798954e-06,0.7581063190798816
6.567999999999499,0.0039999999999995595,0.0,0.0012269119946152415,0.00033077688374884886,-9.421317879753078e-05,3.7553797452355063e-06,0.7581049998310075
6.571999999999498,0.0039999999999995595,0.0,0.0012269047794347101,0.00033079116974793965,-9.420836701295906e-05,3.757166642255683e-06,0.7581036844352079
6.575999999999498,0.0039999999999995595,0.0,0.0012268974465743502,0.0003308054153272151,-9.420342756239423e-05,3.7576216747206284e-06,0.7581023732104282
6.579999999999497,0.0039999999999995595,0.0,0.0012268899955795974,0.0003308196202636004,-9.419838038348992e-05,3.756616366521977e-06,0.7581010664749431
6.583999999999497,0.0039999999999995595,0.0,0.0012268824262673163,0.0003308337843712117,-9.419324554119371e-05,3.7540474304664715e-06,0.7580997645456675
6.5879999999994965,0.0039999999999995595,0.0,0.001226874738454333,0.00033084790750088287,-9.418804312683701e-05,3.749837462815859e-06,0.758098467736514
6.591999999999496,0.0039999999999995595,0.0,0.0012268669323194053,0.00033086198953968126,-9.418279315930635e-05,3.743935207785091e-06,0.7580971763567933
6.595999999999496,0.0039999999999995595,0.0,0.0012268590079507677,0.000330876030410414,-9.417751548843021e-05,3.7363154678265983e-06,0.7580958907096799
6.599999999999495,0.0039999999999995595,0.0,0.0012268509655271164,0.00033089003007111777,-9.417222970133253e-05,3.72697861816665e-06,0.7580946110907278
6.603999999999495,0.0039999999999995595,0.0,0.001226842805589096,0.000330903988514542,-9.416695503191421e-05,3.7159498264298844e-06,0.7580933377864679
6.607999999999494,0.0039999999999995595,0.0,0.0012268345286773313,0.00033091790576761853,-9.41617102739712e-05,3.703277953872217e-06,0.7580920710730674
6.611999999999494,0.0039999999999995595,0.0,0.001226826135332428,0.0003309317818909204,-9.41565136982573e-05,3.689034188727894e-06,0.7580908112150768
6.615999999999493,0.0039999999999995595,0.0,0.001226817626547455,0.0003309456169781103,-9.415138297371027e-05,3.6733104337391617e-06,0.7580895584642549
6.619999999999493,0.0039999999999995595,0.0,0.0012268090030439845,0.0003309594111553758,-9.41463350934768e-05,3.6562174412457064e-06,0.7580883130584816
6.6239999999994925,0.0039999999999995595,0.0,0.0012268002659960647,0.00033097316458085326,-9.414138630548251e-05,3.637882784691581e-06,0.7580870752207656
6.627999999999492,0.0039999999999995595,0.0,0.0012267914164872473,0.0003309868774440419,-9.413655204833944e-05,3.618448592785037e-06,0.7580858451583414
6.631999999999492,0.0039999999999995595,0.0,0.0012267824558725806,0.00033100054996520274,-9.413184689239306e-05,3.598069171564387e-06,0.7580846230618654
6.635999999999491,0.0039999999999995595,0.0,0.0012267733855071217,0.0003310141823947464,-9.412728448625029e-05,3.576908466781085e-06,0.7580834091047063
6.639999999999491,0.0039999999999995595,0.0,0.0012267642069269385,0.0003310277750126089,-9.412287750893514e-05,3.555137418061595e-06,0.7580822034423417
6.64399999999949,0.0039999999999995595,0.0,0.0012267549217586167,0.0003310413281276137,-9.411863762779607e-05,3.532931242265615e-06,0.7580810062118493
6.64799999999949,0.0039999999999995595,0.0,0.0012267455318097668,0.00033105484207681925,-9.411457546220435e-05,3.5104666779383607e-06,0.7580798175315017
6.651999999999489,0.0039999999999995595,0.0,0.0012267360387975244,0.000331068317224856,-9.411070055315512e-05,3.4879192154580708e-06,0.7580786375004623
6.655999999999489,0.0039999999999995595,0.0,0.0012267264448915672,0.00033108175396324524,-9.410702133874041e-05,3.465460375880848e-06,0.7580774661985814
6.6599999999994886,0.0039999999999995595,0.0,0.0012267167520806082,0.00033109515270970827,-9.410354513554206e-05,3.443255067774219e-06,0.7580763036862894
6.663999999999488,0.0039999999999995595,0.0,0.0012267069624439027,0.0003311085139074603,-9.410027812590991e-05,3.421459075958011e-06,0.7580751500045907
6.667999999999488,0.0039999999999995595,0.0,0.0012266970784227706,0.00033112183802448935,-9.409722535104248e-05,3.40021673355325e-06,0.7580740051751524
6.671999999999487,0.0039999999999995595,0.0,0.001226687102277576,0.0003311351255528204,-9.409439070984796e-05,3.379658826942082e-06,0.7580728692004842
6.675999999999487,0.0039999999999995595,0.0,0.0012266770365402546,0.0003311483770077653,-9.409177696327312e-05,3.359900786637531e-06,0.7580717420642112
6.679999999999486,0.0039999999999995595,0.0,0.0012266668838333138,0.0003311615929271624,-9.408938574430809e-05,3.341041181368558e-06,0.7580706237314349
6.683999999999486,0.0039999999999995595,0.0,0.0012266566465983118,0.00033117477387059515,-9.408721757320438e-05,3.323160598262435e-06,0.7580695141491737
6.6879999999994855,0.0039999999999995595,0.0,0.001226646327729415,0.000331187920418601,-9.408527187779441e-05,3.3063208975746207e-06,0.7580684132468861
6.691999999999485,0.0039999999999995595,0.0,0.0012266359299398515,0.00033120103317186704,-9.40835470188035e-05,3.2905648773430008e-06,0.7580673209370725
6.695999999999485,0.0039999999999995595,0.0,0.001226625456123946,0.0003312141127504114,-9.40820403198552e-05,3.275916353942671e-06,0.75806623711594
6.699999999999484,0.0039999999999995595,0.0,0.001226614909176108,0.00033122715979275056,-9.40807481019212e-05,3.2623806506953397e-06,0.7580651616641422
6.703999999999484,0.0039999999999995595,0.0,0.0012266042922623693,0.00033124017495505463,-9.40796657219658e-05,3.2499454761787437e-06,0.758064094447574
6.707999999999483,0.0039999999999995595,0.0,0.0012265936082773196,0.00033125315891028873,-9.407878761556698e-05,3.238582155545852e-06,0.7580630353182277
6.711999999999483,0.0039999999999995595,0.0,0.0012265828603871798,0.00033126611234734663,-9.407810734303561e-05,3.2282471894257194e-06,0.7580619841150951
6.715999999999482,0.0039999999999995595,0.0,0.001226572051758271,0.0003312790359701683,-9.407761763901964e-05,3.218884061688846e-06,0.7580609406651192
6.719999999999482,0.0039999999999995595,0.0,0.0012265611855570167,0.00033129193049685025,-9.407731046506586e-05,3.2104252688162416e-06,0.7580599047841831
6.7239999999994815,0.0039999999999995595,0.0,0.0012265502650404597,0.00033130479665874406,-9.407717706491712e-05,3.2027944901454853e-06,0.7580588762781336
6.727999999999481,0.0039999999999995595,0.0,0.0012265392936467855,0.0003313176351995462,-9.407720802210986e-05,3.1959088423456075e-06,0.7580578549438359
6.731999999999481,0.0039999999999995595,0.0,0.0012265282744522252,0.0003313304468743801,-9.407739331963066e-05,3.189681158022322e-06,0.7580568405702462
6.73599999999948,0.0039999999999995595,0.0,0.0012265172108951881,0.0003313432324488662,-9.4077722401462e-05,3.1840222289923072e-06,0.7580558329395035
6.73999999999948,0.0039999999999995595,0.0,0.0012265061063236838,0.000331355992698195,-9.407818423511438e-05,3.1788429642282156e-06,0.7580548318280365
6.743999999999479,0.0039999999999995595,0.0,0.0012264949640858381,0.0003313687284061839,-9.407876737561205e-05,3.174056411616747e-06,0.7580538370076687
6.747999999999479,0.0039999999999995595,0.0,0.0012264837875298955,0.0003313814403643304,-9.407946003001776e-05,3.169579611027621e-06,0.7580528482467284
6.751999999999478,0.0039999999999995595,0.0,0.0012264725801852622,0.00033139412937086384,-9.408025012227632e-05,3.1653352451967635e-06,0.7580518653111522
6.755999999999478,0.0039999999999995595,0.0,0.0012264613452193812,0.0003314067962297944,-9.408112535818826e-05,3.1612530616698785e-06,0.7580508879655825
6.7599999999994775,0.0039999999999995595,0.0,0.0012264500860713796,0.00033141944174995704,-9.408207329001677e-05,3.157271055958681e-06,0.7580499159744389
6.763999999999477,0.0039999999999995595,0.0,0.0012264388061805091,0.0003314320667440598,-9.408308138061961e-05,3.153336404613114e-06,0.7580489491029793
6.767999999999477,0.0039999999999995595,0.0,0.0012264275088050968,0.0003314446720277214,-9.408413706666978e-05,3.1494061385821263e-06,0.7580479871183263
6.771999999999476,0.0039999999999995595,0.0,0.0012264161972035887,0.00033145725841852097,-9.408522782068063e-05,3.1454475722583283e-06,0.7580470297904749
6.775999999999476,0.0039999999999995595,0.0,0.0012264048748156042,0.0003314698267350448,-9.408634121159357e-05,3.1414384789085078e-06,0.7580460768932543
6.779999999999475,0.0039999999999995595,0.0,0.001226393544809307,0.0003314823777959356,-9.408746496361154e-05,3.1373670345510715e-06,0.7580451282052587
6.783999999999475,0.0039999999999995595,0.0,0.0012263822105340338,0.00033149491241894616,-9.408858701311002e-05,3.133231539138817e-06,0.7580441835107339
6.7879999999994745,0.0039999999999995595,0.0,0.0012263708749771286,0.0003315074314200026,-9.408969556330534e-05,3.129039932237051e-06,0.7580432426004177
6.791999999999474,0.0039999999999995595,0.0,0.0012263595414881662,0.00033151993561226855,-9.409077913651861e-05,3.12480911915841e-06,0.7580423052723344
6.795999999999474,0.0039999999999995595,0.0,0.0012263482130547212,0.00033153242580522197,-9.409182662376564e-05,3.1205641297171316e-06,0.7580413713325334
6.799999999999473,0.0039999999999995595,0.0,0.0012263368927550107,0.00033154490280373967,-9.409282733154757e-05,3.1163371361767298e-06,0.7580404405957776
6.803999999999473,0.0039999999999995595,0.0,0.0012263255836673654,0.00033155736740719176,-9.409377102559871e-05,3.112166342389685e-06,0.7580395128861731
6.807999999999472,0.0039999999999995595,0.0,0.0012263142885986288,0.00033156982040854886,-9.409464797154819e-05,3.108094783224136e-06,0.7580385880377412
6.811999999999472,0.0039999999999995595,0.0,0.0012263030105368164,0.0003315822625935005,-9.409544897226856e-05,3.1041690494364783e-06,0.7580376658949308
6.815999999999471,0.0039999999999995595,0.0,0.0012262917521984472,0.00033159469473959224,-9.409616540182885e-05,3.1004379689044047e-06,0.7580367463130703
6.819999999999471,0.0039999999999995595,0.0,0.0012262805164812113,0.00033160711761537494,-9.409678923591713e-05,3.096951273123316e-06,0.7580358291587558
6.8239999999994705,0.0039999999999995595,0.0,0.001226269305920757,0.00033161953197957314,-9.409731307871282e-05,3.0937582715148405e-06,0.7580349143101781
6.82799999999947,0.0039999999999995595,0.0,0.0012262581231433616,0.00033163193858026633,-9.409773018616006e-05,3.0909065680466216e-06,0.7580340016573823
6.83199999999947,0.0039999999999995595,0.0,0.0012262469708659344,0.0003316443381540976,-9.409803448555721e-05,3.0884408410724177e-06,0.758033091102474
6.835999999999469,0.0039999999999995595,0.0,0.0012262358512622467,0.0003316567314254968,-9.409822059137188e-05,3.086401711704433e-06,0.7580321825597515
6.839999999999469,0.0039999999999995595,0.0,0.0012262247669588462,0.00033166911910592926,-9.40982838175243e-05,3.084824728169113e-06,0.7580312759557838
6.843999999999468,0.0039999999999995595,0.0,0.0012262137200391274,0.00033168150189316755,-9.409822018585274e-05,3.0837394831012895e-06,0.7580303712294238
6.847999999999468,0.0039999999999995595,0.0,0.0012262027129487237,0.00033169388047058336,-9.409802643101957e-05,3.0831688790628916e-06,0.7580294683317634
6.851999999999467,0.0039999999999995595,0.0,0.0012261917475900979,0.0003317062555064703,-9.409770000175096e-05,3.08312856441089e-06,0.7580285672260282
6.855999999999467,0.0039999999999995595,0.0,0.0012261808260468627,0.0003317186276533907,-9.409723905860623e-05,3.0836265389811372e-06,0.7580276678874152
6.8599999999994665,0.0039999999999995595,0.0,0.0012261699503121571,0.0003317309975475493,-9.409664246831743e-05,3.0846629382634365e-06,0.7580267703028797
6.863999999999466,0.0039999999999995595,0.0,0.001226159122288641,0.00033174336580819863,-9.409590979478673e-05,3.086229998788546e-06,0.7580258744708639
6.867999999999466,0.0039999999999995595,0.0,0.0012261483436979443,0.00033175573303706907,-9.40950412868026e-05,3.088312196392003e-06,0.7580249804009793
6.871999999999465,0.0039999999999995595,0.0,0.0012261376161712058,0.0003317680998178323,-9.409403786274657e-05,3.090886549749881e-06,0.7580240881136389
6.875999999999465,0.0039999999999995595,0.0,0.001226126941339615,0.00033178046671559743,-9.409290109223655e-05,3.093923079058789e-06,0.7580231976396472
6.879999999999464,0.0039999999999995595,0.0,0.0012261163207438635,0.0003317928342764368,-9.409163317503522e-05,3.097385397823501e-06,0.7580223090197457
6.883999999999464,0.0039999999999995595,0.0,0.0012261057556530429,0.0003318052030269428,-9.409023691720381e-05,3.1012314260326535e-06,0.7580214223041204
6.887999999999463,0.0039999999999995595,0.0,0.0012260952475173803,0.0003318175734738219,-9.408871570496773e-05,3.105414192764905e-06,0.7580205375518727
6.891999999999463,0.0039999999999995595,0.0,0.0012260847974249435,0.00033182994610352274,-9.408707347608644e-05,3.109882724551338e-06,0.7580196548304631
6.895999999999463,0.0039999999999995595,0.0,0.0012260744065543806,0.00033184232138189305,-9.408531468919951e-05,3.1145829720918568e-06,0.7580187742151159
6.899999999999462,0.0039999999999995595,0.0,0.0012260640759032672,0.0003318546997538768,-9.408344429124984e-05,3.119458775091449e-06,0.7580178957882093
6.903999999999462,0.0039999999999995595,0.0,0.0012260538064692037,0.0003318670816432428,-9.408146768319199e-05,3.124452827579917e-06,0.7580170196386358
6.907999999999461,0.0039999999999995595,0.0,0.0012260435990687083,0.0003318794674523497,-9.407939068412952e-05,3.129507634835531e-06,0.758016145861148
6.911999999999461,0.0039999999999995595,0.0,0.0012260334544277635,0.0003318918575619485,-9.407721949426773e-05,3.1345664304444848e-06,0.7580152745556896
6.91599999999946,0.0039999999999995595,0.0,0.0012260233732723652,0.00033190425233101594,-9.407496065662166e-05,3.139574055995745e-06,0.7580144058267121
6.91999999999946,0.0039999999999995595,0.0,0.0012260133560568576,0.0003319166520966271,-9.40726210179075e-05,3.1444777631461526e-06,0.7580135397824884
6.9239999999994595,0.0039999999999995595,0.0,0.001226003403416702,0.0003319290571738602,-9.407020768871544e-05,3.1492279545443735e-06,0.7580126765344194
6.927999999999459,0.0039999999999995595,0.0,0.0012259935156251423,0.000331941467855734,-9.406772800328506e-05,3.153778825049915e-06,0.7580118161963374
6.931999999999459,0.0039999999999995595,0.0,0.001225983693136536,0.00033195388441318745,-9.406518947894253e-05,3.1580889248150396e-06,0.7580109588838214
6.935999999999458,0.0039999999999995595,0.0,0.0012259739360430113,0.00033196630709508656,-9.406259977548763e-05,3.1621216225359542e-06,0.7580101047135079
6.939999999999458,0.0039999999999995595,0.0,0.0012259642446178075,0.00033197873612826704,-9.405996665472125e-05,3.1658454613941645e-06,0.7580092538024162
6.943999999999457,0.0039999999999995595,0.0,0.0012259546188624817,0.0003319911717176114,-9.405729794035069e-05,3.169234422308327e-06,0.7580084062672873
6.947999999999457,0.0039999999999995595,0.0,0.0012259450587785805,0.0003320036140461534,-9.405460147837857e-05,3.172268084359533e-06,0.758007562223934
6.951999999999456,0.0039999999999995595,0.0,0.0012259355643676408,0.0003320160632752219,-9.405188509818246e-05,3.174931695574721e-06,0.7580067217866139
6.955999999999456,0.0039999999999995595,0.0,0.0012259261354500642,0.00033202851954460954,-9.404915657450871e-05,3.177216137033335e-06,0.758005885067421
6.9599999999994555,0.0039999999999995595,0.0,0.0012259167717556735,0.00033204098297277433,-9.404642359051711e-05,3.1791178102012383e-06,0.7580050521756995
6.963999999999455,0.0039999999999995595,0.0,0.0012259074730142734,0.00033205345365706776,-9.404369370203317e-05,3.18063843505639e-06,0.7580042232174853
6.967999999999455,0.0039999999999995595,0.0,0.0012258982388650857,0.00033206593167399304,-9.404097430310587e-05,3.18178477988627e-06,0.7580033982949761
6.971999999999454,0.0039999999999995595,0.0,0.001225889068947311,0.00033207841707949125,-9.403827259318783e-05,3.1825683113748834e-06,0.7580025775060308
6.975999999999454,0.0039999999999995595,0.0,0.0012258799627189983,0.00033209090990925406,-9.403559554577329e-05,3.183004802143974e-06,0.7580017609437005
6.979999999999453,0.0039999999999995595,0.0,0.00122587091963817,0.00033210341017905634,-9.403294987899975e-05,3.1831138620769345e-06,0.7580009486957917
6.983999999999453,0.0039999999999995595,0.0,0.0012258619391628239,0.00033211591788511727,-9.403034202793929e-05,3.18291845641416e-06,0.7580001408444683
6.987999999999452,0.0039999999999995595,0.0,0.0012258530204792284,0.00033212843300448573,-9.40277781188763e-05,3.1824443731622514e-06,0.7579993374658874
6.991999999999452,0.0039999999999995595,0.0,0.0012258441631358924,0.0003321409554954407,-9.402526394566755e-05,3.1817196684344637e-06,0.757998538629871
6.9959999999994515,0.0039999999999995595,0.0,0.0012258353661378897,0.00033215348529792117,-9.402280494824069e-05,3.1807741035153004e-06,0.7579977443996195
6.999999999999451,0.0039999999999995595,0.0,0.0012258266288525338,0.00033216602233396265,-9.402040619318205e-05,3.1796385798529904e-06,0.7579969548314596
7.003999999999451,0.0039999999999995595,0.0,0.0012258179502848316,0.0003321785665081656,-9.401807235662023e-05,3.1783445731286244e-06,0.7579961699746357
7.00799999999945,0.0039999999999995595,0.0,0.0012258093296208946,0.0003321911177081707,-9.401580770934445e-05,3.17692358781104e-06,0.7579953898711378
7.01199999999945,0.0039999999999995595,0.0,0.0012258007659562318,0.0003322036758051498,-9.401361610425593e-05,3.175406631464687e-06,0.7579946145555675
7.015999999999449,0.0039999999999995595,0.0,0.0012257922582051748,0.00033221624065431536,-9.401150096605803e-05,3.1738237261506184e-06,0.757993844055049
7.019999999999449,0.0039999999999995595,0.0,0.001225783805463163,0.0003322288120954406,-9.400946528331264e-05,3.1722034563221005e-06,0.7579930783891714
7.0239999999994485,0.0039999999999995595,0.0,0.0012257754066444563,0.0003322413899533875,-9.400751160275061e-05,3.1705725591639973e-06,0.7579923175699762
7.027999999999448,0.0039999999999995595,0.0,0.0012257670606632784,0.0003322539740386511,-9.40056420259222e-05,3.168955573709573e-06,0.7579915616019772
7.031999999999448,0.0039999999999995595,0.0,0.001225758766433816,0.0003322665641479109,-9.400385820805161e-05,3.167374544000912e-06,0.7579908104822207
7.035999999999447,0.0039999999999995595,0.0,0.0012257505227796447,0.0003322791600645867,-9.400216135910361e-05,3.165848774937482e-06,0.7579900642003791
7.039999999999447,0.0039999999999995595,0.0,0.001225742328614878,0.00033229176155940285,-9.400055224704353e-05,3.16439466075794e-06,0.7579893227388795
7.043999999999446,0.0039999999999995595,0.0,0.0012257341826724419,0.00033230436839095767,-9.399903120310013e-05,3.163025570547945e-06,0.7579885860730666
7.047999999999446,0.0039999999999995595,0.0,0.0012257260838663762,0.0003323169803062998,-9.399759812921624e-05,3.161751791937445e-06,0.7579878541713959
7.051999999999445,0.0039999999999995595,0.0,0.0012257180308389549,0.00033232959704150377,-9.399625250729159e-05,3.1605805443474474e-06,0.7579871269956574
7.055999999999445,0.0039999999999995595,0.0,0.001225710022413566,0.0003323422183222492,-9.39949934104195e-05,3.1595160423303144e-06,0.7579864045012292
7.0599999999994445,0.0039999999999995595,0.0,0.0012257020574135632,0.0003323548438643986,-9.39938195157589e-05,3.1585596183500757e-06,0.7579856866373523
7.063999999999444,0.0039999999999995595,0.0,0.001225694134390526,0.000332367473374579,-9.399272911921599e-05,3.1577098879145277e-06,0.7579849733474382
7.067999999999444,0.0039999999999995595,0.0,0.0012256862521677326,0.00033238010655076,-9.399172015163725e-05,3.1569629643624474e-06,0.757984264569392
7.071999999999443,0.0039999999999995595,0.0,0.0012256784094778453,0.00033239274308283017,-9.399079019642778e-05,3.156312708118776e-06,0.7579835602359601
7.075999999999443,0.0039999999999995595,0.0,0.001225670604872329,0.0003324053826531694,-9.398993650852727e-05,3.1557510035037976e-06,0.757982860275094
7.079999999999442,0.0039999999999995595,0.0,0.0012256628371743522,0.0003324180249372154,-9.39891560346176e-05,3.155268061309331e-06,0.7579821646103313
7.083999999999442,0.0039999999999995595,0.0,0.0012256551050258862,0.0003324306696040328,-9.398844543439246e-05,3.154852736289085e-06,0.7579814731611934
7.087999999999441,0.0039999999999995595,0.0,0.0012256474071594473,0.0003324433163168655,-9.398780110288525e-05,3.154492848924553e-06,0.7579807858435873
7.091999999999441,0.0039999999999995595,0.0,0.0012256397421263508,0.00033245596473369376,-9.398721919347696e-05,3.1541755181084305e-06,0.7579801025702274
7.0959999999994405,0.0039999999999995595,0.0,0.0012256321086590403,0.00033246861450777934,-9.39866956417763e-05,3.1538874733345447e-06,0.7579794232510585
7.09999999999944,0.0039999999999995595,0.0,0.0012256245053993415,0.0003324812652881994,-9.398622618994639e-05,3.153615368417532e-06,0.7579787477936814
7.10399999999944,0.0039999999999995595,0.0,0.0012256169311702133,0.00033249391672037545,-9.3985806411562e-05,3.153346069782391e-06,0.7579780761037868
7.107999999999439,0.0039999999999995595,0.0,0.001225609384432242,0.00033250656844659355,-9.39854317367428e-05,3.1530669252554547e-06,0.7579774080855893
7.111999999999439,0.0039999999999995595,0.0,0.001225601863917732,0.0003325192201065126,-9.398509747746619e-05,3.152766004197232e-06,0.7579767436422579
7.115999999999438,0.0039999999999995595,0.0,0.0012255943683589544,0.0003325318713376658,-9.398479885294434e-05,3.1524323092987505e-06,0.7579760826763438
7.119999999999438,0.0039999999999995595,0.0,0.0012255868963975613,0.00033254452177594905,-9.398453101498e-05,3.1520559528030785e-06,0.757975425090202
7.1239999999994374,0.0039999999999995595,0.0,0.00122557944667517,0.0003325571710560969,-9.398428907304586e-05,3.1516282991609476e-06,0.757974770786407
7.127999999999437,0.0039999999999995595,0.0,0.0012255720180145394,0.0003325698188121512,-9.398406811912308e-05,3.151142072544394e-06,0.7579741196681586
7.131999999999437,0.0039999999999995595,0.0,0.001225564609057222,0.0003325824646779147,-9.398386325210195e-05,3.1505914249428122e-06,0.7579734716396761
7.135999999999436,0.0039999999999995595,0.0,0.0012255572185353252,0.0003325951082873948,-9.398366960151325e-05,3.149971973138188e-06,0.7579728266065807
7.139999999999436,0.0039999999999995595,0.0,0.0012255498450903354,0.00033260774927522944,-9.3983482350882e-05,3.1492807941702753e-06,0.7579721844762586
7.143999999999435,0.0039999999999995595,0.0,0.0012255424874542961,0.0003326203872771088,-9.398329676015174e-05,3.1485163953144613e-06,0.7579715451582186
7.147999999999435,0.0039999999999995595,0.0,0.001225535144540401,0.0003326330219301764,-9.398310818733115e-05,3.1476786467938183e-06,0.757970908564421
7.151999999999434,0.0039999999999995595,0.0,0.0012255278148994514,0.0003326456528734268,-9.398291210905893e-05,3.1467686928459547e-06,0.7579702746095981
7.155999999999434,0.0039999999999995595,0.0,0.0012255204974445824,0.0003326582797480769,-9.398270414047083e-05,3.1457888295247763e-06,0.7579696432115419
7.1599999999994335,0.0039999999999995595,0.0,0.0012255131909077164,0.0003326709021979368,-9.398248005378224e-05,3.1447423707826943e-06,0.7579690142913863
7.163999999999433,0.0039999999999995595,0.0,0.0012255058940207459,0.0003326835198697581,-9.398223579576596e-05,3.143633489230119e-06,0.7579683877738576
7.167999999999433,0.0039999999999995595,0.0,0.0012254986056967202,0.00033269613241357734,-9.398196750386536e-05,3.1424670521950568e-06,0.7579677635875042
7.171999999999432,0.0039999999999995595,0.0,0.0012254913247580683,0.0003327087394830395,-9.398167152113645e-05,3.141248437527063e-06,0.7579671416649062
7.175999999999432,0.0039999999999995595,0.0,0.001225484050027191,0.00033272134073571006,-9.398134441020002e-05,3.1399833523343266e-06,0.7579665219428533
7.179999999999431,0.0039999999999995595,0.0,0.001225476780326461,0.0003327339358333746,-9.398098296529577e-05,3.138677650432249e-06,0.7579659043625093
7.183999999999431,0.0039999999999995595,0.0,0.001225469514568819,0.00033274652444233307,-9.398058422327266e-05,3.13733715151425e-06,0.757965288869553
7.18799999999943,0.0039999999999995595,0.0,0.0012254622516671798,0.0003327591062336626,-9.398014547308223e-05,3.13596745994426e-06,0.7579646754142734
7.19199999999943,0.0039999999999995595,0.0,0.0012254549905344318,0.00033277168088348375,-9.397966426381721e-05,3.1345738086051067e-06,0.7579640639516672
7.1959999999994295,0.0039999999999995595,0.0,0.0012254477300834385,0.0003327842480732084,-9.397913841138403e-05,3.133160902990034e-06,0.7579634544414974
7.199999999999429,0.0039999999999995595,0.0,0.001225440469408233,0.00033279680748977904,-9.397856600373755e-05,3.1317327876852294e-06,0.7579628468483312
7.203999999999429,0.0039999999999995595,0.0,0.0012254332072404329,0.0003328093588258901,-9.397794540452617e-05,3.13029273128726e-06,0.757962241141551
7.207999999999428,0.0039999999999995595,0.0,0.0012254259428552204,0.0003328219017802043,-9.397727525547233e-05,3.1288431289643095e-06,0.7579616372953465
7.211999999999428,0.0039999999999995595,0.0,0.001225418675074762,0.0003328344360575512,-9.39765544772592e-05,3.1273854301739727e-06,0.7579610352886783
7.215999999999427,0.0039999999999995595,0.0,0.0012254114030835974,0.0003328469613691167,-9.397578226906404e-05,3.1259200866145976e-06,0.7579604351052234
7.219999999999427,0.0039999999999995595,0.0,0.0012254041258850446,0.0003328594774326228,-9.397495810673867e-05,3.124446526370234e-06,0.7579598367332976
7.223999999999426,0.0039999999999995595,0.0,0.001225396842573,0.0003328719839724934,-9.397408173962854e-05,3.1229631477771496e-06,0.7579592401657582
7.227999999999426,0.0039999999999995595,0.0,0.0012253895523319394,0.0003328844807200131,-9.397315318620194e-05,3.1214673403989604e-06,0.7579586453998829
7.2319999999994256,0.0039999999999995595,0.0,0.0012253822542557173,0.0003328969674134728,-9.397217272834323e-05,3.119955523847072e-06,0.7579580524372359
7.235999999999425,0.0039999999999995595,0.0,0.0012253749474381661,0.00033290944379830675,-9.397114090456375e-05,3.1184232099659973e-06,0.7579574612835092
7.239999999999425,0.0039999999999995595,0.0,0.0012253676312449066,0.0003329219096272185,-9.397005850206332e-05,3.1168650809688453e-06,0.7579568719483545
7.243999999999424,0.0039999999999995595,0.0,0.0012253603047697327,0.0003329343646602975,-9.396892654773863e-05,3.115275086617697e-06,0.7579562844451917
7.247999999999424,0.0039999999999995595,0.0,0.0012253529672876249,0.0003329468086651289,-9.396774629817554e-05,3.1136465553516594e-06,0.7579556987910107
7.251999999999423,0.0039999999999995595,0.0,0.001225345618164151,0.00033295924141689176,-9.396651922877676e-05,3.111972316190043e-06,0.7579551150061561
7.255999999999423,0.0039999999999995595,0.0,0.0012253382565836526,0.0003329716626984475,-9.396524702197395e-05,3.110244828887452e-06,0.7579545331140973
7.2599999999994225,0.0039999999999995595,0.0,0.001225330881911663,0.000332984072300423,-9.396393155473471e-05,3.1084563234129405e-06,0.7579539531411954
7.263999999999422,0.0039999999999995595,0.0,0.0012253234936043067,0.00033299647002128373,-9.396257488536438e-05,3.1065989385533685e-06,0.757953375116456
7.267999999999422,0.0039999999999995595,0.0,0.0012253160909364803,0.0003330088556673981,-9.396117923961689e-05,3.1046648685376014e-06,0.7579527990712744
7.271999999999421,0.0039999999999995595,0.0,0.0012253086733642778,0.0003330212290530951,-9.395974699635758e-05,3.1026464978625516e-06,0.757952225039179
7.275999999999421,0.0039999999999995595,0.0,0.001225301240343779,0.00033303359000071343,-9.395828067274408e-05,3.100536538315109e-06,0.7579516530555632
7.27999999999942,0.0039999999999995595,0.0,0.0012252937913310505,0.00033304593834064484,-9.395678290903046e-05,3.0983281598938114e-06,0.7579510831574198
7.28399999999942,0.0039999999999995595,0.0,0.0012252863258727543,0.0003330582739113695,-9.395525645307804e-05,3.0960151089839624e-06,0.7579505153830692
7.287999999999419,0.0039999999999995595,0.0,0.0012252788434249304,0.00033307059655948257,-9.395370414468867e-05,3.0935918160142703e-06,0.7579499497718909
7.291999999999419,0.0039999999999995595,0.0,0.001225271343624826,0.00033308290613971557,-9.395212889971696e-05,3.091053496186714e-06,0.7579493863640521
7.2959999999994185,0.0039999999999995595,0.0,0.001225263826109679,0.0003330952025149502,-9.3950533694281e-05,3.0883962258288193e-06,0.7579488252002385
7.299999999999418,0.0039999999999995595,0.0,0.0012252562904261053,0.00033310748555622833,-9.394892154891887e-05,3.0856170155867013e-06,0.7579482663213929
7.303999999999418,0.0039999999999995595,0.0,0.0012252487363019337,0.0003331197551427502,-9.394729551278864e-05,3.082713863173159e-06,0.7579477097684513
7.307999999999417,0.0039999999999995595,0.0,0.0012252411633743726,0.00033313201116187306,-9.394565864820418e-05,3.0796857836622766e-06,0.75794715558209
7.311999999999417,0.0039999999999995595,0.0,0.0012252335713712334,0.00033314425350909827,-9.394401401530055e-05,3.0765328362949244e-06,0.7579466038024784
7.315999999999416,0.0039999999999995595,0.0,0.0012252259600203208,0.0003331564820880514,-9.394236465711358e-05,3.0732561217949377e-06,0.7579460544690356
7.319999999999416,0.0039999999999995595,0.0,0.001225218329140045,0.0003331686968104595,-9.394071358499834e-05,3.0698577754020805e-06,0.7579455076202025
7.323999999999415,0.0039999999999995595,0.0,0.0012252106786394264,0.0003331808975961237,-9.393906376448947e-05,3.0663409402626154e-06,0.7579449632932199
7.327999999999415,0.0039999999999995595,0.0,0.0012252030082462514,0.0003331930843728828,-9.393741810174422e-05,3.062709722775395e-06,0.7579444215239154
7.3319999999994145,0.0039999999999995595,0.0,0.0012251953177789137,0.00033320525707656993,-9.393577943047826e-05,3.0589691410837542e-06,0.7579438823465078
7.335999999999414,0.0039999999999995595,0.0,0.0012251876073276526,0.00033321741565096766,-9.393415049957855e-05,3.055125060614986e-06,0.7579433457934176
7.339999999999414,0.0039999999999995595,0.0,0.001225179876710856,0.0003332295600477549,-9.393253396138056e-05,3.0511841144076624e-06,0.7579428118950934
7.343999999999413,0.0039999999999995595,0.0,0.0012251721259281423,0.0003332416902264476,-9.393093236064502e-05,3.04715362028589e-06,0.7579422806798515
7.347999999999413,0.0039999999999995595,0.0,0.001225164354979129,0.0003332538061543343,-9.392934812430932e-05,3.0430414903941273e-06,0.7579417521737289
7.351999999999412,0.0039999999999995595,0.0,0.0012251565638634319,0.00033326590780640634,-9.392778355194937e-05,3.038856133121352e-06,0.7579412264003513
7.355999999999412,0.0039999999999995595,0.0,0.0012251487527619054,0.00033327799516528345,-9.392624080715817e-05,3.0346063477847353e-06,0.7579407033808186
7.3599999999994115,0.0039999999999995595,0.0,0.0012251409215835475,0.00033329006822113575,-9.392472190977933e-05,3.0303012276752436e-06,0.7579401831335973
7.363999999999411,0.0039999999999995595,0.0,0.0012251330705998346,0.00033330212697159085,-9.392322872889367e-05,3.0259500518944004e-06,0.7579396656744353
7.367999999999411,0.0039999999999995595,0.0,0.0012251251998103862,0.0003333141714216434,-9.392176297685894e-05,3.0215621829481397e-06,0.7579391510162912
7.37199999999941,0.0039999999999995595,0.0,0.0012251173095773078,0.0003333262015835587,-9.392032620403032e-05,3.0171469778584043e-06,0.7579386391692765
7.37599999999941,0.0039999999999995595,0.0,0.0012251093999908458,0.0003333382174767695,-9.391891979450741e-05,3.012713678060671e-06,0.7579381301406182
7.379999999999409,0.0039999999999995595,0.0,0.0012251014712318718,0.0003333502191277682,-9.391754496280091e-05,3.008271334078219e-06,0.7579376239346265
7.383999999999409,0.0039999999999995595,0.0,0.0012250935236625073,0.00033336220656999106,-9.391620275135477e-05,3.003828716561347e-06,0.7579371205526891
7.387999999999408,0.0039999999999995595,0.0,0.001225085557554259,0.00033337417984370156,-9.39148940289479e-05,2.999394244509984e-06,0.7579366199932732
7.391999999999408,0.0039999999999995595,0.0,0.001225077573178639,0.00033338613899586524,-9.391361949005426e-05,2.99497592215999e-06,0.7579361222519452
7.3959999999994075,0.0039999999999995595,0.0,0.0012250695708977918,0.00033339808408002,-9.391237965494135e-05,2.990581282478032e-06,0.7579356273213996
7.399999999999407,0.0039999999999995595,0.0,0.0012250615509832442,0.0003334100151561434,-9.391117487077436e-05,2.9862173403339894e-06,0.7579351351915099
7.403999999999407,0.0039999999999995595,0.0,0.001225053513978409,0.0003334219322905097,-9.391000531344852e-05,2.981890558751017e-06,0.7579346458493824
7.407999999999406,0.0039999999999995595,0.0,0.001225045460154831,0.0003334338355555502,-9.390887099021441e-05,2.9776068277964786e-06,0.7579341592794333
7.411999999999406,0.0039999999999995595,0.0,0.001225037390055945,0.0003334457250296969,-9.39077717430798e-05,2.9733714422588945e-06,0.7579336754634678
7.415999999999405,0.0039999999999995595,0.0,0.001225029303953314,0.000333457600797236,-9.390670725310559e-05,2.96918910366298e-06,0.7579331943807757
7.419999999999405,0.0039999999999995595,0.0,0.0012250212024810237,0.00033346946294815055,-9.390567704515483e-05,2.9650639214949257e-06,0.7579327160082455
7.423999999999404,0.0039999999999995595,0.0,0.0012250130860919164,0.0003334813115779461,-9.39046804934668e-05,2.9609994249646567e-06,0.7579322403204614
7.427999999999404,0.0039999999999995595,0.0,0.0012250049552388462,0.0003334931467874893,-9.390371682779834e-05,2.956998588816594e-06,0.7579317672898421
7.4319999999994035,0.0039999999999995595,0.0,0.0012249968105559402,0.0003335049686828359,-9.390278514014601e-05,2.953063857420293e-06,0.7579312968867722
7.435999999999403,0.0039999999999995595,0.0,0.0012249886524054478,0.00033351677737505323,-9.390188439206314e-05,2.949197179755205e-06,0.7579308290797359
7.439999999999403,0.0039999999999995595,0.0,0.001224980481512155,0.0003335285729800422,-9.390101342239129e-05,2.945400049633263e-06,0.7579303638354699
7.443999999999402,0.0039999999999995595,0.0,0.0012249722983289698,0.0003335403556183518,-9.390017095551852e-05,2.9416735468484925e-06,0.7579299011191128
7.447999999999402,0.0039999999999995595,0.0,0.0012249641035807107,0.0003335521254149918,-9.389935560990143e-05,2.938018385237068e-06,0.7579294408943623
7.451999999999401,0.0039999999999995595,0.0,0.0012249558977203143,0.0003335638824992404,-9.389856590705925e-05,2.9344349574462516e-06,0.7579289831236374
7.455999999999401,0.0039999999999995595,0.0,0.0012249476813819978,0.00033357562700445114,-9.389780028080492e-05,2.9309233845167446e-06,0.7579285277682419
7.4599999999994,0.0039999999999995595,0.0,0.0012249394551999949,0.00033358735906785617,-9.389705708668896e-05,2.927483564128009e-06,0.7579280747885332
7.4639999999994,0.0039999999999995595,0.0,0.0012249312198991918,0.00033359907883036375,-9.389633461162508e-05,2.9241152146552583e-06,0.7579276241440879
7.4679999999994,0.0039999999999995595,0.0,0.0012249229760232217,0.00033361078643635844,-9.389563108372512e-05,2.9208179195858558e-06,0.7579271757938717
7.471999999999399,0.0039999999999995595,0.0,0.0012249147242063688,0.00033362248203349135,-9.389494468220946e-05,2.9175911672205946e-06,0.7579267296964072
7.475999999999399,0.0039999999999995595,0.0,0.001224906465173572,0.0003336341657724772,-9.38942735472853e-05,2.9144343898459938e-06,0.7579262858099428
7.479999999999398,0.0039999999999995595,0.0,0.001224898199559151,0.0003336458378068831,-9.389361579006983e-05,2.911346993556224e-06,0.7579258440926173
7.483999999999398,0.0039999999999995595,0.0,0.0012248899279068046,0.00033365749829291724,-9.389296950239666e-05,2.9083283863858566e-06,0.7579254045026217
7.487999999999397,0.0039999999999995595,0.0,0.0012248816511228027,0.00033366914738921664,-9.38923327665785e-05,2.9053780009573666e-06,0.7579249669983591
7.491999999999397,0.0039999999999995595,0.0,0.0012248733696602406,0.00033368078525663363,-9.389170366497008e-05,2.902495310951418e-06,0.7579245315385996
7.4959999999993965,0.0039999999999995595,0.0,0.0012248650843347873,0.00033369241205802216,-9.389108028943589e-05,2.8996798430159473e-06,0.7579240980826322
7.499999999999396,0.0039999999999995595,0.0,0.0012248567956902108,0.00033370402795802266,-9.389046075032878e-05,2.8969311839731755e-06,0.7579236665904088
7.503999999999396,0.0039999999999995595,0.0,0.0012248485044515775,0.00033371563312284484,-9.388984318550142e-05,2.8942489795378694e-06,0.7579232370226809
7.507999999999395,0.0039999999999995595,0.0,0.0012248402113439727,0.0003337272277200568,-9.388922576879157e-05,2.891632933692786e-06,0.7579228093411368
7.511999999999395,0.0039999999999995595,0.0,0.0012248319170018592,0.00033373881191836596,-9.388860671820021e-05,2.8890827980012537e-06,0.7579223835085216
7.515999999999394,0.0039999999999995595,0.0,0.0012248236220597163,0.0003337503858874061,-9.388798430375007e-05,2.8865983607469636e-06,0.7579219594887578
7.519999999999394,0.0039999999999995595,0.0,0.001224815327242685,0.00033376194979752483,-9.38873568548235e-05,2.8841794320731694e-06,0.7579215372470552
7.523999999999393,0.0039999999999995595,0.0,0.0012248070330946365,0.0003337735038195709,-9.388672276718494e-05,2.881825823379182e-06,0.7579211167500106
7.527999999999393,0.0039999999999995595,0.0,0.0012247987404313924,0.00033378504812468264,-9.388608050937852e-05,2.8795373292321102e-06,0.7579206979657013
7.5319999999993925,0.0039999999999995595,0.0,0.001224790449706213,0.00033379658288408006,-9.388542862878452e-05,2.8773137039245456e-06,0.7579202808637684
7.535999999999392,0.0039999999999995595,0.0,0.0012247821617349568,0.0003338081082688553,-9.38847657570876e-05,2.875154637525511e-06,0.7579198654154915
7.539999999999392,0.0039999999999995595,0.0,0.0012247738770615633,0.0003338196244497723,-9.388409061520415e-05,2.873059737465979e-06,0.7579194515938514
7.543999999999391,0.0039999999999995595,0.0,0.0012247655963206338,0.0003338311315970642,-9.388340201769886e-05,2.8710284995305974e-06,0.7579190393735933
7.547999999999391,0.0039999999999995595,0.0,0.0012247573200561386,0.00033384262988023076,-9.388269887666805e-05,2.86906028929375e-06,0.7579186287312608
7.55199999999939,0.0039999999999995595,0.0,0.0012247490489933613,0.0003338541194678423,-9.388198020506024e-05,2.8671543223624763e-06,0.7579182196452394
7.55599999999939,0.0039999999999995595,0.0,0.001224740783585655,0.0003338656005273533,-9.38812451194979e-05,2.8653096453487735e-06,0.7579178120957885
7.559999999999389,0.0039999999999995595,0.0,0.0012247325245583365,0.00033387707322491013,-9.388049284222985e-05,2.8635251263463205e-06,0.7579174060650468
7.563999999999389,0.0039999999999995595,0.0,0.0012247242723647895,0.00033388853772517126,-9.387972270298242e-05,2.8617994334890927e-06,0.7579170015370515
7.5679999999993885,0.0039999999999995595,0.0,0.001224716027549061,0.0003338999941911161,-9.387893413991353e-05,2.860131031769713e-06,0.7579165984977249
7.571999999999388,0.0039999999999995595,0.0,0.0012247077907458642,0.0003339114427838758,-9.38781267001301e-05,2.8585181785765655e-06,0.7579161969348726
7.575999999999388,0.0039999999999995595,0.0,0.0012246995624992777,0.0003339228836625592,-9.38773000396582e-05,2.8569589203661935e-06,0.7579157968381633
7.579999999999387,0.0039999999999995595,0.0,0.0012246913431720869,0.0003339343169840922,-9.387645392286804e-05,2.8554510969723825e-06,0.7579153981991018
7.583999999999387,0.0039999999999995595,0.0,0.0012246831333990488,0.0003339457429030529,-9.38755882213712e-05,2.853992346450256e-06,0.7579150010109883
7.587999999999386,0.0039999999999995595,0.0,0.0012246749335429736,0.000333957161571518,-9.387470291247232e-05,2.852580114978688e-06,0.7579146052688782
7.591999999999386,0.0039999999999995595,0.0,0.0012246667442386467,0.00033396857313891136,-9.387379807706591e-05,2.8512116705093e-06,0.7579142109695307
7.5959999999993855,0.0039999999999995595,0.0,0.0012246585657582469,0.0003339799777518599,-9.387287389708962e-05,2.849884120174768e-06,0.7579138181113472
7.599999999999385,0.0039999999999995595,0.0,0.001224650398645929,0.0003339913755540559,-9.387193065252516e-05,2.8485944309496045e-06,0.75791342669431
7.603999999999385,0.0039999999999995595,0.0,0.0012246422432645487,0.00033400276668612433,-9.387096871798771e-05,2.8473394489886973e-06,0.7579130367199081
7.607999999999384,0.0039999999999995595,0.0,0.0012246341000676274,0.0003340141512854984,-9.386998855896982e-05,2.84611592673305e-06,0.7579126481910616
7.611999999999384,0.0039999999999995595,0.0,0.0012246259695086995,0.00033402552948629905,-9.386899072767042e-05,2.844920547702459e-06,0.7579122611120389
7.615999999999383,0.0039999999999995595,0.0,0.001224617851769334,0.0003340369014192217,-9.386797585842917e-05,2.8437499559152517e-06,0.7579118754883687
7.619999999999383,0.0039999999999995595,0.0,0.001224609747393742,0.00033404826721142826,-9.386694466297405e-05,2.8426007811651273e-06,0.7579114913267497
7.623999999999382,0.0039999999999995595,0.0,0.0012246016565635087,0.0003340596269864505,-9.386589792531636e-05,2.841469671949167e-06,0.7579111086349559
7.627999999999382,0.0039999999999995595,0.0,0.0012245935797322053,0.00033407098086409465,-9.386483649641209e-05,2.8403533205614397e-06,0.7579107274217369
7.6319999999993815,0.0039999999999995595,0.0,0.0012245855170814313,0.0003340823289603555,-9.386376128856727e-05,2.839248493196101e-06,0.7579103476967198
7.635999999999381,0.0039999999999995595,0.0,0.0012245774689741136,0.00033409367138733607,-9.386267326973124e-05,2.838152054949375e-06,0.7579099694703034
7.639999999999381,0.0039999999999995595,0.0,0.001224569435682526,0.00033410500825317696,-9.386157345758639e-05,2.8370609987746985e-06,0.7579095927535563
7.64399999999938,0.0039999999999995595,0.0,0.0012245614174789489,0.00033411633966198823,-9.386046291349608e-05,2.835972465134334e-06,0.7579092175581104
7.64799999999938,0.0039999999999995595,0.0,0.0012245534144543423,0.0003341276657137918,-9.385934273642168e-05,2.83488376530834e-06,0.757908843896055
7.651999999999379,0.0039999999999995595,0.0,0.0012245454269716601,0.0003341389865044697,-9.385821405672033e-05,2.833792402585404e-06,0.7579084717798329
7.655999999999379,0.0039999999999995595,0.0,0.001224537455212536,0.00033415030212571785,-9.385707802998671e-05,2.8326960826808772e-06,0.7579081012221345
7.659999999999378,0.0039999999999995595,0.0,0.0012245294993586074,0.0003341616126650074,-9.385593583083129e-05,2.8315927326904543e-06,0.7579077322357929
7.663999999999378,0.0039999999999995595,0.0,0.0012245215595008507,0.00033417291820555525,-9.385478864676061e-05,2.8304805084596978e-06,0.7579073648336838
7.6679999999993775,0.0039999999999995595,0.0,0.0012245136358209094,0.0003341842188262963,-9.385363767200401e-05,2.8293578030182043e-06,0.7579069990286249
7.671999999999377,0.0039999999999995595,0.0,0.0012245057285910992,0.0003341955146018664,-9.38524841015721e-05,2.8282232495125924e-06,0.7579066348332769
7.675999999999377,0.0039999999999995595,0.0,0.001224497837721071,0.0003342068056025885,-9.385132912534368e-05,2.8270757226400162e-06,0.7579062722600489
7.679999999999376,0.0039999999999995595,0.0,0.0012244899633924774,0.0003342180918944681,-9.385017392233228e-05,2.8259143360915395e-06,0.7579059113210088
7.683999999999376,0.0039999999999995595,0.0,0.0012244821057869754,0.00033422937353919303,-9.384901965517064e-05,2.8247384363010706e-06,0.7579055520277936
7.687999999999375,0.0039999999999995595,0.0,0.0012244742649048866,0.0003342406505941434,-9.384786746465531e-05,2.823547599757434e-06,0.7579051943915298
7.691999999999375,0.0039999999999995595,0.0,0.0012244664407465324,0.0003342519231124009,-9.384671846467364e-05,2.8223416146474936e-06,0.7579048384227496
7.6959999999993745,0.0039999999999995595,0.0,0.001224458633402904,0.00033426319114276916,-9.384557373723667e-05,2.8211204761985375e-06,0.7579044841313178
7.699999999999374,0.0039999999999995595,0.0,0.0012244508429649942,0.00033427445472979545,-9.38444343278432e-05,2.8198843647825648e-06,0.7579041315263634
7.703999999999374,0.0039999999999995595,0.0,0.0012244430693424538,0.00033428571391380397,-9.384330124106309e-05,2.818633636875215e-06,0.7579037806162143
7.707999999999373,0.0039999999999995595,0.0,0.0012244353126262756,0.0003342969687309272,-9.384217543650593e-05,2.8173687992701136e-06,0.7579034314083404
7.711999999999373,0.0039999999999995595,0.0,0.0012244275728167807,0.00033430821921314916,-9.38410578249901e-05,2.816090497835153e-06,0.7579030839092968
7.715999999999372,0.0039999999999995595,0.0,0.001224419849732943,0.00033431946538834925,-9.383994926507222e-05,2.814799493865439e-06,0.7579027381246798
7.719999999999372,0.0039999999999995595,0.0,0.001224412143556427,0.00033433070728035183,-9.383885055991221e-05,2.8134966436464285e-06,0.757902394059082
7.723999999999371,0.0039999999999995595,0.0,0.001224404454015528,0.00033434194490898015,-9.383776245450505e-05,2.812182878812216e-06,0.757902051716059
7.727999999999371,0.0039999999999995595,0.0,0.0012243967812919098,0.00033435317829011804,-9.383668563316983e-05,2.810859189560331e-06,0.7579017110980986
7.7319999999993705,0.0039999999999995595,0.0,0.001224389125023186,0.00033436440743577254,-9.383562071745945e-05,2.8095266012678735e-06,0.757901372206597
7.73599999999937,0.0039999999999995595,0.0,0.0012243814853910176,0.0003343756323541397,-9.383456826435496e-05,2.808186157823629e-06,0.7579010350418407
7.73999999999937,0.0039999999999995595,0.0,0.0012243738621236858,0.0003343868530496732,-9.383352876492583e-05,2.806838901158463e-06,0.7579006996029943
7.743999999999369,0.0039999999999995595,0.0,0.0012243662552214958,0.0003343980695231631,-9.383250264321381e-05,2.8054858594791446e-06,0.7579003658880955
7.747999999999369,0.0039999999999995595,0.0,0.0012243586645940751,0.00033440928177181213,-9.383149025556446e-05,2.80412802843868e-06,0.7579000338940551
7.751999999999368,0.0039999999999995595,0.0,0.0012243510899696906,0.00033442048978931743,-9.38304918902428e-05,2.802766359040916e-06,0.7578997036166611
7.755999999999368,0.0039999999999995595,0.0,0.0012243435312579605,0.00033443169356595185,-9.382950776739653e-05,2.801401745488581e-06,0.7578993750505902
7.759999999999367,0.0039999999999995595,0.0,0.0012243359883684997,0.00033444289308865333,-9.382853803941533e-05,2.8000350149493978e-06,0.7578990481894247
7.763999999999367,0.0039999999999995595,0.0,0.0012243284611202405,0.0003344540883411112,-9.382758279151742e-05,2.7986669181236952e-06,0.7578987230256734
7.7679999999993665,0.0039999999999995595,0.0,0.0012243209494227903,0.000334465279303861,-9.382664204273824e-05,2.797298125844348e-06,0.7578983995507993
7.771999999999366,0.0039999999999995595,0.0,0.0012243134530043917,0.00033447646595437513,-9.382571574718025e-05,2.795929220272453e-06,0.7578980777552486
7.775999999999366,0.0039999999999995595,0.0,0.0012243059716839618,0.000334487648267158,-9.3824803795592e-05,2.7945606937624346e-06,0.7578977576284882
7.779999999999365,0.0039999999999995595,0.0,0.0012242985053710945,0.0003344988262138465,-9.382390601713283e-05,2.793192949188276e-06,0.757897439159046
7.783999999999365,0.0039999999999995595,0.0,0.0012242910537940159,0.0003345099997633034,-9.382302218151911e-05,2.7918262953640445e-06,0.7578971223345518
7.787999999999364,0.0039999999999995595,0.0,0.001224283616771628,0.0003345211688817194,-9.382215200139606e-05,2.7904609530971093e-06,0.757896807141789
7.791999999999364,0.0039999999999995595,0.0,0.0012242761941228277,0.0003345323335327149,-9.38212951348494e-05,2.7890970560419197e-06,0.7578964935667423
7.795999999999363,0.0039999999999995595,0.0,0.0012242687855758229,0.0003345434936774407,-9.38204511882368e-05,2.7877346545141415e-06,0.7578961815946529
7.799999999999363,0.0039999999999995595,0.0,0.0012242613909494993,0.0003345546492746802,-9.381961971914448e-05,2.7863737221436037e-06,0.7578958712100733
7.803999999999363,0.0039999999999995595,0.0,0.0012242540100627375,0.0003345658002809531,-9.381880023956645e-05,2.7850141590204895e-06,0.7578955623969282
7.807999999999362,0.0039999999999995595,0.0,0.0012242466426437273,0.0003345769466506165,-9.381799221923695e-05,2.783655798306499e-06,0.7578952551385738
7.811999999999362,0.0039999999999995595,0.0,0.0012242392885113385,0.00033458808833597035,-9.381719508904259e-05,2.7822984165988428e-06,0.7578949494178618
7.815999999999361,0.0039999999999995595,0.0,0.0012242319473937486,0.0003345992252873603,-9.381640824462591e-05,2.7809417367944167e-06,0.7578946452172011
7.819999999999361,0.0039999999999995595,0.0,0.0012242246189284399,0.0003346103574532816,-9.381563105008257e-05,2.779585435946114e-06,0.757894342518624
7.82399999999936,0.0039999999999995595,0.0,0.00122421730311564,0.0003346214847804822,-9.381486284170731e-05,2.7782291547736016e-06,0.7578940413038507
7.82799999999936,0.0039999999999995595,0.0,0.0012242099995021303,0.00033463260721406746,-9.381410293182549e-05,2.776872500866448e-06,0.7578937415543596
7.8319999999993595,0.0039999999999995595,0.0,0.0012242027079974404,0.0003346437246975988,-9.381335061260867e-05,2.7755150584332206e-06,0.7578934432514439
7.835999999999359,0.0039999999999995595,0.0,0.001224195428148336,0.00033465483717319745,-9.381260516000056e-05,2.7741563915188123e-06,0.7578931463762855
7.839999999999359,0.0039999999999995595,0.0,0.001224188159955025,0.00033466594458164434,-9.381186583756099e-05,2.772796051912848e-06,0.757892850910015
7.843999999999358,0.0039999999999995595,0.0,0.001224180902873569,0.00033467704686248066,-9.381113190025839e-05,2.771433584246159e-06,0.7578925568337779
7.847999999999358,0.0039999999999995595,0.0,0.0012241736569041646,0.00033468814395410507,-9.381040259835264e-05,2.770068527111521e-06,0.7578922641287951
7.851999999999357,0.0039999999999995595,0.0,0.001224166421593549,0.0003346992357938727,-9.380967718118573e-05,2.768700418076964e-06,0.7578919727764234
7.855999999999357,0.0039999999999995595,0.0,0.001224159196851218,0.0003347103223181991,-9.380895490088377e-05,2.767328799070824e-06,0.7578916827582258
7.859999999999356,0.0039999999999995595,0.0,0.0012241519822238926,0.00033472140346264546,-9.380823501585445e-05,2.765953215028649e-06,0.7578913940560076
7.863999999999356,0.0039999999999995595,0.0,0.0012241447775303642,0.000334732479162017,-9.380751679435105e-05,2.7645732167352166e-06,0.7578911066518875
7.8679999999993555,0.0039999999999995595,0.0,0.0012241375825894193,0.0003347435493504519,-9.380679951781348e-05,2.7631883611314766e-06,0.7578908205283447
7.871999999999355,0.0039999999999995595,0.0,0.0012241303969477558,0.00033475461396151904,-9.380608248412697e-05,2.761798212130139e-06,0.7578905356682701
7.875999999999355,0.0039999999999995595,0.0,0.001224123220514842,0.0003347656729283056,-9.380536501072687e-05,2.7604023389474878e-06,0.7578902520550128
7.879999999999354,0.0039999999999995595,0.0,0.001224116052928056,0.0003347767261835014,-9.380464643753585e-05,2.75900031605013e-06,0.7578899696724205
7.883999999999354,0.0039999999999995595,0.0,0.001224108893915464,0.00033478777365948903,-9.380392612966412e-05,2.7575917225083336e-06,0.7578896885048838
7.887999999999353,0.0039999999999995595,0.0,0.0012241017432051257,0.00033479881528842756,-9.38032034800608e-05,2.756176137936688e-06,0.7578894085373716
7.891999999999353,0.0039999999999995595,0.0,0.0012240946006157913,0.0003348098510023356,-9.38024779118639e-05,2.7547531443890064e-06,0.7578891297554659
7.895999999999352,0.0039999999999995595,0.0,0.0012240874658755087,0.00033482088073317204,-9.380174888064184e-05,2.7533223196367013e-06,0.7578888521453895
7.899999999999352,0.0039999999999995595,0.0,0.0012240803386216214,0.0003348319044129187,-9.380101587633836e-05,2.751883240881402e-06,0.7578885756940356
7.9039999999993515,0.0039999999999995595,0.0,0.0012240732185821624,0.0003348429219736526,-9.380027842506958e-05,2.7504354771167663e-06,0.7578883003889862
7.907999999999351,0.0039999999999995595,0.0,0.0012240661055758586,0.0003348539333476254,-9.379953609069755e-05,2.7489785919892716e-06,0.7578880262185363
7.911999999999351,0.0039999999999995595,0.0,0.0012240589993307322,0.00033486493846733643,-9.37987884761584e-05,2.747512139550677e-06,0.7578877531717038
7.91599999999935,0.0039999999999995595,0.0,0.0012240518995747989,0.0003348759372656059,-9.379803522462923e-05,2.7460356648360036e-06,0.7578874812382458
7.91999999999935,0.0039999999999995595,0.0,0.001224044806126769,0.0003348869296756421,-9.37972760203892e-05,2.7445487013062783e-06,0.7578872104086624
7.923999999999349,0.0039999999999995595,0.0,0.0012240377185332438,0.00033489791563111207,-9.3796510589565e-05,2.7430507718432093e-06,0.7578869406742034
7.927999999999349,0.0039999999999995595,0.0,0.001224030636794325,0.00033490889506620504,-9.37957387005913e-05,2.7415413876689686e-06,0.7578866720268671
7.9319999999993485,0.0039999999999995595,0.0,0.0012240235604566003,0.0003349198679157008,-9.379496016442067e-05,2.740020052248332e-06,0.757886404459399
7.935999999999348,0.0039999999999995595,0.0,0.0012240164893387567,0.0003349308341150295,-9.379417483456596e-05,2.7384862573220514e-06,0.7578861379652838
7.939999999999348,0.0039999999999995595,0.0,0.0012240094232594772,0.0003349417936003322,-9.379338260698132e-05,2.7369394887708018e-06,0.7578858725387351
7.943999999999347,0.0039999999999995595,0.0,0.001224002361946736,0.0003349527463085194,-9.379258341966199e-05,2.735379225787538e-06,0.7578856081746824
7.947999999999347,0.0039999999999995595,0.0,0.0012239953052192057,0.0003349636921773304,-9.379177725208437e-05,2.733804947263386e-06,0.7578853448687574
7.951999999999346,0.0039999999999995595,0.0,0.001223988252714144,0.00033497463114538496,-9.379096412440902e-05,2.73221613061249e-06,0.7578850826172706
7.955999999999346,0.0039999999999995595,0.0,0.0012239812042502125,0.0003349855631522367,-9.379014409656044e-05,2.730612259128117e-06,0.7578848214171915
7.959999999999345,0.0039999999999995595,0.0,0.001223974159736774,0.00033499648813842606,-9.378931726711404e-05,2.7289928230743262e-06,0.7578845612661245
7.963999999999345,0.0039999999999995595,0.0,0.0012239671187203624,0.0003350074060455277,-9.378848377195807e-05,2.727357326749799e-06,0.7578843021622789
7.9679999999993445,0.0039999999999995595,0.0,0.001223960081201038,0.00033501831681619976,-9.37876437828795e-05,2.7257052911847237e-06,0.7578840441044429
7.971999999999344,0.0039999999999995595,0.0,0.0012239530469067368,0.0003350292203942245,-9.37867975060081e-05,2.7240362567899246e-06,0.7578837870919485
7.975999999999344,0.0039999999999995595,0.0,0.0012239460155653893,0.00033504011672455785,-9.378594518001734e-05,2.7223497949333055e-06,0.757883531124641
7.979999999999343,0.0039999999999995595,0.0,0.0012239389870863369,0.00033505100575336903,-9.378508707432049e-05,2.7206455059209887e-06,0.7578832762028421
7.983999999999343,0.0039999999999995595,0.0,0.0012239319529429304,0.0003350618830071631,-9.378422399895443e-05,2.7166878755693014e-06,0.7578832762028421
7.987999999999342,0.0039999999999995595,0.0,0.0012239248916367826,0.00033507273743903476,-9.378335742638357e-05,2.7113370911337086e-06,0.7578830223273131
7.991999999999342,0.0039999999999995595,0.0,0.0012239178104242717,0.0003350835734697434,-9.378248701631141e-05,2.707148404813635e-06,0.7578827633464541
7.995999999999341,0.0039999999999995595,0.0,0.0012239107167433655,0.00033509439563559896,-9.378161257671504e-05,2.704008099090274e-06,0.7578825082903188
7.999999999999341,0.0039999999999995595,0.0,0.0012239036158551236,0.00033510520717313665,-9.378073409395411e-05,2.7016059838233176e-06,0.7578822560266805
8.003999999999342,0.004000000000001336,0.0,0.0012238965112971955,0.0003351160103179051,-9.377985169328042e-05,2.6997113767911e-06,0.7578820056739157
