phase,sim_time,phase_time,x,y,z,yaw,tilt,speed,effort_fraction,joint_limit_excess,policy_vx,policy_vy,policy_wz,nonfoot_floor_contacts
stand,0.04000000000000003,0.04000000000000003,0.024138876226341234,-0.0005265316503494449,-0.006455098416219258,-0.0016082179375367677,0.03818617629578643,0.8676814339518281,1.0,0.0006904650345095036,0,0,0,0
stand,0.08000000000000006,0.08000000000000006,0.01999048372493973,0.014821475817618156,-0.02995747032732594,-0.0012579241472489894,0.03845401557060632,0.9539962319519157,1.0,0.0006997015525591733,0,0,0,0
stand,0.12000000000000009,0.12000000000000009,0.015431139565247639,-0.0038633408459999973,-0.04930215171950169,-0.0007286596745067471,0.027611584887895044,0.9377251819467242,1.0,0.0,0,0,0,0
stand,0.16000000000000011,0.16000000000000011,0.01797376861594676,-0.017837772373879034,-0.04475100961730095,-0.004618560240348471,0.05063889248511474,0.29152628462814706,1.0,0.0,0,0,0,0
stand,0.20000000000000015,0.20000000000000015,-0.0007922249181501975,-0.02002613660345844,-0.03895400219730094,-0.011440302873131827,0.04699407354467629,0.4780752921681257,1.0,0.0,0,0,0,0
stand,0.24000000000000019,0.24000000000000019,-0.010608448007678146,-0.021488282073895575,-0.03727493836428861,-0.009996020567799444,0.05165990459567595,0.14128879896358,0.9362197326723551,0.0,0,0,0,0
stand,0.2800000000000002,0.2800000000000002,-0.014029235496717666,-0.01647504583495194,-0.03755156575237819,-0.006343712802289275,0.04482221606755753,0.21764236416559601,1.0,0.0004565909625501018,0,0,0,0
stand,0.32000000000000023,0.32000000000000023,-0.015408851001553155,-0.007457121497259064,-0.03894132200235333,0.0018530884098026485,0.03192379866386354,0.32097711480846075,1.0,0.00043525213831529906,0,0,0,0
stand,0.36000000000000026,0.36000000000000026,-0.018547524998932228,0.014107075855152341,-0.04383119027081984,0.017742783244107902,0.036178841711568294,0.4676776989933625,1.0,0.0003879083650385761,0,0,0,0
stand,0.4000000000000003,0.4000000000000003,-0.021946582461391417,0.017141967713765218,-0.04181738864985663,0.020096410547456464,0.042227684667994966,0.06311363581801478,1.0,0.00032680313293724885,0,0,0,0
stand,0.44000000000000034,0.44000000000000034,-0.01781121407293363,0.018932475281090422,-0.03984425688418575,0.02048918303791431,0.036312840334145,0.0850533175571976,1.0,0.0003392041816739706,0,0,0,0
stand,0.48000000000000037,0.48000000000000037,-0.012794340773469767,0.01610172814209175,-0.04038047883400135,0.021242163599054235,0.023848328849610467,0.22657888584023939,0.9717174001977802,0.0003342398321348965,0,0,0,0
stand,0.5199999999999981,0.5199999999999981,-0.010104281365804716,-0.00020234364062213914,-0.043746040525963585,0.02331965237811364,0.007539323434552933,0.24548786816365786,1.0,0.0003143582472604496,0,0,0,0
stand,0.5599999999999937,0.5599999999999937,-0.012531337828827163,0.0023818462982949117,-0.04328308319841312,0.028137299306450685,0.006387006707257043,0.19791953921929178,1.0,0.00012539021030834457,0,0,0,0
stand,0.5999999999999893,0.5999999999999893,-0.013408896971933412,0.007204895346589422,-0.043340599286580635,0.03145126175406339,0.0022247941253603744,0.14915716714164218,1.0,9.66087061820499e-05,0,0,0,0
stand,0.6399999999999849,0.6399999999999849,-0.016213935596595244,0.004214097824149336,-0.043314943434408816,0.03403449739052067,0.005448166237361711,0.2435469007768852,1.0,0.0001663568191560226,0,0,0,0
stand,0.6799999999999805,0.6799999999999805,-0.013971038416873324,0.001396808507005602,-0.04320124540376448,0.03514482913566429,0.007282881057838516,0.12432236603280547,0.7940146284457669,0.00038880825636146887,0,0,0,0
stand,0.7199999999999761,0.7199999999999761,-0.011353848116529952,0.00400785853421311,-0.04304417814371381,0.0377316960736881,0.0037203794082738993,0.07621089169152459,0.6342304280289338,0.0004005240069796131,0,0,0,0
stand,0.7599999999999717,0.7599999999999717,-0.011318247941209628,0.004260194346808917,-0.04306559525722694,0.039869884899896804,0.003279761900363883,0.01955191352532859,0.6632752918373009,0.0003080205354263418,0,0,0,0
stand,0.7999999999999673,0.7999999999999673,-0.011678099638706209,0.004058416216417378,-0.043056534747223034,0.04126540377613398,0.0037919062101519512,0.008638657359638794,0.5723575646532167,0.0002052952504091936,0,0,0,0
stand,0.8399999999999629,0.8399999999999629,-0.011907342457236927,0.0040905532832619575,-0.04305738317148062,0.04218900267827778,0.004291119692672427,0.004332563380820856,0.5526521084758892,0.00020524077611594992,0,0,0,0
stand,0.8799999999999585,0.8799999999999585,-0.012064571548498389,0.0040956331198386065,-0.043055703395024146,0.042831748248197896,0.004722586456840338,0.002793554407630008,0.5661428449519127,0.00019569557275122794,0,0,0,0
stand,0.9199999999999541,0.9199999999999541,-0.012080272393155185,0.004046987761326631,-0.043051048166420525,0.043431520906558996,0.004778872090860393,0.002150063458866562,0.5690467057568551,0.00017180291837383892,0,0,0,0
stand,0.9599999999999497,0.9599999999999497,-0.011990659527695888,0.00399224765721655,-0.043045207955791955,0.0440295391632977,0.004472349544609348,0.003341343051357961,0.5627245425275093,0.00015393041386942475,0,0,0,0
stand,0.9999999999999453,0.9999999999999453,-0.01185752115110249,0.003945104300348931,-0.043038575269122976,0.04461040083525659,0.004000847375543712,0.003858125701117947,0.55673170539621,0.00014823837122302273,0,0,0,0
stand,1.039999999999941,1.039999999999941,-0.01171217029778936,0.0039074274910201635,-0.04303260233420116,0.04515911589776733,0.0035179503301421442,0.003734804696785072,0.5527938409247983,0.00015466661987541478,0,0,0,0
stand,1.0799999999999366,1.0799999999999366,-0.011575642461124414,0.003880228949261296,-0.04302817633417741,0.045671271061492096,0.0031165329133396335,0.003269061780938728,0.5506348512584711,0.00016172221575164723,0,0,0,0
stand,1.1199999999999322,1.1199999999999322,-0.011461906767558872,0.0038642538510554,-0.043025360401357036,0.04616204442014342,0.002827447665330753,0.0025312385965325247,0.5494956118943458,0.00016699953433344525,0,0,0,0
stand,1.1599999999999278,1.1599999999999278,-0.011374989058671878,0.003860385686275241,-0.04302397969317477,0.046635295932260575,0.0026344878133051494,0.0018549597957040983,0.5487431500758909,0.00017043300487041212,0,0,0,0
stand,1.1999999999999234,1.1999999999999234,-0.011316298075070076,0.0038657164491530233,-0.043023782268541984,0.04709100264081566,0.0025131888588836573,0.0010394976886105268,0.5480856065289924,0.00017231189792309265,0,0,0,0
stand,1.239999999999919,1.239999999999919,-0.011290410015541218,0.003876036224520774,-0.043024527945591653,0.04753101031896112,0.00244741124018275,0.00042977806922539963,0.5475485513969333,0.00017282504764995585,0,0,0,0
stand,1.2799999999999145,1.2799999999999145,-0.011282186147256405,0.0038891593992364444,-0.04302569488332204,0.0479549707195473,0.0024101814270826236,0.00036691654804715037,0.5471183873030183,0.00017285542925098087,0,0,0,0
stand,1.3199999999999101,1.3199999999999101,-0.011277724028136168,0.0039037296409487653,-0.04302693343401629,0.048362875784273195,0.002380450976677465,0.00039628065861598336,0.5467240234728216,0.00017276450934879204,0,0,0,0
stand,1.3599999999999057,1.3599999999999057,-0.011270997426112766,0.0039185225569213404,-0.043028109420538745,0.04875567322839892,0.0023480067542438923,0.0004311129753129196,0.5463063569860676,0.0001724160604046022,0,0,0,0
stand,1.3999999999999013,1.3999999999999013,-0.011260643861039043,0.003932617126250747,-0.04302921126354032,0.04913465605630023,0.002310205395463525,0.00046470050632366265,0.5457851053412718,0.00017207621169060272,0,0,0,0
stand,1.439999999999897,1.439999999999897,-0.011247373528380995,0.003945502893311817,-0.04303027922597817,0.04950120517950257,0.0022683873433741626,0.0004841214352423732,0.5451611078699635,0.00017207211341986012,0,0,0,0
stand,1.4799999999998925,1.4799999999998925,-0.011232568528749697,0.003957493993742614,-0.04303137049179968,0.04985838173474817,0.0022247977197718616,0.00048529260948398126,0.544484439264647,0.00017243389691418436,0,0,0,0
stand,1.519999999999888,1.519999999999888,-0.011217650198323168,0.003968586572767918,-0.04303252893779847,0.050207534261581255,0.002182255378843289,0.00046029603581955784,0.5437938113946452,0.0001728564480152154,0,0,0,0
stand,1.5599999999998837,1.5599999999998837,-0.01120338780913372,0.003978779258974872,-0.043033764586029775,0.050548859122419625,0.002142380936174335,0.000428997758273756,0.5431328655385201,0.00017326377697270191,0,0,0,0
stand,1.5999999999998793,1.5999999999998793,-0.011190032198445783,0.003988175149444369,-0.043035070516464616,0.0508825014952588,0.002105563709203822,0.0003984144296310601,0.5424962540267843,0.00017362023958165964,0,0,0,0
stand,1.639999999999875,1.639999999999875,-0.011177527051972223,0.003996882800866991,-0.04303643174998051,0.051208657436186855,0.0020715521742635658,0.0003732773031118251,0.5418675683145319,0.00017392085868963263,0,0,0,0
stand,1.6799999999998705,1.6799999999998705,-0.011165633140141913,0.004004987842066231,-0.043037830580180444,0.05152756638157694,0.0020398540685170807,0.00035532095541419124,0.5412358335653195,0.00017417588732464046,0,0,0,0
stand,1.719999999999866,1.719999999999866,-0.01115408997407911,0.004012547437904182,-0.043039250737276956,0.051839491881763934,0.0020100035932696567,0.00034319874719353455,0.540597227617015,0.00017439885320687424,0,0,0,0
stand,1.7599999999998617,1.7599999999998617,-0.011142715068693857,0.004019596320387233,-0.043040679978706545,0.05214470683939058,0.0019816729791861734,0.0003345639968637239,0.5399519798499496,0.00017460233672011177,0,0,0,0
stand,1.7999999999998573,1.7999999999998573,-0.011131412785639285,0.004026156870574521,-0.043042110237155554,0.052443484875034016,0.001954671148578879,0.000327636990650601,0.5392988730703157,0.00017479641850788816,0,0,0,0
stand,1.8399999999998529,1.8399999999998529,-0.011120162780840971,0.004032246201724272,-0.04304353642873182,0.052736090340315046,0.0019289105505239609,0.0003208978017561749,0.538638016138528,0.00017498666817620346,0,0,0,0
stand,1.8799999999998485,1.8799999999998485,-0.011108983667039437,0.004037882402515016,-0.04304495531876439,0.05302277155233616,0.0019043562261202899,0.0003139472724840626,0.5379687441123756,0.0001751756134232006,0,0,0,0
stand,1.919999999999844,1.919999999999844,-0.011097902560808582,0.0040430823308802676,-0.04304636484472095,0.05330375883156999,0.0018809943780482817,0.00030675127954084123,0.5372922155259207,0.00017536353308309624,0,0,0,0
stand,1.9599999999998396,1.9599999999998396,-0.011086953871870036,0.004047864983433343,-0.04304776350164882,0.053579271594239086,0.0018588154578365807,0.00029911748758412455,0.5366085543754141,0.00017554955690373496,0,0,0,0
stand,1.9999999999998352,1.9999999999998352,-0.011076162590354455,0.004052250940038574,-0.0430491502112627,0.05384951475099671,0.0018378032402936709,0.00029148928786634125,0.5359207964636089,0.00017573288877833164,0,0,0,0
stand,2.0399999999998486,2.0399999999998486,-0.011065555755725327,0.004056259824659057,-0.043050524066410835,0.054114681582065026,0.0018179387621293172,0.0002835269344806455,0.5352294635376068,0.0001759122077490679,0,0,0,0
stand,2.079999999999862,2.079999999999862,-0.011055146945011442,0.00405991132892713,-0.04305188424488101,0.054374954625589306,0.0017991945109929555,0.0002757985909901903,0.5345342558951964,0.00017608759348165958,0,0,0,0
stand,2.1199999999998753,2.1199999999998753,-0.011044929991289535,0.004063225958197245,-0.04305322967559893,0.05463050988343292,0.0017815353164638628,0.0002686652545213277,0.5338343806161353,0.00017625920976522313,0,0,0,0
stand,2.1599999999998887,2.1599999999998887,-0.011034914131639945,0.004066221882311664,-0.04305456014859955,0.054881518517066685,0.001764932016080882,0.00026137207434729823,0.5331301423412355,0.00017642645149516605,0,0,0,0
stand,2.199999999999902,2.199999999999902,-0.011025110706224823,0.0040689164705140736,-0.043055875435961954,0.05512813621506137,0.001749354916508516,0.00025416615376463216,0.532422645721215,0.00017658933696670757,0,0,0,0
stand,2.2399999999999154,2.2399999999999154,-0.01101551433407088,0.004071326561633047,-0.04305717515618897,0.05537051547329005,0.0017347712454247714,0.000247426426343025,0.531711804579402,0.0001767488539772533,0,0,0,0
stand,2.2799999999999288,2.2799999999999288,-0.011006123225716627,0.004073469011938232,-0.04305845944669249,0.05560880333754245,0.0017211476588446868,0.00024087247547757574,0.5309976478668331,0.000176904763045436,0,0,0,0
stand,2.319999999999942,2.319999999999942,-0.010996941486933011,0.004075358537117417,-0.043059728352770554,0.05584313713266301,0.001708452824711539,0.00023436672316551015,0.5302816787396284,0.0001770568371116637,0,0,0,0
stand,2.3599999999999555,2.3599999999999555,-0.010987965924607017,0.004077009640041727,-0.043060982046484966,0.05607364695502133,0.0016966534298957386,0.00022822180175010513,0.5295638343574596,0.0001772054679904475,0,0,0,0
stand,2.399999999999969,2.399999999999969,-0.010979195996485723,0.004078435070555194,-0.043062220757972926,0.056300459429568274,0.0016857182138438783,0.00022216642096177365,0.5288442431792353,0.00017735050546513888,0,0,0,0
stand,2.439999999999982,2.439999999999982,-0.010970621822008723,0.004079648073881681,-0.04306344466940361,0.05652369617966833,0.0016756153418550337,0.00021662559162487829,0.5281237767867935,0.00017749248959042193,0,0,0,0
stand,2.4799999999999955,2.4799999999999955,-0.010962252497758673,0.004080660038712841,-0.043064654276203936,0.056743471273364564,0.0016663130782012575,0.00021073285210290775,0.5274018606674967,0.00017763048070396607,0,0,0,0
stand,2.520000000000009,2.520000000000009,-0.0109540821459359,0.004081481805596407,-0.04306584979844696,0.05695989377391244,0.0016577795795949019,0.00020539774594373502,0.5266805260769825,0.00017776547878405754,0,0,0,0
stand,2.5600000000000223,2.5600000000000223,-0.010946109635284132,0.00408212392372129,-0.04306703178982272,0.05717306559555713,0.0016499819886585463,0.00020000599366045132,0.5259589658969566,0.00017789700645775395,0,0,0,0
stand,2.6000000000000356,2.6000000000000356,-0.010938327337615279,0.0040825959309616746,-0.04306820038704582,0.057383087314681704,0.0016428903133708806,0.00019505946364992388,0.5252375047713838,0.00017802566092693967,0,0,0,0
stand,2.640000000000049,2.640000000000049,-0.010930727129867033,0.004082907241557325,-0.04306935595078265,0.05759005588047895,0.0016364757679558236,0.00019033012208981878,0.5245158818266534,0.00017815131510105415,0,0,0,0
stand,2.6800000000000623,2.6800000000000623,-0.010923307793533616,0.004083065839835624,-0.043070498980158994,0.05779406161255395,0.0016307105976924854,0.00018567419613828222,0.5237952139233389,0.00017827379790093972,0,0,0,0
stand,2.7200000000000757,2.7200000000000757,-0.010916065850481603,0.004083080865636984,-0.04307162978271607,0.05799519056438463,0.0016255654593749086,0.00018121420148250846,0.5230749663214165,0.00017839339305074592,0,0,0,0
stand,2.760000000000089,2.760000000000089,-0.010908997810473442,0.004082960201705292,-0.04307274885995534,0.058193526838229905,0.001621013973674085,0.0001769249276378791,0.5223560319838202,0.00017851005063976565,0,0,0,0
stand,2.8000000000001024,2.8000000000001024,-0.01090209278616616,0.0040827116494662795,-0.04307385643966042,0.05838914777435311,0.001617031978218797,0.0001730155298716255,0.5216389842125371,0.00017862406821690703,0,0,0,0
stand,2.8400000000001158,2.8400000000001158,-0.01089534494898849,0.0040823420296821865,-0.04307495306064899,0.05858213040949942,0.001613594930339995,0.00016924033794760108,0.5209233676488195,0.0001787354331491603,0,0,0,0
stand,2.880000000000129,2.880000000000129,-0.010888759098772084,0.0040818569503338195,-0.043076038846097855,0.05877254786584135,0.0016106766776651362,0.00016528945012952775,0.5202091339272252,0.00017884385835839178,0,0,0,0
stand,2.9200000000001425,2.9200000000001425,-0.01088232517504529,0.004081263300230603,-0.04307711428487431,0.058960469006483454,0.0016082550800770032,0.00016187214801371714,0.5194968849350697,0.00017895023504545065,0,0,0,0
stand,2.960000000000156,2.960000000000156,-0.010876041912277937,0.004080566655405962,-0.04307817960843149,0.05914596019694389,0.001606305994290832,0.0001582940172342141,0.5187873463953715,0.00017905394688443857,0,0,0,0
stand,3.000000000000169,3.000000000000169,-0.010869900850790083,0.004079773324251916,-0.04307923535871448,0.05932908261361329,0.0016048076832659995,0.00015517865458141965,0.518079383347799,0.0001791555507200728,0,0,0,0
stand,3.0400000000001826,3.0400000000001826,-0.010863900424061892,0.004078887390902887,-0.043080281716976414,0.05950989958686069,0.0016037388242930255,0.00015194020808777201,0.5173743167237944,0.00017925467146627177,0,0,0,0
stand,3.080000000000196,3.080000000000196,-0.010858036415137995,0.004077913486786268,-0.04308131893845253,0.059688468181557264,0.0016030793055468184,0.00014896983358781327,0.5166714252718702,0.00017935163251193184,0,0,0,0
stand,3.1200000000002093,3.1200000000002093,-0.010852305306052011,0.004076857347136701,-0.043082347432319854,0.05986484443902666,0.0016028091081206144,0.00014604060357730614,0.5159705088117118,0.00017944645826841314,0,0,0,0
stand,3.1600000000002226,3.1600000000002226,-0.010846698556833317,0.004075723845932551,-0.04308336738893139,0.060039081572007595,0.0016029131056650768,0.00014342932160077543,0.5152726608739769,0.00017953932531874516,0,0,0,0
stand,3.200000000000236,3.200000000000236,-0.010841216374793424,0.0040745174887251885,-0.0430843791069023,0.06021123043922898,0.0016033719133922342,0.00014070008779264726,0.5145775348818749,0.00017962985489580988,0,0,0,0
stand,3.2400000000002493,3.2400000000002493,-0.010835852743675142,0.0040732413331550695,-0.0430853826116465,0.06038134081703882,0.0016041713617593004,0.0001382616065197978,0.5138862179211472,0.00017971863202868526,0,0,0,0
stand,3.2800000000002627,3.2800000000002627,-0.010830609573919627,0.004071899507366622,-0.04308637854159189,0.06054946009207201,0.0016052911081906472,0.00013566920695121215,0.5131970546567287,0.00017980536359825416,0,0,0,0
stand,3.320000000000276,3.320000000000276,-0.010825480492735306,0.004070496431448193,-0.043087366807962,0.06071563166055258,0.0016067152552813376,0.00013336982397619122,0.5125115373960137,0.00017989042405696908,0,0,0,0
stand,3.3600000000002894,3.3600000000002894,-0.010820462361292171,0.004069033604831219,-0.04308834764544213,0.060879898176749804,0.0016084296562083517,0.00013108818089844872,0.5118296952194616,0.0001799736287602759,0,0,0,0
stand,3.400000000000303,3.400000000000303,-0.010815549634848369,0.00406751526726142,-0.04308932136997315,0.06104230303774624,0.0016104195561358245,0.0001290038966507515,0.5111499238384577,0.00018005536233560828,0,0,0,0
stand,3.440000000000316,3.440000000000316,-0.010810747497645875,0.004065944251180409,-0.04309028830689311,0.06120288565047039,0.0016126661713258656,0.0001266713144610053,0.5104738540869439,0.00018013504678562704,0,0,0,0
stand,3.4800000000003295,3.4800000000003295,-0.010806047625677608,0.004064324348102917,-0.04309124851744892,0.06136168547953289,0.0016151607639117924,0.00012475021990114368,0.5098009180428923,0.0001802134378677737,0,0,0,0
stand,3.520000000000343,3.520000000000343,-0.010801443802651335,0.004062658299394897,-0.043092202088190354,0.06151873702626799,0.0016178944176783658,0.00012285626242037177,0.5091315072917023,0.00018029004727093575,0,0,0,0
stand,3.560000000000356,3.560000000000356,-0.010796937239898082,0.00406094902647841,-0.04309314926478655,0.06167407623971135,0.0016208515584974813,0.00012092126347924941,0.5084658172465374,0.00018036504111964695,0,0,0,0
stand,3.6000000000003696,3.6000000000003696,-0.01079252156348371,0.004059199324848899,-0.043094090131590476,0.061827737827837286,0.0016240229033022914,0.00011959028402151129,0.50780379463498,0.00018043880314780507,0,0,0,0
stand,3.640000000000383,3.640000000000383,-0.010787993367004868,0.004057422175132982,-0.043095020982327356,0.06197978161254618,0.001627558424102273,0.00012532565718249185,0.5071455547317086,0.000180518878378787,0,0,0,0
stand,3.6800000000003963,3.6800000000003963,-0.010783335204001125,0.004055602696265953,-0.04309594440968811,0.06213037320501593,0.0016314970704645016,0.00012480953566094345,0.5064909403124042,0.00018059555035361086,0,0,0,0
stand,3.7200000000004096,3.7200000000004096,-0.010778767315602322,0.004053696579570552,-0.04309686591316215,0.06227970682890905,0.0016356965157494723,0.00012318154840108793,0.5058464881103709,0.00018067023420421897,0,0,0,0
stand,3.760000000000423,3.760000000000423,-0.01077430361948678,0.00405170615208416,-0.04309778568643367,0.06242781844155902,0.0016401242853639267,0.00012156459444494518,0.5052129805722588,0.00018074260661369586,0,0,0,0
stand,3.8000000000004364,3.8000000000004364,-0.010769944492671305,0.004049640183083015,-0.043098703962102525,0.06257472216482207,0.0016447480756825491,0.0001199539968277075,0.5045885683754142,0.00018081197886805393,0,0,0,0
stand,3.8400000000004497,3.8400000000004497,-0.01076569045939792,0.004047506161925314,-0.04309962080417632,0.06272042988930453,0.0016495319126324346,0.00011832033444695966,0.5039711694082843,0.00018087891518239144,0,0,0,0
stand,3.880000000000463,3.880000000000463,-0.01076154064911901,0.0040453089971342285,-0.04310053626294714,0.0628649543403662,0.0016544442277455869,0.00011674102724814031,0.5033598080042097,0.00018094394565956986,0,0,0,0
stand,3.9200000000004764,3.9200000000004764,-0.010757492062052967,0.00404305255956934,-0.043101450402109866,0.06300830921736181,0.0016594621191450324,0.00011525079084597873,0.5027528571356338,0.00018100732576629148,0,0,0,0
stand,3.96000000000049,3.96000000000049,-0.010753541125184151,0.004040740966769322,-0.04310236328157477,0.06315050833062742,0.0016645684414091629,0.00011384021056638042,0.5021499658751122,0.0001810860142443587,0,0,0,0
stand,4.000000000000503,4.000000000000503,-0.010749684021812174,0.0040383761270041075,-0.0431032746984226,0.06329156553965912,0.001669754043061337,0.0001125426213558331,0.5015522263095,0.00018116444646625596,0,0,0,0
stand,4.0400000000004805,4.0400000000004805,-0.010745916892460062,0.004035962090467927,-0.04310418457084435,0.06343149149004022,0.0016750130494599608,0.00011131277182718836,0.50095779516929,0.00018124122971984057,0,0,0,0
stand,4.080000000000458,4.080000000000458,-0.010742234569092481,0.004033503978523403,-0.04310509289900653,0.06357029464035124,0.0016803432794434629,0.00011016884139861116,0.5003674548863207,0.00018131651092643977,0,0,0,0
stand,4.120000000000436,4.120000000000436,-0.010738632831930904,0.0040310053322570125,-0.04310599941884797,0.06370798720865747,0.0016857451137186736,0.00010909290822937485,0.49978160135777433,0.0001813901182761466,0,0,0,0
stand,4.160000000000414,4.160000000000414,-0.010735108807335917,0.004028469607767018,-0.043106904045397236,0.0638445800243187,0.0016912170622575499,0.00010804720915103242,0.4992000264160339,0.0001814623738118833,0,0,0,0
stand,4.200000000000392,4.200000000000392,-0.010731659185154563,0.004025901580484578,-0.043107806763793194,0.06398008145545613,0.0016967566248925214,0.00010702809371800008,0.4986213760424391,0.00018153348804825112,0,0,0,0
stand,4.24000000000037,4.24000000000037,-0.010728282635567611,0.004023305271638691,-0.043108707334923224,0.06411449985100581,0.0017023623079028606,0.00010599731037741812,0.4980466846941502,0.00018160327234639754,0,0,0,0
stand,4.2800000000003475,4.2800000000003475,-0.010724977274471663,0.004020683991051173,-0.04310960574206033,0.0642478445910868,0.001708031182802649,0.00010496544064243833,0.4974753884795922,0.00018167210783517058,0,0,0,0
stand,4.320000000000325,4.320000000000325,-0.010721739461621579,0.004018042467954591,-0.0431105020878535,0.06438012533199763,0.0017137601341948325,0.00010397222253852531,0.49690742385518233,0.00018173977905412038,0,0,0,0
stand,4.360000000000303,4.360000000000303,-0.010718567621016013,0.004015383194843447,-0.04311139621558747,0.06451134952363484,0.0017195470587407634,0.00010297081188215451,0.4963438585924321,0.00018180633479760223,0,0,0,0
stand,4.400000000000281,4.400000000000281,-0.010715460294483647,0.0040127088540044984,-0.04311228816425216,0.06464152477256686,0.001725387374771214,0.00010198233840632125,0.49578391352087375,0.0001818718541590248,0,0,0,0
stand,4.440000000000259,4.440000000000259,-0.010712416953574125,0.00401002252767771,-0.043113177848522685,0.06477066163105932,0.0017312756292173857,0.00010095603239707778,0.49522671078114794,0.00018193622045798637,0,0,0,0
stand,4.480000000000237,4.480000000000237,-0.01070943691044409,0.004007326913613047,-0.043114065178233824,0.0648987676093345,0.001737207421953167,9.992208960855821e-05,0.494673195247234,0.00018199955329599305,0,0,0,0
stand,4.5200000000002145,4.5200000000002145,-0.010706517749017907,0.004004623560527629,-0.043114950220829305,0.06502585161283111,0.0017431797867296787,9.892994160587743e-05,0.49412396961644495,0.00018206193412061565,0,0,0,0
stand,4.560000000000192,4.560000000000192,-0.01070365911998645,0.004001914490199639,-0.04311583286731744,0.0651519206640085,0.0017491865966138705,9.791067553255562e-05,0.49357780198777473,0.00018212328833880625,0,0,0,0
stand,4.60000000000017,4.60000000000017,-0.01070086150039535,0.003999200873488418,-0.0431167129405185,0.06527698189244356,0.0017552241937226056,9.688494416236735e-05,0.49303490044077464,0.00018218346106497959,0,0,0,0
stand,4.640000000000148,4.640000000000148,-0.010698121280803146,0.0039964848156832196,-0.04311759056316713,0.06540104473938865,0.0017612922910097786,9.59081169102304e-05,0.49249509898783134,0.00018224272238943752,0,0,0,0
stand,4.680000000000126,4.680000000000126,-0.010695437082264656,0.003993768546041236,-0.04311846570689921,0.06552411801767086,0.0017673872049969062,9.491194209427234e-05,0.4919586985772835,0.0001823009410931939,0,0,0,0
stand,4.720000000000104,4.720000000000104,-0.010692808184217436,0.003991051879660047,-0.04311933831695412,0.06564620922506466,0.0017735055326889525,9.395430004585012e-05,0.49142697197298046,0.00018235825882099665,0,0,0,0
stand,4.7600000000000815,4.7600000000000815,-0.010690234189452887,0.003988334882415445,-0.04312020827298615,0.06576732764389123,0.0017796424161435878,9.30081689547318e-05,0.4908987283731771,0.0001824145615305524,0,0,0,0
stand,4.800000000000059,4.800000000000059,-0.010687713581580811,0.003985619829421624,-0.0431210755762563,0.06588748003469333,0.0017857952169386933,9.205646351708627e-05,0.4903726643376089,0.00018246994985709434,0,0,0,0
stand,4.840000000000037,4.840000000000037,-0.010685245298831194,0.003982908361166157,-0.043121940036607555,0.06600667555108138,0.0017919626583290382,9.110927543813095e-05,0.4898497515301441,0.00018252430301840485,0,0,0,0
stand,4.880000000000015,4.880000000000015,-0.010682826394828829,0.003980199533390214,-0.043122801780421036,0.06612492175059255,0.001798145542358176,9.024489015868064e-05,0.48933135862589044,0.00018257794784954005,0,0,0,0
stand,4.919999999999993,4.919999999999993,-0.010680457035792826,0.003977494266141962,-0.04312366076065563,0.06624222654245167,0.0018043388298464914,8.934451912742337e-05,0.48881570744739666,0.0001826306320089707,0,0,0,0
stand,4.959999999999971,4.959999999999971,-0.010678138818708108,0.003974793290089467,-0.0431245168217541,0.06635859748682406,0.0018105357771797197,8.841687714075765e-05,0.48830379540598656,0.00018268247841263897,0,0,0,0
stand,4.9999999999999485,4.9999999999999485,-0.010675868491636441,0.003972097170738674,-0.04312537009155501,0.06647404132486201,0.0018167348372837987,8.75574791581693e-05,0.4877947410456396,0.00018273370329548316,0,0,0,0
perturb,5.039999999999926,0.03999999999997783,-0.010673644446854978,0.003969406453732901,-0.04312622047269971,0.06658856666499567,0.001822934940645875,8.671699493795341e-05,0.4872893619918224,0.00018278388661202533,0,0,0,0
perturb,5.079999999999904,0.07999999999995566,-0.010671467432436101,0.003966720772239463,-0.04312706784911687,0.06670218174307374,0.0018291331236434123,8.58723151583116e-05,0.48678744682593816,0.00018283314570470365,0,0,0,0
perturb,5.119999999999882,0.1199999999999335,-0.010669337707249819,0.0039640401736588185,-0.043127912166214935,0.06681489240389538,0.0018353256508823461,8.50337959248513e-05,0.4862881880058267,0.00018288168961864054,0,0,0,0
perturb,5.15999999999986,0.15999999999991132,-0.010667252597997992,0.00396136577639672,-0.0431287535206878,0.06692670559731341,0.0018415110832345656,8.421978676273473e-05,0.4857921826872182,0.0001829296428603199,0,0,0,0
perturb,5.199999999999838,0.19999999999988916,-0.010665210602589289,0.003958697971646983,-0.04312959174923439,0.06703763120867068,0.001847688793140491,8.34358919771729e-05,0.4852995560739264,0.00018297661461516253,0,0,0,0
perturb,5.2399999999998155,0.239999999999867,-0.010663211369014677,0.0039560371898821846,-0.043130426847554096,0.06714767551851696,0.001853858298815038,8.265254657864897e-05,0.48481005168322566,0.0001830227517085342,0,0,0,0
perturb,5.279999999999793,0.2799999999998448,-0.010661253786508139,0.003953382976244356,-0.04313125876264331,0.06725684469571065,0.0018600184083156462,8.190263093796172e-05,0.4843238460309469,0.00018306825726617154,0,0,0,0
perturb,5.319999999999771,0.31999999999982265,-0.010659335250270035,0.0039507363061037064,-0.043132087599741256,0.0673651459754187,0.001866169578187847,8.11750140486129e-05,0.4838408382140924,0.00018311302046921329,0,0,0,0
perturb,5.359999999999749,0.3599999999998005,-0.010657457402744338,0.003948097204336022,-0.04313291314967206,0.06747258747618676,0.0018723069952864292,8.042076959530204e-05,0.4833614079789072,0.00018315701460790867,0,0,0,0
perturb,5.399999999999727,0.3999999999997783,-0.010655618914123165,0.003945465277845112,-0.043133735519420485,0.06757917642290587,0.0018784288788015096,7.971648106810181e-05,0.4828846166100098,0.00018320042022939374,0,0,0,0
perturb,5.439999999999705,0.43999999999975614,-0.010653819116525071,0.003942840880139967,-0.04313455460673449,0.06768491744271513,0.0018845334039587526,7.900718867211283e-05,0.48241058394767555,0.00018324321618399072,0,0,0,0
perturb,5.4799999999996825,0.479999999999734,-0.010652057369794032,0.003940224523393348,-0.0431353703752267,0.06778981891585797,0.0018906186386818415,7.83072402694002e-05,0.48193989756176725,0.0001832852566328733,0,0,0,0
perturb,5.51999999999966,0.5199999999997118,-0.010650333317436473,0.003937615803090957,-0.04313618280388026,0.06789388821158476,0.0018966837671674586,7.762818940897942e-05,0.48147197211936016,0.0001833265712329859,0,0,0,0
perturb,5.559999999999638,0.5599999999996896,-0.01064864652319724,0.003935015622777818,-0.04313699183683126,0.06799713033263949,0.00190272577342204,7.692947687129157e-05,0.4810074903651649,0.00018336734794729978,0,0,0,0
perturb,5.599999999999616,0.5999999999996675,-0.010646997112407968,0.0039324231875102625,-0.04313779742564747,0.06809955290134853,0.0019087432485136039,7.626975516560974e-05,0.480546060444147,0.00018340733578986812,0,0,0,0
perturb,5.639999999999594,0.6399999999996453,-0.010645382628651242,0.003929839822025102,-0.04313859973253362,0.06820116168759452,0.0019147364725474031,7.56093330461846e-05,0.4800872155166363,0.00018344685938176628,0,0,0,0
perturb,5.679999999999572,0.6799999999996231,-0.010643802549859221,0.003927264798788147,-0.04313939859303124,0.06830196378507541,0.0019207048253772768,7.498918210748501e-05,0.47963168362063996,0.00018348562751187875,0,0,0,0
perturb,5.7199999999995494,0.719999999999601,-0.010642257230225336,0.003924697474080422,-0.043140193906929844,0.0684019659107896,0.0019266475201438447,7.437474838152006e-05,0.47917961963977324,0.00018352369196942541,0,0,0,0
perturb,5.759999999999527,0.7599999999995788,-0.010640745219465696,0.003922139031922115,-0.04314098575628657,0.06850117245695182,0.0019325633901998106,7.375264738943596e-05,0.47872929088969024,0.0001835613513829129,0,0,0,0
perturb,5.799999999999505,0.7999999999995566,-0.010639265217914372,0.003919589432287524,-0.04314177405157035,0.06859959053664791,0.0019384529889863596,7.316608239698261e-05,0.478282171349986,0.00018359833675052993,0,0,0,0
perturb,5.839999999999483,0.8399999999995345,-0.010637816502158809,0.003917048545805262,-0.04314255890399671,0.06869722748770793,0.0019443158778521446,7.258411476044013e-05,0.47783843169578283,0.00018363477396161535,0,0,0,0
perturb,5.879999999999461,0.8799999999995123,-0.010636399323798366,0.003914516358491931,-0.04314334016367657,0.06879409117853845,0.0019501500881247411,7.200715048635442e-05,0.47739727501968554,0.0001836705273068481,0,0,0,0
perturb,5.919999999999439,0.9199999999994901,-0.010635013375462951,0.0039119926618776625,-0.04314411783821527,0.06889018688816763,0.00195595459374123,7.144485637440364e-05,0.4769593686683085,0.00018370583174419453,0,0,0,0
perturb,5.959999999999416,0.959999999999468,-0.010633657839917363,0.003909478329440375,-0.04314489198306252,0.06898551892244639,0.0019617272022482827,7.087374368396642e-05,0.47652377827433884,0.00018374071272900475,0,0,0,0
perturb,5.999999999999394,0.9999999999994458,-0.010632332244398983,0.0039069727515135275,-0.04314566246571385,0.06908009470266939,0.0019674674955893127,7.033031952883954e-05,0.4760911735554823,0.00018377496465510386,0,0,0,0
perturb,6.039999999999372,1.0399999999994236,-0.010667996794722275,0.004010614140897901,-0.04314674315946356,0.06926694978298963,0.0021079254363620724,0.006789810079873408,0.48177987758904134,0.00018834516679395094,0,0,0,0
perturb,6.07999999999935,1.0799999999994014,-0.010719146277267139,0.004441594139191084,-0.04314768929893257,0.06965377607200722,0.0024960494119345474,0.015382413937991129,0.5157831925027822,0.00019139008176081502,0,0,0,0
perturb,6.119999999999328,1.1199999999993793,-0.01078402288485378,0.005092929758679052,-0.04314480282278549,0.07000286441053662,0.0031260676467270657,0.018997455462286695,0.5600246259198741,0.00019092217166053106,0,0,0,0
perturb,6.159999999999306,1.159999999999357,-0.010866127666149018,0.005734385849918973,-0.04312147029689989,0.07022996207675232,0.00410031345377745,0.016320807594619836,0.6003604475733338,0.00018530172936929938,0,0,0,0
perturb,6.199999999999283,1.199999999999335,-0.010973346774236245,0.006306631429600329,-0.04308014693912212,0.07028995761411902,0.005354743076817349,0.015255083875923366,0.6405061434101711,0.00019031618598645846,0,0,0,0
perturb,6.239999999999261,1.2399999999993128,-0.011115643299364084,0.006718258811250113,-0.04304462526615523,0.06998956258223601,0.006343511611576951,0.008393278501908632,0.67387264400099,0.00019839585254417526,0,0,0,0
perturb,6.279999999999239,1.2799999999992906,-0.011260881139373017,0.006889507033602714,-0.043034620303653785,0.06969846437085359,0.006640425165068941,0.004186290914854119,0.6625722342460655,0.00019841870307109547,0,0,0,0
perturb,6.319999999999217,1.3199999999992684,-0.011517632119778604,0.006900295591790073,-0.04305562248124605,0.0696213422028475,0.0062932696675869915,0.00762141942065299,0.6264333421131698,0.00019093254847752825,0,0,0,0
perturb,6.359999999999195,1.3599999999992463,-0.011695439912489274,0.006815040162122345,-0.04310667025871145,0.06958926381719388,0.005469825765042747,0.0046587062108626185,0.5854195706608392,0.00018583744560141327,0,0,0,0
perturb,6.399999999999173,1.399999999999224,-0.011723520107151107,0.00661147136719652,-0.04316469454005926,0.06955321048441035,0.004335887467603414,0.01027396529735852,0.5477286381275324,0.00018573836728625018,0,0,0,0
perturb,6.43999999999915,1.439999999999202,-0.01165483821761901,0.005952015470446712,-0.04317148078140468,0.06946021314457758,0.0035840110115546286,0.02110809326481946,0.5143178451362235,0.00018116472258412853,0,0,0,0
perturb,6.479999999999128,1.4799999999991797,-0.011548712449379973,0.0051460454241418555,-0.043165031883955915,0.06931470343572688,0.0029213028418386177,0.020615244493810355,0.49057197206287756,0.00017343908150454287,0,0,0,0
perturb,6.519999999999106,1.5199999999991576,-0.011413592054870482,0.0044126600243860085,-0.04316102134267325,0.06921035010027468,0.0021506094148556927,0.018216018848276266,0.4666511211585866,0.0001654702994142106,0,0,0,0
perturb,6.559999999999084,1.5599999999991354,-0.011261506076133552,0.0038160773547793194,-0.04315586651810818,0.06919483526069428,0.0013448578552799726,0.01423915709660682,0.44472679104448914,0.0001638414121452393,0,0,0,0
perturb,6.599999999999062,1.5999999999991132,-0.011108638922556669,0.003392220125501539,-0.043148608221294245,0.06927416701089477,0.0006647590094009872,0.009820908715953069,0.43465270273849405,0.00016987639095020134,0,0,0,0
perturb,6.63999999999904,1.639999999999091,-0.010958794713093474,0.003132602644510358,-0.04314324038219629,0.06942088917245492,0.0006233940499808115,0.006048504588913999,0.44284305480305747,0.00017605799617144934,0,0,0,0
perturb,6.679999999999017,1.679999999999069,-0.010814647261304107,0.0030157671809534392,-0.043141577085313104,0.06962054302617227,0.0011054030246049151,0.003847220745083989,0.44597567613908345,0.00018125632149275622,0,0,0,0
perturb,6.719999999998995,1.7199999999990467,-0.010692368621314136,0.002980371612115842,-0.04314281386091892,0.06980742388924295,0.001579125473641206,0.0026463262398907007,0.44566921613621785,0.00018354685396692526,0,0,0,0
perturb,6.759999999998973,1.7599999999990246,-0.010609091051257721,0.003005728602200182,-0.04314525769071511,0.06995579883978101,0.0019447499195107062,0.0020661705664569963,0.4454277340067138,0.00018525198723984084,0,0,0,0
perturb,6.799999999998951,1.7999999999990024,-0.010567756363412478,0.0030790568730180577,-0.04314802729513582,0.07008015547829524,0.002183171692318994,0.0025176154748707685,0.45173177517796353,0.00018817851389409573,0,0,0,0
perturb,6.839999999998929,1.8399999999989802,-0.01056087554392963,0.0031968049433631946,-0.04314974401972904,0.07022026414570064,0.0022985099973847414,0.0034686958871099215,0.45626340632488344,0.00018946604631610262,0,0,0,0
perturb,6.8799999999989065,1.879999999998958,-0.010574725988893561,0.003331174918943583,-0.0431514077062813,0.07036910394409145,0.0023212075024548417,0.0034094516064529846,0.45823755626430646,0.00018990619174529737,0,0,0,0
perturb,6.919999999998884,1.919999999998936,-0.010597715548077868,0.0034527030734314945,-0.043153506629558816,0.0704900404129925,0.0022900535608975435,0.0029466786749544126,0.4595569571329285,0.00019033593524427083,0,0,0,0
perturb,6.959999999998862,1.9599999999989137,-0.010623628094951917,0.0035514984510203384,-0.04315552431287742,0.07057381924270842,0.002233365034406995,0.002362755451622183,0.4604268103863054,0.00019031363329512853,0,0,0,0
perturb,6.99999999999884,1.9999999999988916,-0.01064792311043494,0.0036308684156046178,-0.0431572694350126,0.07064199958057629,0.0021700706707129566,0.0019048949629666885,0.4606665723859755,0.00018971232459203918,0,0,0,0
perturb,7.039999999998818,2.0399999999988694,-0.010667869937462174,0.0036945188454911566,-0.04315874230120456,0.07071288379781634,0.002113130361247694,0.0014979406786273816,0.46035941616501524,0.00018801786337488662,0,0,0,0
perturb,7.079999999998796,2.079999999998847,-0.01068207423120452,0.003744056838386073,-0.04315995882740874,0.0707893178775414,0.002071331383691834,0.0011370764107159674,0.46005094774786753,0.00018626119352742492,0,0,0,0
perturb,7.1199999999987735,2.119999999998825,-0.010690564505466429,0.0037818443521251935,-0.04316094628643534,0.07087024939268066,0.0020474084151733862,0.0008513146920940189,0.4599914513612793,0.00018501256025973923,0,0,0,0
perturb,7.159999999998751,2.159999999998803,-0.010694377798072786,0.0038106312389655965,-0.04316176317513734,0.07095433149156156,0.0020392082286740613,0.0006443726311466865,0.4600803269763078,0.00018426939034217767,0,0,0,0
perturb,7.199999999998729,2.1999999999987807,-0.010694944071378954,0.003832869753349217,-0.04316248122793977,0.07104032095686413,0.0020419758142507013,0.0005021856620317943,0.4601669548093999,0.00018393330956464988,0,0,0,0
perturb,7.239999999998707,2.2399999999987585,-0.010693612206585568,0.003850431155853577,-0.04316316300307935,0.0711272479280433,0.002050519124049546,0.000404042867363377,0.4601847877035911,0.00018403922718922727,0,0,0,0
perturb,7.279999999998685,2.2799999999987364,-0.010691413160492196,0.003864610388780443,-0.04316384947364083,0.07121443068350544,0.0020606714356805615,0.0003325618203651792,0.4601363448163469,0.0001842544096297189,0,0,0,0
perturb,7.319999999998663,2.319999999998714,-0.010688998828060016,0.0038762585937894413,-0.04316455837380842,0.07130141215032047,0.0020698951404226787,0.0002770889297879042,0.46004398498544563,0.00018445738683692297,0,0,0,0
perturb,7.3599999999986405,2.359999999998692,-0.010686683911999657,0.0038859286166773722,-0.043165289743939794,0.07138790019637939,0.0020772052389969376,0.0002321053604329075,0.45992224140190335,0.00018460375180359747,0,0,0,0
perturb,7.399999999998618,2.39999999999867,-0.010684542150606253,0.0038939818993769127,-0.043166034114635383,0.07147371709838304,0.0020827121353022135,0.00019468671603356546,0.4597814768249297,0.0001846849340219487,0,0,0,0
perturb,7.439999999998596,2.4399999999986477,-0.010682511928229499,0.003900668510998089,-0.04316677973979049,0.07155876666759295,0.0020870761086010073,0.00016341481948388778,0.45962399076364746,0.00018471446487590382,0,0,0,0
perturb,7.479999999998574,2.4799999999986255,-0.010680486258389266,0.0039061788349475696,-0.04316751723939201,0.07164299840180417,0.002091062352829532,0.00013767270248174403,0.4594486026395193,0.00018471661217177705,0,0,0,0
perturb,7.519999999998552,2.5199999999986034,-0.010678376216262215,0.0039106708695246855,-0.04316824110316586,0.07172638597894429,0.0020952676526278255,0.00011708927013077028,0.4592579567498851,0.00018471443989550877,0,0,0,0
perturb,7.55999999999853,2.559999999998581,-0.010676135508796036,0.003914286402180881,-0.04316894984334975,0.0718089106772256,0.0021000211412076945,0.00010134240141651806,0.45905367935779057,0.00018470493871016567,0,0,0,0
perturb,7.5999999999985075,2.599999999998559,-0.010673764376030397,0.0039171557313570984,-0.04316964443041775,0.07189055296624147,0.0021054005622315715,8.970601054343446e-05,0.45883693728898534,0.00018470546938790272,0,0,0,0
perturb,7.639999999998485,2.639999999998537,-0.010671291472090465,0.003919396638859157,-0.043170327394456386,0.07197129634728512,0.0021113184456625017,8.12612237516405e-05,0.45860975002225013,0.0001847225167348316,0,0,0,0
perturb,7.679999999998463,2.6799999999985147,-0.010668762963781287,0.003921111530489778,-0.04317100136516028,0.0720511248229249,0.0021176019717510774,7.490136711861016e-05,0.4583737357263293,0.0001847484664689777,0,0,0,0
perturb,7.719999999998441,2.7199999999984925,-0.010666223868772124,0.003922388424239373,-0.04317166878416646,0.07213002708805624,0.002124071793773478,6.995706357604965e-05,0.45813042708625945,0.00018477954905540538,0,0,0,0
perturb,7.759999999998419,2.7599999999984703,-0.010663711461226409,0.003923298700997194,-0.04317233098378774,0.07220799826990608,0.002130584673338219,6.591521084139502e-05,0.45788162534239657,0.00018481215952973541,0,0,0,0
perturb,7.799999999998397,2.799999999998448,-0.01066125133838041,0.003923900539939662,-0.04317298873276957,0.07228503659265371,0.002137050883719834,6.258563135843451e-05,0.45762762709549576,0.00018484387866363986,0,0,0,0
perturb,7.8399999999983745,2.839999999998426,-0.010658858056626995,0.003924242231172282,-0.04317364226055457,0.07236114358270168,0.002143427328007284,5.98507524750527e-05,0.4573693846554163,0.00018487365135957208,0,0,0,0
perturb,7.879999999998352,2.879999999998404,-0.010656538938666959,0.003924361085596558,-0.0431742912577258,0.07243632848741728,0.0021497049215250257,5.76069551705564e-05,0.457108687632253,0.00018490093554912425,0,0,0,0
perturb,7.91999999999833,2.9199999999983817,-0.0106542953823593,0.003924288663197613,-0.0431749355578681,0.07251060279153902,0.002155891557680258,5.579123879001573e-05,0.45684544966004054,0.00018492642261199146,0,0,0,0
perturb,7.959999999998308,2.9599999999983595,-0.010652126089906518,0.003924050680553878,-0.04317557509019265,0.07258397814902631,0.0021619992727119628,5.4327968238819365e-05,0.45658064557219397,0.00018495066104834282,0,0,0,0
perturb,7.999999999998286,2.9999999999983373,-0.010650030238881036,0.00392367018340812,-0.04317620969286597,0.07265646812051862,0.0021680357886632667,5.306829940235534e-05,0.456313394953425,0.00018497411294157815,0,0,0,0
perturb,8.039999999998335,3.039999999998386,-0.010648007078634076,0.0039231664963468365,-0.04317683937998593,0.07272808706259416,0.0021740051744788672,5.1963924251846054e-05,0.45604577496291027,0.00018499702095473678,0,0,0,0
perturb,8.079999999998384,3.079999999998435,-0.01064605700226965,0.003922555775143477,-0.04317746411225477,0.07279885100278781,0.0021799046929430192,5.091809859610811e-05,0.45577774978219215,0.00018501958776973138,0,0,0,0
perturb,8.119999999998432,3.119999999998484,-0.010644180570867093,0.0039218507349229,-0.043178084074447905,0.07286877550075331,0.00218572745361504,4.9926432048322075e-05,0.4555088413498927,0.00018504194248409846,0,0,0,0
perturb,8.159999999998481,3.159999999998533,-0.010642377228294985,0.0039210648367237035,-0.04317869941250163,0.07293787573616317,0.0021914651849485028,4.896736893353716e-05,0.4552386767917274,0.0001850640968072208,0,0,0,0
perturb,8.19999999999853,3.1999999999985818,-0.010640646364033316,0.003920207829974776,-0.04317931026196348,0.07300616727810108,0.002197110338174049,4.8051936866610404e-05,0.4549691265786404,0.00018508586887047888,0,0,0,0
perturb,8.23999999999858,3.2399999999986306,-0.010638988791861466,0.003919287003426796,-0.04317991649203721,0.07307366641955927,0.0022026577698352305,4.715178233906136e-05,0.45469970447952934,0.00018510688999889867,0,0,0,0
perturb,8.279999999998628,3.2799999999986795,-0.01063740270911175,0.00391831038368006,-0.04318051828996673,0.07314038744540292,0.0022081067418035006,4.630428500410739e-05,0.45442957265948086,0.00018512743904940164,0,0,0,0
perturb,8.319999999998677,3.3199999999987284,-0.01063588720487215,0.00391728513682435,-0.04318111547582214,0.07320634537040205,0.002213455283181338,4.546529164161473e-05,0.45415959894996,0.00018514735403930615,0,0,0,0
perturb,8.359999999998726,3.3599999999987773,-0.010634438486556876,0.003916214517556319,-0.04318170811681376,0.07327155607091806,0.002218708793745096,4.477818770360265e-05,0.4538908520133645,0.000185166682695885,0,0,0,0
perturb,8.399999999998775,3.399999999998826,-0.01063305442891629,0.003915103939093031,-0.043182296219217244,0.0733360326579931,0.0022238701140375305,4.4092297764862826e-05,0.4536223250984634,0.00018518540876614957,0,0,0,0
perturb,8.439999999998824,3.439999999998875,-0.010631732563412401,0.0039139585751651555,-0.043182879789179104,0.0733997913853601,0.0022289412927971237,4.345233771384578e-05,0.4533535213711999,0.0001852036597253237,0,0,0,0
perturb,8.479999999998872,3.479999999998924,-0.010630472313569034,0.003912780814219445,-0.04318345870826635,0.07346284660465122,0.002233921734695857,4.284395135681912e-05,0.453085917887615,0.00018522141025050437,0,0,0,0
perturb,8.519999999998921,3.519999999998973,-0.010629269710231438,0.003911574287168381,-0.0431840333502771,0.07352521070302713,0.002238813849319344,4.2305104045904646e-05,0.45281899049715596,0.0001852389696436085,0,0,0,0
perturb,8.55999999999897,3.5599999999990217,-0.010628123807921061,0.003910341534596322,-0.04318460347791383,0.0735868979625052,0.0022436168496892785,4.179239026196337e-05,0.4525532094888561,0.00018525589470220412,0,0,0,0
perturb,8.599999999999019,3.5999999999990706,-0.010627032200762571,0.003909084965500699,-0.043185169260715535,0.07364792031705406,0.0022483333297632475,4.132536054988444e-05,0.45228756912742024,0.00018527247315187055,0,0,0,0
perturb,8.639999999999068,3.6399999999991195,-0.010625992923942857,0.003907806775773034,-0.04318573063199071,0.07370829008577269,0.002252964507491315,4.089585097331825e-05,0.4520229188504851,0.00018528861428592476,0,0,0,0
perturb,8.679999999999117,3.6799999999991684,-0.010625004584976947,0.0039065090555658955,-0.043186287618562844,0.07376801986108254,0.0022575106354508863,4.048438665476991e-05,0.45175896400596555,0.0001853043706005268,0,0,0,0
perturb,8.719999999999166,3.7199999999992173,-0.010624063782427244,0.0039051948293216602,-0.04318684034616023,0.07382712171791173,0.0022619759525574616,4.010847570504855e-05,0.45149548991805055,0.00018531968734862537,0,0,0,0
perturb,8.759999999999215,3.759999999999266,-0.010623169321322156,0.0039038641673706546,-0.04318738865096145,0.07388560712372064,0.002266363700951228,3.979118441880988e-05,0.4512343296316878,0.00018533450633433524,0,0,0,0
perturb,8.799999999999264,3.799999999999315,-0.010622318781693157,0.0039025185862027164,-0.04318793261464182,0.07394348791910255,0.0022706776485904487,3.950583329314488e-05,0.4509737401636858,0.00018534893005288977,0,0,0,0
perturb,8.839999999999312,3.839999999999364,-0.01062151004182636,0.0039011594612107714,-0.0431884723254173,0.07400077436889477,0.002274919637727821,3.9246841641944814e-05,0.4507138924931209,0.00018536313413437314,0,0,0,0
perturb,8.879999999999361,3.879999999999413,-0.010620740696924244,0.0038997882891787573,-0.04318900782591839,0.0740574764964821,0.0022790916818002096,3.901232511499193e-05,0.4504549855089501,0.00018537704896572467,0,0,0,0
perturb,8.91999999999941,3.9199999999994617,-0.01062001014518179,0.0038984069882009023,-0.043189539114963114,0.07411360442341511,0.002283193366575942,3.875897174098961e-05,0.4501970409611489,0.0001853906455439182,0,0,0,0
perturb,8.959999999999459,3.9599999999995106,-0.010619316948579215,0.003897016302044278,-0.04319006618033282,0.07416916958117206,0.0022872251711561434,3.853982302100171e-05,0.4499403291907696,0.00018540391368242882,0,0,0,0
perturb,8.999999999999508,3.9999999999995595,-0.010618659832202287,0.003895616516668072,-0.043190589037378706,0.07422417947160168,0.00229118960630806,3.8356692788754874e-05,0.4496854569906134,0.0001854168264791953,0,0,0,0
perturb,9.039999999999557,4.039999999999608,-0.010618036270650312,0.0038942086403831043,-0.043191107758945045,0.0742786430136733,0.0022950915575511623,3.818746679571315e-05,0.4494308532869711,0.00018542944310002835,0,0,0,0
perturb,9.079999999999606,4.079999999999657,-0.010617444573391045,0.003892794249367129,-0.04319162240878083,0.07433256998947635,0.0022989332972220894,3.802426783903617e-05,0.44917743863625365,0.0001854417693994511,0,0,0,0
perturb,9.119999999999655,4.119999999999706,-0.010616883875697203,0.00389137331488689,-0.04319213291768835,0.07438596972396579,0.0023027155441650332,3.7882204194947864e-05,0.44892533371489457,0.00018545385332331964,0,0,0,0
perturb,9.159999999999703,4.159999999999755,-0.010616351803159035,0.0038899466944543586,-0.04319263946566769,0.07443884948476362,0.0023064406922851262,3.77512300972984e-05,0.4486747133010543,0.00018546578639084562,0,0,0,0
perturb,9.199999999999752,4.199999999999804,-0.010615847910182353,0.003888516012554578,-0.04319314199844406,0.07449121704230072,0.0023101093649375783,3.7601014676119194e-05,0.44842483545031836,0.00018547736037683498,0,0,0,0
perturb,9.239999999999801,4.239999999999853,-0.010615371904962487,0.0038870818455322693,-0.043193640462685264,0.0745430812382387,0.002313721493197254,3.7453711569437794e-05,0.4481765196484396,0.00018548870367263542,0,0,0,0
perturb,9.27999999999985,4.279999999999902,-0.010614922337280834,0.0038856439497325676,-0.04319413497386627,0.07459444916054316,0.0023172785601412362,3.734485411847941e-05,0.4479295180127809,0.00018549987233138526,0,0,0,0
perturb,9.319999999999899,4.3199999999999505,-0.010614497322069085,0.00388420327147828,-0.043194625584831926,0.07464532874280796,0.0023207824693228037,3.7227552938766776e-05,0.44768342205452716,0.00018551082910006243,0,0,0,0
perturb,9.359999999999948,4.359999999999999,-0.010614096289592421,0.0038827606198577926,-0.043195112287388884,0.07469572655512052,0.0023242341614250913,3.710444976940483e-05,0.44743856393055,0.0001855215203082259,0,0,0,0
perturb,9.399999999999997,4.400000000000048,-0.010613717790033294,0.0038813167217898385,-0.04319559510538231,0.07474564896081681,0.0023276358624096057,3.6988866251562024e-05,0.4471948056765593,0.00018553204074684107,0,0,0,0
perturb,9.440000000000046,4.440000000000097,-0.01061336060259352,0.0038798711815391795,-0.04319607400224659,0.07479510482018788,0.0023309912432310062,3.690121865106754e-05,0.44695282441530376,0.00018554215556274172,0,0,0,0
perturb,9.480000000000095,4.480000000000146,-0.01061302445942629,0.0038784250513703954,-0.04319654906609719,0.07484409971817603,0.002334300420829942,3.677868317794454e-05,0.4467116988937972,0.00018555224101139377,0,0,0,0
perturb,9.520000000000143,4.520000000000195,-0.010612707693128868,0.00387697912837501,-0.04319702039053684,0.07489263955336764,0.0023375644272922236,3.667209043381217e-05,0.4464720497360672,0.0001855621831863247,0,0,0,0
perturb,9.560000000000192,4.560000000000244,-0.010612409728156654,0.0038755333312533507,-0.043197487971368756,0.07494072931117117,0.0023407834688902924,3.656450830494508e-05,0.4462335449669313,0.00018557202461845826,0,0,0,0
perturb,9.600000000000241,4.600000000000293,-0.010612129729763609,0.0038740890663723584,-0.04319795185645665,0.07498837550082972,0.0023439590940067846,3.6434402351572135e-05,0.4459962163953963,0.0001855815499600798,0,0,0,0
perturb,9.64000000000029,4.640000000000342,-0.010611867426461743,0.0038726456348649003,-0.04319841189110262,0.07503558750252333,0.0023470935368419526,3.6338987102364125e-05,0.44576041915598497,0.00018559075938677234,0,0,0,0
perturb,9.680000000000339,4.6800000000003905,-0.010611621306778512,0.0038712037090599992,-0.04319886828100254,0.07508237062063702,0.002350188553111933,3.622410598610793e-05,0.44552566308344144,0.00018559995198090475,0,0,0,0
perturb,9.720000000000388,4.720000000000439,-0.01061139136426772,0.0038697634987500938,-0.0431993209543117,0.07512872932569539,0.0023532436367488126,3.6118895436886554e-05,0.44529240126051745,0.00018560901697155826,0,0,0,0
perturb,9.760000000000437,4.760000000000488,-0.01061117655832625,0.0038683259341886996,-0.04319977006140092,0.0751746675028983,0.002356259232196716,3.5987872430492e-05,0.4450602710655296,0.00018561803156151815,0,0,0,0
perturb,9.800000000000486,4.800000000000537,-0.010610976520807698,0.0038668907172874625,-0.04320021552307215,0.07522019067517857,0.002359235361325412,3.5880331617271995e-05,0.4448295320847657,0.0001856268648436399,0,0,0,0
perturb,9.840000000000535,4.840000000000586,-0.010610789696842511,0.003865458626214655,-0.043200657449455636,0.07526530499975309,0.0023621747276687606,3.5759797067959454e-05,0.44459970167445295,0.00018563548608798225,0,0,0,0
perturb,9.880000000000583,4.880000000000635,-0.010610617790233364,0.003864030170298016,-0.04320109553064751,0.07531002079803674,0.002365074237951875,3.553803185859908e-05,0.4443718673996359,0.00018564363510036315,0,0,0,0
perturb,9.920000000000632,4.920000000000684,-0.010610463162716612,0.0038626146832637116,-0.04320152778508909,0.0753543875353311,0.0023679274720360207,3.517211665671734e-05,0.4441448446590425,0.0001856503811594285,0,0,0,0
perturb,9.960000000000681,4.960000000000733,-0.010610320953617565,0.003861209592635226,-0.043201955415123755,0.0753984251605426,0.00237074275381257,3.494913389573458e-05,0.44391858088136654,0.000185657602772579,0,0,0,0
perturb,10.00000000000073,5.000000000000782,-0.010610189452514159,0.00385981153067646,-0.04320237919919796,0.07544213951768673,0.0023735232580749067,3.477180349316049e-05,0.4436922260745327,0.00018566517756664274,0,0,0,0
walk,10.040000000000779,0.040000000000048885,-0.00763684764262886,0.004418824234795541,-0.04326610955725965,0.07575458091090584,0.005181455709346357,0.10036616750520307,0.7664750157995548,0.00030184873105465427,0.25,0,0,0
walk,10.080000000000828,0.08000000000009777,-0.006006484983201397,0.004713331535769548,-0.04350329489662398,0.07594657178307561,0.003077559922876605,0.006031546325903185,0.6418037552042912,0.0003505681887663197,0.25,0,0,0
walk,10.120000000000877,0.12000000000014666,-0.005690502279403992,0.004806011764774427,-0.04378424822307749,0.07609472998131149,0.003439940496039288,0.002669500570950173,0.5006783403492784,0.00036405691978856603,0.25,0,0,0
walk,10.160000000000926,0.16000000000019554,-0.005869441830896147,0.005301302436249465,-0.04401935583385167,0.07637133732810733,0.010851693548107746,0.020414732523989954,0.4523188601859999,0.00035486115811932367,0.25,0,0,0
walk,10.200000000000975,0.20000000000024443,-0.006075409005507655,0.0063066610897226545,-0.044182100979972085,0.07655356030612226,0.01720591001164123,0.0257083943859841,0.7192560331684953,0.0002613067761226067,0.25,0,0,0
walk,10.240000000001023,0.2400000000002933,-0.006552639640596996,0.007414792977646309,-0.04427908339145431,0.07648079737201693,0.02201015062487841,0.026284646918568584,0.7979303155057399,0.00017828797673533246,0.25,0,0,0
walk,10.280000000001072,0.2800000000003422,-0.007404825797611215,0.007971859095961922,-0.044327250072290464,0.07627219125698503,0.02529952229811306,0.02164470748873347,0.7556986660107992,6.950183807711069e-05,0.25,0,0,0
walk,10.320000000001121,0.3200000000003911,-0.008006154180067369,0.007879520308908528,-0.04428892057376762,0.07603226385231228,0.026554209351979483,0.01286416186122359,0.6835016154660916,0.0,0.25,0,0,0
walk,10.36000000000117,0.36000000000043997,-0.0084410097485006,0.007252047495781877,-0.04412562206148404,0.07561431425448564,0.02649540792815172,0.022877196117832406,0.6131046642233308,0.0,0.25,0,0,0
walk,10.400000000001219,0.40000000000048885,-0.0081104520304343,0.006064620202048381,-0.04394252217799986,0.0752893608250916,0.024512381338841403,0.036031400759643215,0.5521007392534953,0.0,0.25,0,0,0
walk,10.440000000001268,0.44000000000053774,-0.007072641651795787,0.005375450808761592,-0.04388258528373238,0.0750400909737992,0.021390747831966175,0.03406841052875816,0.4686271886358333,0.0,0.25,0,0,0
walk,10.480000000001317,0.4800000000005866,-0.005889825304320599,0.005106115914567764,-0.043881948287405756,0.07506606840316092,0.01814271566592187,0.028478404840699315,0.4525749046587418,4.4915933523668557e-05,0.25,0,0,0
walk,10.520000000001366,0.5200000000006355,-0.005108038838866176,0.005153885125008712,-0.04390063423694989,0.07516388077469441,0.01566306910093293,0.015316399070830697,0.4749918138838876,7.564139083103324e-05,0.25,0,0,0
walk,10.560000000001414,0.5600000000006844,-0.005083417193813836,0.005363046270717686,-0.043901937146949246,0.07515931251148507,0.014547503433091476,0.008754171925594958,0.5289659016997844,9.244167701806813e-05,0.25,0,0,0
walk,10.600000000001463,0.6000000000007333,-0.005100329309296449,0.005494016324503689,-0.043884945081176484,0.075200198736634,0.0138336695732997,0.0024397821466192555,0.5468882805847076,0.00014453986826055073,0.25,0,0,0
walk,10.640000000001512,0.6400000000007822,-0.005173917767643275,0.005592001715297126,-0.04387556593858265,0.07519800308781431,0.013672278429213154,0.004919954819285079,0.5173531132382702,0.00017420222809670817,0.25,0,0,0
walk,10.680000000001561,0.680000000000831,-0.005334061337634124,0.005581666744667886,-0.04386821861322233,0.075235493873296,0.013967985954778476,0.005622353427624544,0.5000926501391737,0.00019062331723954573,0.25,0,0,0
walk,10.72000000000161,0.7200000000008799,-0.005328971899667529,0.005589534348926092,-0.043885481235108076,0.0752548033551938,0.014271429940366351,0.0021102416068683218,0.4848346710256237,0.00019466495026194185,0.25,0,0,0
walk,10.760000000001659,0.7600000000009288,-0.005363175704985239,0.005687073151018861,-0.04391546111128844,0.07522092853690002,0.014646329019167932,0.004154298538186784,0.4902065340853603,0.0001923566122527597,0.25,0,0,0
walk,10.800000000001708,0.8000000000009777,-0.005357158398833952,0.005961023277134173,-0.04395998235150025,0.07527732601308165,0.014853231386024743,0.008525617497504967,0.5148021799002876,0.000167159262179155,0.25,0,0,0
walk,10.840000000001757,0.8400000000010266,-0.005597814551501622,0.006484291269033191,-0.043992383084146325,0.07546630651872555,0.01539433833973197,0.016401607677524344,0.5580796310108899,0.00015138615129716053,0.25,0,0,0
walk,10.880000000001806,0.8800000000010755,-0.005870216685111916,0.006742375453985363,-0.043991694320700936,0.0754951108483594,0.015855590058609433,0.006810822473508093,0.5929815681669036,0.0001333736604450033,0.25,0,0,0
walk,10.920000000001854,0.9200000000011244,-0.00602818887751168,0.006797619082535339,-0.043983312433615925,0.07544175465622516,0.016193406058674063,0.0031937362825125142,0.5795558301547751,0.00014489003926805572,0.25,0,0,0
walk,10.960000000001903,0.9600000000011732,-0.006256967180153177,0.00670290357701976,-0.043957099603268435,0.07542919732652882,0.016757314309467405,0.00868058648824219,0.5335956690787871,0.0001492423162452226,0.25,0,0,0
walk,11.000000000001952,1.0000000000012221,-0.0062032785804394565,0.006501310116175981,-0.04393527254560548,0.07544558435507433,0.01695128983650489,0.007621247319309679,0.5083523724089993,0.0001638974787536636,0.25,0,0,0
walk,11.040000000002001,1.040000000001271,-0.0060301498729946725,0.006411575604795139,-0.04394000045659693,0.07546574095156355,0.01694238148080076,0.004187675658889786,0.4865682481564548,0.00016391085306857148,0.25,0,0,0
walk,11.08000000000205,1.08000000000132,-0.0059329603856657625,0.006378584291511689,-0.04395335952141755,0.0754740781680976,0.016843844351320036,0.0023488297354430513,0.4941605135313479,0.00015174102060736084,0.25,0,0,0
walk,11.120000000002099,1.1200000000013688,-0.005749712841113928,0.006456639149039314,-0.04398670682618857,0.07540625996734415,0.01640239628997833,0.007688553834713391,0.5211249032919077,0.00013297254482708872,0.25,0,0,0
walk,11.160000000002148,1.1600000000014177,-0.005887664295576108,0.006668619982152165,-0.04399460639984621,0.07532504858717198,0.016385394538253856,0.009785096169021535,0.5610572772849926,0.00012620267909625816,0.25,0,0,0
walk,11.200000000002197,1.2000000000014666,-0.006002733714429282,0.006726289008891432,-0.04397887266168132,0.07529627992968115,0.016367558626962684,0.0012987745848623813,0.5781615052791675,0.0001292591267711562,0.25,0,0,0
walk,11.240000000002246,1.2400000000015154,-0.006124643762291705,0.006688568265917682,-0.04395771077411017,0.07525458180983964,0.016557410877872283,0.004068718442555564,0.5435412353067405,0.0001446645288564933,0.25,0,0,0
walk,11.280000000002294,1.2800000000015643,-0.006136292692985005,0.006487972215032712,-0.043913678909158434,0.07525741322644926,0.016716891932449275,0.005863423100586626,0.5167343513569349,0.00016084830631444476,0.25,0,0,0
walk,11.320000000002343,1.3200000000016132,-0.00583879198999063,0.006304120499779255,-0.04390270900302823,0.07527619426734242,0.01649782061619227,0.010611530043156583,0.4791303894761656,0.00016989186619567026,0.25,0,0,0
walk,11.360000000002392,1.360000000001662,-0.005687003074329496,0.006237414964720363,-0.04391756338362406,0.07529188122702522,0.016426165799067537,0.001978077907349394,0.4738874681224885,0.0001694795597316417,0.25,0,0,0
walk,11.400000000002441,1.400000000001711,-0.005462399259186432,0.00625365506480451,-0.04394107024358005,0.07528081072092506,0.016016350618012255,0.007128081080026439,0.494325476298031,0.00014591317969329118,0.25,0,0,0
walk,11.44000000000249,1.4400000000017599,-0.00544158308768022,0.006433715937529399,-0.04398510838296398,0.07514022219720651,0.015760066728009035,0.006322429760072783,0.5352258107138429,0.00013316236690162555,0.25,0,0,0
walk,11.480000000002539,1.4800000000018088,-0.005704580982265477,0.0066115641638783175,-0.04397746203453062,0.07504304470273936,0.015905125486781524,0.008985058581171258,0.5665481246880931,0.00011898086489778912,0.25,0,0,0
walk,11.520000000002588,1.5200000000018576,-0.005821711951071683,0.006656717971136994,-0.04395756301871975,0.07500029406911556,0.015956997756426058,0.0012775404644568178,0.5601462046191203,0.00014001801207300338,0.25,0,0,0
walk,11.560000000002637,1.5600000000019065,-0.006012669361676737,0.0065413002669836625,-0.04391136880303412,0.07499483782811876,0.01629636462631213,0.008877240100460959,0.5332380433292948,0.00015201585755645808,0.25,0,0,0
walk,11.600000000002685,1.6000000000019554,-0.005903550349431184,0.006293207164619083,-0.04387751384181022,0.07500642414344214,0.016306217666863635,0.009715835558542834,0.4898958029263308,0.00017319002108303488,0.25,0,0,0
walk,11.640000000002734,1.6400000000020043,-0.005680944737520561,0.006183308588115435,-0.0438857472688979,0.07504309313031161,0.016211603971179264,0.005190890205372755,0.4662980359698969,0.00017327354997563772,0.25,0,0,0
walk,11.680000000002783,1.6800000000020532,-0.005535546043172571,0.0061571647167388485,-0.0439083029633974,0.07506791300529046,0.016062822563014372,0.002886813562937814,0.47865252304457573,0.00016319521854470868,0.25,0,0,0
walk,11.720000000002832,1.720000000002102,-0.005369633265080735,0.006312160940919371,-0.04396458028625154,0.0749750502325892,0.015705229296658678,0.008337964346109955,0.5227641528230652,0.0001406301566157111,0.25,0,0,0
walk,11.760000000002881,1.760000000002151,-0.005612936639334971,0.006613758696126305,-0.0439821445269362,0.07496468940859455,0.01590476485185812,0.013824637654574382,0.5632527420725977,0.00012988530415746912,0.25,0,0,0
walk,11.80000000000293,1.8000000000021998,-0.005779204552886264,0.0067114838694978885,-0.0439642229094508,0.07496624866212766,0.016002473541129644,0.0018694206137849308,0.5687920173648945,0.00013141580092849593,0.25,0,0,0
walk,11.840000000002979,1.8400000000022487,-0.006037382364187625,0.0066429726653513925,-0.043926228214143985,0.07493860734030416,0.016403516835188665,0.00981617355657822,0.5441697049556811,0.00014386661758471062,0.25,0,0,0
walk,11.880000000003028,1.8800000000022976,-0.006039580125077621,0.00640562872148387,-0.04387593517900068,0.07494380505908768,0.016558870939227387,0.007444791120893262,0.5063472636053931,0.00016705584150841546,0.25,0,0,0
walk,11.920000000003077,1.9200000000023465,-0.0057212689347387186,0.006255023774454475,-0.04387483278010813,0.07498875979584964,0.016335515273475584,0.00947620286498243,0.4656460218385799,0.00017204345288057384,0.25,0,0,0
walk,11.960000000003125,1.9600000000023954,-0.005588852496289303,0.006197796483461074,-0.04389670424090656,0.07502333108066081,0.016269011132407696,0.0015539259210097054,0.46920987019708216,0.00017055794849365544,0.25,0,0,0
walk,12.000000000003174,2.0000000000024443,-0.00531495096204673,0.006293523662119133,-0.04394868412370714,0.07496906956903715,0.015789937223790955,0.011583680732401834,0.5087805689259429,0.00014273599344739033,0.25,0,0,0
walk,12.040000000003223,2.040000000002493,-0.005431423262033066,0.006593816882509815,-0.04398659576675698,0.07490004361456816,0.015806337182860765,0.01320936296039734,0.551367282460672,0.00013449546079135016,0.25,0,0,0
walk,12.080000000003272,2.080000000002542,-0.005614238934549667,0.006724351035624469,-0.04397276670062058,0.07486094261679145,0.0158906456033146,0.003502184548507441,0.5726509775505756,0.00012395908850649053,0.25,0,0,0
walk,12.120000000003321,2.120000000002591,-0.005854538277612145,0.0066987372337073,-0.04394266840966929,0.07481838725687223,0.016210976721555942,0.006702656413917935,0.5533662536301498,0.0001395629592705003,0.25,0,0,0
walk,12.16000000000337,2.16000000000264,-0.005977182354060861,0.006504430448319363,-0.04388461498736181,0.07482426874567863,0.016512114977175953,0.006332960492419051,0.5198052637449345,0.0001590485149805608,0.25,0,0,0
walk,12.200000000003419,2.2000000000026887,-0.0056903781136126656,0.006287557654558796,-0.04386880437460175,0.07479940782927831,0.016296348445089762,0.01200285908239807,0.47210472666443054,0.0001722685274425022,0.25,0,0,0
walk,12.240000000003468,2.2400000000027376,-0.00553000598268603,0.006210717766149762,-0.04388724760432639,0.0748125285142398,0.016221913899726857,0.0018850552048581398,0.4659113349036288,0.00017219941388736993,0.25,0,0,0
walk,12.280000000003517,2.2800000000027865,-0.005238961433239294,0.006252186541503564,-0.04392296305693682,0.07480814751544995,0.015741766770934515,0.010049336692961411,0.49370217604669825,0.00014833593150944362,0.25,0,0,0
walk,12.320000000003565,2.3200000000028353,-0.005243793223986872,0.006479370232053772,-0.043974903995352956,0.07471268910980047,0.015561122372225875,0.008412717778076147,0.5392932930818403,0.00013604661343927333,0.25,0,0,0
walk,12.360000000003614,2.3600000000028842,-0.005526514111566471,0.0066535147749213,-0.04396741111319128,0.07463427250252928,0.015750912969374236,0.008716439170718047,0.5749798027183692,0.00011498436855206178,0.25,0,0,0
walk,12.400000000003663,2.400000000002933,-0.005690108130594736,0.006689308370196733,-0.04394347252094207,0.07459146232431371,0.01589535931548325,0.002201017886949801,0.5640433964603927,0.00013842251868858153,0.25,0,0,0
walk,12.440000000003712,2.440000000002982,-0.0058910518962576605,0.006537449232084323,-0.0438824416276535,0.0746077526734407,0.01625620712344684,0.00973541191876373,0.5314901985012714,0.00015232810203154342,0.25,0,0,0
walk,12.480000000003761,2.480000000003031,-0.005735126050552394,0.0062426552691964956,-0.04385176850905868,0.07460631422581415,0.01618422807752086,0.012058241540340051,0.47627198407069943,0.00017381568633903532,0.25,0,0,0
walk,12.52000000000381,2.5200000000030798,-0.005551929030260737,0.006135125281694158,-0.04386494922415543,0.07463148804316043,0.016133796854275687,0.003220465615459246,0.45980822902883367,0.00017385448682032077,0.25,0,0,0
walk,12.560000000003859,2.5600000000031287,-0.005309915526995972,0.006141933126161427,-0.04389485963230374,0.07466071953525334,0.01580655348440186,0.00675465118965254,0.4836442586590641,0.0001583105880694053,0.25,0,0,0
walk,12.600000000003908,2.6000000000031775,-0.005183085386545726,0.006345065650139279,-0.04395471842490158,0.07459338819685277,0.015476587583683098,0.0068124128158036056,0.5286570588877494,0.000139755904611574,0.25,0,0,0
walk,12.640000000003957,2.6400000000032264,-0.005484922746061795,0.006601207654443479,-0.04396733478812645,0.07459013403257345,0.015720406949646982,0.012758260914610384,0.574044001414736,0.0001223003167548395,0.25,0,0,0
walk,12.680000000004005,2.6800000000032753,-0.005644243086044663,0.006682991472258025,-0.04394595065337631,0.07458522678884931,0.0158203119884711,0.0015435275040725236,0.5705238267637315,0.00013434793748577666,0.25,0,0,0
walk,12.720000000004054,2.720000000003324,-0.005908095769144022,0.006576601959801802,-0.043889418914597446,0.0745951188763855,0.01623646502171627,0.011191821601519358,0.5395163450935868,0.00014566657399972836,0.25,0,0,0
walk,12.760000000004103,2.760000000003373,-0.005842237665602678,0.0062913335594935406,-0.04384527991787605,0.07461366000620932,0.016281030499642843,0.010309111479137283,0.48551526743689877,0.00017148741424425487,0.25,0,0,0
walk,12.800000000004152,2.800000000003422,-0.005580233873304971,0.006158489466337229,-0.04385307947583544,0.07466155105063221,0.016138218433986603,0.006681314440119889,0.4573263265563625,0.0001717501173208744,0.25,0,0,0
walk,12.840000000004201,2.840000000003471,-0.005396515251118008,0.006128688316962055,-0.04388016192509955,0.07470014090356451,0.015956414226409792,0.003363915270705165,0.475956050043241,0.0001660278767148667,0.25,0,0,0
walk,12.88000000000425,2.8800000000035197,-0.005192606472300033,0.006301587964959314,-0.043943684436337394,0.07465000573806677,0.015566558500051546,0.009674976226830258,0.5198343261629207,0.00014087491410037068,0.25,0,0,0
walk,12.920000000004299,2.9200000000035686,-0.005440950529093965,0.006615949216388824,-0.04397156808151908,0.07465657985849793,0.01577422905683395,0.014573221794230031,0.5657068455478234,0.00012859489276011363,0.25,0,0,0
walk,12.960000000004348,2.9600000000036175,-0.00562884077719775,0.006721227651129272,-0.04395293396942311,0.0746515362108925,0.01589135089171995,0.0021882860519181176,0.5743466822848949,0.00012946747880256446,0.25,0,0,0
walk,13.000000000004396,3.0000000000036664,-0.005930898079630846,0.006651754626771292,-0.043904731288471034,0.07463718952847602,0.016340523621196035,0.011468103463790267,0.5466414790600385,0.0001410240856254258,0.25,0,0,0
walk,13.040000000004445,3.0400000000037153,-0.0059445020452401545,0.00639195158204577,-0.04384968217929754,0.07465339034272528,0.01649117562479825,0.00832494803348458,0.4999729407807944,0.00016662307141655688,0.25,0,0,0
walk,13.080000000004494,3.080000000003764,-0.005617683838222632,0.006233179902916441,-0.043850226962313985,0.07470177117032449,0.01624908993973676,0.009675422488493584,0.45901158578801066,0.00017173998846259762,0.25,0,0,0
walk,13.120000000004543,3.120000000003813,-0.0054681404940658635,0.006176106349553867,-0.043874414870773655,0.07474606993097231,0.016149413816925647,0.0017896785974391963,0.4704702223380242,0.0001703926381213349,0.25,0,0,0
walk,13.160000000004592,3.160000000003862,-0.005188255983356316,0.00629639801018481,-0.04393311687158086,0.07470490786387154,0.015665664329386313,0.012141146365716036,0.5094309919845069,0.00014185700387275206,0.25,0,0,0
walk,13.200000000004641,3.200000000003911,-0.005330489283799998,0.006601665210505125,-0.04397495527188629,0.07466744068226014,0.01571792300541603,0.013657169775053463,0.5536146022665548,0.00013310694914931356,0.25,0,0,0
walk,13.24000000000469,3.2400000000039597,-0.005527217125123251,0.006722777615402106,-0.04396089484196622,0.07463314782540571,0.01581809847803131,0.0032869055705737715,0.5779428624095477,0.00012402746208695106,0.25,0,0,0
walk,13.280000000004739,3.2800000000040086,-0.005821724116255891,0.006690061655418762,-0.0439207127519003,0.07459221099959004,0.016224990659660467,0.009028545669211373,0.5544770374076694,0.00013814794956808777,0.25,0,0,0
walk,13.320000000004788,3.3200000000040575,-0.005926762597543227,0.006474521820095225,-0.04385774875021453,0.07462258028709469,0.01650174769094548,0.0063044541839963174,0.5127534677397577,0.00016133801170440168,0.25,0,0,0
walk,13.360000000004836,3.3600000000041064,-0.005585512142286013,0.00626491964959547,-0.04384677663005139,0.07461438581874515,0.016216594956819434,0.012471913985310968,0.46403591780620523,0.0001725964257995674,0.25,0,0,0
walk,13.400000000004885,3.4000000000041553,-0.005416988686451571,0.0061876225682521565,-0.04386866696447292,0.07463661090002803,0.016120659657072916,0.001794856320385005,0.4624474097673574,0.00017227447584001397,0.25,0,0,0
walk,13.440000000004934,3.440000000004204,-0.005096253084782651,0.006255739379329549,-0.0439151767770707,0.07462118489540331,0.015598171974860943,0.012405436624726042,0.4965684681321972,0.00014579512426312087,0.25,0,0,0
walk,13.480000000004983,3.480000000004253,-0.005144378510952882,0.006519699647416733,-0.0439682501957934,0.07455894879355453,0.015501392456461352,0.010270858604555165,0.5430086913683149,0.00013534241096451748,0.25,0,0,0
walk,13.520000000005032,3.520000000004302,-0.00541887205034473,0.006674364203364252,-0.04396144496705023,0.07448941023053948,0.01568321677090162,0.0075130057250906625,0.5829096101004868,0.00011631782196904532,0.25,0,0,0
walk,13.56000000000508,3.560000000004351,-0.005667245062978941,0.006690538995882113,-0.04392754320848849,0.07444198740456938,0.01597082946395315,0.004804063707683468,0.5649074732399759,0.00013652315544938835,0.25,0,0,0
walk,13.60000000000513,3.6000000000043997,-0.005845114100550902,0.006506033482975665,-0.04385886976262407,0.07447313409835096,0.016308635443292595,0.008408308682020952,0.5245037072595262,0.0001552374778150961,0.25,0,0,0
walk,13.640000000005179,3.6400000000044486,-0.005599780660603475,0.0062083141543547785,-0.043835861458989635,0.07444865025692458,0.01611063545271071,0.013750968988374215,0.4681000169224354,0.00017450554790313458,0.25,0,0,0
walk,13.680000000005228,3.6800000000044975,-0.005415866530225614,0.006108996608769411,-0.043854741185434594,0.07446163969988992,0.016035222301148008,0.002283874649205434,0.4563334529173686,0.00017456288975965125,0.25,0,0,0
walk,13.720000000005276,3.7200000000045463,-0.005098144282054684,0.006148383758283479,-0.043893273369395996,0.0744831088885797,0.015565128757054274,0.010264030370439122,0.4911241599289558,0.00015325273774513114,0.25,0,0,0
walk,13.760000000005325,3.760000000004595,-0.005040123937128772,0.006396254490674996,-0.04395296888275752,0.07443455716866618,0.01532736373559651,0.0074640573340045485,0.5343984561147882,0.0001386828459006194,0.25,0,0,0
walk,13.800000000005374,3.800000000004644,-0.005351194420186806,0.006612256507159832,-0.04395817675165765,0.07440931901735147,0.015562750364826088,0.010889770614523954,0.5817576727270585,0.0001146027827769095,0.25,0,0,0
walk,13.840000000005423,3.840000000004693,-0.005532882124269846,0.006672529685552706,-0.04393159989893816,0.07438225127860408,0.015713025353861976,0.0021118518104130085,0.5705689311650489,0.00013568688568293223,0.25,0,0,0
walk,13.880000000005472,3.880000000004742,-0.005782252869265464,0.006528814039502387,-0.043863510007842714,0.07441275858376922,0.016119222880722064,0.011423131041568934,0.5337021955030208,0.0001487901386891732,0.25,0,0,0
walk,13.92000000000552,3.9200000000047908,-0.005658786897602172,0.006211290380444472,-0.043826864383701064,0.0744297620719734,0.016073297493181853,0.012372138309815421,0.4719630176614697,0.00017400446398541683,0.25,0,0,0
walk,13.96000000000557,3.9600000000048396,-0.005456757484428094,0.006092010267257037,-0.04384077236211458,0.0744656694399135,0.016003879448519977,0.00404004222118943,0.4529026424913886,0.0001740986730982894,0.25,0,0,0
walk,14.000000000005619,4.0000000000048885,-0.005178486052028206,0.006101227959653413,-0.043876468387295975,0.07450438845952012,0.015646968779061313,0.0075072278875992805,0.48659759419827636,0.00016058073556348955,0.25,0,0,0
walk,14.040000000005668,4.040000000004937,-0.005033895322419067,0.00632462527333445,-0.043941711581724316,0.07445893296895846,0.015319410830375186,0.007557298210349688,0.5273603336012245,0.00014094140424925717,0.25,0,0,0
walk,14.080000000005716,4.080000000004986,-0.005359543914970759,0.006593469188515858,-0.04396035774243473,0.0744773233770994,0.01560705481721545,0.013570672160611509,0.576382684901356,0.0001215646206749966,0.25,0,0,0
walk,14.120000000005765,4.120000000005035,-0.005544951546547828,0.006685135492547574,-0.04393732997849558,0.07447581867545645,0.01574628592402226,0.0018847353483441246,0.574678965045241,0.0001330710676923037,0.25,0,0,0
walk,14.160000000005814,4.160000000005084,-0.005832945376556737,0.006578253210335488,-0.04387426900745078,0.07449209166508274,0.016190647109527466,0.012026129578616566,0.5406147769898112,0.00014367863263564705,0.25,0,0,0
walk,14.200000000005863,4.200000000005133,-0.005768732476500393,0.006278270071316023,-0.04382762969828278,0.07451407234895949,0.016224271375208512,0.010917580900179745,0.4805572004564614,0.00017104653803086463,0.25,0,0,0
walk,14.240000000005912,4.240000000005182,-0.005501960262683722,0.00614042391492434,-0.04383653461479865,0.07456181474218848,0.016070371048262606,0.006764172418705725,0.4528960753596516,0.00017165229438182507,0.25,0,0,0
walk,14.28000000000596,4.280000000005231,-0.005285436767326613,0.006115802309383878,-0.04386711715922637,0.07460449145773569,0.01583690913463918,0.004229154764265293,0.47926453791635515,0.00016544683871551617,0.25,0,0,0
walk,14.32000000000601,4.32000000000528,-0.005078458699993854,0.0063053871249474916,-0.043933333999857216,0.07456665310553735,0.015444573831659696,0.009683395314512483,0.5200713032288236,0.00014044285837132897,0.25,0,0,0
walk,14.360000000006059,4.3600000000053285,-0.0053542393086892445,0.006615134596879062,-0.04396302992115627,0.07458782588510698,0.015686161307099673,0.014778132728792477,0.5685156537470435,0.000126602741519011,0.25,0,0,0
walk,14.400000000006107,4.400000000005377,-0.005553225897980783,0.006718299914812441,-0.04394342176723618,0.07458036282971363,0.015817973494698406,0.0022182656795553175,0.5774701609638039,0.00012932393169424309,0.25,0,0,0
walk,14.440000000006156,4.440000000005426,-0.005866519382051448,0.006643557445027489,-0.04388841164711716,0.07457379800847465,0.016282317908046632,0.01206692807065664,0.54663138978785,0.000140452831798117,0.25,0,0,0
walk,14.480000000006205,4.480000000005475,-0.00586599043432711,0.006364639413122742,-0.04383230454238614,0.074595142528167,0.01640399545213602,0.009223456553315038,0.4939406486720872,0.00016726873955283736,0.25,0,0,0
walk,14.520000000006254,4.520000000005524,-0.005535814562371629,0.006203965274068032,-0.04383530687016514,0.07464657990674255,0.016160480439966988,0.009511111946116528,0.4543901858176192,0.0001714468164094263,0.25,0,0,0
walk,14.560000000006303,4.560000000005573,-0.005369529153780251,0.006149719907505632,-0.04386143862356953,0.07469087016118509,0.016033161290417982,0.0021711775444323888,0.4734785470402079,0.00016974633254157194,0.25,0,0,0
walk,14.600000000006352,4.600000000005622,-0.005093788298715182,0.006292918280628374,-0.043924255538395886,0.07465877868855621,0.015561275157019838,0.012170255961845308,0.5106128252301213,0.00014101866142937505,0.25,0,0,0
walk,14.6400000000064,4.640000000005671,-0.005263788353264076,0.006609619331467387,-0.04396614853932034,0.07464221930949304,0.015658632702161356,0.013842163052400987,0.5560529110803477,0.00013129004185903254,0.25,0,0,0
walk,14.68000000000645,4.68000000000572,-0.005473851198196263,0.006721905757139148,-0.043952346417397176,0.07461027516675041,0.015773569412022757,0.0032068560095986605,0.582349717371109,0.00012410125867620065,0.25,0,0,0
walk,14.720000000006499,4.7200000000057685,-0.005799766010232051,0.006682185505487306,-0.04390490978353512,0.07457098702248423,0.016228797443298446,0.010578656305049481,0.5544779251105764,0.0001373857743053704,0.25,0,0,0
walk,14.760000000006547,4.760000000005817,-0.0058863202222336685,0.006443672441665915,-0.04383925013277924,0.07461026083232458,0.01647289991867193,0.007004546694897121,0.507006561917804,0.00016300318119457657,0.25,0,0,0
walk,14.800000000006596,4.800000000005866,-0.005521671446276407,0.006236801680576844,-0.043831937905003004,0.0746127248027055,0.016159504049472296,0.012479539819497265,0.45804738444754306,0.00017281131900623545,0.25,0,0,0
walk,14.840000000006645,4.840000000005915,-0.005344040135457926,0.006161404778764584,-0.043856111454101135,0.07463960982428065,0.01604440161864834,0.0018187807825153733,0.4661539184292864,0.00017232748997064002,0.25,0,0,0
walk,14.880000000006694,4.880000000005964,-0.0050126995352374245,0.006251847299624625,-0.043910140999613045,0.07461570224793183,0.015507932181233197,0.013304867009126885,0.49872039475701424,0.0001443118080097055,0.25,0,0,0
walk,14.920000000006743,4.920000000006013,-0.005089261488063495,0.006546837365880611,-0.043962274708822954,0.07457595886759946,0.015468445503620625,0.011489508973892754,0.5461344663757929,0.00013478978919584882,0.25,0,0,0
walk,14.960000000006792,4.960000000006062,-0.00535277467871772,0.006689233236864275,-0.04395595551644028,0.07451341816176277,0.01563436685665568,0.006572656056906201,0.5875927450218082,0.00011733540337931987,0.25,0,0,0
walk,15.00000000000684,5.000000000006111,-0.005660168226906142,0.0066896867665130946,-0.0439137911019988,0.07446121929629294,0.01601506860209228,0.0073431917226473385,0.5641630309070825,0.00013532007363730044,0.25,0,0,0
walk,15.04000000000689,5.0400000000061596,-0.005821406383766847,0.00648234930467386,-0.043841814737915326,0.07450460878700667,0.016330486627905597,0.007456482710524037,0.5177050716075454,0.00015792267245075736,0.25,0,0,0
walk,15.080000000006939,5.080000000006208,-0.005511105008838698,0.006207250301849582,-0.04382345978285702,0.07448110340352176,0.016052459534026384,0.014332262974917194,0.4618947251871646,0.0001751371356962148,0.25,0,0,0
walk,15.120000000006987,5.120000000006257,-0.005317006884248608,0.006113219924443162,-0.04384555856633594,0.07449418541409485,0.015947260286866712,0.0020516981805905506,0.45491622916550084,0.00017513278237479818,0.25,0,0,0
walk,15.160000000007036,5.160000000006306,-0.004965415794614922,0.006171708397177914,-0.043890958904868924,0.07450419291772509,0.015417938929717396,0.012293495443166286,0.4944510301150493,0.0001504565167207825,0.25,0,0,0
walk,15.200000000007085,5.200000000006355,-0.004955657017291253,0.006448280870165089,-0.0439505777376653,0.07447072611431162,0.015263079152994456,0.009088523027423938,0.537585346948002,0.00013792235573920314,0.25,0,0,0
walk,15.240000000007134,5.240000000006404,-0.005271600677879456,0.006630192459535774,-0.04395247260818464,0.07441161128705584,0.015497904611716984,0.009658771558773175,0.58525237234214,0.00011205476628591739,0.25,0,0,0
walk,15.280000000007183,5.280000000006453,-0.005501100927701959,0.006673962528352082,-0.04391975137375758,0.07436477319747374,0.01573443711263681,0.0033849957917658864,0.5702327913812212,0.00013550886953026854,0.25,0,0,0
walk,15.320000000007232,5.320000000006502,-0.005725362402994799,0.006507201050267392,-0.043847243507760925,0.07440288517590983,0.016115868861735064,0.010347685452863221,0.5283218597246814,0.00015163875675623716,0.25,0,0,0
walk,15.36000000000728,5.360000000006551,-0.005543028952625571,0.0061809771482159446,-0.04381718545174219,0.07440704151542911,0.01598698494688296,0.013523535715871546,0.4671505920343703,0.00017480302966785453,0.25,0,0,0
walk,15.40000000000733,5.4000000000065995,-0.0053596498295799214,0.006069102281141313,-0.04383481793576574,0.07443239394853686,0.01593047420157445,0.002669689043637326,0.45130541737056684,0.00017484578165841779,0.25,0,0,0
walk,15.440000000007378,5.440000000006648,-0.0050403088473687475,0.006102270654482403,-0.04387440281287416,0.07446571907228275,0.015490299860330445,0.009884042828934975,0.49268703944457437,0.0001565978566218821,0.25,0,0,0
walk,15.480000000007427,5.480000000006697,-0.00493516469616441,0.006355966804673913,-0.04393828186546591,0.07443094958855341,0.015209553785462786,0.0076624831337649526,0.5306039120843041,0.0001401943630154475,0.25,0,0,0
walk,15.520000000007476,5.520000000006746,-0.0052611857698399754,0.006594496366102359,-0.04395189138571108,0.07443027737486549,0.015476555487388096,0.012149494717333046,0.5800831385271499,0.00011653221465365457,0.25,0,0,0
walk,15.560000000007525,5.560000000006795,-0.005448088444116642,0.006671859511453281,-0.04392540707424932,0.07441126372782297,0.015626908564264113,0.0019252235734633291,0.5742480548904026,0.00013446823923338235,0.25,0,0,0
walk,15.600000000007574,5.600000000006844,-0.00572502694111849,0.0065440450644264955,-0.043855767081638214,0.07444168498103185,0.01606288085368023,0.012282947925917675,0.5356949956144451,0.00014599286933376105,0.25,0,0,0
walk,15.640000000007623,5.640000000006893,-0.005629728050941997,0.006224944834316922,-0.04381415204425357,0.0744689263690968,0.016047333018722583,0.01211010139513051,0.47121857260973427,0.00017315064927871777,0.25,0,0,0
walk,15.680000000007672,5.680000000006942,-0.005401645908091358,0.006096881723067814,-0.04382698433384272,0.07451240690469875,0.01594328121275525,0.005136863500967961,0.4496727807470145,0.00017330277692232768,0.25,0,0,0
walk,15.72000000000772,5.720000000006991,-0.00512416168956629,0.00609754443125453,-0.043863400418905435,0.0745557631232893,0.015602373527537301,0.006870345117889446,0.485811137685538,0.00016252560339041248,0.25,0,0,0
walk,15.76000000000777,5.7600000000070395,-0.004955584814435373,0.006319569061084125,-0.04393081939318299,0.07451724358388048,0.015257350326412582,0.008229424618774607,0.5245326911510544,0.0001409908127464756,0.25,0,0,0
walk,15.800000000007818,5.800000000007088,-0.00529054030519517,0.006601726184948675,-0.043954749569351005,0.07454717631042596,0.015568636375412562,0.014431315045656817,0.5749558975622376,0.00012260349386428393,0.25,0,0,0
walk,15.840000000007867,5.840000000007137,-0.005490865357953176,0.0066978523356421285,-0.04393233038928333,0.07454126360159381,0.015720183652719474,0.00201523850235816,0.578460145988046,0.00013165545970735944,0.25,0,0,0
walk,15.880000000007916,5.880000000007186,-0.0057930099498437835,0.006601281939137334,-0.04386806598489728,0.07455253015241868,0.016177313574865137,0.012295208828764679,0.5426524225147473,0.0001421435162592924,0.25,0,0,0
walk,15.920000000007965,5.920000000007235,-0.005743278353048831,0.006297179761743659,-0.04381694251215412,0.07457663395887408,0.016222824414467527,0.010812990414983467,0.4816811086328486,0.0001702001421501908,0.25,0,0,0
walk,15.960000000008014,5.960000000007284,-0.005447981968223399,0.006148140908778087,-0.043824705773106605,0.07462709627670114,0.016029091583692985,0.007810231419728281,0.450063139126695,0.0001711361690101162,0.25,0,0,0
walk,16.00000000000806,6.000000000007331,-0.005236052262624286,0.006114688624208424,-0.04385531925994646,0.07467261818861551,0.015813823697327832,0.0036734900213215706,0.4787325106174327,0.00016702300791574516,0.25,0,0,0
walk,16.040000000007968,6.040000000007238,-0.005004004130518046,0.006300387026235776,-0.043922755387610556,0.0746407228319292,0.01539813811380391,0.010698186551253309,0.5167572033066303,0.0001403916676901241,0.25,0,0,0
walk,16.080000000007875,6.080000000007145,-0.005259594682233818,0.00663195951877218,-0.04395537943243994,0.07466186778446306,0.015625854537841818,0.015191494896849116,0.5660606218814478,0.0001274709351025245,0.25,0,0,0
walk,16.12000000000778,6.120000000007051,-0.005470021054588869,0.0067367032546555876,-0.04393671130511103,0.07465291166918593,0.01576512014283183,0.002388632147491516,0.5791989223387364,0.0001275665249057146,0.25,0,0,0
walk,16.160000000007688,6.160000000006958,-0.0057985652253041186,0.0066653925052085,-0.043881504616291804,0.07463998856463981,0.016241458906816726,0.012427904827549666,0.5474300202817077,0.00013912319719497373,0.25,0,0,0
walk,16.200000000007595,6.200000000006865,-0.005816953047546716,0.00637841478515928,-0.043822071742016716,0.07466019976094518,0.016378121108683526,0.009210217676573332,0.49438429244248305,0.00016632944884366888,0.25,0,0,0
walk,16.2400000000075,6.240000000006772,-0.005469766043250252,0.006202170171406687,-0.04382352351787514,0.07469990611747523,0.016103608467175057,0.010338840387455858,0.4518155054591431,0.00017194057335566152,0.25,0,0,0
walk,16.28000000000741,6.2800000000066785,-0.005297854921470081,0.006142244851849274,-0.043850168006318975,0.0747425077161595,0.015972103475912203,0.0020470856405545887,0.4733622481289155,0.0001707966995732468,0.25,0,0,0
walk,16.320000000007315,6.320000000006585,-0.005001971781318436,0.006282312047990545,-0.04391330305635776,0.07471435331741143,0.015477030674069803,0.012895942572627083,0.5072838507816598,0.0001414585552360515,0.25,0,0,0
walk,16.360000000007222,6.360000000006492,-0.005154145330581987,0.0066097267621566,-0.04395774227143727,0.07469740986480741,0.015555957261528669,0.013652848263562415,0.5537737349353747,0.00013184371751716453,0.25,0,0,0
walk,16.40000000000713,6.400000000006399,-0.005380520480445673,0.006726164674441265,-0.04394557767251191,0.07466198751888048,0.015686915956382882,0.0038200871119293896,0.5847861838653757,0.0001223473890597602,0.25,0,0,0
walk,16.440000000007036,6.440000000006306,-0.005720434507082284,0.006689199960602403,-0.04389622996226279,0.07462002839098979,0.01614985416462895,0.010685934955253584,0.5555015132526523,0.00013647132893407845,0.25,0,0,0
walk,16.480000000006942,6.480000000006212,-0.0058179956713952825,0.006445077234519691,-0.043827978254580305,0.07466258002617879,0.016395957914763847,0.007195318914441281,0.5059188722598916,0.00016273775395446056,0.25,0,0,0
walk,16.52000000000685,6.520000000006119,-0.005442166264576503,0.006224909035981209,-0.04381977226750494,0.07465367992198342,0.016058895653010215,0.013076586952054771,0.4553621279614686,0.00017352631384649045,0.25,0,0,0
walk,16.560000000006756,6.560000000006026,-0.005254943572632178,0.006145624370461073,-0.04384467573779194,0.07467656319669394,0.01593208334674849,0.0018647209171074896,0.4655122224548823,0.00017311195666902779,0.25,0,0,0
walk,16.600000000006663,6.600000000005933,-0.004914197473259241,0.006238223190968997,-0.04389990526662103,0.07465792535189998,0.015390846385623998,0.013633630382774898,0.4969487904924199,0.00014516222987479423,0.25,0,0,0
walk,16.64000000000657,6.6400000000058395,-0.00498732990133972,0.006545833300694713,-0.043953489467044006,0.07462907828153173,0.015359803941983087,0.011751838180355675,0.5449155481848907,0.00013516140965185428,0.25,0,0,0
walk,16.680000000006476,6.680000000005746,-0.005264416954454942,0.006691473131984058,-0.04394862494390952,0.0745670666283794,0.01554536618252354,0.0069000163920431646,0.5874911902323086,0.00011669399691477407,0.25,0,0,0
walk,16.720000000006383,6.720000000005653,-0.005583793547173523,0.0066934352447277955,-0.043904731079203306,0.07451240209350668,0.015939350659382408,0.007583211238347687,0.5646011662487341,0.00013498116913095875,0.25,0,0,0
walk,16.76000000000629,6.76000000000556,-0.0057522143149267005,0.006483278713783466,-0.043831285989336354,0.07455932999301985,0.01625832672314469,0.00762492558928304,0.5162418370122773,0.00015795433891732237,0.25,0,0,0
walk,16.800000000006197,6.800000000005467,-0.005440257475952638,0.006201497808864693,-0.04381300952703166,0.07453681903429529,0.015972292328182012,0.014580435765628688,0.4596070657780042,0.00017579523373556117,0.25,0,0,0
walk,16.840000000006103,6.840000000005373,-0.005242499107187057,0.0061061474871420655,-0.043835735347097324,0.07454979480327846,0.015860858544873513,0.002058194311460002,0.45512741033295373,0.0001757978067960129,0.25,0,0,0
walk,16.88000000000601,6.88000000000528,-0.00488302799232202,0.0061682012399773955,-0.043882554161022595,0.07456043541346419,0.015324208410241558,0.012651009404358652,0.49595324735271423,0.00015072549647099297,0.25,0,0,0
walk,16.920000000005917,6.920000000005187,-0.0048737041179668416,0.006455735223700553,-0.04394279463051071,0.07453674794700937,0.015180448682399688,0.009459458510491897,0.5368391262550972,0.00013819133720168597,0.25,0,0,0
walk,16.960000000005824,6.960000000005094,-0.005196103546871058,0.006637389827138676,-0.043945830931282945,0.07447974952072635,0.015425967460261222,0.009792396595109353,0.5851291597613238,0.00011185714772477448,0.25,0,0,0
walk,17.00000000000573,7.0000000000050004,-0.005438073472313823,0.006680506925990693,-0.0439114028343832,0.07442946175143081,0.015681065699140757,0.0036407342820054607,0.5707919927755543,0.00013539686816955432,0.25,0,0,0
walk,17.040000000005637,7.040000000004907,-0.0056638580714408904,0.006510459220326916,-0.04383730427721289,0.0744687829469499,0.01606211599991841,0.010356301106774346,0.5267266053194356,0.00015185230094326262,0.25,0,0,0
walk,17.080000000005544,7.080000000004814,-0.005474741211531292,0.006177989210542013,-0.04380776937360784,0.07447198574681334,0.01591786930121829,0.013791997162854503,0.46492242411216295,0.00017513935132567102,0.25,0,0,0
walk,17.12000000000545,7.120000000004721,-0.005288808929151328,0.006065134148215224,-0.04382619235307363,0.07449631919172624,0.01585487633104673,0.0026561373054894044,0.44914552617715325,0.00017533835970931283,0.25,0,0,0
walk,17.160000000005358,7.1600000000046276,-0.004957238979556881,0.006102928592544774,-0.04386721872931135,0.07452915316128722,0.015397679950708502,0.010362561078623557,0.4943394481426158,0.00015652873289532984,0.25,0,0,0
walk,17.200000000005264,7.200000000004534,-0.004855699244347469,0.006367467514751367,-0.04393141347181748,0.07450100375120401,0.01512982833907205,0.00797347661098538,0.5301760849098961,0.0001403692646228548,0.25,0,0,0
walk,17.24000000000517,7.240000000004441,-0.005184471347975071,0.006606574247539669,-0.04394442450871652,0.07450361678183663,0.015404279600725128,0.012119784540112085,0.580278049420115,0.00011562355414852398,0.25,0,0,0
walk,17.280000000005078,7.280000000004348,-0.005380082504705427,0.006681583858075812,-0.04391673162729486,0.0744812887452309,0.015571572509187944,0.0020775907220079025,0.5741092143048377,0.0001345123039936451,0.25,0,0,0
walk,17.320000000004985,7.320000000004255,-0.005654773749130552,0.006545574465755341,-0.04384491605724265,0.07451270933346221,0.01600221996440151,0.012332514330820906,0.5335256866771809,0.00014637216703615392,0.25,0,0,0
walk,17.36000000000489,7.360000000004161,-0.005549444664640715,0.0062134793928792665,-0.04380434976228696,0.07453631875572989,0.015963376158790305,0.012597621533436007,0.46833088265660744,0.00017366994523693933,0.25,0,0,0
walk,17.4000000000048,7.400000000004068,-0.005327063097525701,0.006084530204587902,-0.04381830949073878,0.07457688013110025,0.01586368615357054,0.004831521098056899,0.44715459284014286,0.0001740443940851895,0.25,0,0,0
walk,17.440000000004705,7.440000000003975,-0.005030224023788394,0.00609233180937621,-0.043856682586023474,0.0746201093097082,0.015491296109957104,0.007692214310673784,0.48838792631200634,0.00016211793936413903,0.25,0,0,0
walk,17.480000000004612,7.480000000003882,-0.004867478679145736,0.0063263408481209525,-0.04392471662444435,0.07458192115696415,0.015156998653580087,0.008204750328574595,0.524596295729925,0.00014137578544871652,0.25,0,0,0
walk,17.52000000000452,7.5200000000037885,-0.005209231755229932,0.0066086173827651345,-0.043946949018581996,0.07461516111708211,0.015479085329390307,0.014347740818367713,0.5759367451794799,0.0001215121803403835,0.25,0,0,0
walk,17.560000000004425,7.560000000003695,-0.005413325132228441,0.006703927054360227,-0.04392304427085679,0.07461112430285459,0.01564369830435425,0.0020486076439323797,0.5774993595334768,0.00013207443600892778,0.25,0,0,0
walk,17.600000000004332,7.600000000003602,-0.005714918831752807,0.006595546823482161,-0.043855472994164243,0.07462537057086924,0.016098472164249384,0.01253417366317382,0.5397171361386817,0.00014274225962673015,0.25,0,0,0
walk,17.64000000000424,7.640000000003509,-0.005650992311436193,0.0062748933153280295,-0.043806339209954935,0.07464568585001377,0.016113469010292626,0.011528026372291514,0.47599869859259986,0.00017153072137572224,0.25,0,0,0
walk,17.680000000004146,7.680000000003416,-0.00536885824461062,0.006127358766104917,-0.043815904210516586,0.0746922771555506,0.01593459274683717,0.007217207409436049,0.4472442851887,0.00017229065620882786,0.25,0,0,0
walk,17.720000000004053,7.720000000003322,-0.005128800308561515,0.006104098159434215,-0.04384935753328099,0.07473783924687401,0.015670026563191657,0.004670362862952723,0.4819705040257309,0.00016631613711808125,0.25,0,0,0
walk,17.76000000000396,7.760000000003229,-0.004910500579742446,0.006306649343169934,-0.043917853351159684,0.07470259218927082,0.0152723701828659,0.010105362243248315,0.5180596069302708,0.0001408272892981687,0.25,0,0,0
walk,17.800000000003866,7.800000000003136,-0.0051980357942448445,0.006632048070891678,-0.04394814013340999,0.07473515420020867,0.015542344150272341,0.015385593153912955,0.5688301822013436,0.0001260379394876546,0.25,0,0,0
walk,17.840000000003773,7.840000000003043,-0.005412323140211585,0.006736339162512688,-0.04392771562296887,0.07473179339715189,0.015697596220910683,0.002292993657672414,0.5787133071508277,0.00012870933037075087,0.25,0,0,0
walk,17.88000000000368,7.8800000000029495,-0.00573701444825723,0.006652384645401996,-0.04386742946280505,0.07472760825921551,0.0161696100002002,0.012606219112450748,0.544769466176945,0.0001401790211297538,0.25,0,0,0
walk,17.920000000003586,7.920000000002856,-0.005727441022004983,0.006346025093831751,-0.043810527027881616,0.07474301427741357,0.01625707626236125,0.010167356582447534,0.4871366205901311,0.00016853652006522984,0.25,0,0,0
walk,17.960000000003493,7.960000000002763,-0.005390955725544809,0.006177360636737982,-0.043815213967214474,0.07478784415627625,0.0160006677785066,0.009557847605234805,0.44845216906920865,0.00017188076446339023,0.25,0,0,0
walk,18.0000000000034,8.00000000000267,-0.005205846014966139,0.006125696768346333,-0.043843680969199675,0.07483175094155117,0.015840337690195192,0.002545816795394282,0.47631300412597133,0.0001701710836435418,0.25,0,0,0
walk,18.040000000003307,8.040000000002577,-0.004930140775599458,0.006289530232233667,-0.04391006902398018,0.07480333103281035,0.015375464090838903,0.01234257787346687,0.510010161321833,0.00014118867426182364,0.25,0,0,0
walk,18.080000000003214,8.080000000002483,-0.005124215452322339,0.0066337372676638275,-0.04395030597086844,0.07480174162110169,0.015525239968037773,0.014714341328943633,0.5583483574576641,0.00013030734451445678,0.25,0,0,0
walk,18.12000000000312,8.12000000000239,-0.005346241660804293,0.006746790073250027,-0.043934302656612745,0.07478031383706099,0.015665384487185817,0.003163086196916892,0.581960391452893,0.00012433219610357593,0.25,0,0,0
walk,18.160000000003027,8.160000000002297,-0.005696549983601923,0.006690874734150549,-0.0438810536285649,0.07475010449728388,0.016153725563270264,0.01204319160889684,0.5507964531457339,0.00013722786368032335,0.25,0,0,0
walk,18.200000000002934,8.200000000002204,-0.005760181008613354,0.006416145384215704,-0.04381587054870649,0.07477628771635715,0.01634445020067072,0.008324240107885898,0.4984818544586396,0.0001646434621718933,0.25,0,0,0
walk,18.24000000000284,8.24000000000211,-0.005390237640139109,0.0062104937678197514,-0.04381259451137046,0.07478293685390797,0.01602154280449514,0.011988342031002882,0.4509351015157265,0.0001732013704808105,0.25,0,0,0
walk,18.280000000002747,8.280000000002017,-0.0052073879874846235,0.006139708166202102,-0.04383886202718569,0.0748159835562449,0.01588522798923181,0.0019027888820246357,0.47040824803348674,0.000172677434617076,0.25,0,0,0
walk,18.320000000002654,8.320000000001924,-0.0048789024350556435,0.006260332568680536,-0.043899681505516056,0.0747930154236168,0.01535441102577241,0.013822798062898172,0.5004960713025792,0.00014363073364872934,0.25,0,0,0
walk,18.36000000000256,8.36000000000183,-0.004990090604621919,0.0065916397781548425,-0.043949352090628405,0.07477116400030394,0.015385947195353945,0.013103672023849008,0.548673028839353,0.00013390929958097272,0.25,0,0,0
walk,18.400000000002468,8.400000000001738,-0.005246558018806467,0.00672397780314968,-0.043940330281463644,0.07472534123977619,0.015553489559930212,0.005381854420973923,0.5864467618233985,0.00011939168557395902,0.25,0,0,0
walk,18.440000000002374,8.440000000001644,-0.0055964332038291095,0.006701544049368608,-0.043891378046638105,0.07467647809183056,0.016009938370171665,0.009801763524214519,0.5590143532696598,0.00013544165623086184,0.25,0,0,0
walk,18.48000000000228,8.480000000001551,-0.005727209428002553,0.006465058883479891,-0.043819367864658766,0.07472586240740353,0.01628406811818678,0.0072071631755134345,0.5081255723480274,0.00016140228643985913,0.25,0,0,0
walk,18.520000000002188,8.520000000001458,-0.005359509108381045,0.006213392629671303,-0.043807265823547555,0.07470360970337281,0.015937789094077667,0.014195487384098331,0.45425481556992126,0.00017517244705538823,0.25,0,0,0
walk,18.560000000002095,8.560000000001365,-0.005160881464528201,0.006125006295861106,-0.04383216250186842,0.07471875371341419,0.015804251080900847,0.0019334443841289954,0.4616973421533968,0.00017496706047916597,0.25,0,0,0
walk,18.600000000002,8.600000000001272,-0.004803585777836793,0.006208309223709622,-0.04388570391300611,0.07471180607487556,0.015255795746996205,0.013887645549141011,0.4982754701986405,0.0001478653478310756,0.25,0,0,0
walk,18.64000000000191,8.640000000001178,-0.00484816151252104,0.006521376977374032,-0.0439430171025572,0.07469274516918711,0.015198856586022429,0.01131678073413415,0.5411381183248726,0.0001367965380981251,0.25,0,0,0
walk,18.680000000001815,8.680000000001085,-0.005150597747114021,0.006682567744906293,-0.04394054336475195,0.07463032307607873,0.015422141301911812,0.008135158117692888,0.586974066585415,0.0001147954832052419,0.25,0,0,0
walk,18.720000000001722,8.720000000000992,-0.005462629100875151,0.006696895371193571,-0.043897971614216026,0.07457477703626737,0.01579498749138294,0.00662737747092018,0.5664041631498168,0.000134870512294995,0.25,0,0,0
walk,18.76000000000163,8.760000000000899,-0.005654447790420571,0.006492484308785124,-0.043822937444708415,0.07462271707480282,0.01613416154800996,0.008503608139825205,0.5176596830416651,0.00015655055685294644,0.25,0,0,0
walk,18.800000000001535,8.800000000000805,-0.005374740343502282,0.006181953337085634,-0.04380204786370544,0.07460161042811411,0.015874842951597776,0.014800716937787155,0.4587309548445559,0.00017690707806061946,0.25,0,0,0
walk,18.840000000001442,8.840000000000712,-0.005175794212200234,0.0060805194026558925,-0.043824394728925756,0.0746138286291866,0.015769849348844314,0.002197527057930764,0.4527812337756392,0.0001769621920086242,0.25,0,0,0
walk,18.88000000000135,8.880000000000619,-0.00481216764269193,0.006139105936199446,-0.04387040027944217,0.07463243247294525,0.01524016869873265,0.012321270624181046,0.4972770635429249,0.00015295226382619067,0.25,0,0,0
walk,18.920000000001256,8.920000000000526,-0.004775889991748092,0.006432304512387971,-0.04393232606821743,0.07461775992222776,0.015068088177022751,0.00921734662357371,0.533949159764532,0.00013946798855618396,0.25,0,0,0
walk,18.960000000001163,8.960000000000433,-0.005104547162096794,0.006636617256512767,-0.0439380760247491,0.07458629306811064,0.01533134141550177,0.01056026297011597,0.5835705805434989,0.00011076121530847307,0.25,0,0,0
walk,19.00000000000107,9.00000000000034,-0.005336643300328935,0.006688637460890216,-0.04390471625269472,0.07454265463411455,0.01556788458575497,0.003121410341384629,0.5710061471368186,0.00013553286761200823,0.25,0,0,0
walk,19.040000000000976,9.040000000000246,-0.005577648107311197,0.006521352119766061,-0.04382978930264124,0.07458088246914875,0.01596027966566383,0.01113213238875883,0.5268892195512198,0.00015069693646859917,0.25,0,0,0
walk,19.080000000000883,9.080000000000153,-0.005411440079129068,0.006175331831817661,-0.043797646210318945,0.07458841450218319,0.015836202077080634,0.013746156946739646,0.46319184664793384,0.0001756708831824771,0.25,0,0,0
walk,19.12000000000079,9.12000000000006,-0.005224427076971809,0.006056993454555522,-0.043815584377363666,0.07461562067817946,0.01577602433473261,0.002887722732554536,0.4460761687580282,0.00017593236467915163,0.25,0,0,0
walk,19.160000000000696,9.159999999999966,-0.004890090040575067,0.006092571635186854,-0.04385749025198439,0.07465117168742018,0.015326505149073865,0.010262057139384806,0.4954710541651297,0.00015825230456980268,0.25,0,0,0
walk,19.200000000000603,9.199999999999873,-0.004771982751850141,0.006361882433945192,-0.04392352355221343,0.07462461605634661,0.015047540766610098,0.008228164588285873,0.5282400754145936,0.0001413621293503856,0.25,0,0,0
walk,19.24000000000051,9.23999999999978,-0.005107052396714969,0.006617366788732123,-0.043938220634837606,0.07464200446307957,0.015342375100932878,0.012721363868408248,0.5795133601662439,0.00011659424913440508,0.25,0,0,0
walk,19.280000000000417,9.279999999999687,-0.005312675929166374,0.0066978916453377495,-0.043910120598912326,0.07462616314117426,0.015525734859340735,0.002201005261610265,0.5741269648486389,0.00013414320406809058,0.25,0,0,0
walk,19.320000000000324,9.319999999999593,-0.005594586042774303,0.006558745878955606,-0.043837068793901084,0.07465425056540485,0.01595902547232259,0.012591424151616404,0.5325562139177524,0.00014591321131703425,0.25,0,0,0
walk,19.36000000000023,9.3599999999995,-0.005490085778110447,0.006214159783222178,-0.04379578958834571,0.07467201959850438,0.015908688250929757,0.012896748661435116,0.46643806687025324,0.00017431660256579976,0.25,0,0,0
walk,19.400000000000137,9.399999999999407,-0.005261440444719787,0.00608043270703382,-0.04381003178173341,0.0747101084360656,0.01579762571044521,0.005024142254479668,0.444612717507805,0.00017479049314899134,0.25,0,0,0
walk,19.440000000000044,9.439999999999314,-0.0049552750379357816,0.006089311418918291,-0.0438495789369915,0.07475326129410745,0.015415022253958261,0.007903059240992927,0.48963206378736585,0.00016296583256209934,0.25,0,0,0
walk,19.47999999999995,9.47999999999922,-0.004786692216065602,0.006329731788726324,-0.04391855589090885,0.07471405746563739,0.01508007359495951,0.008468044831038987,0.5235099554078696,0.0001420049233069476,0.25,0,0,0
walk,19.519999999999857,9.519999999999127,-0.005133345091877157,0.0066200492095341195,-0.04394089478074371,0.07475285516239735,0.015415909625028286,0.014617643908603123,0.5757646385732115,0.00012163204567493952,0.25,0,0,0
walk,19.559999999999764,9.559999999999034,-0.005344445983809901,0.006717548220318388,-0.04391609660615632,0.0747510954356845,0.0155945710469135,0.002128179926729252,0.5770523848311414,0.00013201686366352163,0.25,0,0,0
walk,19.59999999999967,9.599999999998941,-0.005648398321396716,0.006602816176530033,-0.0438466222969608,0.07476333008565915,0.016047930368503556,0.012716368221760832,0.5379888920804821,0.00014303981657369416,0.25,0,0,0
walk,19.639999999999578,9.639999999998848,-0.00557853048239114,0.006268419352991784,-0.04379778025442665,0.07477708588858835,0.016042816882803332,0.011990094755697291,0.47272157001753484,0.00017244883092098627,0.25,0,0,0
walk,19.679999999999485,9.679999999998754,-0.005296719995284162,0.006118190260257485,-0.043808115955767765,0.07481975876683057,0.015860989040787622,0.0071291109498366105,0.4446845185704882,0.00017318644678091321,0.25,0,0,0
walk,19.71999999999939,9.719999999998661,-0.005040392256620293,0.006099225933841039,-0.04384329053816272,0.07486500406636905,0.015570947804283575,0.005190184632499335,0.48396518721407006,0.00016662964936383506,0.25,0,0,0
walk,19.759999999999298,9.759999999998568,-0.0048230483755012776,0.0063110897809017345,-0.04391263463764044,0.0748267700020621,0.015178149920263326,0.010027414704598638,0.5178123255652909,0.0001414886710012814,0.25,0,0,0
walk,19.799999999999205,9.799999999998475,-0.005123810766831535,0.006639279787393547,-0.04394202980061809,0.07486309437628014,0.015470208252823175,0.015605897650115335,0.5696403695588997,0.00012567932763316052,0.25,0,0,0
walk,19.83999999999911,9.839999999998382,-0.005343118971697167,0.006744607927157354,-0.04392052913671785,0.07486276692149911,0.01563843018133269,0.0022941750718531127,0.5782630425047502,0.00012909245415274536,0.25,0,0,0
walk,19.87999999999902,9.879999999998288,-0.005668717319258762,0.006651936859417919,-0.04385728022928737,0.07485927953055307,0.016108602264771562,0.012796022214071083,0.5429640415012794,0.0001407635815423128,0.25,0,0,0
walk,19.919999999998925,9.919999999998195,-0.005646637007442816,0.006330472706353493,-0.04380131033403933,0.07486921076881455,0.01616751043899565,0.010779759495676715,0.482547761955924,0.0001698988784306447,0.25,0,0,0
walk,19.959999999998832,9.959999999998102,-0.0053148477535503785,0.006161331338056734,-0.04380736002949796,0.07491052181475735,0.015915339395711107,0.009247790071921027,0.44564989796083526,0.00017212368358062146,0.25,0,0,0
walk,19.99999999999874,9.999999999998009,-0.005115399403185797,0.006114754893390768,-0.04383744918523382,0.0749542235792155,0.015728129053098578,0.0028909832009216905,0.47828256978455624,0.00017021282173137407,0.25,0,0,0
turn,20.039999999998646,0.03999999999990678,-0.007346793870558058,0.003186629781826787,-0.04353690033270814,0.08535480918032128,0.016428826615483855,0.13015795953480794,1.0,0.00021605267106143786,0,0,0.6,0
turn,20.079999999998552,0.07999999999981355,-0.01078863000545608,0.0032582405409759116,-0.04339060488805092,0.09930642833630786,0.01696498852723078,0.05386471494280133,1.0,0.00021637872022745727,0,0,0.6,0
turn,20.11999999999846,0.11999999999972033,-0.010909184592623963,0.004061494983265344,-0.04330361185776893,0.1116334696072569,0.009764786735639052,0.029959222278584115,0.6579918639137493,0.00015263835275626994,0,0,0.6,0
turn,20.159999999998366,0.1599999999996271,-0.009742084016335573,0.0037162241762719495,-0.043253038831629044,0.12146135142716695,0.00041184176947648907,0.03386065794193075,0.5573493883384774,7.364677849147736e-05,0,0,0.6,0
turn,20.199999999998273,0.19999999999953388,-0.007899184811142459,0.0023726788643026937,-0.043301560461549836,0.12819919998448634,0.010510073449632354,0.06556315798704404,0.5940095324693629,7.802878339177561e-05,0,0,0.6,0
turn,20.23999999999818,0.23999999999944066,-0.005637537996029738,0.0010040922552286614,-0.04339784138680473,0.13284678765894292,0.018850180604469812,0.05723835704253685,0.7616321259407183,0.00017595429638451735,0,0,0.6,0
turn,20.279999999998086,0.27999999999934744,-0.004033892097823647,0.00026948670487115,-0.043501070410455756,0.1359587214741139,0.023173132805300582,0.028701706466217586,0.7965145430738456,0.0003842030444842044,0,0,0.6,0
turn,20.319999999997993,0.3199999999992542,-0.0034986457246129112,0.0002717122917679182,-0.04360548641053649,0.13790282428584208,0.023541741984559685,0.0059399285812676405,0.723380326846288,0.0004684512956544206,0,0,0.6,0
turn,20.3599999999979,0.359999999999161,-0.003727366875087854,0.0008725356261099794,-0.04366762142422825,0.13950106173444599,0.02162502582160908,0.024061319296381358,0.6024916943826698,0.00047064957416124455,0,0,0.6,0
turn,20.399999999997807,0.39999999999906777,-0.004421131417621483,0.001865475549555687,-0.04368004895850821,0.1413602108953871,0.018828867540790887,0.03143724479945565,0.5062428666199652,0.00042877013773140763,0,0,0.6,0
turn,20.439999999997713,0.43999999999897454,-0.005165630410055589,0.002783254774372994,-0.04368322145170376,0.14339703616978355,0.01643979982219258,0.02584350297742786,0.48645147510704634,0.00031173441792764966,0,0,0.6,0
turn,20.47999999999762,0.4799999999988813,-0.005694217827491701,0.0033257406597600636,-0.043680064260432826,0.14511832287973458,0.01509567252254208,0.013655285209765665,0.49047801445295097,0.00023928909032592415,0,0,0.6,0
turn,20.519999999997527,0.5199999999987881,-0.005928983499175651,0.0035021035539562822,-0.04367647832864894,0.14621338294578884,0.014767513314520158,0.0031630296574524618,0.4666985023010295,0.00020378797114666138,0,0,0.6,0
turn,20.559999999997434,0.5599999999986949,-0.0058700496014405575,0.0034786624267658887,-0.04367731381089142,0.14704509445513977,0.015120823853561225,0.004474971196864814,0.46520599922453365,0.00020282446245769542,0,0,0.6,0
turn,20.59999999999734,0.5999999999986017,-0.005667986218261484,0.0033318695718739413,-0.04368326192108237,0.14800863849050955,0.015675689610183962,0.006581365040474157,0.46732498737562195,0.0002095365962689958,0,0,0.6,0
turn,20.639999999997247,0.6399999999985084,-0.0055366181762658215,0.0031644295024025725,-0.04370588965500531,0.14889565166586888,0.015973574985588948,0.004635820591288322,0.46494413295940373,0.0002175029586393945,0,0,0.6,0
turn,20.679999999997154,0.6799999999984152,-0.005449290212597661,0.0030628946239780156,-0.043727530440800313,0.14959996988097343,0.01606232504919229,0.002437112475694217,0.4655489745585133,0.00021996644348589226,0,0,0.6,0
turn,20.71999999999706,0.719999999998322,-0.005407398547948622,0.003012894683410218,-0.043745029897399014,0.1502147098912979,0.016027718374174743,0.0010445449603888805,0.4637768526624158,0.00021994499680764445,0,0,0.6,0
turn,20.759999999996968,0.7599999999982288,-0.005412763685316678,0.00297796985419408,-0.04376040816462732,0.15079762838603167,0.01593301475346859,0.0009154783690159371,0.4656891516884977,0.00021829309290298928,0,0,0.6,0
turn,20.799999999996874,0.7999999999981355,-0.005442005804795134,0.0029447178490159633,-0.04377449796306445,0.15136952702776424,0.015830898736450837,0.0010941902891434012,0.4675828968038702,0.00021629503340930194,0,0,0.6,0
turn,20.83999999999678,0.8399999999980423,-0.00547574180266781,0.002911460691314982,-0.04378820390603101,0.15193723177531976,0.015738224473835036,0.0011548619033174942,0.46730231005791606,0.0002169493925053624,0,0,0.6,0
turn,20.879999999996688,0.8799999999979491,-0.005509629216425532,0.0028787831077042515,-0.04380230684610336,0.15249902435876642,0.015643536176963686,0.0011851641222724626,0.4654450885555618,0.0002184773085283686,0,0,0.6,0
turn,20.919999999996595,0.9199999999978559,-0.00554421856398677,0.0028484453263218222,-0.043816982892726494,0.153052661627874,0.015536383216630258,0.0011716947669033187,0.4626653075777452,0.00021964040405811764,0,0,0.6,0
turn,20.9599999999965,0.9599999999977626,-0.005580210752046047,0.0028224402782333863,-0.04383202487258578,0.15359490329220177,0.015417362632155046,0.0011213718076655804,0.4603446060437149,0.00021991924828624877,0,0,0.6,0
turn,20.999999999996408,0.9999999999976694,-0.005617363191609176,0.002801361575705286,-0.04384700561654779,0.1541244888656965,0.015294919169853215,0.0010568581957367655,0.45923856661886675,0.00021989820645213246,0,0,0.6,0
turn,21.039999999996315,1.0399999999975762,-0.0056547477889327315,0.002784334474394463,-0.043861614230814916,0.15464298138390842,0.0151776532805507,0.0009949732368665519,0.45914144317762856,0.00021935708525636967,0,0,0.6,0
turn,21.07999999999622,1.079999999997483,-0.005691157861488333,0.002769844158807026,-0.04387581622444759,0.1551531210098573,0.015069158875622836,0.0009384040456926506,0.45934295942536263,0.00021850830691681088,0,0,0.6,0
turn,21.11999999999613,1.1199999999973898,-0.005725688448203464,0.0027566236949774356,-0.04388979099261299,0.15565703051474025,0.014967299427759262,0.0008903330925414133,0.4591910306965817,0.0002178260753228434,0,0,0.6,0
turn,21.159999999996035,1.1599999999972965,-0.0057580324086147945,0.002744133155229134,-0.04390375058500657,0.1561554893910189,0.014867046799810931,0.0008491683981125005,0.45845356610894833,0.00021751191181624334,0,0,0.6,0
turn,21.199999999995942,1.1999999999972033,-0.0057884131930168664,0.002732481179043022,-0.04391779789619976,0.15664835223042287,0.014764158805384899,0.00080773438926981,0.4573031286325698,0.00021750800476849142,0,0,0.6,0
turn,21.23999999999585,1.23999999999711,-0.005817094178334986,0.0027219468272108474,-0.04393190767690112,0.15713494543449882,0.01465764746409147,0.0007616222538101824,0.45610570068631834,0.0002174794990890661,0,0,0.6,0
turn,21.279999999995756,1.2799999999970169,-0.005844299276915099,0.0027126599059458826,-0.0439459618257951,0.15761496997671287,0.014549278609075815,0.0007129811123974406,0.45514950085274664,0.00021732221380140905,0,0,0.6,0
turn,21.319999999995662,1.3199999999969236,-0.0058700989242482194,0.0027044565669207096,-0.043959845007256464,0.1580887445874614,0.014441856582211157,0.0006650404246105672,0.45450311249879877,0.00021694794530517002,0,0,0.6,0
turn,21.35999999999557,1.3599999999968304,-0.005894438277042085,0.002696973465868318,-0.04397350661744215,0.15855693298738827,0.014337457094341232,0.0006210566761215297,0.45405255921249443,0.00021643597821311005,0,0,0.6,0
turn,21.399999999995476,1.3999999999967372,-0.005917270669380503,0.0026898536493951113,-0.04398696555181732,0.15902012947375455,0.014236566984070135,0.0005834345988907706,0.4536265870109179,0.00021591553213355083,0,0,0.6,0
turn,21.439999999995383,1.439999999996644,-0.00593865274692743,0.0026829032866702604,-0.04400027506265757,0.15947860291699564,0.014138358716591358,0.0005523721894289926,0.45311119567976227,0.00021547918062075859,0,0,0.6,0
turn,21.47999999999529,1.4799999999965507,-0.005958773555021702,0.0026761177358537976,-0.04401348058718783,0.15993231225444046,0.014041555653102685,0.0005268845850474879,0.4524877722441663,0.0002151454172402399,0,0,0.6,0
turn,21.519999999995196,1.5199999999964575,-0.005977876157078554,0.0026695965547034284,-0.044026593663901714,0.16038105298464178,0.013945289274970808,0.0005053023899497181,0.4518120547799281,0.0002148732372661029,0,0,0.6,0
turn,21.559999999995103,1.5599999999963643,-0.005996344444954186,0.0026633642354489053,-0.044039571972435076,0.16082433437375063,0.013849317177456976,0.0004919795532932718,0.45115357990062455,0.00021460449019476918,0,0,0.6,0
turn,21.59999999999501,1.599999999996271,-0.006014339167649751,0.002657543584224389,-0.04405241240104847,0.16126201226770231,0.013754171129227907,0.00047558256395275694,0.45056660475999327,0.000214287706823274,0,0,0.6,0
turn,21.639999999994917,1.6399999999961778,-0.0060318467993608176,0.0026521730461437354,-0.04406510668978292,0.1616942137171637,0.013660589004514168,0.0004593285248407035,0.45006271383641466,0.00021393972614222067,0,0,0.6,0
turn,21.679999999994823,1.6799999999960846,-0.00604884719343367,0.002647184260823281,-0.04407765587149671,0.16212112333050746,0.01356891555005935,0.0004441034019346129,0.4496054653868811,0.00021358277984014098,0,0,0.6,0
turn,21.71999999999473,1.7199999999959914,-0.006065312758682502,0.0026424981412559102,-0.04409007527097675,0.16254289037070663,0.013479040090953576,0.0004300565033589148,0.44914594568452965,0.00021324637184586258,0,0,0.6,0
turn,21.759999999994637,1.7599999999958982,-0.006081250803384589,0.0026380755650776398,-0.044102384901126127,0.16295957768974254,0.013390537574752483,0.0004174627868470566,0.4486583525921454,0.0002129476463482708,0,0,0.6,0
turn,21.799999999994544,1.799999999995805,-0.006096730138098008,0.002633925839763002,-0.04411459480965845,0.16337113813148388,0.013302902601514472,0.00040683818263297143,0.4481447353378107,0.00021268253337307954,0,0,0.6,0
turn,21.83999999999445,1.8399999999957117,-0.006111768819752382,0.0026300774595147394,-0.044126705688460256,0.16377747147918956,0.013215901071465117,0.0003943803667489089,0.44762031142058545,0.00021243140352151718,0,0,0.6,0
turn,21.879999999994357,1.8799999999956185,-0.006126343049779862,0.0026265395927971293,-0.04413871716560334,0.16417857835719496,0.013129586732713215,0.0003814958232553702,0.4471082174056982,0.00021218140665731566,0,0,0.6,0
turn,21.919999999994264,1.9199999999955253,-0.006140475628935866,0.0026232850879700283,-0.044150625565122524,0.16457452646792606,0.013044063878265212,0.0003694654399410638,0.446620700788901,0.00021192476804669257,0,0,0.6,0
turn,21.95999999999417,1.959999999995432,-0.00615423153656491,0.0026202599898860267,-0.04416243032964268,0.16496542227262156,0.01295937129600392,0.0003597436679875067,0.44615247124773444,0.0002116612550693205,0,0,0.6,0
turn,21.999999999994078,1.9999999999953388,-0.006167667511987194,0.002617419183450135,-0.04417413434993548,0.16535136570060835,0.012875482711717106,0.0003515874458115752,0.44569414730754775,0.00021139641757179684,0,0,0.6,0
turn,22.039999999993984,2.0399999999952456,-0.00618082125940217,0.0026147322918873557,-0.04418574194893918,0.1657324311213154,0.012792334245233085,0.00034454224735767604,0.44524048987045606,0.0002111372873587072,0,0,0.6,0
turn,22.07999999999389,2.0799999999951524,-0.006193720306799041,0.002612184122463072,-0.04419725717250791,0.16610866843903435,0.012709860716729514,0.0003381618947314315,0.4447897718313387,0.00021088600771154237,0,0,0.6,0
turn,22.119999999993798,2.119999999995059,-0.006206388730052306,0.0026097684136853426,-0.044208680871111176,0.16648010955500567,0.012628032976151182,0.0003322596160801916,0.4443491811122686,0.00021064069967378346,0,0,0.6,0
turn,22.159999999993705,2.159999999994966,-0.006218843859208586,0.002607481282065632,-0.04422001162740297,0.16684679991887047,0.012546890219909864,0.00032644567120247096,0.4439190621967842,0.00021039736037774964,0,0,0.6,0
turn,22.19999999999361,2.1999999999948727,-0.006231088958698613,0.0026053134752337826,-0.044231246063648325,0.1672088044153239,0.012466548338590604,0.00032044471841532205,0.4435021552088345,0.00021015347833044403,0,0,0.6,0
turn,22.23999999999352,2.2399999999947795,-0.006243113635860867,0.0026032511136570608,-0.04424238093385489,0.16756619903794998,0.0123871602945288,0.0003141014572652509,0.443101514781687,0.00020990828508884936,0,0,0.6,0
turn,22.279999999993425,2.2799999999946863,-0.006254910910335708,0.0026012719817948018,-0.04425341459547182,0.16791906065715165,0.012308845510800899,0.00030786043845214517,0.4427188828425017,0.00020966371274577057,0,0,0.6,0
turn,22.319999999993332,2.319999999994593,-0.006266481889344111,0.0025993550663250867,-0.04426434709662794,0.16826746327018136,0.012231660025501237,0.0003019006503542337,0.4423517830005526,0.00020942245045186205,0,0,0.6,0
turn,22.35999999999324,2.3599999999945,-0.00627783531613657,0.002597483954749637,-0.04427518039178443,0.16861146834130467,0.012155598055771861,0.00029640011928624505,0.44199654204331057,0.0002091870284599341,0,0,0.6,0
turn,22.399999999993145,2.3999999999944066,-0.006288986523740833,0.0025956482301630833,-0.04428591661094135,0.1689511292913687,0.012080615508038904,0.00029138765360393437,0.4416517213492157,0.00020895851817652377,0,0,0.6,0
turn,22.439999999993052,2.4399999999943134,-0.006299937122812478,0.0025938456451159463,-0.04429655692001012,0.16928649505434953,0.0120066842876684,0.00028625787863883307,0.44131844981378804,0.0002087363405113431,0,0,0.6,0
turn,22.47999999999296,2.47999999999422,-0.006310706221345744,0.0025920713023334886,-0.044307102467163864,0.16961761448463983,0.011933758338769317,0.000281825960527374,0.44099607764602045,0.0002085196334944547,0,0,0.6,0
turn,22.519999999992866,2.519999999994127,-0.006321305423504092,0.0025903219973859005,-0.04431755382873372,0.16994453861553585,0.011861813075287749,0.0002774338197477787,0.44068480086491074,0.0002083062929332029,0,0,0.6,0
turn,22.559999999992773,2.5599999999940337,-0.006331738567236826,0.0025885943676564526,-0.044327911100955825,0.17026731907347833,0.011790842544024982,0.00027314022947543627,0.44038653649687043,0.00020809623272404222,0,0,0.6,0
turn,22.59999999999268,2.5999999999939405,-0.006342001123366711,0.0025868850695118994,-0.04433817424926842,0.1705860073947771,0.011720851089502134,0.0002686696593112302,0.4401020319075292,0.00020788916667918342,0,0,0.6,0
turn,22.639999999992586,2.6399999999938473,-0.006352105305975671,0.002585187595294829,-0.04434834421963603,0.17090065581811706,0.011651811027218855,0.00026474592556456346,0.4398277465379963,0.0002076856183009183,0,0,0.6,0
turn,22.679999999992493,2.679999999993754,-0.006362044828831399,0.0025834986791691376,-0.04435842141268818,0.1712113163533114,0.011583719239268583,0.0002603996214541436,0.4395643916134464,0.00020748527998630962,0,0,0.6,0
turn,22.7199999999924,2.719999999993661,-0.006371822967964847,0.0025818164688767545,-0.04436840665027598,0.1715180370588381,0.01151655489492144,0.00025640027822751996,0.43931153188144806,0.00020728903135972928,0,0,0.6,0
turn,22.759999999992306,2.7599999999935676,-0.006381444616032813,0.002580137838499411,-0.04437830043726599,0.17182086633636645,0.011450296090568749,0.0002524217821971017,0.43906889495426543,0.0002070960842630068,0,0,0.6,0
turn,22.799999999992213,2.7999999999934744,-0.006390909962605668,0.002578464030196313,-0.04438810314710536,0.1721198513055762,0.011384933642158385,0.000248421020565946,0.43883585581320933,0.00020690635820829883,0,0,0.6,0
turn,22.83999999999212,2.839999999993381,-0.006400221777533542,0.0025767938148483754,-0.04439781496108124,0.1724150376980666,0.01132045943079394,0.00024451653265240283,0.4386133427797654,0.00020671958211335273,0,0,0.6,0
turn,22.879999999992027,2.879999999993288,-0.006409391502723761,0.002575124767875415,-0.044407436052957765,0.1727064734493364,0.011256852509508605,0.00024100069184334688,0.4384020595449798,0.00020653542608864152,0,0,0.6,0
turn,22.919999999991933,2.9199999999931947,-0.0064184083721299905,0.0025734569795884165,-0.04441696648166128,0.1729942063258548,0.011194124580850725,0.00023691703383544804,0.43820022503051703,0.00020635389876245337,0,0,0.6,0
turn,22.95999999999184,2.9599999999931015,-0.0064272802526494305,0.0025717892555350884,-0.044426406957506465,0.17327828203061899,0.011132255397740671,0.0002334173230361601,0.43800763859144226,0.0002061759097634836,0,0,0.6,0
turn,22.999999999991747,2.9999999999930083,-0.006436007944881962,0.002570121900422429,-0.044435757821659656,0.1735587460312732,0.01107123246170596,0.0002296801066173675,0.43782393339152653,0.00020600060841187288,0,0,0.6,0
turn,23.039999999991654,3.039999999992915,-0.006444591301832778,0.002568456811441426,-0.04444501949377443,0.1738356419101179,0.011011045673931335,0.00022605615158861433,0.43764902244623016,0.0002058286488208208,0,0,0.6,0
turn,23.07999999999156,3.079999999992822,-0.006453042033515577,0.002566792156977235,-0.04445419259225865,0.17410901398083142,0.010951669304988488,0.000222780990994209,0.437482504050942,0.00020565960704096374,0,0,0.6,0
turn,23.119999999991467,3.1199999999927286,-0.0064613549325184295,0.0025651293573277284,-0.044463277229129135,0.1743789072893207,0.010893108418911184,0.00021913974617549322,0.4373238798598424,0.0002054930345288161,0,0,0.6,0
turn,23.159999999991374,3.1599999999926354,-0.006469533249588594,0.0025634690875615336,-0.04447227357840991,0.1746453637262827,0.010835357515354286,0.00021577894859433656,0.4371735476588159,0.00020532936074544057,0,0,0.6,0
turn,23.19999999999128,3.199999999992542,-0.006477575869348696,0.002561809866466879,-0.04448118203982514,0.17490842909854543,0.01077841663820711,0.000212259912923494,0.4370313247548033,0.00020516794349862176,0,0,0.6,0
turn,23.239999999991188,3.239999999992449,-0.006485481419996218,0.002560152681279087,-0.04449000291263169,0.17516814589852475,0.010722283405995653,0.00020878289913279873,0.43689715556500214,0.000205009475286175,0,0,0.6,0
turn,23.279999999991094,3.2799999999923557,-0.006493258188288014,0.0025584959018847024,-0.04449873701210112,0.1754245539536931,0.010666938239086519,0.00020559636206012366,0.43677017050862954,0.00020485374288622168,0,0,0.6,0
turn,23.319999999991,3.3199999999922625,-0.006500913937207629,0.002556838960503048,-0.0445073848327814,0.17567769442698897,0.010612362336407662,0.00020255349379616673,0.4366501939811094,0.00020470061973695375,0,0,0.6,0
turn,23.359999999990908,3.3599999999921693,-0.006508440998294889,0.002555184039611767,-0.044515946709083716,0.1759276051862375,0.010558561471370428,0.0001991591693356472,0.43653768775525287,0.00020455016892866176,0,0,0.6,0
turn,23.399999999990815,3.399999999992076,-0.006515847227557346,0.002553530296550458,-0.04452442325523026,0.17617432703834696,0.010505518074435711,0.00019621347538403857,0.43643259948934143,0.00020440262529721452,0,0,0.6,0
turn,23.43999999999072,3.439999999991983,-0.006523133052843228,0.002551879063738995,-0.04453281459320248,0.17641789843486708,0.010453224525588278,0.00019308208157267553,0.4363351034409065,0.00020425730004865333,0,0,0.6,0
turn,23.47999999999063,3.4799999999918896,-0.0065302953208176235,0.0025502322006403,-0.04454112137669711,0.1766583562644503,0.010401675093771726,0.00018993063728340781,0.4362438346031925,0.00020411470052529793,0,0,0.6,0
turn,23.519999999990535,3.5199999999917964,-0.006537345679044151,0.002548587658758678,-0.04454934454737621,0.17689574171513206,0.01035084055678498,0.00018721597154439218,0.4361582266585074,0.0002039749050641071,0,0,0.6,0
turn,23.559999999990442,3.559999999991703,-0.0065442837139447945,0.0025469469544168867,-0.04455748447588209,0.17713009599984397,0.010300710515224057,0.00018430922467149393,0.43607878885913537,0.00020383746008889884,0,0,0.6,0
turn,23.59999999999035,3.59999999999161,-0.006551110163318818,0.0025453133995314435,-0.044565541561568486,0.17736145181919946,0.010251276642753621,0.00018144649772197785,0.4360038035228577,0.00020370282273641184,0,0,0.6,0
turn,23.639999999990255,3.6399999999915167,-0.006557822515206216,0.0025436889549820163,-0.04457351592443241,0.17758984870183633,0.010202540671149096,0.0001784747408129339,0.43593647818516584,0.0002035701699689683,0,0,0.6,0
turn,23.679999999990162,3.6799999999914235,-0.006564428484428821,0.0025420721482413214,-0.04458140801722819,0.17781532431795188,0.010154488869117384,0.0001758269215723099,0.4358749997976132,0.00020343980741751108,0,0,0.6,0
turn,23.71999999999007,3.7199999999913302,-0.006570922605140475,0.0025404660142363334,-0.044589218315087845,0.17803791456682572,0.010107121670561893,0.00017283944328240285,0.43581849636452147,0.00020331128356246953,0,0,0.6,0
turn,23.759999999989976,3.759999999991237,-0.006577305123008604,0.002538869668663226,-0.04459694769079458,0.17825765808877211,0.010060428091845638,0.0001700469805317086,0.4357673441373082,0.00020318557952654046,0,0,0.6,0
turn,23.799999999989883,3.799999999991144,-0.006583581889924705,0.0025372846755464585,-0.04460459679401564,0.17847458910523506,0.010014389339805259,0.00016735719135696836,0.4357202070448547,0.00020306228608120796,0,0,0.6,0
turn,23.83999999998979,3.8399999999910506,-0.006589760830115394,0.002535712727196396,-0.04461216623635726,0.17868874284867714,0.009968984381520987,0.00016489304060658984,0.43567859569469086,0.00020294108367343075,0,0,0.6,0
turn,23.879999999989696,3.8799999999909573,-0.006595840406826919,0.0025341543321501076,-0.0446196562627328,0.1789001551601198,0.009924208781777582,0.0001622616357508955,0.43564247626355823,0.00020282198238810248,0,0,0.6,0
turn,23.919999999989603,3.919999999990864,-0.006601817102048239,0.002532613394219319,-0.044627067527989804,0.1791088607413247,0.009880061537716476,0.00015954844326949823,0.43560982142124227,0.00020270506941132496,0,0,0.6,0
turn,23.95999999998951,3.959999999990771,-0.006607689136698297,0.002531091394225918,-0.044634400259309565,0.17931489369501852,0.009836539364863707,0.0001568091826747092,0.4355825686952947,0.00020259026672839986,0,0,0.6,0
turn,23.999999999989416,3.9999999999906777,-0.006613466703028476,0.002529587049633913,-0.04464165535793889,0.17951829129514613,0.009793619451160925,0.0001544568200460014,0.43555960294182877,0.00020247741320829091,0,0,0.6,0
turn,24.039999999989323,4.0399999999905845,-0.006619149581422883,0.002528101545982011,-0.0446488335364776,0.17971909017611662,0.009751292223579079,0.0001519125488370477,0.4355402155944206,0.00020236642150855776,0,0,0.6,0
turn,24.07999999998923,4.079999999990491,-0.0066247375489124705,0.0025266365651186325,-0.04465593517514711,0.1799173219873916,0.009709549572122477,0.00014944438492821364,0.43552572136641216,0.0002022577716241774,0,0,0.6,0
turn,24.119999999989137,4.119999999990398,-0.006630232594146128,0.0025251929483967313,-0.04466296080229905,0.18011302228945913,0.009668381482542203,0.0001469972619177853,0.4355148093411854,0.0002021509020522479,0,0,0.6,0
turn,24.159999999989044,4.159999999990305,-0.006635634632091731,0.0025237717928590225,-0.044669910835090636,0.18030622399715912,0.009627783648368644,0.00014451988601526746,0.43550685675002226,0.00020204592533951506,0,0,0.6,0
turn,24.19999999998895,4.199999999990212,-0.006640950415637176,0.002522373043051346,-0.04467678615386975,0.1804969625588538,0.009587739108811133,0.00014231591505798626,0.4355029129855928,0.00020194266252702297,0,0,0.6,0
turn,24.239999999988857,4.239999999990118,-0.006646175777201113,0.0025209974685149058,-0.044683587276112734,0.18068526960459577,0.009548245475914393,0.000139836488593032,0.4355028027017451,0.00020184122993750734,0,0,0.6,0
turn,24.279999999988764,4.279999999990025,-0.0066513121257637765,0.0025196469495710415,-0.04469031451115176,0.18087117659175841,0.009509296906491067,0.00013750061571413135,0.4355047151928672,0.00020174187331074102,0,0,0.6,0
turn,24.31999999998867,4.319999999989932,-0.0066563595520287835,0.002518322660158741,-0.04469696846777056,0.181054715409192,0.009470889026108598,0.00013511939578818546,0.43551115378822397,0.0002016439157107844,0,0,0.6,0
turn,24.359999999988577,4.359999999989839,-0.0066613263500815605,0.0025170240409409105,-0.04470354991042343,0.18123591780980858,0.009433000937653868,0.00013304920258226614,0.43552078220208834,0.0002015478040051645,0,0,0.6,0
turn,24.399999999988484,4.3999999999897454,-0.006666208651917888,0.0025157532510856908,-0.04471005923506033,0.18141481516892555,0.009395631322102938,0.00013068588508240265,0.43553324770359864,0.00020145327928279376,0,0,0.6,0
turn,24.43999999998839,4.439999999989652,-0.006671007715201904,0.002514509967526644,-0.04471649702583062,0.18159143851654533,0.009358774236805128,0.00012849681240463575,0.4355480808575168,0.0002013607139932385,0,0,0.6,0
turn,24.479999999988298,4.479999999989559,-0.006675725148555445,0.002513294994179901,-0.044722864067757884,0.18176581938231662,0.00932242116384905,0.00012629011891595023,0.4355653483887329,0.00020126955099808054,0,0,0.6,0
turn,24.519999999988205,4.519999999989466,-0.00668036668927937,0.0025121078243011655,-0.044729160976812295,0.18193798729601507,0.009286558067848977,0.00012429163934433136,0.4355853099742107,0.0002011801324945686,0,0,0.6,0
turn,24.55999999998811,4.5599999999893726,-0.006684929358873694,0.0025109497850308764,-0.04473538790948859,0.18210797165813253,0.009251185756181697,0.00012209258790531693,0.43560871495694403,0.00020109208299034758,0,0,0.6,0
turn,24.599999999988018,4.599999999989279,-0.006689411168162062,0.002509822481042955,-0.044741545624790484,0.1822758032449043,0.009216301768680204,0.00011990795663158984,0.43563410194371177,0.0002010057168780647,0,0,0.6,0
turn,24.639999999987925,4.639999999989186,-0.00669381094525097,0.002508727380531711,-0.04474763474940767,0.18244151032591271,0.009181899811916541,0.00011768183884527868,0.4356615709835292,0.00020092100265257167,0,0,0.6,0
turn,24.67999999998783,4.679999999989093,-0.006698133812885973,0.002507663384331574,-0.044753656072593385,0.1826051209456083,0.00914796372463041,0.00011567306331994617,0.43569113444133617,0.00020083793144624293,0,0,0.6,0
turn,24.71999999998774,4.719999999989,-0.006702352801868309,0.002506638457658676,-0.04475960947781194,0.18276666398541325,0.009114526806610243,0.00010896963272803772,0.4357229656194301,0.00020075625878821583,0,0,0.6,0
turn,24.759999999987645,4.759999999988906,-0.006706102223586192,0.0025057356583146253,-0.04476548789138151,0.18292620593424672,0.009082157198281008,9.23477645025588e-05,0.4357614909472421,0.0002006785363963685,0,0,0.6,0
turn,24.799999999987552,4.799999999988813,-0.006709507577555932,0.002504894107119672,-0.044771304320447555,0.18308399720547625,0.009050655523065792,8.813030864660777e-05,0.43582547148627443,0.00020061155932027828,0,0,0.6,0
turn,24.83999999998746,4.83999999998872,-0.006712863311100891,0.002504008578225027,-0.04477707386344134,0.18324031031220864,0.009019492406952464,8.844142933728254e-05,0.43589410823153013,0.00020054231468622476,0,0,0.6,0
turn,24.879999999987366,4.879999999988627,-0.006716205778690541,0.0025030750469752475,-0.04478279711475697,0.1833952279521028,0.008988573270369355,8.830039896102392e-05,0.43596507218323705,0.0002004761335949303,0,0,0.6,0
turn,24.919999999987272,4.9199999999885335,-0.00671952270304508,0.002502105432132097,-0.044788470799925595,0.1835487984238389,0.008957967999315189,8.760880109144427e-05,0.4360475083979147,0.00020040988380294717,0,0,0.6,0
turn,24.95999999998718,4.95999999998844,-0.006722801099351519,0.0025011005260178326,-0.044794091541794534,0.18370106968181663,0.00892778397564336,8.66146700872131e-05,0.43614422176614837,0.00020033942468298285,0,0,0.6,0
turn,24.999999999987086,4.999999999988347,-0.006726034043381568,0.0025000540452034176,-0.044799658096614126,0.18385207248371913,0.00889808746837306,8.56682928908587e-05,0.4362509421748218,0.0002002654294498569,0,0,0.6,0
stop,25.039999999986993,0.03999999999990678,-0.007966270953239448,0.004264072493857392,-0.044809702910679164,0.17238614717555648,0.007512831055952975,0.05618978533558952,0.6565967616211333,0.00035691912938547215,0,0,0,0
stop,25.0799999999869,0.07999999999981355,-0.008205814174086485,0.004967507492725087,-0.04450261697528454,0.15985933690738047,0.008675090846398708,0.010127789697248323,0.5527412542841301,0.0004056637394642613,0,0,0,0
stop,25.119999999986806,0.11999999999972033,-0.008446974323939788,0.004023709680417111,-0.04434078813290493,0.15025152166351805,0.00935922195727879,0.029895160015115756,0.4164519878831066,0.00034495364437156766,0,0,0,0
stop,25.159999999986713,0.1599999999996271,-0.008500873016725412,0.0033099713100062504,-0.04425824015039843,0.1425430514844326,0.010035008784387997,0.011393788105816462,0.4618492321473325,0.00021394008623880885,0,0,0,0
stop,25.19999999998662,0.19999999999953388,-0.008646859903327036,0.0029546835396664665,-0.044214674588143384,0.1364969213373592,0.009866806012772041,0.009409322450668587,0.48364024928398813,0.00027058095564218076,0,0,0,0
stop,25.239999999986527,0.23999999999944066,-0.008918932723378363,0.0028061666545346558,-0.04419464221031475,0.13168905776248524,0.008851010152808118,0.008344662106951012,0.4906261796134887,0.00032171411192884083,0,0,0,0
stop,25.279999999986433,0.27999999999934744,-0.009291172397908479,0.0028571417664687605,-0.04417025354968486,0.1278439931424278,0.007364488383489506,0.011209727110585023,0.4821242281496458,0.0003301152300416208,0,0,0,0
stop,25.31999999998634,0.3199999999992542,-0.009726637867744034,0.0030022812795763403,-0.04413602516670611,0.12486931970523606,0.0058036575689002475,0.012072693245442412,0.4681314537323675,0.0003225750884269189,0,0,0,0
stop,25.359999999986247,0.359999999999161,-0.01013673933897126,0.003109905849343847,-0.04410099586923477,0.12253766758079247,0.0045432617425683235,0.009117030400115425,0.5007667301549218,0.0002835605380977778,0,0,0,0
stop,25.399999999986154,0.39999999999906777,-0.010436980895710348,0.003134251032506073,-0.04406851456434187,0.1206569433478735,0.003783858636713183,0.005730240340307364,0.504838234528075,0.00024685432665774005,0,0,0,0
stop,25.43999999998606,0.43999999999897454,-0.010630890463238478,0.0030742902961562995,-0.044041700772523985,0.11912614383947559,0.0034527793036508094,0.00402822534951486,0.4863200492801596,0.000220962576643305,0,0,0,0
stop,25.479999999985967,0.4799999999988813,-0.01074564656782397,0.002971558199070498,-0.04402071381317551,0.11787799004418131,0.00338425494335846,0.003312967024364996,0.4666532105406505,0.000206672231302252,0,0,0,0
stop,25.519999999985874,0.5199999999987881,-0.010824280012260403,0.00287568407418525,-0.04400368822946944,0.11684867996923098,0.003387440301829291,0.002809411071900363,0.47141483640767595,0.0002021488147208648,0,0,0,0
stop,25.55999999998578,0.5599999999986949,-0.010899832704447901,0.002804257824078873,-0.04399059197761691,0.11598438746151832,0.0033256968350367407,0.002545271654261724,0.47515950302664905,0.00020349438759991283,0,0,0,0
stop,25.599999999985688,0.5999999999986017,-0.010978999427518765,0.0027590283022301595,-0.043979929809887505,0.11521107852966254,0.0031693860770909666,0.0023335536366492792,0.47717396296181763,0.00020353589139990695,0,0,0,0
stop,25.639999999985594,0.6399999999985084,-0.011047952707155004,0.002738907624859324,-0.04397017685504733,0.1144999825990993,0.002971046493697116,0.0017230492230140629,0.4770615071939616,0.00020274943357128224,0,0,0,0
stop,25.6799999999855,0.6799999999984152,-0.011099678172375328,0.0027379381699786866,-0.04396030187360735,0.11383691638304343,0.0027863460509265337,0.001210316572176404,0.4757546519670663,0.00020040205045236982,0,0,0,0
stop,25.719999999985408,0.719999999998322,-0.011134667131193045,0.0027457025942731156,-0.043949786587652674,0.11320100811351673,0.002647409309609074,0.000778537536042424,0.47416499901468306,0.00019633001131922877,0,0,0,0
stop,25.759999999985315,0.7599999999982288,-0.011156841386680348,0.0027566123552396136,-0.04393866149393176,0.11258752603780497,0.002561363286145176,0.0005178099666725396,0.4730220155182097,0.00019191909076277558,0,0,0,0
stop,25.79999999998522,0.7999999999981355,-0.0111701409797589,0.0027675422011202238,-0.043927241426123205,0.11199576924547856,0.002518219701276914,0.00035735394452319005,0.47250083950417027,0.00018849940771826045,0,0,0,0
stop,25.839999999985128,0.8399999999980423,-0.011177465259805265,0.0027774485371602647,-0.0439158838381143,0.11142562277507041,0.0025014518807833196,0.00026825047950124675,0.4723815843003169,0.00018658816593997173,0,0,0,0
stop,25.879999999985035,0.8799999999979491,-0.011181418234716241,0.002786113563509064,-0.04390484519024248,0.11087575445262052,0.002494853726406944,0.00022267140182274315,0.47235744544697433,0.0001859311036400367,0,0,0,0
stop,25.91999999998494,0.9199999999978559,-0.011184128994903427,0.002793680730380287,-0.043894227605898076,0.11034448884723087,0.0024873529138382464,0.00020195330681746775,0.472237054676584,0.0001861391646900658,0,0,0,0
stop,25.95999999998485,0.9599999999977626,-0.011186804541107771,0.0028003261651981886,-0.043884008460114636,0.10983041599713617,0.0024744564985662845,0.00019038429706262942,0.4719709689999871,0.0001862861980317752,0,0,0,0
stop,25.999999999984755,0.9999999999976694,-0.011189663760673207,0.0028061113879124596,-0.04387410738663963,0.10933254508346692,0.002456817844659101,0.00017356516342912647,0.471593245922018,0.00018630715168374556,0,0,0,0
stop,26.039999999984662,1.0399999999975762,-0.011192377707034322,0.0028109745745563144,-0.04386444739527559,0.10885021703600267,0.002437382105997146,0.00014572454275686098,0.4711637012259399,0.00018622854093704018,0,0,0,0
stop,26.07999999998457,1.079999999997483,-0.01119458207262545,0.0028148033029964867,-0.043854984738017126,0.10838292519277468,0.0024189217435126326,0.00011091737133089836,0.47073171920328677,0.00018605910767417952,0,0,0,0
stop,26.119999999984476,1.1199999999973898,-0.011196164702891875,0.002817523574387025,-0.04384571060261831,0.10793017292469229,0.0024028348112840946,7.726988772715476e-05,0.47032290939600147,0.000185835538429579,0,0,0,0
stop,26.159999999984382,1.1599999999972965,-0.011197245907735211,0.0028191665463486205,-0.04383663664061894,0.10749139888932266,0.00238919307452342,5.188140762510392e-05,0.46994105415326765,0.00018562326507548757,0,0,0,0
stop,26.19999999998429,1.1999999999972033,-0.011198049308320232,0.002819869057035156,-0.043827778304933646,0.10706596384611773,0.002377344912209399,4.071221924095744e-05,0.4695760515998375,0.00018545648205300412,0,0,0,0
stop,26.239999999984196,1.23999999999711,-0.01119882742506953,0.002819817944169455,-0.04381914525729335,0.10665320356135775,0.0023664512285720817,4.4397715647272374e-05,0.4692142398594601,0.00018533806025725232,0,0,0,0
stop,26.279999999984103,1.2799999999970169,-0.011199765512984378,0.0028192119348553137,-0.043810738549061645,0.10625247450532861,0.0023558956285696674,5.3602589492891945e-05,0.46884675767810785,0.00018525291961405015,0,0,0,0
stop,26.31999999998401,1.3199999999969236,-0.011200930581471114,0.002818236118953264,-0.04380255177135624,0.10586317849206137,0.0023454438751744186,6.175045381257816e-05,0.46847190808430444,0.00018518451009026025,0,0,0,0
stop,26.359999999983916,1.3599999999968304,-0.011202304702190675,0.0028170438626727665,-0.04379457551692203,0.10548477173466872,0.002335142393568551,6.708237407320704e-05,0.46808858588143476,0.0001851214199561886,0,0,0,0
stop,26.399999999983823,1.3999999999967372,-0.011203826368758564,0.0028157531956282214,-0.04378680020452457,0.1051167601506066,0.0023251603395598023,6.947519283137329e-05,0.46769828874314184,0.00018505864249930258,0,0,0,0
stop,26.43999999998373,1.439999999996644,-0.011205418822735923,0.0028144552189581615,-0.04377921739439477,0.10475868956059334,0.002315672511232465,6.921941082664223e-05,0.46730307070136606,0.00018499639068022175,0,0,0,0
stop,26.479999999983637,1.4799999999965507,-0.011207032970821911,0.0028132163233824214,-0.043771820590146115,0.10441013604512872,0.002306759331868643,6.763447785453744e-05,0.4669097727491723,0.00018493719578295035,0,0,0,0
stop,26.519999999983543,1.5199999999964575,-0.011208627498634884,0.0028120884930382326,-0.043764604200529446,0.10407070134583339,0.002298444387929177,6.466370792499017e-05,0.46651445493032867,0.00018488237551075195,0,0,0,0
stop,26.55999999998345,1.5599999999963643,-0.011210179256881303,0.002811113710899281,-0.04375756289946059,0.10374000769950913,0.002290700937126828,6.113229364320872e-05,0.4661134388180044,0.0001848332757073526,0,0,0,0
stop,26.599999999983357,1.599999999996271,-0.011211664498689489,0.0028103256791467885,-0.043750691347413,0.10341769677122843,0.002283502859607145,5.683057887674925e-05,0.46570459294790284,0.0001847888217950657,0,0,0,0
stop,26.639999999983264,1.6399999999961778,-0.011213055660049119,0.0028097508322644476,-0.04374398343774392,0.10310342839152294,0.0022768429211544408,5.1988256107670076e-05,0.4652879234176655,0.00018474834593516716,0,0,0,0
stop,26.67999999998317,1.6799999999960846,-0.0112143552443574,0.0028094042977773854,-0.043737433845966546,0.10279688237072128,0.0022706813854052386,4.779942409299499e-05,0.4648637155247067,0.00018471069292569343,0,0,0,0
stop,26.719999999983077,1.7199999999959914,-0.011215537210615144,0.0028092981126666802,-0.04373103638217683,0.10249775981202736,0.0022650363193391257,4.307400065751746e-05,0.46443145478394016,0.0001846742458888221,0,0,0,0
stop,26.759999999982984,1.7599999999958982,-0.011216588881064376,0.0028094374548293085,-0.043724785561323434,0.10220577512212405,0.0022599105957225533,3.917672399461918e-05,0.46399129172751663,0.00018464036935079232,0,0,0,0
stop,26.79999999998289,1.799999999995805,-0.011217513252900161,0.0028098224711727224,-0.04371867629366669,0.101920658407122,0.0022552799755470414,3.645001938004338e-05,0.4635445099771352,0.00018460800499741094,0,0,0,0
stop,26.839999999982798,1.8399999999957117,-0.011218306408062862,0.0028104519362987155,-0.04371270372518278,0.10164215486112559,0.0022511331732769243,3.480524456262036e-05,0.4630913223599901,0.00018457755349816988,0,0,0,0
stop,26.879999999982704,1.8799999999956185,-0.011218963850540782,0.0028113220243127703,-0.04370686309649473,0.1013700222708466,0.002247462427810048,3.4531977924753856e-05,0.46263090424023295,0.00018454938956571494,0,0,0,0
stop,26.91999999998261,1.9199999999955253,-0.011219491671220248,0.002812425479124879,-0.04370114996132969,0.10110402830232815,0.0022442419340043757,3.572191623238401e-05,0.46216410617107556,0.00018452364057657404,0,0,0,0
stop,26.959999999982518,1.959999999995432,-0.011219894504940625,0.002813755445132566,-0.04369555990020678,0.10084395369223899,0.00224144669039461,3.8020067517814594e-05,0.4616921584332916,0.00018450027042757428,0,0,0,0
stop,26.999999999982425,1.9999999999953388,-0.011220177954865391,0.002815304194755871,-0.043690088902766655,0.10058958851210428,0.002239050660807357,4.115589770512881e-05,0.46121494408726865,0.00018447910994364775,0,0,0,0
stop,27.03999999998233,2.0399999999952456,-0.01122034306560531,0.00281706358695684,-0.04368473295420256,0.10034073059202656,0.002237037811439176,4.477743360609327e-05,0.46073207220599355,0.00018445998359131055,0,0,0,0
stop,27.07999999998224,2.0799999999951524,-0.011220393846080236,0.002819024150595557,-0.043679488296806644,0.10009718938107579,0.002235389700578087,4.8701727084562134e-05,0.4602452413509342,0.00018444272885995613,0,0,0,0
stop,27.119999999982145,2.119999999995059,-0.011220339662717975,0.002821175536947551,-0.0436743513339351,0.09985878421132598,0.002234081616266844,5.27780862575261e-05,0.4597535170451678,0.00018442710058986624,0,0,0,0
stop,27.159999999982052,2.159999999994966,-0.011220183820673323,0.002823508379046691,-0.04366931838858483,0.09962534058241035,0.0022330989819899483,5.687229304938212e-05,0.45925794757725225,0.00018441313885738745,0,0,0,0
stop,27.19999999998196,2.1999999999948727,-0.011219938948602478,0.002826012230481367,-0.043664386341005446,0.09939668994691304,0.002232410250698931,6.0899084228521626e-05,0.4587590809246276,0.00018440067861706365,0,0,0,0
stop,27.239999999981865,2.2399999999947795,-0.011219608178535519,0.002828677246117112,-0.0436595519720715,0.09917267306965488,0.002231999399393722,6.480912524121793e-05,0.4582565631517754,0.0001843898992943584,0,0,0,0
stop,27.279999999981772,2.2799999999946863,-0.01121919878277537,0.002831492252295408,-0.04365481217841897,0.09895313982847843,0.00223184647280241,6.850142707462962e-05,0.45775114628152874,0.000184380608016858,0,0,0,0
stop,27.31999999998168,2.319999999994593,-0.011218717094911818,0.002834447696562064,-0.043650163852862446,0.09873794354650127,0.002231933447617291,7.204071674141379e-05,0.4572435979634249,0.00018437259294145332,0,0,0,0
stop,27.359999999981586,2.3599999999945,-0.011218159536287728,0.002837535605966854,-0.043645604199984166,0.09852694494562861,0.0022322575584573065,7.544265783316617e-05,0.4567342457546509,0.0001843660979287222,0,0,0,0
stop,27.399999999981492,2.3999999999944066,-0.011217535178229805,0.0028407467443979932,-0.04364113075595186,0.09832001059347467,0.002232795623514088,7.860832286177278e-05,0.45622325269670577,0.00018436074495140035,0,0,0,0
stop,27.4399999999814,2.4399999999943134,-0.011216850632800032,0.0028440705615028943,-0.04363674061148515,0.09811701352951502,0.0022335315580849693,8.153906011038934e-05,0.45571019825701814,0.00018435639268177877,0,0,0,0
stop,27.479999999981306,2.47999999999422,-0.011216106082241854,0.0028474992947842784,-0.04363243092926641,0.09791783776024741,0.0022344626846289516,8.432465956250826e-05,0.455196455814197,0.00018435316020916012,0,0,0,0
stop,27.519999999981213,2.519999999994127,-0.011215308018446684,0.002851024434164629,-0.04362819892931592,0.09772237049042704,0.002235577294450046,8.68632991051207e-05,0.45468187415940725,0.00018435076812141305,0,0,0,0
stop,27.55999999998112,2.5599999999940337,-0.011214467531420098,0.002854634728346526,-0.04362404216131556,0.09753050597094305,0.0022368566613987988,8.908090898323756e-05,0.4541672873336047,0.00018434909439268634,0,0,0,0
stop,27.599999999981026,2.5999999999939405,-0.011213579537450924,0.002858323606234308,-0.043619958269119095,0.09734214403883272,0.0022383056091005563,9.12425031551543e-05,0.45365296289105056,0.00018434871594105414,0,0,0,0
stop,27.639999999980933,2.6399999999938473,-0.011212646027862143,0.002862085552689898,-0.04361594510199496,0.09715718555886928,0.002239916411481719,9.323232502543734e-05,0.4531386925428944,0.00018434931372387302,0,0,0,0
stop,27.67999999998084,2.679999999993754,-0.011211678088995836,0.0028659108799740595,-0.04361200073664794,0.09697553734575835,0.0022416688077209804,9.490538417976119e-05,0.45262454503436395,0.00018435049782374236,0,0,0,0
stop,27.719999999980747,2.719999999993661,-0.011210675519147914,0.0028697936593185245,-0.04360812305378156,0.09679710818600137,0.002243559595461954,9.651747914135819e-05,0.4521112004734172,0.00018435254764483488,0,0,0,0
stop,27.759999999980653,2.7599999999935676,-0.01120963830246236,0.0028737290292751125,-0.043604310338325875,0.09662180967844279,0.002245582277870302,9.797889928995971e-05,0.4515986520009585,0.00018435551531111703,0,0,0,0
stop,27.79999999998056,2.7999999999934744,-0.011208586438802903,0.0028777079299537865,-0.043600560971904664,0.09644955998268792,0.002247698806240738,9.905810213692995e-05,0.4510877257377394,0.00018435882346328657,0,0,0,0
stop,27.839999999980467,2.839999999993381,-0.011207515993537302,0.002881726183972329,-0.043596873222761776,0.09628027724314023,0.0022499109269403725,0.0001002001866020497,0.450577755363694,0.00018436299871988173,0,0,0,0
stop,27.879999999980374,2.879999999993288,-0.01120642594598533,0.0028857801247134432,-0.04359324534922646,0.09611388321810994,0.0022522177192912884,0.00010118406529724702,0.4500689820343524,0.00018436773006987232,0,0,0,0
stop,27.91999999998028,2.9199999999931947,-0.011205318072326675,0.002889864822345044,-0.04358967577912436,0.09595030412214871,0.0022546135411072427,0.00010205500477191085,0.44956165563059575,0.00018437293586243025,0,0,0,0
stop,27.959999999980187,2.9599999999931015,-0.011204199699158613,0.0028939758578863605,-0.04358616327778743,0.0957894663613027,0.0022570816972604436,0.00010275371104092412,0.4490560899004425,0.0001843784634273182,0,0,0,0
stop,27.999999999980094,2.9999999999930083,-0.011203196030945462,0.0028980925752655866,-0.0435827084965469,0.09563128794653412,0.002259408437932515,0.00010270884296459623,0.4485526721820434,0.00018438051820328317,0,0,0,0
stop,28.03999999998,3.039999999992915,-0.011202623490050282,0.002902172865974537,-0.043579315735238884,0.09547565708981216,0.002261057808310483,9.982741588997486e-05,0.448050686254031,0.00018437856318644216,0,0,0,0
stop,28.079999999979908,3.079999999992822,-0.011202531224368008,0.002906200715684559,-0.043575982499237526,0.09532246542787756,0.0022619561614629392,9.851666041946645e-05,0.44754876870250754,0.00018437372017675625,0,0,0,0
stop,28.119999999979814,3.1199999999927286,-0.011202838736428647,0.002910179909393433,-0.04357270431813663,0.09517161738559847,0.00226232331679439,9.82614836424836e-05,0.44704730732666187,0.00018437087679796333,0,0,0,0
stop,28.15999999997972,3.1599999999926354,-0.011203474138016718,0.002914113010030786,-0.043569478045447425,0.09502303246562722,0.0022623697921307796,9.84998214797446e-05,0.4465475397407117,0.0001843665347466464,0,0,0,0
stop,28.199999999979628,3.199999999992542,-0.011204386600835774,0.0029180017893015832,-0.04356630233267733,0.09487664286914523,0.0022622233184588355,9.90501942100249e-05,0.4460522375355415,0.00018436104931417172,0,0,0,0
stop,28.239999999979535,3.239999999992449,-0.011205544212356422,0.0029218476507195277,-0.043563176559775096,0.09473238613413415,0.0022619264306407076,9.986492222954966e-05,0.4455608687972736,0.00018435645776095148,0,0,0,0
stop,28.27999999997944,3.2799999999923557,-0.01120692210636818,0.0029256550128861107,-0.043560100778436174,0.09459019968688187,0.0022614726023318992,0.00010095963519462373,0.4450742381798966,0.00018435516345461335,0,0,0,0
stop,28.31999999997935,3.3199999999922625,-0.011208504008873821,0.0029294264117821216,-0.04355707477355979,0.09445002515119857,0.002260830546432603,0.00010222412454994665,0.4445907901388472,0.00018435584687851835,0,0,0,0
stop,28.359999999979255,3.3599999999921693,-0.011210278197842049,0.0029331642316739433,-0.04355409760195346,0.09431180260938947,0.002259969289174188,0.00010363612902126658,0.4441102297090753,0.00018435665052044745,0,0,0,0
stop,28.399999999979162,3.399999999992076,-0.011212230759624272,0.0029368692305892837,-0.04355116804401371,0.09417547574724831,0.002258879841048787,0.00010503447001590094,0.44363282066862947,0.00018435651911283393,0,0,0,0
stop,28.43999999997907,3.439999999991983,-0.011214305530071054,0.0029405513175909553,-0.04354828338648284,0.09404096851760987,0.0022576376139531815,0.0001052333695214152,0.4431578821037696,0.0001843550057602618,0,0,0,0
stop,28.479999999978975,3.4799999999918896,-0.011216197126225597,0.0029442884010497,-0.04354543245614209,0.09390802124026257,0.0022567313039805145,0.00010374543124043846,0.44268775393027116,0.00018435407469294626,0,0,0,0
stop,28.519999999978882,3.5199999999917964,-0.01121784833740026,0.0029480983966296303,-0.043542613156249035,0.09377652736059285,0.002256242095924758,0.00010282209782616882,0.4422244442185946,0.00018435080130248095,0,0,0,0
stop,28.55999999997879,3.559999999991703,-0.011219287262697934,0.002951969425060443,-0.043539825774360864,0.09364646530084751,0.0022560707981296104,0.0001021909677628542,0.44182428059048573,0.00018434794321904756,0,0,0,0
stop,28.599999999978696,3.59999999999161,-0.011220536808661915,0.0029558887865388478,-0.04353707014456296,0.09351782135534138,0.00225612810333705,0.00010174379384928065,0.44163433766137955,0.00018434792672236678,0,0,0,0
stop,28.639999999978603,3.6399999999915167,-0.01122161132688944,0.0029598465464635753,-0.043534345542350264,0.09339057635553964,0.0022563721731382667,0.00010138410986895892,0.4414437408831828,0.00018434868951248634,0,0,0,0
stop,28.67999999997851,3.6799999999914235,-0.011222520733005968,0.0029638346911466896,-0.04353165075251762,0.09326471611036932,0.002256804218715493,0.00010108416236542558,0.44125475029001926,0.00018434878873576884,0,0,0,0
stop,28.719999999978416,3.7199999999913302,-0.01122327258404652,0.00296784789501304,-0.043528984487686516,0.09314022502706625,0.00225744504233236,0.00010086790536462552,0.4410685790083056,0.00018434795202308514,0,0,0,0
stop,28.759999999978323,3.759999999991237,-0.0112238767939551,0.0029718806265853714,-0.04352634564812217,0.09301708774786292,0.00225830628468662,0.0001007000708926206,0.44088495138315387,0.00018434679801121025,0,0,0,0
stop,28.79999999997823,3.799999999991144,-0.011224339033677325,0.0029759292111179564,-0.04352373403545555,0.09289529081359794,0.0022593909175796082,0.00010061089573069253,0.44070343604844614,0.0001843466129914555,0,0,0,0
stop,28.839999999978136,3.8399999999910506,-0.011224670059286006,0.0029799904952184804,-0.04352114912602766,0.09277481960468802,0.0022606825416181145,0.00010059881229109645,0.44052393298252385,0.00018434795193148924,0,0,0,0
stop,28.879999999978043,3.8799999999909573,-0.011224880856910981,0.0029840622059077123,-0.04351859081037548,0.09265566037962474,0.002262154921619478,0.00010065508098575718,0.44034667285753354,0.00018435104323627664,0,0,0,0
stop,28.91999999997795,3.919999999990864,-0.011224983700546079,0.0029881408409476277,-0.04351605895356688,0.0925377987866401,0.002263775026823413,0.00010070649371160885,0.4401714791557619,0.0001843555480566732,0,0,0,0
stop,28.959999999977857,3.959999999990771,-0.011224989523159458,0.002992223319134414,-0.04351355331923115,0.09242121923972046,0.0022655131852833557,0.0001007567821693144,0.4399985847981136,0.00018436092062166143,0,0,0,0
stop,28.999999999977764,3.9999999999906777,-0.011224907728128808,0.0029963074540750377,-0.04351107377348732,0.09230590963159675,0.00226734507993819,0.00010079876483413585,0.4398275111484021,0.00018436689648265245,0,0,0,0
stop,29.03999999997767,4.0399999999905845,-0.011224747111191485,0.00300038820563845,-0.04350861984754303,0.09219185713107639,0.002269253822558765,0.00010073006226843381,0.4396585992391055,0.00018437301371496606,0,0,0,0
stop,29.079999999977577,4.079999999990491,-0.011224513730670323,0.003004463197229354,-0.04350619126053746,0.09207904812528475,0.002271229127910108,0.00010066126291458083,0.439491354363599,0.0001843793428966734,0,0,0,0
stop,29.119999999977484,4.119999999990398,-0.01122421338362383,0.0030085282498228073,-0.04350378755873788,0.09196746834945708,0.0022732620874607633,0.00010048268242544283,0.4393260936900012,0.00018438579492449905,0,0,0,0
stop,29.15999999997739,4.159999999990305,-0.01122385071986544,0.003012580190876147,-0.04350140848150173,0.09185710542867365,0.002275347884548662,0.00010026227167048079,0.43916272866910244,0.00018439239965341482,0,0,0,0
stop,29.199999999977297,4.199999999990212,-0.011223430589790934,0.0030166160924135306,-0.04349905370493103,0.091747946720327,0.00227748149624643,9.997466757945388e-05,0.4390005032272682,0.0001843991760226872,0,0,0,0
stop,29.239999999977204,4.239999999990118,-0.01122295620034831,0.0030206339241494857,-0.04349672295350734,0.0916399802089123,0.002279659757620478,9.966819147860344e-05,0.4388400545405491,0.0001844062070263405,0,0,0,0
stop,29.27999999997711,4.279999999990025,-0.011222432712235874,0.0030246314300699296,-0.04349441590496224,0.09153319346404194,0.0022818762088849622,9.929600393694806e-05,0.4386812647334654,0.00018441337619269686,0,0,0,0
stop,29.319999999977018,4.319999999989932,-0.011221863497376095,0.0030286059049990464,-0.04349213240684793,0.09142757423958259,0.0022841259925354784,9.886678515425915e-05,0.4385244921869668,0.0001844208104852035,0,0,0,0
stop,29.359999999976925,4.359999999989839,-0.011221251627128774,0.00303255654145371,-0.04348987212321929,0.09132310898901061,0.0022864060838062423,9.843270473491822e-05,0.4383685736190665,0.00018442828987879213,0,0,0,0
stop,29.39999999997683,4.3999999999897454,-0.011220601379352034,0.0030364826324341104,-0.04348763481843031,0.09121978507797879,0.002288711010228625,9.79720906104109e-05,0.4382139030612908,0.00018443594333558415,0,0,0,0
stop,29.439999999976738,4.439999999989652,-0.011219915192994503,0.003040382505772197,-0.04348542037810033,0.09111759220316745,0.002291037166335282,9.746759135949442e-05,0.4380611221320532,0.0001844438181377116,0,0,0,0
stop,29.479999999976645,4.479999999989559,-0.011219196829925105,0.0030442533037812153,-0.043483228423653104,0.09101651628289893,0.002293379759283829,9.688081953484611e-05,0.4379099798448285,0.00018445165954558373,0,0,0,0
stop,29.51999999997655,4.519999999989466,-0.01121845075017553,0.0030480953411879514,-0.04348105870490933,0.09091654388214929,0.002295731985631533,9.631438898282712e-05,0.4377595644275105,0.0001844595664855564,0,0,0,0
stop,29.55999999997646,4.5599999999893726,-0.011217677891310021,0.003051909282825939,-0.04347891121949692,0.09081766365526583,0.002298091043441018,9.576234141110346e-05,0.43761031701752295,0.00018446775868213728,0,0,0,0
stop,29.599999999976365,4.599999999989279,-0.011216880660536034,0.003055693368162036,-0.04347678559512046,0.09071986339345757,0.002300455516662374,9.514590782265662e-05,0.4374623576291962,0.00018447576802019434,0,0,0,0
stop,29.639999999976272,4.639999999989186,-0.01121606085246894,0.0030594471295381466,-0.043474681538608416,0.09062313054211855,0.0023028269542786717,9.453229447344924e-05,0.43731579344926397,0.0001844837155121208,0,0,0,0
stop,29.67999999997618,4.679999999989093,-0.011215220596124738,0.0030631701596433064,-0.043472598804432404,0.0905274548168485,0.0023052039289586518,9.389330383199823e-05,0.4371706069840928,0.00018449175258044865,0,0,0,0
stop,29.719999999976086,4.719999999989,-0.011214360369669767,0.0030668626964211634,-0.043470537234337074,0.09043282424383292,0.0023075874205665545,9.327806644257582e-05,0.43702621842469447,0.00018449982822666336,0,0,0,0
stop,29.759999999975992,4.759999999988906,-0.011213484140016041,0.0030705234997487874,-0.04346849662032936,0.0903392247286403,0.0023099721873591867,9.25808911424439e-05,0.4368828152006317,0.00018450784264811856,0,0,0,0
stop,29.7999999999759,4.799999999988813,-0.011212593679886761,0.003074152852823314,-0.043466476781742605,0.09024664369249173,0.002312354178210993,9.191925637316826e-05,0.4367403621955898,0.00018451602644810555,0,0,0,0
stop,29.839999999975806,4.83999999998872,-0.011211690210363962,0.0030777512349485065,-0.04346447745503773,0.09015507060364635,0.002314730678762008,9.125707903221004e-05,0.43659925581520315,0.0001845242783709068,0,0,0,0
stop,29.879999999975713,4.879999999988627,-0.01121077521440136,0.003081317987909986,-0.04346249844725007,0.09006449675367692,0.002317101556748,9.056458640079168e-05,0.4364593626686933,0.0001845324490829349,0,0,0,0
stop,29.91999999997562,4.9199999999885335,-0.011209849177797233,0.003084852764206482,-0.04346053960424534,0.08997490980401333,0.002319469677405059,8.98663554377184e-05,0.43632029060520683,0.0001845404341059104,0,0,0,0
stop,29.959999999975526,4.95999999998844,-0.011208914973541156,0.0030883549538595102,-0.04345860044580512,0.08988629786563918,0.0023218328757583077,8.912994605784906e-05,0.4361824022371558,0.00018454834252173074,0,0,0,0
stop,29.999999999975433,4.999999999988347,-0.011207974790887584,0.0030918248459181267,-0.043456680834081864,0.08979864779384283,0.0023241870744703753,8.83978333698882e-05,0.4360451032259824,0.00018455632664817221,0,0,0,0
