t,dt,force_n,tilt_rad,x,y,speed_m_s,effort_nm
0.004,0.004,0.0,0.0,1.0675118474939779e-20,-8.18005103261685e-21,6.724674506199822e-18,0.0
0.008,0.004,0.0,0.0,6.405071084963868e-20,-4.9080306195701104e-20,2.017781618563937e-17,0.0
0.012,0.004,0.0,0.0,1.6012677712409667e-19,-1.2270076548925277e-19,3.364107673765505e-17,0.0
0.016,0.004,0.0,0.0,3.2649357255031314e-19,-2.196940985542322e-19,5.3133658727136174e-17,0.0
0.020000000000000004,0.0040000000000000036,0.0,0.0,5.723478488789546e-19,-3.369445286042929e-19,7.321046835085988e-17,0.0
0.024000000000000007,0.0040000000000000036,0.0,1.1150808843631363e-05,6.335378709125467e-06,-1.3164619780624924e-08,0.0031659284381799053,0.0
0.02800000000000001,0.0040000000000000036,0.0,6.106871830036585e-05,3.447819715331637e-05,-1.9883384959942002e-08,0.008184219806808524,0.0
0.032000000000000015,0.0040000000000000036,0.0,0.00013874384937836507,7.779401430390591e-05,4.780478762203366e-08,0.011572314748348696,0.0
0.03600000000000002,0.0040000000000000036,0.0,0.00023472627535644155,0.00013061342389838386,1.9236388952890183e-07,0.013649413262326132,0.0
0.04000000000000002,0.0040000000000000036,0.0,0.00034222014556163405,0.00018887260010529765,4.076274069878161e-07,0.014802450763750483,0.0
0.044000000000000025,0.0040000000000000036,0.0,0.0004481060857344657,0.0002445203332143862,6.679268210742979e-07,0.012705745246566418,0.7625602415734829
0.04800000000000003,0.0040000000000000036,0.0,0.0005307229534764004,0.0002843232704649166,9.16962756223809e-07,0.009201131760394056,0.8666749256448538
0.05200000000000003,0.0040000000000000036,0.0,0.000598901327776845,0.00031421674142182354,1.1536510616073517e-06,0.007014346250599065,0.9509928104453842
0.056000000000000036,0.0040000000000000036,0.0,0.0006582188394182545,0.00033796409609615133,1.3768016297373362e-06,0.005661298245516654,1.0182745247141707
0.06000000000000004,0.0040000000000000036,0.0,0.0007121677913813359,0.0003579344515444437,1.5853574847944877e-06,0.004831819071963045,1.070712237376198
0.06400000000000004,0.0040000000000000036,0.0,0.0007629439975522976,0.0003756301558319966,1.7789386435736227e-06,0.004338091337040268,1.1100934790576504
0.06800000000000005,0.0040000000000000036,0.0,0.0008119372054901287,0.00039200710897011303,1.9587431480494606e-06,0.004046834127428582,1.1100934790576504
0.07200000000000005,0.0040000000000000036,0.0,0.0008598856980135874,0.0004075594091009876,2.1253605938915357e-06,0.003868709403040472,1.1378969383747068
0.07600000000000005,0.0040000000000000036,0.0,0.0009072474172668875,0.0004226305868793973,2.2754257546673267e-06,0.003763750659994269,1.1689630454431517
0.08000000000000006,0.0040000000000000036,0.0,0.0009541788192963971,0.00043737136833430716,2.4056861883130142e-06,0.003679401638511652,1.1689677230554203
0.08400000000000006,0.0040000000000000036,0.0,0.0010022350307364574,0.000452744355459291,2.5337545529156347e-06,0.004081163389505633,0.4029494632420881
0.08800000000000006,0.0040000000000000036,0.0,0.0010552872056141685,0.00047111237819404806,2.7044710177447557e-06,0.004706213496347113,0.4743392181971551
0.09200000000000007,0.0040000000000000036,0.0,0.0011106005388252119,0.0004907328023504775,2.894728157006657e-06,0.004941549451933439,0.5401632567827284
0.09600000000000007,0.0040000000000000036,0.0,0.0011664510948851228,0.0005105065636939404,3.088639990295704e-06,0.0049295010107728255,0.6002630778725572
0.10000000000000007,0.0040000000000000036,0.0,0.001221785095740843,0.0005297633771276563,3.2747750799203863e-06,0.004771812240037759,0.654538501924697
0.10400000000000008,0.0040000000000000036,0.0,0.0012761450720143758,0.0005482122102811715,3.4478272658088957e-06,0.004570929796378493,0.654538501924697
0.10800000000000008,0.0040000000000000036,0.0,0.0013296516959805911,0.000565917290533095,3.6091668716491477e-06,0.004389448011656362,0.654538501924697
0.11200000000000009,0.0040000000000000036,0.0,0.001382304177316247,0.0005828825824406524,3.7582609596158476e-06,0.004185453872091979,0.7509280204951223
0.11600000000000009,0.0040000000000000036,0.0,0.0014337023514786615,0.0005988983346116456,3.888821222925533e-06,0.003946207355044135,0.8347356692553587
0.12000000000000009,0.0040000000000000036,0.0,0.0014838509338108434,0.0006140040480555884,3.999667062120605e-06,0.0037297502040683286,0.8347356692553587
0.1240000000000001,0.0040000000000000036,0.0,0.00153491357369262,0.0006295537209954211,4.1087371066919495e-06,0.004132351808455831,0.3720383796533004
0.12800000000000009,0.00399999999999999,0.0,0.0015915981083252028,0.0006484690436934012,4.249160684333256e-06,0.004855561544747757,0.44355842371206133
0.1320000000000001,0.0040000000000000036,0.0,0.0016517219979260804,0.0006693811033066528,4.407270758211347e-06,0.005356423658447343,0.44355842371206133
0.1360000000000001,0.0040000000000000036,0.0,0.001714915976586715,0.0006920563491844665,4.577346341602156e-06,0.005731884601944329,0.5099256440094357
0.1400000000000001,0.0040000000000000036,0.0,0.0017791961980074245,0.0007152877728900116,4.748101360089119e-06,0.005759710754992848,0.6410157466074726
0.1440000000000001,0.0040000000000000036,0.0,0.0018424259040049368,0.0007378048051586145,4.9087651608984726e-06,0.005589694013132145,0.6901591076073108
0.1480000000000001,0.0040000000000000036,0.0,0.0019047680104268072,0.0007597491163949625,5.059366640345383e-06,0.005456795261507839,0.6901591076073108
0.1520000000000001,0.0040000000000000036,0.0,0.001966344471030796,0.0007812244366350514,5.2010494934544515e-06,0.005335039138614671,0.7750253222511682
0.1560000000000001,0.0040000000000000036,0.0,0.0020269764676825817,0.0008021857192205814,5.329919286668549e-06,0.005208946577311376,0.8060883416672822
0.16000000000000011,0.0040000000000000036,0.0,0.0020866598830863357,0.0008226683912383511,5.446898450131638e-06,0.0050911758298752335,0.8313502187471675
0.16400000000000012,0.0040000000000000036,0.0,0.0021477717666931865,0.0008441820437174584,5.566560639067306e-06,0.00572104927429943,0.35734843743730454
0.16800000000000012,0.0040000000000000036,0.0,0.002216257835031865,0.0008704131347474088,5.721585336467585e-06,0.006729161795489532,0.4270368652584337
0.17200000000000013,0.0040000000000000036,0.0,0.002288285578869038,0.0008989586370759484,5.894751455376956e-06,0.007208642686875844,0.49161474153051254
0.17600000000000013,0.0040000000000000036,0.0,0.0023615825064018424,0.0009284177125865001,6.074441517663944e-06,0.007377925464716849,0.5507763350020972
0.18000000000000013,0.0040000000000000036,0.0,0.0024347524209459154,0.0009579500102010441,6.252963820826994e-06,0.007360270600704342,0.6043088745106812
0.18400000000000014,0.0040000000000000036,0.0,0.0025069139760171937,0.0009870422769268732,6.425371470741797e-06,0.007228270703458399,0.6520891701947079
0.18800000000000014,0.0040000000000000036,0.0,0.0025775020515716195,0.001015380272987107,6.58862946783919e-06,0.007026462922814898,0.6940779670986836
0.19200000000000014,0.0040000000000000036,0.0,0.0026461536355605123,0.0010427753591811101,6.741026704864613e-06,0.006783145950096514,0.7303130264384703
0.19600000000000015,0.0040000000000000036,0.0,0.0027126390801915402,0.001069120437500359,6.881760930157579e-06,0.006516775837226201,0.7609015057095986
0.20000000000000015,0.0040000000000000036,0.0,0.002776818737512504,0.0010943622976340667,7.010646201235544e-06,0.006239574401406941,0.7860119886085437
0.20400000000000015,0.0040000000000000036,0.0,0.0028417464668863642,0.001120428203033786,7.140814613357803e-06,0.00693206910117196,0.33836159882033134
0.20800000000000016,0.0040000000000000036,0.0,0.002915203009782519,0.0011521334693892528,7.302873650305541e-06,0.008117188798774528,0.4055527637612141
0.21200000000000016,0.0040000000000000036,0.0,0.002992973445748096,0.0011868094070082047,7.4821913176739924e-06,0.008850837862331285,0.4055527637612141
0.21600000000000016,0.0040000000000000036,0.0,0.003074110147097679,0.0012238413749319737,7.67207507792784e-06,0.009312285911874532,0.4678754031158078
0.22000000000000017,0.0040000000000000036,0.0,0.0031548985887717915,0.001260927109651321,7.86095029160452e-06,0.009124691971207646,0.5909636343570789
0.22400000000000017,0.0040000000000000036,0.0,0.0032315242746421735,0.0012957446253984688,8.038059104492098e-06,0.008568360011542866,0.6371036135085624
0.22800000000000017,0.0040000000000000036,0.0,0.003304171922576925,0.001328451331302368,8.202952378842677e-06,0.008049886502765903,0.6371036135085624
0.23200000000000018,0.0040000000000000036,0.0,0.0033730451150776287,0.0013591849800194573,8.358422911941629e-06,0.00756456769568364,0.6371036135085624
0.23600000000000018,0.0040000000000000036,0.0,0.0034383221931100025,0.0013880646870175078,8.506445800865474e-06,0.007107984378887001,0.6371036135085624
0.24000000000000019,0.0040000000000000036,0.0,0.0035001604824997164,0.0014151943022184877,8.648403174192171e-06,0.006676500737029879,0.6371036135085624
0.2440000000000002,0.0040000000000000036,0.0,0.0035585989189925865,0.0014406254584701007,8.782258503998204e-06,0.006247306589430695,0.7549833699280168
0.2480000000000002,0.0040000000000000036,0.0,0.0036134576240515882,0.0014643176884817101,8.90123885675093e-06,0.0058169737823875476,0.7549833699280168
0.25200000000000017,0.003999999999999976,0.0,0.003668466345806124,0.0014886091386393271,9.017979219981509e-06,0.0065384129803160475,0.4094022807365963
0.25600000000000017,0.0040000000000000036,0.0,0.0037327661064925277,0.001519202616580633,9.15594233052392e-06,0.007861207293811644,0.5041077758613788
0.2600000000000002,0.0040000000000000036,0.0,0.0038006897974826232,0.0015525385725823797,9.300599632717492e-06,0.008396878008763804,0.5496843978758373
0.2640000000000002,0.0040000000000000036,0.0,0.0038688844187450434,0.0015865123773969028,9.44480961841102e-06,0.008469807205089996,0.5904705996178747
0.2680000000000002,0.0040000000000000036,0.0,0.003935379760051019,0.0016199052425737474,9.583997083904238e-06,0.008274196717883495,0.626428868089266
0.2720000000000002,0.0040000000000000036,0.0,0.003999004794046526,0.0016520074321483885,9.715370338959163e-06,0.007922576190965968,0.6575831572232171
0.2760000000000002,0.0040000000000000036,0.0,0.004059069572027566,0.001682413144164329,9.837370740784124e-06,0.007482645626174388,0.6840143538288526
0.2800000000000002,0.0040000000000000036,0.0,0.0041151844868278185,0.0017109042382495326,9.949285163032226e-06,0.0069964607155926705,0.7058545855976268
0.2840000000000002,0.0040000000000000036,0.0,0.0041713009606392714,0.0017399756080366889,1.0062813937057301e-05,0.0077879786086545826,0.3225576809803363
0.2880000000000002,0.0040000000000000036,0.0,0.004237701923508973,0.00177602804429544,1.0205860326847355e-05,0.009235547241283101,0.34735323868561396
0.2920000000000002,0.0040000000000000036,0.0,0.004307808901284843,0.00181489221945027,1.0363200708071913e-05,0.009767736323722425,0.40551659500037374
0.2960000000000002,0.0040000000000000036,0.0,0.00437779368462079,0.0018541662443970015,1.0524702426515763e-05,0.00977065954573238,0.45923397644957326
0.3000000000000002,0.0040000000000000036,0.0,0.004445791858773273,0.0018926942986248901,1.0685054823857007e-05,0.009587950453437733,0.45923397644957326
0.3040000000000002,0.0040000000000000036,0.0,0.004511484946436685,0.0019302831166809946,1.084318970840336e-05,0.009294206689543633,0.5082691250130211
0.3080000000000002,0.0040000000000000036,0.0,0.004573356510944497,0.001966007438169259,1.0994682716575749e-05,0.008770366203111972,0.5579541755468629
0.3120000000000002,0.0040000000000000036,0.0,0.004630066684536728,0.0019990580624535265,1.113633912568496e-05,0.008069710216699003,0.6027707666877803
0.3160000000000002,0.0040000000000000036,0.0,0.0046809121239129005,0.002029027448845374,1.1266354864023837e-05,0.00729281661459378,0.6420185941123251
0.32000000000000023,0.0040000000000000036,0.0,0.004725815470030176,0.002055901750033534,1.1383287190560495e-05,0.006535517219531542,0.7036115027041009
0.32400000000000023,0.0040000000000000036,0.0,0.004765077346814229,0.0020799012512185745,1.1486064224844459e-05,0.005824107688560111,0.7036115027041009
0.32800000000000024,0.0040000000000000036,0.0,0.004803937608835034,0.002104325836456862,1.1588544200377471e-05,0.006734126285023597,0.3643770575928488
0.33200000000000024,0.0040000000000000036,0.0,0.0048575604867447135,0.002138675215849674,1.1719248061163616e-05,0.009209039818337044,0.3647508125115161
0.33600000000000024,0.0040000000000000036,0.0,0.004923802248881279,0.0021815554237116044,1.1867830001101445e-05,0.01099362079754627,0.3904520447406455
0.34000000000000025,0.0040000000000000036,0.0,0.004992535556142359,0.0022265332734934785,1.202134875225576e-05,0.010946048389720834,0.5025077372619092
0.34400000000000025,0.0040000000000000036,0.0,0.0050531104993411765,0.0022669003558039844,1.2169469182678855e-05,0.009814669458389186,0.5025077372619092
0.34800000000000025,0.0040000000000000036,0.0,0.005106051929653937,0.0023030324880322995,1.2312462999670008e-05,0.008789512049916444,0.5449367194416521
0.35200000000000026,0.0040000000000000036,0.0,0.005151992112324154,0.002335370774813502,1.2448567545711596e-05,0.007854551819632497,0.5449367194416521
0.35600000000000026,0.0040000000000000036,0.0,0.005191316114002511,0.0023641857706850895,1.2577358714820932e-05,0.0070025328449295566,0.6246136491746546
0.36000000000000026,0.0040000000000000036,0.0,0.005224569053200796,0.002389856648563011,1.2693254429521219e-05,0.006227652907305422,0.6883482976390444
0.36400000000000027,0.0040000000000000036,0.0,0.005257694546277145,0.0024161778681085553,1.2805260999466946e-05,0.007306541000905497,0.39537091736298813
0.36800000000000027,0.0040000000000000036,0.0,0.005305330650203228,0.0024524330312119293,1.2940578079319232e-05,0.009378178016971418,0.3808420098508296
0.3720000000000003,0.0040000000000000036,0.0,0.0053582978398045945,0.0024927531415400842,1.3086646073669388e-05,0.010152775695941842,0.4205526222558467
0.3760000000000003,0.0040000000000000036,0.0,0.005411169616675082,0.0025336842296332157,1.3235009455272566e-05,0.01016265142539467,0.46970466428957797
0.3800000000000003,0.0040000000000000036,0.0,0.0054607182143094415,0.002573182683418168,1.33801647134935e-05,0.00972066873487943,0.5140274825472422
0.3840000000000003,0.0040000000000000036,0.0,0.005505045951569113,0.002610054026117022,1.3518655797456602e-05,0.009016504891685151,0.5534390203810302
0.3880000000000003,0.0040000000000000036,0.0,0.005543086410162071,0.0026436310841459537,1.3648442573953948e-05,0.00816861240451397,0.5879256843752372
0.3920000000000003,0.0040000000000000036,0.0,0.00557430621499522,0.002673582065001788,1.376845869509236e-05,0.007252615940409877,0.617536849457816
0.3960000000000003,0.0040000000000000036,0.0,0.005598519583863362,0.002699791648464417,1.3878301703222738e-05,0.0063173983256004295,0.6423786020900462
0.4000000000000003,0.0040000000000000036,0.0,0.005615821011934339,0.0027223222517638763,1.3978042849625333e-05,0.005410276915891271,0.6626071570785256
0.4040000000000003,0.0040000000000000036,0.0,0.005633152137003308,0.002745632950081256,1.4078688704482371e-05,0.0066802978175083865,0.4183417348049744
0.4080000000000003,0.0040000000000000036,0.0,0.005667588049032607,0.0027806651323046597,1.4205797453777336e-05,0.009140019714374321,0.39732699799659793
0.4120000000000003,0.0040000000000000036,0.0,0.005708641277547116,0.0028206945241650476,1.4346023786385138e-05,0.010109344881671308,0.3904819026774191
0.4160000000000003,0.0040000000000000036,0.0,0.005750029736278361,0.0028617069001580014,1.4490408446732879e-05,0.010186791347058488,0.4380604440608687
0.4200000000000003,0.0040000000000000036,0.0,0.005787965403322105,0.0029012897432740188,1.4633035906793837e-05,0.009729453678980909,0.48114241941047026
0.4240000000000003,0.0040000000000000036,0.0,0.005820202806741005,0.002938016524865169,1.4770093016381536e-05,0.008958367799763672,0.5196290015332885
0.4280000000000003,0.0040000000000000036,0.0,0.005845474054915841,0.0029710818417074437,1.4899288004858566e-05,0.008013208238973252,0.5534873983071549
0.43200000000000033,0.0040000000000000036,0.0,0.005863140747330857,0.0030000771841030833,1.5019370938974718e-05,0.00698354595042224,0.5827457989152893
0.43600000000000033,0.0040000000000000036,0.0,0.005872976273328035,0.003024851212578522,1.51298011675589e-05,0.005927502256788257,0.6074876172990045
0.44000000000000034,0.0040000000000000036,0.0,0.00587502499757982,0.0030454198114903373,1.5230516009265336e-05,0.004882823913734767,0.6278453196036666
0.44400000000000034,0.0040000000000000036,0.0,0.005876743855537912,0.0030665736981671855,1.5331819374839394e-05,0.006207479666847187,0.4267205474057177
0.44800000000000034,0.0040000000000000036,0.0,0.005896854566118857,0.0031003632767519058,1.5457776638986545e-05,0.008858079458301265,0.40058296841788316
0.45200000000000035,0.0040000000000000036,0.0,0.005925959237921878,0.0031407477372696916,1.5597313504880957e-05,0.0105100914467784,0.40058296841788316
0.45600000000000035,0.0040000000000000036,0.0,0.00596021233676247,0.0031852600013790662,1.5743988070942852e-05,0.010914151520954053,0.42660284254542064
0.46000000000000035,0.0040000000000000036,0.0,0.0059875564448095536,0.0032261800492486142,1.5886898059600528e-05,0.00996097403705905,0.46810661545477134
0.46400000000000036,0.0040000000000000036,0.0,0.006006743948969314,0.003262715952644348,1.602309772908025e-05,0.00883388759335068,0.505128493454023
0.46800000000000036,0.0040000000000000036,0.0,0.006017102572274385,0.0032944358900322403,1.6150856933535138e-05,0.007616384942192254,0.5376410152735204
0.47200000000000036,0.0040000000000000036,0.0,0.006018381006310324,0.0033211691812560736,1.6269285741588607e-05,0.006368648039639919,0.565676714920815
0.47600000000000037,0.0040000000000000036,0.0,0.006010628355658034,0.003342929506924867,1.6378069829759327e-05,0.005132911876806303,0.5893218856633491
0.48000000000000037,0.0040000000000000036,0.0,0.005994102868116048,0.0033598571550164822,1.6477282094594383e-05,0.003937986910432538,0.6087102538005549
0.4840000000000004,0.0040000000000000036,0.0,0.005977018635921451,0.0033772340806456033,1.6576991995969338e-05,0.005331825619560378,0.4244575889865307
0.4880000000000004,0.0040000000000000036,0.0,0.005979740448775702,0.003408206023047933,1.670059482710157e-05,0.008187036024296374,0.39301352593991234
0.4920000000000004,0.0040000000000000036,0.0,0.00599018863549718,0.0034449941635580315,1.6835970210047228e-05,0.00931479612480942,0.37066491664093637
0.4960000000000004,0.0040000000000000036,0.0,0.006001081626803385,0.003482915755807695,1.6974991258836218e-05,0.009401034365745393,0.4067305834212223
0.5000000000000003,0.003999999999999948,0.0,0.006008019839178795,0.0035191418039875384,1.711231056153761e-05,0.008859376560631934,0.446696156887002
0.5040000000000003,0.0040000000000000036,0.0,0.0060083939667382935,0.0035519895995653385,1.724451367876439e-05,0.007947182631232215,0.48239368372610647
0.5080000000000003,0.0040000000000000036,0.0,0.006000738977825963,0.0035805047347975028,1.736952721465609e-05,0.006828760623829059,0.5137934547698138
0.5120000000000003,0.0040000000000000036,0.0,0.0059844526385816835,0.003604290395264838,1.7486872426914956e-05,0.005653683123539368,0.5137934547698138
0.5160000000000003,0.0040000000000000036,0.0,0.005959677577238791,0.0036234554464966338,1.7598258588261518e-05,0.0045046184263715676,0.5137934547698138
0.5200000000000004,0.0040000000000000036,0.0,0.005926343862101633,0.0036379460499402056,1.7703566530632173e-05,0.003304832869437912,0.5668894352959093
0.5240000000000004,0.0040000000000000036,0.0,0.005892050877385878,0.00365261826694207,1.7808672946148377e-05,0.00465854299226958,0.40629104852697895
0.5280000000000004,0.0040000000000000036,0.0,0.005877513725545572,0.0036808601365537082,1.7934446192853815e-05,0.007488126510050986,0.36870788898336837
0.5320000000000004,0.0040000000000000036,0.0,0.005872374361703647,0.003715981827599959,1.807130518180069e-05,0.009211583656294885,0.36870788898336837
0.5360000000000004,0.0040000000000000036,0.0,0.005876732197288226,0.0037580508492065182,1.8216482831821196e-05,0.010953560937558643,0.36870788898336837
0.5400000000000004,0.0040000000000000036,0.0,0.005888665853844919,0.0038058323459645876,1.8366696269120023e-05,0.01205647122788944,0.35757106513177245
0.5440000000000004,0.0040000000000000036,0.0,0.005897711579761957,0.003852591608687203,1.851449723962292e-05,0.011087851218373891,0.4539258605799033
0.5480000000000004,0.0040000000000000036,0.0,0.00588915054351624,0.0038888799998725958,1.865198407395307e-05,0.008238961427162458,0.4986788999736637
0.5520000000000004,0.0040000000000000036,0.0,0.0058602031568071485,0.003912909122702543,1.8776984076483253e-05,0.0054213979809321034,0.5620200492538219
0.5560000000000004,0.0040000000000000036,0.0,0.005816163508539517,0.0039279935976782995,1.8887959730800915e-05,0.00328025923117912,0.5826212470287623
0.5600000000000004,0.0040000000000000036,0.0,0.005759340577187205,0.0039355635403935975,1.898656749866562e-05,0.001476672832667,0.5989498618138618
0.5640000000000004,0.0040000000000000036,0.0,0.005701250145467552,0.003943020179085391,1.9083749794870594e-05,0.002952183218676336,0.3821119583643313
0.5680000000000004,0.0040000000000000036,0.0,0.00566514562729495,0.003965463213115404,1.920328935707796e-05,0.006101451979682122,0.3418007650344375
0.5720000000000004,0.0040000000000000036,0.0,0.005637811269804155,0.0039943485932403475,1.9333875814106835e-05,0.007354063289375531,0.34934340369198097
0.5760000000000004,0.0040000000000000036,0.0,0.005611312275392435,0.004024543198335311,1.9467924132265492e-05,0.007465903429580556,0.3899505102356095
0.5800000000000004,0.0040000000000000036,0.0,0.005580888965423688,0.00405295859601137,1.960043745455598e-05,0.006893176829347386,0.4265414712958464
0.5840000000000004,0.0040000000000000036,0.0,0.005543752599039836,0.004077770160094848,1.972821683146592e-05,0.005919521006900519,0.45905226215405875
0.5880000000000004,0.0040000000000000036,0.0,0.005498371301278688,0.0040979547189977554,1.9849310257219173e-05,0.004725631509059463,0.48747516447295125
0.5920000000000004,0.0040000000000000036,0.0,0.005444031121369232,0.004113007109607733,1.9962627628667835e-05,0.0034286414263157783,0.5118542734259784
0.5960000000000004,0.0040000000000000036,0.0,0.005380556947809681,0.004122760652309623,2.0067671254069154e-05,0.0021051705222736436,0.5322803442564183
0.6000000000000004,0.0040000000000000036,0.0,0.0053080561023274055,0.00412724425445551,2.016473473191127e-05,0.0007924508054732196,0.5322803442564183
0.6040000000000004,0.0040000000000000036,0.0,0.0052269984595248445,0.004126773505687064,2.0255186633073252e-05,0.0003914621294615162,0.5322803442564183
0.6080000000000004,0.0040000000000000036,0.0,0.00514660175279108,0.004127304874217511,2.034775155345149e-05,0.0011142090494115455,0.31584163163753526
0.6120000000000004,0.0040000000000000036,0.0,0.005086194067538839,0.004141352564041518,2.0461053389303567e-05,0.003951984648419517,0.2913699909916248
0.6160000000000004,0.0040000000000000036,0.0,0.005033817371308101,0.004161168746464574,2.0584703541260258e-05,0.005068505262535984,0.33118597127868177
0.6200000000000004,0.0040000000000000036,0.0,0.004982275660691528,0.004182081681103415,2.071173128513121e-05,0.00514635295286194,0.3676224888759564
0.6240000000000004,0.0040000000000000036,0.0,0.00492725600382053,0.004201276338994165,2.0837540924061535e-05,0.004600333114391767,0.4005569093282204
0.6280000000000004,0.0040000000000000036,0.0,0.004866245744881004,0.0042170921516627245,2.0959186747236006e-05,0.0036898293461102775,0.42992014429350295
0.6320000000000005,0.0040000000000000036,0.0,0.004797885675000654,0.00422860422184947,2.1074867388505444e-05,0.002580857298111216,0.45569375453290617
0.6360000000000005,0.0040000000000000036,0.0,0.004721569772894781,0.0042353649176434275,2.118357238709566e-05,0.0013814479877968964,0.47790599547313645
0.6400000000000005,0.0040000000000000036,0.0,0.004637189247119453,0.004237239291227272,2.1284834783950368e-05,0.0001638603993571413,0.4966272871913563
0.6440000000000005,0.0040000000000000036,0.0,0.004551932368725232,0.004238894075492217,2.138633110850409e-05,0.0012681297926016538,0.2704077725657738
0.6480000000000005,0.0040000000000000036,0.0,0.004483913580786761,0.004252236541070526,2.150654660396866e-05,0.003696988518280605,0.26628727764234483
0.6520000000000005,0.0040000000000000036,0.0,0.004422257927990501,0.004270205860869869,2.1635764285409505e-05,0.004556684918586372,0.30770494465922493
0.6560000000000005,0.0040000000000000036,0.0,0.004360424884071311,0.004288542245211256,2.1767473666562035e-05,0.004470090985451671,0.3457213233483743
0.6600000000000005,0.0040000000000000036,0.0,0.004294523467548363,0.004304692612675194,2.189738982557322e-05,0.003819075504991268,0.38019425573225085
0.6640000000000005,0.0040000000000000036,0.0,0.004222327964233399,0.004317171865677485,2.2022772395031066e-05,0.002843796550635586,0.41103814695144514
0.6680000000000005,0.0040000000000000036,0.0,0.00414268306360543,0.004325177625123536,2.214195133430383e-05,0.001698365613487265,0.4382207364848278
0.6720000000000005,0.0040000000000000036,0.0,0.00405513238837139,0.0043283503945183545,2.225399595511511e-05,0.0004833226868160959,0.46175892741812996
0.6760000000000005,0.0040000000000000036,0.0,0.0039596757809738335,0.004326617564001264,2.235845694673305e-05,0.000739303554392164,0.48171408920511727
0.6800000000000005,0.0040000000000000036,0.0,0.0038576285577588024,0.004320731284485633,2.2455201805227742e-05,0.0016938379569494632,0.49818868177260167
0.6840000000000005,0.0040000000000000036,0.0,0.0037567584229737717,0.004315718634542414,2.2552379630368655e-05,0.0004432504600137717,0.2160917350802713
0.6880000000000005,0.0040000000000000036,0.0,0.0036725141699741693,0.004321828879699991,2.266910299028759e-05,0.0018783494796833977,0.25910035819864774
0.6920000000000005,0.0040000000000000036,0.0,0.003594760501155203,0.0043324653312918435,2.279555699900599e-05,0.002731341658763915,0.298992760423593
0.6960000000000005,0.0040000000000000036,0.0,0.0035173819163235123,0.004343631226814134,2.2925143608162086e-05,0.0026959775814315123,0.33557844052283775
0.7000000000000005,0.0040000000000000036,0.0,0.003436736802464616,0.004352924783147054,2.305349987057046e-05,0.0021295072324399424,0.36872341556110366
0.7040000000000005,0.0040000000000000036,0.0,0.0033510910797327712,0.0043591927369473595,2.3178585084905587e-05,0.0013804393633167237,0.36872341556110366
0.7080000000000005,0.0040000000000000036,0.0,0.0032602198710690736,0.004362295032525038,2.3300483942160475e-05,0.0005341435320626905,0.3983484393001677
0.7120000000000005,0.0040000000000000036,0.0,0.0031631879520784625,0.0043615860000189915,2.3417875155251025e-05,0.0004152056367365922,0.3983484393001677
0.7160000000000005,0.0040000000000000036,0.0,0.003059970315287624,0.004357019163323832,2.353034965483305e-05,0.0014055528044790106,0.4535623411273071
0.7200000000000005,0.0040000000000000036,0.0,0.0029512379541617325,0.004348840505472203,2.363437076175799e-05,0.002244027431747517,0.47875469502926904
0.7240000000000005,0.0040000000000000036,0.0,0.002843294482696985,0.004341119395897253,2.3737075267540447e-05,0.0012848388404313597,0.22060458625505028
0.7280000000000005,0.0040000000000000036,0.0,0.0027509830699183383,0.004343708002114509,2.3857801745331832e-05,0.0012886529997173878,0.22060458625505028
0.7320000000000005,0.0040000000000000036,0.0,0.0026719307238213313,0.004355054921457619,2.3990712665077778e-05,0.003100697872577394,0.26209640772787035
0.7360000000000005,0.0040000000000000036,0.0,0.0025968070317504283,0.0043690875242429405,2.412814572184375e-05,0.00337891406246779,0.30508864300052313
0.7400000000000005,0.0040000000000000036,0.0,0.0025168342294368405,0.004380116489082982,2.4264542430828763e-05,0.002380450813368236,0.3448899962123845
0.7440000000000005,0.0040000000000000036,0.0,0.0024270584278212933,0.004384887753688658,2.4395477999264335e-05,0.000744906353651745,0.41262121909550065
0.7480000000000006,0.0040000000000000036,0.0,0.0023273508570001494,0.004383193617782827,2.45174409461097e-05,0.0007712890388791027,0.41262121909550065
0.7520000000000006,0.0040000000000000036,0.0,0.002220532093530488,0.0043768175192736205,2.4632029568740926e-05,0.0018362978430872194,0.43675813754034076
0.7560000000000006,0.0040000000000000036,0.0,0.0021089468952355185,0.004367141328714203,2.4738340899409073e-05,0.0025973038398591887,0.4794470892186373
0.7600000000000006,0.0040000000000000036,0.0,0.0019942417736508863,0.004355038065261319,2.4835051092526638e-05,0.003157632770998286,0.49291406282542627
0.7640000000000006,0.0040000000000000036,0.0,0.0018811598180276414,0.004343622500629026,2.4930920879961086e-05,0.002331959854922612,0.20970264326537094
0.7680000000000006,0.0040000000000000036,0.0,0.001779040944300934,0.004339308522001856,2.5045330107713898e-05,0.0008690503980501778,0.2495424450833829
0.7720000000000006,0.0040000000000000036,0.0,0.0016810543482364655,0.004337611478321533,2.5168987562356063e-05,0.00040614114727812947,0.28637526109779093
0.7760000000000006,0.0040000000000000036,0.0,0.0015830678111144294,0.004335795875013581,2.529563845732275e-05,0.0005498384171437519,0.3200351700573937
0.7800000000000006,0.0040000000000000036,0.0,0.0014826561008261553,0.0043322287528883615,2.5421140844166217e-05,0.0010529420679245174,0.3504101975319096
0.7840000000000006,0.0040000000000000036,0.0,0.0013785377968655766,0.004326012058060879,2.5542788305912308e-05,0.0017421557743982337,0.37743977198294554
0.7880000000000006,0.0040000000000000036,0.0,0.0012709825967819335,0.004317230256363534,2.5658857263529702e-05,0.002336545980589659,0.4011128886906905
0.7920000000000006,0.0040000000000000036,0.0,0.0011611312177774913,0.004306514696435761,2.576844896254861e-05,0.00278731850784504,0.42146399836723913
0.7960000000000006,0.0040000000000000036,0.0,0.0010498308260994383,0.00429430803549695,2.5871138018218606e-05,0.003136930754311162,0.4385611300004678
0.8000000000000006,0.0040000000000000036,0.0,0.000937730806341562,0.004280926515847297,2.5966822337733297e-05,0.0034138151047388076,0.4525074993776115
0.8040000000000006,0.0040000000000000036,0.0,0.0008275007663065494,0.0042681570809249975,2.6062807715625634e-05,0.0028594556419711567,0.19334518586257712
0.8080000000000006,0.0040000000000000036,0.0,0.0007244949760269715,0.00425985484321645,2.6176361270705607e-05,0.001958353107145382,0.2316045310312954
0.8120000000000006,0.0040000000000000036,0.0,0.0006248387730035076,0.004253455497225714,2.6299702106281026e-05,0.0014802926709732106,0.2316045310312954
0.8160000000000006,0.0040000000000000036,0.0,0.0005269371532105412,0.004247890536043152,2.6428302838998878e-05,0.0015460872391828608,0.3036134558547162
0.8200000000000006,0.0040000000000000036,0.0,0.0004263334970615681,0.004240107618821828,2.655437660846461e-05,0.002071417042501707,0.3330784110860353
0.8240000000000006,0.0040000000000000036,0.0,0.0003240398513535879,0.0042306008412802965,2.667580668413253e-05,0.002473926328482754,0.3593621282482174
0.8280000000000006,0.0040000000000000036,0.0,0.00022109314691881807,0.004219755642352953,2.6791344210190693e-05,0.0027881162803573274,0.3824430897730038
0.8320000000000006,0.0040000000000000036,0.0,0.00011938878426113629,0.004207850674651577,2.6900312268245126e-05,0.0030380785973335364,0.40234259282412743
0.8360000000000006,0.0040000000000000036,0.0,3.8609587282275676e-05,0.004195092286395176,2.7002427055328217e-05,0.003240109525983156,0.4191207566414247
0.8400000000000006,0.0040000000000000036,0.0,0.00010296096081997498,0.004181632739297045,2.7097673204713507e-05,0.003407876159532926,0.4328718955183468
0.8440000000000006,0.0040000000000000036,0.0,0.00020232557293621588,0.004168354929883508,2.7193098615447543e-05,0.0031620664656310687,0.18652242160872162
0.8480000000000006,0.0040000000000000036,0.0,0.0003004366144716994,0.004157093406801609,2.7305280753633727e-05,0.0027842515819754277,0.22334968703035651
0.8520000000000006,0.0040000000000000036,0.0,0.0003979566261433658,0.004146152229094082,2.7425793614473873e-05,0.0027502920261898837,0.2575108734618916
0.8560000000000006,0.0040000000000000036,0.0,0.000495347818757622,0.004134926680766689,2.7548887948938123e-05,0.0028391500119949783,0.28883906860519604
0.8600000000000007,0.0040000000000000036,0.0,0.0005927242665734992,0.004123190237634802,2.767087647090163e-05,0.0029755097585053986,0.317216331391431
0.8640000000000007,0.0040000000000000036,0.0,0.0006900853394202015,0.004110836382744084,2.778937656386954e-05,0.003133199510266694,0.3425722016532291
0.8680000000000007,0.0040000000000000036,0.0,0.0007872868618764763,0.004097889472967221,2.790347230921896e-05,0.003266418251262435,0.3425722016532291
0.8720000000000007,0.0040000000000000036,0.0,0.0008840746921041335,0.004084493773398839,2.801363773144545e-05,0.0033830135451329477,0.36488153507084786
0.8760000000000007,0.0040000000000000036,0.0,0.0009804331583456384,0.004070584682212978,2.8118638258920607e-05,0.003515719589518056,0.3866515491025445
0.8800000000000007,0.0040000000000000036,0.0,0.0010765572327531463,0.004055951011187391,2.8217127022025715e-05,0.003737952403375128,0.420837028357568
0.8840000000000007,0.0040000000000000036,0.0,0.0011723449450142126,0.004040693785801304,2.8314368705666815e-05,0.0037333646534295386,0.1836627305494656
0.8880000000000007,0.0040000000000000036,0.0,0.0012658054766232262,0.004026435462165941,2.8426875962476886e-05,0.0035340692754671356,0.21914785825770008
0.8920000000000007,0.0040000000000000036,0.0,0.0013578395583539605,0.004012519097292844,2.854686578125414e-05,0.0034768644567982425,0.25201490185222153
0.8960000000000007,0.0040000000000000036,0.0,0.0014489154036566223,0.00399857429204392,2.8668983630646712e-05,0.0035004363992749256,0.2821050403551497
0.9000000000000007,0.0040000000000000036,0.0,0.0015395456170240742,0.003984218405346467,2.8789627108361193e-05,0.003647089441763342,0.3093088816251004
0.9040000000000007,0.0040000000000000036,0.0,0.001630470659417933,0.00396894562428333,2.8906955607159434e-05,0.0038710619825385725,0.3335621838246554
0.9080000000000007,0.0040000000000000036,0.0,0.0017213278450427811,0.003952952130685138,2.9019845554327793e-05,0.004036046522277695,0.35484981559701045
0.9120000000000007,0.0040000000000000036,0.0,0.0018117468361886285,0.00393644563885378,2.9127319548486576e-05,0.004155353419982824,0.3731930073682964
0.9160000000000007,0.0040000000000000036,0.0,0.0019014926659483781,0.003919551764704209,2.9228873450612194e-05,0.004245959199489699,0.3886484532546366
0.9200000000000007,0.0040000000000000036,0.0,0.001990388531306535,0.003902360517840286,2.932432482662767e-05,0.0043153123917513995,0.4013044326266327
0.9240000000000007,0.0040000000000000036,0.0,0.0020784247286262385,0.0038849652790234526,2.942003574769757e-05,0.0043569840579656145,0.21248144333373487
0.9280000000000007,0.0040000000000000036,0.0,0.002165956325126506,0.0038674366305419643,2.9531219546375036e-05,0.00438858144401425,0.22288102847540409
0.9320000000000007,0.0040000000000000036,0.0,0.002252852645596362,0.0038498075907009983,2.9650193027864396e-05,0.00441406106952787,0.2380765733275733
0.9360000000000007,0.0040000000000000036,0.0,0.0023390484733372802,0.0038320818253267074,2.977174772197412e-05,0.00443824633879258,0.2671217235379597
0.9400000000000007,0.0040000000000000036,0.0,0.002424481711859584,0.0038142668683461213,2.9892409471259045e-05,0.00445974654028954,0.29343824481644953
0.9440000000000007,0.0040000000000000036,0.0,0.002509079808917132,0.003796379924213062,3.0009917285473358e-05,0.0044762965811117345,0.31695985467070886
0.9480000000000007,0.0040000000000000036,0.0,0.002592760526728101,0.003778446080787771,3.0122856783764718e-05,0.004486163370965963,0.3376623515222469
0.9520000000000007,0.0040000000000000036,0.0,0.002675435609670923,0.003760495361985629,3.0230402489804347e-05,0.0044883032244823345,0.3555599292758492
0.9560000000000007,0.0040000000000000036,0.0,0.0027570026622935574,0.003742566663766457,3.03321382626742e-05,0.004479048653442619,0.3707012925591586
0.9600000000000007,0.0040000000000000036,0.0,0.0028373273706071888,0.003724728164440511,3.0428220690401586e-05,0.004450174085624179,0.3707012925591586
0.9640000000000007,0.0040000000000000036,0.0,0.002916282580950868,0.003707064218957316,3.0519366496609865e-05,0.004402471481556092,0.3831660340720706
0.9680000000000007,0.0040000000000000036,0.0,0.0029937301342488503,0.0036896399854344925,3.06054881667289e-05,0.00433818742578846,0.3831660340720706
0.9720000000000008,0.0040000000000000036,0.0,0.0030689604165276205,0.0036729167681520294,3.0693032274892624e-05,0.004059273782671156,0.2664467574611233
0.9760000000000008,0.0040000000000000036,0.0,0.0031403125857676797,0.0036579494054058324,3.079690045832222e-05,0.003643386048422483,0.2664467574611233
0.9800000000000008,0.0040000000000000036,0.0,0.003207822809557702,0.0036446468999086178,3.091138568362743e-05,0.003238846029115029,0.2984652664330075
0.9840000000000008,0.0040000000000000036,0.0,0.003271460257365499,0.0036328505819200694,3.1027732181066596e-05,0.0028720334385530246,0.3257325603958521
0.9880000000000008,0.0040000000000000036,0.0,0.0033316970908682316,0.003622193181377661,3.114020648785917e-05,0.0025975052849604614,0.3257325603958521
0.9920000000000008,0.0040000000000000036,0.0,0.0033888640175227043,0.0036124686029376132,3.1249364703321334e-05,0.0023872491240958605,0.345913683831798
0.9960000000000008,0.0040000000000000036,0.0,0.0034433157926501,0.0036034029420539604,3.1353396296537974e-05,0.002229357454377896,0.35412704919478
1.0000000000000007,0.0039999999999998925,0.0,0.0034951771745351215,0.0035949034870741544,3.145226677434057e-05,0.002092361435830141,0.36173994746479055
1.0040000000000007,0.0040000000000000036,0.0,0.003561855331072766,0.003575036546407898,3.154618542912751e-05,0.007904854489483264,0.8764190568580277
1.0080000000000007,0.0040000000000000036,0.0,0.003647885910654503,0.0035410825967169073,3.163611613428846e-05,0.0031900715999912165,0.6946801912162123
1.0120000000000007,0.0040000000000000036,0.0,0.003650795957358518,0.003564342050393492,3.172453008865652e-05,0.004236093628816478,0.42113079644239343
1.0160000000000007,0.0040000000000000036,0.0,0.003689915415389051,0.003562749840627496,3.180871213528838e-05,0.0019269411385067217,0.42113079644239343
1.0200000000000007,0.0040000000000000036,0.0,0.0037224649385328656,0.0035660693540007166,3.188898626456001e-05,0.006615388768340308,0.9928312945934452
1.0240000000000007,0.0040000000000000036,0.0,0.003683253103720376,0.003619718325478097,3.196676180152108e-05,0.00864447777232694,0.7103138354373444
1.0280000000000007,0.0040000000000000036,0.0,0.003712818643430881,0.003626572780738941,3.203962750762393e-05,0.004311065451506603,0.5841180679124681
1.0320000000000007,0.0040000000000000036,0.0,0.0037067006603864723,0.0036586448659379207,3.210972945884008e-05,0.006536005447701481,0.3787132247618614
1.0360000000000007,0.0040000000000000036,0.0,0.0037302316681259665,0.0036710289771243595,3.217647187925165e-05,0.0025684787081177276,0.3773300176899438
1.0400000000000007,0.0040000000000000036,0.0,0.00376597440193252,0.0036758450589538566,3.223992038326976e-05,0.0007855871312038917,0.3773300176899438
1.0440000000000007,0.0040000000000000036,0.0,0.0038112664922086005,0.003674707706866037,3.230023292750119e-05,0.000610527964176112,0.3773300176899438
1.0480000000000007,0.0040000000000000036,0.0,0.0038899201595588673,0.0036507795549620254,3.23551613079242e-05,0.010776964977437119,1.0562547959315953
1.0520000000000007,0.0040000000000000036,0.0,0.0040800627879866505,0.003549303438196307,3.240029403074302e-05,0.03035794163767066,1.1035282565894362
1.0560000000000007,0.0040000000000000036,0.0,0.004315254115362568,0.003416215017378351,3.2439448406050144e-05,0.02615495625640902,1.0383822433986498
1.0600000000000007,0.0040000000000000036,0.0,0.00427935315001952,0.003471133571291183,3.2476717020166194e-05,0.0385974542851571,3.5184335380616636
1.0640000000000007,0.0040000000000000036,0.0,0.0037387566410728426,0.0038770978814193515,3.2516023473920214e-05,0.11461916826268845,2.0806337543654085
1.0680000000000007,0.0040000000000000036,0.0,0.0031956326084550154,0.00428625570247506,3.254869540554408e-05,0.06359559840400653,4.977940426284145
1.0720000000000007,0.0040000000000000036,0.0,0.00375293197331409,0.003933989003879669,3.252841003846897e-05,0.16247716016639416,9.655589315058855
1.0760000000000007,0.0040000000000000036,0.0,0.005588729763000571,0.0026969717405513384,3.24142827685115e-05,0.30674249210680204,0.49871065501709105
1.0800000000000007,0.0040000000000000036,0.0,0.006432342841648553,0.0021446507358041642,3.215272891206763e-05,0.02605303989486975,20.0
1.0840000000000007,0.0040000000000000036,0.0,0.003434404578980702,0.004243321477952721,3.136469559575166e-05,0.6978988826571982,20.0
1.0880000000000007,0.0040000000000000036,0.0,0.0016756939133836751,0.0077945831290699595,3.031170482651105e-05,0.7315597289483159,19.978093034255668
1.0920000000000007,0.0040000000000000036,0.0,0.0027094767840980284,0.008544455173738788,2.9489505966034754e-05,0.028805493631501727,20.0
1.0960000000000008,0.0040000000000000036,0.0,0.00047652960856714384,0.007038304586852271,2.8558688349377654e-05,0.3002776259715809,14.17846929401174
1.1000000000000008,0.0040000000000000036,0.0,5.3838095428928636e-05,0.006680795285645036,2.7476934729946306e-05,0.02343501929116053,7.978816549839885
1.1040000000000008,0.0040000000000000036,0.0,0.0005141310246235708,0.006986945088577275,2.6337630945438144e-05,0.04644872015203088,10.221544288412044
1.1080000000000008,0.0040000000000000036,0.0,0.00041460477686799745,0.006889680800923097,2.487272177108196e-05,0.043835812054606314,14.335886213414732
1.1120000000000008,0.0040000000000000036,0.0,0.00015347052301819246,0.006682012418098033,2.2445893607872428e-05,0.050872819693845016,11.511417771548818
1.1160000000000008,0.0040000000000000036,0.0,0.00015470602580921314,0.0064770489127533165,1.828598334156675e-05,0.048515823446627145,4.523391412359722
1.1200000000000008,0.0040000000000000036,0.0,0.00048062459203492203,0.006243037779293529,1.4616032865467602e-05,0.06379118308013607,2.7819807355269646
1.1240000000000008,0.0040000000000000036,0.0,0.0009892172362635252,0.0058949366592865,3.6538464676843067e-05,0.10372483694236274,3.560193124507854
1.1280000000000008,0.0040000000000000036,0.0,0.0016224766552571498,0.005469000344598315,0.00014589605105713217,0.0841506655634076,3.91225170812819
1.1320000000000008,0.0040000000000000036,0.0,0.0018653556384463652,0.0053235586989885736,0.00023238492206821695,0.05242503124099518,1.803879891408064
1.1360000000000008,0.0040000000000000036,0.0,0.0021631656447548948,0.005150393195899373,0.0003173505349782518,0.039037846268772304,2.05952156846845
1.1400000000000008,0.0040000000000000036,0.0,0.002368263380325561,0.005041967119877838,0.0003633373470818053,0.03849661948207626,1.4936220607501887
1.1440000000000008,0.0040000000000000036,0.0,0.0027081034079078454,0.0048366861157690426,0.0003827758152331013,0.044975115628340424,1.6800977853292234
1.1480000000000008,0.0040000000000000036,0.0,0.0029030710083829416,0.004734316223142725,0.00038291963322679875,0.019200547505084202,1.6800977853292234
1.1520000000000008,0.0040000000000000036,0.0,0.003033496760927924,0.004679411455719304,0.00036993800625637177,0.02139024747145783,1.1246522885700228
1.1560000000000008,0.0040000000000000036,0.0,0.0033687338324464152,0.0044831791686616015,0.00035014580343345237,0.06260405826010094,1.7790591154758195
1.1600000000000008,0.0040000000000000036,0.0,0.003858913490262897,0.0041817864816856625,0.00032730198432004404,0.061846517094181784,2.275124710811758
1.1640000000000008,0.0040000000000000036,0.0,0.004216779211467418,0.003976243753553279,0.0003028982568923993,0.06895065445153035,2.6196698696878764
1.1680000000000008,0.0040000000000000036,0.0,0.004744880896492381,0.0036543759074964106,0.0002789931048338452,0.05788782161993229,3.2706516010402145
1.1720000000000008,0.0040000000000000036,0.0,0.004993203489923263,0.0035299771432582183,0.0002559232085083733,0.05062738817248779,2.6485823019347103
1.1760000000000008,0.0040000000000000036,0.0,0.00545001408606796,0.0032629994656070208,0.0002352828881064134,0.04496936260117533,3.2696283856104085
1.1800000000000008,0.0040000000000000036,0.0,0.005645491797731533,0.0031799119233383412,0.00021605070939365088,0.04119418064025391,2.6972172062807793
1.1840000000000008,0.0040000000000000036,0.0,0.006066720646248851,0.0029421530553889945,0.0001997429240920562,0.03778149648857748,3.261936177199203
1.1880000000000008,0.0040000000000000036,0.0,0.006232393776874408,0.002883644851170691,0.00018487353552181472,0.03555387609240834,2.754466658832965
1.1920000000000008,0.0040000000000000036,0.0,0.006633139477870692,0.002663721596689115,0.0001729038433586492,0.033166894351826126,3.2562033117493074
1.1960000000000008,0.0040000000000000036,0.0,0.006778998068445533,0.002622069042410586,0.00016214452941223017,0.031732372519906724,2.8171311628717297
1.2000000000000008,0.0040000000000000036,0.0,0.007416854351733372,0.0022405789646520106,0.0001547096244501198,0.11661585806590913,2.8171311628717297
1.2040000000000008,0.0040000000000000036,0.0,0.008033380322280312,0.0018750658799965639,0.0001485914005437454,0.023520112213602083,9.097995139345427
1.2080000000000009,0.0040000000000000036,0.0,0.007873942694104654,0.00204841527153633,0.00013917805869871413,0.025796762784031826,9.189717986895337
1.2120000000000009,0.0040000000000000036,0.0,0.008468438177833316,0.0016993734501377096,0.00013226986143971737,0.010885806376331452,10.388561497968412
1.2160000000000009,0.0040000000000000036,0.0,0.008220737921320323,0.0019354094674117223,0.0001228392020452728,0.02295195088915037,10.651861413114792
1.2200000000000009,0.0040000000000000036,0.0,0.00888237185257805,0.0015425436384557392,0.0001133476320131971,0.010238355247326506,11.981994617481842
1.2240000000000009,0.0040000000000000036,0.0,0.00858029441218288,0.0018182677153355874,0.00010228510913628684,0.02808290355618219,12.522823729573242
1.2280000000000009,0.0040000000000000036,0.0,0.009370521977990192,0.0013403094300774901,9.111747622075219e-05,0.01768824920832718,14.011905249298453
1.2320000000000009,0.0040000000000000036,0.0,0.009050992681673559,0.0016309430483004716,6.632340699441229e-05,0.04354673435846801,15.112432657650983
1.2360000000000009,0.0040000000000000036,0.0,0.01001072984692148,0.0010360915317534185,3.448283466181773e-05,0.024631541799146978,16.85937795086205
1.2400000000000009,0.0040000000000000036,0.0,0.009570581293953481,0.0014074107729767492,3.291362580507374e-06,0.03442569942512768,19.376789753965667
1.2440000000000009,0.0040000000000000036,0.0,0.01043377350189921,0.0008706538577598332,0.00010780371585365908,0.046734548102552176,20.0
1.2480000000000009,0.0040000000000000036,0.0,0.009557548802690838,0.0015374086200290603,0.0001613201852051109,0.015618497413052487,20.0
1.252000000000001,0.0040000000000000036,0.0,0.010614597354638409,0.0008746445946635301,0.00019397841939244192,0.03160836858197482,20.0
1.256000000000001,0.0040000000000000036,0.0,0.00863442499106909,0.0023010133350899655,0.00025216207063050817,0.4738205632218844,20.0
1.260000000000001,0.0040000000000000036,0.0,0.004468093903662101,0.005171811622612744,0.00033905302054803904,0.7293231738356148,20.0
1.264000000000001,0.0040000000000000036,0.0,0.0006691071460967862,0.008329307423282629,0.00046441337711985406,0.8140958500696415,20.0
1.268000000000001,0.0040000000000000036,0.0,0.005115775521265503,0.010962188931543994,0.0006097970790613078,0.446706856623718,20.0
1.272000000000001,0.0040000000000000036,0.0,0.005484000312292327,0.010758160192292225,0.0007448141274960941,0.12675931674875324,20.0
1.276000000000001,0.0040000000000000036,0.0,0.004491503977213528,0.009587644918437964,0.0009185908176911868,0.3532825251749863,20.0
1.280000000000001,0.0040000000000000036,0.0,0.002694942479838222,0.007828949543569354,0.0010415272623829504,0.3620500155907612,20.0
1.284000000000001,0.0040000000000000036,0.0,0.002066039551234812,0.006966550032320222,0.0008170287517112487,0.23278013390927862,19.732188737514505
1.288000000000001,0.0040000000000000036,0.0,0.0015927516736201205,0.006129421605063555,0.0004337042782759548,0.20775422968394505,17.092119529366563
1.292000000000001,0.0040000000000000036,0.0,0.0020241844640610826,0.005643878568680382,-0.00010015784992938067,0.18163863556976417,15.917795971985273
1.296000000000001,0.0040000000000000036,0.0,0.0022308844444829724,0.004972256971673693,-0.00036127080391491696,0.1869467511203629,15.917795971985273
1.300000000000001,0.0040000000000000036,0.0,0.0016652551141106242,0.0038735478745108957,-0.00011973911710821286,0.3182615528683043,15.917795971985273
1.304000000000001,0.0040000000000000036,0.0,0.0013031289301778297,0.0024703006104981095,0.0004113866713706073,0.35690781451678993,17.178557793783366
1.308000000000001,0.0040000000000000036,0.0,0.0018693782729326477,0.0013212629790281313,0.0007914059419314737,0.284467170219321,17.178557793783366
1.312000000000001,0.0040000000000000036,0.0,0.0017708278636608928,0.0008103562834755406,0.0014761160819299983,0.16552914896008647,20.0
1.316000000000001,0.0040000000000000036,0.0,0.0007560208645589294,0.0016277774301584925,0.001983725897063051,0.3096466551177075,20.0
1.320000000000001,0.0040000000000000036,0.0,0.0028203744197922384,0.0028135631829408563,0.0024105290093358266,0.18907397831943729,20.0
1.324000000000001,0.0040000000000000036,0.0,0.0017962643766006342,0.0013602927493173438,0.0027099112202885324,0.5344284938269038,20.0
1.328000000000001,0.0040000000000000036,0.0,0.0037282486227424973,-0.00178257216341938,0.003453119815319862,0.7623985002390999,20.0
1.332000000000001,0.0040000000000000036,0.0,0.005592696027751263,-0.0034730248983224003,0.004031519089448409,0.23083189966980866,20.0
1.336000000000001,0.0040000000000000036,0.0,0.003991214635003965,-0.002184710336899235,0.004347692049364941,0.39816344092681055,20.0
1.340000000000001,0.0040000000000000036,0.0,0.004619119891632276,1.8557069333293225e-05,0.004909280475570773,0.5989041010987486,20.0
1.344000000000001,0.0040000000000000036,0.0,0.007511572052466932,0.002294505005208426,0.005240624358233412,0.48757122759184895,20.0
1.348000000000001,0.0040000000000000036,0.0,0.009932139425664234,0.0035371036026707087,0.005710287495682909,0.33761798173983293,20.0
1.352000000000001,0.0040000000000000036,0.0,0.012310104804770867,0.004890225319699808,0.00586297873596019,0.30641883397413994,18.866472295377164
1.356000000000001,0.0040000000000000036,0.0,0.014194855968849738,0.0060207048560301565,0.005578122359613372,0.3402432111373238,20.0
1.360000000000001,0.0040000000000000036,0.0,0.01647357797603742,0.007491974134323364,0.00491101995869356,0.3637010697665042,18.783135635236565
1.364000000000001,0.0040000000000000036,0.0,0.018161478320540977,0.008416782906632454,0.004424067496021607,0.23592596474359964,20.0
1.368000000000001,0.0040000000000000036,0.0,0.01932369367329118,0.008987469973698854,0.0035232123131141236,0.2749165109380583,20.0
1.372000000000001,0.0040000000000000036,0.0,0.020525232330276682,0.009507055740905941,0.0028099739541024124,0.18391594946346904,14.972059576058331
1.376000000000001,0.0040000000000000036,0.0,0.02118931643397035,0.009636511149697649,0.002554271086547239,0.07928379234627028,20.0
1.380000000000001,0.0040000000000000036,0.0,0.02228253718868324,0.01006733337089765,0.0023284972328559933,0.11458800097154426,20.0
1.384000000000001,0.0040000000000000036,0.0,0.023171495878012358,0.010368725238178996,0.002200367683503829,0.07844086597538637,20.0
1.388000000000001,0.0040000000000000036,0.0,0.024076651432095406,0.01069464001261094,0.0024851214728496196,0.10516854511276048,20.0
1.392000000000001,0.0040000000000000036,0.0,0.02543053832662911,0.011326647036836968,0.002725535764684399,0.24069278922337903,20.0
1.396000000000001,0.0040000000000000036,0.0,0.027590055948384647,0.01254176190215471,0.0030793049420557187,0.25301138386973854,20.0
1.400000000000001,0.0040000000000000036,0.0,0.02869495450326285,0.013074938317852046,0.003368450858722046,0.1769763235946033,20.0
1.404000000000001,0.0040000000000000036,0.0,0.029498691610854746,0.013432279406078556,0.003476054170480076,0.05030488194793426,20.0
1.408000000000001,0.0040000000000000036,0.0,0.028901724567472368,0.012817465879476625,0.0033299148592254393,0.012229952180597376,20.0
1.412000000000001,0.0040000000000000036,0.0,0.031975444650403015,0.014710198302252973,0.0031558304597158835,0.6419306113919193,20.0
1.416000000000001,0.0040000000000000036,0.0,0.03658404923030462,0.01765040084523903,0.003115593522394114,0.5288040692168753,20.0
1.420000000000001,0.0040000000000000036,0.0,0.036617999392298727,0.017466103677099144,0.002947606063872698,0.19818440159283005,19.579675902825112
1.424000000000001,0.0040000000000000036,0.0,0.034686740581265196,0.01593328810837708,0.002851542705054171,0.2696069180913067,20.0
1.428000000000001,0.0040000000000000036,0.0,0.03409358111914012,0.015348072606147924,0.0030144241407517253,0.24000121034307279,20.0
1.432000000000001,0.0040000000000000036,0.0,0.03239053397202392,0.013988515261597504,0.0030351970806736725,0.2520875958035141,20.0
1.436000000000001,0.0040000000000000036,0.0,0.03178263479173028,0.013399251615818243,0.003090254232298197,0.2129662649938258,20.0
1.440000000000001,0.0040000000000000036,0.0,0.03051573807161383,0.012311785690725942,0.002870266928303742,0.21293604808724315,20.0
1.444000000000001,0.0040000000000000036,0.0,0.030037469498584404,0.011786152421407157,0.002795343487786661,0.1815458854912557,20.0
1.448000000000001,0.0040000000000000036,0.0,0.029058825967986857,0.0108985704736142,0.0027400474213093275,0.16876427447923337,20.0
1.452000000000001,0.0040000000000000036,0.0,0.028900334983306207,0.010624364875636923,0.0029375371393188174,0.0838628554907079,20.0
1.456000000000001,0.0040000000000000036,0.0,0.028832561332413287,0.010316868156041681,0.0027483899286626706,0.11064641132554008,20.0
1.460000000000001,0.0040000000000000036,0.0,0.029474811656858967,0.010343396441011109,0.0020543130533912306,0.17762563816115784,20.0
1.464000000000001,0.0040000000000000036,0.0,0.030836009043774735,0.010904480406125287,0.001530494356890194,0.18630885442209816,20.0
1.468000000000001,0.0040000000000000036,0.0,0.03243206140106329,0.01158180323329198,0.0008789809189098916,0.20897528979044958,20.0
1.472000000000001,0.0040000000000000036,0.0,0.03382196045633731,0.012099310148664383,0.00026900456331507096,0.23383534424390956,20.0
1.476000000000001,0.0040000000000000036,0.0,0.035894148562911725,0.013096287878068621,-0.00038460815723337914,0.2888313407975899,20.0
1.480000000000001,0.0040000000000000036,0.0,0.038144127992608766,0.014275271282734705,-0.000929967112398044,0.35144537747907956,20.0
1.484000000000001,0.0040000000000000036,0.0,0.04044034494227024,0.01567132028021491,-0.0011240707313100464,0.2904327910516217,14.64120377197344
1.488000000000001,0.0040000000000000036,0.0,0.041152627941841796,0.01611904712754496,-0.0008972914738825668,0.09475557891516054,14.64120377197344
1.492000000000001,0.0040000000000000036,0.0,0.04066669034561029,0.01586231196172558,-0.0003392749601731796,0.15841278720145827,16.99510562120166
1.496000000000001,0.0040000000000000036,0.0,0.04056681146445079,0.015903937152043322,0.00016256920063723826,0.11950249507827063,20.0
1.500000000000001,0.0040000000000000036,0.0,0.042047040276852486,0.016904124566050175,0.00021225368238062328,0.312795983323764,20.0
1.5040000000000011,0.0040000000000000036,0.0,0.04432002311081269,0.018758375423182806,0.0010863990004023282,0.5147878862357069,20.0
1.5080000000000011,0.0040000000000000036,0.0,0.04669365431369347,0.0205064290857345,0.0017464000528632402,0.43262921465863047,20.0
1.5120000000000011,0.0040000000000000036,0.0,0.048796476164591186,0.02194996519285155,0.0021133014877107574,0.3976536487926462,20.0
1.5160000000000011,0.0040000000000000036,0.0,0.050613555272067436,0.023309608331991413,0.002676838878729959,0.298982005953491,20.0
1.5200000000000011,0.0040000000000000036,0.0,0.05124655088610008,0.023823666056479426,0.0030854823385185544,0.16909432293343787,20.0
1.5240000000000011,0.0040000000000000036,0.0,0.051519231306912945,0.02410775176985259,0.0034177136639162217,0.06842921958504883,20.0
1.5280000000000011,0.0040000000000000036,0.0,0.050871149595640555,0.02365483045193639,0.0034267989287228885,0.07250739511804583,20.0
1.5320000000000011,0.0040000000000000036,0.0,0.05086021573783159,0.023683519063113927,0.0035043643818315666,0.05434899385722268,20.0
1.5360000000000011,0.0040000000000000036,0.0,0.050772244321942564,0.02361192886434158,0.003421164975916501,0.0709689175115204,20.0
1.5400000000000011,0.0040000000000000036,0.0,0.05184354259526902,0.024170980644527103,0.002711813901124184,0.24537004302108253,20.0
1.5440000000000011,0.0040000000000000036,0.0,0.05318351720012507,0.025042407058139895,0.002338744478173449,0.2494835285998724,20.0
1.5480000000000012,0.0040000000000000036,0.0,0.05474436217778831,0.026218421879418242,0.002345572383889347,0.30037993534105445,20.0
1.5520000000000012,0.0040000000000000036,0.0,0.056827147845228305,0.027702661012857854,0.0020791012278958973,0.441502309237771,20.0
1.5560000000000012,0.0040000000000000036,0.0,0.059342521872016045,0.029491088962021857,0.0016375256296057878,0.35380860862653307,20.0
1.5600000000000012,0.0040000000000000036,0.0,0.06027736632562107,0.030204398184980302,0.0012939662223127874,0.24525892974478342,20.0
1.5640000000000012,0.0040000000000000036,0.0,0.0618331068407304,0.03148011677425185,0.001212367027905575,0.27697056014517146,20.0
1.5680000000000012,0.0040000000000000036,0.0,0.0625670017300745,0.032140816530360265,0.0009488948257205597,0.18358131371686529,20.0
1.5720000000000012,0.0040000000000000036,0.0,0.06365473454141582,0.033033771183408646,0.000692759597187677,0.33144971836101306,20.0
1.5760000000000012,0.0040000000000000036,0.0,0.06619446218033055,0.035044129009364454,0.0006651001576000822,0.4751826647085471,20.0
1.5800000000000012,0.0040000000000000036,0.0,0.0681224624378318,0.03652776468370048,0.00016493283131869903,0.36467079735495306,20.0
1.5840000000000012,0.0040000000000000036,0.0,0.06931538555653133,0.037626603152226476,-7.499896380605312e-05,0.2586648954630532,20.0
1.5880000000000012,0.0040000000000000036,0.0,0.07049289479805713,0.03887979137260642,0.00018998235238827557,0.4105493656290693,20.0
1.5920000000000012,0.0040000000000000036,0.0,0.07258401624072124,0.04090742957456252,0.0006978051355714685,0.4612082568194553,17.54872408100433
1.5960000000000012,0.0040000000000000036,0.0,0.07326577162424405,0.042001214302049936,0.0012621619858417049,0.3275614494125859,20.0
1.6000000000000012,0.0040000000000000036,0.0,0.07375502032091782,0.04300072276293105,0.001786584574057129,0.2177099020540862,20.0
1.6040000000000012,0.0040000000000000036,0.0,0.07254107135175569,0.04285805461579238,0.0024050259711582067,0.13074978906448156,20.0
1.6080000000000012,0.0040000000000000036,0.0,0.0721216692746554,0.04325654194407267,0.0028059167498740135,0.15058130480998302,20.0
1.6120000000000012,0.0040000000000000036,0.0,0.07028835902805192,0.042820457937396146,0.0036859912817759992,0.19337271018289948,20.0
1.6160000000000012,0.0040000000000000036,0.0,0.07028602740184546,0.043602276367596705,0.004196019688806886,0.19640851518478133,20.0
1.6200000000000012,0.0040000000000000036,0.0,0.06797266733022038,0.04280238563250606,0.004892485690806953,0.34393855177293237,20.0
1.6240000000000012,0.0040000000000000036,0.0,0.0653214253675976,0.041729230141715465,0.0055119783507114415,0.13175645347808707,20.0
1.6280000000000012,0.0040000000000000036,0.0,0.06713462853243433,0.043691223787976984,0.005747103931075358,0.5855402643997589,20.0
1.6320000000000012,0.0040000000000000036,0.0,0.0696857107128431,0.04623216172987541,0.005925726571671844,0.5159234193913084,18.306256167572734
1.6360000000000012,0.0040000000000000036,0.0,0.0698988160163303,0.04723462548855841,0.006246546563530172,0.2578181062050636,20.0
1.6400000000000012,0.0040000000000000036,0.0,0.06960319882657046,0.04801169203048691,0.0069299453584904264,0.24431133138039754,20.0
1.6440000000000012,0.0040000000000000036,0.0,0.06899656400295091,0.04856932564614379,0.007398450584811738,0.17524659959943298,20.0
1.6480000000000012,0.0040000000000000036,0.0,0.06693377019946477,0.048217379733057085,0.008324759333180932,0.265358899484468,20.0
1.6520000000000012,0.0040000000000000036,0.0,0.06481510491538833,0.047727030770226504,0.008908232452182047,0.08287728462516258,20.0
1.6560000000000012,0.0040000000000000036,0.0,0.06533023517382716,0.04890694973172724,0.008771504268683571,0.35218173858133184,20.0
1.6600000000000013,0.0040000000000000036,0.0,0.06649378551555907,0.05055243060251343,0.008456800364984019,0.38564304742091793,20.0
1.6640000000000013,0.0040000000000000036,0.0,0.06667531344979785,0.051663524496502376,0.008552258152632901,0.20317232411849512,16.872107196131076
1.6680000000000013,0.0040000000000000036,0.0,0.06553942172808241,0.05190162973276763,0.008656346817658532,0.07022216491166912,20.0
1.6720000000000013,0.0040000000000000036,0.0,0.06452901555222208,0.05224837967014849,0.008770530325511987,0.10591264131397952,18.395901904682994
1.6760000000000013,0.0040000000000000036,0.0,0.0638906265802493,0.052839895669807964,0.00862099143794649,0.15087835951822423,20.0
1.6800000000000013,0.0040000000000000036,0.0,0.06297482268424553,0.05331725183643316,0.008628569894792146,0.08735682686693443,20.0
1.6840000000000013,0.0040000000000000036,0.0,0.06150756287145103,0.05339414208007755,0.008376262661736645,0.0666297636187049,20.0
1.6880000000000013,0.0040000000000000036,0.0,0.05972684139435476,0.05326812520466535,0.008052382762597054,0.13240302397113593,20.0
1.6920000000000013,0.0040000000000000036,0.0,0.057266349160039275,0.05263529769394704,0.007593709456750626,0.1532914201462002,20.0
1.6960000000000013,0.0040000000000000036,0.0,0.05518595239058636,0.05233786211676079,0.007355504832494401,0.13675495092385068,20.0
1.7000000000000013,0.0040000000000000036,0.0,0.052701731464007986,0.05179425201935811,0.007264925385669545,0.05053886240227077,20.0
1.7040000000000013,0.0040000000000000036,0.0,0.051500051113088724,0.05218758045796637,0.007147675797546842,0.04786835124591103,18.213671369280352
1.7080000000000013,0.0040000000000000036,0.0,0.04955978580544604,0.05214597001560502,0.007217157794987735,0.03364168638653852,20.0
1.7120000000000013,0.0040000000000000036,0.0,0.047819007506066644,0.05229572780707581,0.007293849272708412,0.05765999812843012,17.401302541369965
1.7160000000000013,0.0040000000000000036,0.0,0.04510479065769998,0.051811431687621506,0.007516163509684163,0.05616799075701059,20.0
1.7200000000000013,0.0040000000000000036,0.0,0.04428242660242828,0.05264904711081419,0.007475709575223495,0.2914525558488979,20.0
1.7240000000000013,0.0040000000000000036,0.0,0.04368673655435004,0.05362619075447221,0.007270097489149082,0.04528776095931518,20.0
1.7280000000000013,0.0040000000000000036,0.0,0.039888001233101066,0.05238725671708206,0.007419103656518513,0.2608474730950643,20.0
1.7320000000000013,0.0040000000000000036,0.0,0.03746337137727633,0.05198070471221905,0.007228337913739717,0.08462646585030702,20.0
1.7360000000000013,0.0040000000000000036,0.0,0.03634529438311912,0.051973416530839534,0.005999914859444558,0.28739477911058475,20.0
1.7400000000000013,0.0040000000000000036,0.0,0.034562195889800765,0.051559290278182957,0.005116911750830013,0.24592857295843576,20.0
1.7440000000000013,0.0040000000000000036,0.0,0.03172182635398775,0.05045633018247152,0.004656438650348342,0.30340266683162637,20.0
1.7480000000000013,0.0040000000000000036,0.0,0.028801944585382905,0.04938103847550738,0.004620040814241213,0.26044602308334064,20.0
1.7520000000000013,0.0040000000000000036,0.0,0.02587359842924772,0.04846271314187535,0.0048139356723784325,0.22402500194914843,20.0
1.7560000000000013,0.0040000000000000036,0.0,0.02318540865945877,0.04776481994791138,0.005083854499290255,0.18754159253470726,20.0
1.7600000000000013,0.0040000000000000036,0.0,0.020431396005261268,0.04738259174228606,0.00591326863485043,0.2489796770327406,20.0
1.7640000000000013,0.0040000000000000036,0.0,0.017884888455146502,0.047177117703037896,0.006841027851574622,0.17799610611960176,20.0
1.7680000000000013,0.0040000000000000036,0.0,0.015924186831453867,0.04715798705392183,0.007383942165737056,0.14236474995658177,20.0
1.7720000000000014,0.0040000000000000036,0.0,0.014376152537041276,0.04730217426614875,0.007806428200212419,0.09920375110430818,20.0
1.7760000000000014,0.0040000000000000036,0.0,0.013214502725269925,0.04655195398562986,0.007957536114814697,0.11964262180077499,20.0
1.7800000000000014,0.0040000000000000036,0.0,0.012748854210500187,0.04628819580568102,0.008145859034859444,0.17641728094307146,20.0
1.7840000000000014,0.0040000000000000036,0.0,0.013343634014835334,0.04526483044852208,0.008279491739083395,0.1346994707960265,20.0
1.7880000000000014,0.0040000000000000036,0.0,0.014207022710606046,0.04531741695972305,0.00823994916359623,0.11324529181183106,20.0
1.7920000000000014,0.0040000000000000036,0.0,0.016535062521285886,0.044687206194537976,0.0077111372848452505,0.11602746119210439,20.0
1.7960000000000014,0.0040000000000000036,0.0,0.017436292173982588,0.04557383048290607,0.00729419277343765,0.1402636032746991,20.0
1.8000000000000014,0.0040000000000000036,0.0,0.019207271111177114,0.04549198059452829,0.007034314820785826,0.10707301320508884,20.0
1.8040000000000014,0.0040000000000000036,0.0,0.020376646008890748,0.04600788724717437,0.006811341468414924,0.0689469784362238,20.0
1.8080000000000014,0.0040000000000000036,0.0,0.023107627511715252,0.04498014485444478,0.007022221857976428,0.14741002016455804,20.0
1.8120000000000014,0.0040000000000000036,0.0,0.024718838889491706,0.04499174790228023,0.00732334085126913,0.13278555623154517,20.0
1.8160000000000014,0.0040000000000000036,0.0,0.028207460679001123,0.04388058510461192,0.007152141141320475,0.16365042938576826,20.0
1.8200000000000014,0.0040000000000000036,0.0,0.02923363514836849,0.04464766435090684,0.007072842896591406,0.3047869139210508,20.0
1.8240000000000014,0.0040000000000000036,0.0,0.029890042634317947,0.045873318723623796,0.006674592349590126,0.11234513407626401,20.0
1.8280000000000014,0.0040000000000000036,0.0,0.03511974608295695,0.043676126778835506,0.006545851190414823,0.7656366782355163,20.0
1.8320000000000014,0.0040000000000000036,0.0,0.042975169136667546,0.03979928648553567,0.006068223033463937,0.7634143706468379,20.0
1.8360000000000014,0.0040000000000000036,0.0,0.045934043431739506,0.03937609939047856,0.005668866886954193,0.12876321424922693,20.0
1.8400000000000014,0.0040000000000000036,0.0,0.04639633088070039,0.04061459377169251,0.005661416019089032,0.09384659461690004,20.0
1.8440000000000014,0.0040000000000000036,0.0,0.05051582104797627,0.03925292189016214,0.006011394909184651,0.3674297887094265,20.0
1.8480000000000014,0.0040000000000000036,0.0,0.05486862325993679,0.03771379795063051,0.0066414826612363346,0.4277663468485907,20.0
1.8520000000000014,0.0040000000000000036,0.0,0.06002934995550699,0.03573304432328049,0.0068753178877876625,0.5370562684803132,20.0
1.8560000000000014,0.0040000000000000036,0.0,0.06586880311114962,0.03327591313006093,0.007235433420935918,0.6217760574579804,20.0
1.8600000000000014,0.0040000000000000036,0.0,0.07198830848271999,0.030657720500708516,0.007452890071604259,0.6932051253377751,20.0
1.8640000000000014,0.0040000000000000036,0.0,0.07834790903451051,0.027846119319488254,0.007780051751732642,0.6608301652394583,20.0
1.8680000000000014,0.0040000000000000036,0.0,0.08374381002707883,0.025694622204170455,0.007950061632331761,0.5075436223736282,20.0
1.8720000000000014,0.0040000000000000036,0.0,0.08878052378205066,0.023772678568718193,0.0083743389861157,0.5234599084067907,20.0
1.8760000000000014,0.0040000000000000036,0.0,0.0944903350883612,0.021393978057796165,0.008664970186975115,0.5930039464241386,20.0
1.8800000000000014,0.0040000000000000036,0.0,0.10025853759198812,0.018954112192244976,0.00907453928687134,0.6523808369212237,20.0
1.8840000000000015,0.0040000000000000036,0.0,0.1065747564522001,0.01612345349121225,0.009220640254020382,0.6872492271601677,20.0
1.8880000000000015,0.0040000000000000036,0.0,0.11252443993848658,0.013502923360274194,0.009352201616047938,0.647302887009609,20.0
1.8920000000000015,0.0040000000000000036,0.0,0.11834408929468648,0.010945212882170208,0.009260989172341841,0.6227547775197442,20.0
1.8960000000000015,0.0040000000000000036,0.0,0.12380298657364201,0.008587026017392212,0.009528142924924815,0.574235870987724,20.0
1.9000000000000015,0.0040000000000000036,0.0,0.12889066986777376,0.0064855129710603724,0.010290217012768046,0.5731773846867254,20.0
1.9040000000000015,0.0040000000000000036,0.0,0.1342683654360717,0.0042197598021153585,0.010953058995019012,0.6053421093090078,13.75341494255628
1.9080000000000015,0.0040000000000000036,0.0,0.13931308460900152,0.0021278381049046904,0.011494920789394262,0.4968940922141802,7.411976728050996
1.9120000000000015,0.0040000000000000036,0.0,0.1434994592187308,0.0005685398930793445,0.011629333561571115,0.38984985531924277,8.062943194936725
1.9160000000000015,0.0040000000000000036,0.0,0.14744500748291123,-0.000870330397332493,0.011774636027352714,0.3606875192682423,13.116554739990264
1.9200000000000015,0.0040000000000000036,0.0,0.15127413631743136,-0.002276572961505357,0.011866724799449113,0.3698004476445052,13.023202250216986
1.9240000000000015,0.0040000000000000036,0.0,0.15520860977962767,-0.003802897134483472,0.012000098438714897,0.3886069935449273,13.32252608113765
1.9280000000000015,0.0040000000000000036,0.0,0.1590003379820553,-0.005286695246774305,0.012107834367147973,0.37412085322348504,12.923759473030966
1.9320000000000015,0.0040000000000000036,0.0,0.1626024235057882,-0.006694378913940188,0.012207603454830731,0.35977031373552276,12.990793942829164
1.9360000000000015,0.0040000000000000036,0.0,0.16603114495446905,-0.008044283097090248,0.012247650941216008,0.33636340281536153,13.534483052934537
1.9400000000000015,0.0040000000000000036,0.0,0.16920359379470765,-0.009272206275452125,0.012336328096629105,0.3188006271570579,20.0
1.9440000000000015,0.0040000000000000036,0.0,0.17220128114118138,-0.010447967885825424,0.012316256845330189,0.2854490181113343,20.0
1.9480000000000015,0.0040000000000000036,0.0,0.17487145960957892,-0.011445629416466542,0.01243660283696908,0.2735246694116105,20.0
1.9520000000000015,0.0040000000000000036,0.0,0.1774228050088633,-0.012435573607385519,0.012466949276260719,0.21838198725406452,20.0
1.9560000000000015,0.0040000000000000036,0.0,0.179441072676721,-0.01310531963369662,0.01248368084342036,0.2189305894360871,20.0
1.9600000000000015,0.0040000000000000036,0.0,0.18173002128464366,-0.01402549336532016,0.012478685904352332,0.18407183005311475,20.0
1.9640000000000015,0.0040000000000000036,0.0,0.18328180430004937,-0.014481226948629201,0.012513685293064574,0.18228998876264585,20.0
1.9680000000000015,0.0040000000000000036,0.0,0.18539000495599733,-0.01537803214742372,0.012481454425343496,0.17725441846384754,20.0
1.9720000000000015,0.0040000000000000036,0.0,0.18655064590851558,-0.01566968446007984,0.012487562809835262,0.1395068260640791,20.0
1.9760000000000015,0.0040000000000000036,0.0,0.18902431518621562,-0.016930412696145165,0.01245107051435257,0.38677300125001285,20.0
1.9800000000000015,0.0040000000000000036,0.0,0.19141078693742244,-0.018185143330155258,0.012431668596543675,0.13623135590132676,20.0
1.9840000000000015,0.0040000000000000036,0.0,0.18950413444527017,-0.01649722222631174,0.012653587268130853,0.6051687558991882,20.0
1.9880000000000015,0.0040000000000000036,0.0,0.18506395403585923,-0.013057770135190981,0.013138654300998745,0.7618249569530163,20.0
1.9920000000000015,0.0040000000000000036,0.0,0.18361599927412034,-0.0116845218870155,0.013321043180520147,0.12229320515398902,20.0
1.9960000000000016,0.0040000000000000036,0.0,0.18629717426862802,-0.013145566719399754,0.013086555208308523,0.423362231168292,20.0
2.0000000000000013,0.0039999999999997815,0.0,0.18946741966927347,-0.014974097723197008,0.013072330697144707,0.4156729221934479,20.0
2.004000000000001,0.0039999999999995595,0.0,0.19186640834954422,-0.016343171538771524,0.012731173657849183,0.37616423042853014,20.0
2.0080000000000005,0.0039999999999995595,0.0,0.19414322868786343,-0.017686180757247337,0.012354467499502277,0.2840042428750328,20.0
2.012,0.0039999999999995595,0.0,0.1956330678322518,-0.0185121418639756,0.011883166944919315,0.3195541885813777,20.0
2.0159999999999996,0.0039999999999995595,0.0,0.19860340892173806,-0.020333633768899052,0.012047915211941037,0.38210900514701635,20.0
2.019999999999999,0.0039999999999995595,0.0,0.199338941955011,-0.020724180423767363,0.011417841849472546,0.19514505469456897,20.0
2.0239999999999987,0.0039999999999995595,0.0,0.200000967402662,-0.02106436038138785,0.010661633040952632,0.31769744514355547,20.0
2.0279999999999982,0.0039999999999995595,0.0,0.20597953856784454,-0.024844858327363474,0.011632395601469277,1.2258161201590498,20.0
2.031999999999998,0.0039999999999995595,0.0,0.21582477436817848,-0.031129359223818622,0.013869215213210127,1.661224948301575,20.0
2.0359999999999974,0.0039999999999995595,0.0,0.224119474302504,-0.036447102796765954,0.015770244661556423,1.2148531507973372,20.0
2.039999999999997,0.0039999999999995595,0.0,0.22805302188350607,-0.03893786077040512,0.01643938876634915,0.4897250556527472,20.0
2.0439999999999965,0.0039999999999995595,0.0,0.22904452180744422,-0.0395600647116593,0.016740331441777872,0.15676005624726685,20.0
2.047999999999996,0.0039999999999995595,0.0,0.22969287000225097,-0.04000707883954402,0.01708583223605177,0.11711807156079286,20.0
2.0519999999999956,0.0039999999999995595,0.0,0.23034777694057929,-0.040520649660321637,0.01727221705237883,0.1689724241253121,20.0
2.055999999999995,0.0039999999999995595,0.0,0.23131107791395855,-0.04128573977046316,0.017617313842127343,0.17836433098523397,20.0
2.0599999999999947,0.0039999999999995595,0.0,0.23198775474713978,-0.04197366175247553,0.017416169368739035,0.18962864437290167,20.0
2.0639999999999943,0.0039999999999995595,0.0,0.23275417257604653,-0.04280242754623918,0.017250241420894208,0.2222069023675392,20.0
2.067999999999994,0.0039999999999995595,0.0,0.2328618064900152,-0.043280876239720115,0.016846374932783036,0.16515677178561564,20.0
2.0719999999999934,0.0039999999999995595,0.0,0.2300763821918339,-0.041934251585364214,0.015427922289116738,0.6161230263716295,20.0
2.075999999999993,0.0039999999999995595,0.0,0.2264838706873233,-0.04008131326618054,0.013549010833214564,0.4570802869189029,20.0
2.0799999999999925,0.0039999999999995595,0.0,0.2267457273486378,-0.04070284418523386,0.01299616243299564,0.23547474705672677,20.0
2.083999999999992,0.0039999999999995595,0.0,0.22737812518358838,-0.041646486328925196,0.012414717527790945,0.26237996492331167,20.0
2.0879999999999916,0.0039999999999995595,0.0,0.2264586064102792,-0.041682544640256995,0.011043469029546043,0.3981917912277706,20.0
2.091999999999991,0.0039999999999995595,0.0,0.22453885934630965,-0.041119351157881054,0.00929562940132982,0.40447142514957024,20.0
2.0959999999999908,0.0039999999999995595,0.0,0.22343551248797827,-0.04105442271146867,0.008327683327567108,0.21778496066922437,16.06297457313809
2.0999999999999903,0.0039999999999995595,0.0,0.22369939621082685,-0.041930777672335995,0.007812699905129035,0.2954352338657427,16.06297457313809
2.10399999999999,0.0039999999999995595,0.0,0.22418361086764646,-0.04298896889612495,0.007610643711509025,0.1471156313189703,20.0
2.1079999999999894,0.0039999999999995595,0.0,0.22278378701811447,-0.04284100715953381,0.007193750686554007,0.07528300960282126,20.0
2.111999999999989,0.0039999999999995595,0.0,0.2218167860873465,-0.04303727686713715,0.007044799720932304,0.07488743433696321,20.0
2.1159999999999886,0.0039999999999995595,0.0,0.21980973190064157,-0.04257961252576429,0.006661272069887409,0.07588020313952229,20.0
2.119999999999988,0.0039999999999995595,0.0,0.21885749396925458,-0.04288848583896182,0.006482159839050797,0.061984279448409056,18.07827492618435
2.1239999999999877,0.0039999999999995595,0.0,0.21668273885061978,-0.04242406562806891,0.006192446752087751,0.06409430276222915,20.0
2.1279999999999872,0.0039999999999995595,0.0,0.21518335960973636,-0.0424748536689626,0.006138054909458052,0.08605728951893152,20.0
2.131999999999987,0.0039999999999995595,0.0,0.21236927502497116,-0.04169295372939048,0.005941464739496254,0.14448875875493758,20.0
2.1359999999999864,0.0039999999999995595,0.0,0.2099602184493781,-0.041234776081983025,0.005940051968043159,0.1997709580895921,20.0
2.139999999999986,0.0039999999999995595,0.0,0.20655109430980084,-0.040140200361461896,0.005725183828062702,0.19422011866182826,20.0
2.1439999999999855,0.0039999999999995595,0.0,0.20411305361901372,-0.03974928143239754,0.005588435544537584,0.1872918528184589,20.0
2.147999999999985,0.0039999999999995595,0.0,0.20057868583488944,-0.03865182983483245,0.005347662059490443,0.21488720429755778,20.0
2.1519999999999846,0.0039999999999995595,0.0,0.19779177229884026,-0.038107981787228094,0.005069736517603388,0.22957126312897314,20.0
2.155999999999984,0.0039999999999995595,0.0,0.19384726105412955,-0.03680806337443709,0.0048435926850394625,0.2812020276847666,20.0
2.1599999999999837,0.0039999999999995595,0.0,0.19060245166568154,-0.03602105966541172,0.0045121134383298974,0.2692922479223108,20.0
2.1639999999999833,0.0039999999999995595,0.0,0.18676257587276474,-0.03485378315402364,0.004189714924258784,0.25713908177644695,20.0
2.167999999999983,0.0039999999999995595,0.0,0.18349717840014215,-0.03411532129892047,0.003920482233436267,0.2668150635799306,20.0
2.1719999999999824,0.0039999999999995595,0.0,0.17948127250394702,-0.032883625641064375,0.003626547855034282,0.2511730269410054,20.0
2.175999999999982,0.0039999999999995595,0.0,0.1762698425155468,-0.03223898586419237,0.0032981990433897726,0.2903086461544247,20.0
2.1799999999999815,0.0039999999999995595,0.0,0.1719822424011003,-0.030869252346010047,0.0027348228504353433,0.27710349100869347,20.0
2.183999999999981,0.0039999999999995595,0.0,0.1692351131767249,-0.030568139343045708,0.002207249006320325,0.23055243710163306,20.0
2.1879999999999806,0.0039999999999995595,0.0,0.1654186254877314,-0.029540711094072556,0.0017124796252540038,0.18308498314184216,20.0
2.19199999999998,0.0039999999999995595,0.0,0.16313755997829665,-0.029573593121224817,0.0015351321779757726,0.1233474551793112,20.0
2.1959999999999797,0.0039999999999995595,0.0,0.15965023988722282,-0.028799104898741,0.0012296019075352916,0.1312764619579909,20.0
2.1999999999999793,0.0039999999999995595,0.0,0.15729345085703136,-0.028830020273716693,0.0009280191329745849,0.14969320081329268,20.0
2.203999999999979,0.0039999999999995595,0.0,0.15384634340698125,-0.028117542674427884,0.0004920787717873088,0.12025806950835904,20.0
2.2079999999999784,0.0039999999999995595,0.0,0.15213909311905444,-0.028617251910466483,0.00017902295775041056,0.07475912526365643,20.0
2.211999999999978,0.0039999999999995595,0.0,0.14933742779019127,-0.028391058418847585,-0.0001342973628897573,0.05668731611765501,20.0
2.2159999999999775,0.0039999999999995595,0.0,0.14738964029421395,-0.028784747110334255,-0.00032691838764823777,0.08805528266033832,20.0
2.219999999999977,0.0039999999999995595,0.0,0.1441719566373416,-0.028318948079406586,-0.0005852320055438369,0.06918319778160996,20.0
2.2239999999999767,0.0039999999999995595,0.0,0.1422695667231754,-0.028779533004848538,-0.000830815572842654,0.06679977895663647,20.0
2.227999999999976,0.0039999999999995595,0.0,0.13922619199822076,-0.02846254069509938,-0.0008238373640645763,0.07482131934588246,20.0
2.231999999999976,0.0039999999999995595,0.0,0.13760653834102485,-0.029134899455787813,-0.0001250495519740143,0.17858149380703017,19.6127792602486
2.2359999999999753,0.0039999999999995595,0.0,0.13399946379129898,-0.028458421864923134,0.0007143611201766865,0.2630406176407106,20.0
2.239999999999975,0.0039999999999995595,0.0,0.13105852111825209,-0.028252440167925642,0.0012400611439835206,0.18280093471340253,17.146011631008665
2.2439999999999745,0.0039999999999995595,0.0,0.12559006130859507,-0.02632491455122921,0.0010337595163779128,0.591346284333601,17.146011631008665
2.247999999999974,0.0039999999999995595,0.0,0.11941616773105593,-0.023905544031190887,0.0002986957840053725,0.42151904082498703,20.0
2.2519999999999736,0.0039999999999995595,0.0,0.118178999540865,-0.024790361197847867,-0.00020396146195340566,0.45695443848664447,20.0
2.255999999999973,0.0039999999999995595,0.0,0.11938576724312017,-0.027310103912482998,-0.0006181914949798973,0.4471458290174965,20.0
2.2599999999999727,0.0039999999999995595,0.0,0.11623618935988997,-0.02689133227419383,-0.0011255519131950949,0.23533438884267385,14.124426872292606
2.2639999999999723,0.0039999999999995595,0.0,0.11141055476202752,-0.025346489473748103,-0.0016031090689866496,0.36308454819444974,17.14970408380596
2.267999999999972,0.0039999999999995595,0.0,0.10742277785338246,-0.02440299234236046,-0.0020714081493129455,0.23119051656358666,17.14970408380596
2.2719999999999714,0.0039999999999995595,0.0,0.10316826854964199,-0.02330378710142419,-0.0025664382221144964,0.44856569719658174,20.0
2.275999999999971,0.0039999999999995595,0.0,0.09660255018388626,-0.020636351470298925,-0.0029570147215845196,0.617918058403354,20.0
2.2799999999999705,0.0039999999999995595,0.0,0.09095120100143529,-0.018578948204515805,-0.0030707514150885517,0.5498704908721688,20.0
2.28399999999997,0.0039999999999995595,0.0,0.08521309308199948,-0.016443804595194497,-0.003389842099531958,0.49654864488604283,20.0
2.2879999999999696,0.0039999999999995595,0.0,0.08028691935547297,-0.014862071804588426,-0.0035349315372852725,0.43481722744812606,20.0
2.291999999999969,0.0039999999999995595,0.0,0.07534932304577603,-0.013247660266130317,-0.004073866086538364,0.3690380877115964,20.0
2.2959999999999687,0.0039999999999995595,0.0,0.07129354897372618,-0.012241687543159956,-0.004148670441026684,0.2955310963856781,20.0
2.2999999999999683,0.0039999999999995595,0.0,0.0670905404020467,-0.011118819230458103,-0.004468009771711798,0.24127923575389856,20.0
2.303999999999968,0.0039999999999995595,0.0,0.06397759260534872,-0.010767402909437349,-0.0035063949233762027,0.3235908725546393,20.0
2.3079999999999674,0.0039999999999995595,0.0,0.06161725036650538,-0.010884545556853519,-0.001780494146184829,0.3721775324648058,20.0
2.311999999999967,0.0039999999999995595,0.0,0.058214012166985254,-0.01025042216351212,-0.0006634215940637638,0.371151517491985,20.0
2.3159999999999665,0.0039999999999995595,0.0,0.05361148673607392,-0.008746309052370081,0.00028823239879623277,0.3665116426208974,20.0
2.319999999999966,0.0039999999999995595,0.0,0.049899142785814164,-0.007847967684763377,0.0009150958431340634,0.3431582335623174,20.0
2.3239999999999656,0.0039999999999995595,0.0,0.04455444744837412,-0.005856414847331793,0.001057881092569442,0.4753967036459143,20.0
2.327999999999965,0.0039999999999995595,0.0,0.039482278489765724,-0.004056990467975782,0.0009841987133990065,0.4684481072214025,20.0
2.3319999999999648,0.0039999999999995595,0.0,0.03438598634550708,-0.0022265513478493524,0.0007692095576502653,0.41864584054951787,20.0
2.3359999999999643,0.0039999999999995595,0.0,0.02973015211146213,-0.0007351125367083778,0.00033440362190608825,0.44390215937962263,20.0
2.339999999999964,0.0039999999999995595,0.0,0.024351112149241898,0.0012069840943968934,-0.0004244794898672062,0.4965907630525059,20.0
2.3439999999999634,0.0039999999999995595,0.0,0.01917908282245153,0.0030461419687172852,-0.0010867676638661103,0.5870218620874238,20.0
2.347999999999963,0.0039999999999995595,0.0,0.011783599043779243,0.006392916115979375,-0.002201165115788498,0.9694520204485643,20.0
2.3519999999999626,0.0039999999999995595,0.0,0.004220408111462338,0.01053116048545975,-0.0030886690987771033,0.9728124295925634,20.0
2.355999999999962,0.0039999999999995595,0.0,0.004215227135709876,0.012802527095919494,-0.003892332213884384,0.40718649289374215,20.0
2.3599999999999617,0.0039999999999995595,0.0,0.005302279484556337,0.011995431595335594,-0.003911820973538042,0.39215428192164625,20.0
2.3639999999999612,0.0039999999999995595,0.0,0.004604817831988368,0.009830627369205484,-0.004079557927668059,0.337593005703237,20.0
2.367999999999961,0.0039999999999995595,0.0,0.008202976322527016,0.010994986374479085,-0.004689067319207426,0.5268131229062981,20.0
2.3719999999999604,0.0039999999999995595,0.0,0.016922781519214995,0.015415440854554504,-0.005658943942688925,1.3366201368468253,20.0
2.37599999999996,0.0039999999999995595,0.0,0.02897028315031204,0.02197309377279667,-0.006740026043120494,1.5838664056512886,20.0
2.3799999999999595,0.0039999999999995595,0.0,0.038264468144929044,0.02669955585647133,-0.007453978445980139,0.9767684958294626,20.0
2.383999999999959,0.0039999999999995595,0.0,0.04303593911572413,0.028375265195937704,-0.007886532805822284,0.3260962034821538,19.498937185193157
2.3879999999999586,0.0039999999999995595,0.0,0.04571894129359448,0.0287132481446639,-0.007964312899886946,0.058642596803773206,20.0
2.391999999999958,0.0039999999999995595,0.0,0.047728975605328766,0.02863888659134109,-0.008226591440727309,0.061590282536045204,20.0
2.3959999999999577,0.0039999999999995595,0.0,0.049727199365412054,0.028591914295503125,-0.008416410527960662,0.05266474801296868,20.0
2.3999999999999573,0.0039999999999995595,0.0,0.05186668901188109,0.02868179717436322,-0.00864957748782865,0.09117261095027786,20.0
2.403999999999957,0.0039999999999995595,0.0,0.05451476894328258,0.029145503094156384,-0.009037328398454525,0.13917264885735578,20.0
2.4079999999999564,0.0039999999999995595,0.0,0.05686429807592114,0.029439464128686074,-0.009607002174788298,0.19515131706704136,20.0
2.411999999999956,0.0039999999999995595,0.0,0.06004556654455363,0.030361978330612313,-0.009964409351377927,0.19527300056425256,20.0
2.4159999999999555,0.0039999999999995595,0.0,0.06227653546860524,0.030682962333172737,-0.010476358042161056,0.17682660288241525,20.0
2.419999999999955,0.0039999999999995595,0.0,0.0650425732547726,0.03142892031619401,-0.010728682927768381,0.1354761280844141,20.0
2.4239999999999546,0.0039999999999995595,0.0,0.06702683365239114,0.03169235972658708,-0.010936026175527028,0.16017756259957255,20.0
2.427999999999954,0.0039999999999995595,0.0,0.06966275919515619,0.032453311865540374,-0.011276703522555722,0.12038106594088462,19.336302944305032
2.4319999999999538,0.0039999999999995595,0.0,0.07078617370901437,0.03224370051356277,-0.011499193308530812,0.0530067982866643,20.0
2.4359999999999533,0.0039999999999995595,0.0,0.0733741948192465,0.03308366106556967,-0.011642529167051031,0.28348822568182136,20.0
2.439999999999953,0.0039999999999995595,0.0,0.07654221242070232,0.0343707752355726,-0.011699556525610066,0.24466815278603338,19.963427693811518
2.4439999999999524,0.0039999999999995595,0.0,0.07747357276193303,0.03418003552108677,-0.011685175653685723,0.1588439297006242,20.0
2.447999999999952,0.0039999999999995595,0.0,0.07698808163776805,0.033063234313471634,-0.011495914375274538,0.17558771601413245,20.0
2.4519999999999516,0.0039999999999995595,0.0,0.07787603823830998,0.032907598584886226,-0.011245492689423611,0.13226974465014762,20.0
2.455999999999951,0.0039999999999995595,0.0,0.07678688986634288,0.03144433178202335,-0.011114709659869207,0.43783587003815555,20.0
2.4599999999999507,0.0039999999999995595,0.0,0.07399309015018558,0.028846160676149424,-0.010636927808289478,0.7345524074117945,20.0
2.4639999999999502,0.0039999999999995595,0.0,0.06942205127369112,0.02507079447332798,-0.009886598947756595,1.0433406951506448,20.0
2.46799999999995,0.0039999999999995595,0.0,0.06295893317103678,0.020056645939602626,-0.008910298277618457,1.3661096964789097,20.0
2.4719999999999493,0.0039999999999995595,0.0,0.054627266835526385,0.013843406773828648,-0.007980914238190012,1.6579249552656614,20.0
2.475999999999949,0.0039999999999995595,0.0,0.04621460662103301,0.007620547037719442,-0.0073152742029265454,1.3701575636742922,20.0
2.4799999999999485,0.0039999999999995595,0.0,0.042634398026213285,0.00462617629089753,-0.007212166971179736,0.5657153076067,20.0
2.483999999999948,0.0039999999999995595,0.0,0.043624246217150296,0.00464999421675864,-0.007100016276928064,0.17871608645664724,20.0
2.4879999999999476,0.0039999999999995595,0.0,0.0487698937568104,0.0074317508964041054,-0.007075292323883667,0.85027979430327,20.0
2.491999999999947,0.0039999999999995595,0.0,0.05701641854116374,0.012241024624338473,-0.0070880861115841,1.2455901797447528,20.0
2.4959999999999467,0.0039999999999995595,0.0,0.0660652571219747,0.017539082540920667,-0.007293982493003887,1.341775505046675,20.0
2.4999999999999463,0.0039999999999995595,0.0,0.0753439286698653,0.022953476324459595,-0.007746390379697547,1.407362514745675,20.0
2.503999999999946,0.0039999999999995595,0.0,0.08454752738727092,0.028364085084192237,-0.008402353774443046,1.320807727703622,20.0
2.5079999999999454,0.0039999999999995595,0.0,0.09185961416863828,0.03257587055960306,-0.008764599903927693,0.9907033714079471,20.0
2.511999999999945,0.0039999999999995595,0.0,0.09670013611561988,0.035258907200845145,-0.009504681386775108,0.6364226886685201,20.0
2.5159999999999445,0.0039999999999995595,0.0,0.0995089406389257,0.03667281888901065,-0.010403047230538734,0.404425730266909,20.0
2.519999999999944,0.0039999999999995595,0.0,0.10100533581549147,0.03728226959900764,-0.011557039067583668,0.31401646465901895,20.0
2.5239999999999436,0.0039999999999995595,0.0,0.10147352697432516,0.03725113880387354,-0.012744894846038466,0.30666851207438733,20.0
2.527999999999943,0.0039999999999995595,0.0,0.10117485533661481,0.03673799201203509,-0.014014486906540537,0.34194296200563173,20.0
2.5319999999999427,0.0039999999999995595,0.0,0.10027316198361166,0.035841750277763366,-0.015217649665313701,0.3800726059947165,20.0
2.5359999999999423,0.0039999999999995595,0.0,0.09908862756950675,0.034761041702275626,-0.01644464064494309,0.4058008602294484,18.582310793322453
2.539999999999942,0.0039999999999995595,0.0,0.09769302764898193,0.03354213145122685,-0.01758627961004503,0.41567610500592467,20.0
2.5439999999999414,0.0039999999999995595,0.0,0.09629738110831998,0.032313349237837914,-0.01872250169668695,0.4111670516964999,18.26231089980962
2.547999999999941,0.0039999999999995595,0.0,0.09490306841697313,0.03108056264287555,-0.019748852302446666,0.3944593499415005,20.0
2.5519999999999405,0.0039999999999995595,0.0,0.09377165978510767,0.03001750825305856,-0.020592583440538242,0.29911223690750305,19.899564554185954
2.55599999999994,0.0039999999999995595,0.0,0.09319351065694927,0.029368383239823347,-0.020788848926352924,0.0939207828086972,20.0
2.5599999999999397,0.0039999999999995595,0.0,0.09375059689165123,0.02954368009057674,-0.020493699288703607,0.12633340063319684,13.932312756637298
2.563999999999939,0.0039999999999995595,0.0,0.09449079517018961,0.02991447535647224,-0.019790313352819593,0.20753771968736387,9.361497092731634
2.5679999999999388,0.0039999999999995595,0.0,0.0947278347297135,0.029982457142636518,-0.019115954256991634,0.17263728726685207,7.159378438070288
2.5719999999999383,0.0039999999999995595,0.0,0.09397394859870711,0.02940983557949586,-0.018393105818448337,0.21774906601298666,9.859942674159008
2.575999999999938,0.0039999999999995595,0.0,0.09313534368427301,0.028792126501293914,-0.017724107231556416,0.2522832676627261,9.655224100111832
2.5799999999999375,0.0039999999999995595,0.0,0.0920305533570216,0.028008401876977115,-0.016903739037998376,0.2568174567568547,10.907253343502155
2.583999999999937,0.0039999999999995595,0.0,0.09168220101144764,0.027740243030014898,-0.01619762908382712,0.1811929789725825,10.907253343502155
2.5879999999999366,0.0039999999999995595,0.0,0.09139946692693393,0.027525083188003556,-0.015420842230365293,0.2457389475533604,20.0
2.591999999999936,0.0039999999999995595,0.0,0.09011154790044215,0.026634002457866398,-0.01436501290492165,0.2768426462966685,20.0
2.5959999999999357,0.0039999999999995595,0.0,0.0901038269713546,0.02658632216853492,-0.013306538614530586,0.26475495882099764,20.0
2.5999999999999353,0.0039999999999995595,0.0,0.08928818547881778,0.026000576427699932,-0.012437939370918577,0.2197961380462162,20.0
2.603999999999935,0.0039999999999995595,0.0,0.08901311967983072,0.02577402377138913,-0.01167634938234389,0.25005013015823807,20.0
2.6079999999999344,0.0039999999999995595,0.0,0.08821631698173607,0.025172406889615,-0.01069386263565287,0.21999211680381114,20.0
2.611999999999934,0.0039999999999995595,0.0,0.08866780345219011,0.025438071180732606,-0.010054674973054184,0.16675070601091452,20.0
2.6159999999999335,0.0039999999999995595,0.0,0.0877766642591749,0.024799331907131038,-0.009375707187615191,0.1864944419955656,20.0
2.619999999999933,0.0039999999999995595,0.0,0.08799401672437251,0.024898073571620744,-0.008777131496496287,0.18504229437491607,20.0
2.6239999999999326,0.0039999999999995595,0.0,0.08746442756093425,0.02450224218629006,-0.008235027118653496,0.10372154279688903,20.0
2.627999999999932,0.0039999999999995595,0.0,0.08814775452401662,0.024959708511379238,-0.008038691427804416,0.060668140016673075,20.0
2.6319999999999317,0.0039999999999995595,0.0,0.08795619904458525,0.024790912159504512,-0.00746226647936595,0.14641920472300357,20.0
2.6359999999999313,0.0039999999999995595,0.0,0.08904167329871601,0.025510180586153692,-0.007163010021255122,0.1296200100910846,20.0
2.639999999999931,0.0039999999999995595,0.0,0.08913993520382253,0.02560167952117824,-0.006984372067352637,0.0872117495551859,20.0
2.6439999999999304,0.0039999999999995595,0.0,0.08994258950320677,0.026191460998534328,-0.00705209742877794,0.07218755492489372,20.0
2.64799999999993,0.0039999999999995595,0.0,0.09006588834529831,0.026274063917600274,-0.006636266610492712,0.15558556659941639,20.0
2.6519999999999295,0.0039999999999995595,0.0,0.09172981721587499,0.02742293768451941,-0.006469227127419205,0.23717157549711043,20.0
2.655999999999929,0.0039999999999995595,0.0,0.09273616308577662,0.028149300534183238,-0.006501860753579111,0.26806854101730243,20.0
2.6599999999999286,0.0039999999999995595,0.0,0.09489032018710128,0.02966010091896987,-0.006656644719868195,0.3299992344562975,20.0
2.663999999999928,0.0039999999999995595,0.0,0.09579386218624665,0.030352229189034696,-0.006627968286251544,0.13437236742645903,20.0
2.6679999999999278,0.0039999999999995595,0.0,0.0958296811433493,0.030452369771813658,-0.0066689950191948675,0.03363928439821238,20.0
2.6719999999999273,0.0039999999999995595,0.0,0.09639318243976719,0.03090964245174315,-0.007020348932729674,0.32777418710716383,20.0
2.675999999999927,0.0039999999999995595,0.0,0.1010501633918347,0.03405004083738041,-0.007495959208898531,0.8962674897134147,20.0
2.6799999999999264,0.0039999999999995595,0.0,0.10790691664182772,0.03861615007572424,-0.007941922510200088,1.2612436769182054,20.0
2.683999999999926,0.0039999999999995595,0.0,0.11520848476449562,0.04345425513403691,-0.008297891183294817,1.0286008147579941,20.0
2.6879999999999256,0.0039999999999995595,0.0,0.11861880973951401,0.04573705456299371,-0.008471379309193703,0.5498318538777407,20.0
2.691999999999925,0.0039999999999995595,0.0,0.12096169238642003,0.04739940032724471,-0.008534165635056119,0.3315507387438844,16.425685504029335
2.6959999999999247,0.0039999999999995595,0.0,0.12142959728801143,0.04786495013239977,-0.008531889815798662,0.04352945462074651,20.0
2.6999999999999242,0.0039999999999995595,0.0,0.12035023204143289,0.047357120566359656,-0.008644677529456073,0.21299053193740372,20.0
2.703999999999924,0.0039999999999995595,0.0,0.11824994725649982,0.04621060893845722,-0.008794281166745348,0.2899493625482972,20.0
2.7079999999999234,0.0039999999999995595,0.0,0.11666829100721879,0.045401751000528484,-0.008732518368927819,0.20516654702176665,20.0
2.711999999999923,0.0039999999999995595,0.0,0.11554784650247953,0.044898297315801014,-0.008441754606881968,0.15301651356044452,20.0
2.7159999999999225,0.0039999999999995595,0.0,0.11382183986843444,0.04396891459667147,-0.008233811605332942,0.4399506865954491,20.0
2.719999999999922,0.0039999999999995595,0.0,0.10945049505018829,0.04127421985257739,-0.008497916859083863,0.5756333901357141,20.0
2.7239999999999216,0.0039999999999995595,0.0,0.10836727283524164,0.040724809919075344,-0.009600236022742523,0.32387123005745194,20.0
2.727999999999921,0.0039999999999995595,0.0,0.11056419388079286,0.04234553060105846,-0.011350567636497234,0.6271955027194096,20.0
2.7319999999999207,0.0039999999999995595,0.0,0.11351682443184323,0.04444161103962166,-0.0132478877693484,0.7018605871540059,20.0
2.7359999999999203,0.0039999999999995595,0.0,0.11668391609087204,0.0466598720561092,-0.014723191014705345,0.6247685902941992,20.0
2.73999999999992,0.0039999999999995595,0.0,0.11974120488711125,0.04881767751256225,-0.01573578429028692,0.6596854923336174,20.0
2.7439999999999194,0.0039999999999995595,0.0,0.1237430894161241,0.051674419449390725,-0.01626213439700506,0.6823344455446326,19.467021446430344
2.747999999999919,0.0039999999999995595,0.0,0.12676360624473904,0.05396606096470168,-0.016298376609335266,0.5911239847374434,20.0
2.7519999999999185,0.0039999999999995595,0.0,0.12924797884121678,0.055986795992882456,-0.016035989408657778,0.43765979739755423,16.42875797012944
2.755999999999918,0.0039999999999995595,0.0,0.1301957806870361,0.057052597290747895,-0.015522942520986578,0.3269135984047224,20.0
2.7599999999999176,0.0039999999999995595,0.0,0.13085960384422993,0.057992884986823375,-0.014893531510251284,0.2249777753208664,17.17260468148349
2.763999999999917,0.0039999999999995595,0.0,0.1299559354575744,0.05793666534647815,-0.014153012711413894,0.18886295949460938,20.0
2.7679999999999167,0.0039999999999995595,0.0,0.12917106975595422,0.057997249689427696,-0.013380212087062993,0.20986052208351583,20.0
2.7719999999999163,0.0039999999999995595,0.0,0.12604123513925272,0.056533234712810576,-0.012522830196699787,0.5114641358615815,20.0
2.775999999999916,0.0039999999999995595,0.0,0.12155170192249073,0.054194796613298804,-0.011670124704454322,0.5629614804276489,20.0
2.7799999999999154,0.0039999999999995595,0.0,0.11882758876691485,0.05303454330599275,-0.01091347935048365,0.2624777289834619,20.0
2.783999999999915,0.0039999999999995595,0.0,0.11746616214510343,0.0527837474812388,-0.010136978291603583,0.23985176302694086,20.0
2.7879999999999145,0.0039999999999995595,0.0,0.1148430660018419,0.0517327568360094,-0.009337521968856854,0.2973940904535571,20.0
2.791999999999914,0.0039999999999995595,0.0,0.11259151333011956,0.0509179018269425,-0.008635732814316755,0.3007585560438487,20.0
2.7959999999999137,0.0039999999999995595,0.0,0.10971921590110642,0.049707276960335084,-0.008262686515545842,0.23834790858471486,20.0
2.7999999999999132,0.0039999999999995595,0.0,0.10796012461061046,0.0492396398149202,-0.007686692241950664,0.22495676288099867,20.0
2.803999999999913,0.0039999999999995595,0.0,0.10547341973500841,0.048285914650377605,-0.007397797393026445,0.16581815607595923,20.0
2.8079999999999123,0.0039999999999995595,0.0,0.10413202233260005,0.04812584629685498,-0.006981781933919639,0.17268689055167669,20.0
2.811999999999912,0.0039999999999995595,0.0,0.10014872214189331,0.04622622231364539,-0.006964061158696647,0.5901559829755095,20.0
2.8159999999999115,0.0039999999999995595,0.0,0.09569496545109861,0.043972796247542426,-0.007049122239748957,0.3665166123233839,20.0
2.819999999999911,0.0039999999999995595,0.0,0.09611653725741014,0.04491248656101277,-0.0070966536123444135,0.44243091507362475,20.0
2.8239999999999106,0.0039999999999995595,0.0,0.09894385249699361,0.047430342679427855,-0.006842374905021491,0.45918008328158083,20.0
2.82799999999991,0.0039999999999995595,0.0,0.0985541948283397,0.04783741213039994,-0.005742548746156243,0.32876242815249745,20.0
2.8319999999999097,0.0039999999999995595,0.0,0.09872884157100299,0.048647107191302906,-0.004594158153810671,0.2882194014330843,16.828573644527072
2.8359999999999093,0.0039999999999995595,0.0,0.09760703201419717,0.048588597285641945,-0.0036569045722204575,0.249506526627259,20.0
2.839999999999909,0.0039999999999995595,0.0,0.09680873705039088,0.04875567055508613,-0.0027799652158498563,0.17549181360638857,20.0
2.8439999999999084,0.0039999999999995595,0.0,0.09549907453787358,0.04858592529530196,-0.0023870789444719754,0.10842627936871764,20.0
2.847999999999908,0.0039999999999995595,0.0,0.09488734825425273,0.04892148195379769,-0.0021363071820895262,0.018618233040054135,20.0
2.8519999999999075,0.0039999999999995595,0.0,0.09344907689162678,0.04872204856892461,-0.0022139362817143187,0.024093691716199628,20.0
2.855999999999907,0.0039999999999995595,0.0,0.09269925455832514,0.04900340225152567,-0.0023852721599083005,0.07922227580292437,20.0
2.8599999999999066,0.0039999999999995595,0.0,0.09169632321532094,0.04914192465394951,-0.002777694316504668,0.07354998338835964,20.0
2.863999999999906,0.0039999999999995595,0.0,0.09110050516631785,0.04948831910492065,-0.002520561041795697,0.1458335022331253,20.0
2.8679999999999057,0.0039999999999995595,0.0,0.09088556764568588,0.050062339255513434,-0.0019386302327591923,0.19814160381810908,20.0
2.8719999999999053,0.0039999999999995595,0.0,0.09065467970989016,0.0507152656434108,-0.001976487694877637,0.13668862567670723,20.0
2.875999999999905,0.0039999999999995595,0.0,0.08981846208781562,0.051016971048803934,-0.0023583434337749003,0.10629231194762628,20.0
2.8799999999999044,0.0039999999999995595,0.0,0.0891359292428438,0.05144188977487088,-0.0027629726190061305,0.1550391842951944,20.0
2.883999999999904,0.0039999999999995595,0.0,0.08784550287750235,0.05147982842086772,-0.003402725261052131,0.11027809770556242,20.0
2.8879999999999035,0.0039999999999995595,0.0,0.08639475873667815,0.05132885417928116,-0.0032465903956270174,0.1023352740327747,20.0
2.891999999999903,0.0039999999999995595,0.0,0.08492573940702475,0.051114092531456275,-0.0025059318111438837,0.1357241196917598,20.0
2.8959999999999027,0.0039999999999995595,0.0,0.08412370003639436,0.05139153561005877,-0.0025869010349218774,0.11794814725999068,20.0
2.899999999999902,0.0039999999999995595,0.0,0.08388664428729062,0.05208203706329049,-0.0034415994914713936,0.31126605220434705,20.0
2.9039999999999018,0.0039999999999995595,0.0,0.08416467312430603,0.05312868268922089,-0.0046756329262942166,0.40320035228877793,12.156794452112166
2.9079999999999013,0.0039999999999995595,0.0,0.08473441861477266,0.0543842834131342,-0.005517258454450033,0.29807035792542674,20.0
2.911999999999901,0.0039999999999995595,0.0,0.08415687298088635,0.05484873988842997,-0.006353001559898316,0.2160047986515245,20.0
2.9159999999999004,0.0039999999999995595,0.0,0.0846268553142685,0.05598467695162372,-0.007102529771083206,0.3674123765853411,17.78573573520017
2.9199999999999,0.0039999999999995595,0.0,0.08602186636364721,0.05772313512082288,-0.007918822118016372,0.5041111276204232,16.67521075216394
2.9239999999998996,0.0039999999999995595,0.0,0.08813067982410688,0.05995499665142803,-0.008602980053345942,0.591413010767131,16.521992193573954
2.927999999999899,0.0039999999999995595,0.0,0.09017304690762838,0.06218612323236869,-0.009110070153755211,0.5319379658199184,12.037975990668297
2.9319999999998987,0.0039999999999995595,0.0,0.09146730605950112,0.06397973931348158,-0.009277581437848816,0.42047845562717234,11.39744438455553
2.9359999999998982,0.0039999999999995595,0.0,0.09204420623627424,0.06534813347586382,-0.009208424066344681,0.3170554352311228,11.491848423824647
2.939999999999898,0.0039999999999995595,0.0,0.09191046553262872,0.06630429394501117,-0.008772883035491515,0.24853661859371817,11.491848423824647
2.9439999999998974,0.0039999999999995595,0.0,0.09119856796178154,0.06692684521431937,-0.008068692115520752,0.2287275164948502,13.049965077073493
2.947999999999897,0.0039999999999995595,0.0,0.09033148083679969,0.06747680454625793,-0.007438994937499488,0.19843331040107356,15.278004682453862
2.9519999999998965,0.0039999999999995595,0.0,0.08927439858283787,0.06793203222955212,-0.006910393130334327,0.17332178846765633,14.275556237520918
2.955999999999896,0.0039999999999995595,0.0,0.0877322452617939,0.06810439699715357,-0.006262030281416434,0.15120382816680436,15.75208017353012
2.9599999999998956,0.0039999999999995595,0.0,0.08612749295215272,0.06826399692073255,-0.005874802142348312,0.09055729271861805,15.75208017353012
2.963999999999895,0.0039999999999995595,0.0,0.08429820317999732,0.06830978289796931,-0.005607340795786946,0.08318186743564285,15.042017745114567
2.9679999999998947,0.0039999999999995595,0.0,0.08189275364111595,0.06799930911998947,-0.00513884947783886,0.15316136731436483,5.195918863692141
2.9719999999998943,0.0039999999999995595,0.0,0.0793016892295258,0.06755884677038176,-0.004608882073409471,0.1694975332873173,0.6261928644939896
2.975999999999894,0.0039999999999995595,0.0,0.07684171311134481,0.06719945235095706,-0.004126202834337513,0.14629674716079946,0.8766757045330446
2.9799999999998934,0.0039999999999995595,0.0,0.0745945571256755,0.06697629721176095,-0.003688700044407104,0.11834547618622711,1.263577533924979
2.983999999999893,0.0039999999999995595,0.0,0.07260872271285271,0.06692170592734394,-0.0032936249303531454,0.0965540507224735,1.5898611211760307
2.9879999999998925,0.0039999999999995595,0.0,0.07091151988297008,0.06705453407573181,-0.002937577248781744,0.09441125680269165,1.864165912568235
2.991999999999892,0.0039999999999995595,0.0,0.06951831866242053,0.06738645042421111,-0.0026181241102968466,0.1167181535288911,2.099960334937027
2.9959999999998916,0.0039999999999995595,0.0,0.06843320169254577,0.06792163431169922,-0.0023331333969712504,0.1538406610042665,2.306291029101175
2.999999999999891,0.0039999999999995595,0.0,0.06765137620966766,0.06865855751969506,-0.0020803118990698655,0.1968020712111187,2.491284019703585
3.0039999999998908,0.0039999999999995595,0.0,0.06716226700090887,0.06959189787626854,-0.00185708813964585,0.24131910360781042,2.6607210125567304
3.0079999999998903,0.0039999999999995595,0.0,0.06724781196792808,0.0709053167322072,-0.001723503893641339,0.37779925236532685,6.0
3.01199999999989,0.0039999999999995595,0.0,0.06878142892734758,0.07316519362586826,-0.0018673504351701875,0.6170439005149976,6.0
3.0159999999998894,0.0039999999999995595,0.0,0.0716320353451422,0.07628191505147314,-0.0022790550098376345,0.8141475491819821,6.0
3.019999999999889,0.0039999999999995595,0.0,0.07536242812080166,0.0799622364252457,-0.0029110964237899317,0.956238576271754,6.0
3.0239999999998886,0.0039999999999995595,0.0,0.07987048375163679,0.08413222127078963,-0.0037626545129203453,1.081740384677569,6.0
3.027999999999888,0.0039999999999995595,0.0,0.08507885241680996,0.08873335205958248,-0.0048182762160338,1.1930762514830506,6.0
3.0319999999998877,0.0039999999999995595,0.0,0.09092225584095169,0.09371620625211075,-0.006059252170927294,1.2917544049658447,6.0
3.0359999999998872,0.0039999999999995595,0.0,0.09736305421976692,0.09904738422617732,-0.007520091629697129,1.3917761143351925,6.0
3.039999999999887,0.0039999999999995595,0.0,0.10441003614627972,0.10470339199669203,-0.009371355278455507,1.4883032231037665,6.0
3.0439999999998864,0.0039999999999995595,0.0,0.11185383205270541,0.11052763436413995,-0.011492861155189545,1.5409760599550086,6.0
3.047999999999886,0.0039999999999995595,0.0,0.119195864891268,0.11619899553871736,-0.013695160826367238,1.4526450615843605,6.0
3.0519999999998855,0.0039999999999995595,0.0,0.1253043652916646,0.12101492048879713,-0.015779194548311476,1.2463258814220572,6.0
3.055999999999885,0.0039999999999995595,0.0,0.13016881207036662,0.12497655953532776,-0.017766264790730107,1.0461916950349797,6.0
3.0599999999998846,0.0039999999999995595,0.0,0.13382550338912794,0.12812649087374123,-0.019586641454789642,0.849152286819928,6.0
3.063999999999884,0.0039999999999995595,0.0,0.13638590870287517,0.13058195294628375,-0.021031019413266884,0.6621662964421573,6.0
3.0679999999998837,0.0039999999999995595,0.0,0.13796254730888005,0.13242524884395676,-0.02215230002333403,0.4990413674732603,6.0
3.0719999999998833,0.0039999999999995595,0.0,0.13864023724114313,0.13371755679440464,-0.022985790601084882,0.3485334773390708,6.0
3.075999999999883,0.0039999999999995595,0.0,0.13842493102156828,0.1344658786658232,-0.02355312783211067,0.20345232746500022,6.0
3.0799999999998824,0.0039999999999995595,0.0,0.1373422522583863,0.13469597949672046,-0.023837441062551052,0.06382670643435272,6.0
3.083999999999882,0.0039999999999995595,0.0,0.13537396285224412,0.13440019328797684,-0.023833730355741725,0.09892097165931563,6.0
3.0879999999998815,0.0039999999999995595,0.0,0.13240389260598903,0.1335093546246285,-0.023526473072767198,0.27866873159316974,6.0
3.091999999999881,0.0039999999999995595,0.0,0.12819015220052069,0.13187623086181477,-0.022884710248716682,0.47605236126090233,6.0
3.0959999999998806,0.0039999999999995595,0.0,0.12287591736490482,0.12958637149346905,-0.021951535573086496,0.6530288650867012,6.0
3.09999999999988,0.0039999999999995595,0.0,0.11654378370859772,0.1266872847499314,-0.020762033641228205,0.8161826326319505,6.0
3.1039999999998797,0.0039999999999995595,0.0,0.10926574749275919,0.12321780075372953,-0.019349814161550384,0.9674602104737692,6.0
3.1079999999998793,0.0039999999999995595,0.0,0.10110602977603206,0.11921104161157167,-0.017747086294752145,1.108206953233561,6.0
3.111999999999879,0.0039999999999995595,0.0,0.0921240365062071,0.11469658148407194,-0.015985613423647946,1.2392587436739242,6.0
3.1159999999998784,0.0039999999999995595,0.0,0.08237879366210464,0.10970287957121742,-0.01409968982355967,1.3601867594636627,6.0
3.119999999999878,0.0039999999999995595,0.0,0.07191360485611663,0.10424893246395334,-0.01211822653896537,1.4777327366899795,6.0
3.1239999999998775,0.0039999999999995595,0.0,0.06073573607651565,0.09833341291845456,-0.01005186428250978,1.5911458331600272,6.0
3.127999999999877,0.0039999999999995595,0.0,0.04940844661701635,0.0922882177296302,-0.00807640193333388,1.5308675689233584,6.0
3.1319999999998767,0.0039999999999995595,0.0,0.03939550808395826,0.08700165307012894,-0.0065886239465607855,1.3236105866864212,6.0
3.135999999999876,0.0039999999999995595,0.0,0.030502089018816073,0.08235959450948743,-0.005502734882598415,1.148937622128383,6.0
3.139999999999876,0.0039999999999995595,0.0,0.022604773820921756,0.07829250899034963,-0.004757284690065523,0.9956665945171912,6.0
3.1439999999998753,0.0039999999999995595,0.0,0.015627110931453945,0.07475936480050828,-0.004318606561314188,0.8537687238269476,6.0
3.147999999999875,0.0039999999999995595,0.0,0.009526981205697855,0.07173949305299199,-0.004169118063597184,0.7254619089468143,6.0
3.1519999999998745,0.0039999999999995595,0.0,0.0042296521987676165,0.069170615776238,-0.004250736038768011,0.6156579819581431,6.0
3.155999999999874,0.0039999999999995595,0.0,0.0011163318203407367,0.06703567363618645,-0.00454294306601919,0.5137954642250026,6.0
3.1599999999998736,0.0039999999999995595,0.0,0.004598016478373152,0.06533155816794793,-0.005029034194856173,0.4213179480880453,6.0
3.163999999999873,0.0039999999999995595,0.0,0.007869191227552894,0.06404622522683416,-0.005695245485139241,0.3454148701841637,6.0
3.1679999999998727,0.0039999999999995595,0.0,0.010590355561263302,0.06315240698385118,-0.006511052113213313,0.2922605907718582,6.0
3.1719999999998723,0.0039999999999995595,0.0,0.012852424375521618,0.0625732328898541,-0.00739292390854964,0.2513358622698699,6.0
3.175999999999872,0.0039999999999995595,0.0,0.014878947760720265,0.062071716224333696,-0.008088026487316016,0.20392566915126495,6.0
3.1799999999998714,0.0039999999999995595,0.0,0.01669230696066571,0.061624042679947075,-0.008606361814205654,0.1607452501665018,6.0
3.183999999999871,0.0039999999999995595,0.0,0.018253817483491898,0.06126463972243408,-0.00897188875484105,0.11826645461540874,6.0
3.1879999999998705,0.0039999999999995595,0.0,0.019555518920179944,0.06100807873773398,-0.00920775360007597,0.07773323738103728,6.0
3.19199999999987,0.0039999999999995595,0.0,0.020599270748799223,0.06085922646806381,-0.009329753142771678,0.039124633033007145,6.0
3.1959999999998696,0.0039999999999995595,0.0,0.021391166400230206,0.060818949726124165,-0.00935112137675342,0.004007770035906523,6.0
3.199999999999869,0.0039999999999995595,0.0,0.021946766717998906,0.0608801571880886,-0.009282125741300903,0.03072658751550078,6.0
3.2039999999998687,0.0039999999999995595,0.0,0.022278249075392446,0.06103860354534467,-0.0091339716875967,0.06127931376435969,6.0
3.2079999999998683,0.0039999999999995595,0.0,0.022773553070584117,0.06102312396445776,-0.008909963493613521,0.08912950980595852,6.0
3.211999999999868,0.0039999999999995595,0.0,0.024466922904238807,0.0601227428907023,-0.00860592629811404,0.27541118696274314,6.0
3.2159999999998674,0.0039999999999995595,0.0,0.0269552149210363,0.058663455738585835,-0.00826633261526546,0.39566207616516796,6.0
3.219999999999867,0.0039999999999995595,0.0,0.029968410343567963,0.05686304943751958,-0.007929188556870938,0.4745154174179494,6.0
3.2239999999998665,0.0039999999999995595,0.0,0.03341159612719007,0.05478838144120776,-0.007603089686461718,0.5373444795640736,5.516205972554294
3.227999999999866,0.0039999999999995595,0.0,0.037187391414496895,0.05250161788932263,-0.007284977159846038,0.5856524670563427,5.502975004118442
3.2319999999998656,0.0039999999999995595,0.0,0.04111242940805401,0.050092194187308876,-0.006778208485060683,0.6214521357819817,5.477897844046412
3.235999999999865,0.0039999999999995595,0.0,0.04512181880168132,0.04760853950443144,-0.006025893612404581,0.6564995189000374,5.477897844046412
3.2399999999998648,0.0039999999999995595,0.0,0.04924334431219687,0.04505136748176353,-0.00506175391082751,0.688350366228885,5.480928171161379
3.2439999999998643,0.0039999999999995595,0.0,0.053429767489464555,0.04246706220209817,-0.003926605142915261,0.7077412220745081,5.563035895894474
3.247999999999864,0.0039999999999995595,0.0,0.05763986365224859,0.03989194346409277,-0.002651105875057724,0.7198762632101557,5.688013789739254
3.2519999999998634,0.0039999999999995595,0.0,0.061638357525867285,0.03748329905908404,-0.0013453603375542592,0.6440519469249765,6.0
3.255999999999863,0.0039999999999995595,0.0,0.06480910851370467,0.035628413070817565,-0.00022350237529698933,0.5179528986448371,6.0
3.2599999999998626,0.0039999999999995595,0.0,0.06731158136618531,0.03421129719038271,0.0009420385209170114,0.44014112293005475,6.0
3.263999999999862,0.0039999999999995595,0.0,0.06925755028703721,0.03315971724414775,0.0021386329597608334,0.3856524554677275,6.0
3.2679999999998617,0.0039999999999995595,0.0,0.07076024740004883,0.032400052846589776,0.0033634712169007446,0.35235338431207885,6.0
3.2719999999998612,0.0039999999999995595,0.0,0.07191631587755769,0.03186911373554979,0.004609384694195055,0.3337492004674389,6.0
3.275999999999861,0.0039999999999995595,0.0,0.07280075620731433,0.03151782324387434,0.005869955604954454,0.32430580659035585,6.0
3.2799999999998604,0.0039999999999995595,0.0,0.0734708315212,0.031308875192125885,0.007140285604402486,0.32020516236802055,6.0
3.28399999999986,0.0039999999999995595,0.0,0.07397339450090779,0.031212337037740383,0.008417072142656204,0.3191695184195535,6.0
3.2879999999998595,0.0039999999999995595,0.0,0.07445705528233588,0.031133661940723305,0.009705770169223058,0.3247938832691741,6.0
3.291999999999859,0.0039999999999995595,0.0,0.07518873172765943,0.030835549181620837,0.010771981485386106,0.2665105734829752,6.0
3.2959999999998586,0.0039999999999995595,0.0,0.07600151889394417,0.030419340837320563,0.011643329525978881,0.22995235934271738,6.0
3.299999999999858,0.0039999999999995595,0.0,0.07658683160680002,0.030098451319997995,0.01233865545466661,0.17526884712400811,6.0
3.3039999999998577,0.0039999999999995595,0.0,0.07684973352230766,0.02991845410712942,0.0127982016378402,0.10403820339321086,6.0
3.3079999999998573,0.0039999999999995595,0.0,0.07676016510894106,0.02990932569439242,0.013055359672830004,0.05462687854926238,6.0
3.311999999999857,0.0039999999999995595,0.0,0.07632015390504782,0.0300843209648539,0.013159868053195715,0.05365265945050661,6.0
3.3159999999998564,0.0039999999999995595,0.0,0.07559401298691865,0.03041602114713753,0.013167756344773886,0.086626501621347,6.0
3.319999999999856,0.0039999999999995595,0.0,0.07464236881375329,0.030874975255131686,0.013119671632922873,0.11759694882285843,6.0
3.3239999999998555,0.0039999999999995595,0.0,0.07350096344387194,0.031443926182145,0.01303883922472371,0.14627014395825472,6.0
3.327999999999855,0.0039999999999995595,0.0,0.07227389513615143,0.03207136626825066,0.012967584390696216,0.1468977170777689,6.0
3.3319999999998546,0.0039999999999995595,0.0,0.07128392934910291,0.03257818694215364,0.012972889152640757,0.1169556407491378,6.0
3.335999999999854,0.0039999999999995595,0.0,0.07049129508980219,0.03295895938421458,0.012912676458355738,0.08767489681693777,6.0
3.3399999999998538,0.0039999999999995595,0.0,0.06990137433389945,0.03320401822255391,0.012756641149020117,0.06979101320103039,6.0
3.3439999999998533,0.0039999999999995595,0.0,0.06948854004966913,0.03333330593156649,0.012498365678614532,0.07576237411705837,6.0
3.347999999999853,0.0039999999999995595,0.0,0.06922863049385126,0.03336834521462026,0.012135612955976227,0.09725836297773005,6.0
3.3519999999998524,0.0039999999999995595,0.0,0.06910405252575351,0.03332807931067955,0.011670872501216572,0.1232094890946127,6.0
3.355999999999852,0.0039999999999995595,0.0,0.06910322351449631,0.033228200539757335,0.011107486810224863,0.14939041699526048,6.0
3.3599999999998515,0.0039999999999995595,0.0,0.06921925980436838,0.03308171543301062,0.010449219159833894,0.17448913642466798,6.0
3.363999999999851,0.0039999999999995595,0.0,0.06944930181240791,0.03289919478912198,0.009700257430580584,0.19811819694916327,6.0
3.3679999999998507,0.0039999999999995595,0.0,0.06976158988592945,0.03271326893090033,0.008894638295279485,0.20288592521320903,6.0
3.3719999999998502,0.0039999999999995595,0.0,0.07000797063520288,0.0326346515535684,0.00810319229586185,0.20156766845592955,6.0
3.37599999999985,0.0039999999999995595,0.0,0.0700478597198347,0.032758891237144934,0.0072333963151461145,0.23096680808381434,6.0
3.3799999999998493,0.0039999999999995595,0.0,0.06989882501954701,0.03307571414708889,0.006225412652972932,0.27787635428219565,6.0
3.383999999999849,0.0039999999999995595,0.0,0.06967985179754829,0.033519340139797064,0.005066371457675943,0.32154089449156453,6.0
3.3879999999998485,0.0039999999999995595,0.0,0.06964421743138434,0.03391769133094308,0.003912710153825911,0.29313672087412584,6.0
3.391999999999848,0.0039999999999995595,0.0,0.06968373445927926,0.03431061883393818,0.003018661616898734,0.2221946070004344,6.0
3.3959999999998476,0.0039999999999995595,0.0,0.0697187078380116,0.034707591493096476,0.0025277292474594395,0.14153448059064827,6.0
3.399999999999847,0.0039999999999995595,0.0,0.06970817542340015,0.03508613300557082,0.00257012199598142,0.10519253742341582,6.0
3.4039999999998467,0.0039999999999995595,0.0,0.06963043394647775,0.035444025771528886,0.0031449366003604854,0.19479819225638684,6.0
3.4079999999998463,0.0039999999999995595,0.0,0.06967733327510306,0.035670901085763776,0.004049404196027567,0.22351378379013423,6.0
3.411999999999846,0.0039999999999995595,0.0,0.07036351743774534,0.03544834327262104,0.004894290125857975,0.22197613089705534,6.0
3.4159999999998454,0.0039999999999995595,0.0,0.07137500824621726,0.03500167302503626,0.0056934728377897445,0.22762803866592288,6.0
3.419999999999845,0.0039999999999995595,0.0,0.07240678060109737,0.03454954847392576,0.006425453485170124,0.21194779139550338,6.0
3.4239999999998445,0.0039999999999995595,0.0,0.07341608735809187,0.03412392068278037,0.007075884109809934,0.19100409934172202,6.0
3.427999999999844,0.0039999999999995595,0.0,0.0744019933623801,0.03372600840821057,0.00763813448178575,0.16928809517397636,6.0
3.4319999999998436,0.0039999999999995595,0.0,0.07537248826407655,0.03335006452036745,0.0081076783601518,0.14817419390860462,6.0
3.435999999999843,0.0039999999999995595,0.0,0.0763336237481018,0.03299104988346493,0.008485538256925529,0.1291512541217404,6.0
3.4399999999998427,0.0039999999999995595,0.0,0.07728917688978808,0.03264510882248571,0.008776750316172,0.1131125508521585,6.0
3.4439999999998423,0.0039999999999995595,0.0,0.07824050027969084,0.03231004374226405,0.008988640612090528,0.10040323824514465,6.0
3.447999999999842,0.0039999999999995595,0.0,0.0791342163330562,0.032023502361003806,0.009121109855936302,0.07124287418213994,6.0
3.4519999999998414,0.0039999999999995595,0.0,0.07983217862201114,0.03188389082576406,0.009175186772809098,0.0351874332195995,6.0
3.455999999999841,0.0039999999999995595,0.0,0.08040149085364263,0.03183828814303666,0.009220341956671485,0.015059424885891216,6.0
3.4599999999998405,0.0039999999999995595,0.0,0.0808547959715821,0.03187671196513527,0.009273112517057152,0.01777998376769053,6.0
3.46399999999984,0.0039999999999995595,0.0,0.0812005285949405,0.031993304962640766,0.00933805210246633,0.03448428910676245,6.0
3.4679999999998397,0.0039999999999995595,0.0,0.08147050024390151,0.03216600204998527,0.009424583326426162,0.04944471978678165,6.0
3.471999999999839,0.0039999999999995595,0.0,0.08167333552010457,0.03238938689437086,0.009534057756469675,0.06342446118376543,6.0
3.4759999999998388,0.0039999999999995595,0.0,0.08181814414726596,0.032657843019143394,0.009666531956464386,0.07600766465825433,6.0
3.4799999999998383,0.0039999999999995595,0.0,0.08191403889402285,0.03296589916361554,0.009819128923886315,0.08706962128300796,6.0
3.483999999999838,0.0039999999999995595,0.0,0.08196844086759997,0.033309161944060875,0.009992959984981741,0.09747928172992772,6.0
3.4879999999998375,0.0039999999999995595,0.0,0.08195695791900348,0.03370834200300113,0.010185669381899293,0.11734322766544683,6.0
3.491999999999837,0.0039999999999995595,0.0,0.08183696472540747,0.034204318742623196,0.010397707742639883,0.13690754064435715,6.0
3.4959999999998366,0.0039999999999995595,0.0,0.0817954286722883,0.034671849174030274,0.010707181963065754,0.13931665119753828,6.0
3.499999999999836,0.0039999999999995595,0.0,0.08198571056892,0.0350032963496403,0.011168486588860452,0.1457905105941925,6.0
3.5039999999998357,0.0039999999999995595,0.0,0.08242989148406632,0.035186044337419904,0.01179279867494361,0.17048614838626083,6.0
3.5079999999998353,0.0039999999999995595,0.0,0.0830988340031236,0.03524551067902171,0.012577554166748682,0.20657435904081342,6.0
3.511999999999835,0.0039999999999995595,0.0,0.08399325528847489,0.03519022979848044,0.013525664651296777,0.24798266866129526,6.0
3.5159999999998344,0.0039999999999995595,0.0,0.08509823767765051,0.03503926084165183,0.014630781387446104,0.28700142934800416,6.0
3.519999999999834,0.0039999999999995595,0.0,0.08633861668766553,0.034849648511836584,0.01586566995654007,0.3192486319465506,6.0
3.5239999999998335,0.0039999999999995595,0.0,0.08769633851112216,0.034640901264024394,0.017215663085639973,0.347376095789462,6.0
3.527999999999833,0.0039999999999995595,0.0,0.08918546949083617,0.03440305477882642,0.018671674129259467,0.3751879717961027,6.0
3.5319999999998326,0.0039999999999995595,0.0,0.09080325683293149,0.03412439752226366,0.020264614457073123,0.4152015138196543,6.0
3.535999999999832,0.0039999999999995595,0.0,0.0922506636377246,0.03402544718865756,0.022088997226532254,0.47097009611675245,6.0
3.5399999999998317,0.0039999999999995595,0.0,0.0934199628034909,0.03420913230855775,0.024173138735208547,0.540387719646709,6.0
3.5439999999998313,0.0039999999999995595,0.0,0.09440752302573606,0.03463270973467908,0.026491930293114415,0.6001296661660528,6.0
3.547999999999831,0.0039999999999995595,0.0,0.09535386495241956,0.03519596545391796,0.02892390922614664,0.6262201011233396,6.0
3.5519999999998304,0.0039999999999995595,0.0,0.0963080377012523,0.035678377658592844,0.030874570921759274,0.4534971958838587,6.0
3.55599999999983,0.0039999999999995595,0.0,0.09717761526998053,0.03602390441641106,0.03213659107770249,0.28598217874891746,6.0
3.5599999999998295,0.0039999999999995595,0.0,0.09787118180088818,0.03629159972651253,0.03281150899844875,0.150338860339809,6.0
3.563999999999829,0.0039999999999995595,0.0,0.09832357302562356,0.03655146558964386,0.03301739491958152,0.06877371035382736,6.0
3.5679999999998286,0.0039999999999995595,0.0,0.09855358249482796,0.036825662925706264,0.032868053371381774,0.0783874022619534,6.0
3.571999999999828,0.0039999999999995595,0.0,0.09862453911369358,0.037090107161997656,0.032409820630567285,0.1467700675198495,6.0
3.5759999999998278,0.0039999999999995595,0.0,0.09828224867727825,0.03756015678772782,0.03170317170998044,0.22531688984609202,6.0
3.5799999999998273,0.0039999999999995595,0.0,0.0975017040355976,0.038277529449379705,0.030801667003386882,0.2987529431872273,6.0
3.583999999999827,0.0039999999999995595,0.0,0.096303273124247,0.03924956019593858,0.029759684288250692,0.36497531836222125,6.0
3.5879999999998264,0.0039999999999995595,0.0,0.09473881765162795,0.04045739929479215,0.028623298992395876,0.41968843350840057,6.0
3.591999999999826,0.0039999999999995595,0.0,0.09289992793023892,0.041852771819496114,0.027434591291620933,0.4613740369961172,6.0
3.5959999999998256,0.0039999999999995595,0.0,0.09085134531639225,0.04340019169197506,0.02621798842798539,0.4940375411573554,6.0
3.599999999999825,0.0039999999999995595,0.0,0.08864371946798008,0.045070981423903804,0.024988055223631123,0.5199703619239228,6.0
3.6039999999998247,0.0039999999999995595,0.0,0.08631758195836604,0.046841485413433484,0.023750965469755955,0.5409466704387104,6.0
3.6079999999998242,0.0039999999999995595,0.0,0.08397017550598891,0.04866518581522076,0.022574820452843394,0.5293013907996345,6.0
3.611999999999824,0.0039999999999995595,0.0,0.08181743648256745,0.05043817601349517,0.021631705125266854,0.4904173215563022,6.0
3.6159999999998234,0.0039999999999995595,0.0,0.07997965230318185,0.052080981877581055,0.020938229673233673,0.4237078502211118,6.0
3.619999999999823,0.0039999999999995595,0.0,0.07866172893265014,0.05344849560017357,0.02047379834295657,0.3338626611132582,6.0
3.6239999999998225,0.0039999999999995595,0.0,0.07794511237240354,0.05446684725532761,0.020119066949119146,0.24490608091305435,6.0
3.627999999999822,0.0039999999999995595,0.0,0.07785523618611287,0.05510378719352269,0.01977831640339478,0.16053284715428048,6.0
3.6319999999998216,0.0039999999999995595,0.0,0.07835071584525002,0.05538010602718274,0.01940237063021215,0.10853027651779282,6.0
3.635999999999821,0.0039999999999995595,0.0,0.07935331767301274,0.05534857233021638,0.018974023166504008,0.11342751845761755,6.0
3.6399999999998207,0.0039999999999995595,0.0,0.08078526274397119,0.0550632243485714,0.018483868381818695,0.15208364451491585,6.0
3.6439999999998203,0.0039999999999995595,0.0,0.08258739307524858,0.05456643726183371,0.017925963988365486,0.1982450757726335,6.0
3.64799999999982,0.0039999999999995595,0.0,0.08474957296902548,0.05386877893258145,0.01729662673496551,0.2449505017048328,6.0
3.6519999999998194,0.0039999999999995595,0.0,0.08707533904243336,0.05309535728058158,0.016605272087700226,0.2491763233625499,6.0
3.655999999999819,0.0039999999999995595,0.0,0.08907644899237241,0.052545053123180176,0.015876580262849986,0.2190649616613484,6.0
3.6599999999998185,0.0039999999999995595,0.0,0.09067895091897216,0.05226365259065784,0.015085388180285859,0.21103468285667565,6.0
3.663999999999818,0.0039999999999995595,0.0,0.09179761588353028,0.0523033954065397,0.014158482069665754,0.23705967347071585,5.003480524689051
3.6679999999998176,0.0039999999999995595,0.0,0.09267136995182111,0.052504949287189004,0.01318167571383375,0.2526476053474326,5.376442966643893
3.671999999999817,0.0039999999999995595,0.0,0.09336805609096913,0.052809919547353826,0.012389210889487452,0.19980674401946594,5.986623911399517
3.6759999999998167,0.0039999999999995595,0.0,0.09387994114396597,0.053200741466726875,0.01195966351033967,0.12992722934821535,6.0
3.6799999999998163,0.0039999999999995595,0.0,0.09413407904764136,0.053700538465124875,0.012068468681011687,0.14969805012008416,6.0
3.683999999999816,0.0039999999999995595,0.0,0.09403878555589472,0.054375231886563,0.012619736503292898,0.2392104271071178,5.909511479170913
3.6879999999998154,0.0039999999999995595,0.0,0.09392880933480793,0.05501584956212343,0.013402849122752504,0.2240692079709886,6.0
3.691999999999815,0.0039999999999995595,0.0,0.09458071202630379,0.05511443064873049,0.01410467901398896,0.1702317772525544,6.0
3.6959999999998145,0.0039999999999995595,0.0,0.09540034295814946,0.055076228991766035,0.014706941543895501,0.14362647095874662,6.0
3.699999999999814,0.0039999999999995595,0.0,0.09615621840561844,0.05506267134307099,0.015185305223079155,0.11163706876047949,6.0
3.7039999999998137,0.0039999999999995595,0.0,0.09681114584080443,0.05509834093506318,0.015538448329755938,0.08051106032662618,6.0
3.7079999999998132,0.0039999999999995595,0.0,0.09735425691982885,0.05518952694559303,0.015770375493856237,0.05481251779175621,6.0
3.711999999999813,0.0039999999999995595,0.0,0.09778235935911285,0.055337843118952366,0.015886185049029642,0.04005902985900692,6.0
3.7159999999998123,0.0039999999999995595,0.0,0.09807150522498595,0.055558743202927835,0.01591093997918293,0.05537569589434272,6.0
3.719999999999812,0.0039999999999995595,0.0,0.09822142898416139,0.055852980790789174,0.015847454048675023,0.0751313185637778,6.0
3.7239999999998115,0.0039999999999995595,0.0,0.09820626566900736,0.05623842594446206,0.0157156996923536,0.10267582147217302,6.0
3.727999999999811,0.0039999999999995595,0.0,0.09806843854830403,0.05669613044282929,0.015549051098607162,0.11551676988524796,6.0
3.7319999999998106,0.0039999999999995595,0.0,0.09799600207302364,0.05712696502459921,0.015420468385731217,0.0992226481211807,6.0
3.73599999999981,0.0039999999999995595,0.0,0.09813520493091303,0.05742715617960764,0.015310914955655128,0.06589036133285381,6.0
3.7399999999998097,0.0039999999999995595,0.0,0.09849682435411183,0.057585779947407,0.015231227806873292,0.03259806849712916,6.0
3.7439999999998093,0.0039999999999995595,0.0,0.09903880988726432,0.05762902426624676,0.015184538896420038,0.009935772472635189,6.0
3.747999999999809,0.0039999999999995595,0.0,0.09971517246050228,0.05758643161301813,0.01517069444484345,0.018739078856666497,6.0
3.7519999999998084,0.0039999999999995595,0.0,0.1004856088921314,0.05748399666554885,0.015190223118191685,0.032485757406657836,6.0
3.755999999999808,0.0039999999999995595,0.0,0.10131585617355107,0.05734391159782139,0.015243292177930754,0.04236786868259485,6.0
3.7599999999998075,0.0039999999999995595,0.0,0.10217729415358467,0.057184795556745445,0.015329097508794498,0.04881143557602881,6.0
3.763999999999807,0.0039999999999995595,0.0,0.10304666145296126,0.05702188085876401,0.015444903282030235,0.052514026330185086,6.0
3.7679999999998066,0.0039999999999995595,0.0,0.10376500626583476,0.05696004149033574,0.015540288799426474,0.014684768182635716,6.0
3.771999999999806,0.0039999999999995595,0.0,0.10396305769212863,0.05724026169340155,0.015524838105085788,0.08274962908325817,5.750471413292322
3.7759999999998057,0.0039999999999995595,0.0,0.10384322871491737,0.057722562897360045,0.015587254280534753,0.13137145089225322,5.858169675793442
3.7799999999998053,0.0039999999999995595,0.0,0.10348570673652294,0.05835286087781093,0.015751500283803222,0.17432979516210909,5.858169675793442
3.783999999999805,0.0039999999999995595,0.0,0.1029089689947967,0.05912085646945908,0.016021825452536633,0.21300361335654291,6.0
3.7879999999998044,0.0039999999999995595,0.0,0.10218359831130207,0.059982418656041994,0.016401258306382793,0.24448165896656499,6.0
3.791999999999804,0.0039999999999995595,0.0,0.10133895679474834,0.06092199793392873,0.01688159584888574,0.2726241163096834,6.0
3.7959999999998035,0.0039999999999995595,0.0,0.10040014135934945,0.061927428202073385,0.017456211382776404,0.2980965101467126,6.0
3.799999999999803,0.0039999999999995595,0.0,0.09938655785951829,0.06299076696892722,0.018118696265084576,0.32164291600087186,6.0
3.8039999999998027,0.0039999999999995595,0.0,0.09831559185075758,0.06410582235157003,0.018863336391627433,0.3433962635390721,6.0
3.807999999999802,0.0039999999999995595,0.0,0.0972572658947393,0.0652291432397894,0.019674522657201134,0.34618340046794366,6.0
3.8119999999998018,0.0039999999999995595,0.0,0.09636619106889362,0.06625951259109633,0.02056404799914506,0.3516952702801481,6.0
3.8159999999998013,0.0039999999999995595,0.0,0.09557879308800966,0.06726458119025167,0.021677722419253566,0.39730631687719226,6.0
3.819999999999801,0.0039999999999995595,0.0,0.09481466460949398,0.06832408523735314,0.023097170691833646,0.4673357299704927,6.0
3.8239999999998004,0.0039999999999995595,0.0,0.09409703894878982,0.06944960770298307,0.024833875259760517,0.5414994563006477,6.0
3.8279999999998,0.0039999999999995595,0.0,0.09345417489991593,0.07061139621434168,0.026684048483398077,0.5514990082699237,6.0
3.8319999999997996,0.0039999999999995595,0.0,0.09286936162450855,0.07180489581233841,0.02850646160378329,0.5453261159777039,6.0
3.835999999999799,0.0039999999999995595,0.0,0.09229817410640548,0.07303331270100724,0.030186601500064827,0.5175294693967847,6.0
3.8399999999997987,0.0039999999999995595,0.0,0.09174318086703272,0.07423853632161241,0.03157947935507574,0.4277766695824493,6.0
3.8439999999997982,0.0039999999999995595,0.0,0.09128554752954479,0.07523884683230384,0.0324108990202095,0.2931877370038722,6.0
3.847999999999798,0.0039999999999995595,0.0,0.09091316191628594,0.07600167105815404,0.03267329991623395,0.17929698193993654,6.0
3.8519999999997974,0.0039999999999995595,0.0,0.09058084193919073,0.07654343612744428,0.03238436858016772,0.1573889542595803,6.0
3.855999999999797,0.0039999999999995595,0.0,0.09031059597178656,0.07691619841026887,0.03171852874165563,0.20265958568148187,6.0
3.8599999999997965,0.0039999999999995595,0.0,0.0900823327701058,0.07717608724054056,0.03076857191600598,0.25622238065589403,6.0
3.863999999999796,0.0039999999999995595,0.0,0.08984123562806696,0.07740342711345664,0.029628175586576995,0.29598353574095315,6.0
3.8679999999997956,0.0039999999999995595,0.0,0.08956278376521289,0.07764874699142633,0.028377506028541173,0.32012246853755055,6.0
3.871999999999795,0.0039999999999995595,0.0,0.08923099435239151,0.07794527410623824,0.027074046291261422,0.33310869656542214,6.0
3.8759999999997947,0.0039999999999995595,0.0,0.088837625161139,0.07831220635129416,0.025758677936283444,0.3382481186685741,6.0
3.8799999999997943,0.0039999999999995595,0.0,0.08838888475331856,0.07875266649909432,0.0244573903609394,0.3402735749590071,6.0
3.883999999999794,0.0039999999999995595,0.0,0.08789594287132028,0.07926298297070047,0.0231842783954365,0.33645758855345037,6.0
3.8879999999997934,0.0039999999999995595,0.0,0.08732135509632667,0.07988150552811175,0.022026127222769434,0.31868397154301353,6.0
3.891999999999793,0.0039999999999995595,0.0,0.08645702150912986,0.0807636082958357,0.02110997058526141,0.31333476844123564,6.0
3.8959999999997925,0.0039999999999995595,0.0,0.08548547335490853,0.081766908363335,0.020331681034306475,0.3093978262054316,6.0
3.899999999999792,0.0039999999999995595,0.0,0.08459422586751529,0.08274570270211067,0.01961422432001839,0.2957054169567945,6.0
3.9039999999997916,0.0039999999999995595,0.0,0.08381382530865544,0.08367457838999565,0.018926262261810746,0.2828858924830912,6.0
3.907999999999791,0.0039999999999995595,0.0,0.08313688823496804,0.08455706108732412,0.018247988385977496,0.2737509975203746,6.0
3.9119999999997908,0.0039999999999995595,0.0,0.08254979084046608,0.0854026012171042,0.017568197965476564,0.2681707124509061,6.0
3.9159999999997903,0.0039999999999995595,0.0,0.0820395153456312,0.08622109115817635,0.016877423474100987,0.2660068395577895,6.0
3.91999999999979,0.0039999999999995595,0.0,0.08159586737486534,0.08702124829098422,0.016167451881404792,0.26676288391515846,6.0
3.9239999999997894,0.0039999999999995595,0.0,0.08121190738526594,0.08781024236762344,0.015432290306469502,0.2698228549022552,6.0
3.927999999999789,0.0039999999999995595,0.0,0.08088408037024902,0.08859354300774949,0.014667424219590521,0.2746012527795051,6.0
3.9319999999997886,0.0039999999999995595,0.0,0.08059236261128569,0.08938876138077745,0.0138648658905869,0.2874222103574185,6.0
3.935999999999788,0.0039999999999995595,0.0,0.08027698351051653,0.09024063582988096,0.013005936531191054,0.3082713684268945,6.0
3.9399999999997877,0.0039999999999995595,0.0,0.07995522018320476,0.09114676652291617,0.012025302338489552,0.35099669472701717,6.0
3.9439999999997872,0.0039999999999995595,0.0,0.07967872512003321,0.0920981743097272,0.010808371674741076,0.39397822574941505,6.0
3.947999999999787,0.0039999999999995595,0.0,0.0793965013640041,0.09312426959925102,0.009549277477964626,0.41229944909790106,5.69616022014303
3.9519999999997864,0.0039999999999995595,0.0,0.07910787063247623,0.09422741363027541,0.008288114123438491,0.4247657253407654,5.497856523042451
3.955999999999786,0.0039999999999995595,0.0,0.07883093420647744,0.09539417237778582,0.00704015859639315,0.43116272574201814,5.551530110945873
3.9599999999997855,0.0039999999999995595,0.0,0.07857272963099116,0.09661625638168536,0.005822624008562342,0.43442615187959727,5.539729758792355
3.963999999999785,0.0039999999999995595,0.0,0.07832110878992893,0.09780231262026526,0.004954600630267608,0.3480976339322605,5.3031321790036845
3.9679999999997846,0.0039999999999995595,0.0,0.07804597548262289,0.09890786202083832,0.004526041973679114,0.2809056582554979,6.0
3.971999999999784,0.0039999999999995595,0.0,0.07775518069308937,0.09989928890867131,0.00447867736854729,0.23959504904296,6.0
3.9759999999997837,0.0039999999999995595,0.0,0.07749484815017177,0.10078162450713958,0.0046992138650852645,0.22181630159390348,6.0
3.9799999999997833,0.0039999999999995595,0.0,0.07729913002799188,0.10155936842026207,0.005110728891131012,0.21451596907702555,6.0
3.983999999999783,0.0039999999999995595,0.0,0.07720437231815978,0.1022333535744163,0.005648489056872499,0.20975448714461975,6.0
3.9879999999997824,0.0039999999999995595,0.0,0.07722583831921136,0.10281479652659416,0.006259676213897864,0.20524138216913518,6.0
3.991999999999782,0.0039999999999995595,0.0,0.07735671226961321,0.10332426917253852,0.006904586061948504,0.19913675708137557,6.0
3.9959999999997815,0.0039999999999995595,0.0,0.07759957871755942,0.10377071481996371,0.007553821169957911,0.19035007540397078,6.0
3.999999999999781,0.0039999999999995595,0.0,0.07795088886427115,0.10416302499031871,0.008188972819130285,0.18011092612266835,6.0
4.003999999999781,0.0040000000000000036,0.0,0.07840111222730813,0.10451114873473914,0.008799832229496334,0.1696474096502243,6.0
4.007999999999781,0.0039999999999995595,0.0,0.07890196411712547,0.1048556635858469,0.00934628938633343,0.15218050367690958,6.0
4.01199999999978,0.0039999999999995595,0.0,0.07935741815969335,0.10527326059375926,0.009740699248422814,0.13634157904236566,6.0
4.01599999999978,0.0039999999999995595,0.0,0.07983085296733719,0.10570151869250774,0.01005484614785304,0.1270564407306114,6.0
4.019999999999779,0.0039999999999995595,0.0,0.08031606286247508,0.10613903670629218,0.010316247982852298,0.12285284778535331,6.0
4.023999999999779,0.0039999999999995595,0.0,0.08080779496900843,0.10658719975280866,0.010537391347076834,0.12107536998944646,6.0
4.027999999999778,0.0039999999999995595,0.0,0.08130216307260317,0.10704766155603383,0.010724840710713569,0.12113172136287517,6.0
4.031999999999778,0.0039999999999995595,0.0,0.0817978212000542,0.10751937463351942,0.010893323735750774,0.1228274652056531,6.0
4.0359999999997775,0.0039999999999995595,0.0,0.08228915698465768,0.10800591046058343,0.011048924890901236,0.12590941829580213,6.0
4.039999999999777,0.0039999999999995595,0.0,0.0827723241554764,0.1085100722421248,0.01119549913297653,0.13002029294465492,6.0
4.043999999999777,0.0039999999999995595,0.0,0.08324720695336307,0.10903180845739359,0.011340138575097036,0.13428380693566488,6.0
4.047999999999776,0.0039999999999995595,0.0,0.08364710436882941,0.10961609650918532,0.011483695061881755,0.16175259237094142,6.0
4.051999999999776,0.0039999999999995595,0.0,0.08375657320951703,0.11040795935328006,0.011604677711638683,0.21305139921628113,6.0
4.055999999999775,0.0039999999999995595,0.0,0.08366844110551355,0.11133591385039165,0.011797333129966892,0.238099112454247,5.14242876256315
4.059999999999775,0.0039999999999995595,0.0,0.08368631137021024,0.11218130539950238,0.012312195310379904,0.253010070729976,5.460332360312858
4.0639999999997745,0.0039999999999995595,0.0,0.0838165964172814,0.11296048246859867,0.013033268720350705,0.272931588118887,5.662296459429146
4.067999999999774,0.0039999999999995595,0.0,0.08406504963758085,0.11368303618059306,0.013934779244456328,0.2970432705559765,5.84623795501929
4.071999999999774,0.0039999999999995595,0.0,0.08443559347681165,0.11435959701833212,0.014992983531063158,0.32237935187744565,6.0
4.075999999999773,0.0039999999999995595,0.0,0.08493336096562545,0.11499939247060471,0.016191670019229627,0.347992882763984,6.0
4.079999999999773,0.0039999999999995595,0.0,0.08556526421153347,0.11560999796097608,0.017519114369774706,0.37325828537653005,6.0
4.083999999999772,0.0039999999999995595,0.0,0.08633899845661376,0.11619768593338772,0.018964521745953117,0.3975450886391257,6.0
4.087999999999772,0.0039999999999995595,0.0,0.08730400500019371,0.1167346600190347,0.020525486094316696,0.4188371178528131,6.0
4.091999999999771,0.0039999999999995595,0.0,0.08859559275452822,0.1171272067022941,0.022257505121026772,0.4597563749960666,6.0
4.095999999999771,0.0039999999999995595,0.0,0.0901815078789286,0.11741440213020062,0.02422940631092455,0.505458082903488,6.0
4.0999999999997705,0.0039999999999995595,0.0,0.09183404090206149,0.11773998429488558,0.026304803618215595,0.5273014298466723,6.0
4.10399999999977,0.0039999999999995595,0.0,0.09339036892432447,0.1181696898808118,0.02826930341966524,0.4692194835434717,6.0
4.10799999999977,0.0039999999999995595,0.0,0.09488477434713599,0.11853887599763042,0.029732404501109838,0.3399404870802505,6.0
4.111999999999769,0.0039999999999995595,0.0,0.09630885391359484,0.11880548395776137,0.03067437958647437,0.21352118007983986,6.0
4.115999999999769,0.0039999999999995595,0.0,0.09759415109921707,0.11901578753549526,0.031177158542488516,0.11345001868408412,6.0
4.119999999999768,0.0039999999999995595,0.0,0.09868447918454402,0.11923028739683644,0.031343196602008745,0.055025871491954786,6.0
4.123999999999768,0.0039999999999995595,0.0,0.09950678364569863,0.1195226382118066,0.03125118959224929,0.07583475796811695,6.0
4.127999999999767,0.0039999999999995595,0.0,0.10006449178440102,0.11992293476489696,0.030976919281270946,0.11879260727305317,6.0
4.131999999999767,0.0039999999999995595,0.0,0.1004662790790596,0.12038533673950932,0.030548940393957967,0.1510546641802276,6.0
4.1359999999997665,0.0039999999999995595,0.0,0.10079021961181771,0.12087435829435125,0.030028395865365015,0.17023580707014713,6.0
4.139999999999766,0.0039999999999995595,0.0,0.10105438562643602,0.12139088987889021,0.029458539595097276,0.18340281341476772,6.0
4.143999999999766,0.0039999999999995595,0.0,0.10125285698333013,0.12194745272711907,0.028865494187563713,0.19430235279634767,6.0
4.147999999999765,0.0039999999999995595,0.0,0.10137432039048236,0.12255726644043032,0.028268845672908795,0.20456198032844336,6.0
4.151999999999765,0.0039999999999995595,0.0,0.10140613634685164,0.12323106234964833,0.02767821429128511,0.2162015382213908,6.0
4.155999999999764,0.0039999999999995595,0.0,0.10133344559972711,0.12397978549254027,0.027098348259670117,0.23000991062244078,6.0
4.159999999999764,0.0039999999999995595,0.0,0.10114274413225324,0.12481275258427024,0.02653256369542074,0.24628355150061573,6.0
4.1639999999997634,0.0039999999999995595,0.0,0.1008209740342224,0.12573805875821473,0.025981023328179448,0.26527401419577884,6.0
4.167999999999763,0.0039999999999995595,0.0,0.10030217773681747,0.12681181482781115,0.025493654494508466,0.2983194910965856,6.0
4.171999999999763,0.0039999999999995595,0.0,0.09945982091912418,0.12815207115534422,0.025205674560503898,0.3436263718217336,6.0
4.175999999999762,0.0039999999999995595,0.0,0.09845961826301226,0.1296251554740465,0.02502236435455447,0.3652881121387934,6.0
4.179999999999762,0.0039999999999995595,0.0,0.09744320830363067,0.13110953674725903,0.02486785452532561,0.36691277728642163,6.0
4.183999999999761,0.0039999999999995595,0.0,0.09642079383797825,0.1325914714342569,0.024719254414281387,0.36685705943333086,6.0
4.187999999999761,0.0039999999999995595,0.0,0.09539097790424216,0.13406858954593692,0.024563351701544025,0.3669973640537142,6.0
4.19199999999976,0.0039999999999995595,0.0,0.09434509996081387,0.1355449995374576,0.024391477287416304,0.3683515704187879,6.0
4.19599999999976,0.0039999999999995595,0.0,0.09327494181048845,0.13702526140370405,0.024197356777009075,0.3710147227363507,6.0
4.1999999999997595,0.0039999999999995595,0.0,0.09217228747768594,0.13851454315757605,0.02397605483080533,0.37529474814692315,6.0
4.203999999999759,0.0039999999999995595,0.0,0.09102942007276899,0.14001814134729743,0.023723612536270228,0.38080124629469103,6.0
4.207999999999759,0.0039999999999995595,0.0,0.08983089537647698,0.14155672213067524,0.023474412053371276,0.39381818378522815,6.0
4.211999999999758,0.0039999999999995595,0.0,0.08852115894089119,0.14318272539487573,0.02326417340301099,0.4169108873249628,5.638078278205756
4.215999999999758,0.0039999999999995595,0.0,0.08708222597190053,0.14486564071145913,0.02288363517286976,0.43577724770416326,5.8177047153342585
4.219999999999757,0.0039999999999995595,0.0,0.08560523083267824,0.14653781012756414,0.022305569840918978,0.4474872760804952,6.0
4.223999999999757,0.0039999999999995595,0.0,0.08412513348752884,0.14818240842185862,0.021538255179982254,0.4602256558068992,6.0
4.227999999999756,0.0039999999999995595,0.0,0.08266071883247943,0.1497974594874527,0.020593068445206565,0.47548869431299057,6.0
4.231999999999756,0.0039999999999995595,0.0,0.08122866025957808,0.15138501238525598,0.01948304029120087,0.492695856505707,6.0
4.2359999999997555,0.0039999999999995595,0.0,0.07984712853781765,0.1529478857117443,0.018221278053443188,0.5109639466447261,6.0
4.239999999999755,0.0039999999999995595,0.0,0.07853659385612732,0.1544886836705514,0.01682029509316859,0.5295345241546316,6.0
4.243999999999755,0.0039999999999995595,0.0,0.07732187624653213,0.1560106219827823,0.015334988307537083,0.5328836794473389,6.0
4.247999999999754,0.0039999999999995595,0.0,0.07621172201203835,0.15752232513267558,0.013873233145872473,0.5309396355958498,6.0
4.251999999999754,0.0039999999999995595,0.0,0.07521162394587833,0.15901472417430879,0.012428057166997061,0.5161502441432017,6.0
4.255999999999753,0.0039999999999995595,0.0,0.07440928740294205,0.16041952883798083,0.011083072444539962,0.4839571878627334,6.0
4.259999999999753,0.0039999999999995595,0.0,0.0737742870161795,0.16175864562763226,0.009822258903342483,0.4611215203765534,6.0
4.263999999999752,0.0039999999999995595,0.0,0.07324119147667521,0.16307864733511257,0.008619300129649472,0.44780824908582867,6.0
4.267999999999752,0.0039999999999995595,0.0,0.07275926472798737,0.16441126260284422,0.00745952563451477,0.4499403243218908,6.0
4.2719999999997516,0.0039999999999995595,0.0,0.07213509328155128,0.1658801110848633,0.006369417745995385,0.4668322559820531,6.0
4.275999999999751,0.0039999999999995595,0.0,0.0713864584701273,0.16747635908817718,0.005303020875611976,0.490651973336617,6.0
4.279999999999751,0.0039999999999995595,0.0,0.07058011316952253,0.16913688784819386,0.004322913549895136,0.4683992714743278,6.0
4.28399999999975,0.0039999999999995595,0.0,0.06983166855646743,0.17070387205557414,0.0036809037339896288,0.41090929974369317,6.0
4.28799999999975,0.0039999999999995595,0.0,0.06912732427456617,0.17217543991116915,0.003353731293040553,0.36431806221062013,6.0
4.291999999999749,0.0039999999999995595,0.0,0.06851004526244461,0.17352334656849386,0.00332661742601762,0.32564345675927064,6.0
4.295999999999749,0.0039999999999995595,0.0,0.06802864109156655,0.1747231885110148,0.0035353234086317703,0.2926862898090931,6.0
4.2999999999997485,0.0039999999999995595,0.0,0.06773838186463027,0.17575367884258153,0.003911762240239757,0.2625814407039529,6.0
4.303999999999748,0.0039999999999995595,0.0,0.06767761189463754,0.17660525421247295,0.004405070135062568,0.23492381518194638,6.0
4.307999999999748,0.0039999999999995595,0.0,0.06787051991402467,0.17727686023113504,0.00497667329119908,0.2103733026558893,6.0
4.311999999999747,0.0039999999999995595,0.0,0.0683317913762854,0.1777718112888714,0.005596080771244849,0.1899033294208377,6.0
4.315999999999747,0.0039999999999995595,0.0,0.06906595357799297,0.17809689967355838,0.006243936751961141,0.17546571864591967,6.0
4.319999999999746,0.0039999999999995595,0.0,0.07007011256150787,0.17826110679781754,0.006909350450304098,0.1686626794561884,6.0
4.323999999999746,0.0039999999999995595,0.0,0.07133631807271884,0.17827468224375836,0.007587567538136216,0.16994605368253132,6.0
4.327999999999745,0.0039999999999995595,0.0,0.07265740762459165,0.1782826930602806,0.008233054496729359,0.15216648897252694,6.0
4.331999999999745,0.0039999999999995595,0.0,0.07344708843549932,0.17868219736554855,0.008711427460458478,0.1613531926689614,6.0
4.3359999999997445,0.0039999999999995595,0.0,0.07370193574331677,0.1794662242495998,0.009020905207215331,0.2250460454044652,6.0
4.339999999999744,0.0039999999999995595,0.0,0.07340967710314925,0.18063687182065427,0.009164060050641024,0.3126371989047102,6.0
4.343999999999744,0.0039999999999995595,0.0,0.07285596366960034,0.18198990685859998,0.009241179332337472,0.30783701487698983,6.0
4.347999999999743,0.0039999999999995595,0.0,0.07285473684901106,0.18295262676506865,0.009532555435430074,0.23996717504343681,6.0
4.351999999999743,0.0039999999999995595,0.0,0.07307624213544728,0.18375306540052658,0.010013379326488044,0.23604479560634095,6.0
4.355999999999742,0.0039999999999995595,0.0,0.07323841097506838,0.18460437318062842,0.01059219872742715,0.2641990171777828,6.0
4.359999999999742,0.0039999999999995595,0.0,0.07335726417016349,0.18550206162353616,0.011251283371662832,0.27237827238739076,6.0
4.363999999999741,0.0039999999999995595,0.0,0.0735495080207201,0.18637447786704056,0.011836043670325815,0.2614675481792935,6.0
4.367999999999741,0.0039999999999995595,0.0,0.07378008181251895,0.18724148069081148,0.012448649655793937,0.2693772420509991,6.0
4.3719999999997405,0.0039999999999995595,0.0,0.07390246769079274,0.1882014471879235,0.013110426966273797,0.30805660398919454,5.715252195555503
4.37599999999974,0.0039999999999995595,0.0,0.07384679166869056,0.18931465741309153,0.0139178106543923,0.35258068075855425,5.64358219357504
4.37999999999974,0.0039999999999995595,0.0,0.07390747097494332,0.1903919863342902,0.014939957517907509,0.3807395609565039,5.685877939505418
4.383999999999739,0.0039999999999995595,0.0,0.0741486989342691,0.1914054623718794,0.016181372261174908,0.41130667099795565,5.756916718445434
4.387999999999739,0.0039999999999995595,0.0,0.07458928148294643,0.19235974425879815,0.01763018396242068,0.4447486500229147,5.831246715086644
4.391999999999738,0.0039999999999995595,0.0,0.07523920415845071,0.19326542460620288,0.019269454747997933,0.4788558823084676,5.903417278464906
4.395999999999738,0.0039999999999995595,0.0,0.0760871020211419,0.19413700183327814,0.021036290804845873,0.4928506395237273,5.971026618562524
4.3999999999997375,0.0039999999999995595,0.0,0.07708720985629204,0.19498971032245915,0.02281359548213053,0.4958767591330383,5.971026618562524
4.403999999999737,0.0039999999999995595,0.0,0.07818795904335282,0.19585360413394312,0.02457819636222947,0.4849216853317128,5.9569986192741595
4.407999999999737,0.0039999999999995595,0.0,0.07917212700342767,0.19676827816419357,0.02601259396041142,0.38296388830325995,6.0
4.411999999999736,0.0039999999999995595,0.0,0.08003817031817043,0.19754555547297628,0.02675754888303453,0.23973543219867996,6.0
4.415999999999736,0.0039999999999995595,0.0,0.08075692027423471,0.1982015042190805,0.026900830444941203,0.15462781615338497,6.0
4.419999999999735,0.0039999999999995595,0.0,0.0813687011669107,0.19874247062740374,0.026547719044606177,0.17551474825407695,6.0
4.423999999999735,0.0039999999999995595,0.0,0.08177464428907817,0.19932908745077427,0.025891565995264123,0.2319682645594647,6.0
4.427999999999734,0.0039999999999995595,0.0,0.08205382888793324,0.19992654771380666,0.024973622190200395,0.27885046895963683,6.0
4.431999999999734,0.0039999999999995595,0.0,0.08227137943554425,0.20053876170683607,0.023919788173955,0.30441679387553544,6.0
4.4359999999997335,0.0039999999999995595,0.0,0.08245399902678059,0.20117926188952515,0.022816776122157115,0.31496914910678714,6.0
4.439999999999733,0.0039999999999995595,0.0,0.08261211923766645,0.20185958928817255,0.021722197083054978,0.31611289417436184,6.0
4.443999999999733,0.0039999999999995595,0.0,0.08274484363650601,0.20258882899625644,0.020667957122465462,0.31413215321538307,6.0
4.447999999999732,0.0039999999999995595,0.0,0.08279249641367466,0.20341492629291397,0.019680825062396136,0.31812663501224453,6.0
4.451999999999732,0.0039999999999995595,0.0,0.08257368240779726,0.20447006263572004,0.01879837795457235,0.3441809303831276,6.0
4.455999999999731,0.0039999999999995595,0.0,0.08219390738910493,0.20567384625108756,0.018009461892531494,0.3460463138098805,6.0
4.459999999999731,0.0039999999999995595,0.0,0.08196046153161544,0.2068110980229535,0.017307529326316972,0.3217393197947375,6.0
4.46399999999973,0.0039999999999995595,0.0,0.08186603850495558,0.2078794881850665,0.01666076209773748,0.3013302065599454,6.0
4.46799999999973,0.0039999999999995595,0.0,0.08190753349834487,0.20887696052010066,0.016050466488032187,0.28233275562751853,6.0
4.4719999999997295,0.0039999999999995595,0.0,0.082074826267207,0.2098089413676278,0.01546807550059646,0.26709174311591666,6.0
4.475999999999729,0.0039999999999995595,0.0,0.08233000893023816,0.21069979556762342,0.014905323156504714,0.25763308357170306,6.0
4.479999999999729,0.0039999999999995595,0.0,0.08264531540574091,0.2115672869815006,0.014355101251045143,0.2526548985661264,6.0
4.483999999999728,0.0039999999999995595,0.0,0.08299874955420591,0.21242559287526502,0.01381033685906444,0.25144391910079994,6.0
4.487999999999728,0.0039999999999995595,0.0,0.08330460078272826,0.21332822746438956,0.013297774935591287,0.26325940329858183,6.0
4.491999999999727,0.0039999999999995595,0.0,0.08335909250561835,0.21439844222245386,0.012894074006082001,0.2918840200870129,6.0
4.495999999999727,0.0039999999999995595,0.0,0.08323042596665589,0.2155894772461428,0.012509801498664408,0.3169242176808071,6.0
4.499999999999726,0.0039999999999995595,0.0,0.0830274229191745,0.216825199439959,0.012050517681461433,0.33399974727823595,6.0
4.503999999999726,0.0039999999999995595,0.0,0.08278281979626413,0.21808690006585604,0.011498519226292784,0.34998347420208076,6.0
4.507999999999726,0.0039999999999995595,0.0,0.08251005031107445,0.2193709442173098,0.01084236595183569,0.36738147107182717,6.0
4.511999999999725,0.0039999999999995595,0.0,0.0822184659575232,0.22067762448317624,0.010079180420719288,0.3860182324056745,6.0
4.515999999999725,0.0039999999999995595,0.0,0.08191888556949187,0.2220082103049745,0.009199443957229967,0.4086588322330851,6.0
4.519999999999724,0.0039999999999995595,0.0,0.0816268955530698,0.2233649819851707,0.008175354340374068,0.4345051800412953,6.0
4.523999999999724,0.0039999999999995595,0.0,0.081356517499316,0.22474908295492296,0.007025963600282481,0.4588496796125642,6.0
4.527999999999723,0.0039999999999995595,0.0,0.0811826949657558,0.2261232531453095,0.005749362786493478,0.47425110752270166,6.0
4.531999999999723,0.0039999999999995595,0.0,0.08132053344198453,0.22736222151745883,0.0042817753630104765,0.48916312324388456,6.0
4.5359999999997225,0.0039999999999995595,0.0,0.08180260553347989,0.22845092103365253,0.0026082168664526327,0.5041705743591134,6.0
4.539999999999722,0.0039999999999995595,0.0,0.08241790038396439,0.2295127099455014,0.000874465213945543,0.5149923073835957,6.0
4.543999999999722,0.0039999999999995595,0.0,0.08282524402509507,0.23076645897734208,-0.0008132347125060328,0.537135134465431,6.0
4.547999999999721,0.0039999999999995595,0.0,0.08291811158979542,0.23229115212767332,-0.002448979955822989,0.5731742867233318,6.0
4.551999999999721,0.0039999999999995595,0.0,0.0827211149602004,0.23392902336897556,-0.0036818618452630287,0.4974685270437015,6.0
4.55599999999972,0.0039999999999995595,0.0,0.08226389398974934,0.23559475514813039,-0.004444161206620261,0.44768027501068863,6.0
4.55999999999972,0.0039999999999995595,0.0,0.08159272030604807,0.23726223621336448,-0.004840557717191058,0.42189428106267907,6.0
4.563999999999719,0.0039999999999995595,0.0,0.08072024199287336,0.2389470371440499,-0.004973189426007785,0.4178576625682888,6.0
4.567999999999719,0.0039999999999995595,0.0,0.07970083603757462,0.24062785262750908,-0.004894675272352411,0.4030561097294202,6.0
4.5719999999997185,0.0039999999999995595,0.0,0.07876266471802648,0.2421458625675367,-0.004606738349288274,0.3675479506760739,6.0
4.575999999999718,0.0039999999999995595,0.0,0.0779912762629968,0.2434923607933061,-0.004225960793286297,0.32979444651208356,6.0
4.579999999999718,0.0039999999999995595,0.0,0.07743454092855877,0.2446614319778141,-0.003809370696308009,0.2894073353665167,6.0
4.583999999999717,0.0039999999999995595,0.0,0.07712271391503514,0.24565233658725752,-0.0033985338058275982,0.24712940492641136,6.0
4.587999999999717,0.0039999999999995595,0.0,0.07706996538763566,0.24646825753706678,-0.003017839634249822,0.2044374697675885,6.0
4.591999999999716,0.0039999999999995595,0.0,0.07727861720985994,0.2471152739324963,-0.0026794757219555545,0.16274792517196654,6.0
4.595999999999716,0.0039999999999995595,0.0,0.07774255474442067,0.24760153451548328,-0.0023870703009417705,0.12333609954281514,6.0
4.599999999999715,0.0039999999999995595,0.0,0.07845006890064746,0.24793646768613195,-0.00213819553496919,0.08768185610661915,6.0
4.603999999999715,0.0039999999999995595,0.0,0.07938698432633279,0.24812882114814427,-0.001923632971588125,0.058506903282425846,6.0
4.6079999999997145,0.0039999999999995595,0.0,0.08045849236658256,0.24825669311908702,-0.0017733531892114363,0.04272281601918638,6.0
4.611999999999714,0.0039999999999995595,0.0,0.08141727458083238,0.248519669361517,-0.0017698908605255927,0.0641819564742993,6.0
4.615999999999714,0.0039999999999995595,0.0,0.08235363389355385,0.24882636887398799,-0.0018236443718415026,0.07026109634629274,5.568265555234123
4.619999999999713,0.0039999999999995595,0.0,0.08336204938488148,0.24908594753375535,-0.0018761453392462405,0.05706183789506768,5.556219728626774
4.623999999999713,0.0039999999999995595,0.0,0.08445245403314561,0.2492805334343533,-0.0018990984351560823,0.04110944920294595,5.5778671408118
4.627999999999712,0.0039999999999995595,0.0,0.0855955305839087,0.24942727861834313,-0.001879487036350425,0.031439937863847425,5.610565072496498
4.631999999999712,0.0039999999999995595,0.0,0.0867631856775288,0.2495465828880446,-0.001815782595074987,0.031212840622870427,5.648375609639122
4.6359999999997115,0.0039999999999995595,0.0,0.08792938822476234,0.24965726228334867,-0.0017050230199805463,0.03899898922269509,5.686060119221525
4.639999999999711,0.0039999999999995595,0.0,0.08907266935452965,0.24977529560794376,-0.0015450553163176037,0.05099126337492512,5.722401404240455
4.643999999999711,0.0039999999999995595,0.0,0.09017610561797544,0.24991387441383986,-0.0013347586147240819,0.06515523181721102,5.757248556734913
4.64799999999971,0.0039999999999995595,0.0,0.09107546182499293,0.250190985867278,-0.0011023639590257567,0.11133388795121124,6.0
4.65199999999971,0.0039999999999995595,0.0,0.0912688938625655,0.2509478057222348,-0.0008810437495554465,0.2297265549908754,4.74137535596399
4.655999999999709,0.0039999999999995595,0.0,0.09075820871058458,0.2521414679514291,-0.0004907341558269373,0.33545027625694884,3.640365372564994
4.659999999999709,0.0039999999999995595,0.0,0.08981012873282185,0.2535736363181076,0.00013014549419861773,0.40891075412725075,3.54375634890043
4.663999999999708,0.0039999999999995595,0.0,0.088540325502431,0.2551730124603403,0.0009767537385535247,0.46987061244097167,3.797324906397735
4.667999999999708,0.0039999999999995595,0.0,0.08702281526146212,0.25690381088681075,0.0020294334628092824,0.5229938024265173,4.034078172510946
4.6719999999997075,0.0039999999999995595,0.0,0.08531722222110569,0.2587428446346705,0.0032665449885624924,0.5697216129503047,4.254942431522649
4.675999999999707,0.0039999999999995595,0.0,0.08347782576091277,0.2606723192137658,0.004667220954755131,0.610717942721112,4.460941380676104
4.679999999999707,0.0039999999999995595,0.0,0.08155664137970768,0.26267741835706426,0.0062124522003406246,0.6465067680639301,4.653412180890089
4.683999999999706,0.0039999999999995595,0.0,0.07960472318287964,0.2647454007904842,0.007885106567215867,0.6775691332441457,4.833608070069484
4.687999999999706,0.0039999999999995595,0.0,0.07773034397295674,0.2668239153647068,0.009697626464000776,0.6982771730080397,6.0
4.691999999999705,0.0039999999999995595,0.0,0.07615921453508609,0.26877731914803243,0.011608529129948078,0.6857920969001357,6.0
4.695999999999705,0.0039999999999995595,0.0,0.07493905863242584,0.2705866825776456,0.013574852107109264,0.6688883040659048,6.0
4.699999999999704,0.0039999999999995595,0.0,0.07406012716796315,0.2722736565722874,0.015573553986707182,0.6609789249777787,6.0
4.703999999999704,0.0039999999999995595,0.0,0.07341183741690058,0.27394579942785996,0.017612497337155704,0.6635289979856847,6.0
4.7079999999997035,0.0039999999999995595,0.0,0.07300366317034916,0.2756003662174394,0.019664732882001868,0.6629504689993053,6.0
4.711999999999703,0.0039999999999995595,0.0,0.07281706954533594,0.277253062939891,0.02172763358048756,0.6650034665153295,6.0
4.715999999999703,0.0039999999999995595,0.0,0.07274263123276511,0.27896206959496056,0.023744018919766876,0.6666465788489567,6.0
4.719999999999702,0.0039999999999995595,0.0,0.07279363058239875,0.280530911844369,0.025334305060279887,0.5278815208935889,6.0
4.723999999999702,0.0039999999999995595,0.0,0.07289529685388031,0.28191770923680026,0.026436045539840143,0.4135966162924265,6.0
4.727999999999701,0.0039999999999995595,0.0,0.07300788912108705,0.2831168637290107,0.027099608392821196,0.320998173947694,6.0
4.731999999999701,0.0039999999999995595,0.0,0.07298203900309788,0.2842342413036335,0.027373183112334103,0.2837072864875019,6.0
4.7359999999997004,0.0039999999999995595,0.0,0.0726072445483009,0.2854095198851804,0.027232190278155394,0.2870854523395267,4.904430946087668
4.7399999999997,0.0039999999999995595,0.0,0.0721709081108021,0.28648198463952945,0.026801133708574693,0.2773054920022532,5.268139270063595
4.7439999999997,0.0039999999999995595,0.0,0.0718141426065186,0.28739058314377647,0.02617246801218365,0.26560316735731226,5.111849184192379
4.747999999999699,0.0039999999999995595,0.0,0.07158023076245047,0.2881411968314073,0.025412892831714162,0.2576964201520423,5.2192302240165995
4.751999999999699,0.0039999999999995595,0.0,0.07147899098785293,0.2887581415245738,0.02457360249317425,0.2524865894078894,5.295460230856552
4.755999999999698,0.0039999999999995595,0.0,0.07150503810137891,0.28926715739599435,0.02368741124780405,0.24873175181921586,5.350655382922621
4.759999999999698,0.0039999999999995595,0.0,0.07164516179538669,0.289692547718424,0.022775263662332984,0.24592972495651438,5.390714323928476
4.763999999999697,0.0039999999999995595,0.0,0.07188222290140968,0.29005594036443455,0.02184924321737712,0.2439706083478898,5.420813592176772
4.767999999999697,0.0039999999999995595,0.0,0.07206884221411891,0.29048996680025724,0.020976089204718287,0.2392688408156071,6.0
4.7719999999996965,0.0039999999999995595,0.0,0.07184511988265843,0.2913016941453875,0.020314620505861976,0.2626666510965592,6.0
4.775999999999696,0.0039999999999995595,0.0,0.07137991940436521,0.29232964192509103,0.01977682374402877,0.2892500043808746,6.0
4.779999999999696,0.0039999999999995595,0.0,0.07077333653319426,0.2934769953806039,0.019312010732677343,0.3081229208097852,6.0
4.783999999999695,0.0039999999999995595,0.0,0.07005917704140342,0.2947102856835567,0.018898846960105346,0.32413337257255465,6.0
4.787999999999695,0.0039999999999995595,0.0,0.0692449603892712,0.2960186193490245,0.018522355040262315,0.3398832652506112,6.0
4.791999999999694,0.0039999999999995595,0.0,0.06833089495414171,0.2973978260696036,0.01816978706649931,0.3560234951857209,6.0
4.795999999999694,0.0039999999999995595,0.0,0.06731583150448019,0.29884544063089974,0.01782927961614935,0.37244598702134507,6.0
4.799999999999693,0.0039999999999995595,0.0,0.06619936421881621,0.3003594384337816,0.017491457522415845,0.3889225650688524,6.0
4.803999999999693,0.0039999999999995595,0.0,0.06498230587052171,0.3019379743618525,0.01715005155678397,0.40527208800489584,6.0
4.8079999999996925,0.0039999999999995595,0.0,0.06373616241270655,0.3035401553320325,0.016810670475336565,0.4014485421814279,6.0
4.811999999999692,0.0039999999999995595,0.0,0.06266229330186036,0.30504366837044483,0.016462043214430004,0.38053118933295127,5.316310682884633
4.815999999999692,0.0039999999999995595,0.0,0.06174239896115563,0.30642602968061683,0.01596806093683306,0.3608253062320023,5.296329480105448
4.819999999999691,0.0039999999999995595,0.0,0.06103101713455067,0.30764042486817555,0.015288696002189368,0.34584295295412654,5.371265670776054
4.823999999999691,0.0039999999999995595,0.0,0.06051626257050857,0.30870677661291335,0.014427968523780628,0.34442238434335815,5.476576593090124
4.82799999999969,0.0039999999999995595,0.0,0.0601827074104552,0.30965373342075503,0.013399191588642934,0.3539936621213203,5.589322047205769
4.83199999999969,0.0039999999999995595,0.0,0.06002078458245715,0.31050796348653137,0.012218067753708216,0.37028913465340857,5.701710367521224
4.835999999999689,0.0039999999999995595,0.0,0.060022306573908175,0.3112952663590663,0.010900418551021881,0.3903792727041799,5.810297616436839
4.839999999999689,0.0039999999999995595,0.0,0.06017945422087534,0.31204408665303995,0.009514101227177305,0.38911610695931453,5.810297616436839
4.8439999999996886,0.0039999999999995595,0.0,0.060448958039800466,0.31280179916729944,0.008207471315442583,0.37644673632665404,5.88194752102832
4.847999999999688,0.0039999999999995595,0.0,0.060691790138064645,0.3136549399303062,0.007011652318187006,0.3635131899498499,6.0
4.851999999999688,0.0039999999999995595,0.0,0.06091903551187018,0.3145650552095082,0.005977347415297072,0.34100646320085193,6.0
4.855999999999687,0.0039999999999995595,0.0,0.06108086272362192,0.31555056817857163,0.005102582313985687,0.3346716104762446,6.0
4.859999999999687,0.0039999999999995595,0.0,0.06102290871362292,0.3167090848079877,0.004345463400058013,0.3559835837176318,6.0
4.863999999999686,0.0039999999999995595,0.0,0.06071072865863248,0.3180567285194274,0.003682787113879996,0.38654781953571804,6.0
4.867999999999686,0.0039999999999995595,0.0,0.0601741530422234,0.31957019787486596,0.003086871748325618,0.4172585276226312,6.0
4.8719999999996855,0.0039999999999995595,0.0,0.059452002284943024,0.321221440198187,0.0025378893183115626,0.4449494115903853,6.0
4.875999999999685,0.0039999999999995595,0.0,0.05858143460649989,0.3229849410482173,0.002019436187417045,0.4680349940391468,6.0
4.879999999999685,0.0039999999999995595,0.0,0.05761103531853237,0.32482867746297805,0.001518787712857741,0.48428861078936475,6.0
4.883999999999684,0.0039999999999995595,0.0,0.05659296365845214,0.3267198282987963,0.0010211157903415305,0.4945747997601489,6.0
4.887999999999684,0.0039999999999995595,0.0,0.05564348719405798,0.3285822481860277,0.0005166283013225951,0.47375667020098416,6.0
4.891999999999683,0.0039999999999995595,0.0,0.05498839923968129,0.3302621947117797,2.30494444496393e-05,0.43504324881683615,6.0
4.895999999999683,0.0039999999999995595,0.0,0.0546448659025116,0.3316817340046731,-0.0002216609490373033,0.34378157196722536,6.0
4.899999999999682,0.0039999999999995595,0.0,0.054575224899838945,0.3328550646251456,-0.00020630817975400578,0.2826046015279921,6.0
4.903999999999682,0.0039999999999995595,0.0,0.05470097565541873,0.33385544209054835,1.7432547016507583e-06,0.25533093904489707,6.0
4.9079999999996815,0.0039999999999995595,0.0,0.054897309582547266,0.33478354878868294,0.0003796054293286382,0.24822042923503193,6.0
4.911999999999681,0.0039999999999995595,0.0,0.0552236230550755,0.3356073297482651,0.0009247809364901417,0.24403189554855692,6.0
4.915999999999681,0.0039999999999995595,0.0,0.055743240936007805,0.3363014613626775,0.0016150207979907939,0.24250182585626567,6.0
4.91999999999968,0.0039999999999995595,0.0,0.05651341117292706,0.336848090856964,0.002412714429283815,0.238582887028853,6.0
4.92399999999968,0.0039999999999995595,0.0,0.057574442473045426,0.33723817397072176,0.003270260252926636,0.23248434433512555,6.0
4.927999999999679,0.0039999999999995595,0.0,0.058807787633230295,0.33755945880877564,0.004150304113588044,0.23670878114302013,6.0
4.931999999999679,0.0039999999999995595,0.0,0.059893291035755324,0.3380238916217692,0.005011257110438499,0.24148820178481747,6.0
4.935999999999678,0.0039999999999995595,0.0,0.06107018546496486,0.33847449146259845,0.005843046253559176,0.23123444265418946,6.0
4.939999999999678,0.0039999999999995595,0.0,0.06247206556445561,0.33881598912641514,0.006665833884652854,0.21874144441675264,6.0
4.9439999999996775,0.0039999999999995595,0.0,0.06412337293743077,0.33902964157219034,0.007494338119782758,0.21245152135809722,6.0
4.947999999999677,0.0039999999999995595,0.0,0.06599100098138892,0.33913703705243703,0.008337257406886922,0.21272299987400253,6.0
4.951999999999677,0.0039999999999995595,0.0,0.06803575797643134,0.3391641344701303,0.009197044837829115,0.21624963857489313,6.0
4.955999999999676,0.0039999999999995595,0.0,0.07022161720416996,0.33913487623835065,0.010075587466939664,0.22142122048452814,6.0
4.959999999999676,0.0039999999999995595,0.0,0.07251806557971043,0.3390697853522646,0.010975383684512315,0.22742083522591808,6.0
4.963999999999675,0.0039999999999995595,0.0,0.07490008502668388,0.3389860330709543,0.011899058567071503,0.23383517992597838,6.0
4.967999999999675,0.0039999999999995595,0.0,0.07731627927823331,0.33891180655978415,0.012857428222974502,0.24396496487565195,6.0
4.9719999999996745,0.0039999999999995595,0.0,0.07959182855870513,0.33894920632704906,0.013907674278739197,0.27532026511355756,6.0
4.975999999999674,0.0039999999999995595,0.0,0.08149812615705498,0.33927668900750535,0.015154253746338714,0.34224664199244914,6.0
4.979999999999674,0.0039999999999995595,0.0,0.08300124755611202,0.3399391572742268,0.016619075907113378,0.4216263838410815,5.791895718336961
4.983999999999673,0.0039999999999995595,0.0,0.08420435998689561,0.34087187583384615,0.01824020442628396,0.4784575518370904,6.0
4.987999999999673,0.0039999999999995595,0.0,0.08515889357712306,0.3419509820973896,0.019695209638814052,0.4420944710910262,6.0
4.991999999999672,0.0039999999999995595,0.0,0.0857657370283195,0.34315351109115816,0.02074597628626092,0.381671442234746,6.0
4.995999999999672,0.0039999999999995595,0.0,0.08596846335773015,0.3444409126347443,0.021248903299295428,0.3398211595788887,6.0
4.999999999999671,0.0039999999999995595,0.0,0.08574770274484497,0.34583117577528383,0.021272681843331587,0.3518882616787682,6.0
5.003999999999671,0.0039999999999995595,0.0,0.08513048809663395,0.3473338731552652,0.020914848034076804,0.3904569030809784,5.537721310945933
5.0079999999996705,0.0039999999999995595,0.0,0.08427123330671833,0.34887446623143686,0.020279354113268203,0.40492644240396436,6.0
5.01199999999967,0.0039999999999995595,0.0,0.08348579543492178,0.350264053065071,0.019457475841840613,0.39060414440436625,6.0
5.01599999999967,0.0039999999999995595,0.0,0.08280700263865126,0.35153709110490733,0.018569037205447305,0.3761705016724434,6.0
5.019999999999669,0.0039999999999995595,0.0,0.08221341304819647,0.3527411287746873,0.01767255402270655,0.3622639784500817,6.0
5.023999999999669,0.0039999999999995595,0.0,0.08171683899679408,0.35388837819599883,0.01680973639488896,0.3457179728656904,6.0
5.027999999999668,0.0039999999999995595,0.0,0.0813085362752415,0.35499597634174546,0.016004633422605705,0.3301105778385765,6.0
5.031999999999668,0.0039999999999995595,0.0,0.08097128971169099,0.35608049411130005,0.01526963863162023,0.3158391229072971,6.0
5.035999999999667,0.0039999999999995595,0.0,0.08069929677352973,0.35714669281555617,0.014609894917949322,0.30263625275170275,6.0
5.039999999999667,0.0039999999999995595,0.0,0.08048483079406864,0.3581971069716317,0.014020757937635794,0.29132098449687527,6.0
5.0439999999996665,0.0039999999999995595,0.0,0.08032019122716792,0.359234293550816,0.013497678392675844,0.2817898392486796,6.0
5.047999999999666,0.0039999999999995595,0.0,0.08018291317123145,0.3602780474893673,0.013053329169944769,0.2780453167321845,6.0
5.051999999999666,0.0039999999999995595,0.0,0.08006551952626124,0.36134970585730514,0.012733897419742731,0.27083500012447537,6.0
5.055999999999665,0.0039999999999995595,0.0,0.08007851786855273,0.36235931921678,0.012489824286357157,0.24771068144067376,6.0
5.059999999999665,0.0039999999999995595,0.0,0.0802978854829761,0.36324078360351003,0.012275757174081841,0.2141041155661213,6.0
5.063999999999664,0.0039999999999995595,0.0,0.0807358350735483,0.36397561982049575,0.012060668334314965,0.1807750724669308,6.0
5.067999999999664,0.0039999999999995595,0.0,0.08135752778040427,0.3645849993430733,0.01183254781378798,0.15458967883831642,6.0
5.0719999999996634,0.0039999999999995595,0.0,0.08212175026325311,0.36509615342327334,0.011583883672586696,0.1365614891064538,6.0
5.075999999999663,0.0039999999999995595,0.0,0.0829900847248276,0.3655353758181749,0.011310777666292023,0.12599602891479705,6.0
5.079999999999663,0.0039999999999995595,0.0,0.08393497512414282,0.36592226242701553,0.011010583381378313,0.12039249808959018,6.0
5.083999999999662,0.0039999999999995595,0.0,0.0849452516388378,0.36626546742249233,0.010678652123633845,0.11900426590295114,6.0
5.087999999999662,0.0039999999999995595,0.0,0.08599486605670818,0.36658386629235984,0.010314638546751879,0.12174831555154293,6.0
5.091999999999661,0.0039999999999995595,0.0,0.0869018059649855,0.367005231188704,0.009963941478505937,0.15487121821105818,6.0
5.095999999999661,0.0039999999999995595,0.0,0.08721112743763702,0.36783372329038466,0.009705251325289807,0.23663957838972166,6.0
5.09999999999966,0.0039999999999995595,0.0,0.08704937449893013,0.3689476371713954,0.009361812414210711,0.31100177965828474,6.0
5.10399999999966,0.0039999999999995595,0.0,0.08644506734553652,0.37032727984678443,0.008924236143074957,0.38258842345574595,6.0
5.1079999999996595,0.0039999999999995595,0.0,0.08541045713605462,0.3719686060636257,0.008390125406891501,0.4513747776318854,6.0
5.111999999999659,0.0039999999999995595,0.0,0.08399397505492644,0.37384391648434906,0.0077626800510252475,0.5129932719170158,6.0
5.115999999999659,0.0039999999999995595,0.0,0.08224692770221778,0.3759243160707191,0.0070485370969256295,0.5673283415884465,6.0
5.119999999999658,0.0039999999999995595,0.0,0.08021683762541584,0.37818414331878125,0.006255067397640873,0.6151279567467957,6.0
5.123999999999658,0.0039999999999995595,0.0,0.0779473961655997,0.3806009944749958,0.005389479146792491,0.6571581008670453,6.0
5.127999999999657,0.0039999999999995595,0.0,0.07557794392615913,0.3830892812667012,0.004403971758192745,0.6734052170966638,6.0
5.131999999999657,0.0039999999999995595,0.0,0.0734463064992493,0.3854357262167139,0.003130175525870303,0.6749201324909962,6.0
5.135999999999656,0.0039999999999995595,0.0,0.07156502565782616,0.38764918940368737,0.0015587725537118719,0.6912347065199826,6.0
5.139999999999656,0.0039999999999995595,0.0,0.06984193662216202,0.38981704934370714,-0.00014077053620963095,0.702469927776717,6.0
5.1439999999996555,0.0039999999999995595,0.0,0.06805677345254513,0.3921054950607279,-0.001857513928280156,0.7259413985048999,6.0
5.147999999999655,0.0039999999999995595,0.0,0.06618274476100752,0.3945356638546786,-0.0035059387896823283,0.74498834225823,6.0
5.151999999999655,0.0039999999999995595,0.0,0.06421373027794341,0.3971152641128986,-0.005081487072338292,0.7667827079950231,6.0
5.155999999999654,0.0039999999999995595,0.0,0.06215834226101875,0.39984527511616286,-0.006593629910516618,0.7915244799959389,6.0
5.159999999999654,0.0039999999999995595,0.0,0.06004192759716184,0.40272183822168317,-0.008063104072510917,0.8189539729798757,6.0
5.163999999999653,0.0039999999999995595,0.0,0.057931077065237445,0.4056642663717388,-0.00938430137029076,0.78687723154731,6.0
5.167999999999653,0.0039999999999995595,0.0,0.05589574567088483,0.40843631140126163,-0.010192300101181287,0.6950897178449976,6.0
5.171999999999652,0.0039999999999995595,0.0,0.053883740694901164,0.41096085555867334,-0.010395163694278018,0.6170438692618164,6.0
5.175999999999652,0.0039999999999995595,0.0,0.05183491759255258,0.4132915903262066,-0.01011715084226327,0.5771583147094569,6.0
5.1799999999996515,0.0039999999999995595,0.0,0.04975005858108478,0.41545282806087186,-0.009457539212854011,0.5561525826766986,6.0
5.183999999999651,0.0039999999999995595,0.0,0.0477199829142404,0.41743318567284,-0.008536034193359082,0.5351013622414176,6.0
5.187999999999651,0.0039999999999995595,0.0,0.04585414186473708,0.41921561890179354,-0.007465467563254126,0.507191076481147,6.0
5.19199999999965,0.0039999999999995595,0.0,0.04422915706218737,0.4207929315098673,-0.006318772015083956,0.47394001198795976,6.0
5.19599999999965,0.0039999999999995595,0.0,0.04289749930854176,0.42216527238233975,-0.005146468201504522,0.4375128805675661,6.0
5.199999999999649,0.0039999999999995595,0.0,0.041887274423879566,0.42334129915018803,-0.003981220503652563,0.4008592116475424,6.0
5.203999999999649,0.0039999999999995595,0.0,0.04121213611552967,0.42433069397957196,-0.0028393810154947394,0.365846946971708,6.0
5.2079999999996485,0.0039999999999995595,0.0,0.04097586214011863,0.4250921920160929,-0.0017955572186588368,0.2913244775397331,6.0
5.211999999999648,0.0039999999999995595,0.0,0.041409191929474815,0.4255079954132787,-0.0010180237948301208,0.20301289520957372,6.0
5.215999999999648,0.0039999999999995595,0.0,0.0423166039588516,0.4256779280874044,-0.00037923170543173093,0.15488129683372706,6.0
5.219999999999647,0.0039999999999995595,0.0,0.04363804495894811,0.42563025445949487,0.00016200232851369271,0.13275153509900028,6.0
5.223999999999647,0.0039999999999995595,0.0,0.04534163833313007,0.4253787650620775,0.0006285549083305305,0.13639963890620202,6.0
5.227999999999646,0.0039999999999995595,0.0,0.04739237659679558,0.4249391502005522,0.0010439451768599589,0.16070228345636545,6.0
5.231999999999646,0.0039999999999995595,0.0,0.04977091278429749,0.42431480262342725,0.0014436440179482744,0.19633764213296864,6.0
5.235999999999645,0.0039999999999995595,0.0,0.05243299187302193,0.4235318129343408,0.0018505014829665203,0.22916123506467925,6.0
5.239999999999645,0.0039999999999995595,0.0,0.05529466829329994,0.4226442717557208,0.002277708236329504,0.2525169340498292,6.0
5.2439999999996445,0.0039999999999995595,0.0,0.05828998629159019,0.4216949496852683,0.002735162324530272,0.26767468356574836,6.0
5.247999999999644,0.0039999999999995595,0.0,0.06109068031653683,0.4208963840737548,0.003216165012937015,0.196989882862502,6.0
5.251999999999644,0.0039999999999995595,0.0,0.06284348935946935,0.4207978556727527,0.0037070880888858604,0.13043516680111797,6.0
5.255999999999643,0.0039999999999995595,0.0,0.06365402667652405,0.42133135069488753,0.004326322075843063,0.23226647881330878,6.0
5.259999999999643,0.0039999999999995595,0.0,0.06388435435745694,0.4222633151169979,0.005161087237008122,0.3366720000372894,6.0
5.263999999999642,0.0039999999999995595,0.0,0.06372319521394997,0.42348467981787696,0.006210349173998162,0.4232859355102608,6.0
5.267999999999642,0.0039999999999995595,0.0,0.06326729948788484,0.4249519317959419,0.007458157182660066,0.5027558728640139,6.0
5.271999999999641,0.0039999999999995595,0.0,0.06258010333809844,0.426647606000956,0.00889031752249408,0.57054495869988,6.0
5.275999999999641,0.0039999999999995595,0.0,0.0617633465662764,0.4285173918715536,0.010416919041136008,0.6120773589980032,6.0
5.2799999999996405,0.0039999999999995595,0.0,0.06074961722339267,0.4305950098961074,0.011888816175730422,0.6489701878104932,6.0
5.28399999999964,0.0039999999999995595,0.0,0.059501610331628284,0.43292028076941874,0.01329843992970122,0.6910920357069379,6.0
5.28799999999964,0.0039999999999995595,0.0,0.05812696881717243,0.4354265455121858,0.01464598829314283,0.7150526547058343,6.0
5.291999999999639,0.0039999999999995595,0.0,0.05677174013132705,0.43798706875017146,0.01590406568362132,0.7144001154638407,6.0
5.295999999999639,0.0039999999999995595,0.0,0.05545758023890379,0.44058411831282907,0.01707944931035829,0.7179185672566033,6.0
5.299999999999638,0.0039999999999995595,0.0,0.054199440678333245,0.44324538393471913,0.01822159031336596,0.7303583524697809,6.0
5.303999999999638,0.0039999999999995595,0.0,0.05296724194235993,0.44599571194080134,0.01931385109714443,0.7466546819980086,6.0
5.3079999999996375,0.0039999999999995595,0.0,0.05165610612844801,0.44871335869952517,0.02009260642235398,0.6963969004773942,6.0
5.311999999999637,0.0039999999999995595,0.0,0.05017975920755061,0.45134856138538265,0.0204759356018086,0.6555527723453621,6.0
5.315999999999637,0.0039999999999995595,0.0,0.048543223700083134,0.45386058523387884,0.020495996898176973,0.6171243363404723,6.0
5.319999999999636,0.0039999999999995595,0.0,0.046802331671302176,0.4562061820788632,0.020213346385280127,0.5783061049457866,6.0
5.323999999999636,0.0039999999999995595,0.0,0.04500857818142476,0.45836205549063164,0.01968796828035483,0.5445497937802933,6.0
5.327999999999635,0.0039999999999995595,0.0,0.04317512883134056,0.4603411570694131,0.018965509839445543,0.5139508757823466,6.0
5.331999999999635,0.0039999999999995595,0.0,0.041498029694224954,0.462058161161863,0.018147736326703603,0.4443680576432578,6.0
5.335999999999634,0.0039999999999995595,0.0,0.04035619899578644,0.46333633612309877,0.017388477541734483,0.3460954344106803,6.0
5.339999999999634,0.0039999999999995595,0.0,0.03967724192084229,0.464227221348963,0.016658273038753304,0.26691469541046564,6.0
5.3439999999996335,0.0039999999999995595,0.0,0.03943603600623047,0.46476050729468776,0.015941724674037653,0.2080446031312455,6.0
5.347999999999633,0.0039999999999995595,0.0,0.0396328644151779,0.4649632288423323,0.015234122559058597,0.17714899874348722,6.0
5.351999999999633,0.0039999999999995595,0.0,0.04027483152651767,0.4648621384373126,0.014532821565016963,0.1792876486296382,6.0
5.355999999999632,0.0039999999999995595,0.0,0.04137444555566405,0.464478029496451,0.013834721987191061,0.2082308553375309,6.0
5.359999999999632,0.0039999999999995595,0.0,0.04293926803613444,0.46383081076975313,0.013136506733412504,0.2476477646962657,6.0
5.363999999999631,0.0039999999999995595,0.0,0.04490143944890879,0.46299064270244167,0.012438367385389039,0.28079593671762937,6.0
5.367999999999631,0.0039999999999995595,0.0,0.046983081907012045,0.46216872695918243,0.011750897715098787,0.24367356502520113,6.0
5.37199999999963,0.0039999999999995595,0.0,0.048540824709955965,0.46180768211470385,0.011091471614192142,0.18033551963070368,6.0
5.37599999999963,0.0039999999999995595,0.0,0.04962666098527823,0.46181066999913484,0.010394888545594226,0.17692557001861509,6.0
5.3799999999996295,0.0039999999999995595,0.0,0.05021836968998451,0.4621816146465978,0.009660064555331981,0.21717733165792577,6.0
5.383999999999629,0.0039999999999995595,0.0,0.05041168539486494,0.46285169491881684,0.008908592388101317,0.25136111103565345,6.0
5.387999999999629,0.0039999999999995595,0.0,0.05050990581674799,0.46361702511110825,0.008190447446468976,0.2664921893426234,6.0
5.391999999999628,0.0039999999999995595,0.0,0.0504431415342431,0.4645188914239145,0.0074853474724221394,0.29160065223971954,6.0
5.395999999999628,0.0039999999999995595,0.0,0.050212509670615864,0.46555354537830773,0.006783661882184702,0.31807008105952844,6.0
5.399999999999627,0.0039999999999995595,0.0,0.04983769457343827,0.4667069586722753,0.006080800472026879,0.3430351649596167,6.0
5.403999999999627,0.0039999999999995595,0.0,0.049342829964548085,0.4679635211971684,0.005373411934257714,0.36550719623902456,6.0
5.407999999999626,0.0039999999999995595,0.0,0.04878360452034951,0.46929105136401256,0.004699439915564833,0.3688149718479161,6.0
5.411999999999626,0.0039999999999995595,0.0,0.048255450761201225,0.4706306469446461,0.0041277600253356835,0.3685594942349527,5.4487699854240566
5.415999999999626,0.0039999999999995595,0.0,0.04776866731522174,0.47197324278481495,0.003485872465189061,0.3720679472046952,5.321182467217025
5.419999999999625,0.0039999999999995595,0.0,0.047502641852024734,0.47320431192195844,0.002679117468764031,0.36974558293733845,5.360950030286926
5.423999999999625,0.0039999999999995595,0.0,0.047494959775723065,0.4743173086017577,0.0016981107395766589,0.37489918943035644,5.44211398737332
5.427999999999624,0.0039999999999995595,0.0,0.04774642089323621,0.47532786360883317,0.0006000382256609972,0.36947009563211625,5.533100900268156
5.431999999999624,0.0039999999999995595,0.0,0.04817223177588981,0.47628746295949886,-0.0004681502171470416,0.35914819738669457,5.495079159301729
5.435999999999623,0.0039999999999995595,0.0,0.04864780828687761,0.47727384389106525,-0.0014654728770510485,0.3487071239867608,5.410288221433344
5.439999999999623,0.0039999999999995595,0.0,0.049162553909820404,0.47827728831448324,-0.002351934776054187,0.33124497605968334,5.400175754723977
5.4439999999996225,0.0039999999999995595,0.0,0.049713019988942085,0.4792828109138869,-0.003109731971406144,0.3116769546434716,5.400175754723977
5.447999999999622,0.0039999999999995595,0.0,0.05030329034045159,0.4802735144749658,-0.003760945927480487,0.2933063312118687,6.0
5.451999999999622,0.0039999999999995595,0.0,0.05097935500408112,0.48120415026782565,-0.004367953089615237,0.27498025777932544,6.0
5.455999999999621,0.0039999999999995595,0.0,0.051729111723106125,0.48207568858249233,-0.0049339165160622285,0.2573738740323545,6.0
5.459999999999621,0.0039999999999995595,0.0,0.05256032158290875,0.4828868881014359,-0.005492431213593729,0.2480280438026275,6.0
5.46399999999962,0.0039999999999995595,0.0,0.05337339717236098,0.48375158396162865,-0.006154961296498633,0.3009709257316425,6.0
5.46799999999962,0.0039999999999995595,0.0,0.05379342974588393,0.4849815703160031,-0.0069576550622983905,0.382440063948074,6.0
5.471999999999619,0.0039999999999995595,0.0,0.054137851751347506,0.48621302377697534,-0.007623924338209274,0.3406069371521332,6.0
5.475999999999619,0.0039999999999995595,0.0,0.05439718381607638,0.4874006262589388,-0.008071053157436291,0.30753580024456206,6.0
5.4799999999996185,0.0039999999999995595,0.0,0.05455319104525085,0.48854154991016424,-0.008291282324121312,0.2835065269868488,6.0
5.483999999999618,0.0039999999999995595,0.0,0.054603597500515695,0.4896561876832475,-0.00834268088160734,0.2743474441960491,6.0
5.487999999999618,0.0039999999999995595,0.0,0.05458550349503057,0.49074183560068646,-0.008271691177675355,0.2609133337727644,6.0
5.491999999999617,0.0039999999999995595,0.0,0.05463673218440504,0.49171367007431827,-0.008083392389169119,0.23512358354519924,6.0
5.495999999999617,0.0039999999999995595,0.0,0.05481727743971636,0.49255242758402634,-0.007831377117728525,0.20572967827994967,6.0
5.499999999999616,0.0039999999999995595,0.0,0.055163481981847125,0.49324880157097595,-0.007546568720603714,0.17459249310873143,6.0
5.503999999999616,0.0039999999999995595,0.0,0.05569722620102191,0.4938018117151411,-0.007253295288761271,0.14323325266360246,6.0
5.507999999999615,0.0039999999999995595,0.0,0.05642738628031171,0.4942157877283811,-0.006966626748432569,0.11352641506199114,6.0
5.511999999999615,0.0039999999999995595,0.0,0.05734842335045402,0.49450108578302393,-0.006691671697054368,0.08853932343670463,6.0
5.5159999999996145,0.0039999999999995595,0.0,0.0584520163109409,0.4946675138233294,-0.006429118921592159,0.06996266728030365,6.0
5.519999999999614,0.0039999999999995595,0.0,0.059728228496546236,0.4947239752184328,-0.006175876944037873,0.06132508291453686,6.0
5.523999999999614,0.0039999999999995595,0.0,0.061166041398983906,0.49467896132044026,-0.0059261591883424435,0.06452771921318454,6.0
5.527999999999613,0.0039999999999995595,0.0,0.06264906982999469,0.4946224970788831,-0.005696630199427198,0.05047590215544252,6.0
5.531999999999613,0.0039999999999995595,0.0,0.06388846881175785,0.49477003535799946,-0.005532175756328529,0.056457065663956446,6.0
5.535999999999612,0.0039999999999995595,0.0,0.0650135127564945,0.4949976955317571,-0.005347483985476456,0.07275666464639362,6.0
5.539999999999612,0.0039999999999995595,0.0,0.06609541452116485,0.4952410176692565,-0.005109739557336051,0.08534844652948972,6.0
5.5439999999996115,0.0039999999999995595,0.0,0.0671360959959378,0.49549801488549294,-0.004812104491706098,0.09971341558798699,6.0
5.547999999999611,0.0039999999999995595,0.0,0.06812805701009386,0.49577574993027673,-0.0044519151509547815,0.11594512585458047,6.0
5.551999999999611,0.0039999999999995595,0.0,0.06906642042930831,0.49608032018576215,-0.004027470229744781,0.13351381667236842,6.0
5.55599999999961,0.0039999999999995595,0.0,0.06993691439210438,0.49642556616457806,-0.0035437554775053772,0.15200582215231295,6.0
5.55999999999961,0.0039999999999995595,0.0,0.0707329807181672,0.4968199800316461,-0.003004604655488695,0.17072900773080107,6.0
5.563999999999609,0.0039999999999995595,0.0,0.07145219650545477,0.49726903299165753,-0.0024132886302948788,0.18971336351980406,6.0
5.567999999999609,0.0039999999999995595,0.0,0.07199805801250092,0.49784342613008037,-0.0017954552936283764,0.22312543940455726,6.0
5.571999999999608,0.0039999999999995595,0.0,0.07205555662969426,0.4987566532117082,-0.0011914856428758443,0.29777367294876733,4.624941459038806
5.575999999999608,0.0039999999999995595,0.0,0.07162526584362199,0.4999886117581677,-0.00046476906114054247,0.3734987658430639,4.5257032467518545
5.5799999999996075,0.0039999999999995595,0.0,0.07098397404984418,0.501341467479886,0.000470489281753198,0.4252729179691043,4.577026600892712
5.583999999999607,0.0039999999999995595,0.0,0.0702321329112802,0.5027607540760557,0.0016163401890467509,0.4695928271559689,4.662089212198123
5.587999999999607,0.0039999999999995595,0.0,0.06942790177040248,0.5042278612576242,0.0029568586012283724,0.5099274514333776,4.746898396446242
5.591999999999606,0.0039999999999995595,0.0,0.06861791455953636,0.5057348037888663,0.004472768251218819,0.5468217312511816,4.826069151429962
5.595999999999606,0.0039999999999995595,0.0,0.06783252862075491,0.5072845594457541,0.006097662699422427,0.5657211716384298,4.826069151429962
5.599999999999605,0.0039999999999995595,0.0,0.06702682647391357,0.508918999477118,0.007685635891000612,0.577221984305204,4.849264388622895
5.603999999999605,0.0039999999999995595,0.0,0.0661050330018778,0.5107064759146698,0.009184464610218651,0.5882499276495822,4.730435755904426
5.607999999999604,0.0039999999999995595,0.0,0.06513202991181564,0.5125907865074351,0.01055647914048376,0.5809869106142647,6.0
5.611999999999604,0.0039999999999995595,0.0,0.06425000692669107,0.5144488640583652,0.011811172529968588,0.5589895921258319,6.0
5.6159999999996035,0.0039999999999995595,0.0,0.06348151318163561,0.5162635926099337,0.012996868251506297,0.5447757174542776,6.0
5.619999999999603,0.0039999999999995595,0.0,0.0627994548942986,0.5180734931840625,0.014160381022049645,0.5421851903707005,6.0
5.623999999999603,0.0039999999999995595,0.0,0.062189694307157616,0.5198954991232438,0.015314613823689326,0.5436665580275808,6.0
5.627999999999602,0.0039999999999995595,0.0,0.06165097440764846,0.5216893298336143,0.01635561332844014,0.49966863449684296,6.0
5.631999999999602,0.0039999999999995595,0.0,0.06108059584768639,0.5233719056722129,0.016939121886347552,0.4320540330237609,6.0
5.635999999999601,0.0039999999999995595,0.0,0.060422174443105756,0.5249623798182952,0.01710120495213826,0.39085302032152147,6.0
5.639999999999601,0.0039999999999995595,0.0,0.05968480126831101,0.5264604990573528,0.01691062183835958,0.37258653915709017,6.0
5.6439999999996004,0.0039999999999995595,0.0,0.05887819018669506,0.5278889643505756,0.016458695921402866,0.37132702551643276,6.0
5.6479999999996,0.0039999999999995595,0.0,0.05802946057145869,0.5292715660453845,0.01583512174399432,0.3740896145833233,6.0
5.6519999999996,0.0039999999999995595,0.0,0.05725783109222041,0.5305719516637668,0.015109521631626427,0.360948403850917,6.0
5.655999999999599,0.0039999999999995595,0.0,0.05671335810593082,0.5317063581518828,0.01432399042761638,0.33158934015285935,6.0
5.659999999999599,0.0039999999999995595,0.0,0.056459878794809605,0.5326464427502346,0.013506414970241049,0.29869743316032316,6.0
5.663999999999598,0.0039999999999995595,0.0,0.056521236168333315,0.5333812000904561,0.012661514015237983,0.26871343364201344,6.0
5.667999999999598,0.0039999999999995595,0.0,0.05690178124856008,0.5339173022169851,0.011799769367637094,0.24551706402184337,6.0
5.671999999999597,0.0039999999999995595,0.0,0.05757206140319875,0.5342828037962312,0.010925414103413454,0.23198412789434605,6.0
5.675999999999597,0.0039999999999995595,0.0,0.058475291002013714,0.5345222956403849,0.010042798970769666,0.22584955103557725,6.0
5.6799999999995965,0.0039999999999995595,0.0,0.05957551866301564,0.5346634038909692,0.009152211585757755,0.22418355779623983,6.0
5.683999999999596,0.0039999999999995595,0.0,0.06085157316082358,0.5347224383930341,0.008251627365092684,0.2251580650243057,6.0
5.687999999999596,0.0039999999999995595,0.0,0.06208482482765519,0.5348499151352891,0.007376920878411925,0.2174191402690484,6.0
5.691999999999595,0.0039999999999995595,0.0,0.06285632505577406,0.5353259413635274,0.006599691812910095,0.23139956610862564,6.0
5.695999999999595,0.0039999999999995595,0.0,0.06339618212491278,0.5359749807115665,0.005827110055314144,0.2566571831579496,6.0
5.699999999999594,0.0039999999999995595,0.0,0.06378725961994137,0.5367364844822795,0.005020549185427176,0.2815516143919312,6.0
5.703999999999594,0.0039999999999995595,0.0,0.0640598979690527,0.5375921843074986,0.004177207904489493,0.3045478231326599,6.0
5.707999999999593,0.0039999999999995595,0.0,0.06423374757275807,0.5385320993501067,0.0032986899021985494,0.3257896903995765,6.0
5.711999999999593,0.0039999999999995595,0.0,0.06432494594966494,0.5395490516607363,0.0023874328433638368,0.3455292783534866,6.0
5.7159999999995925,0.0039999999999995595,0.0,0.06434407006684423,0.5406399562559288,0.0014443791543664447,0.3653699061020865,6.0
5.719999999999592,0.0039999999999995595,0.0,0.06429847005896497,0.5418043673749112,0.0004692851598253964,0.38371046167566925,6.0
5.723999999999592,0.0039999999999995595,0.0,0.06421708452789592,0.5430272791743782,-0.0005333179586163298,0.3995472517238134,6.0
5.727999999999591,0.0039999999999995595,0.0,0.06411167885615238,0.5443000462533242,-0.001533646272584715,0.4036031161221762,6.0
5.731999999999591,0.0039999999999995595,0.0,0.06394724242482225,0.5456315117541678,-0.002477123139210768,0.4195779924403254,5.424457856831601
5.73599999999959,0.0039999999999995595,0.0,0.06360162405106114,0.5471164209319206,-0.0034685858929331117,0.4594440667585871,5.424457856831601
5.73999999999959,0.0039999999999995595,0.0,0.06308821738789842,0.5487481702332324,-0.004487492428835041,0.4899688995272935,5.266977580742654
5.743999999999589,0.0039999999999995595,0.0,0.06247962379676928,0.5504811313118806,-0.005525802865585359,0.5190465237892621,5.09902275876765
5.747999999999589,0.0039999999999995595,0.0,0.061864688303332506,0.5523001242129181,-0.006700112929435673,0.5491974002390535,5.178745042745667
5.7519999999995886,0.0039999999999995595,0.0,0.06108355869513289,0.5542586274219171,-0.007756024268833636,0.5608064362584555,5.138199098024927
5.755999999999588,0.0039999999999995595,0.0,0.06014794102519857,0.5563217110145471,-0.008640517626717947,0.5652972896123034,5.765010899588245
5.759999999999588,0.0039999999999995595,0.0,0.05907830917396415,0.558465252594447,-0.00935709927806346,0.568974606603177,6.0
5.763999999999587,0.0039999999999995595,0.0,0.057908351059921495,0.5606644220297661,-0.00992838297912591,0.5714651422393613,6.0
5.767999999999587,0.0039999999999995595,0.0,0.05668951670373037,0.5628746769472802,-0.010367306152604653,0.5607857118859577,6.0
5.771999999999586,0.0039999999999995595,0.0,0.055498999960376924,0.5650218411694383,-0.010679500133389494,0.5423678985173589,6.0
5.775999999999586,0.0039999999999995595,0.0,0.05438565658848295,0.5670687615005704,-0.010882842111802573,0.5008777393875292,6.0
5.7799999999995855,0.0039999999999995595,0.0,0.0533143422234957,0.5689154110275869,-0.010778618439300463,0.457020003234633,6.0
5.783999999999585,0.0039999999999995595,0.0,0.05219054262347586,0.5706368671520363,-0.010395609951104098,0.43576469029329,6.0
5.787999999999585,0.0039999999999995595,0.0,0.05107258250826505,0.5722129517354146,-0.009780486900768699,0.41657782622755374,6.0
5.791999999999584,0.0039999999999995595,0.0,0.05004021584419328,0.5736238858733377,-0.008992278774692278,0.3945033044595367,6.0
5.795999999999584,0.0039999999999995595,0.0,0.049163513719876165,0.5748599171567517,-0.00808826809730703,0.37263661126391195,6.0
5.799999999999583,0.0039999999999995595,0.0,0.04852481173367107,0.5759148620695254,-0.007142496927946277,0.3418534158427483,6.0
5.803999999999583,0.0039999999999995595,0.0,0.048186564754186784,0.5767845933227783,-0.0062117117956858574,0.30501619068539126,6.0
5.807999999999582,0.0039999999999995595,0.0,0.04820999521430291,0.5774593686335763,-0.005352037261775316,0.2536209203944182,6.0
5.811999999999582,0.0039999999999995595,0.0,0.04867794071790277,0.5779101735776182,-0.004627125285862521,0.19923075692272932,6.0
5.8159999999995815,0.0039999999999995595,0.0,0.0495311595688401,0.5781614931355692,-0.003983082499209269,0.16313319424836095,6.0
5.819999999999581,0.0039999999999995595,0.0,0.05074208467376958,0.5782220596773995,-0.003390544959815552,0.14491300557881864,6.0
5.823999999999581,0.0039999999999995595,0.0,0.05229522420845351,0.5780963019836701,-0.002830336719930608,0.14498934966692853,6.0
5.82799999999958,0.0039999999999995595,0.0,0.05417385092261047,0.5777940814886352,-0.0022929147713672505,0.15984453585506567,6.0
5.83199999999958,0.0039999999999995595,0.0,0.056357777643643164,0.5773275853168174,-0.0017670758891733015,0.1836247854497674,6.0
5.835999999999579,0.0039999999999995595,0.0,0.05882733318661527,0.5767094593236507,-0.0012456093809331272,0.2109188226941547,6.0
5.839999999999579,0.0039999999999995595,0.0,0.06155626203872189,0.5759565889173871,-0.0007214735179912027,0.23730493449413967,6.0
5.843999999999578,0.0039999999999995595,0.0,0.06449158792373295,0.5751033830004301,-0.00018763885631892927,0.257351385578276,6.0
5.847999999999578,0.0039999999999995595,0.0,0.06731070345207811,0.5743586999850512,0.00034187087177851426,0.19676767429243272,6.0
5.8519999999995775,0.0039999999999995595,0.0,0.06929978535691614,0.5741730378613872,0.0008554413099540034,0.13800232358263415,6.0
5.855999999999577,0.0039999999999995595,0.0,0.07077670532524241,0.5743179845101026,0.0014930310778967387,0.17614584592107208,6.0
5.859999999999577,0.0039999999999995595,0.0,0.07190313301338322,0.574687719235814,0.0022796652253115938,0.2306863708915263,6.0
5.863999999999576,0.0039999999999995595,0.0,0.07275923143493862,0.5752379602579706,0.0032097389880376215,0.282821356378876,6.0
5.867999999999576,0.0039999999999995595,0.0,0.07340056091618406,0.5759426529439448,0.004270617696269291,0.33021906473563134,6.0
5.871999999999575,0.0039999999999995595,0.0,0.07387157479337261,0.5767836734504755,0.005449240000282134,0.37297493466298376,6.0
5.875999999999575,0.0039999999999995595,0.0,0.07421195582983248,0.5777462782205902,0.006733307378188341,0.411426735685851,6.0
5.8799999999995745,0.0039999999999995595,0.0,0.07445853829110122,0.5788177175039616,0.008111762961755193,0.44596762212899926,6.0
5.883999999999574,0.0039999999999995595,0.0,0.07464599238351256,0.5799867208690651,0.00957473339352694,0.4769758021646668,6.0
5.887999999999574,0.0039999999999995595,0.0,0.07488560446398528,0.5811918923627988,0.011122494475586242,0.492663411157591,6.0
5.891999999999573,0.0039999999999995595,0.0,0.0754618615022777,0.5822601905809263,0.012812968340491915,0.5096647481230887,6.0
5.895999999999573,0.0039999999999995595,0.0,0.07641223171330194,0.5831939369101453,0.014755365868614976,0.5540587246682334,6.0
5.899999999999572,0.0039999999999995595,0.0,0.07745736488088796,0.5841742946028525,0.016826703832461952,0.582693504649716,6.0
5.903999999999572,0.0039999999999995595,0.0,0.07834758023435982,0.5853239223324398,0.018819074317167485,0.5534993553429031,6.0
5.907999999999571,0.0039999999999995595,0.0,0.07893900592519959,0.5865687018454745,0.020332784776773687,0.4656571633561906,6.0
5.911999999999571,0.0039999999999995595,0.0,0.07922305753820684,0.5878514332330604,0.021333903550346634,0.3902212698666112,6.0
5.9159999999995705,0.0039999999999995595,0.0,0.07918036545646749,0.5891827487406158,0.02190288767637472,0.35455416884183016,6.0
5.91999999999957,0.0039999999999995595,0.0,0.07880134058010241,0.5905978370657196,0.022149032016627747,0.35713912941937,6.0
5.92399999999957,0.0039999999999995595,0.0,0.07809569276205701,0.592130475016925,0.022179330128170315,0.3827684427768629,6.0
5.927999999999569,0.0039999999999995595,0.0,0.07710966755922652,0.5937658573466399,0.02203069270966665,0.40276130821684064,6.0
5.931999999999569,0.0039999999999995595,0.0,0.07596688051825637,0.5953928289578119,0.021640145979094187,0.4067455241685277,6.0
5.935999999999568,0.0039999999999995595,0.0,0.07481784524760195,0.5969603361887127,0.02113699944988987,0.3975311217291519,6.0
5.939999999999568,0.0039999999999995595,0.0,0.07373654185939643,0.5984422493945641,0.020582986732654237,0.3805026606568334,6.0
5.943999999999567,0.0039999999999995595,0.0,0.07276178086469566,0.5998271985571002,0.02001111676980813,0.35941776142657406,6.0
5.947999999999567,0.0039999999999995595,0.0,0.07191506392421754,0.6011105235087855,0.019440883117954978,0.336308598609446,6.0
5.9519999999995665,0.0039999999999995595,0.0,0.0712059837477411,0.6022915184426303,0.018881781345646664,0.3126260353359131,6.0
5.955999999999566,0.0039999999999995595,0.0,0.07063565405638214,0.6033718170693406,0.01833475551892933,0.28978060519227805,6.0
5.959999999999566,0.0039999999999995595,0.0,0.0702015318793,0.6043544925214861,0.017798231355551444,0.26803528801949505,6.0
5.963999999999565,0.0039999999999995595,0.0,0.0698995646036996,0.6052433980458519,0.01727003831335887,0.24783127542112132,6.0
5.967999999999565,0.0039999999999995595,0.0,0.06971396886586255,0.6060799261982605,0.016807851346265775,0.23026914936557671,6.0
5.971999999999564,0.0039999999999995595,0.0,0.06960936623027673,0.6069747358415184,0.016592152356707794,0.22605425889731875,6.0
5.975999999999564,0.0039999999999995595,0.0,0.06959617961810811,0.6079015238402802,0.0165860663674281,0.2279046837256425,5.868060702306556
5.979999999999563,0.0039999999999995595,0.0,0.0696776331556367,0.6087867381457929,0.016631051457109865,0.20876389817600713,5.519056210535711
5.983999999999563,0.0039999999999995595,0.0,0.06986241125388366,0.6095368395866207,0.01655261977497454,0.18039900241541648,5.627030701543718
5.987999999999563,0.0039999999999995595,0.0,0.07013915228881906,0.610203523885511,0.016440849018171423,0.1632526817538252,5.672071306926187
5.991999999999562,0.0039999999999995595,0.0,0.07047505694842829,0.6108169352021575,0.01630608663443083,0.15313429650560717,5.698060699789051
5.995999999999562,0.0039999999999995595,0.0,0.0708425456419347,0.611398392274541,0.01614833157182538,0.14826089466029646,5.718666418006504
5.999999999999561,0.0039999999999995595,0.0,0.07122012241137061,0.6119639143625678,0.015965935608303148,0.14747605957438564,5.738210059626501
6.003999999999561,0.0039999999999995595,0.0,0.0715927115934667,0.6125246551866755,0.015756253188575008,0.14940062297634923,5.738210059626501
6.00799999999956,0.0039999999999995595,0.0,0.07187246858176025,0.6131538350429425,0.01554212174143635,0.1808063006196433,5.464854266341977
6.01199999999956,0.0039999999999995595,0.0,0.07181581419147083,0.6140320150891536,0.015349258955570532,0.2371013446449395,4.308253671987995
6.0159999999995595,0.0039999999999995595,0.0,0.07145596250582331,0.6150698073880685,0.015020309914973816,0.2833149691838986,4.448084607229064
6.019999999999559,0.0039999999999995595,0.0,0.07084495346214005,0.6162284826712301,0.014548711001718855,0.3233287294256995,4.5860988914952046
6.023999999999559,0.0039999999999995595,0.0,0.07002345595221625,0.6174852804723923,0.013942788362307263,0.35904181636218374,4.717404797602908
6.027999999999558,0.0039999999999995595,0.0,0.06902447986228134,0.6188252449506235,0.013213612755284529,0.39128764450215514,4.8422279148922405
6.031999999999558,0.0039999999999995595,0.0,0.06787753280883069,0.6202368933990479,0.012372197818941498,0.4204085345537476,4.960832552440501
6.035999999999557,0.0039999999999995595,0.0,0.06661048567045999,0.6217106064158013,0.011428905898396036,0.4466284121912063,5.073540737260435
6.039999999999557,0.0039999999999995595,0.0,0.06525038440709323,0.623238007454275,0.010393225955363579,0.4701581467421279,5.1807738213862295
6.043999999999556,0.0039999999999995595,0.0,0.06382350453372701,0.6248119916762335,0.009273849780022407,0.4913048498575674,5.282971584187015
6.047999999999556,0.0039999999999995595,0.0,0.06245319084294816,0.6263563175180699,0.00806676610006983,0.4864460661085537,6.0
6.0519999999995555,0.0039999999999995595,0.0,0.061422378601996196,0.6276759551220346,0.0067135207392245945,0.47995347011127726,6.0
6.055999999999555,0.0039999999999995595,0.0,0.06059639572986328,0.6288696668449382,0.005148019428323282,0.5056927595953088,6.0
6.059999999999555,0.0039999999999995595,0.0,0.0598254005549933,0.6300770677698185,0.0035269249965476993,0.5158023605710214,6.0
6.063999999999554,0.0039999999999995595,0.0,0.05894202948050001,0.6314284779279635,0.0019439620555239162,0.5277268327474419,6.0
6.067999999999554,0.0039999999999995595,0.0,0.05792704559697562,0.6329370194510031,0.00045705092936163373,0.5368755548347522,6.0
6.071999999999553,0.0039999999999995595,0.0,0.05677894643409036,0.6345970136749298,-0.000924761692856323,0.5481828386101532,6.0
6.075999999999553,0.0039999999999995595,0.0,0.05549930155145456,0.6364008126168395,-0.002206653262366995,0.561789784068709,6.0
6.079999999999552,0.0039999999999995595,0.0,0.05410042642267987,0.63833525556535,-0.0033946101302115045,0.5758042337698135,6.0
6.083999999999552,0.0039999999999995595,0.0,0.05261321322731113,0.6403784332470824,-0.004503422032361324,0.5890504039921598,6.0
6.0879999999995515,0.0039999999999995595,0.0,0.051173167795458954,0.6424377467182772,-0.00553461962895701,0.5653705594424546,6.0
6.091999999999551,0.0039999999999995595,0.0,0.050066746659177076,0.6443077468470563,-0.006456411611281982,0.5174590177133604,6.0
6.095999999999551,0.0039999999999995595,0.0,0.04919126646168217,0.6460645668377547,-0.0073070891874398546,0.48584917690851664,6.0
6.09999999999955,0.0039999999999995595,0.0,0.04866255684145843,0.6474642076939767,-0.007733653282028683,0.338140258298951,6.0
6.10399999999955,0.0039999999999995595,0.0,0.048357211301900904,0.6485370432246853,-0.007701638125648362,0.25559463519045256,6.0
6.107999999999549,0.0039999999999995595,0.0,0.04820006758596515,0.649360247713653,-0.0073073405776469475,0.2238465651544734,6.0
6.111999999999549,0.0039999999999995595,0.0,0.04820580316072818,0.6499510858194432,-0.006601345991924704,0.23319541855800233,6.0
6.1159999999995485,0.0039999999999995595,0.0,0.048428143662901234,0.6503348664162246,-0.005698383860618876,0.24552660522453465,6.0
6.119999999999548,0.0039999999999995595,0.0,0.04898112840620548,0.6504856447329335,-0.004700546671120533,0.25293149816614663,6.0
6.123999999999548,0.0039999999999995595,0.0,0.04989243310917931,0.6504194717654505,-0.0036668650380862673,0.26020641077613516,6.0
6.127999999999547,0.0039999999999995595,0.0,0.051098718131960645,0.6502023443981767,-0.00266288413899318,0.2497192980984338,6.0
6.131999999999547,0.0039999999999995595,0.0,0.052438990890071785,0.6499680957697008,-0.0018516872766688695,0.2032178588072985,6.0
6.135999999999546,0.0039999999999995595,0.0,0.05402797178946306,0.6496286193813997,-0.0012154551453111586,0.17795085516116668,6.0
6.139999999999546,0.0039999999999995595,0.0,0.05596039825259591,0.649110283747568,-0.0007513129158146468,0.1810538604631784,6.0
6.143999999999545,0.0039999999999995595,0.0,0.058280108884927594,0.6483743888384034,-0.0004478866401011032,0.21343366642177972,6.0
6.147999999999545,0.0039999999999995595,0.0,0.06097858289955788,0.6474155704108077,-0.0002738428992847026,0.2601942704953379,6.0
6.1519999999995445,0.0039999999999995595,0.0,0.06402048023570946,0.6462490940076244,-0.00019760395160254952,0.30862666735454464,6.0
6.155999999999544,0.0039999999999995595,0.0,0.06736077770412306,0.6448963856149971,-0.0001575580446667938,0.3532761879734936,6.0
6.159999999999544,0.0039999999999995595,0.0,0.07096208380435078,0.6433825308010079,-0.00015901434963724967,0.39144782510819837,6.0
6.163999999999543,0.0039999999999995595,0.0,0.07476469460381334,0.6417418756561627,-0.00014699867526767334,0.42049786289582214,6.0
6.167999999999543,0.0039999999999995595,0.0,0.07848435145858167,0.6401594515692649,-0.00014339333628041114,0.36706713838252525,6.0
6.171999999999542,0.0039999999999995595,0.0,0.08151449260906056,0.6390189552797381,-0.00016451240772846588,0.2776505711920525,6.0
6.175999999999542,0.0039999999999995595,0.0,0.0842872567745905,0.6380230945569296,-0.00020447252132109228,0.25172420982606236,6.0
6.179999999999541,0.0039999999999995595,0.0,0.08700484543697927,0.6370316015157703,-0.00024244518267298545,0.2531517954461111,6.0
6.183999999999541,0.0039999999999995595,0.0,0.08973176054640043,0.6360002001473258,-0.0002651850043096167,0.2635730195294611,6.0
6.1879999999995405,0.0039999999999995595,0.0,0.09249448633580962,0.634911676025843,-0.0002547410109592706,0.2777068781913019,6.0
6.19199999999954,0.0039999999999995595,0.0,0.09530177048673355,0.6337609154952941,-0.00020576585162530406,0.29306243351293576,6.0
6.19599999999954,0.0039999999999995595,0.0,0.09815573728213142,0.6325473987114411,-0.00011952427252547341,0.3087240368198206,6.0
6.199999999999539,0.0039999999999995595,0.0,0.10105529189902308,0.6312725969121457,5.693960073992538e-06,0.3241429811759699,6.0
6.203999999999539,0.0039999999999995595,0.0,0.1039966617339799,0.6299398991231127,0.00016972621287971628,0.33894132979612135,6.0
6.207999999999538,0.0039999999999995595,0.0,0.10681737684608716,0.6286549700490293,0.0003968593602682318,0.3043784240017904,6.0
6.211999999999538,0.0039999999999995595,0.0,0.10908979861527351,0.6276928673632697,0.0007634888648353155,0.24580972873204918,6.0
6.2159999999995375,0.0039999999999995595,0.0,0.11099290027162056,0.6269324761729557,0.0012990316632856965,0.2259638563068108,6.0
6.219999999999537,0.0039999999999995595,0.0,0.11257357954049638,0.6263454054411373,0.001999349437459172,0.22843575374628666,6.0
6.223999999999537,0.0039999999999995595,0.0,0.11394739855478349,0.6258571348914023,0.002837204257631555,0.24291148727983244,6.0
6.227999999999536,0.0039999999999995595,0.0,0.1151191365087443,0.6254697684051314,0.0037910879452774274,0.25833582281934564,6.0
6.231999999999536,0.0039999999999995595,0.0,0.1161034931175356,0.6251778155540653,0.004841258720171446,0.2737318843816642,6.0
6.235999999999535,0.0039999999999995595,0.0,0.11691748232881496,0.624973943182928,0.0059722236535068715,0.28901596174972455,6.0
6.239999999999535,0.0039999999999995595,0.0,0.11758013204136462,0.6248502231500478,0.007178581501011068,0.3064166978260785,6.0
6.243999999999534,0.0039999999999995595,0.0,0.11811768219161392,0.6247959111086109,0.008468426146007636,0.32672584615678146,6.0
6.247999999999534,0.0039999999999995595,0.0,0.11850755890408153,0.624810111989309,0.009540895349688102,0.22918051015582422,6.0
6.2519999999995335,0.0039999999999995595,0.0,0.11882919948587035,0.6248077785560429,0.010048819961867269,0.0974223695392355,6.0
6.255999999999533,0.0039999999999995595,0.0,0.11874407740687218,0.6250253908079515,0.01012346190102514,0.07659376659816372,6.0
6.259999999999533,0.0039999999999995595,0.0,0.11822407937082717,0.6254953309234629,0.009910458017443719,0.1511427453520754,6.0
6.263999999999532,0.0039999999999995595,0.0,0.11734108669681541,0.6261796526615949,0.009508044327063108,0.21426943273769192,6.0
6.267999999999532,0.0039999999999995595,0.0,0.1161765479919162,0.6270318697283248,0.008990560805378328,0.25986309717003037,6.0
6.271999999999531,0.0039999999999995595,0.0,0.11479827246738883,0.628012506014664,0.008411988157166013,0.2915056555797814,6.0
6.275999999999531,0.0039999999999995595,0.0,0.11324889003269781,0.6290967650999281,0.007806541395170872,0.3164538539701902,6.0
6.27999999999953,0.0039999999999995595,0.0,0.11155361550878692,0.6302699111279302,0.007194790527632573,0.33227626247951897,6.0
6.28399999999953,0.0039999999999995595,0.0,0.10978256725315992,0.6314878008028474,0.006609092925766072,0.3389667357549101,6.0
6.2879999999995295,0.0039999999999995595,0.0,0.10795374005831034,0.6327513826253571,0.0060961469058860495,0.3390911260601246,6.0
6.291999999999529,0.0039999999999995595,0.0,0.10615012085476266,0.6340371600663082,0.005722606814466921,0.32212365777498825,6.0
6.295999999999529,0.0039999999999995595,0.0,0.10466241565217523,0.6351405519177071,0.005397809669586006,0.27199282553068,6.0
6.299999999999528,0.0039999999999995595,0.0,0.10355464482752919,0.6360140800949788,0.0050727947179131485,0.21879804264634042,6.0
6.303999999999528,0.0039999999999995595,0.0,0.10280737271371322,0.6366702285499899,0.004731509337548546,0.17319603620023472,6.0
6.307999999999527,0.0039999999999995595,0.0,0.10238826274118525,0.6371314445612424,0.004366034081228226,0.13848784644043155,6.0
6.311999999999527,0.0039999999999995595,0.0,0.1022683894546077,0.6374181620164927,0.003973205769436208,0.11666881777949513,6.0
6.315999999999526,0.0039999999999995595,0.0,0.1024230497185136,0.637547913926925,0.003552148439975001,0.10926730598032333,6.0
6.319999999999526,0.0039999999999995595,0.0,0.10282510636640772,0.63753974790028,0.0031031860772585,0.11448937547476253,6.0
6.323999999999526,0.0039999999999995595,0.0,0.10345120140191962,0.6374101557446854,0.0026265852054398434,0.127436028993739,6.0
6.327999999999525,0.0039999999999995595,0.0,0.10414177616354234,0.6372565480258363,0.0021587243754447555,0.11207521938216734,6.0
6.331999999999525,0.0039999999999995595,0.0,0.10439180258259237,0.6373850392740888,0.0017663592435566424,0.11753740542740458,6.0
6.335999999999524,0.0039999999999995595,0.0,0.10404409646187401,0.6379035059544421,0.0013081163690829704,0.19546004313383403,6.0
6.339999999999524,0.0039999999999995595,0.0,0.10323232773294096,0.6387315315912885,0.0007411106605143382,0.273881309028578,6.0
6.343999999999523,0.0039999999999995595,0.0,0.10219883328182441,0.6396895531091791,0.0002728386781789112,0.26802795750838554,6.0
6.347999999999523,0.0039999999999995595,0.0,0.10104328082340815,0.6406939349141212,4.254845490366425e-05,0.25851096034115706,6.0
6.3519999999995225,0.0039999999999995595,0.0,0.09979695514853838,0.6417091957945048,0.00012980814139264274,0.2601745371165976,6.0
6.355999999999522,0.0039999999999995595,0.0,0.09848198158211635,0.6427143820941916,0.0005463011675279573,0.2801493666931321,6.0
6.359999999999522,0.0039999999999995595,0.0,0.09713200389737393,0.6436861286051563,0.0012888388051653199,0.31596884363078814,6.0
6.363999999999521,0.0039999999999995595,0.0,0.0957372190624412,0.6446418454038205,0.002291147055416056,0.3548351714030756,6.0
6.367999999999521,0.0039999999999995595,0.0,0.09449595342980086,0.6454647333522577,0.003420339407319035,0.32491051356611306,6.0
6.37199999999952,0.0039999999999995595,0.0,0.09398785455544637,0.645782102387032,0.0044377730362739004,0.2513970356967526,6.0
6.37599999999952,0.0039999999999995595,0.0,0.09408314214471479,0.6456804439051176,0.0053509470271616115,0.2266752411566829,6.0
6.379999999999519,0.0039999999999995595,0.0,0.09431405530983351,0.6454767039156425,0.006188652616701004,0.21076431665212517,6.0
6.383999999999519,0.0039999999999995595,0.0,0.09436331526354956,0.645385722032201,0.0069547722515363114,0.18675353653434057,6.0
6.3879999999995185,0.0039999999999995595,0.0,0.09435391138010804,0.6453193354881035,0.007622088972902915,0.16278970889655056,6.0
6.391999999999518,0.0039999999999995595,0.0,0.09434838816836524,0.645231756827789,0.008203244797709971,0.1430816584000441,6.0
6.395999999999518,0.0039999999999995595,0.0,0.09434108854753719,0.6451247561237661,0.008707482450518356,0.12551504264000954,6.0
6.399999999999517,0.0039999999999995595,0.0,0.0943221669215501,0.645003666663714,0.009138813260113374,0.10940455940344122,6.0
6.403999999999517,0.0039999999999995595,0.0,0.09428505545541475,0.6448720868934162,0.009503485531468233,0.09477552192359023,6.0
6.407999999999516,0.0039999999999995595,0.0,0.09435094945697942,0.6446476501971515,0.009819348553777477,0.11494430419179692,6.0
6.411999999999516,0.0039999999999995595,0.0,0.09480728098862033,0.644138555235015,0.01010753230539115,0.15028481956232453,6.0
6.415999999999515,0.0039999999999995595,0.0,0.09524775387695733,0.64361964494202,0.01028974571960459,0.1386775424529275,6.0
6.419999999999515,0.0039999999999995595,0.0,0.09558374075881973,0.6431494420233722,0.010325537132310757,0.12074553340516128,6.0
6.4239999999995145,0.0039999999999995595,0.0,0.0957907542340735,0.642744858697555,0.01020216628240454,0.11189961171598314,6.0
6.427999999999514,0.0039999999999995595,0.0,0.09586156474297733,0.6424120811136201,0.009918266960711056,0.11811586417534807,6.0
6.431999999999514,0.0039999999999995595,0.0,0.09579578646307484,0.6421539437613196,0.00948172069014569,0.13623133282576913,6.0
6.435999999999513,0.0039999999999995595,0.0,0.0955982661599959,0.6419706701580639,0.008902723722486336,0.16087910787378762,6.0
6.439999999999513,0.0039999999999995595,0.0,0.09528345832460206,0.6418572237238419,0.00818782000212649,0.18988562930222597,6.0
6.443999999999512,0.0039999999999995595,0.0,0.09486598964388206,0.641809142394628,0.0073466429910487374,0.2193630167445358,6.0
6.447999999999512,0.0039999999999995595,0.0,0.09445091767766281,0.6417643564413787,0.006419519510339693,0.2314918656737781,6.0
6.4519999999995115,0.0039999999999995595,0.0,0.09429910397248537,0.6415526367017687,0.005564323071856255,0.21753696357230423,6.0
6.455999999999511,0.0039999999999995595,0.0,0.09432772152194734,0.6412217035011286,0.0048333211366808765,0.19712515652986298,5.975741421188548
6.459999999999511,0.0039999999999995595,0.0,0.0944553508041237,0.6408186535943838,0.004233873159383214,0.17792593907424906,6.0
6.46399999999951,0.0039999999999995595,0.0,0.09464200428132356,0.6403642309960526,0.0037641265519830036,0.1613595673594397,6.0
6.46799999999951,0.0039999999999995595,0.0,0.09485691505360921,0.6398743939199598,0.003418332478123665,0.1483828139301453,6.0
6.471999999999509,0.0039999999999995595,0.0,0.09507408391616912,0.6393630292868138,0.0031893418443047776,0.13887748524845175,6.0
6.475999999999509,0.0039999999999995595,0.0,0.09527061803915254,0.6388429833569567,0.0030697729800893015,0.13236119026345922,6.0
6.479999999999508,0.0039999999999995595,0.0,0.09542766805134546,0.6383257522058554,0.003048546709907805,0.12839626755440525,6.0
6.483999999999508,0.0039999999999995595,0.0,0.09552692732357584,0.6378226998960039,0.0031185997932228165,0.1258354437062542,6.0
6.4879999999995075,0.0039999999999995595,0.0,0.0953937749070273,0.6374599234173274,0.0032472446001798336,0.06651078311008103,6.0
6.491999999999507,0.0039999999999995595,0.0,0.09464244690036627,0.6375240423401307,0.0033598654497325074,0.04329992505931456,6.0
6.495999999999507,0.0039999999999995595,0.0,0.09355552391608307,0.6378241637451346,0.0034946413342361736,0.09729435048570662,6.0
6.499999999999506,0.0039999999999995595,0.0,0.09220225524195061,0.6383074223590516,0.003676021454489378,0.13401305835435567,5.775274618574852
6.503999999999506,0.0039999999999995595,0.0,0.09086231410160124,0.6387644336331161,0.003972623037999677,0.13435327974696695,5.504871851923403
6.507999999999505,0.0039999999999995595,0.0,0.0897074945865703,0.6390673199624602,0.004417934580767439,0.13854208212391936,5.440314977538617
6.511999999999505,0.0039999999999995595,0.0,0.0886336754338007,0.6392982918859565,0.004965523290476225,0.1548803238840062,5.518164454148998
6.515999999999504,0.0039999999999995595,0.0,0.08754394709567394,0.639529366169436,0.005600490638188811,0.1753522809352851,5.552645044893651
6.519999999999504,0.0039999999999995595,0.0,0.08641242098816754,0.6397824765614885,0.0063143348097080155,0.19563645538583718,5.556695399357104
6.5239999999995035,0.0039999999999995595,0.0,0.08523143068517218,0.6400670696593567,0.007100282822148539,0.21509416179422558,5.548930648695041
6.527999999999503,0.0039999999999995595,0.0,0.08404092516711031,0.6403628295773491,0.00796261986548758,0.23427400720672648,6.0
6.531999999999503,0.0039999999999995595,0.0,0.08299406917602682,0.6405754488060909,0.008965846344951754,0.2716104828203241,6.0
6.535999999999502,0.0039999999999995595,0.0,0.08215660487565,0.6406664888978619,0.01018107086978576,0.31090604308400016,6.0
6.539999999999502,0.0039999999999995595,0.0,0.08143146186486991,0.6407222271491403,0.011483477898407275,0.32803316970300156,6.0
6.543999999999501,0.0039999999999995595,0.0,0.08070938642371281,0.6408283823043914,0.012798769426521058,0.32922658012682815,6.0
6.547999999999501,0.0039999999999995595,0.0,0.07994347071775637,0.6410206506824693,0.014080569486247422,0.32237245945850096,6.0
6.5519999999995004,0.0039999999999995595,0.0,0.07911937388471567,0.6413085654145614,0.015306561197461927,0.31368481903273654,6.0
6.5559999999995,0.0039999999999995595,0.0,0.07831843778268333,0.6416224833981292,0.0163075497620537,0.24356722415047763,6.0
6.5599999999995,0.0039999999999995595,0.0,0.07760357329487105,0.6418991423548533,0.016989224878109877,0.16218591910589397,6.0
6.563999999999499,0.0039999999999995595,0.0,0.07704785339197608,0.6420656867068152,0.017278130211582098,0.059085360285196384,6.0
6.567999999999499,0.0039999999999995595,0.0,0.07690112367769734,0.6419522273479706,0.017299712763135845,0.07305638339464324,6.0
6.571999999999498,0.0039999999999995595,0.0,0.07779806757189084,0.641144116350871,0.01732332393575791,0.24549607344331048,6.0
6.575999999999498,0.0039999999999995595,0.0,0.07943614620855145,0.6398504181235738,0.0173637496918683,0.31840627765057505,6.0
6.579999999999497,0.0039999999999995595,0.0,0.08102079362041187,0.6386198475266887,0.017455073808498915,0.3148602720947504,6.0
6.583999999999497,0.0039999999999995595,0.0,0.08275965179927565,0.6373169807521784,0.017620748718454014,0.3413705186505718,6.0
6.5879999999994965,0.0039999999999995595,0.0,0.08474912373408197,0.6358770353818458,0.017869027874674953,0.38043987888339575,6.0
6.591999999999496,0.0039999999999995595,0.0,0.08700630871664884,0.6342900220112345,0.018213968490753445,0.42181783183746124,6.0
6.595999999999496,0.0039999999999995595,0.0,0.08952554641535682,0.6325601188280098,0.018656610444496898,0.46208752542046744,6.0
6.599999999999495,0.0039999999999995595,0.0,0.09229016415742804,0.6306982596397338,0.019191010092079356,0.4994399586397997,6.0
6.603999999999495,0.0039999999999995595,0.0,0.09527904922405257,0.628718379769682,0.019810594904622624,0.5331931893999091,6.0
6.607999999999494,0.0039999999999995595,0.0,0.09826365886465047,0.6267565700101739,0.02044023140802634,0.4952140498471369,6.0
6.611999999999494,0.0039999999999995595,0.0,0.10059826164090539,0.6251939260631139,0.020881501690961157,0.38328740785256504,6.0
6.615999999999493,0.0039999999999995595,0.0,0.10223924727538294,0.6240579399179897,0.021138860217672664,0.2698128074553265,5.715250210324872
6.619999999999493,0.0039999999999995595,0.0,0.10323602684882044,0.6233207641696076,0.02124444867066178,0.16721638184607138,5.570903748379396
6.6239999999994925,0.0039999999999995595,0.0,0.10366833707086237,0.6229348747963103,0.02122082934849078,0.08241520638983328,5.111634275181794
6.627999999999492,0.0039999999999995595,0.0,0.10363495508410399,0.6228376094354157,0.021079774636863877,0.04345229605754846,4.626455382826988
6.631999999999492,0.0039999999999995595,0.0,0.10322927641588221,0.6229692954525174,0.020829985398160965,0.08065564405605137,4.185653487133725
6.635999999999491,0.0039999999999995595,0.0,0.10253341911315558,0.6232779234880241,0.020478598992599795,0.12621627849961384,4.317787088829944
6.639999999999491,0.0039999999999995595,0.0,0.10161836072235113,0.6237192823366573,0.020031948440147725,0.16495065683680127,4.446640434552346
6.64399999999949,0.0039999999999995595,0.0,0.10055948902917893,0.6242467083225091,0.019494868456098657,0.19453483964668905,4.571030177259102
6.64799999999949,0.0039999999999995595,0.0,0.09937088039012433,0.6248631892743977,0.01888531391347694,0.2261285095318619,6.0
6.651999999999489,0.0039999999999995595,0.0,0.09803898081863216,0.6256063980154237,0.018250822985400008,0.24336232092122556,6.0
6.655999999999489,0.0039999999999995595,0.0,0.09685617447838123,0.6262848580814834,0.017597698427587974,0.22928319569064826,6.0
6.6599999999994886,0.0039999999999995595,0.0,0.0960068039822983,0.6267761909788173,0.016904720637045373,0.20769601329449836,6.0
6.663999999999488,0.0039999999999995595,0.0,0.09558947642725336,0.6270106808260025,0.016133728829996374,0.20281064165455978,6.0
6.667999999999488,0.0039999999999995595,0.0,0.0955933675357634,0.6269980786064365,0.015277644466190551,0.22006566344635625,6.0
6.671999999999487,0.0039999999999995595,0.0,0.09598003714459634,0.6267680251730251,0.014334463401537273,0.2504998032184366,6.0
6.675999999999487,0.0039999999999995595,0.0,0.09669560836867637,0.6263606948003405,0.013303988932206762,0.28467469128685313,6.0
6.679999999999486,0.0039999999999995595,0.0,0.09770518228065384,0.6258037798827757,0.012188609899798196,0.31861285416169693,6.0
6.683999999999486,0.0039999999999995595,0.0,0.0989819808059301,0.6251193622521276,0.010991913122590475,0.3505783528516159,6.0
6.6879999999994855,0.0039999999999995595,0.0,0.1004229794559468,0.6243749588471491,0.00971852120833723,0.3674300918700658,6.0
6.691999999999485,0.0039999999999995595,0.0,0.1017873356956789,0.6237224180521345,0.008335085370326947,0.3905155607019602,3.4953889687470774
6.695999999999485,0.0039999999999995595,0.0,0.10313588482102616,0.623140296936886,0.006726071474090046,0.4370295051092005,3.472828210607428
6.699999999999484,0.0039999999999995595,0.0,0.10457073004752813,0.6225683085412931,0.004933612572648736,0.4756002389676479,3.5108451879240317
6.703999999999484,0.0039999999999995595,0.0,0.1061763264262236,0.6219509949627161,0.003017507846223553,0.5054533723063624,3.6739343991181634
6.707999999999483,0.0039999999999995595,0.0,0.10801056959739663,0.6212459300679531,0.0010230693861072958,0.5292316025630711,4.139996207531661
6.711999999999483,0.0039999999999995595,0.0,0.11001921912476183,0.6203766473490757,-0.0005835357855942209,0.4231394783027335,4.819415771885365
6.715999999999482,0.0039999999999995595,0.0,0.11195587392737834,0.6194353836795181,-0.0016123521854449524,0.31886877418168635,4.431820372605463
6.719999999999482,0.0039999999999995595,0.0,0.1136010736472695,0.6185571304168178,-0.002091708859123914,0.23332605031930537,3.7303227413035094
6.7239999999994815,0.0039999999999995595,0.0,0.11490711726820221,0.6177907382432233,-0.0021262306739192904,0.18988287944455975,3.5060621704436907
6.727999999999481,0.0039999999999995595,0.0,0.11596782472727463,0.6171018578228162,-0.001856562796157014,0.19768090980980613,6.0
6.731999999999481,0.0039999999999995595,0.0,0.11695667373290186,0.616399032680331,-0.0014329454370436328,0.20885352006618466,4.732782322848342
6.73599999999948,0.0039999999999995595,0.0,0.11766523248893404,0.6158417797429768,-0.0009023022886170867,0.19061546615041097,4.465952773432442
6.73999999999948,0.0039999999999995595,0.0,0.11804673249331128,0.6154750598988562,-0.0002986474755643425,0.17589392896573575,4.554425273932687
6.743999999999479,0.0039999999999995595,0.0,0.11813755945099205,0.6152831136503133,0.0003468072601162279,0.16757604615809693,4.611662943300611
6.747999999999479,0.0039999999999995595,0.0,0.11799897017008652,0.6152306867636885,0.0010064346734406872,0.16421251784215538,4.63334020547312
6.751999999999478,0.0039999999999995595,0.0,0.11766963777606479,0.6152949062957332,0.0016653593114156495,0.16391251530128187,4.639957905095678
6.755999999999478,0.0039999999999995595,0.0,0.11717601419854004,0.6154601540615294,0.0023128474757871426,0.16508154610069367,4.638753472828218
6.7599999999994775,0.0039999999999995595,0.0,0.11653434823321755,0.6157167792584523,0.0029421980413941434,0.1683289087354671,4.638753472828218
6.763999999999477,0.0039999999999995595,0.0,0.11575515087743914,0.6160583160760439,0.003549982361625515,0.171818611005808,4.6244078478344885
6.767999999999477,0.0039999999999995595,0.0,0.11487180746024367,0.6164636687131866,0.004129517635187047,0.17514269257479398,4.6244078478344885
6.771999999999476,0.0039999999999995595,0.0,0.11393488132530306,0.6169114907109355,0.004647507687791219,0.1601436738150131,4.690274478743688
6.775999999999476,0.0039999999999995595,0.0,0.1131310673576771,0.6173079589351254,0.005033331003939041,0.13138383158158917,4.680215038855911
6.779999999999475,0.0039999999999995595,0.0,0.11254443177806293,0.6175727505159373,0.005423156825525094,0.11587596397706922,4.738479381680883
6.783999999999475,0.0039999999999995595,0.0,0.1121588873487822,0.6177113526362127,0.0058593645918611275,0.11607265773565471,4.822804202596762
6.7879999999994745,0.0039999999999995595,0.0,0.11194597722256255,0.617743278848199,0.006351355282912329,0.12720990382983305,4.912110408926179
6.791999999999474,0.0039999999999995595,0.0,0.11189048627730191,0.6176800875223941,0.006904711554010159,0.1433653266203774,5.003283696316609
6.795999999999474,0.0039999999999995595,0.0,0.11199140413546235,0.6175249596293139,0.0075122018229937994,0.16074089088477395,5.080894926837344
6.799999999999473,0.0039999999999995595,0.0,0.11224527640511126,0.6172825519189745,0.008168425559205385,0.17850106476006378,5.150301920927474
6.803999999999473,0.0039999999999995595,0.0,0.112645665428971,0.6169595183837466,0.00886869550755342,0.19586646795877938,5.214287666813878
6.807999999999472,0.0039999999999995595,0.0,0.11316241837091584,0.6165777025075606,0.009566475266024334,0.1900896111906697,6.0
6.811999999999472,0.0039999999999995595,0.0,0.11376365356655516,0.6161543118075817,0.010111182878909766,0.16482348034245792,5.248680034014248
6.815999999999471,0.0039999999999995595,0.0,0.11455714146728202,0.6156110986832941,0.010431137203815817,0.14988118019122845,4.892260734631994
6.819999999999471,0.0039999999999995595,0.0,0.115443074718081,0.6150128028342485,0.010467933569035628,0.1471801682456046,5.614192641019226
6.8239999999994705,0.0039999999999995595,0.0,0.11632472274501458,0.614421977504059,0.010247030433500314,0.15984735359545849,5.756906141430763
6.82799999999947,0.0039999999999995595,0.0,0.11715465789654524,0.6138696183893437,0.009812240705313027,0.18001920983800004,5.646952755044075
6.83199999999947,0.0039999999999995595,0.0,0.11791291410597358,0.6133695848829844,0.009209763702202795,0.20021972532370896,5.450006354269444
6.835999999999469,0.0039999999999995595,0.0,0.11859499831639332,0.6129259836621181,0.008481033871000652,0.21711625212263133,5.238854267434516
6.839999999999469,0.0039999999999995595,0.0,0.11920409371107257,0.6125378649450374,0.007660401623212382,0.22987458247300813,5.045561593057376
6.843999999999468,0.0039999999999995595,0.0,0.11974668770835219,0.6122018681961492,0.00677523988093611,0.23872720195967242,4.881838702227168
6.847999999999468,0.0039999999999995595,0.0,0.12019770970836643,0.6119328945123014,0.00588017025899301,0.22554485897971993,6.0
6.851999999999467,0.0039999999999995595,0.0,0.12046496633191416,0.6117833226135532,0.005086807692288916,0.19441890198576645,6.0
6.855999999999467,0.0039999999999995595,0.0,0.12055947900362445,0.6117457035362658,0.004368966258520638,0.1788381211746081,6.0
6.8599999999994665,0.0039999999999995595,0.0,0.12052769868332831,0.6117969743699961,0.003644377244153975,0.18491354452299535,6.0
6.863999999999466,0.0039999999999995595,0.0,0.12041132014185327,0.6119152615691938,0.002881806682609324,0.19350229772518468,6.0
6.867999999999466,0.0039999999999995595,0.0,0.12022670870042576,0.6120867799295526,0.002116692550773491,0.19698410836928779,6.0
6.871999999999465,0.0039999999999995595,0.0,0.11998812549062518,0.6123023147767878,0.0013512432274770875,0.19830517588653254,6.0
6.875999999999465,0.0039999999999995595,0.0,0.11974014031381457,0.6125278974960666,0.0006158827242355151,0.1900024843640827,6.0
6.879999999999464,0.0039999999999995595,0.0,0.11948276419106761,0.6127622573804448,-8.029660374754213e-05,0.18116435609041667,6.0
6.883999999999464,0.0039999999999995595,0.0,0.11922145192437057,0.6130009120566025,-0.0007360670783243909,0.17221297754746448,6.0
6.887999999999463,0.0039999999999995595,0.0,0.11894602672417086,0.6132479577530081,-0.0013181111305832348,0.14797028368438453,6.0
6.891999999999463,0.0039999999999995595,0.0,0.11865258755155447,0.6134967140691436,-0.0017198676444732774,0.10679639652394662,4.635534705235617
6.895999999999463,0.0039999999999995595,0.0,0.11841765625183134,0.6136983699855652,-0.001965024919087646,0.07028009845028826,4.5002117170943166
6.899999999999462,0.0039999999999995595,0.0,0.11826943612829353,0.6138406803942215,-0.002108748891695354,0.04349100498630254,4.407279413036037
6.903999999999462,0.0039999999999995595,0.0,0.11820378461044156,0.6139310467921093,-0.0021847783847338867,0.02376090123923213,4.345322304008648
6.907999999999461,0.0039999999999995595,0.0,0.11821466449925039,0.6139761533007578,-0.0022129005825181867,0.008048155362456889,4.301124680719907
6.911999999999461,0.0039999999999995595,0.0,0.1182989404491655,0.613979584737302,-0.0022045278822660276,0.005268788683407916,4.265959983877512
6.91599999999946,0.0039999999999995595,0.0,0.1184518554545934,0.613945591146601,-0.002167406308446146,0.01658367792559823,4.236073922554095
6.91999999999946,0.0039999999999995595,0.0,0.11866836577242054,0.6138785047572632,-0.002107922619959781,0.02610874123632613,4.210034692447282
6.9239999999994595,0.0039999999999995595,0.0,0.11894373662374481,0.6137822828817209,-0.0020311926467988413,0.03416329026601331,4.187064728181068
6.927999999999459,0.0039999999999995595,0.0,0.11928240624549978,0.6136509511690604,-0.0019412467754536535,0.044560063203593146,2.1878080136252356
6.931999999999459,0.0039999999999995595,0.0,0.11967221112414915,0.6134831862431005,-0.001841370563992684,0.04891731166387175,2.72506270321058
6.935999999999458,0.0039999999999995595,0.0,0.1200553740014375,0.6133226881752412,-0.001743650557212486,0.046538539746761635,2.8199999808478555
6.939999999999458,0.0039999999999995595,0.0,0.1204290050429429,0.6131658154422539,-0.0016186705876868172,0.05151678336176125,2.936125169777508
6.943999999999457,0.0039999999999995595,0.0,0.12078855964188231,0.6130149222251168,-0.0014616694204749796,0.055673984758120694,3.0600268278841862
6.947999999999457,0.0039999999999995595,0.0,0.12113039416096613,0.6128735187996284,-0.0012769019467529094,0.05921421131021632,3.0739116490169236
6.951999999999456,0.0039999999999995595,0.0,0.1214563355917554,0.6127417659664627,-0.001071205670890161,0.061890029439112274,3.0604177672850366
6.955999999999456,0.0039999999999995595,0.0,0.12177009300523862,0.6126181146432446,-0.0008492539475261024,0.06425873634797613,3.0479781330121196
6.9599999999994555,0.0039999999999995595,0.0,0.12207501481801149,0.6125012681371703,-0.0006155321045236882,0.06588105925480389,3.034238538304014
6.963999999999455,0.0039999999999995595,0.0,0.12237425992072619,0.6123899206959253,-0.00037377731557226975,0.06696069177967788,3.014151678254732
6.967999999999455,0.0039999999999995595,0.0,0.12267388950096507,0.6122830594125084,-0.00014988109818562183,0.05703684545650221,3.7632640060282374
6.971999999999454,0.0039999999999995595,0.0,0.12298318674235571,0.6121803966471074,-4.35845372378786e-06,0.041175536201083295,3.5696533684525544
6.975999999999454,0.0039999999999995595,0.0,0.12327092748162002,0.6120974741300105,9.595859619010491e-05,0.03031083105810176,3.458365355422306
6.979999999999453,0.0039999999999995595,0.0,0.1235389295657851,0.6120304449098795,0.00016813526223295085,0.023138825329017766,3.391725512785422
6.983999999999453,0.0039999999999995595,0.0,0.12379025259579819,0.6119755441784502,0.00022245086277657735,0.0181915577389656,3.369212490661349
6.987999999999452,0.0039999999999995595,0.0,0.12402630887748675,0.6119309519267143,0.00026458207078738287,0.014455233061318403,3.3546430393049285
6.991999999999452,0.0039999999999995595,0.0,0.1242487763010604,0.6118950714425268,0.00029780030810090777,0.011509635674673753,3.343422399278334
6.9959999999994515,0.0039999999999995595,0.0,0.12445937169690226,0.6118664854175041,0.0003240992922061006,0.009116948085680131,3.3343172120199975
6.999999999999451,0.0039999999999995595,0.0,0.12465973414285358,0.6118439645833047,0.00034455525250282786,0.007107394773712293,3.32663646677959
7.003999999999451,0.0039999999999995595,0.0,0.12485125400714546,0.6118264750793814,0.0003600725900978529,0.005433906986117419,3.3199563679925643
7.00799999999945,0.0039999999999995595,0.0,0.12504085979249988,0.6118099252313304,0.00036781547444946004,0.00470194763737804,3.6008609194420345
7.01199999999945,0.0039999999999995595,0.0,0.1252469936500519,0.611783391247896,0.0003598793139564725,0.007658443334956297,3.456561672481998
7.015999999999449,0.0039999999999995595,0.0,0.12546894208583825,0.6117458778125008,0.0003455638788134533,0.010447236183929492,3.451039463708745
7.019999999999449,0.0039999999999995595,0.0,0.12570066071125366,0.6117010053879722,0.00032868645192530937,0.012223351811087012,3.4517705511911787
7.0239999999994485,0.0039999999999995595,0.0,0.12593855206824583,0.6116510360830436,0.0003109060285613614,0.013405809695568687,3.453651297539633
7.027999999999448,0.0039999999999995595,0.0,0.12618028693434064,0.6115975023066414,0.00029287275306446486,0.014217879736801756,3.455832342717406
7.031999999999448,0.0039999999999995595,0.0,0.12642423545784712,0.6115415251186936,0.0002747303027227052,0.014777128508261824,3.457731700091447
7.035999999999447,0.0039999999999995595,0.0,0.1266692000754937,0.6114839325696564,0.00025658381869884234,0.015144213312355171,3.4591488596315956
7.039999999999447,0.0039999999999995595,0.0,0.12691425967810163,0.6114253538350942,0.0002385857067514048,0.015358406324423288,3.460035753495529
7.043999999999446,0.0039999999999995595,0.0,0.1271586815415673,0.6113662757482721,0.00022096696267541723,0.015444876014789319,3.460390020907784
7.047999999999446,0.0039999999999995595,0.0,0.12740202889063876,0.6113070020458786,0.00020388959212880653,0.015476211475922111,3.460390020907784
7.051999999999445,0.0039999999999995595,0.0,0.1276347692277176,0.6112530038304175,0.00019115709286113055,0.012495041160225312,3.5451545760748164
7.055999999999445,0.0039999999999995595,0.0,0.12783492995663132,0.6112165708135305,0.00019136054907722952,0.008547593518588168,3.509022890929096
7.0599999999994445,0.0039999999999995595,0.0,0.1280115712946507,0.6111923806812029,0.00019963032516303873,0.006252969295632811,3.488504406908536
7.063999999999444,0.0039999999999995595,0.0,0.12817134706712416,0.6111765391117319,0.00021283724471149007,0.005206092321597184,3.4772113859874287
7.067999999999444,0.0039999999999995595,0.0,0.12831734076556922,0.6111672115719375,0.0002299997415309974,0.005027172943387305,3.4703485048981673
7.071999999999443,0.0039999999999995595,0.0,0.1284514900900904,0.6111632127034402,0.000250839006576713,0.005476934582545978,3.465667600557134
7.075999999999443,0.0039999999999995595,0.0,0.12857526970503957,0.6111636216347335,0.00027531301151779666,0.006286845455306685,3.462089834471133
7.079999999999442,0.0039999999999995595,0.0,0.12868989591418428,0.6111676688433477,0.0003034746539427575,0.0072650928333449745,3.459089187521205
7.083999999999442,0.0039999999999995595,0.0,0.12879638825416856,0.61117471061476,0.00033538089504629243,0.008304788125365795,3.4563968925158663
7.087999999999441,0.0039999999999995595,0.0,0.12889614168273747,0.6111829535337368,0.00037622707572494343,0.011745524765752842,3.3201794407545373
7.091999999999441,0.0039999999999995595,0.0,0.12899096340166954,0.6111889570108848,0.00043918466896092877,0.016488698278023697,3.132732095226796
7.0959999999994405,0.0039999999999995595,0.0,0.12908055037500302,0.6111949070393099,0.0005142070564629815,0.019165915129365458,3.119882076212589
7.09999999999944,0.0039999999999995595,0.0,0.12916798052426895,0.6111995186542566,0.0005968203763040618,0.020893019264504126,3.120562950306029
7.10399999999944,0.0039999999999995595,0.0,0.12925448479002125,0.6112023512433019,0.0006848137059483752,0.022151409728939357,3.120735712717862
7.107999999999439,0.0039999999999995595,0.0,0.12934040455741494,0.6112033862205382,0.0007769931978505768,0.023155281485763297,3.119145967314279
7.111999999999439,0.0039999999999995595,0.0,0.12942573439031105,0.6112027557483586,0.0008726415771532811,0.024002944142739718,3.1163536805448486
7.115999999999438,0.0039999999999995595,0.0,0.1295103540160444,0.6112006304187986,0.0009712719120361514,0.024740993124440957,3.112973441197567
7.119999999999438,0.0039999999999995595,0.0,0.12959416570155394,0.611197148259332,0.0010725144583064834,0.02539279077329482,3.109326946614614
7.1239999999994374,0.0039999999999995595,0.0,0.1296770588540912,0.6111924483288779,0.0011760566199232585,0.025969329510660537,3.105703620067045
7.127999999999437,0.0039999999999995595,0.0,0.12975813270661118,0.6111838471148653,0.0012971921691286841,0.034349057567536555,3.1440513807256445
7.131999999999437,0.0039999999999995595,0.0,0.12983170923405932,0.6111666333727893,0.0014754106220410234,0.04663415514497481,2.837714906088522
7.135999999999436,0.0039999999999995595,0.0,0.1298910112079332,0.6111513227221884,0.0016821220997484242,0.052775645823525834,2.8729421770639134
7.139999999999436,0.0039999999999995595,0.0,0.12994327301313274,0.6111356480336132,0.001904155887832501,0.05614148955328422,2.8914560270157152
7.143999999999435,0.0039999999999995595,0.0,0.12999128476519925,0.6111188635940245,0.0021359740729511695,0.05867057118066271,2.8914560270157152
7.147999999999435,0.0039999999999995595,0.0,0.1300353873438273,0.6111008859363255,0.0023771415132879444,0.06075164709951097,2.9040243968742656
7.151999999999434,0.0039999999999995595,0.0,0.13007725326614702,0.6110815408027233,0.0026229863084437284,0.061644761597767786,2.9177288074084458
7.155999999999434,0.0039999999999995595,0.0,0.1301183658566647,0.6110607422890003,0.0028689373881377357,0.06150763280353298,2.927963506455131
7.1599999999994335,0.0039999999999995595,0.0,0.1301592997029641,0.6110386607412671,0.0031121853231740808,0.060781605254309215,2.93353653195402
7.163999999999433,0.0039999999999995595,0.0,0.13020001701018022,0.61101552596364,0.003351728608454043,0.05990694915576306,2.93353653195402
7.167999999999433,0.0039999999999995595,0.0,0.13024255990824593,0.610989753961166,0.0035866152237775586,0.05859807705632665,2.8773210847235777
7.171999999999432,0.0039999999999995595,0.0,0.13028952268168897,0.6109590568584115,0.0038137874323987994,0.05675698085048152,2.974835438288282
7.175999999999432,0.0039999999999995595,0.0,0.1303309741778107,0.6109304978442532,0.004032767551273055,0.05466521604771409,2.9904470893196846
7.179999999999431,0.0039999999999995595,0.0,0.13036565785047494,0.6109049301073665,0.0042438381808852736,0.05263862527141474,2.993036816754326
7.183999999999431,0.0039999999999995595,0.0,0.13039362499153148,0.6108822692213537,0.0044474062573320264,0.05072186232330965,2.993052771151939
7.18799999999943,0.0039999999999995595,0.0,0.13041513125755413,0.6108622932220023,0.004643850619374667,0.04890332701221727,2.992443317173846
7.19199999999943,0.0039999999999995595,0.0,0.13043046956140303,0.6108447735497653,0.004833444116380088,0.04715813453513907,2.9918316468519652
7.1959999999994295,0.0039999999999995595,0.0,0.13043989513765966,0.6108295157951731,0.005016411671939966,0.04547642711137514,2.991259370890133
7.199999999999429,0.0039999999999995595,0.0,0.13044363210143858,0.6108163539975343,0.005192924369591367,0.04383723654493756,2.9906713482200593
7.203999999999429,0.0039999999999995595,0.0,0.1304418887770502,0.6108051409218064,0.0053630998818466665,0.04223231170187203,2.990171424260742
7.207999999999428,0.0039999999999995595,0.0,0.1304376014310279,0.6107949639258501,0.005521417378589742,0.03787777421149077,3.040289428445298
7.211999999999428,0.0039999999999995595,0.0,0.13043648905359922,0.6107845411801569,0.005654409765060849,0.032370991911282704,3.0000347721552147
7.215999999999427,0.0039999999999995595,0.0,0.13043685173854813,0.6107732183457474,0.005772841405821341,0.02909246763419166,2.9892718149407647
7.219999999999427,0.0039999999999995595,0.0,0.13043654802653026,0.610761665351758,0.005881253774055722,0.02673268135940382,2.985741627408993
7.223999999999426,0.0039999999999995595,0.0,0.1304345212515254,0.6107502717837576,0.005981493976561564,0.02476343775092817,2.9845726829683956
7.227999999999426,0.0039999999999995595,0.0,0.13043015589618587,0.6107392786987511,0.006074551295138024,0.02300838739238778,2.9843795811670533
7.2319999999994256,0.0039999999999995595,0.0,0.1304230303491583,0.6107288583423407,0.006161083193397538,0.021404031557232674,2.984618288269765
7.235999999999425,0.0039999999999995595,0.0,0.13041282546553482,0.610719137055987,0.00624164155284191,0.01993144900700869,2.985146302416627
7.239999999999425,0.0039999999999995595,0.0,0.13039929469131512,0.6107102075343526,0.006316702215243284,0.01856710894509875,2.985989203855309
7.243999999999424,0.0039999999999995595,0.0,0.13038225985334415,0.6107021427209305,0.006386584316117772,0.01727039885310772,2.987020827433681
7.247999999999424,0.0039999999999995595,0.0,0.1303616363535816,0.6106949700208347,0.0064514827720871405,0.016022340832497543,2.987020827433681
7.251999999999423,0.0039999999999995595,0.0,0.1303371296781904,0.6106895477714155,0.0065084319891771155,0.013204889641347224,3.094456132871687
7.255999999999423,0.0039999999999995595,0.0,0.1303086878457066,0.6106876703436659,0.006549904610131503,0.00953354236465568,3.0961969932096425
7.2599999999994225,0.0039999999999995595,0.0,0.13027727657990992,0.6106880878791228,0.0065796125127707975,0.0068913313230764255,3.0069841535272275
7.263999999999422,0.0039999999999995595,0.0,0.13024219051780725,0.610690618489033,0.006601364145809131,0.005112791987925536,2.988405392950115
7.267999999999422,0.0039999999999995595,0.0,0.1302035338976332,0.6106948630984536,0.006617148711986656,0.0038743662425505454,2.9775739817160543
7.271999999999421,0.0039999999999995595,0.0,0.13016117176045786,0.6107006586878998,0.006628438940951532,0.00309584439323222,2.9716038021163684
7.275999999999421,0.0039999999999995595,0.0,0.13011510394212536,0.6107078504582538,0.006636220201239744,0.002691344049235936,2.9684558022391894
7.27999999999942,0.0039999999999995595,0.0,0.13006539283383717,0.6107163049000185,0.006641149585834235,0.0025827168726944914,2.966947022743224
7.28399999999942,0.0039999999999995595,0.0,0.13001212225102585,0.6107259124166449,0.006643677445141193,0.002679789762024782,2.966392170267041
7.287999999999419,0.0039999999999995595,0.0,0.12995936887002166,0.610734560750592,0.006641387522982169,0.0023713032373844796,3.1116345783899986
7.291999999999419,0.0039999999999995595,0.0,0.12991841579337657,0.6107363418021873,0.006627853528147067,0.003662984422952734,3.0577613736418203
7.2959999999994185,0.0039999999999995595,0.0,0.12988636222393218,0.6107320503867244,0.006609797577200528,0.004736181285501465,3.0578838248307467
7.299999999999418,0.0039999999999995595,0.0,0.1298599675194457,0.6107235109840525,0.0065893102441668405,0.005557613747675573,3.0610164905715216
7.303999999999418,0.0039999999999995595,0.0,0.12983734123938698,0.6107118570932922,0.0065670773420700565,0.006238367671943759,3.0646839721372015
7.307999999999417,0.0039999999999995595,0.0,0.12981719695628138,0.6106978970060248,0.006543271613273145,0.00683519042434746,3.0685102813899667
7.311999999999417,0.0039999999999995595,0.0,0.12979853271581313,0.6106822772106775,0.006517893805363433,0.007368251740075913,3.072216125295677
7.315999999999416,0.0039999999999995595,0.0,0.12978051026227047,0.6106655430621881,0.006490905933794922,0.007845095126189914,3.075627174062222
7.319999999999416,0.0039999999999995595,0.0,0.12976226843609298,0.6106482647702801,0.006462232527942214,0.008266096454563112,3.0785861308970994
7.323999999999415,0.0039999999999995595,0.0,0.12974281939651613,0.6106310953814509,0.006431810150872752,0.008622991146549954,3.0806005702662267
7.327999999999415,0.0039999999999995595,0.0,0.12972095589032348,0.6106163690520754,0.006391168608300319,0.012648200346735654,3.2650544625089424
7.3319999999994145,0.0039999999999995595,0.0,0.1296971923708015,0.6106076851848761,0.0063187804606705455,0.01924054723922503,3.0854907483134895
7.335999999999414,0.0039999999999995595,0.0,0.12967667202798955,0.6105989789821612,0.00623015774075219,0.022775689930704758,3.0627462177611866
7.339999999999414,0.0039999999999995595,0.0,0.12965636885321122,0.6105911592266722,0.00613247990919941,0.02477658463865199,3.0515289664564116
7.343999999999413,0.0039999999999995595,0.0,0.12963486766332089,0.6105846049227466,0.00602934067367131,0.025985688609506986,3.0444591925241182
7.347999999999413,0.0039999999999995595,0.0,0.12961148638556294,0.6105794365855733,0.005922840819632941,0.026725075334382342,3.039807600150318
7.351999999999412,0.0039999999999995595,0.0,0.12958584128651088,0.6105756926564964,0.005814335308780618,0.02715658449303975,3.0365338522334686
7.355999999999412,0.0039999999999995595,0.0,0.129557684317221,0.6105733828040375,0.005704787359594132,0.02736610495924215,3.034007830959693
7.3599999999994115,0.0039999999999995595,0.0,0.12952684044239524,0.6105725022368856,0.005594941061966698,0.027402518683520265,3.031871240533158
7.363999999999411,0.0039999999999995595,0.0,0.12949318146339628,0.6105730354751909,0.0054854061385093645,0.027296556100807064,3.0299317785064925
7.367999999999411,0.0039999999999995595,0.0,0.12945424580327422,0.6105765524326163,0.005379058313285221,0.025935934480112405,2.951800753972179
7.37199999999941,0.0039999999999995595,0.0,0.12940536843502734,0.6105863039305415,0.005282136923235486,0.02387013511080198,2.922794820264907
7.37599999999941,0.0039999999999995595,0.0,0.12935487365567663,0.6105969020546251,0.005192334787315762,0.02226431465782274,2.9050810015361974
7.379999999999409,0.0039999999999995595,0.0,0.12930492579476943,0.6106071525576421,0.005107837723833185,0.02095167980777061,2.9050810015361974
7.383999999999409,0.0039999999999995595,0.0,0.12925587015291445,0.6106169206429254,0.0050279767363697984,0.019909187687141717,2.88997472855179
7.387999999999408,0.0039999999999995595,0.0,0.1292087781938347,0.6106257300930905,0.004951158311073004,0.01913211211604548,2.8912140721829704
7.391999999999408,0.0039999999999995595,0.0,0.1291631922929847,0.6106338959971368,0.004877319750683085,0.018381773659164893,2.8912628438773953
7.3959999999994075,0.0039999999999995595,0.0,0.12911893186819315,0.6106415486274709,0.004806358440730012,0.017660648458498494,2.891078012792759
7.399999999999407,0.0039999999999995595,0.0,0.129075877868113,0.6106487764562438,0.004738170840970407,0.01696649865830174,2.890823032241704
7.403999999999407,0.0039999999999995595,0.0,0.1290339330544576,0.610655650544962,0.004672670372945169,0.01629428321129478,2.890489856912598
7.407999999999406,0.0039999999999995595,0.0,0.12899180785613487,0.6106628595385615,0.004611844962614009,0.014657351062121501,2.9225464502013905
7.411999999999406,0.0039999999999995595,0.0,0.12894693708186472,0.6106718340760131,0.004560534127927995,0.012654811031685167,2.9109789282426592
7.415999999999405,0.0039999999999995595,0.0,0.12890068469376326,0.6106823467532152,0.004514916691530089,0.011453586972564048,2.9076198478840536
7.419999999999405,0.0039999999999995595,0.0,0.1288540803139568,0.6106939696780733,0.00447337908278594,0.010590596874768252,2.9067512589952362
7.423999999999404,0.0039999999999995595,0.0,0.1288079177756912,0.6107063005922415,0.0044350792321026485,0.009897358448220232,2.9066934731903946
7.427999999999404,0.0039999999999995595,0.0,0.12876280559013453,0.6107190103947393,0.004399505029142648,0.009301317092085077,2.906901999130256
7.4319999999994035,0.0039999999999995595,0.0,0.1287192047489866,0.6107318448860174,0.004366307796769479,0.008767163469273049,2.9071671798126784
7.435999999999403,0.0039999999999995595,0.0,0.12867746388407295,0.6107446086957944,0.00433524389911559,0.008272873183718091,2.9074207725338423
7.439999999999403,0.0039999999999995595,0.0,0.12863784652521085,0.6107571521150066,0.004306137343315333,0.007805571885957796,2.9076443123002433
7.443999999999402,0.0039999999999995595,0.0,0.1286005520069063,0.6107693604904226,0.004278856316512355,0.00735751794950934,2.907834555467578
7.447999999999402,0.0039999999999995595,0.0,0.12856693419705573,0.6107802214296586,0.004254298281749609,0.0062816183846394385,2.8676818425818804
7.451999999999401,0.0039999999999995595,0.0,0.12853986370613957,0.6107875781344833,0.004234719166749327,0.00492134578605288,2.8609840438140535
7.455999999999401,0.0039999999999995595,0.0,0.12851814385771457,0.6107924450327104,0.004218818960856199,0.0039393081226086766,2.858020925474005
7.4599999999994,0.0039999999999995595,0.0,0.12850081598410185,0.6107956039755278,0.0042055972214483164,0.003243249408738208,2.8565965655272283
7.4639999999994,0.0039999999999995595,0.0,0.1284872665445898,0.6107975624230809,0.004194330978592918,0.002752564045060669,2.85571261335463
7.4679999999994,0.0039999999999995595,0.0,0.12847718054320673,0.6107986266780884,0.00418443356938501,0.0024133135977251812,2.8552220268296016
7.471999999999399,0.0039999999999995595,0.0,0.1284704244601314,0.610798931059392,0.00417554643746757,0.0021686983590476915,2.854731611669461
7.475999999999399,0.0039999999999995595,0.0,0.1284669395832008,0.6107985303796266,0.004167448042078004,0.0019893666442942844,2.85413729041815
7.479999999999398,0.0039999999999995595,0.0,0.1284666956525492,0.6107974455287855,0.004159992544774642,0.0018610691159604944,2.8534445759348888
7.483999999999398,0.0039999999999995595,0.0,0.1284696721136516,0.6107956830177909,0.0041530783159030365,0.0017765682370984245,2.8526844048328743
7.487999999999397,0.0039999999999995595,0.0,0.12847565498802335,0.6107932642391092,0.004146720024465945,0.0016866423347214835,2.791896514968116
7.491999999999397,0.0039999999999995595,0.0,0.128484038308448,0.6107902665867962,0.004141066345122256,0.0016091672577867241,2.7892926961331255
7.4959999999993965,0.0039999999999995595,0.0,0.12849472053157404,0.6107867686471512,0.004135939850204522,0.0015764319973373584,2.7875204148023576
7.499999999999396,0.0039999999999995595,0.0,0.12850765248490734,0.6107827960643586,0.004131261464601047,0.0015715101833229982,2.786109574757197
7.503999999999396,0.0039999999999995595,0.0,0.12852280987451883,0.6107783495578533,0.004126997557654505,0.0015882437674008948,2.784851139853595
7.507999999999395,0.0039999999999995595,0.0,0.12854017876647433,0.610773419933165,0.0041231318094576575,0.0016245513394510026,2.783661913111544
7.511999999999395,0.0039999999999995595,0.0,0.12855974820680047,0.6107679957726317,0.0041196512421625845,0.0016792023393658723,2.782515809932144
7.515999999999394,0.0039999999999995595,0.0,0.12858150672549756,0.6107620670655973,0.00411654012976522,0.001750535116364376,2.781410035315408
7.519999999999394,0.0039999999999995595,0.0,0.12860544091121662,0.6107556266410318,0.004113778106249117,0.0018362417917544519,2.780349242493716
7.523999999999393,0.0039999999999995595,0.0,0.12863153505043706,0.6107486704601369,0.0041113403552058055,0.0019336282077656792,2.779338714701942
7.527999999999393,0.0039999999999995595,0.0,0.12865978141223594,0.6107411924353141,0.004109199352765395,0.0020423587620288382,2.779338714701942
7.5319999999993925,0.0039999999999995595,0.0,0.12868913592620101,0.6107336318196124,0.004108172793413811,0.0018963943655548221,2.7097708728045493
7.535999999999392,0.0039999999999995595,0.0,0.12871679339946512,0.6107272079155895,0.0041101794795403886,0.0017629426743164998,2.7016886118462704
7.539999999999392,0.0039999999999995595,0.0,0.12874406505758004,0.6107213923106065,0.004113358819996178,0.0017421137664661436,2.698866802006669
7.543999999999391,0.0039999999999995595,0.0,0.12877161015810812,0.6107158860348839,0.004116970182402259,0.0017303892904746068,2.6977913402034686
7.547999999999391,0.0039999999999995595,0.0,0.12879973274533135,0.6107105355907141,0.004120772138174182,0.0017247766673038189,2.6977913402034686
7.55199999999939,0.0039999999999995595,0.0,0.1288285984433636,0.6107052415405965,0.004124725855788459,0.0017461169791567986,2.6962956722188234
7.55599999999939,0.0039999999999995595,0.0,0.12885880585477325,0.6106996405033055,0.00412863758781098,0.0018133458712624201,2.6959598083002994
7.559999999999389,0.0039999999999995595,0.0,0.1288905513034212,0.6106935986341016,0.0041325281370980065,0.0019116056362644442,2.695464810994317
7.563999999999389,0.0039999999999995595,0.0,0.12892397592947227,0.6106870230988295,0.004136403179760715,0.0020286197294669033,2.695464810994317
7.5679999999993885,0.0039999999999995595,0.0,0.12895910762759608,0.6106798988680069,0.004140283577685326,0.0021528753846011594,2.695464810994317
7.571999999999388,0.0039999999999995595,0.0,0.1289961761862157,0.6106716619340056,0.004145357162765256,0.0028023537801253,2.6478419152720307
7.575999999999388,0.0039999999999995595,0.0,0.1290347401989083,0.6106615606107141,0.004154316928941299,0.0034467538046017,2.7048303147462662
7.579999999999387,0.0039999999999995595,0.0,0.1290716486449739,0.6106523396064806,0.004164411500577263,0.0034470706550909233,2.7119802969257596
7.583999999999387,0.0039999999999995595,0.0,0.1291071021294839,0.6106440056229027,0.004174986556279608,0.003393775575865073,2.7119802969257596
7.587999999999386,0.0039999999999995595,0.0,0.12914115550660532,0.6106365269191903,0.0041860388559792,0.0033623833418378432,2.7119802969257596
7.591999999999386,0.0039999999999995595,0.0,0.1291741016752226,0.6106297761317752,0.004197267195722055,0.003251042966025083,2.7189802289366103
7.5959999999993855,0.0039999999999995595,0.0,0.12920679569768992,0.6106233593809566,0.004207866183601581,0.00309191036797824,2.7165661512567176
7.599999999999385,0.0039999999999995595,0.0,0.12923952936239896,0.6106170534458862,0.0042180155177321725,0.0029901287372786486,2.716259042816579
7.603999999999385,0.0039999999999995595,0.0,0.12927244447845376,0.61061075827908,0.0042277913519398165,0.0029152891066788226,2.716259042816579
7.607999999999384,0.0039999999999995595,0.0,0.129305373400661,0.610604505732187,0.004236516840876323,0.002537734279348336,2.798207153287959
7.611999999999384,0.0039999999999995595,0.0,0.12933758904093756,0.6105984759292193,0.0042424662494703926,0.002047585160298283,2.7906276935764853
7.615999999999383,0.0039999999999995595,0.0,0.12936891032530135,0.6105926100199357,0.004246717686772309,0.00176727083968942,2.7892191897732284
7.619999999999383,0.0039999999999995595,0.0,0.12939923359117272,0.6105869131841987,0.004249760703559448,0.0015807649639611836,2.789386104630055
7.623999999999382,0.0039999999999995595,0.0,0.12942851659473706,0.6105813889275745,0.004251852178950912,0.001447337958468737,2.789952434056548
7.627999999999382,0.0039999999999995595,0.0,0.12945675257061307,0.6105760326106558,0.004253140864326765,0.0013505336504972098,2.7906219574360773
7.6319999999993815,0.0039999999999995595,0.0,0.12948396210561286,0.6105708290760239,0.004253720183441312,0.0012858722890586437,2.7913204779619587
7.635999999999381,0.0039999999999995595,0.0,0.12951020301234004,0.6105657441401513,0.004253655245357515,0.0012517849547783709,2.7920444305288217
7.639999999999381,0.0039999999999995595,0.0,0.12953553081020716,0.6105607474029423,0.004252992790826841,0.0012429939357702653,2.7927917380264087
7.64399999999938,0.0039999999999995595,0.0,0.12955997688998286,0.6105558246127827,0.004251766707669606,0.0012528754701721478,2.7935493112651226
7.64799999999938,0.0039999999999995595,0.0,0.1295835579752024,0.6105509677997747,0.004250018714544288,0.0012754654419664048,2.7935493112651226
7.651999999999379,0.0039999999999995595,0.0,0.12960608041553778,0.6105463178727828,0.004247543720578491,0.0013077659175372595,2.893975362747465
7.655999999999379,0.0039999999999995595,0.0,0.12962718645818597,0.6105421376311752,0.004243710838444015,0.0014356226244742448,2.8952747252958493
7.659999999999378,0.0039999999999995595,0.0,0.12964708528380478,0.6105382405146883,0.004238817906831142,0.0015694139327028355,2.881603182483428
7.663999999999378,0.0039999999999995595,0.0,0.12966549095630897,0.6105347617806337,0.004233145095522556,0.0016666231205873115,2.8677064998795183
7.6679999999993775,0.0039999999999995595,0.0,0.12968241100144073,0.6105316812965809,0.004226829892952789,0.0017661055718619925,2.8677064998795183
7.671999999999377,0.0039999999999995595,0.0,0.1296979439477426,0.6105289430657702,0.004219889917776116,0.0018784200838508538,2.8677064998795183
7.675999999999377,0.0039999999999995595,0.0,0.12971214754677107,0.6105265158238214,0.004212356758958387,0.0019918749157367996,2.8650707931161237
7.679999999999376,0.0039999999999995595,0.0,0.12972504973442597,0.610524383964689,0.004204290431436796,0.002097688222963224,2.8617456938191865
7.683999999999376,0.0039999999999995595,0.0,0.12973668091848523,0.6105225338291078,0.004195737397392954,0.0022017785968916487,2.8615395870744
7.687999999999375,0.0039999999999995595,0.0,0.12974706823805665,0.6105209601928222,0.004186692181678163,0.0023113985502838837,2.8615395870744
7.691999999999375,0.0039999999999995595,0.0,0.12975622423956013,0.6105196639347477,0.004177162428462897,0.002421068794350907,2.8615395870744
7.6959999999993745,0.0039999999999995595,0.0,0.12976645772605902,0.610517494272798,0.004165001427551224,0.0036712126898114468,2.967319521876411
7.699999999999374,0.0039999999999995595,0.0,0.1297842618918042,0.6105113040633934,0.004143599058010728,0.00612045123092761,2.96728417339768
7.703999999999374,0.0039999999999995595,0.0,0.12980692726980664,0.6105025033092748,0.004115546826862986,0.007141762290010797,2.9566728443166994
7.707999999999373,0.0039999999999995595,0.0,0.12982793178305102,0.6104941051366563,0.0040890833637954715,0.006847221951373831,2.952859041666949
7.711999999999373,0.0039999999999995595,0.0,0.129848701991057,0.6104853135545805,0.004063033688586188,0.006805355397508854,2.953373821865519
7.715999999999372,0.0039999999999995595,0.0,0.12986909856764378,0.6104762565071916,0.00403709481963977,0.00680071500911334,2.9542900275777826
7.719999999999372,0.0039999999999995595,0.0,0.12988870987034273,0.6104672040173212,0.004011242387906224,0.0067748988589521044,2.954791681281128
7.723999999999371,0.0039999999999995595,0.0,0.1299072172085383,0.6104583516839621,0.003985545593745342,0.00671602742981833,2.9550114991995224
7.727999999999371,0.0039999999999995595,0.0,0.12992334526732008,0.6104510253248031,0.003957906986804735,0.007546067396140716,3.0286204624724085
7.7319999999993705,0.0039999999999995595,0.0,0.1299352868970353,0.6104477134522771,0.003922660408895536,0.00909015036453596,2.959101743881874
7.73599999999937,0.0039999999999995595,0.0,0.12994695803607015,0.6104450131732433,0.0038836603609515652,0.00985293169165919,2.9454014594201277
7.73999999999937,0.0039999999999995595,0.0,0.129957636944284,0.6104430113245473,0.0038432458636097713,0.010118909095788688,2.9401191100603175
7.743999999999369,0.0039999999999995595,0.0,0.12996702610999253,0.6104417113913072,0.003802580520356465,0.010134317862369976,2.9369897607862208
7.747999999999369,0.0039999999999995595,0.0,0.12997500148157026,0.610441089535486,0.0037623062692644666,0.010008926991882227,2.934830513630051
7.751999999999368,0.0039999999999995595,0.0,0.1299815078143081,0.6104411325574349,0.003722730060016924,0.009839537064703219,2.934830513630051
7.755999999999368,0.0039999999999995595,0.0,0.12998651359391789,0.6104418734121634,0.003683792947289461,0.009688273855757424,2.934830513630051
7.759999999999367,0.0039999999999995595,0.0,0.12999000990407072,0.6104432772097518,0.003645734772283549,0.009403754025504762,2.9275152532437225
7.763999999999367,0.0039999999999995595,0.0,0.12999200284595874,0.610445192414666,0.0036094003602688426,0.008986787031686354,2.927839143882225
7.7679999999993665,0.0039999999999995595,0.0,0.129992442088472,0.6104476705415629,0.003574706709703605,0.008591508725178673,2.927839143882225
7.771999999999366,0.0039999999999995595,0.0,0.1299907476739758,0.6104509532615522,0.003543444452810285,0.00731239243776274,2.9957773848560363
7.775999999999366,0.0039999999999995595,0.0,0.12998603484502774,0.6104553817195709,0.0035197742664166516,0.005671466216178119,2.985058935373847
7.779999999999365,0.0039999999999995595,0.0,0.12997924531303673,0.6104607303407701,0.0035011207895459507,0.004629943043735712,2.9794843143656413
7.783999999999365,0.0039999999999995595,0.0,0.12997074814968698,0.6104669687285169,0.0034858942121615594,0.003969493885931954,2.976251847563451
7.787999999999364,0.0039999999999995595,0.0,0.12996085741386687,0.6104740189626955,0.003473100223221043,0.0035522769242103394,2.9741126259512436
7.791999999999364,0.0039999999999995595,0.0,0.1299499674748195,0.610481707046673,0.003462099801756733,0.0032743421314020307,2.97247614105667
7.795999999999363,0.0039999999999995595,0.0,0.12993861166161483,0.6104897438617379,0.0034524617891115482,0.00306610125099164,2.9710914399295385
7.799999999999363,0.0039999999999995595,0.0,0.1299271344462741,0.6104979437103834,0.003443910612110244,0.0028955632664231542,2.9698105385395883
7.803999999999363,0.0039999999999995595,0.0,0.12991573587552477,0.6105062004374882,0.0034362724351869253,0.0027479031226896006,2.9685484937279663
7.807999999999362,0.0039999999999995595,0.0,0.1299058419678038,0.610513544667969,0.0034298991227402873,0.002121313471114214,2.931202956208038
7.811999999999362,0.0039999999999995595,0.0,0.12990055927578276,0.6105178584327873,0.0034257956629286396,0.001266622061742446,2.9215057329360894
7.815999999999361,0.0039999999999995595,0.0,0.1298985737053488,0.6105201111921454,0.0034233601222767493,0.0006656049765060782,2.9155336294461374
7.819999999999361,0.0039999999999995595,0.0,0.12989898853413825,0.61052094699491,0.0034222374811349737,0.00023164483798149285,2.9114640714395326
7.82399999999936,0.0039999999999995595,0.0,0.12990119145236462,0.6105207948202487,0.0034222128676647027,0.00015287703710573905,2.9083593609793943
7.82799999999936,0.0039999999999995595,0.0,0.12990476427994263,0.6105199412873562,0.0034231486483393978,0.0004159450889616554,2.905748218881913
7.8319999999993595,0.0039999999999995595,0.0,0.12990942150937837,0.6105185786184667,0.0034249482972283996,0.0006499169123367639,2.9034006760134345
7.835999999999359,0.0039999999999995595,0.0,0.12991496838121422,0.6105168363103112,0.0034275363508194726,0.0008559735042270077,2.9012085335244797
7.839999999999359,0.0039999999999995595,0.0,0.12992127222951816,0.6105148020708238,0.0034308478244165015,0.001040240202653314,2.8991229507335365
7.843999999999358,0.0039999999999995595,0.0,0.12992824286316368,0.610512535677414,0.0034348230396360445,0.0012066104744585286,2.8971225973100827
7.847999999999358,0.0039999999999995595,0.0,0.1299348354694625,0.610510542451495,0.003440525288682058,0.0017919801380055858,2.785371293345308
7.851999999999357,0.0039999999999995595,0.0,0.12993886063512988,0.6105098109503654,0.0034506220928704604,0.002652922532697284,2.7680380002948493
7.855999999999357,0.0039999999999995595,0.0,0.12994265108285002,0.6105092089133339,0.0034626361592132457,0.00305471729552372,2.7669716556548356
7.859999999999356,0.0039999999999995595,0.0,0.12994699473663612,0.6105083598901528,0.0034757172079814902,0.003338026594056721,2.7669716556548356
7.863999999999356,0.0039999999999995595,0.0,0.12995198997539342,0.6105071955346014,0.0034898540873496966,0.0035788130036175712,2.767911157867909
7.8679999999993555,0.0039999999999995595,0.0,0.12995791251670993,0.6105056165721778,0.0035045238960438817,0.003692352617442181,2.7677433074020485
7.871999999999355,0.0039999999999995595,0.0,0.12996487915290875,0.6105036176409754,0.0035192518851903005,0.0037086901339981166,2.7672877836483485
7.875999999999355,0.0039999999999995595,0.0,0.12997285292579494,0.6105012397058603,0.0035339114073356555,0.003723907839655779,2.7661646697259172
7.879999999999354,0.0039999999999995595,0.0,0.12998171234253642,0.6104985296466452,0.003548686871995416,0.003768780236237379,2.7661646697259172
7.883999999999354,0.0039999999999995595,0.0,0.12999141997779665,0.6104955128018145,0.003563565545890909,0.0038089785216375506,2.765218542834486
7.887999999999353,0.0039999999999995595,0.0,0.130001941213897,0.6104922155806136,0.003578512006238244,0.0038383015194515388,2.7641599637088667
7.891999999999353,0.0039999999999995595,0.0,0.13001314547508158,0.6104879953570328,0.003596607728564508,0.005457239628591937,2.6401596746848512
7.895999999999352,0.0039999999999995595,0.0,0.13002468119486843,0.6104808241008162,0.003627543816160714,0.008792279049360545,2.6401596746848512
7.899999999999352,0.0039999999999995595,0.0,0.13003540429381127,0.610471715254666,0.003670279432809809,0.011345348683580368,2.6232310218065056
7.9039999999993515,0.0039999999999995595,0.0,0.13004143674653607,0.6104647850230136,0.003717659306436483,0.011734178347949872,2.707648050794626
7.907999999999351,0.0039999999999995595,0.0,0.13004392382066599,0.610460898476655,0.0037615064593091853,0.01072459478157813,2.6647254231925968
7.911999999999351,0.0039999999999995595,0.0,0.13004654028080687,0.6104574858059832,0.003801612675165748,0.009945041444929902,2.6464399178928053
7.91599999999935,0.0039999999999995595,0.0,0.13004930508648976,0.6104541180805249,0.0038401439530518495,0.009597922865651433,2.642244341285119
7.91999999999935,0.0039999999999995595,0.0,0.13005211360168709,0.6104507614993377,0.0038776917951104713,0.00936009045772575,2.6414427629433908
7.923999999999349,0.0039999999999995595,0.0,0.13005499190104874,0.6104473939644606,0.0039143187383422606,0.009126235749121997,2.6416230480646847
7.927999999999349,0.0039999999999995595,0.0,0.13005801218691404,0.6104439833975945,0.003949969404660317,0.008888106573287967,2.6416230480646847
7.9319999999993485,0.0039999999999995595,0.0,0.13006121329845824,0.6104404999015327,0.003984693491605929,0.008663906114144667,2.6416230480646847
7.935999999999348,0.0039999999999995595,0.0,0.1300651228379338,0.6104367256703997,0.004016974406152828,0.007686992278296404,2.6732040502598204
7.939999999999348,0.0039999999999995595,0.0,0.13007041108649106,0.6104325115739843,0.004042847984402602,0.006207159989983601,2.6817194791653773
7.943999999999347,0.0039999999999995595,0.0,0.13007674197389318,0.6104279734104087,0.004063469065924212,0.00499223613610154,2.6817194791653773
7.947999999999347,0.0039999999999995595,0.0,0.13008306454373553,0.6104235788605732,0.004080096426117714,0.0041101932021023625,2.6827115960526418
7.951999999999346,0.0039999999999995595,0.0,0.13008987420454568,0.6104188503321734,0.004094039017527077,0.00356429035183766,2.6827367003955636
7.955999999999346,0.0039999999999995595,0.0,0.1300974742212992,0.6104134900846818,0.004106188395378766,0.0032423931485877607,2.6838180014069075
7.959999999999345,0.0039999999999995595,0.0,0.13010552236052753,0.610407664459089,0.004117070766450133,0.003009978970410017,2.6882366394838937
7.963999999999345,0.0039999999999995595,0.0,0.13011327057114877,0.6104018346801552,0.004126958388078416,0.0028061536261001973,2.6884670157115225
7.9679999999993445,0.0039999999999995595,0.0,0.13012005338470356,0.6103964995884077,0.004135479836432726,0.0022686483146328452,2.79065354918391
7.971999999999344,0.0039999999999995595,0.0,0.13012428078031493,0.610392893527214,0.0041414552837344,0.0015669530023211748,2.79065354918391
7.975999999999344,0.0039999999999995595,0.0,0.13012669156075304,0.6103904106761406,0.004145521615786933,0.001054733142768602,2.79065354918391
7.979999999999343,0.0039999999999995595,0.0,0.13012769034747607,0.6103887005463017,0.00414813723842205,0.0006772288233705991,2.7566624876280708
7.983999999999343,0.0039999999999995595,0.0,0.13012740151419677,0.610387608849821,0.004149690660595448,0.0003857476080550294,2.748105888338799
7.987999999999342,0.0039999999999995595,0.0,0.1301259722882731,0.6103870127634289,0.00415035285026423,0.00014052551882104308,2.742099465813326
7.991999999999342,0.0039999999999995595,0.0,0.13012342895342252,0.6103868698525435,0.004150248127236908,7.687107983886771e-05,2.7412605088928297
7.995999999999341,0.0039999999999995595,0.0,0.13011986655301533,0.6103871127564479,0.004149437935567297,0.0002733198352739733,2.7409125283430193
7.999999999999341,0.0039999999999995595,0.0,0.13011536133601206,0.6103876898978574,0.0041479701704546165,0.00045427338883294164,2.740850639416592
8.003999999999342,0.004000000000001336,0.0,0.1301099733870637,0.61038856177155,0.00414588661944068,0.0006219885300039729,2.740954024922818
8.007999999999344,0.004000000000001336,0.0,0.13010490050926848,0.6103890067091965,0.004142766379413858,0.0009180957096112054,2.8349679581563403
8.011999999999345,0.004000000000001336,0.0,0.13010282685921776,0.6103874175360705,0.004137573070850504,0.0014057723194800574,2.831207305493558
8.015999999999346,0.004000000000001336,0.0,0.13010214909466755,0.6103847335347642,0.0041312553663354745,0.0017501710493371143,2.831207305493558
8.019999999999348,0.004000000000001336,0.0,0.13010215237402023,0.6103813920409591,0.004124060996324274,0.0019403293495445957,2.8273023115900533
8.023999999999349,0.004000000000001336,0.0,0.1301016370234209,0.6103781502305096,0.0041165576748725475,0.0020051551831792207,2.8261287524379792
8.02799999999935,0.004000000000001336,0.0,0.1301004784095436,0.6103751061725097,0.004108701620703239,0.002073871127447031,2.825353735803584
8.031999999999352,0.004000000000001336,0.0,0.13009860662239062,0.6103723186938708,0.004100468305465141,0.0021463440350266956,2.824810168797891
8.035999999999353,0.004000000000001336,0.0,0.1300959909166936,0.6103698168324934,0.004091852157136678,0.00222195750387094,2.824810168797891
8.039999999999354,0.004000000000001336,0.0,0.13009263557814651,0.6103676004479005,0.004082866659744461,0.00229560863924395,2.824810168797891
8.043999999999356,0.004000000000001336,0.0,0.13008855162992108,0.6103656588043823,0.004073551341349381,0.0023624164780557616,2.824810168797891
8.047999999999357,0.004000000000001336,0.0,0.13008461273288163,0.6103640086405987,0.004060971158772273,0.0038927215739675415,2.917573647509164
8.051999999999358,0.004000000000001336,0.0,0.13008364323030358,0.6103622991152258,0.004037681341180212,0.006155856545851636,2.8763609224146687
8.05599999999936,0.004000000000001336,0.0,0.13008588831489581,0.6103593149793645,0.004009363329145029,0.0072474992929645555,2.8711521110751614
8.059999999999361,0.004000000000001336,0.0,0.13008961695805715,0.6103557909660366,0.003978555977633947,0.0077959714189141235,2.86308416687205
8.063999999999362,0.004000000000001336,0.0,0.13009403158418437,0.6103520590126711,0.003946443486389878,0.008083655998640785,2.8573474610863387
8.067999999999364,0.004000000000001336,0.0,0.13009872613366227,0.6103482795924762,0.003913660199933786,0.008228124442907577,2.8536530409916767
8.071999999999365,0.004000000000001336,0.0,0.13010344848326008,0.6103445527924928,0.0038805876223511277,0.008283715815884713,2.8512063495067985
8.075999999999366,0.004000000000001336,0.0,0.130108015594892,0.6103409529862063,0.0038474880222116553,0.00827626899383899,2.8494076806525546
8.079999999999368,0.004000000000001336,0.0,0.13011231699305081,0.6103375269148565,0.00381450473632166,0.008249642353751186,2.8494076806525546
8.083999999999369,0.004000000000001336,0.0,0.13011629522463636,0.6103342976172206,0.0037817144270934342,0.008167815891291681,2.846335109637466
8.08799999999937,0.004000000000001336,0.0,0.13011809055318602,0.6103324844753991,0.0037499449647755744,0.0077779961016968225,2.963720567588414
8.091999999999372,0.004000000000001336,0.0,0.1301138328777327,0.6103348164041262,0.0037203457202074834,0.00727712291996828,2.9572515894406752
8.095999999999373,0.004000000000001336,0.0,0.13010806212548404,0.6103381370038349,0.003692999092596779,0.006765909438619101,2.951699071033676
8.099999999999374,0.004000000000001336,0.0,0.13010179760020746,0.6103418087252617,0.0036675479076463346,0.0063209948303521776,2.948547693653597
8.103999999999376,0.004000000000001336,0.0,0.13009533859413008,0.610345662722374,0.0036438004150678572,0.005914329304401868,2.946974143631242
8.107999999999377,0.004000000000001336,0.0,0.1300888116411266,0.6103496326328689,0.0036216531025785627,0.005529227729672972,2.946290370847709
8.111999999999378,0.004000000000001336,0.0,0.13008228654810614,0.6103536821173491,0.0036010479051160065,0.005156577043291699,2.9460861015052493
8.11599999999938,0.004000000000001336,0.0,0.13007580942475713,0.6103577869598033,0.0035819454482971264,0.004794560119416181,2.946131371629442
8.119999999999381,0.004000000000001336,0.0,0.13006943693494114,0.6103619322269203,0.003564200065612888,0.004478813518331156,2.9461965289636383
8.123999999999382,0.004000000000001336,0.0,0.13006322132336434,0.6103661105178273,0.0035476321291909503,0.004202770093604695,2.946082060711899
8.127999999999384,0.004000000000001336,0.0,0.13005745328731996,0.6103700158878175,0.0035330820934631013,0.003452653520795401,2.961610642643754
8.131999999999385,0.004000000000001336,0.0,0.1300528722309691,0.6103729298113107,0.003522598564413165,0.0025249002142635774,2.9477154822746536
8.135999999999386,0.004000000000001336,0.0,0.13004885394539092,0.610375533476288,0.0035147858501691116,0.0019366767560816992,2.9400561381620696
8.139999999999388,0.004000000000001336,0.0,0.1300452164478138,0.6103781474339537,0.0035087310682639723,0.0015613324773943295,2.935856806269552
8.143999999999389,0.004000000000001336,0.0,0.13004200779377212,0.6103808316854288,0.0035039617149270254,0.0012961758723318412,2.9331195886799195
8.14799999999939,0.004000000000001336,0.0,0.13003933191120348,0.6103835596100916,0.003500219506202371,0.0010912678494120643,2.930997792527202
8.151999999999392,0.004000000000001336,0.0,0.1300372896331795,0.610386283529552,0.003497352675761093,0.0009228541417829187,2.929137862454775
8.155999999999393,0.004000000000001336,0.0,0.13003596307681248,0.6103889572068701,0.003495263650949004,0.0007808819954882894,2.927395641370527
8.159999999999394,0.004000000000001336,0.0,0.13003541491591217,0.6103915419691345,0.003493883191584178,0.0006629520668370196,2.9257144049039607
8.163999999999396,0.004000000000001336,0.0,0.1300356917803424,0.6103940070996152,0.0034931574491923875,0.0005714173952562654,2.924072830574208
8.167999999999397,0.004000000000001336,0.0,0.13003739253181132,0.6103959048826505,0.003493212894624213,0.0003091330153413511,2.841856208708127
8.171999999999398,0.004000000000001336,0.0,0.13004185013992467,0.6103962233097376,0.0034943877022351865,0.00034312076995113554,2.8369308091213075
8.1759999999994,0.004000000000001336,0.0,0.13004827417695514,0.610395512881353,0.0034963777497931444,0.000605882144355518,2.8336531937905587
8.179999999999401,0.004000000000001336,0.0,0.1300561550440522,0.6103941138352884,0.003499036787049319,0.0008259206403112357,2.8311487251366914
8.183999999999402,0.004000000000001336,0.0,0.1300651817167293,0.6103922250095076,0.0035023020483509765,0.001015881713765319,2.8311487251366914
8.187999999999404,0.004000000000001336,0.0,0.13007519938002035,0.6103899417935917,0.0035061523167490764,0.0011872364469863175,2.8290054922246064
8.191999999999405,0.004000000000001336,0.0,0.13008608225379736,0.6103873415832234,0.003510546949327843,0.0013404943945662278,2.8247540908894213
8.195999999999406,0.004000000000001336,0.0,0.13009774502361438,0.6103844746453768,0.003515449378064829,0.0014805594999708213,2.8230955114710317
8.199999999999408,0.004000000000001336,0.0,0.13011013483354272,0.6103813713430629,0.0035208259295807067,0.0016095838792808692,2.8214577169703148
8.203999999999409,0.004000000000001336,0.0,0.13012321777451516,0.610378051861134,0.0035266378406825284,0.0017281395046378784,2.8214577169703148
8.20799999999941,0.004000000000001336,0.0,0.1301354882016586,0.6103748898322569,0.0035358830033315903,0.0031817464239053683,2.7025518866132883
8.211999999999412,0.004000000000001336,0.0,0.13014276876480707,0.6103730717290059,0.003556124234661427,0.0054185705590088905,2.643373711276252
8.215999999999413,0.004000000000001336,0.0,0.13014646290863585,0.6103727782409261,0.003581538982695737,0.0065038820177767236,2.6484717109456812
8.219999999999414,0.004000000000001336,0.0,0.13014853661646156,0.610373160684283,0.003609527718614753,0.007058043386595613,2.656302948312688
8.223999999999416,0.004000000000001336,0.0,0.1301498879210928,0.6103738472870117,0.003638848775883452,0.0073478417948371596,2.6618629816889716
8.227999999999417,0.004000000000001336,0.0,0.1301509768001061,0.6103746521470206,0.0036688678888116533,0.007500702397572134,2.6653994146949844
8.231999999999418,0.004000000000001336,0.0,0.13015209123750773,0.6103754537751429,0.0036992332289252543,0.007573207807135015,2.6677147122700533
8.23599999999942,0.004000000000001336,0.0,0.1301534406353972,0.610376162561095,0.0037297044641087505,0.007589070504798066,2.6694092358896837
8.239999999999421,0.004000000000001336,0.0,0.1301552037802093,0.6103767030793694,0.003760072735769969,0.007551554864631175,2.670711242520419
8.243999999999422,0.004000000000001336,0.0,0.13015754653062567,0.6103770098073017,0.00379011957969985,0.007459492085146092,2.671315366739267
8.247999999999424,0.004000000000001336,0.0,0.13016188727897757,0.6103759288765803,0.0038201727483097424,0.007615992301908019,2.549258679602562
8.251999999999425,0.004000000000001336,0.0,0.1301706772106817,0.6103712204421645,0.0038513401800897955,0.007860531028313198,2.5806033773374417
8.255999999999426,0.004000000000001336,0.0,0.13017949646294633,0.6103662756354019,0.0038820557892605538,0.007713903469283906,2.589640134829823
8.259999999999428,0.004000000000001336,0.0,0.13018797547372976,0.6103614661750077,0.0039117567329859364,0.007443072501445727,2.592428967674679
8.26399999999943,0.004000000000001336,0.0,0.13019614575560565,0.6103568165833017,0.003940230829671695,0.007128558648509139,2.5937677682123343
8.26799999999943,0.004000000000001336,0.0,0.13020408103130612,0.6103522984276607,0.003967389428748347,0.006796545834473943,2.594672563436996
8.271999999999432,0.004000000000001336,0.0,0.1302118522633978,0.6103478772617223,0.0039931858744936604,0.0064553781022439255,2.5954310499104514
8.275999999999433,0.004000000000001336,0.0,0.130219524300284,0.6103435207619804,0.0040175845419350735,0.006107028526013058,2.596153341049363
8.279999999999434,0.004000000000001336,0.0,0.13022715594973996,0.6103392006272395,0.004040550024732363,0.005751419406180512,2.596888639905984
8.283999999999436,0.004000000000001336,0.0,0.13023479158908616,0.61033489397815,0.004062068885278361,0.005399933211831747,2.596888639905984
8.287999999999437,0.004000000000001336,0.0,0.13024223897374207,0.6103308786154943,0.0040808893588381865,0.004392264255741281,2.6884206166027584
8.291999999999438,0.004000000000001336,0.0,0.13024881264260674,0.6103278801792106,0.004094241876257232,0.003184511237487386,2.6660033358270283
8.29599999999944,0.004000000000001336,0.0,0.13025471713555184,0.6103253102595088,0.004104379337207445,0.0024625218299882783,2.659190102393257
8.299999999999441,0.004000000000001336,0.0,0.1302599270469106,0.6103229928832578,0.004112417087963227,0.0019796504543377336,2.6579790348846517
8.303999999999442,0.004000000000001336,0.0,0.13026441369121325,0.6103208653931771,0.004118910704615839,0.001618342267860133,2.658321767658761
8.307999999999444,0.004000000000001336,0.0,0.13026816241515796,0.6103188977331421,0.004124177325193178,0.0013278373426153388,2.6591195144960613
8.311999999999445,0.004000000000001336,0.0,0.13027116895398114,0.6103170718287212,0.00412841442067433,0.001082500946879041,2.66006019840343
8.315999999999447,0.004000000000001336,0.0,0.13027343412370498,0.6103153760661125,0.004131752234599155,0.0008681122521369314,2.6610458947525535
8.319999999999448,0.004000000000001336,0.0,0.13027496031054916,0.6103138033998141,0.004134280732153048,0.000676753568948529,2.6620400407617684
8.32399999999945,0.004000000000001336,0.0,0.13027574967805125,0.6103123502926201,0.004136064871334785,0.0005050538590973073,2.663025787705098
8.32799999999945,0.004000000000001336,0.0,0.1302757705320967,0.610311114757157,0.00413692501112625,0.000247483961129032,2.7699318790545977
8.331999999999452,0.004000000000001336,0.0,0.13027500974173564,0.6103102980219223,0.004136394418219189,0.0002262039680244498,2.7558201680837295
8.335999999999453,0.004000000000001336,0.0,0.13027351770944975,0.610309796228581,0.004134825834126401,0.00044017948738862963,2.7473904409662007
8.339999999999455,0.004000000000001336,0.0,0.13027134164741144,0.6103095457056279,0.004132402433636395,0.0006442330256484077,2.7423639864385865
8.343999999999456,0.004000000000001336,0.0,0.13026851958931,0.6103095085841461,0.004129220878282438,0.0008321565828596009,2.7393744136941796
8.347999999999457,0.004000000000001336,0.0,0.13026508026041458,0.6103096625922273,0.004125337723461401,0.0010086048646697965,2.7376021835753455
8.351999999999459,0.004000000000001336,0.0,0.13026104809871378,0.6103099939703454,0.004120781135869039,0.001180977630340802,2.7376021835753455
8.35599999999946,0.004000000000001336,0.0,0.13025644750463194,0.6103104931661205,0.004115554235630116,0.0013516339597590813,2.735893593070812
8.359999999999461,0.004000000000001336,0.0,0.13025129317960266,0.6103111550136109,0.004109681487782521,0.001515753675731331,2.7355560334872404
8.363999999999463,0.004000000000001336,0.0,0.13024559532861849,0.6103119747458376,0.004103196241825686,0.0016708303003898479,2.7353600141501415
8.367999999999464,0.004000000000001336,0.0,0.13024114281692678,0.6103122191497811,0.004093697738418329,0.003001198268469954,2.848888471191346
8.371999999999465,0.004000000000001336,0.0,0.1302426396166723,0.6103099121599147,0.004075142782963283,0.004930806921473583,2.818705413961206
8.375999999999467,0.004000000000001336,0.0,0.13024768833187667,0.6103057964578948,0.004052480427094004,0.005851317228367492,2.8159095351846535
8.379999999999468,0.004000000000001336,0.0,0.13025467715117742,0.6103006622415404,0.0040274519847389775,0.00648854291682222,2.8159095351846535
8.38399999999947,0.004000000000001336,0.0,0.13026362411394543,0.6102945239292972,0.0039999120126240845,0.00715981717144075,2.8159095351846535
8.38799999999947,0.004000000000001336,0.0,0.13027380524335752,0.6102877292661862,0.003970654194153991,0.007387151773944355,2.8126556138055854
8.391999999999472,0.004000000000001336,0.0,0.13028309719080983,0.6102812603569474,0.00394218549394806,0.007213931487368148,2.8136878348151146
8.395999999999473,0.004000000000001336,0.0,0.13029177244994794,0.6102749961370684,0.00391409065122342,0.0071246794655886805,2.813977709472502
8.399999999999475,0.004000000000001336,0.0,0.13029986096473728,0.6102689296032041,0.0038862574669917653,0.007053896740247813,2.8141400691319762
8.403999999999476,0.004000000000001336,0.0,0.1303073028868005,0.6102630965618916,0.0038586859304398867,0.006977448893283134,2.8141903481317874
8.407999999999477,0.004000000000001336,0.0,0.13031267212724465,0.6102588219379281,0.0038298888286168176,0.007566630640730988,2.918708436787428
8.411999999999479,0.004000000000001336,0.0,0.1303135487982693,0.610258717603084,0.003795880675683145,0.008668134402027503,2.9595035811875876
8.41599999999948,0.004000000000001336,0.0,0.13031471922759083,0.6102590582619163,0.00375890835506148,0.009420654397993777,2.9595035811875876
8.419999999999481,0.004000000000001336,0.0,0.13031596023149986,0.610259839913765,0.0037198816316233525,0.009685681773823882,2.9372140971612706
8.423999999999483,0.004000000000001336,0.0,0.1303167331731146,0.6102608775758197,0.0036818487662536982,0.009441766506896536,2.931731866217438
8.427999999999484,0.004000000000001336,0.0,0.13031690255826794,0.6102622682917018,0.0036448129882393123,0.009191454239506168,2.929095440170899
8.431999999999485,0.004000000000001336,0.0,0.13031645844362702,0.6102640032682826,0.00360887148995526,0.008915995462426836,2.9278793542883053
8.435999999999487,0.004000000000001336,0.0,0.1303153987023199,0.6102660637877421,0.003574141507628559,0.00861184563149275,2.927415162984945
8.439999999999488,0.004000000000001336,0.0,0.13031372284358292,0.610268430878479,0.0035407339131081177,0.008282137550692818,2.927352107400963
8.44399999999949,0.004000000000001336,0.0,0.13031144010084236,0.6102710827833165,0.0035087398877363665,0.007930740902584443,2.9274784440026123
8.44799999999949,0.004000000000001336,0.0,0.13030855345985262,0.6102740086328967,0.0034782106036011988,0.007577167254242773,2.9274784440026123
8.451999999999492,0.004000000000001336,0.0,0.13030449525518017,0.6102774069903522,0.0034508329034053475,0.006385954215020848,2.9937922377148514
8.455999999999493,0.004000000000001336,0.0,0.13029827518740542,0.6102815974000261,0.0034304798213986103,0.004892267523087033,2.9806936511312925
8.459999999999495,0.004000000000001336,0.0,0.1302907708718207,0.6102864711439364,0.003414489324932656,0.003983240343558349,2.9747093791508
8.463999999999496,0.004000000000001336,0.0,0.13028255325770335,0.6102918723573449,0.0034014597110545454,0.00339350553145791,2.9713472732839987
8.467999999999497,0.004000000000001336,0.0,0.1302738491426846,0.6102977629571189,0.0033905488071396075,0.0030032183285953226,2.9691202945212107
8.471999999999499,0.004000000000001336,0.0,0.13026484853700257,0.6103040834442581,0.0033812309570746663,0.0027378938305083374,2.9673985055316
8.4759999999995,0.004000000000001336,0.0,0.1302557291240639,0.6103107577369196,0.0033731703946758497,0.002549357118624154,2.9658960772132703
8.479999999999501,0.004000000000001336,0.0,0.1302466437628922,0.6103177106239067,0.003366148231119504,0.0024078699218298646,2.964480622913049
8.483999999999503,0.004000000000001336,0.0,0.13023771855749702,0.6103248744125315,0.003360019313280418,0.002295381581003509,2.963090257615254
8.487999999999504,0.004000000000001336,0.0,0.1302302386993751,0.6103313420913073,0.0033550687433353942,0.0017478155167439332,2.9181315863915227
8.491999999999505,0.004000000000001336,0.0,0.13022706132988435,0.6103350803056335,0.0033521096291345503,0.0009806465668616966,2.9090599866776694
8.495999999999507,0.004000000000001336,0.0,0.13022702342092618,0.610336948363603,0.00335062198495031,0.00043427414595686444,2.9034432212321777
8.499999999999508,0.004000000000001336,0.0,0.13022933267373957,0.6103375137065282,0.003350305272803834,2.7318483300339905e-05,2.899581577041836
8.50399999999951,0.004000000000001336,0.0,0.13023344836660677,0.6103371522618652,0.003350980814830624,0.0002945754758235754,2.896606471306205
8.50799999999951,0.004000000000001336,0.0,0.1302390007688448,0.6103361141777347,0.003352534939667571,0.0005591935121754549,2.8940852886321045
8.511999999999512,0.004000000000001336,0.0,0.13024573652968732,0.6103345668871192,0.0033548868730433443,0.0007862636826825245,2.891809501337018
8.515999999999513,0.004000000000001336,0.0,0.13025348160570158,0.610332623321998,0.0033579713815429465,0.00098642101413066,2.889682632365342
8.519999999999515,0.004000000000001336,0.0,0.13026211605364557,0.6103303604006207,0.003361729999976719,0.0011657016996341,2.8876620928512318
8.523999999999516,0.004000000000001336,0.0,0.13027155686388972,0.6103278311457255,0.0033661070869777285,0.0013275510029409372,2.8857297387050456
8.527999999999517,0.004000000000001336,0.0,0.13028016515755064,0.6103258023610177,0.0033726297540032763,0.002088072760775508,2.7703971050409533
8.531999999999519,0.004000000000001336,0.0,0.1302839086441332,0.6103261268352251,0.0033851878429894135,0.003299037557232288,2.742610177797075
8.53599999999952,0.004000000000001336,0.0,0.13028537609023963,0.6103276770125619,0.0034003817367225294,0.0038673852916585954,2.7422509920196996
8.539999999999521,0.004000000000001336,0.0,0.13028593975061636,0.6103297799454026,0.0034168500893818044,0.004152906007534165,2.7447264593661935
8.543999999999523,0.004000000000001336,0.0,0.13028640459631702,0.6103320094833202,0.003434014227205264,0.004311144780623845,2.7463294947039802
8.547999999999524,0.004000000000001336,0.0,0.13028723438199002,0.6103341098619246,0.003451622454728143,0.0044113178946838475,2.746964867568848
8.551999999999525,0.004000000000001336,0.0,0.13028871074372625,0.6103359224095356,0.0034695540339179346,0.004483106987120533,2.7470648051466457
8.555999999999527,0.004000000000001336,0.0,0.13029100436573862,0.6103373556625881,0.003487716876081418,0.00453024827096119,2.7469430457297674
8.559999999999528,0.004000000000001336,0.0,0.13029421382438314,0.6103383671140087,0.0035060048756874835,0.004552541010090483,2.7464526133070244
8.56399999999953,0.004000000000001336,0.0,0.1302983965417322,0.6103389407843346,0.0035243122083964407,0.0045505620857000635,2.745777986843387
8.56799999999953,0.004000000000001336,0.0,0.13030415327086983,0.6103380265524673,0.0035453006228803705,0.0059410980708865585,2.618289163752668
8.571999999999532,0.004000000000001336,0.0,0.1303115981933542,0.6103338191010397,0.00357609675924909,0.008119963956301891,2.552713485147879
8.575999999999533,0.004000000000001336,0.0,0.13031632613638258,0.610330299914849,0.0036120967369429203,0.009204387231806445,2.5690204807904036
8.579999999999535,0.004000000000001336,0.0,0.13031960447329843,0.6103271361504466,0.003650552887109596,0.009709316396191991,2.581680529522529
8.583999999999536,0.004000000000001336,0.0,0.13032214583326457,0.6103241289452984,0.0036899972843095776,0.009898015921878667,2.589436061276124
8.587999999999537,0.004000000000001336,0.0,0.13032435102078938,0.6103211736693978,0.0037295830540836445,0.009896446500451255,2.594064056069257
8.591999999999539,0.004000000000001336,0.0,0.13032648224441526,0.6103182015863953,0.003768767256138047,0.00977302717093966,2.5965627616877343
8.59599999999954,0.004000000000001336,0.0,0.1303287067113498,0.6103151687299747,0.0038072087948983614,0.009576111782425277,2.59783139711716
8.599999999999541,0.004000000000001336,0.0,0.1303311438978877,0.610312037689379,0.0038447027817998572,0.009331987674533974,2.598431724422895
8.603999999999543,0.004000000000001336,0.0,0.1303338931966851,0.610308779060268,0.0038810733637567128,0.009046011776868979,2.5986554398705835
8.607999999999544,0.004000000000001336,0.0,0.13033734522050228,0.610305354081664,0.003914291911442364,0.00779542053762237,2.594086544850136
8.611999999999545,0.004000000000001336,0.0,0.1303420866109041,0.6103017942074298,0.003939743467548251,0.006046356162264092,2.5911647722549778
8.615999999999547,0.004000000000001336,0.0,0.13034775549070954,0.6102979702935523,0.003959858853061392,0.004862923533613292,2.591093630430203
8.619999999999548,0.004000000000001336,0.0,0.13035430983450683,0.6102936915680298,0.003976262423683238,0.004061139184179424,2.5920831327724763
8.62399999999955,0.004000000000001336,0.0,0.13036156279353608,0.6102889318805851,0.003990045689233814,0.0035203556526094072,2.593490894576186
8.62799999999955,0.004000000000001336,0.0,0.13036929891525723,0.6102837355695888,0.004001920904505726,0.003146376091509914,2.595050702251364
8.631999999999552,0.004000000000001336,0.0,0.13037732054423806,0.6102781709892097,0.004012346908434055,0.0028780309875758637,2.5966291284323186
8.635999999999553,0.004000000000001336,0.0,0.13038546193171832,0.6102723087444749,0.004021621667686633,0.0026760487424038895,2.598187703514156
8.639999999999555,0.004000000000001336,0.0,0.1303935780565103,0.6102662209887073,0.004029940471357267,0.0025136658506373383,2.599718135107877
8.643999999999556,0.004000000000001336,0.0,0.13040148857403658,0.610260011826357,0.004037436993386399,0.002369610531413564,2.601150861258117
8.647999999999557,0.004000000000001336,0.0,0.13040827983577807,0.6102543600321723,0.004043721992500232,0.0018636916751469744,2.7178441786107936
8.651999999999559,0.004000000000001336,0.0,0.13041216855229465,0.6102506223159957,0.004047747421227584,0.0011910888199535533,2.696232305149311
8.65599999999956,0.004000000000001336,0.0,0.1304138797675917,0.6102481981675302,0.004050132642653678,0.000707981104533963,2.683284342398063
8.659999999999561,0.004000000000001336,0.0,0.1304139129382886,0.6102466937738295,0.004051238993143804,0.00034690849402333227,2.6755562987101826
8.663999999999563,0.004000000000001336,0.0,0.13041261178401486,0.6102458504551417,0.004051280809116648,0.00012662266163297593,2.6709758814225473
8.667999999999564,0.004000000000001336,0.0,0.1304102126980645,0.6102454977978049,0.004050391290924099,0.0002675560865549661,2.6682943205115155
8.671999999999565,0.004000000000001336,0.0,0.13040687824819983,0.6102455229984183,0.004048660617188467,0.0004804901578588326,2.6667580481484103
8.675999999999567,0.004000000000001336,0.0,0.13040272032751785,0.6102458508396958,0.004046157278378686,0.000680622578535018,2.6659117562911687
8.679999999999568,0.004000000000001336,0.0,0.13039781613050452,0.6102464306318637,0.004042939460057168,0.0008653178963371112,2.665480073495864
8.68399999999957,0.004000000000001336,0.0,0.13039221916140764,0.6102472277118163,0.004039060676619396,0.0010354805721482319,2.6652963582269686
8.68799999999957,0.004000000000001336,0.0,0.130387351876967,0.6102474267448469,0.0040337368935384615,0.001563256699077177,2.767715165024121
8.691999999999572,0.004000000000001336,0.0,0.13038644956304746,0.6102451811467089,0.004025047089687601,0.00230890203817851,2.7638448779274816
8.695999999999573,0.004000000000001336,0.0,0.13038700131708092,0.610241826936279,0.004015021375684647,0.002638344208128854,2.7615103657168443
8.699999999999575,0.004000000000001336,0.0,0.1303879575019871,0.6102379425524579,0.004004411246159165,0.002799107773299717,2.7600174362507337
8.703999999999576,0.004000000000001336,0.0,0.130388800981546,0.6102338636422471,0.003993323014666413,0.0029324370190515255,2.7600174362507337
8.707999999999577,0.004000000000001336,0.0,0.13038926848209165,0.6102297777746281,0.003981709220526728,0.0030419483445047464,2.7583542432298835
8.711999999999579,0.004000000000001336,0.0,0.13038896688683785,0.6102259409965307,0.003969699272697309,0.003121590482585489,2.757817128935593
8.71599999999958,0.004000000000001336,0.0,0.13038782837057428,0.6102224089210626,0.003957265248609729,0.0032082405598453457,2.757817128935593
8.719999999999581,0.004000000000001336,0.0,0.13038582095226076,0.6102192073595,0.003944410098601726,0.003286726370367447,2.757013259798437
8.723999999999583,0.004000000000001336,0.0,0.13038287585020814,0.6102163789297729,0.0039312110013830365,0.003354101481256493,2.757013259798437
8.727999999999584,0.004000000000001336,0.0,0.13037901624499945,0.610213906943207,0.003917694627838522,0.003414544830020521,2.7566590922246386
8.731999999999585,0.004000000000001336,0.0,0.13037438479918545,0.6102123642794365,0.0039007594896602526,0.005018713603893677,2.852133748406422
8.735999999999587,0.004000000000001336,0.0,0.13037032725497005,0.6102125865935946,0.00387235552422313,0.00748648685525486,2.9273286388432878
8.739999999999588,0.004000000000001336,0.0,0.130369140048319,0.610211956223065,0.003838104345754794,0.008735665029450555,2.9158222357068952
8.74399999999959,0.004000000000001336,0.0,0.13036922706113527,0.6102110313950225,0.0038010193559220376,0.009338596830788654,2.904540614325027
8.74799999999959,0.004000000000001336,0.0,0.13036981950180523,0.610210064430031,0.003762630741613424,0.009613216811537198,2.897164881266134
8.751999999999592,0.004000000000001336,0.0,0.1303705397523325,0.6102091738575113,0.0037237051081967913,0.009718485410401708,2.8924203784815545
8.755999999999593,0.004000000000001336,0.0,0.13037116958331182,0.6102084268165485,0.003684688174529235,0.009723994450930137,2.8891583497927944
8.759999999999595,0.004000000000001336,0.0,0.1303715679402333,0.6102078669815639,0.003645866558480573,0.009661952801074597,2.8865709194093863
8.763999999999596,0.004000000000001336,0.0,0.13037162070433914,0.6102075299329145,0.0036074688673640716,0.009544378863689,2.884338932720648
8.767999999999597,0.004000000000001336,0.0,0.1303693897406542,0.6102086079374904,0.0035708442470949397,0.008838658258010255,2.991495473349192
8.771999999999599,0.004000000000001336,0.0,0.13036176218428175,0.6102130849344498,0.003538815538449527,0.007831954794633484,2.9848945182186375
8.7759999999996,0.004000000000001336,0.0,0.13035205816295295,0.6102187440967034,0.003510656808445645,0.006989737390643461,2.980042059156123
8.779999999999601,0.004000000000001336,0.0,0.13034191604657613,0.6102246205886105,0.0034854684135121844,0.006313156413741874,2.9775042629635458
8.783999999999603,0.004000000000001336,0.0,0.1303318238434256,0.6102304851664294,0.0034626675576885533,0.005752769321061244,2.9764273532700476
8.787999999999604,0.004000000000001336,0.0,0.1303219653149269,0.6102362677464485,0.0034419474716334093,0.005256534923798214,2.976088788298181
8.791999999999605,0.004000000000001336,0.0,0.1303124353600193,0.6102419426612271,0.0034230851076946624,0.004818711743073268,2.9760851108753177
8.795999999999607,0.004000000000001336,0.0,0.13030331893974417,0.6102475043516581,0.003405764906692704,0.004458102804800692,2.9760060351866144
8.799999999999608,0.004000000000001336,0.0,0.13029466374993226,0.6102529568056141,0.0033897570554118784,0.00414813045592265,2.9757554175230605
8.80399999999961,0.004000000000001336,0.0,0.13028650771168393,0.6102583030443929,0.003374875314485506,0.0038851311343782494,2.975343566895975
8.80799999999961,0.004000000000001336,0.0,0.13027941524793138,0.610263067418477,0.00336184744017693,0.0031536346167404376,2.9788016405041495
8.811999999999612,0.004000000000001336,0.0,0.1302744897950043,0.610266260625195,0.003352657060366289,0.002223328609065937,2.9646182910436867
8.815999999999613,0.004000000000001336,0.0,0.13027116547735532,0.6102684576002546,0.003346185845328681,0.0015433374958993946,2.9646182910436867
8.819999999999615,0.004000000000001336,0.0,0.13026925105488227,0.6102698990266261,0.003341797676918174,0.0010401416271859447,2.956386059223363
8.823999999999616,0.004000000000001336,0.0,0.13026806795814294,0.6102711532108854,0.0033388443215422725,0.000749313607695383,2.946192415643796
8.827999999999617,0.004000000000001336,0.0,0.13026718711358173,0.6102726761552784,0.0033367050593374986,0.0006043796756286527,2.946192415643796
8.831999999999619,0.004000000000001336,0.0,0.13026677947232995,0.6102743655500543,0.003335289800662335,0.0004894301341062009,2.945004268732196
8.83599999999962,0.004000000000001336,0.0,0.13026705077841366,0.6102760621963705,0.003334600057922295,0.00038195264973034653,2.94183563348611
8.839999999999621,0.004000000000001336,0.0,0.13026816111278894,0.6102776285059975,0.0033346608021679164,0.00032818166379918693,2.94183563348611
8.843999999999623,0.004000000000001336,0.0,0.13027010843745304,0.6102790797493628,0.0033353830909669518,0.00035993601398618855,2.9399017862685386
8.847999999999624,0.004000000000001336,0.0,0.13027291159474183,0.610280407920502,0.0033367073757710783,0.0004401946113707202,2.9379560953960655
8.851999999999626,0.004000000000001336,0.0,0.13027673107279408,0.6102814395651602,0.0033389286398412842,0.0006741874029318056,2.8389061675539278
8.855999999999627,0.004000000000001336,0.0,0.130281937561387,0.6102817713587239,0.003342761231817544,0.0010068838524801423,2.833255785367387
8.859999999999628,0.004000000000001336,0.0,0.1302888872157717,0.610281254953909,0.003347475986359935,0.0012315714937890148,2.829897057486723
8.86399999999963,0.004000000000001336,0.0,0.13029759684797207,0.6102799053470545,0.003352763575905176,0.0014173961163768073,2.8274891668301687
8.86799999999963,0.004000000000001336,0.0,0.13030795185886057,0.6102777948483536,0.0033585208423739603,0.0015941974306373195,2.8254683047833065
8.871999999999632,0.004000000000001336,0.0,0.1303198045443843,0.6102750074126695,0.0033647237790696465,0.0017663143738638688,2.823618709196226
8.875999999999634,0.004000000000001336,0.0,0.13033300352938315,0.6102716280354231,0.0033713689414703743,0.0019319138465883612,2.8218600578072874
8.879999999999635,0.004000000000001336,0.0,0.13034734705679377,0.6102677737300739,0.0033784692218645626,0.00208684577673904,2.820145198508988
8.883999999999636,0.004000000000001336,0.0,0.13036266424762083,0.6102635451329005,0.003386022412244658,0.0022285457656292663,2.8184730910059046
8.887999999999638,0.004000000000001336,0.0,0.1303771543738527,0.6102592816884645,0.0033979560618682555,0.004135730082047338,2.689000171262768
8.891999999999639,0.004000000000001336,0.0,0.13038565012746164,0.6102562366741489,0.0034242533195975888,0.0070895356003928545,2.604791111972214
8.89599999999964,0.004000000000001336,0.0,0.13038864961125884,0.6102554929359191,0.0034577913666514796,0.008606468695272337,2.6127415588064706
8.899999999999642,0.004000000000001336,0.0,0.13038838687190157,0.6102561066960792,0.0034955646047413495,0.009681688287995224,2.6127415588064706
8.903999999999643,0.004000000000001336,0.0,0.13038556574769578,0.6102577725870479,0.003536702929888443,0.01025316379476435,2.631522908617202
8.907999999999644,0.004000000000001336,0.0,0.1303824263169122,0.6102596256655362,0.003577849929697645,0.010252984233108706,2.637576306272801
8.911999999999646,0.004000000000001336,0.0,0.13037906925655254,0.6102616310171294,0.0036188941953039897,0.010221817383251605,2.6401893615714735
8.915999999999647,0.004000000000001336,0.0,0.13037565779972113,0.6102637170956817,0.003659681893123217,0.010150361992494172,2.6419299445281297
8.919999999999648,0.004000000000001336,0.0,0.13037237378934216,0.6102658002769065,0.003700048114864753,0.010036697164106368,2.643449192939683
8.92399999999965,0.004000000000001336,0.0,0.13036938831693853,0.610267802384174,0.0037398328703084267,0.009883435403465372,2.644958047635684
8.92799999999965,0.004000000000001336,0.0,0.130368752073778,0.6102683590368777,0.003778243363486598,0.009373533976379026,2.5090461160209383
8.931999999999652,0.004000000000001336,0.0,0.13037361609485704,0.6102652253218869,0.003813754926704481,0.0087164762918017,2.513901728202663
8.935999999999654,0.004000000000001336,0.0,0.13038017708689115,0.6102611318538496,0.0038462650281197008,0.00802896034921465,2.5202759351028456
8.939999999999655,0.004000000000001336,0.0,0.13038720665024428,0.6102568351868778,0.00387627994102646,0.007439003818961567,2.522382900603762
8.943999999999656,0.004000000000001336,0.0,0.1303943907873633,0.6102524937089111,0.003904115273130818,0.0069157833287258955,2.5236373709059574
8.947999999999658,0.004000000000001336,0.0,0.13040162368643948,0.6102481450414001,0.003929968987810257,0.006436427866752457,2.524229199964385
8.951999999999659,0.004000000000001336,0.0,0.13040886367573237,0.6102437965567503,0.0039539693932016595,0.005986316493558634,2.5250064578185785
8.95599999999966,0.004000000000001336,0.0,0.13041609903288612,0.6102394421054711,0.003976209353810072,0.0055607816268347715,2.5250064578185785
8.959999999999662,0.004000000000001336,0.0,0.13042332807616788,0.6102350741838457,0.003996754025094123,0.0051439973316669,2.526977957177396
8.963999999999663,0.004000000000001336,0.0,0.13043053146649583,0.6102307112247897,0.004015603773655299,0.0047382346330522955,2.5275173519449017
8.967999999999664,0.004000000000001336,0.0,0.13043741966536218,0.6102266732200707,0.004031870233835789,0.0038173123839858347,2.639205641363097
8.971999999999666,0.004000000000001336,0.0,0.13044322270109987,0.6102237366363945,0.004043314313180773,0.0027118608645304737,2.613923606961438
8.975999999999667,0.004000000000001336,0.0,0.13044777764160748,0.6102216415150445,0.004051609355854204,0.001994397366846862,2.600214785015296
8.979999999999668,0.004000000000001336,0.0,0.13045142121971084,0.6102199200388099,0.0040579448741461695,0.001541421981175697,2.5960396104272965
8.98399999999967,0.004000000000001336,0.0,0.13045420831952556,0.6102184371398996,0.004062905468661428,0.001213868553826565,2.595574409049158
8.987999999999671,0.004000000000001336,0.0,0.1304561658236533,0.6102171403578031,0.004066762591413264,0.0009462993961714152,2.5961551480245815
8.991999999999672,0.004000000000001336,0.0,0.1304573051290979,0.6102160045795185,0.004069682701868036,0.0007205986450809102,2.5961551480245815
8.995999999999674,0.004000000000001336,0.0,0.13045762510413467,0.6102150196626268,0.00407178227791104,0.000511933113122861,2.598627398181232
8.999999999999675,0.004000000000001336,0.0,0.13045716432638987,0.6102141788298973,0.004073055919385565,0.00031291093735017394,2.5991652108148693
9.003999999999676,0.004000000000001336,0.0,0.13045593172656653,0.6102134703108038,0.0040735823776191305,0.00014303313301322035,2.6000156572737496
9.007999999999678,0.004000000000001336,0.0,0.13045421017424644,0.6102127836858401,0.004073178105220806,0.00022762574014532197,2.7128278049636014
9.011999999999679,0.004000000000001336,0.0,0.13045271260368296,0.6102118416470979,0.0040713642275135185,0.000527296225505858,2.701386239668854
9.01599999999968,0.004000000000001336,0.0,0.13045083255853582,0.6102109667891387,0.00406865755269811,0.0007252395992243548,2.6943770836657728
9.019999999999682,0.004000000000001336,0.0,0.13044837193151704,0.610210261605069,0.004065199878126088,0.0009029796841772576,2.6943770836657728
9.023999999999683,0.004000000000001336,0.0,0.13044527720228813,0.6102097550963372,0.004061042401449996,0.0010663804713612044,2.687365351418673
9.027999999999684,0.004000000000001336,0.0,0.1304413100321033,0.6102095923830858,0.00405624424264391,0.0012286605279401251,2.6857907567848085
9.031999999999686,0.004000000000001336,0.0,0.13043647316777116,0.6102097786353441,0.004050794363452459,0.0013978070681408914,2.6847842680249565
9.035999999999687,0.004000000000001336,0.0,0.1304307791702796,0.6102103103988635,0.00404469981636516,0.0015674116451192429,2.6841165133381524
9.039999999999688,0.004000000000001336,0.0,0.13042424494430163,0.6102111787977504,0.004037985023009272,0.0017320220620883385,2.683649616011329
9.04399999999969,0.004000000000001336,0.0,0.13041692619126813,0.6102123491002222,0.004030684042928757,0.0018874358814139798,2.683309696292011
9.047999999999691,0.004000000000001336,0.0,0.13041065057750026,0.6102132378078848,0.0040194835617539245,0.003657369685966021,2.802286060321328
9.051999999999692,0.004000000000001336,0.0,0.1304102984533601,0.6102121853996316,0.003996048885790214,0.006232488132305694,2.853669749851913
9.055999999999694,0.004000000000001336,0.0,0.1304141075718713,0.6102092080320388,0.003966908236892949,0.007475640692165131,2.8502903867774716
9.059999999999695,0.004000000000001336,0.0,0.13041988543368965,0.610205303316449,0.003934885602189552,0.008122743503968195,2.8427379091822225
9.063999999999696,0.004000000000001336,0.0,0.13042663140164315,0.6102009202111741,0.0039012677084591706,0.008486759321816553,2.83728410460232
9.067999999999698,0.004000000000001336,0.0,0.13043382287046046,0.610196289157921,0.003866724724017819,0.008698567719128142,2.83387473831081
9.071999999999699,0.004000000000001336,0.0,0.1304411972833081,0.6101915296618511,0.003831560026617088,0.008864932615842116,2.83387473831081
9.0759999999997,0.004000000000001336,0.0,0.1304487053249136,0.6101866698865506,0.003795789156567959,0.009000632064522614,2.831734566826703
9.079999999999702,0.004000000000001336,0.0,0.13045601697260437,0.6101818538956157,0.00375982631858311,0.009003268658268927,2.8285723564898713
9.083999999999703,0.004000000000001336,0.0,0.13046271110300575,0.6101772607382923,0.0037242256100888257,0.008904332723241053,2.826857552900417
9.087999999999704,0.004000000000001336,0.0,0.13046703728090092,0.6101742899958934,0.0036884231355523663,0.00906386000128086,2.9646632952756438
9.091999999999706,0.004000000000001336,0.0,0.1304641478014252,0.6101769437039695,0.003650335244934771,0.009729409677972334,2.9646632952756438
9.095999999999707,0.004000000000001336,0.0,0.1304557849491719,0.6101840169907721,0.0036099605489325853,0.01033014151566866,2.9762963543253806
9.099999999999708,0.004000000000001336,0.0,0.13044825821759395,0.6101907091191971,0.0035696082094536087,0.009959544824066323,2.9811898659202702
9.10399999999971,0.004000000000001336,0.0,0.13044474147305263,0.6101941973334692,0.0035326107925210738,0.009150924199856438,2.966260578848684
9.107999999999711,0.004000000000001336,0.0,0.13044136816764118,0.6101974193673794,0.0034976697485935293,0.008660589294916447,2.961390228082689
9.111999999999712,0.004000000000001336,0.0,0.13043760729736414,0.6102008081233484,0.003464453280294753,0.00824261801054663,2.959492818900519
9.115999999999714,0.004000000000001336,0.0,0.13043341797011673,0.6102044064715744,0.0034328863377780313,0.007839313803520122,2.9587571717509036
9.119999999999715,0.004000000000001336,0.0,0.1304288169687299,0.6102082022548404,0.003402971156907682,0.007434573999613025,2.958558106534881
9.123999999999716,0.004000000000001336,0.0,0.13042382700283284,0.6102121760153244,0.0033747275583530054,0.007025556603071276,2.9586137964600456
9.127999999999718,0.004000000000001336,0.0,0.13041828011998227,0.6102162270593715,0.00334978379633209,0.005813465760856515,3.008258160852666
9.131999999999719,0.004000000000001336,0.0,0.1304122753701411,0.6102198082547807,0.003331936809073593,0.004168052882426653,3.008258160852666
9.13599999999972,0.004000000000001336,0.0,0.13040638511094604,0.6102229008168373,0.0033191309222575047,0.003073970901291811,2.9930511295605515
9.139999999999722,0.004000000000001336,0.0,0.13040003712115544,0.6102263460567564,0.0033091986792081495,0.002559637903229398,2.976802744318455
9.143999999999723,0.004000000000001336,0.0,0.13039316082401817,0.6102305396674901,0.003300560445013776,0.0023239140945704403,2.9775144668251325
9.147999999999724,0.004000000000001336,0.0,0.13038623652727807,0.6102351245287856,0.0032932028691052837,0.0020944362481507537,2.976451053528866
9.151999999999726,0.004000000000001336,0.0,0.13037955374663796,0.6102399197395045,0.0032869636458641173,0.0018978729165419921,2.974959096043826
9.155999999999727,0.004000000000001336,0.0,0.13037328053373765,0.6102448290187067,0.0032816889522603258,0.0017358398896896617,2.973367703214687
9.159999999999728,0.004000000000001336,0.0,0.1303674635558991,0.6102498282883092,0.0032772574353189163,0.0016057112206426989,2.9717732690449354
9.16399999999973,0.004000000000001336,0.0,0.13036215408636295,0.6102548878554774,0.0032735815209096004,0.0014984725057298532,2.9701801427993835
9.167999999999731,0.004000000000001336,0.0,0.13035820276203133,0.6102593755436937,0.0032708471920216645,0.0010860671696604418,2.902619419777653
9.171999999999732,0.004000000000001336,0.0,0.1303575054696673,0.6102618582397862,0.003269573797434683,0.0005225122642467433,2.895951988205143
9.175999999999734,0.004000000000001336,0.0,0.1303592084034591,0.6102629617809594,0.0032694016610206517,0.0001420558572658752,2.8916128398125993
9.179999999999735,0.004000000000001336,0.0,0.1303627287950899,0.6102630963930183,0.0032701390938321842,0.0002392972715450374,2.8884169862439286
9.183999999999736,0.004000000000001336,0.0,0.13036766830063148,0.6102625319117567,0.0032716812266251004,0.00048662905453160154,2.8857794677469704
9.187999999999738,0.004000000000001336,0.0,0.1303737541917958,0.610261446774743,0.003273964355822266,0.0007053529986323239,2.8834230564950274
9.191999999999739,0.004000000000001336,0.0,0.13038079937173588,0.6102599598976626,0.003276941451530888,0.0009006824898169194,2.881223752288043
9.19599999999974,0.004000000000001336,0.0,0.13038867516047026,0.6102581513881736,0.0032805699776592622,0.001077760457102821,2.8791306362171785
9.199999999999742,0.004000000000001336,0.0,0.1303972961036559,0.6102560742806529,0.003284806663043692,0.0012398134824413488,2.8791306362171785
9.203999999999743,0.004000000000001336,0.0,0.1304066090702225,0.6102537626699795,0.003289605604351193,0.0013878302289004117,2.877125363610237
9.207999999999744,0.004000000000001336,0.0,0.1304150619825389,0.6102517888977589,0.0032971271830691453,0.0024897905940870907,2.754880689800876
9.211999999999746,0.004000000000001336,0.0,0.13041813906885288,0.6102517150897079,0.0033142684388180166,0.004869544332613266,2.754880689800876
9.215999999999747,0.004000000000001336,0.0,0.13041705830966152,0.6102532059931424,0.0033384774513859597,0.005900804428712728,2.6578608523779517
9.219999999999748,0.004000000000001336,0.0,0.1304158549744659,0.6102552165573337,0.0033611116238168575,0.0056085434960264635,2.6908966211814644
9.22399999999975,0.004000000000001336,0.0,0.13041442078111937,0.6102575401283453,0.0033834444594375425,0.005583431297777775,2.7081401333846764
9.227999999999751,0.004000000000001336,0.0,0.13041310312598656,0.6102598370062612,0.0034060041100650268,0.005644092906621501,2.7167211579132324
9.231999999999752,0.004000000000001336,0.0,0.13041199314543508,0.6102620331893541,0.003428873337525632,0.005724697238620109,2.7167211579132324
9.235999999999754,0.004000000000001336,0.0,0.13041113885217065,0.6102641054020694,0.003452025558670175,0.005789163683398739,2.7205440070022657
9.239999999999755,0.004000000000001336,0.0,0.1304106565078094,0.6102660077677832,0.003475316362769933,0.005803108637050804,2.7240832620403244
9.243999999999756,0.004000000000001336,0.0,0.13041071755189923,0.6102676794688331,0.0034984839583477065,0.005762137979341292,2.7240345346465933
9.247999999999758,0.004000000000001336,0.0,0.13041246548864746,0.6102678803493076,0.003523332934968564,0.006664523571769149,2.587248969136303
9.251999999999759,0.004000000000001336,0.0,0.13041738137970488,0.610264336908493,0.0035547899428638105,0.008130532218593797,2.546665367155746
9.25599999999976,0.004000000000001336,0.0,0.1304209606256227,0.6102608915323989,0.003589303114412107,0.008742503547753223,2.560039134606515
9.259999999999762,0.004000000000001336,0.0,0.13042380524988645,0.6102575353989312,0.0036248156364717702,0.00891966688128116,2.568443183892411
9.263999999999763,0.004000000000001336,0.0,0.13042628860101563,0.6102542087175775,0.0036603361183591915,0.008887823452301909,2.5733803374768436
9.267999999999764,0.004000000000001336,0.0,0.13042862002746092,0.6102508633830545,0.0036953942542235513,0.008756684844249591,2.576154041588185
9.271999999999766,0.004000000000001336,0.0,0.13043092665457462,0.6102474673109224,0.0037297261471260393,0.008565615510027474,2.5776540594632933
9.275999999999767,0.004000000000001336,0.0,0.1304333038579092,0.6102439966670447,0.0037631381910648307,0.008329521490230111,2.578405798282535
9.279999999999768,0.004000000000001336,0.0,0.13043582797914868,0.6102404336481567,0.0037954726487727892,0.008056258344856584,2.578727967377159
9.28399999999977,0.004000000000001336,0.0,0.1304385615351967,0.6102367656500036,0.003826593049222913,0.0077507428101700575,2.578809669864168
9.287999999999771,0.004000000000001336,0.0,0.1304416678428093,0.6102331150093949,0.0038546086795593496,0.006531810237674539,2.5555690542834126
9.291999999999772,0.004000000000001336,0.0,0.13044513292327337,0.6102298990887933,0.0038754458881061146,0.004939900247352973,2.543379967867745
9.295999999999774,0.004000000000001336,0.0,0.13044864476395004,0.6102268554013511,0.0038917628569105672,0.003929590778274164,2.5408353924378884
9.299999999999775,0.004000000000001336,0.0,0.13045202471823705,0.6102238731748568,0.0039050168875794764,0.0032434925615086327,2.540926076220706
9.303999999999776,0.004000000000001336,0.0,0.13045519584792797,0.6102208792034014,0.0039160833980689085,0.0027463259388365953,2.540926076220706
9.307999999999778,0.004000000000001336,0.0,0.13045795791888315,0.6102179235268834,0.0039255011603320945,0.0023813244919112697,2.5431519375376967
9.31199999999978,0.004000000000001336,0.0,0.13046067410808307,0.6102147479424986,0.003933661311631836,0.0021169143221403436,2.5442526714915767
9.31599999999978,0.004000000000001336,0.0,0.13046324665468265,0.6102113882659133,0.003940800223845537,0.001907449090480016,2.5455625395272596
9.319999999999782,0.004000000000001336,0.0,0.13046559523363468,0.6102078826506192,0.003947067477629174,0.001733149971386349,2.546912207319492
9.323999999999783,0.004000000000001336,0.0,0.13046765555397624,0.6102042666261385,0.0039525608349705,0.00158235774197204,2.5482553775343777
9.327999999999784,0.004000000000001336,0.0,0.13046891908062494,0.6102009657363632,0.003956978014514325,0.0011848186693481115,2.659290111850914
9.331999999999786,0.004000000000001336,0.0,0.1304683050680548,0.6101989105482007,0.003959525993455579,0.0006734510177746141,2.640847399272752
9.335999999999787,0.004000000000001336,0.0,0.1304662669332423,0.6101977042306668,0.00396068436289113,0.00029665476327859634,2.640847399272752
9.339999999999788,0.004000000000001336,0.0,0.13046313530405176,0.6101970817969319,0.003960711736075963,7.364161610792704e-05,2.622740493362734
9.34399999999979,0.004000000000001336,0.0,0.13045904115849577,0.6101969187936425,0.003959825070274006,0.00026837025147240034,2.6190374117204005
9.347999999999791,0.004000000000001336,0.0,0.13045413475897957,0.6101971071524163,0.003958116759143528,0.0004828443499854156,2.616869154376398
9.351999999999792,0.004000000000001336,0.0,0.13044851923231635,0.6101975762916981,0.00395565045101501,0.0006802284949215597,2.6166685966906837
9.355999999999794,0.004000000000001336,0.0,0.13044226534535552,0.6101982795398048,0.003952477615859623,0.0008627765543637432,2.618714183425628
9.359999999999795,0.004000000000001336,0.0,0.1304354217557288,0.6101991854401146,0.003948645719901471,0.0010319850015199016,2.6206888929632095
9.363999999999796,0.004000000000001336,0.0,0.13042802209273646,0.6102002722150472,0.00394420170282352,0.0011884957515832608,2.622596910210499
9.367999999999798,0.004000000000001336,0.0,0.13042185640417542,0.6102005884656102,0.0039379034464734125,0.001915135382234352,2.732468310225676
9.3719999999998,0.004000000000001336,0.0,0.13042136698669957,0.6101977773682288,0.003926677615105384,0.0030237838482374585,2.75423641292282
9.3759999999998,0.004000000000001336,0.0,0.1304241144424285,0.6101930029990283,0.0039132617358194274,0.0035884318833356763,2.755481516645945
9.379999999999802,0.004000000000001336,0.0,0.13042844936246126,0.6101871604956315,0.0038987778473468003,0.003885939819187528,2.7540284467806253
9.383999999999803,0.004000000000001336,0.0,0.13043337033632424,0.6101808237639836,0.003883680201577618,0.00405453395651951,2.753244277139166
9.387999999999805,0.004000000000001336,0.0,0.13043832888693083,0.6101743211341057,0.003868116455943554,0.004180445480567458,2.753244277139166
9.391999999999806,0.004000000000001336,0.0,0.1304430361234565,0.6101678311167749,0.0038521292054427836,0.004256816854057083,2.753750836188995
9.395999999999807,0.004000000000001336,0.0,0.1304469985438971,0.610161630088021,0.0038359340532573057,0.0042793128525021335,2.754470309037818
9.399999999999809,0.004000000000001336,0.0,0.13045010328076137,0.6101557816518428,0.003819566773269099,0.004292276475832095,2.754470309037818
9.40399999999981,0.004000000000001336,0.0,0.13045229619185084,0.610150309283877,0.003803081464552393,0.0042839012924346985,2.756391851620335
9.407999999999811,0.004000000000001336,0.0,0.13045283424131196,0.6101463207271052,0.0037836627636095846,0.005595680917097671,2.8751289949789656
9.411999999999813,0.004000000000001336,0.0,0.13045121215045707,0.6101457951297213,0.0037537718221155258,0.007833521827472097,2.946986796678588
9.415999999999814,0.004000000000001336,0.0,0.13045113639264552,0.6101452533535443,0.003718400863654014,0.009006278535148224,2.9334486217068227
9.419999999999815,0.004000000000001336,0.0,0.13045143513455038,0.6101449968706131,0.003680382585019813,0.009567344323670037,2.9215647406058887
9.423999999999817,0.004000000000001336,0.0,0.13045155966946606,0.6101451405567669,0.003641194950636804,0.009808350736555688,2.9139491685805083
9.427999999999818,0.004000000000001336,0.0,0.13045127635421794,0.6101457071204534,0.003601614935140851,0.009880455298300745,2.9091061797884272
9.43199999999982,0.004000000000001336,0.0,0.13045047292577522,0.6101466948352232,0.0035620873417307334,0.009851852683203006,2.9057694256665823
9.43599999999982,0.004000000000001336,0.0,0.1304490827370475,0.6101480949986858,0.0035229205696375564,0.00975137206783382,2.9032164785651133
9.439999999999822,0.004000000000001336,0.0,0.13044704342457386,0.6101499018135916,0.003484391805801478,0.009582092227681291,2.9015380218189186
9.443999999999823,0.004000000000001336,0.0,0.1304443127684662,0.6101521009479031,0.0034467474230279716,0.009354054844156827,2.900708447970043
9.447999999999825,0.004000000000001336,0.0,0.1304399902960411,0.6101551103410058,0.0034119557042105787,0.008226041106278583,2.996010364857184
9.451999999999826,0.004000000000001336,0.0,0.13043231165157948,0.6101597946143098,0.003384407003764951,0.006641369518652972,2.9857946157214084
9.455999999999827,0.004000000000001336,0.0,0.13042239242672,0.6101656739488406,0.0033622337212748034,0.0054588073016738625,2.9857946157214084
9.459999999999829,0.004000000000001336,0.0,0.130411775589391,0.6101719577598547,0.003344198965248782,0.004565269713988097,2.9857946157214084
9.46399999999983,0.004000000000001336,0.0,0.13040113762857455,0.6101783743546799,0.0033292117026539644,0.003918488633163569,2.9857946157214084
9.467999999999831,0.004000000000001336,0.0,0.1303907254308233,0.6101848822960144,0.0033162671091223825,0.0035536032303789306,2.97154206627805
9.471999999999833,0.004000000000001336,0.0,0.1303803434582199,0.61019165692581,0.0033043287343232025,0.003376308547141583,2.97154206627805
9.475999999999834,0.004000000000001336,0.0,0.1303702113356199,0.6101985911313305,0.003293151000207049,0.00324195420933335,2.97154206627805
9.479999999999835,0.004000000000001336,0.0,0.1303603661223197,0.6102056827749914,0.0032826180792931156,0.003130574302048034,2.972256855119227
9.483999999999837,0.004000000000001336,0.0,0.1303504903590608,0.6102131335203499,0.003272861988394245,0.003012804693519139,2.971616682000835
9.487999999999838,0.004000000000001336,0.0,0.13034067525964022,0.6102208667540463,0.0032639558901949154,0.0028996309305751216,2.971616682000835
9.49199999999984,0.004000000000001336,0.0,0.13033215731149028,0.6102279893656526,0.0032563292183165502,0.002307902687094948,2.9492968879302808
9.49599999999984,0.004000000000001336,0.0,0.13032772347422614,0.6102324364049219,0.0032512872548157556,0.0014602298577287458,2.9492968879302808
9.499999999999842,0.004000000000001336,0.0,0.13032624169606472,0.6102350703636519,0.003248187952251741,0.0008524277673938526,2.937911528537148
9.503999999999843,0.004000000000001336,0.0,0.13032702290462642,0.6102364280434109,0.0032465654865594775,0.00039633081669261633,2.937911528537148
9.507999999999845,0.004000000000001336,0.0,0.1303295771521246,0.6102368710153769,0.0032461513113288694,5.120012483689787e-05,2.9205555480954994
9.511999999999846,0.004000000000001336,0.0,0.13033362296823592,0.6102366213481987,0.003246697023793325,0.00024205005753993788,2.9205555480954994
9.515999999999847,0.004000000000001336,0.0,0.13033891723542196,0.6102358400654126,0.0032481181163242505,0.00048704251765197833,2.918922755374025
9.519999999999849,0.004000000000001336,0.0,0.13034527737176058,0.6102346477371545,0.0032503321082848753,0.0007018298709229394,2.9150343799893452
9.52399999999985,0.004000000000001336,0.0,0.13035257268775527,0.6102331280261539,0.003253272716827407,0.0008949825573419244,2.9150343799893452
9.527999999999851,0.004000000000001336,0.0,0.1303607291768862,0.610231328673171,0.003256884309414895,0.0010710816463846936,2.9132473779891415
9.531999999999853,0.004000000000001336,0.0,0.13036889896451453,0.6102296868736606,0.003261854655764225,0.0015064385603763722,2.8028436056858546
9.535999999999854,0.004000000000001336,0.0,0.13037522749410846,0.610229132832744,0.003269865825830636,0.0020815908240727704,2.7897441566135237
9.539999999999855,0.004000000000001336,0.0,0.13038132614112885,0.6102288864015125,0.0032790915536644876,0.0023278086078484294,2.788353544766496
9.543999999999857,0.004000000000001336,0.0,0.13038779072323173,0.6102286559091347,0.003288859790009798,0.002447733130573528,2.787843573644815
9.547999999999858,0.004000000000001336,0.0,0.1303948601713652,0.6102283073612649,0.0032989877527707257,0.0025437321034077957,2.787843573644815
9.55199999999986,0.004000000000001336,0.0,0.13040260191432468,0.6102277866242819,0.003309501202314108,0.0026390029789410017,2.787076760496542
9.55599999999986,0.004000000000001336,0.0,0.13041115972941633,0.6102270057308067,0.003320315679966451,0.0027182030711284007,2.7845245992123013
9.559999999999862,0.004000000000001336,0.0,0.13042064776872403,0.6102258814413805,0.0033314054578430846,0.002801835354054298,2.7845245992123013
9.563999999999863,0.004000000000001336,0.0,0.13043105403449745,0.6102244090920849,0.003342811712999748,0.002895167814420621,2.7833958512684367
9.567999999999865,0.004000000000001336,0.0,0.13044236238613638,0.6102225930396766,0.00335454356716568,0.0029907211526964046,2.7833958512684367
9.571999999999866,0.004000000000001336,0.0,0.13045381594379218,0.6102200573388263,0.003370418616106929,0.0049992104251807,2.6502389404420104
9.575999999999867,0.004000000000001336,0.0,0.13046231658083415,0.6102165806280287,0.003400285827290955,0.008000483842958407,2.565712006283506
9.579999999999869,0.004000000000001336,0.0,0.13046596240801908,0.6102148301888642,0.0034374778504381353,0.009539653847753867,2.578979533916993
9.58399999999987,0.004000000000001336,0.0,0.13046697540587898,0.6102139989251467,0.003478362236976649,0.010323466037243803,2.5921602598035456
9.587999999999871,0.004000000000001336,0.0,0.13046648983049275,0.610213689799772,0.0035210474287469284,0.010700290629036022,2.6009144860274014
9.591999999999873,0.004000000000001336,0.0,0.13046512801200502,0.610213694806551,0.003564475263295136,0.010843423126545477,2.6064350918939163
9.595999999999874,0.004000000000001336,0.0,0.13046329013780777,0.6102138771035122,0.003607999172205347,0.01084018191019212,2.610034297601551
9.599999999999875,0.004000000000001336,0.0,0.13046120556772134,0.6102141537704803,0.0036512889618841604,0.010788540310747012,2.610034297601551
9.603999999999877,0.004000000000001336,0.0,0.13045885791615075,0.6102145239817114,0.0036944457279048737,0.010764251630306903,2.610034297601551
9.607999999999878,0.004000000000001336,0.0,0.13045795749377603,0.6102139121577245,0.0037364488121465335,0.010225227706989571,2.4909100119472583
9.61199999999988,0.004000000000001336,0.0,0.13046210811017095,0.6102101115406396,0.0037743393017319236,0.009271158662292148,2.498626194168068
9.61599999999988,0.004000000000001336,0.0,0.13046743737668984,0.6102057671545594,0.0038084799469668544,0.008410709858031743,2.503394237255966
9.619999999999882,0.004000000000001336,0.0,0.1304729451605196,0.6102014169763682,0.003839691710390141,0.0077159260824694,2.505850119825698
9.623999999999883,0.004000000000001336,0.0,0.13047835305018474,0.6101971713857377,0.0038684192801041305,0.00711566191879617,2.506940394627751
9.627999999999885,0.004000000000001336,0.0,0.13048356999363955,0.6101930479901917,0.0038949196420246714,0.006572037406543017,2.5073213743044627
9.631999999999886,0.004000000000001336,0.0,0.13048856798586447,0.6101890402726194,0.003919351526975169,0.006064336120038944,2.507352994126287
9.635999999999887,0.004000000000001336,0.0,0.13049334385346426,0.610185133608556,0.003941825961290765,0.005584884096845337,2.507352994126287
9.639999999999889,0.004000000000001336,0.0,0.13049790074879805,0.6101813104359026,0.003962443014482897,0.005128402754922536,2.5072243493863353
9.64399999999989,0.004000000000001336,0.0,0.13050223189131893,0.610177564048192,0.003981296239357274,0.004701555679779248,2.5068504715593205
9.647999999999891,0.004000000000001336,0.0,0.13050628765700403,0.6101738961989085,0.003998617150231059,0.004336137928154677,2.5064928915468374
9.651999999999893,0.004000000000001336,0.0,0.13050985129804354,0.6101705991216594,0.004013435344807589,0.0034125388628215157,2.630072449844683
9.655999999999894,0.004000000000001336,0.0,0.13051245115321813,0.6101683276413308,0.004023227012545172,0.002251754489853374,2.602576299756457
9.659999999999895,0.004000000000001336,0.0,0.1305140951108327,0.6101667856955449,0.004029542245816036,0.001438681253227639,2.586196806480937
9.663999999999897,0.004000000000001336,0.0,0.13051473218915569,0.6101658248752622,0.004033347985788656,0.0008420851854062717,2.576518663206332
9.667999999999898,0.004000000000001336,0.0,0.1305142085427727,0.6101654223846547,0.004035251602872394,0.0003782144123793494,2.576518663206332
9.6719999999999,0.004000000000001336,0.0,0.13051260305773366,0.6101654721774721,0.004035599942191574,0.00010269168269405348,2.5711358065838747
9.6759999999999,0.004000000000001336,0.0,0.130509794491762,0.61016599415019,0.0040346830403280316,0.000365179130500248,2.5711358065838747
9.679999999999902,0.004000000000001336,0.0,0.1305058725699826,0.6101668954979701,0.004032701169333657,0.000618992618946249,2.566195344768892
9.683999999999903,0.004000000000001336,0.0,0.13050100812706503,0.6101680111592536,0.004029894737057402,0.0008214846656168615,2.5666271927293787
9.687999999999905,0.004000000000001336,0.0,0.13049660632283533,0.6101685500807714,0.00402545133924046,0.0013623017127786016,2.7015726127387083
9.691999999999906,0.004000000000001336,0.0,0.13049587877503452,0.6101667204547264,0.004017384254305913,0.0021414350915855704,2.6955061968360554
9.695999999999907,0.004000000000001336,0.0,0.13049642432807043,0.6101637913068602,0.004007825358774468,0.002501542661475544,2.6939060781324917
9.699999999999909,0.004000000000001336,0.0,0.13049722258200883,0.6101603306420392,0.00399749365891201,0.002699878262782855,2.6948745160619927
9.70399999999991,0.004000000000001336,0.0,0.13049776946594852,0.6101566394405876,0.003986602798380513,0.0028497860082515956,2.6948745160619927
9.707999999999911,0.004000000000001336,0.0,0.13049778073694185,0.6101529151563397,0.003975118747344411,0.0029911340494684553,2.6985238079607097
9.711999999999913,0.004000000000001336,0.0,0.13049685319614962,0.6101494443371602,0.0039630084232516105,0.0031303603985480756,2.6999862564518864
9.715999999999914,0.004000000000001336,0.0,0.1304948713388067,0.6101463186628585,0.003950229401059193,0.0032771842757979143,2.70153116517298
9.719999999999915,0.004000000000001336,0.0,0.1304917603408329,0.6101435986163523,0.003936769369650976,0.0034272108957026613,2.7028963073813532
9.723999999999917,0.004000000000001336,0.0,0.13048748397627816,0.6101413140819643,0.003922639095639788,0.003578534647393835,2.7028963073813532
9.727999999999918,0.004000000000001336,0.0,0.1304826069462614,0.610139947889116,0.0039036828927784934,0.005795115599974036,2.849657588334605
9.73199999999992,0.004000000000001336,0.0,0.13047970406274464,0.6101400058985982,0.003869208800270842,0.009151940600559162,2.9462759345560183
9.73599999999992,0.004000000000001336,0.0,0.13048075411248247,0.6101387682659837,0.003826612576166553,0.010904719805593972,2.9331219085126605
9.739999999999922,0.004000000000001336,0.0,0.13048354068908896,0.6101370511592954,0.003779849111353483,0.01180877181310104,2.9193741234554182
9.743999999999923,0.004000000000001336,0.0,0.13048701019305825,0.6101352108712893,0.0037309577082841033,0.012265973865013723,2.9102589053490653
9.747999999999925,0.004000000000001336,0.0,0.1304906277494274,0.6101334075738313,0.00368107563474941,0.01246876794859975,2.9045876980804834
9.751999999999926,0.004000000000001336,0.0,0.13049407030997703,0.6101317345716551,0.0036309008309823565,0.012511872057499302,2.9009593865710923
9.755999999999927,0.004000000000001336,0.0,0.13049711257507246,0.6101302581201743,0.0035809087803642856,0.012443779027619103,2.898425696940393
9.759999999999929,0.004000000000001336,0.0,0.13049958263904662,0.6101290291984078,0.003531456827644427,0.012290707029704973,2.896439291308679
9.76399999999993,0.004000000000001336,0.0,0.13050134530104437,0.6101280895175745,0.003482813050871062,0.012077437176321645,2.894704286365983
9.767999999999931,0.004000000000001336,0.0,0.13050025094715498,0.6101287623745857,0.0034365741422749045,0.01113199353470162,3.034131960355533
9.771999999999933,0.004000000000001336,0.0,0.13049292224831036,0.6101331800420625,0.003396303678321429,0.009792597004354807,3.022332316596788
9.775999999999934,0.004000000000001336,0.0,0.1304813571286471,0.6101399574006092,0.0033613223678439527,0.008638510410097852,3.022332316596788
9.779999999999935,0.004000000000001336,0.0,0.13046720841800832,0.6101481995755305,0.0033304601348790814,0.007811645317941595,3.0092968515913605
9.783999999999937,0.004000000000001336,0.0,0.13045377818874068,0.6101558969076888,0.0033021656318983203,0.007180943094579037,3.007429128476195
9.787999999999938,0.004000000000001336,0.0,0.13044059183926912,0.6101634286514549,0.0032761869869922444,0.006624704900943566,3.006938511625808
9.79199999999994,0.004000000000001336,0.0,0.1304276162116471,0.6101708492230207,0.003252360914369887,0.0061094820836097566,3.0068899366524753
9.79599999999994,0.004000000000001336,0.0,0.13041487801468052,0.6101781622536149,0.0032305684223114467,0.0056234278552391385,3.007020221314315
9.799999999999942,0.004000000000001336,0.0,0.1304024008294669,0.610185372790847,0.0032106899690510014,0.005175447323548276,3.007020221314315
9.803999999999943,0.004000000000001336,0.0,0.1303902385583288,0.6101924895997926,0.0031924531330543068,0.004794907057626419,3.00743510088348
9.807999999999945,0.004000000000001336,0.0,0.13037914667694922,0.6101989046592223,0.0031766332091925,0.0039004042078041356,3.0154643955197304
9.811999999999946,0.004000000000001336,0.0,0.13037058358758477,0.6102034124072525,0.003165252097696564,0.002822004719748207,3.0000666580428432
9.815999999999947,0.004000000000001336,0.0,0.13036353340446113,0.6102069579798887,0.0031568631258987304,0.002130135305409673,2.991255768475534
9.819999999999949,0.004000000000001336,0.0,0.1303574205351064,0.6102101541282571,0.003150436959440775,0.00169095806835571,2.9864213322423288
9.82399999999995,0.004000000000001336,0.0,0.13035207761420023,0.6102132265508929,0.003145424637875958,0.0013854796807223277,2.983302577436192
9.827999999999951,0.004000000000001336,0.0,0.13034749466516213,0.6102162318653414,0.0031415376176109656,0.001151282228489029,2.9808571545814915
9.831999999999953,0.004000000000001336,0.0,0.13034370327070982,0.6102191728764454,0.0031386065243572785,0.0009644709071491377,2.9808571545814915
9.835999999999954,0.004000000000001336,0.0,0.130340732094327,0.6102220480745212,0.0031365086788234836,0.000815804823446317,2.9786702140693384
9.839999999999955,0.004000000000001336,0.0,0.13033863110580363,0.6102248233747595,0.0031351795490662804,0.0006875144892259204,2.9743917084437634
9.843999999999957,0.004000000000001336,0.0,0.13033747200288162,0.6102274326357288,0.0031346074580244783,0.0005878329885767705,2.972401487133688
9.847999999999958,0.004000000000001336,0.0,0.13033738488405228,0.61022971530955,0.0031351355627938934,0.0005180527583912091,2.8710571766896966
9.85199999999996,0.004000000000001336,0.0,0.13033874063631243,0.6102312429890115,0.003137626770920228,0.0007254154214842079,2.8639697342378305
9.85599999999996,0.004000000000001336,0.0,0.1303419151437144,0.6102318745150483,0.003141237166958871,0.0009368211163185081,2.8603181749009985
9.859999999999962,0.004000000000001336,0.0,0.13034693776271977,0.6102316254824905,0.0031455984628257633,0.0011312313419757432,2.8576689683695125
9.863999999999963,0.004000000000001336,0.0,0.13035370115109718,0.6102305702592904,0.0031505555244556557,0.0013196192847594165,2.855407134774962
9.867999999999965,0.004000000000001336,0.0,0.13036205187814665,0.6102287971507748,0.0031560701621759393,0.0015100125305179443,2.8533145345975455
9.871999999999966,0.004000000000001336,0.0,0.13037184091627715,0.6102263887941368,0.003162133878534078,0.001697385691996249,2.8513201350216506
9.875999999999967,0.004000000000001336,0.0,0.13038294026173708,0.610223416568669,0.0031687332934709346,0.001876978201083121,2.8494012929978756
9.879999999999969,0.004000000000001336,0.0,0.130395202092934,0.610219966297027,0.0031758556635547914,0.0020448197769576777,2.8475503439878436
9.88399999999997,0.004000000000001336,0.0,0.1304084618143901,0.610216136444499,0.00318348698642676,0.002197936446302103,2.8457472290575954
9.887999999999971,0.004000000000001336,0.0,0.1304226166842456,0.610211991309881,0.003191589533646993,0.002335238251687752,2.8457472290575954
9.891999999999973,0.004000000000001336,0.0,0.13043764125158264,0.6102075551358123,0.0032000971187836,0.0024552438390385064,2.8457472290575954
9.895999999999974,0.004000000000001336,0.0,0.13045352809322103,0.6102028414228424,0.003208944399158047,0.002560068662295517,2.8457472290575954
9.899999999999975,0.004000000000001336,0.0,0.13046856465620796,0.6101981245742644,0.0032220800101680287,0.004460647825979237,2.704342931098587
9.903999999999977,0.004000000000001336,0.0,0.1304775793031147,0.6101946104503019,0.0032496115787628067,0.00740344871872348,2.616086377191418
9.907999999999978,0.004000000000001336,0.0,0.13048114938540675,0.6101933663498544,0.0032842835984359105,0.008884893786472042,2.624971882836343
9.91199999999998,0.004000000000001336,0.0,0.13048153961242814,0.6101934399311155,0.003323057106701437,0.009922204113148397,2.624971882836343
9.91599999999998,0.004000000000001336,0.0,0.13047944366591283,0.6101945341550943,0.0033650638520912653,0.01045653084774823,2.64411878663178
9.919999999999982,0.004000000000001336,0.0,0.1304770597051118,0.6101958175394107,0.0034069532380176324,0.01042632772567691,2.650209991530813
9.923999999999984,0.004000000000001336,0.0,0.1304744730835414,0.610197261688122,0.003448633192592123,0.010368606734684958,2.6528252420722436
9.927999999999985,0.004000000000001336,0.0,0.1304717850467019,0.6101988214208103,0.003490029786640659,0.010308268019535933,2.6528252420722436
9.931999999999986,0.004000000000001336,0.0,0.13047035374023377,0.6101992209345993,0.003532314030970695,0.010809707568591835,2.498068669854013
9.935999999999988,0.004000000000001336,0.0,0.13047272545687708,0.6101958517744565,0.0035781791023465227,0.011570854250938288,2.4813583151658647
9.939999999999989,0.004000000000001336,0.0,0.13047427917024712,0.6101924599253771,0.003625030997105131,0.011721033509214069,2.4941422629715886
9.94399999999999,0.004000000000001336,0.0,0.1304750528336485,0.6101892546097002,0.003671725895362076,0.011688567033715506,2.4941422629715886
9.947999999999992,0.004000000000001336,0.0,0.13047519563645377,0.6101862040924274,0.0037179395002480083,0.011460427657430399,2.5069112133331486
9.951999999999993,0.004000000000001336,0.0,0.13047504267330284,0.6101833416088738,0.0037623754545716317,0.011014351101576128,2.509537653939029
9.955999999999994,0.004000000000001336,0.0,0.13047478228374984,0.610180549237615,0.00380500538051428,0.010558871340810589,2.5106866117952795
9.959999999999996,0.004000000000001336,0.0,0.13047451375407815,0.6101777780877828,0.003845765538123193,0.01009035550081779,2.5111141940359545
9.963999999999997,0.004000000000001336,0.0,0.13047431629362932,0.6101749883639899,0.0038846195657142755,0.009613320566961056,2.5111942025709637
9.967999999999998,0.004000000000001336,0.0,0.13047449640548003,0.610172395742736,0.0039188457408680915,0.0077837212791114435,2.5608468185246465
9.972,0.004000000000001336,0.0,0.1304754580127428,0.610170565214864,0.003942578360854697,0.005483674381030707,2.52858383815003
9.976,0.004000000000001336,0.0,0.13047689556988587,0.6101688719029055,0.003959968845316829,0.004074917306867268,2.5181670991387435
9.980000000000002,0.004000000000001336,0.0,0.1304784123239295,0.6101671739931696,0.0039732873728278734,0.003155634492015245,2.5162196522761633
9.984000000000004,0.004000000000001336,0.0,0.13047970926885438,0.6101654709170136,0.003983759992287947,0.002505361626572789,2.516591771019447
9.988000000000005,0.004000000000001336,0.0,0.13048058258289405,0.6101637867610138,0.003992122169973604,0.002018031035152256,2.5176206832499908
9.992000000000006,0.004000000000001336,0.0,0.13048089701226498,0.6101621448629709,0.003998841850036117,0.001634912867068064,2.5188425927866116
9.996000000000008,0.004000000000001336,0.0,0.1304805627276252,0.6101605642460257,0.004004227079180668,0.0013206541382458086,2.520119166686793
10.000000000000009,0.004000000000001336,0.0,0.13047951924316753,0.6101590604455125,0.00400848550463454,0.0010530553393199283,2.5214036922264476
10.00400000000001,0.004000000000001336,0.0,0.1304776728101478,0.610157787778082,0.004011485508560469,0.0006658473475173556,2.6507740787341345
10.008000000000012,0.004000000000001336,0.0,0.13047498550492106,0.6101570330732411,0.004012714539748521,0.00024237417837259264,2.6324080631914923
10.012000000000013,0.004000000000001336,0.0,0.13047132370750536,0.6101567763595948,0.004012648632353444,8.492793767322697e-05,2.621312780161662
10.016000000000014,0.004000000000001336,0.0,0.1304667778830416,0.610156912146294,0.004011520242092849,0.00035581312343651103,2.614672578356951
10.020000000000016,0.004000000000001336,0.0,0.13046144606524301,0.610157358013991,0.00400944872586061,0.000597448270798823,2.6107187144942037
10.024000000000017,0.004000000000001336,0.0,0.13045539693510225,0.6101580634449161,0.004006503101147217,0.0008211597283523356,2.61324364407537
10.028000000000018,0.004000000000001336,0.0,0.1304486792638719,0.6101589971222513,0.004002727822346081,0.0010343085964478911,2.6158260290132196
10.03200000000002,0.004000000000001336,0.0,0.13044133752721618,0.6101601380396048,0.003998125880074583,0.0012463397211984948,2.6182392446357206
10.036000000000021,0.004000000000001336,0.0,0.13043340280662,0.610161471938898,0.003992713084770723,0.001452505454986659,2.6205077577979825
10.040000000000022,0.004000000000001336,0.0,0.1304248948899307,0.610162988584678,0.003986524301395669,0.0016487650377227233,2.622655134954314
10.044000000000024,0.004000000000001336,0.0,0.13041768282443897,0.6101640527483791,0.003976335939983921,0.0033956999008014897,2.756796348618039
10.048000000000025,0.004000000000001336,0.0,0.13041681497438928,0.6101628289624565,0.003954050737754152,0.005936837080689042,2.8291834643648293
10.052000000000026,0.004000000000001336,0.0,0.1304201681077886,0.6101595806562119,0.003926163726583576,0.007162944271877791,2.826837091886413
10.056000000000028,0.004000000000001336,0.0,0.13042550829910685,0.6101553416765377,0.003895432176771347,0.007807951545568308,2.8200834397793715
10.060000000000029,0.004000000000001336,0.0,0.1304318208985205,0.6101505786831788,0.0038630846810242822,0.00818250585553305,2.8152822700518385
10.06400000000003,0.004000000000001336,0.0,0.13043857366896097,0.6101455356538149,0.003829744042390509,0.008415018546715239,2.812431819053151
10.068000000000032,0.004000000000001336,0.0,0.13044542406028134,0.6101403741540506,0.003795771782549328,0.008561221159037138,2.8107810863779132
10.072000000000033,0.004000000000001336,0.0,0.13045217569379558,0.6101351900676097,0.0037613480859884133,0.008680468131611462,2.8107810863779132
10.076000000000034,0.004000000000001336,0.0,0.13045878827223864,0.6101300057425716,0.0037264830393669798,0.008777839561727386,2.8097193557792033
10.080000000000036,0.004000000000001336,0.0,0.13046498498237094,0.6101249483275425,0.003691482912100083,0.008772945417270509,2.8079305671366863
10.084000000000037,0.004000000000001336,0.0,0.13046879362885214,0.6101216329908287,0.0036554255806293436,0.009315376047895388,2.958709869847137
10.088000000000038,0.004000000000001336,0.0,0.13046710306472226,0.6101231222655767,0.003614817504938953,0.010293799920091254,2.9866754567370455
10.09200000000004,0.004000000000001336,0.0,0.1304651282883555,0.6101253131536436,0.0035723054733663093,0.01066728744749164,2.972230286278815
10.096000000000041,0.004000000000001336,0.0,0.1304628467091386,0.6101279361342808,0.003529471985005585,0.010699504869630349,2.963388882540055
10.100000000000042,0.004000000000001336,0.0,0.13046015953868023,0.6101309185951378,0.0034871114996169617,0.010559141396028615,2.9582997259250376
10.104000000000044,0.004000000000001336,0.0,0.1304570112828369,0.6101342258352405,0.003445640170665557,0.010328920043651124,2.955519371011958
10.108000000000045,0.004000000000001336,0.0,0.13045337487094844,0.6101378347505901,0.0034052966402015818,0.010044030005728392,2.9540978672664875
10.112000000000046,0.004000000000001336,0.0,0.13044923509369774,0.6101417249360683,0.003366255988815151,0.009718239301549832,2.953460563166084
10.116000000000048,0.004000000000001336,0.0,0.13044458252451702,0.6101458774695271,0.00332865983919932,0.009359035840566817,2.953266018970411
10.120000000000049,0.004000000000001336,0.0,0.13043941151718016,0.6101502739681034,0.0032926294695056527,0.008971225768196336,2.953314864026045
10.12400000000005,0.004000000000001336,0.0,0.13043328666463125,0.6101549346811195,0.0032603320912932094,0.007542881521959368,3.0175062024665285
10.128000000000052,0.004000000000001336,0.0,0.1304256819142046,0.6101596195567599,0.0032368332978728546,0.005522204654286865,3.0175062024665285
10.132000000000053,0.004000000000001336,0.0,0.13041752797568218,0.6101641883002576,0.0032193037555382827,0.004350216478000591,2.9924807981976884
10.136000000000054,0.004000000000001336,0.0,0.1304086607244168,0.610169421977571,0.0032045178328240073,0.0037740215935659965,2.9926443390188555
10.140000000000056,0.004000000000001336,0.0,0.1303995735549016,0.6101750270191033,0.003191969986810292,0.0033219570096372298,2.991418187257375
10.144000000000057,0.004000000000001336,0.0,0.13039047993464833,0.6101809201226278,0.0031811534011105653,0.002987338706173485,2.991418187257375
10.148000000000058,0.004000000000001336,0.0,0.13038169428108462,0.610186968270878,0.0031716489952426266,0.0027386485590780506,2.991418187257375
10.15200000000006,0.004000000000001336,0.0,0.1303732992213008,0.6101931391641753,0.003163223377075675,0.002532338960884167,2.9874445073149243
10.156000000000061,0.004000000000001336,0.0,0.13036502672512548,0.6101995460253021,0.0031558943949414817,0.0023658885608934294,2.9874445073149243
10.160000000000062,0.004000000000001336,0.0,0.1303569500930851,0.6102061722391302,0.0031494673728288203,0.002242106607517284,2.9838283287560206
10.164000000000064,0.004000000000001336,0.0,0.1303492750277781,0.610212919985704,0.003143757772548622,0.0021492004491183094,2.9838283287560206
10.168000000000065,0.004000000000001336,0.0,0.130343034633276,0.6102190260051914,0.003139060664184419,0.001649217749491623,2.929600674632452
10.172000000000066,0.004000000000001336,0.0,0.13034060833468888,0.6102226730389133,0.003136332775360257,0.0009295148642007513,2.928390622283168
10.176000000000068,0.004000000000001336,0.0,0.13034090461754672,0.6102246589519398,0.003135136575419056,0.00041392941624242416,2.919324492189937
10.180000000000069,0.004000000000001336,0.0,0.13034328029137662,0.6102254718278387,0.003135121018047518,8.933706471072726e-05,2.912528925823116
10.18400000000007,0.004000000000001336,0.0,0.13034729247135501,0.6102254332553189,0.00313608174898919,0.0003079624087585472,2.905348252886788
10.188000000000072,0.004000000000001336,0.0,0.13035261999357145,0.6102247663530771,0.003137890529965802,0.0005588776467685717,2.9032923638888617
10.192000000000073,0.004000000000001336,0.0,0.13035902810280167,0.6102236229667045,0.0031404852635856808,0.0007819425060893236,2.90122079685725
10.196000000000074,0.004000000000001336,0.0,0.13036635509780758,0.6102221055983706,0.003143813300680095,0.0009825579466502417,2.8991511476165672
10.200000000000076,0.004000000000001336,0.0,0.1303744891259501,0.6102202843602961,0.0031478241669625614,0.0011646488849079222,2.8971064561009108
10.204000000000077,0.004000000000001336,0.0,0.13038173373572412,0.6102188597756772,0.0031545179013872725,0.0022265973919768055,2.7727703695490256
10.208000000000078,0.004000000000001336,0.0,0.13038386190682963,0.6102195617825033,0.0031689292798502675,0.0038116713814558014,2.729437249650517
10.21200000000008,0.004000000000001336,0.0,0.13038328275967404,0.6102215851231128,0.0031867175970024916,0.004542850289128838,2.729669798887199
10.216000000000081,0.004000000000001336,0.0,0.13038141264832429,0.6102242419001493,0.0032064174205101454,0.005045612884036201,2.729669798887199
10.220000000000082,0.004000000000001336,0.0,0.13037843469853727,0.610227425946389,0.0032279313418895096,0.005451902383094212,2.73314497285799
10.224000000000084,0.004000000000001336,0.0,0.13037494890253995,0.6102308611387013,0.003250586406202414,0.005749920382836608,2.73314497285799
10.228000000000085,0.004000000000001336,0.0,0.13037134947304857,0.6102343631387944,0.0032739691097222415,0.005811694947499029,2.734941477823985
10.232000000000086,0.004000000000001336,0.0,0.13036886565186534,0.6102373809189929,0.0032966431449193453,0.005625491731302979,2.734941477823985
10.236000000000088,0.004000000000001336,0.0,0.13036737531379436,0.6102399763540001,0.0033187495909818756,0.00552667651832349,2.741772021331943
10.240000000000089,0.004000000000001336,0.0,0.13036642742367163,0.6102423494200739,0.0033408767464082846,0.005520219228458358,2.739383044549102
10.24400000000009,0.004000000000001336,0.0,0.13036716663699163,0.6102431272882796,0.0033654639432310327,0.006756944770661669,2.5964740231573886
10.248000000000092,0.004000000000001336,0.0,0.13037263163657317,0.6102383326830811,0.003400475923119619,0.009551650637614692,2.5964740231573886
10.252000000000093,0.004000000000001336,0.0,0.1303796027502081,0.6102308157801385,0.0034429304002713767,0.010518164097300184,2.483255607525501
10.256000000000094,0.004000000000001336,0.0,0.1303815811512072,0.6102271594232678,0.003482785709348747,0.009964782730663745,2.522519216756095
10.260000000000096,0.004000000000001336,0.0,0.13038227052838483,0.6102242924381597,0.0035221983893918025,0.009872485866253961,2.548921753399875
10.264000000000097,0.004000000000001336,0.0,0.1303826182692288,0.6102214853113818,0.003561549540436983,0.009842988514578259,2.5625395601463303
10.268000000000098,0.004000000000001336,0.0,0.1303828711405903,0.610218620703386,0.003600600816099145,0.009747898602734617,2.569877551640471
10.2720000000001,0.004000000000001336,0.0,0.1303831873137573,0.610215661830771,0.003639017334949503,0.009573914505880373,2.573847113290926
10.276000000000101,0.004000000000001336,0.0,0.13038368942035428,0.6102125799250143,0.0036765469281558475,0.009343581821418905,2.5759693522155773
10.280000000000102,0.004000000000001336,0.0,0.13038446845117582,0.6102093562539641,0.0037129906345171166,0.009065720977292765,2.5770921559526787
10.284000000000104,0.004000000000001336,0.0,0.13038587954574288,0.6102060501836919,0.0037460457283322143,0.007686690091685471,2.4885398529833904
10.288000000000105,0.004000000000001336,0.0,0.13038832553090507,0.6102029532073386,0.0037706109734630578,0.005796529338750908,2.4986005271099567
10.292000000000106,0.004000000000001336,0.0,0.13039132350449892,0.6101998448397543,0.003789731594593659,0.004578298782681744,2.5053070045657844
10.296000000000108,0.004000000000001336,0.0,0.13039456697250923,0.6101966473364128,0.003805162059025733,0.0037590774538645505,2.5089952458434603
10.300000000000109,0.004000000000001336,0.0,0.13039802057789077,0.6101932309210257,0.003818010954994241,0.0031943670133142083,2.511332320535547
10.30400000000011,0.004000000000001336,0.0,0.1304016008535665,0.6101895581318305,0.003828975872625519,0.002792146854205849,2.5130667451167343
10.308000000000112,0.004000000000001336,0.0,0.13040517493890066,0.6101856539636776,0.003838512733611615,0.002496250816772476,2.5130667451167343
10.312000000000113,0.004000000000001336,0.0,0.13040857694738928,0.6101815765594253,0.0038469464829464415,0.002274155458453144,2.514542897471073
10.316000000000114,0.004000000000001336,0.0,0.13041178517729848,0.61017733029796,0.0038544510407907814,0.002084771927618347,2.5171715804059143
10.320000000000116,0.004000000000001336,0.0,0.13041480425179885,0.6101729297119929,0.003861065410107903,0.0019231533937726982,2.5171715804059143
10.324000000000117,0.004000000000001336,0.0,0.13041700249188973,0.6101688682983752,0.0038665342452737623,0.0014875077433048204,2.603031672837498
10.328000000000118,0.004000000000001336,0.0,0.13041689047694438,0.6101663474290625,0.003870009697060963,0.0009162414597574732,2.583104894283138
10.33200000000012,0.004000000000001336,0.0,0.13041503923678122,0.6101648817330225,0.0038720231007480935,0.0005002355298918311,2.583721429535994
10.336000000000121,0.004000000000001336,0.0,0.13041184238771242,0.6101641564243919,0.003872873707732229,0.00017588808532783016,2.5876132972360444
10.340000000000122,0.004000000000001336,0.0,0.1304075707820548,0.6101639670571904,0.0038727325539655282,9.454318656066903e-05,2.590653302548571
10.344000000000124,0.004000000000001336,0.0,0.13040241056065974,0.6101641803837312,0.0038717030602139595,0.0003307274956118263,2.593271656081263
10.348000000000125,0.004000000000001336,0.0,0.13039648957396238,0.6101647089908095,0.0038698553122092564,0.0005445529487851728,2.5956716670924314
10.352000000000126,0.004000000000001336,0.0,0.13038989567927817,0.6101654949142147,0.0038672446143377184,0.0007414055023740889,2.5979440849508753
10.356000000000128,0.004000000000001336,0.0,0.1303826893800434,0.6101664990913465,0.003863920861233437,0.0009238320777312353,2.6001262247878367
10.360000000000129,0.004000000000001336,0.0,0.13037491014577157,0.6101676955745651,0.0038599335125694234,0.0010927394010766265,2.6001262247878367
10.36400000000013,0.004000000000001336,0.0,0.13036657850398722,0.6101690686173451,0.003855334314237614,0.0012483920525482182,2.6001262247878367
10.368000000000132,0.004000000000001336,0.0,0.1303577129493093,0.6101706054347827,0.003850164286622416,0.001394981190099225,2.602231748862941
10.372000000000133,0.004000000000001336,0.0,0.13035000184121345,0.610171432660955,0.003843120742611861,0.00211010437710046,2.7198841375898586
10.376000000000134,0.004000000000001336,0.0,0.1303483422848617,0.610169073272406,0.0038300699476908413,0.003671433628334388,2.722121287791239
10.380000000000136,0.004000000000001336,0.0,0.1303526894239693,0.6101636475229565,0.0038105722064160326,0.005406171471435738,2.7241624262259996
10.384000000000137,0.004000000000001336,0.0,0.13036224620921052,0.6101555848276458,0.0037852883817537414,0.0066924088285331106,2.7525630432910666
10.388000000000138,0.004000000000001336,0.0,0.1303727971691445,0.6101468688833507,0.003759091872256116,0.0064541892746794415,2.8245944736705884
10.39200000000014,0.004000000000001336,0.0,0.130378831558131,0.6101402802887984,0.0037372221564626945,0.005403022663230865,2.798423155712006
10.396000000000141,0.004000000000001336,0.0,0.13038129188827152,0.6101353860659784,0.0037184646165338816,0.004577724318477135,2.798423155712006
10.400000000000142,0.004000000000001336,0.0,0.13038086775955623,0.6101318880305432,0.0037018054008586825,0.004224392806065433,2.7637355223097586
10.404000000000144,0.004000000000001336,0.0,0.13038044375082633,0.6101281608020132,0.00368501053006828,0.0042651757733891665,2.7637355223097586
10.408000000000145,0.004000000000001336,0.0,0.1303791827383679,0.6101254792984742,0.0036647710092603918,0.005886135520208566,2.906348818608348
10.412000000000146,0.004000000000001336,0.0,0.13037668492165144,0.6101259920000994,0.003632397464617028,0.008530087437340454,2.969984074891151
10.416000000000148,0.004000000000001336,0.0,0.13037660018906866,0.6101261301011556,0.0035935120953738335,0.00992792407961012,2.9510995589175
10.42000000000015,0.004000000000001336,0.0,0.13037750062768516,0.6101262634256257,0.0035514940474227564,0.010591184011550233,2.9379443802606287
10.42400000000015,0.004000000000001336,0.0,0.1303787149932162,0.6101265383438109,0.0035080813280039627,0.010874736034152828,2.9300453568838347
10.428000000000152,0.004000000000001336,0.0,0.13037990272376876,0.6101270114709337,0.0034642506832102634,0.01093995669819337,2.9254716924581854
10.432000000000153,0.004000000000001336,0.0,0.13038088524221558,0.6101277146116317,0.0034205026230778096,0.010921555135291819,2.9254716924581854
10.436000000000154,0.004000000000001336,0.0,0.13038161788259628,0.610128684236431,0.0033768108274834768,0.010913614533507294,2.9254716924581854
10.440000000000156,0.004000000000001336,0.0,0.13038206964749066,0.6101299526168247,0.0033331207649726605,0.010920173275308132,2.9254716924581854
10.444000000000157,0.004000000000001336,0.0,0.13038219674384285,0.6101315426943568,0.0032894766242441823,0.010890338502598178,2.9229387719058955
10.448000000000158,0.004000000000001336,0.0,0.13038054163193374,0.6101342178288618,0.0032475875799504225,0.010126221023702583,3.0210475071038307
10.45200000000016,0.004000000000001336,0.0,0.13037372195425323,0.6101398453961231,0.0032111428238452444,0.008959657387212282,3.0158309415218367
10.456000000000161,0.004000000000001336,0.0,0.13036519442417732,0.6101462946317193,0.003178750336541789,0.008055792995546747,3.012543416284126
10.460000000000163,0.004000000000001336,0.0,0.13035582136591836,0.610153122599875,0.0031496044134428696,0.007297394740680559,3.012543416284126
10.464000000000164,0.004000000000001336,0.0,0.13034570891339228,0.6101603084955161,0.0031234257711758727,0.006629670622986755,3.0110285913260713
10.468000000000165,0.004000000000001336,0.0,0.13033518940738117,0.6101677050305984,0.0030997920761062577,0.006044986481541681,3.0110285913260713
10.472000000000167,0.004000000000001336,0.0,0.13032438149737463,0.6101752735990768,0.0030784778877120623,0.0055302062085075794,3.010264120258204
10.476000000000168,0.004000000000001336,0.0,0.1303138025623298,0.6101827442468961,0.003059035025172281,0.005099098616358526,3.010471050400254
10.48000000000017,0.004000000000001336,0.0,0.1303039130265337,0.6101898765161485,0.0030410520017107585,0.004749048384850349,3.010471050400254
10.48400000000017,0.004000000000001336,0.0,0.13029467796486455,0.6101967370660735,0.003024287453426738,0.004446848774046337,3.0110456150311626
10.488000000000172,0.004000000000001336,0.0,0.13028667409365083,0.6102028131523746,0.0030098168448462444,0.0035227937224568988,3.0139499156341825
10.492000000000173,0.004000000000001336,0.0,0.1302816301341932,0.6102066751869166,0.003000231753347854,0.002293421539766046,3.0133958252447233
10.496000000000175,0.004000000000001336,0.0,0.13027886772181899,0.6102090139695688,0.002994173354366641,0.001419299762809943,2.99600763288055
10.500000000000176,0.004000000000001336,0.0,0.13027801234714692,0.6102102583309265,0.0029906160950814334,0.0007931767308952049,2.983608268109111
10.504000000000177,0.004000000000001336,0.0,0.13027878398542414,0.610210695124871,0.0029889364344575526,0.00032885399757385386,2.9765521094676357
10.508000000000179,0.004000000000001336,0.0,0.1302808816438866,0.6102105866167792,0.0029887167026918194,0.00010644574423223925,2.9693547370862627
10.51200000000018,0.004000000000001336,0.0,0.13028393832336319,0.6102102313228934,0.0029896193441743568,0.000323833411357036,2.967368198695431
10.516000000000181,0.004000000000001336,0.0,0.13028789699016943,0.6102096880046448,0.002991487338151929,0.0005544417173356618,2.9653339630932036
10.520000000000183,0.004000000000001336,0.0,0.13029273873589256,0.6102089787047567,0.0029942143560595922,0.0007649216621754355,2.963244728574679
10.524000000000184,0.004000000000001336,0.0,0.13029690990617376,0.6102088721009322,0.002999078384146863,0.0015818694213028176,2.8382551011497337
10.528000000000185,0.004000000000001336,0.0,0.13029688111166166,0.6102110357670905,0.0030093194248387595,0.002722205773922559,2.8030020093094743
10.532000000000187,0.004000000000001336,0.0,0.13029572970847791,0.6102138952069476,0.0030222491379224246,0.00341596988299078,2.8030020093094743
10.536000000000188,0.004000000000001336,0.0,0.13029431736403144,0.610216976867354,0.0030372788500171487,0.0037533506234914567,2.786451437820837
10.54000000000019,0.004000000000001336,0.0,0.13029478102087522,0.6102192559269456,0.0030523469411854126,0.0037608330544740406,2.793494279695753
10.54400000000019,0.004000000000001336,0.0,0.13029698353736624,0.6102207975592745,0.0030676549461886348,0.0038153349292425654,2.793494279695753
10.548000000000192,0.004000000000001336,0.0,0.1303007993079518,0.6102216651463758,0.0030832910173343273,0.0039048730485698162,2.795217780551179
10.552000000000193,0.004000000000001336,0.0,0.13030604967000245,0.6102219504675499,0.0030993664316136056,0.004016834874418365,2.7933230406195473
10.556000000000195,0.004000000000001336,0.0,0.13031266635757738,0.6102216924341012,0.0031158694200634084,0.004130703393388534,2.7933230406195473
10.560000000000196,0.004000000000001336,0.0,0.13032058626997378,0.6102209299243867,0.003132790054165608,0.004242322786609153,2.7920585562845024
10.564000000000197,0.004000000000001336,0.0,0.13032975737382305,0.610219697507893,0.0031500960222937808,0.004349266119264158,2.7920585562845024
10.568000000000199,0.004000000000001336,0.0,0.13033983825023546,0.6102172165743057,0.003171960491617128,0.006583529028410927,2.618033337147776
10.5720000000002,0.004000000000001336,0.0,0.13034984192717458,0.610211028384189,0.0032114424520288086,0.011141622952097118,2.618033337147776
10.576000000000201,0.004000000000001336,0.0,0.1303572943660647,0.6102038173608894,0.003263894811596558,0.012965769326953534,2.4668845842493714
10.580000000000203,0.004000000000001336,0.0,0.1303591761272396,0.6102009305340408,0.003313931249228827,0.012530568167886539,2.513276131131622
10.584000000000204,0.004000000000001336,0.0,0.13035845426904585,0.6101996248842823,0.0033643693642778985,0.012654538188656946,2.5522678508891614
10.588000000000205,0.004000000000001336,0.0,0.1303564646673075,0.6101988952362548,0.0034156709477002364,0.01284284934050992,2.572695397445051
10.592000000000207,0.004000000000001336,0.0,0.130353710484457,0.6101984948081906,0.0034674123388156327,0.012915702598768205,2.5838745245084986
10.596000000000208,0.004000000000001336,0.0,0.13035057319970142,0.6101982868629447,0.003519033014154705,0.012853765945478273,2.5900170451322233
10.60000000000021,0.004000000000001336,0.0,0.13034737759381324,0.6101981610648646,0.0035700252097127247,0.012669811758518987,2.5934159295733457
10.60400000000021,0.004000000000001336,0.0,0.13034581008436583,0.6101973011949776,0.0036179073344285886,0.011371803072195402,2.45454446586156
10.608000000000212,0.004000000000001336,0.0,0.13034857063331096,0.610194412086057,0.003657411092516416,0.009463651289545667,2.4668372489825003
10.612000000000213,0.004000000000001336,0.0,0.13035462804090575,0.6101899851358952,0.003690550249671571,0.008046634163208957,2.474131679131936
10.616000000000215,0.004000000000001336,0.0,0.13036254253683677,0.6101847499760713,0.003718845335137448,0.006924713108118083,2.474131679131936
10.620000000000216,0.004000000000001336,0.0,0.13037183309137546,0.6101788613136295,0.003743193588834948,0.006093416892440865,2.4802915658974842
10.624000000000217,0.004000000000001336,0.0,0.13038042530408145,0.6101734709744628,0.0037650488392624026,0.00547698648788811,2.4805979531310514
10.628000000000219,0.004000000000001336,0.0,0.13038848122698476,0.6101684258302289,0.0037846388269401807,0.004916617753854069,2.4805979531310514
10.63200000000022,0.004000000000001336,0.0,0.13039602308832782,0.6101636662940879,0.003802221009281961,0.004437123611920563,2.4804279679201033
10.636000000000221,0.004000000000001336,0.0,0.13040309699694005,0.6101591040870078,0.0038181613957018997,0.004047127504289295,2.4806690719720286
10.640000000000223,0.004000000000001336,0.0,0.13040968563694338,0.6101547048440864,0.0038327581341812515,0.003730234010909341,2.481142992050268
10.644000000000224,0.004000000000001336,0.0,0.13041546218013877,0.6101507860205749,0.003845438951898981,0.003027912506845613,2.5709939537114894
10.648000000000225,0.004000000000001336,0.0,0.13041988018398515,0.610147990692157,0.0038544184957658564,0.002141821361042641,2.5709939537114894
10.652000000000227,0.004000000000001336,0.0,0.13042328050872196,0.6101458945114194,0.003860699787819602,0.001505150781837743,2.5449626400976753
10.656000000000228,0.004000000000001336,0.0,0.13042559103352075,0.6101443848257793,0.0038650606339744667,0.0010415060608859065,2.529416356797893
10.66000000000023,0.004000000000001336,0.0,0.13042659792425693,0.6101434876638812,0.003868006188633996,0.0006803198206620847,2.53209709560489
10.66400000000023,0.004000000000001336,0.0,0.13042632287660325,0.6101431390238904,0.003869777926769345,0.00038522692875583815,2.5344500568595802
10.668000000000232,0.004000000000001336,0.0,0.13042488279594733,0.6101432335906692,0.003870539409659162,0.0001754295650362966,2.5366793181020366
10.672000000000233,0.004000000000001336,0.0,0.13042245817682016,0.6101436318254454,0.0038704233582845084,0.0001893660235939065,2.5366793181020366
10.676000000000235,0.004000000000001336,0.0,0.13041913281195266,0.6101442646715948,0.0038695250564940668,0.00034910405031839207,2.5366793181020366
10.680000000000236,0.004000000000001336,0.0,0.13041496584573756,0.6101450894411262,0.003867907442836447,0.0005233836147554265,2.543328363621298
10.684000000000237,0.004000000000001336,0.0,0.13040999732120157,0.6101460955171042,0.0038655852192686097,0.0006928179321613685,2.543328363621298
10.688000000000239,0.004000000000001336,0.0,0.13040524761815714,0.610146678345897,0.0038620988699621093,0.0010339724293299594,2.659364915618365
10.69200000000024,0.004000000000001336,0.0,0.13040298323952998,0.6101455302844847,0.00385623706927696,0.0015463972282346126,2.6729953694110593
10.696000000000241,0.004000000000001336,0.0,0.13040157413207362,0.6101435602685854,0.0038492538833372384,0.001822836367742787,2.6751213888058087
10.700000000000243,0.004000000000001336,0.0,0.13040022608478435,0.6101412578050109,0.0038414886773628153,0.0020283778278768435,2.6751213888058087
10.704000000000244,0.004000000000001336,0.0,0.13039876165676667,0.6101387310773274,0.0038329705620931396,0.00221950362051047,2.6751213888058087
10.708000000000245,0.004000000000001336,0.0,0.13039685840491344,0.6101361805436519,0.003823816891558841,0.002347165392234639,2.6800407869031466
10.712000000000247,0.004000000000001336,0.0,0.13039388892894618,0.6101340155085259,0.003814290408079729,0.0024150512283258683,2.6845287234034436
10.716000000000248,0.004000000000001336,0.0,0.13038970543795,0.6101323510303951,0.0038044278401739473,0.0024869064380382178,2.687642819238862
10.72000000000025,0.004000000000001336,0.0,0.13038440301073473,0.6101311398248878,0.0037941813867709163,0.002573697000814248,2.6887881942519605
10.72400000000025,0.004000000000001336,0.0,0.13037899521548027,0.6101305312387673,0.0037794528102962294,0.004701550962599367,2.8252395915627724
10.728000000000252,0.004000000000001336,0.0,0.13037679977694294,0.6101304030185484,0.003749872707075195,0.007889092308689102,2.9197659215056646
10.732000000000253,0.004000000000001336,0.0,0.1303785985581117,0.6101288667332617,0.003712715630579943,0.009522597097876132,2.91051682252273
10.736000000000255,0.004000000000001336,0.0,0.13038243666281504,0.6101267043564351,0.0036710958191278164,0.010664939058752914,2.91051682252273
10.740000000000256,0.004000000000001336,0.0,0.13038836056139316,0.6101239468887704,0.0036247156378757103,0.011877167558794829,2.91051682252273
10.744000000000257,0.004000000000001336,0.0,0.13039640864360255,0.6101206183142924,0.0035733508193335484,0.013142003087409823,2.91051682252273
10.748000000000259,0.004000000000001336,0.0,0.1304060024880166,0.6101169345581615,0.003518023660692515,0.013846530961039778,2.890168965861931
10.75200000000026,0.004000000000001336,0.0,0.13041472588417732,0.6101136616231576,0.0034635258183692433,0.013314675585742189,2.8729775620285483
10.756000000000261,0.004000000000001336,0.0,0.13042076531586191,0.6101113151312659,0.0034136866587537165,0.012150617112266317,2.8729775620285483
10.760000000000263,0.004000000000001336,0.0,0.13042404361207238,0.6101099303758701,0.0033685410978835087,0.010973128791603773,2.8729775620285483
10.764000000000264,0.004000000000001336,0.0,0.1304244851669624,0.6101095423628945,0.0033281259448888468,0.009791734906060195,2.8729775620285483
10.768000000000265,0.004000000000001336,0.0,0.13042090966211328,0.610111122712032,0.003292278293108562,0.008732073586715646,2.9883434712443155
10.772000000000267,0.004000000000001336,0.0,0.13041180101182584,0.6101164887739495,0.0032593813711033464,0.008271806176345216,2.9853227829597793
10.776000000000268,0.004000000000001336,0.0,0.13039952589944215,0.6101242885692959,0.0032279144708889916,0.007978725321798726,2.98308404677387
10.78000000000027,0.004000000000001336,0.0,0.13038607558262694,0.6101327657719758,0.0031990696336454552,0.0072573968182958375,2.9822949637273077
10.78400000000027,0.004000000000001336,0.0,0.1303754462361219,0.6101389744117525,0.0031737733369800385,0.006266590323364198,2.9822949637273077
10.788000000000272,0.004000000000001336,0.0,0.13036769436974951,0.6101429094630955,0.0031518498479741037,0.005350328523067975,2.9822949637273077
10.792000000000273,0.004000000000001336,0.0,0.13036195504506579,0.6101453381714415,0.00313244858358685,0.004802974909140994,2.97534840131713
10.796000000000275,0.004000000000001336,0.0,0.13035304139703327,0.6101501427642128,0.0031142073213181005,0.00477275278071954,2.9738694368601406
10.800000000000276,0.004000000000001336,0.0,0.13034030603810154,0.6101580639388782,0.003095942186819307,0.005010569839512269,2.97712334613503
10.804000000000277,0.004000000000001336,0.0,0.13032574853111542,0.6101675641769042,0.003078239487642896,0.004913717024190689,2.982502101571399
10.808000000000279,0.004000000000001336,0.0,0.1303125112883812,0.6101761053745905,0.003062977188307343,0.003982728187678173,3.0119473799792136
10.81200000000028,0.004000000000001336,0.0,0.13030262513599955,0.6101821056283365,0.003052011689310641,0.0028837941786205323,2.9951434545011977
10.816000000000281,0.004000000000001336,0.0,0.13029463827619558,0.6101868256747117,0.00304390163712418,0.0022022757473432538,2.9858511583787757
10.820000000000283,0.004000000000001336,0.0,0.1302877830799529,0.6101910369266692,0.0030375992789251683,0.0017941772995492768,2.981050075150572
10.824000000000284,0.004000000000001336,0.0,0.1302818067535149,0.6101950211959881,0.0030325930085798457,0.0015169108788013626,2.978066882292186
10.828000000000285,0.004000000000001336,0.0,0.13027664807936112,0.610198867767097,0.003028619351664826,0.0013067287663594653,2.975802056977751
10.832000000000287,0.004000000000001336,0.0,0.13027230451235797,0.6102026007102122,0.0030255257304950558,0.0011398676774273797,2.975802056977751
10.836000000000288,0.004000000000001336,0.0,0.1302687730811638,0.610206241046321,0.003023194831121083,0.0010105802649722543,2.975802056977751
10.84000000000029,0.004000000000001336,0.0,0.13026607570493612,0.6102097842952713,0.0030215397402763417,0.0009020960721080495,2.971829108262906
10.84400000000029,0.004000000000001336,0.0,0.1302642564810429,0.6102131860925433,0.0030205547308637206,0.0008061866916313341,2.9698932759133028
10.848000000000292,0.004000000000001336,0.0,0.1302638651140496,0.610216010201762,0.0030204810370982513,0.00053116265672222,2.881936070329313
10.852000000000293,0.004000000000001336,0.0,0.13026596964985712,0.6102173817831285,0.0030219825541596248,0.0004943989946345664,2.881936070329313
10.856000000000295,0.004000000000001336,0.0,0.13027001018531334,0.6102177214458419,0.0030247531401442354,0.0007331461755801257,2.874052809577489
10.860000000000296,0.004000000000001336,0.0,0.13027599069130005,0.6102170784858713,0.003028279355127792,0.0009482259295356169,2.8688148911881237
10.864000000000297,0.004000000000001336,0.0,0.13028342895140416,0.6102157662883189,0.003032367621028063,0.001127659286333519,2.863659800291616
10.868000000000299,0.004000000000001336,0.0,0.13029191518996994,0.610214035439481,0.003036983293140602,0.001288777336830079,2.8620229896590312
10.8720000000003,0.004000000000001336,0.0,0.1303012903228055,0.6102119722857823,0.0030421607223628014,0.001451707248312382,2.8602203384245377
10.876000000000301,0.004000000000001336,0.0,0.13031144900517377,0.6102096304077653,0.003047926158206157,0.0016137224042889371,2.8583796961547474
10.880000000000303,0.004000000000001336,0.0,0.1303223205496232,0.6102070464077473,0.0030542759906827272,0.001770005449202875,2.856556011404892
10.884000000000304,0.004000000000001336,0.0,0.13033217055601262,0.6102045616344874,0.0030649894818007284,0.0037030800866225595,2.7232755211791897
10.888000000000305,0.004000000000001336,0.0,0.13033611266502815,0.6102033745872726,0.0030895955902539908,0.006597499570956404,2.6412089537209402
10.892000000000307,0.004000000000001336,0.0,0.130335356751612,0.6102040928526926,0.003120966375490779,0.008037163112948616,2.646193008504067
10.896000000000308,0.004000000000001336,0.0,0.13033237872009537,0.6102056839442404,0.0031557298765584837,0.008779952446433101,2.654950384520894
10.90000000000031,0.004000000000001336,0.0,0.13032828832688104,0.610207704406507,0.0031923070630452115,0.009181784555434547,2.6613466278735776
10.90400000000031,0.004000000000001336,0.0,0.13032364716088032,0.6102099385090752,0.0032298795214570535,0.009401865273279896,2.6654651107856178
10.908000000000312,0.004000000000001336,0.0,0.13031880308829952,0.6102122516558147,0.0032679616259139502,0.009510563514045195,2.668133833933226
10.912000000000313,0.004000000000001336,0.0,0.13031400657411438,0.6102145444833869,0.0033062253331954676,0.00954157979231113,2.670035732441774
10.916000000000315,0.004000000000001336,0.0,0.13030945561146587,0.6102167373909492,0.0033444217505711705,0.009512726426765717,2.671589368174047
10.920000000000316,0.004000000000001336,0.0,0.13030531615623242,0.6102187614774875,0.00338235881873065,0.009437887647807727,2.6730262001818685
10.924000000000317,0.004000000000001336,0.0,0.13030333529979118,0.6102192518958226,0.003420267030414859,0.009526846063948886,2.521921708091238
10.928000000000319,0.004000000000001336,0.0,0.1303067821882986,0.6102154674763783,0.003458869718487998,0.009645991105952552,2.5201594613579235
10.93200000000032,0.004000000000001336,0.0,0.13031073591190948,0.6102111589507717,0.0034965804041806083,0.00940071441308427,2.5271810461664583
10.936000000000321,0.004000000000001336,0.0,0.13031459448821403,0.6102068454814744,0.0035329191012682328,0.00904965607912529,2.531608207167964
10.940000000000323,0.004000000000001336,0.0,0.1303183108247006,0.6102025942866414,0.0035677356116322455,0.008667245735467458,2.5340398017587136
10.944000000000324,0.004000000000001336,0.0,0.1303219155745366,0.6101983986040724,0.0036009808771330877,0.008275811826688552,2.535235968623566
10.948000000000325,0.004000000000001336,0.0,0.13032544075897154,0.6101942424981206,0.003632645672866598,0.007883292922863541,2.535733413333589
10.952000000000327,0.004000000000001336,0.0,0.13032891743627198,0.6101901102708902,0.0036627228812158505,0.007488941240226326,2.5358544033697648
10.956000000000328,0.004000000000001336,0.0,0.1303323772662308,0.6101859880136685,0.0036911947622003936,0.007090248014042207,2.5357795977196527
10.96000000000033,0.004000000000001336,0.0,0.13033585037019257,0.6101818646949284,0.003718034318342652,0.0066851793300299585,2.535612324187526
10.96400000000033,0.004000000000001336,0.0,0.13033920377175257,0.6101780802217519,0.003741576055958419,0.005439102746228242,2.501053892185506
10.968000000000332,0.004000000000001336,0.0,0.13034200313039257,0.6101754001485838,0.0037582883220655993,0.003926469905197939,2.5164441272996965
10.972000000000333,0.004000000000001336,0.0,0.13034441470788688,0.6101731919538584,0.003770663278898317,0.0029009451328564258,2.5164441272996965
10.976000000000335,0.004000000000001336,0.0,0.1303462610541314,0.6101713536644021,0.003779964384584323,0.0022700637713312824,2.5295763286505957
10.980000000000336,0.004000000000001336,0.0,0.13034769139213595,0.6101694664349375,0.0037877916653854047,0.0019202134411346041,2.5299817223009744
10.984000000000337,0.004000000000001336,0.0,0.13034856883460458,0.6101676288446916,0.003794294214015214,0.0016075818540634353,2.5313792485899334
10.988000000000339,0.004000000000001336,0.0,0.13034882636739298,0.6101658709595046,0.003799658709755519,0.0013377657361183495,2.533017239787074
10.99200000000034,0.004000000000001336,0.0,0.1303484269592823,0.610164204071245,0.0038040350885250917,0.001102115856282807,2.5347136429218184
10.996000000000342,0.004000000000001336,0.0,0.13034734817175095,0.6101626345476122,0.003807533507867485,0.0008919370779517755,2.536426781832866
11.000000000000343,0.004000000000001336,0.0,0.13034557533372013,0.610161167725356,0.0038102340977978133,0.0007010709495801714,2.5381474638204433
